// General information: 
//  MT Manager version: 2021.4.0 
//  XDA version: 2021.4.0 build 6323 rev 112641 built on 2021-09-28
// Device information: 
//  DeviceId: 00B43859
//  ProductCode: MTW2-3A7G6
//  Firmware Version: 4.3.4
//  Hardware Version: 1.1.0
// Device settings: 
//  Filter Profile: human(46.1)
//  Option Flags: Orientation Smoother Disabled, Position/Velocity Smoother Disabled, Continuous Zero Rotation Update Disabled, AHS Disabled, ICC Disabled
// Coordinate system: ENU
PacketCounter	Roll	Pitch	Yaw
21046	24.081510	-1.840525	11.500521
21047	24.995291	-2.881279	13.025227
21048	25.417557	-3.451956	14.142116
21049	25.182293	-3.260794	14.538793
21050	24.264643	-2.369472	14.389291
21051	22.903357	-1.141470	13.935136
21052	21.293643	0.293415	13.215157
21053	19.627071	1.881397	12.223546
21054	18.251883	3.279132	10.689013
21055	17.506655	4.301456	7.859359
21056	17.172727	5.660442	4.379608
21057	16.914628	6.941777	2.125821
21058	16.655366	7.347476	1.600266
21059	16.140344	7.138163	2.460763
21060	15.222251	6.964389	3.753104
21061	14.148915	7.036677	5.464898
21062	13.066481	7.340229	7.506508
21063	12.023770	7.728051	9.622123
21064	11.115001	7.863486	11.555733
21065	10.400418	7.865906	13.059545
21066	9.776720	7.996915	14.273539
21067	9.232137	7.738912	15.517147
21068	8.713727	7.444361	16.637999
21069	8.257667	7.316839	17.492486
21070	7.920132	7.364313	18.093382
21071	7.750883	7.589493	18.540459
21072	7.653111	7.770261	18.646885
21073	7.499254	7.947162	18.153438
21074	7.207797	8.293629	17.012927
21075	6.747134	8.716064	15.166689
21076	6.157294	9.103905	12.915148
21077	5.491179	9.461444	10.758747
21078	4.803454	9.753813	9.015266
21079	4.144643	9.937515	7.663662
21080	3.644514	9.971427	6.815113
21081	3.351079	9.897879	6.579002
21082	3.234628	9.705939	6.832066
21083	3.176773	9.424816	7.366810
21084	3.080909	9.190719	8.008945
21085	2.893940	9.049642	8.661698
21086	2.639879	8.962692	9.272777
21087	2.323331	8.965931	9.697027
21088	1.941929	9.025020	9.874014
21089	1.485341	9.121435	9.812822
21090	0.957609	9.244869	9.515171
21091	0.370674	9.379139	9.097803
21092	-0.241921	9.539158	8.651931
21093	-0.872748	9.715638	8.201381
21094	-1.504951	9.915429	7.785685
21095	-2.141466	10.111365	7.444206
21096	-2.745708	10.287416	7.208461
21097	-3.339779	10.451751	7.083589
21098	-3.922222	10.604131	7.077302
21099	-4.512248	10.755508	7.132859
21100	-5.111872	10.911169	7.193524
21101	-5.749095	11.078291	7.214537
21102	-6.421784	11.244710	7.199212
21103	-7.155217	11.404119	7.119780
21104	-7.957489	11.576077	6.965699
21105	-8.824057	11.752370	6.754781
21106	-9.741718	11.955304	6.533548
21107	-10.709581	12.175767	6.343028
21108	-11.716774	12.414308	6.207959
21109	-12.779864	12.665237	6.127949
21110	-13.896399	12.927162	6.078093
21111	-15.067352	13.181038	6.037603
21112	-16.295298	13.433729	5.987356
21113	-17.586789	13.664891	5.885528
21114	-18.935398	13.845714	5.709545
21115	-20.347238	13.989104	5.434928
21116	-21.841427	14.075804	5.063744
21117	-23.468016	14.073568	4.561529
21118	-25.247584	13.936988	3.911224
21119	-27.184153	13.732640	3.027637
21120	-29.166844	13.531741	2.124339
21121	-31.161232	13.422083	1.230517
21122	-33.161385	13.408393	0.360608
21123	-35.093691	13.458747	-0.444768
21124	-36.956285	13.543921	-1.317487
21125	-38.670031	13.658985	-2.255320
21126	-40.145042	13.981315	-3.075856
21127	-41.436336	14.703480	-3.765219
21128	-42.705893	15.741445	-4.334669
21129	-43.893683	16.718210	-4.898748
21130	-44.921602	17.323620	-5.373749
21131	-45.691927	17.460497	-5.716431
21132	-46.220554	17.119563	-5.964405
21133	-46.526978	16.554891	-6.055383
21134	-46.779068	15.921547	-6.188609
21135	-46.924873	15.255324	-6.422343
21136	-46.890978	14.594432	-6.706464
21137	-46.601770	14.048119	-6.931702
21138	-46.048246	13.695277	-7.008420
21139	-45.159743	13.649179	-6.834818
21140	-43.953245	13.912192	-6.343041
21141	-42.427492	14.381269	-5.556323
21142	-40.628891	14.982972	-4.529923
21143	-38.552845	15.583389	-3.331247
21144	-36.225145	16.027008	-2.058264
21145	-33.610278	16.250401	-0.750989
21146	-30.752721	16.269702	0.529426
21147	-27.697388	16.060173	1.718692
21148	-24.523384	15.599049	2.782022
21149	-21.216838	14.830563	3.723923
21150	-17.817168	13.787577	4.443065
21151	-14.336136	12.592651	4.919680
21152	-10.830431	11.415136	5.190313
21153	-7.315650	10.304119	5.318514
21154	-3.818399	9.291197	5.325079
21155	-0.317961	8.363361	5.282097
21156	3.184080	7.451141	5.251433
21157	6.681548	6.469394	5.323376
21158	10.074941	5.404402	5.523983
21159	13.238878	4.365714	5.837338
21160	16.053843	3.382244	6.441708
21161	18.566251	2.256884	7.350795
21162	20.767266	0.894610	8.380229
21163	22.587983	-0.479739	9.509048
21164	23.952467	-1.534256	10.704829
21165	24.835166	-2.243938	11.886176
21166	25.088989	-2.548384	12.832493
21167	24.590869	-2.173435	13.212010
21168	23.432401	-1.280216	13.192467
21169	21.874966	-0.156892	13.021576
21170	20.107213	1.157418	12.720424
21171	18.417124	2.556303	12.120153
21172	17.231780	3.585491	10.477619
21173	16.737018	4.421251	7.059513
21174	16.465954	5.772115	4.211087
21175	16.185922	6.600527	3.155318
21176	15.738239	6.619318	3.543649
21177	14.894039	6.470513	4.614992
21178	13.767000	6.433227	6.151633
21179	12.655578	6.661042	8.158080
21180	11.636052	7.196024	10.224053
21181	10.688619	7.679140	11.823203
21182	9.860339	8.088636	12.572108
21183	9.147854	8.148670	12.847256
21184	8.441391	7.870224	12.991167
21185	7.793727	7.694319	13.137885
21186	7.366591	7.574462	13.418858
21187	7.123930	7.665925	13.837066
21188	7.009101	7.991626	14.350175
21189	6.920110	8.104048	14.474166
21190	6.806305	8.098413	14.149560
21191	6.598836	8.229041	13.380600
21192	6.281996	8.523875	12.037173
21193	5.837685	8.845480	10.502519
21194	5.355867	9.063885	9.311409
21195	4.879851	9.168869	8.481688
21196	4.477387	9.208560	7.926950
21197	4.182301	9.191615	7.673496
21198	4.048118	9.091850	7.770526
21199	4.009269	8.912494	8.184042
21200	3.964350	8.738918	8.771113
21201	3.815998	8.615802	9.385607
21202	3.532565	8.592948	9.942805
21203	3.117854	8.652221	10.413667
21204	2.598680	8.782020	10.754106
21205	2.001037	8.970169	10.943654
21206	1.342255	9.201642	10.832429
21207	0.659837	9.413460	10.593687
21208	-0.012091	9.587206	10.261608
21209	-0.663834	9.722244	9.878139
21210	-1.276207	9.856326	9.511716
21211	-1.857231	10.026490	9.195511
21212	-2.410620	10.174121	8.977406
21213	-2.947843	10.296454	8.908129
21214	-3.497468	10.424324	8.935429
21215	-4.079200	10.577536	8.981024
21216	-4.703888	10.748647	9.002487
21217	-5.356643	10.916822	8.978325
21218	-6.048684	11.092443	8.885123
21219	-6.794227	11.265540	8.718102
21220	-7.611919	11.455887	8.470798
21221	-8.495640	11.641060	8.203062
21222	-9.437345	11.841031	7.920992
21223	-10.412505	12.040814	7.646849
21224	-11.436020	12.278021	7.377446
21225	-12.502203	12.524880	7.165498
21226	-13.627535	12.773508	7.006332
21227	-14.813525	13.014996	6.896581
21228	-16.059298	13.246720	6.812726
21229	-17.364524	13.473043	6.715843
21230	-18.733356	13.679175	6.592265
21231	-20.186438	13.867642	6.396130
21232	-21.751963	14.038167	6.125472
21233	-23.465803	14.113670	5.715878
21234	-25.337513	14.045829	5.113022
21235	-27.357480	13.859697	4.182400
21236	-29.410129	13.610813	3.094307
21237	-31.475405	13.417017	1.863552
21238	-33.527068	13.298710	0.600276
21239	-35.464574	13.179846	-0.554672
21240	-37.301067	13.049402	-1.679199
21241	-38.977619	12.984484	-2.816716
21242	-40.444894	13.142528	-3.915848
21243	-41.663801	13.689678	-4.849802
21244	-42.775487	14.661899	-5.646831
21245	-43.731300	15.557448	-6.304148
21246	-44.535055	15.971726	-6.823566
21247	-45.134710	15.883718	-7.204225
21248	-45.527660	15.166649	-7.451193
21249	-45.845968	14.260703	-7.647702
21250	-46.204949	13.494209	-7.868829
21251	-46.424354	12.762951	-8.066228
21252	-46.427879	12.063701	-8.286277
21253	-46.148351	11.582007	-8.484453
21254	-45.580808	11.495853	-8.454992
21255	-44.675301	11.857735	-8.009109
21256	-43.458354	12.591031	-7.155404
21257	-41.903141	13.564524	-6.007821
21258	-40.051986	14.588597	-4.672455
21259	-37.888887	15.504807	-3.237627
21260	-35.445150	16.220628	-1.758671
21261	-32.698696	16.619678	-0.309660
21262	-29.728531	16.697562	1.040203
21263	-26.595599	16.503751	2.294947
21264	-23.376380	16.001415	3.425847
21265	-20.076813	15.127135	4.366280
21266	-16.757491	13.969087	4.979348
21267	-13.434417	12.688918	5.228839
21268	-10.166520	11.429652	5.101417
21269	-6.920605	10.228600	4.661699
21270	-3.649197	9.104620	4.031697
21271	-0.284079	8.065286	3.309986
21272	3.172593	7.131692	2.609076
21273	6.718853	6.239377	2.082426
21274	10.247509	5.272413	1.882822
21275	13.578508	4.329226	1.965422
21276	16.523270	3.364954	2.630625
21277	19.090327	2.277063	3.748412
21278	21.261168	1.029267	5.158737
21279	22.966003	-0.395099	6.840452
21280	24.142212	-1.672916	8.618345
21281	24.818540	-2.642537	10.341329
21282	24.915805	-3.161101	11.705090
21283	24.354765	-2.959224	12.384708
21284	23.180162	-2.148943	12.537600
21285	21.601396	-1.001045	12.512886
21286	19.845121	0.414413	12.258804
21287	18.341259	1.777137	11.193837
21288	17.503324	2.664819	7.950623
21289	17.004559	4.131138	4.197867
21290	16.512141	5.728356	2.121270
21291	15.953701	6.271758	1.514172
21292	15.111099	6.537053	1.917239
21293	13.958047	6.629882	3.266374
21294	12.727151	6.652944	5.414818
21295	11.564527	6.946391	7.625179
21296	10.492058	7.304320	9.392593
21297	9.571413	7.726503	10.454422
21298	8.843016	7.808591	11.157255
21299	8.183617	7.453954	11.934631
21300	7.619365	7.139891	12.574857
21301	7.207204	7.053852	13.032008
21302	6.957811	7.102131	13.565506
21303	6.834138	7.446641	14.316194
21304	6.716934	7.595562	14.532795
21305	6.550418	7.519727	14.146334
21306	6.290828	7.650370	13.228888
21307	5.932702	7.917915	11.706795
21308	5.464084	8.205751	9.941646
21309	4.946626	8.455503	8.467957
21310	4.426692	8.662496	7.359899
21311	3.943214	8.808787	6.555744
21312	3.549524	8.875694	6.119830
21313	3.298544	8.825177	6.090363
21314	3.181612	8.707673	6.406053
21315	3.110507	8.577866	6.929265
21316	3.006965	8.482473	7.522920
21317	2.807297	8.442016	8.110006
21318	2.514021	8.431834	8.628813
21319	2.133779	8.465369	8.968258
21320	1.692656	8.566224	9.107467
21321	1.194167	8.731211	9.060232
21322	0.637041	8.920311	8.884736
21323	0.031226	9.090583	8.669483
21324	-0.594350	9.243143	8.316767
21325	-1.245501	9.401559	7.909870
21326	-1.884913	9.567309	7.547095
21327	-2.511876	9.726518	7.239574
21328	-3.126546	9.864204	6.989248
21329	-3.722773	9.989201	6.835572
21330	-4.311140	10.121045	6.782578
21331	-4.910433	10.263912	6.787394
21332	-5.540881	10.414990	6.802463
21333	-6.208305	10.579712	6.805722
21334	-6.928057	10.781956	6.755897
21335	-7.701052	10.979624	6.640617
21336	-8.533902	11.177494	6.454828
21337	-9.422223	11.373039	6.217329
21338	-10.350189	11.574375	5.954331
21339	-11.322283	11.782562	5.695781
21340	-12.354099	12.005060	5.458249
21341	-13.428119	12.221366	5.283970
21342	-14.550723	12.435607	5.148636
21343	-15.710590	12.631690	5.051613
21344	-16.927618	12.825140	4.952906
21345	-18.204367	12.993190	4.827952
21346	-19.525143	13.097074	4.658478
21347	-20.913160	13.173839	4.391582
21348	-22.411502	13.215331	4.017398
21349	-24.053830	13.109763	3.514439
21350	-25.859219	12.807872	2.827109
21351	-27.811272	12.437638	1.852839
21352	-29.833610	12.127289	0.785574
21353	-31.886448	11.956254	-0.256050
21354	-33.937584	11.863593	-1.194299
21355	-35.903743	11.824107	-2.009258
21356	-37.766305	11.850025	-2.801631
21357	-39.434126	12.025312	-3.606352
21358	-40.873376	12.512588	-4.421470
21359	-42.071471	13.394208	-5.056840
21360	-43.204608	14.641676	-5.505629
21361	-44.180994	15.785121	-5.742150
21362	-45.029866	16.426813	-5.912747
21363	-45.686695	16.595585	-6.087816
21364	-46.119088	16.204954	-6.196760
21365	-46.453362	15.626965	-6.325661
21366	-46.814823	15.082175	-6.586093
21367	-47.068053	14.429195	-6.979842
21368	-47.133728	13.754246	-7.454354
21369	-46.913464	13.198802	-7.830763
21370	-46.411709	12.868641	-7.987130
21371	-45.607706	12.815874	-7.894021
21372	-44.510267	13.026359	-7.511013
21373	-43.089763	13.477311	-6.831774
21374	-41.376901	14.152537	-5.897088
21375	-39.331033	14.927037	-4.754082
21376	-36.954282	15.608401	-3.491716
21377	-34.211323	16.072169	-2.169183
21378	-31.200513	16.282445	-0.883935
21379	-27.983214	16.247320	0.323626
21380	-24.665803	15.913256	1.421820
21381	-21.264912	15.166718	2.327129
21382	-17.859934	14.072528	2.940574
21383	-14.462838	12.810901	3.244482
21384	-11.124196	11.603830	3.274101
21385	-7.794351	10.488977	3.101385
21386	-4.421156	9.453001	2.866259
21387	-0.946645	8.459409	2.658552
21388	2.608799	7.507929	2.484996
21389	6.204474	6.565502	2.344215
21390	9.744472	5.518552	2.354230
21391	13.143237	4.385998	2.546582
21392	16.256853	3.225054	3.153840
21393	19.017964	1.962922	4.255520
21394	21.404063	0.541878	5.727364
21395	23.399463	-1.057067	7.372359
21396	24.933097	-2.570529	9.026982
21397	25.973319	-3.803000	10.622534
21398	26.447102	-4.657630	12.041525
21399	26.236903	-4.804774	12.903332
21400	25.300659	-4.147447	13.179304
21401	23.862803	-3.041289	13.123171
21402	22.130876	-1.682700	12.860050
21403	20.274915	-0.054614	12.445422
21404	18.639331	1.507590	11.719167
21405	17.725125	2.572576	9.726083
21406	17.480402	3.736687	6.385558
21407	17.316589	5.047213	3.926488
21408	17.064283	5.658409	3.336023
21409	16.582835	5.580541	4.173643
21410	15.615650	5.370924	5.486450
21411	14.411010	5.383456	7.096239
21412	13.196708	5.722420	8.950917
21413	12.060926	6.280417	10.800683
21414	11.072495	6.658840	12.375407
21415	10.297882	6.926027	13.419417
21416	9.643073	7.034957	14.221223
21417	9.060840	6.652516	15.183140
21418	8.507462	6.350799	16.170387
21419	8.012734	6.245299	17.043759
21420	7.606897	6.306936	17.766910
21421	7.394206	6.526113	18.488020
21422	7.337720	6.786739	18.981394
21423	7.316462	6.927725	18.892319
21424	7.196428	7.177717	18.165174
21425	6.929858	7.530244	16.739012
21426	6.484826	7.852678	14.843667
21427	5.942665	8.135753	13.098096
21428	5.354074	8.431242	11.799915
21429	4.746882	8.701847	10.880792
21430	4.210464	8.849007	10.299084
21431	3.818708	8.895917	10.074902
21432	3.599369	8.902072	10.232204
21433	3.468619	8.887864	10.705368
21434	3.320709	8.855555	11.307785
21435	3.101323	8.828565	11.908864
21436	2.808972	8.819863	12.448830
21437	2.465407	8.845832	12.848444
21438	2.081797	8.920204	13.037997
21439	1.671495	9.001274	13.005559
21440	1.244139	9.070918	12.778701
21441	0.789155	9.138169	12.397988
21442	0.306099	9.210997	11.950970
21443	-0.219466	9.307939	11.465929
21444	-0.773199	9.446021	11.042682
21445	-1.340197	9.597010	10.740406
21446	-1.918555	9.740111	10.441802
21447	-2.515780	9.876844	10.218522
21448	-3.125804	10.033047	10.048901
21449	-3.758899	10.194378	9.907920
21450	-4.395813	10.352630	9.832092
21451	-5.070759	10.546360	9.715413
21452	-5.796073	10.749963	9.565865
21453	-6.578365	10.969163	9.394887
21454	-7.431727	11.228973	9.187357
21455	-8.333308	11.481673	8.985990
21456	-9.294834	11.753997	8.754811
21457	-10.311410	12.048836	8.540199
21458	-11.379186	12.362474	8.382627
21459	-12.499199	12.674560	8.261488
21460	-13.667258	12.972264	8.175529
21461	-14.880203	13.259272	8.091151
21462	-16.159801	13.525546	7.973274
21463	-17.501790	13.741060	7.784579
21464	-18.888833	13.896430	7.516628
21465	-20.342678	14.010601	7.129144
21466	-21.922768	14.054585	6.625618
21467	-23.641146	13.953635	6.011392
21468	-25.518886	13.735198	5.220792
21469	-27.512417	13.449093	4.198783
21470	-29.517292	13.199881	3.191346
21471	-31.536888	13.091441	2.295019
21472	-33.589162	13.052443	1.455790
21473	-35.604987	13.073032	0.665659
21474	-37.561592	13.121648	-0.199071
21475	-39.337686	13.303926	-1.084693
21476	-40.829010	13.756796	-1.835104
21477	-42.068834	14.622954	-2.389970
21478	-43.270955	15.900055	-2.860832
21479	-44.354680	17.021584	-3.285129
21480	-45.278066	17.678493	-3.627778
21481	-45.988216	17.745623	-3.900603
21482	-46.471561	17.359061	-4.020181
21483	-46.757236	16.770034	-3.961674
21484	-46.969814	15.985199	-3.959013
21485	-47.028068	15.020888	-4.166036
21486	-46.906926	14.149256	-4.512081
21487	-46.528154	13.661944	-4.763541
21488	-45.868927	13.599255	-4.709437
21489	-44.854295	13.828401	-4.260026
21490	-43.526997	14.217666	-3.529727
21491	-41.876094	14.682228	-2.616785
21492	-39.940147	15.146121	-1.589009
21493	-37.677118	15.514140	-0.482465
21494	-35.104177	15.701124	0.691167
21495	-32.250755	15.647696	1.839492
21496	-29.242024	15.393828	2.870201
21497	-26.084211	14.911754	3.880492
21498	-22.841972	14.094979	4.789274
21499	-19.518076	12.961477	5.486655
21500	-16.148014	11.673000	5.942322
21501	-12.723126	10.374553	6.222458
21502	-9.280048	9.156415	6.336900
21503	-5.791205	8.081844	6.341919
21504	-2.262539	7.135163	6.366663
21505	1.308161	6.228144	6.443474
21506	4.861083	5.297773	6.528098
21507	8.355833	4.275451	6.647616
21508	11.729832	3.125186	6.883786
21509	14.901293	1.980899	7.232468
21510	17.731861	0.866102	7.926848
21511	20.213885	-0.399575	8.993021
21512	22.343027	-1.915848	10.280041
21513	24.087035	-3.503269	11.605600
21514	25.386838	-4.774032	12.822377
21515	26.224774	-5.620734	13.952455
21516	26.490471	-6.004019	14.812229
21517	26.071417	-5.625560	15.011472
21518	24.992124	-4.575183	14.656428
21519	23.478851	-3.246466	14.081249
21520	21.724313	-1.738248	13.314906
21521	19.920201	0.017816	12.391762
21522	18.491728	1.612246	10.990220
21523	17.956458	2.668291	8.089179
21524	18.022373	4.047316	4.489452
21525	18.059942	5.339382	2.580734
21526	17.916015	5.498757	2.958443
21527	17.280399	5.021751	4.560224
21528	16.061393	4.659736	6.230757
21529	14.714055	4.693660	8.018525
21530	13.430147	5.169204	9.833463
21531	12.165036	5.815701	11.480957
21532	11.145546	6.212876	12.744880
21533	10.456456	6.397611	13.660544
21534	9.971353	6.192588	14.711850
21535	9.532301	5.885364	16.053842
21536	9.098864	5.680414	17.509297
21537	8.635736	5.540228	18.648524
21538	8.231279	5.496020	19.460335
21539	8.053821	5.648464	20.207741
21540	8.051131	5.802892	20.563381
21541	8.033620	5.892497	20.245427
21542	7.896068	6.208534	19.195887
21543	7.589102	6.612789	17.401892
21544	7.115321	6.990187	15.216037
21545	6.536022	7.349089	13.206472
21546	5.879921	7.756035	11.670230
21547	5.206361	8.113356	10.681955
21548	4.667405	8.305273	10.229191
21549	4.321896	8.373830	10.257581
21550	4.161973	8.367213	10.736556
21551	4.087813	8.314118	11.529894
21552	3.980518	8.261626	12.448910
21553	3.780844	8.243399	13.345607
21554	3.491228	8.269858	14.087023
21555	3.124358	8.311901	14.533451
21556	2.678190	8.390580	14.613718
21557	2.161012	8.506752	14.333634
21558	1.603309	8.622492	13.739334
21559	1.009886	8.720221	12.967116
21560	0.397664	8.798782	12.181115
21561	-0.253995	8.882512	11.399766
21562	-0.929078	8.985654	10.669517
21563	-1.596806	9.076737	10.052370
21564	-2.229522	9.170160	9.597177
21565	-2.841796	9.301650	9.301938
21566	-3.447758	9.477909	9.167746
21567	-4.065751	9.661279	9.174339
21568	-4.693663	9.863420	9.282553
21569	-5.355597	10.090188	9.403814
21570	-6.076409	10.347148	9.479251
21571	-6.847096	10.613933	9.492423
21572	-7.661618	10.867246	9.413879
21573	-8.518468	11.113083	9.234259
21574	-9.434854	11.393718	8.987647
21575	-10.413313	11.680738	8.720657
21576	-11.443425	11.973179	8.494193
21577	-12.520695	12.266751	8.333371
21578	-13.660507	12.573812	8.225075
21579	-14.869559	12.871251	8.170783
21580	-16.136539	13.139385	8.150818
21581	-17.477181	13.386605	8.093655
21582	-18.867071	13.577113	7.979638
21583	-20.351936	13.754522	7.724576
21584	-21.963270	13.865331	7.359878
21585	-23.724088	13.841381	6.843106
21586	-25.654733	13.703435	6.071838
21587	-27.688782	13.485989	5.077162
21588	-29.731999	13.332859	4.090864
21589	-31.765604	13.255212	3.104835
21590	-33.794688	13.250348	2.148242
21591	-35.749048	13.244031	1.186909
21592	-37.617827	13.256335	0.137561
21593	-39.268116	13.422483	-0.866207
21594	-40.654219	13.864911	-1.737813
21595	-41.835479	14.705082	-2.369530
21596	-42.968564	15.909563	-2.936685
21597	-43.940187	16.891937	-3.423418
21598	-44.732710	17.392658	-3.878802
21599	-45.272371	17.314155	-4.226544
21600	-45.533239	16.808927	-4.272783
21601	-45.670527	16.130900	-4.192504
21602	-45.815929	15.367466	-4.235205
21603	-45.842520	14.498154	-4.474933
21604	-45.679007	13.691736	-4.815945
21605	-45.235215	13.208385	-5.018929
21606	-44.493687	13.153055	-4.889070
21607	-43.389314	13.451139	-4.323369
21608	-41.961746	13.997653	-3.400945
21609	-40.199816	14.693677	-2.208245
21610	-38.152813	15.425129	-0.863379
21611	-35.792865	16.058940	0.569511
21612	-33.133572	16.465451	2.045338
21613	-30.189511	16.579530	3.456764
21614	-27.079724	16.426079	4.769237
21615	-23.834157	15.941953	5.947722
21616	-20.519186	15.056815	6.912310
21617	-17.139322	13.796958	7.558240
21618	-13.762507	12.379293	7.825000
21619	-10.394101	11.002961	7.765430
21620	-7.056686	9.734836	7.435685
21621	-3.681350	8.541748	6.938173
21622	-0.242048	7.473881	6.352917
21623	3.276807	6.500614	5.765228
21624	6.832610	5.573242	5.242643
21625	10.361749	4.606934	4.964368
21626	13.708019	3.658709	4.945270
21627	16.721424	2.719087	5.458457
21628	19.328816	1.692242	6.540147
21629	21.543467	0.450122	8.054896
21630	23.316695	-1.096208	9.776628
21631	24.611438	-2.671568	11.526857
21632	25.427676	-3.887391	13.183393
21633	25.756146	-4.702140	14.677224
21634	25.486730	-4.900421	15.675125
21635	24.571562	-4.383509	16.063968
21636	23.147881	-3.411561	16.095721
21637	21.437404	-2.137710	15.920362
21638	19.733324	-0.643262	15.439197
21639	18.521267	0.648820	13.806560
21640	18.065925	1.583658	10.453620
21641	17.810472	3.120421	7.304733
21642	17.411513	4.476746	5.538497
21643	16.909801	4.925820	5.152554
21644	16.205947	5.011145	5.674645
21645	15.203928	5.025410	6.734341
21646	14.053586	5.284317	8.219260
21647	12.890360	5.835706	9.842573
21648	11.806451	6.304647	11.302403
21649	10.960975	6.492119	12.416015
21650	10.294655	6.724846	13.334015
21651	9.784366	6.541829	14.530309
21652	9.333563	6.101400	15.841212
21653	8.888893	5.822875	16.964297
21654	8.476115	5.778695	17.926769
21655	8.179832	5.862885	18.866666
21656	8.069046	6.002843	19.870801
21657	8.057258	6.054569	20.488915
21658	8.023780	6.101878	20.511414
21659	7.890001	6.411146	19.873235
21660	7.628800	6.799748	18.544739
21661	7.199039	7.170297	16.757320
21662	6.690290	7.537070	15.030829
21663	6.127329	7.907092	13.639124
21664	5.560645	8.220106	12.612075
21665	5.071140	8.367307	11.905043
21666	4.748852	8.350843	11.584063
21667	4.581337	8.283822	11.666158
21668	4.500612	8.203642	12.054206
21669	4.394327	8.098635	12.583063
21670	4.213702	8.002337	13.111089
21671	3.934078	7.941250	13.522264
21672	3.569224	7.927826	13.708325
21673	3.129702	7.942917	13.568203
21674	2.639535	7.991372	13.166484
21675	2.110264	8.083355	12.709641
21676	1.556763	8.211736	12.246852
21677	0.943670	8.352557	11.700730
21678	0.277335	8.494198	11.082169
21679	-0.409854	8.657775	10.490286
21680	-1.091069	8.835997	10.003981
21681	-1.736771	9.013270	9.606105
21682	-2.365477	9.191336	9.279193
21683	-2.990126	9.384689	9.081043
21684	-3.610183	9.583073	9.043323
21685	-4.235481	9.780649	9.081087
21686	-4.894306	10.004573	9.123766
21687	-5.602680	10.229036	9.130543
21688	-6.367332	10.472106	9.086874
21689	-7.185919	10.739641	8.987827
21690	-8.048016	11.005787	8.807117
21691	-8.964495	11.287766	8.580192
21692	-9.946635	11.593254	8.346412
21693	-10.984026	11.899312	8.166581
21694	-12.066283	12.193581	8.054177
21695	-13.197562	12.494774	7.986045
21696	-14.372197	12.794540	7.943446
21697	-15.587933	13.070823	7.896337
21698	-16.861666	13.325045	7.794678
21699	-18.176431	13.529380	7.620763
21700	-19.558747	13.712905	7.331530
21701	-21.056799	13.869614	6.898749
21702	-22.704826	13.899992	6.346315
21703	-24.474009	13.756081	5.690962
21704	-26.396959	13.523991	4.765287
21705	-28.368738	13.264595	3.709592
21706	-30.369228	13.118547	2.638315
21707	-32.381801	13.046756	1.600017
21708	-34.379258	13.037268	0.647842
21709	-36.301075	13.061561	-0.310897
21710	-38.109528	13.103315	-1.328551
21711	-39.655274	13.338539	-2.268351
21712	-40.913010	13.877549	-3.023717
21713	-42.035318	14.745534	-3.567887
21714	-43.156224	15.836187	-4.146188
21715	-44.121932	16.635383	-4.717840
21716	-44.857803	16.992748	-5.135473
21717	-45.252038	16.785403	-5.256041
21718	-45.419423	16.291779	-5.122593
21719	-45.533900	15.678189	-5.003414
21720	-45.627899	14.968724	-5.014473
21721	-45.575947	14.142311	-5.183027
21722	-45.322615	13.396858	-5.406267
21723	-44.782647	12.954803	-5.459935
21724	-43.940593	12.891966	-5.191642
21725	-42.744848	13.174933	-4.534541
21726	-41.243349	13.747784	-3.572077
21727	-39.421633	14.462438	-2.379772
21728	-37.299733	15.154145	-1.002025
21729	-34.854503	15.695129	0.483646
21730	-32.119657	15.982078	1.998839
21731	-29.118255	15.972843	3.452635
21732	-25.961691	15.702762	4.817556
21733	-22.684193	15.152937	6.053453
21734	-19.340601	14.241115	7.105903
21735	-15.932157	12.995164	7.885570
21736	-12.539516	11.606584	8.293738
21737	-9.183560	10.238025	8.357735
21738	-5.877503	8.957416	8.125529
21739	-2.539104	7.770181	7.694969
21740	0.843918	6.698921	7.154485
21741	4.276131	5.746221	6.575027
21742	7.714478	4.893893	6.042972
21743	11.120553	4.001162	5.734889
21744	14.370544	3.102390	5.613007
21745	17.336710	2.206498	5.861081
21746	19.938809	1.182231	6.541256
21747	22.188693	-0.043503	7.522838
21748	24.068233	-1.420029	8.664269
21749	25.546926	-2.667569	9.845991
21750	26.603300	-3.560472	10.988200
21751	27.181959	-4.145438	12.074043
21752	27.116955	-4.197608	12.872792
21753	26.335933	-3.613440	13.269064
21754	25.009987	-2.651116	13.412764
21755	23.359779	-1.416996	13.402119
21756	21.601015	0.033769	13.224253
21757	20.156978	1.353134	12.549065
21758	19.486411	2.340918	10.256078
21759	19.330075	3.769050	7.269077
21760	19.223004	4.985879	5.987552
21761	18.979855	5.071262	6.304988
21762	18.396333	4.715820	7.515559
21763	17.464250	4.521260	8.932808
21764	16.365016	4.596093	10.646636
21765	15.250218	4.956115	12.684579
21766	14.152603	5.452890	14.832795
21767	13.164002	5.675288	16.689340
21768	12.377360	5.864593	17.879234
21769	11.661355	5.906148	18.757240
21770	10.966519	5.612746	19.642241
21771	10.322806	5.489320	20.354357
21772	9.864480	5.429659	20.898724
21773	9.627241	5.588087	21.392355
21774	9.583315	6.027603	21.844677
21775	9.539379	6.231757	21.651604
21776	9.398329	6.308295	20.915254
21777	9.132692	6.639715	19.599984
21778	8.748547	7.075866	17.638668
21779	8.208165	7.489518	15.506625
21780	7.622076	7.781474	13.832888
21781	7.043207	8.007308	12.639822
21782	6.536521	8.192325	11.816915
21783	6.143892	8.259712	11.439559
21784	5.910994	8.217371	11.538582
21785	5.760566	8.121239	11.982881
21786	5.607177	8.010637	12.584851
21787	5.368408	7.937887	13.130642
21788	5.051216	7.936685	13.645939
21789	4.682660	7.988229	14.075335
21790	4.279353	8.121883	14.328287
21791	3.842865	8.287383	14.386892
21792	3.374006	8.480347	14.269612
21793	2.860715	8.672922	14.033724
21794	2.315636	8.853491	13.732233
21795	1.737810	9.046106	13.423573
21796	1.153333	9.261855	13.128384
21797	0.578727	9.449024	12.894183
21798	0.029142	9.630016	12.706753
21799	-0.518220	9.808011	12.570409
21800	-1.085813	9.986986	12.472901
21801	-1.686662	10.164611	12.409627
21802	-2.291519	10.348952	12.366325
21803	-2.928487	10.560018	12.279716
21804	-3.586682	10.791693	12.170020
21805	-4.295169	11.022250	12.031126
21806	-5.070565	11.235095	11.837230
21807	-5.908251	11.461386	11.594783
21808	-6.801684	11.716161	11.329760
21809	-7.757701	12.001062	11.059940
21810	-8.779386	12.326174	10.806905
21811	-9.858415	12.650647	10.584508
21812	-10.975340	12.963797	10.385080
21813	-12.144525	13.273019	10.188943
21814	-13.366286	13.566011	9.999724
21815	-14.646291	13.828526	9.791150
21816	-15.973923	14.063719	9.540737
21817	-17.351081	14.260270	9.208263
21818	-18.788828	14.414266	8.777222
21819	-20.324886	14.522044	8.219721
21820	-22.000662	14.516080	7.524134
21821	-23.807757	14.350452	6.688510
21822	-25.808362	14.141127	5.544157
21823	-27.863053	13.899641	4.336956
21824	-29.942120	13.749361	3.141342
21825	-32.008486	13.668225	1.987179
21826	-34.014381	13.650165	0.946228
21827	-35.918312	13.673902	-0.061585
21828	-37.716077	13.773391	-1.119796
21829	-39.259118	14.097379	-2.071776
21830	-40.572629	14.816788	-2.859458
21831	-41.785222	15.965183	-3.529868
21832	-42.917612	17.074959	-4.171183
21833	-43.857251	17.688992	-4.722154
21834	-44.591959	17.821443	-5.154471
21835	-45.039480	17.271461	-5.446697
21836	-45.374634	16.448375	-5.682701
21837	-45.728907	15.700740	-5.995117
21838	-46.013706	14.971552	-6.388627
21839	-46.041795	14.262329	-6.772281
21840	-45.778860	13.725523	-7.084073
21841	-45.155985	13.463539	-7.154566
21842	-44.196198	13.546994	-6.866273
21843	-42.881840	13.936979	-6.213718
21844	-41.256603	14.547531	-5.259457
21845	-39.314410	15.260970	-4.062423
21846	-37.110629	15.936975	-2.737863
21847	-34.602494	16.412486	-1.343654
21848	-31.833886	16.616198	0.034417
21849	-28.851994	16.564244	1.327930
21850	-25.772753	16.286779	2.503777
21851	-22.589817	15.701897	3.582120
21852	-19.358721	14.736347	4.434178
21853	-16.091224	13.500976	4.952037
21854	-12.841274	12.254688	5.155426
21855	-9.580896	11.090054	5.194218
21856	-6.298854	10.002978	5.161141
21857	-2.946203	8.992077	5.108610
21858	0.461407	8.072966	5.086359
21859	3.923403	7.149607	5.168517
21860	7.365626	6.080424	5.362910
21861	10.707295	4.847666	5.706283
21862	13.826131	3.606766	6.226319
21863	16.612149	2.391176	7.024292
21864	19.028847	1.196390	8.022108
21865	21.116124	-0.076196	9.154958
21866	22.900476	-1.485110	10.270832
21867	24.387227	-2.801059	11.259067
21868	25.525216	-3.708912	12.140210
21869	26.229837	-4.219355	12.887062
21870	26.378811	-4.263202	13.297901
21871	25.897974	-3.749877	13.272131
21872	24.871252	-2.866391	12.975385
21873	23.449260	-1.728834	12.602600
21874	21.816964	-0.338744	12.138214
21875	20.370603	1.061819	11.279541
21876	19.580479	2.108706	8.730354
21877	19.245943	3.332296	5.308558
21878	18.900592	4.674356	3.037834
21879	18.415131	5.336692	2.097114
21880	17.711417	5.532639	2.196608
21881	16.766956	5.685348	2.849444
21882	15.669059	5.856306	3.995288
21883	14.547622	6.183017	5.473154
21884	13.469882	6.609410	7.021498
21885	12.537376	6.709516	8.502866
21886	11.844031	6.592231	9.738470
21887	11.231223	6.572577	10.867814
21888	10.659255	6.332341	12.171091
21889	10.119673	5.918572	13.518046
21890	9.643619	5.659818	14.794773
21891	9.261356	5.635002	16.084820
21892	9.045901	5.778954	17.318289
21893	8.971570	5.953341	18.278297
21894	8.957612	6.021073	18.504588
21895	8.858635	6.136815	17.910454
21896	8.610549	6.516127	16.551949
21897	8.158096	6.994196	14.603459
21898	7.568933	7.419146	12.435804
21899	6.917296	7.790016	10.506904
21900	6.250755	8.161439	8.950806
21901	5.656695	8.364513	7.817372
21902	5.251246	8.360116	7.218555
21903	5.010638	8.277722	7.154972
21904	4.865099	8.138342	7.524551
21905	4.707650	7.955598	8.146018
21906	4.474056	7.780870	8.832915
21907	4.123742	7.675232	9.454843
21908	3.698185	7.645811	9.953200
21909	3.213015	7.706978	10.291021
21910	2.689711	7.811385	10.421179
21911	2.121623	7.925682	10.323565
21912	1.519467	8.076308	10.014868
21913	0.874524	8.249633	9.543123
21914	0.196704	8.415552	8.951881
21915	-0.503209	8.579886	8.306525
21916	-1.194120	8.738297	7.692624
21917	-1.888709	8.928087	7.167454
21918	-2.558049	9.113556	6.793442
21919	-3.207169	9.297066	6.622326
21920	-3.831384	9.474251	6.617242
21921	-4.463624	9.643742	6.699046
21922	-5.128808	9.832456	6.771447
21923	-5.844471	10.031123	6.800212
21924	-6.592292	10.218321	6.766239
21925	-7.387295	10.400944	6.637702
21926	-8.241079	10.607278	6.434296
21927	-9.177762	10.858140	6.206033
21928	-10.177023	11.120728	6.013306
21929	-11.242967	11.386759	5.833217
21930	-12.366478	11.661075	5.681586
21931	-13.534130	11.937062	5.602560
21932	-14.749201	12.225852	5.579666
21933	-16.013598	12.487421	5.575669
21934	-17.333198	12.722160	5.540274
21935	-18.692395	12.897080	5.441409
21936	-20.135798	13.053537	5.235602
21937	-21.692751	13.149606	4.935675
21938	-23.412849	13.132097	4.484947
21939	-25.287157	12.968994	3.760296
21940	-27.260139	12.694593	2.795152
21941	-29.254832	12.476735	1.766843
21942	-31.291309	12.408319	0.716824
21943	-33.293339	12.414744	-0.246051
21944	-35.207136	12.458831	-1.142268
21945	-36.987943	12.533824	-2.090933
21946	-38.550055	12.773387	-2.965230
21947	-39.840269	13.315813	-3.681692
21948	-41.024444	14.294147	-4.143919
21949	-42.165896	15.539030	-4.515269
21950	-43.210499	16.526656	-4.821801
21951	-44.061102	17.011217	-5.032380
21952	-44.643444	16.951107	-5.049631
21953	-44.974201	16.527549	-4.888140
21954	-45.270538	16.105626	-4.735673
21955	-45.522724	15.700320	-4.689927
21956	-45.624995	15.199131	-4.760783
21957	-45.489194	14.656076	-4.883126
21958	-45.112086	14.290050	-4.882392
21959	-44.442103	14.269971	-4.578616
21960	-43.458642	14.619432	-3.836877
21961	-42.078056	15.175628	-2.628117
21962	-40.355960	15.814465	-1.167388
21963	-38.335507	16.476224	0.370441
21964	-36.042005	17.025612	1.953771
21965	-33.430803	17.305366	3.550726
21966	-30.563018	17.260365	5.011764
21967	-27.480645	16.905168	6.289634
21968	-24.278091	16.246320	7.387831
21969	-20.995565	15.210221	8.258768
21970	-17.738130	13.796216	8.716634
21971	-14.515079	12.212850	8.683016
21972	-11.299873	10.660829	8.235804
21973	-8.015061	9.248902	7.537237
21974	-4.623593	8.019721	6.775784
21975	-1.076282	6.962983	6.062533
21976	2.595966	6.089714	5.477945
21977	6.360997	5.351624	5.075754
21978	10.114109	4.660268	4.919189
21979	13.745049	3.857024	5.125840
21980	17.083225	2.839905	5.757821
21981	19.995611	1.688399	6.761435
21982	22.480056	0.448670	8.022709
21983	24.552976	-1.033229	9.399931
21984	26.145340	-2.516032	10.802792
21985	27.213194	-3.635229	12.188303
21986	27.706148	-4.362599	13.545107
21987	27.486090	-4.418150	14.521341
21988	26.500281	-3.631040	14.800644
21989	24.989556	-2.454797	14.791656
21990	23.157083	-1.004018	14.691357
21991	21.315335	0.618331	14.303772
21992	19.997526	1.928194	12.921923
21993	19.542903	2.934658	9.611424
21994	19.422038	4.478814	6.370261
21995	19.147995	5.735717	4.662795
21996	18.671197	6.076299	4.512598
21997	17.881517	5.970946	5.258255
21998	16.756450	5.856412	6.462748
21999	15.600070	6.027639	8.078904
22000	14.467058	6.518492	10.004768
22001	13.418921	6.936981	12.050206
22002	12.655765	6.967419	13.754068
22003	12.082005	6.885059	15.041008
22004	11.532275	6.509165	16.462173
22005	10.926174	6.046176	17.855563
22006	10.317185	5.760066	18.978626
22007	9.831708	5.621998	19.794521
22008	9.608441	5.662897	20.509497
22009	9.522426	5.905434	21.076108
22010	9.471845	5.976009	21.017862
22011	9.335217	6.114301	20.407947
22012	9.070549	6.514048	19.055026
22013	8.618086	6.904823	17.067942
22014	8.036076	7.254567	14.989654
22015	7.392138	7.649200	13.277274
22016	6.737323	8.056980	11.983628
22017	6.141359	8.312455	11.058771
22018	5.706357	8.389100	10.548876
22019	5.439060	8.364721	10.494163
22020	5.272180	8.290861	10.838134
22021	5.088201	8.211239	11.378279
22022	4.849777	8.152203	11.949948
22023	4.546501	8.151884	12.466366
22024	4.211087	8.179558	12.846128
22025	3.839083	8.194988	12.993788
22026	3.421895	8.233281	12.931864
22027	2.956906	8.317221	12.732294
22028	2.462160	8.439961	12.412368
22029	1.919073	8.561547	12.011951
22030	1.340236	8.709078	11.556859
22031	0.727075	8.864702	11.111631
22032	0.114137	9.014730	10.721776
22033	-0.502902	9.160912	10.396453
22034	-1.112391	9.323234	10.143811
22035	-1.726730	9.496150	9.955530
22036	-2.344894	9.643481	9.830731
22037	-2.988922	9.797993	9.750736
22038	-3.666204	9.975050	9.647018
22039	-4.396826	10.176258	9.513626
22040	-5.167444	10.390635	9.358733
22041	-6.002103	10.625369	9.165603
22042	-6.880510	10.865861	8.936556
22043	-7.816386	11.143799	8.675803
22044	-8.795496	11.439430	8.452737
22045	-9.828100	11.751629	8.273291
22046	-10.901072	12.058325	8.156380
22047	-12.003682	12.368330	8.085817
22048	-13.139490	12.686008	8.069955
22049	-14.336284	12.993668	8.055099
22050	-15.601829	13.258628	8.008746
22051	-16.962954	13.495365	7.844968
22052	-18.401747	13.671729	7.554547
22053	-19.945567	13.791269	7.118689
22054	-21.638687	13.835477	6.504206
22055	-23.512912	13.768465	5.669047
22056	-25.534145	13.617195	4.642850
22057	-27.604571	13.419329	3.553273
22058	-29.702640	13.257943	2.437238
22059	-31.781885	13.177445	1.365109
22060	-33.826081	13.138126	0.337243
22061	-35.793708	13.092857	-0.682582
22062	-37.662297	13.093600	-1.690768
22063	-39.285343	13.299685	-2.564373
22064	-40.681243	13.836521	-3.249858
22065	-41.932728	14.766736	-3.689915
22066	-43.126057	15.913136	-4.126045
22067	-44.128047	16.670681	-4.561637
22068	-44.874506	16.920268	-5.003609
22069	-45.299493	16.631745	-5.398441
22070	-45.493748	16.099829	-5.584382
22071	-45.581110	15.469652	-5.710797
22072	-45.602691	14.760290	-5.880727
22073	-45.462962	13.995597	-6.129944
22074	-45.143651	13.387277	-6.401356
22075	-44.553334	13.088389	-6.490956
22076	-43.650196	13.073577	-6.221006
22077	-42.396621	13.336074	-5.564790
22078	-40.813741	13.867855	-4.578381
22079	-38.881817	14.538552	-3.322742
22080	-36.651966	15.189425	-1.925941
22081	-34.128190	15.660749	-0.467740
22082	-31.357060	15.848391	0.984457
22083	-28.367971	15.714821	2.347293
22084	-25.280072	15.314319	3.529056
22085	-22.091646	14.661932	4.590526
22086	-18.797001	13.722405	5.549520
22087	-15.410770	12.509603	6.252648
22088	-12.017247	11.180646	6.627622
22089	-8.644415	9.892012	6.728424
22090	-5.301306	8.693057	6.637727
22091	-1.926662	7.587526	6.441162
22092	1.492429	6.575281	6.169018
22093	4.965187	5.645729	5.853964
22094	8.434571	4.779828	5.540730
22095	11.842869	3.872870	5.411972
22096	15.093279	2.913847	5.461742
22097	18.058522	1.963399	5.875834
22098	20.641898	0.946035	6.759359
22099	22.851192	-0.280376	8.015305
22100	24.659634	-1.772903	9.489688
22101	26.015541	-3.253817	10.995653
22102	26.910628	-4.409393	12.422824
22103	27.347224	-5.182425	13.700799
22104	27.197533	-5.364207	14.561351
22105	26.379354	-4.830791	14.935868
22106	25.027555	-3.834349	14.957059
22107	23.367655	-2.580113	14.752592
22108	21.594634	-1.084735	14.379321
22109	20.136439	0.371936	13.450408
22110	19.521964	1.456755	10.550337
22111	19.416909	2.877303	6.888233
22112	19.265791	4.345912	4.948631
22113	18.955539	4.816549	4.600913
22114	18.332204	4.826461	5.256254
22115	17.323038	4.777197	6.363033
22116	16.123828	4.882041	7.882724
22117	14.929520	5.303605	9.649740
22118	13.774936	5.809468	11.482338
22119	12.798569	5.916183	13.131622
22120	12.056821	5.920369	14.436558
22121	11.359829	6.004208	15.655682
22122	10.695507	5.749393	17.021418
22123	10.088343	5.319393	18.241786
22124	9.600402	5.047363	19.232348
22125	9.284859	4.986027	20.172613
22126	9.193050	5.152563	21.065992
22127	9.199967	5.274685	21.683040
22128	9.220371	5.220376	21.678599
22129	9.139437	5.426244	21.015956
22130	8.948116	5.875562	19.522241
22131	8.576706	6.331500	17.348815
22132	8.057991	6.765315	14.939702
22133	7.496176	7.206792	12.821333
22134	6.943172	7.609474	11.234052
22135	6.473874	7.831559	10.320053
22136	6.172859	7.827329	10.058317
22137	6.031319	7.685241	10.257334
22138	5.988318	7.498298	10.791637
22139	5.915833	7.287177	11.587006
22140	5.759745	7.092878	12.523403
22141	5.486474	7.012249	13.430698
22142	5.093117	7.090213	14.119311
22143	4.584299	7.272618	14.503858
22144	3.995050	7.476701	14.603760
22145	3.370660	7.664024	14.474282
22146	2.744632	7.838123	14.160508
22147	2.091743	8.027586	13.602769
22148	1.404349	8.195158	12.819940
22149	0.682436	8.322445	11.956052
22150	-0.050003	8.495163	11.056552
22151	-0.754256	8.683485	10.288773
22152	-1.407154	8.878596	9.764401
22153	-2.026519	9.071153	9.466206
22154	-2.631597	9.272435	9.391424
22155	-3.262354	9.479688	9.455023
22156	-3.931131	9.695174	9.578766
22157	-4.634997	9.934800	9.700003
22158	-5.379592	10.192454	9.776757
22159	-6.178811	10.446069	9.762732
22160	-7.038120	10.725595	9.635801
22161	-7.961526	11.033288	9.433502
22162	-8.938631	11.362589	9.216253
22163	-9.962386	11.696346	9.026584
22164	-11.037855	12.043182	8.841219
22165	-12.160789	12.390478	8.693076
22166	-13.345812	12.732522	8.570654
22167	-14.591035	13.043228	8.503819
22168	-15.892367	13.320266	8.414572
22169	-17.256901	13.547937	8.245206
22170	-18.683862	13.714657	7.960765
22171	-20.211414	13.800801	7.520154
22172	-21.896391	13.778988	6.919125
22173	-23.734168	13.640443	6.142242
22174	-25.739981	13.426205	5.083572
22175	-27.810674	13.176211	3.949629
22176	-29.911338	12.992402	2.845148
22177	-32.045996	12.899674	1.775831
22178	-34.177392	12.891348	0.764761
22179	-36.195076	12.860656	-0.237887
22180	-38.026190	12.889781	-1.252658
22181	-39.502795	13.129211	-2.175160
22182	-40.680443	13.693809	-2.900639
22183	-41.737393	14.691967	-3.461048
22184	-42.759504	15.862652	-4.018509
22185	-43.631853	16.645205	-4.532557
22186	-44.309540	16.895863	-4.963353
22187	-44.665639	16.519724	-5.130180
22188	-44.860794	15.903179	-5.047106
22189	-45.033800	15.232020	-4.988859
22190	-45.161768	14.513162	-5.066084
22191	-45.104030	13.730709	-5.266666
22192	-44.809654	13.112238	-5.445105
22193	-44.187094	12.828430	-5.389461
22194	-43.235057	12.890674	-4.947818
22195	-41.938961	13.251267	-4.135023
22196	-40.368722	13.832679	-3.058739
22197	-38.492831	14.534251	-1.774922
22198	-36.326998	15.190832	-0.330325
22199	-33.831903	15.645415	1.191302
22200	-31.039863	15.811857	2.687271
22201	-27.980352	15.694693	4.103128
22202	-24.761076	15.301853	5.410657
22203	-21.413643	14.573072	6.570885
22204	-18.004430	13.474725	7.513610
22205	-14.560320	12.093591	8.139959
22206	-11.139566	10.643979	8.394219
22207	-7.719335	9.279837	8.352268
22208	-4.278224	8.032228	8.099158
22209	-0.778310	6.908569	7.695982
22210	2.777708	5.947329	7.221701
22211	6.374649	5.119673	6.736501
22212	9.950895	4.313409	6.315327
22213	13.437508	3.396042	6.068225
22214	16.697958	2.483138	5.966694
22215	19.589697	1.588896	6.283965
22216	22.101151	0.524797	7.025665
22217	24.238361	-0.807238	7.961882
22218	25.948947	-2.214829	8.994088
22219	27.210336	-3.372440	10.108968
22220	27.988788	-4.169850	11.284219
22221	28.183323	-4.559463	12.315917
22222	27.659146	-4.229562	12.901786
22223	26.460934	-3.338438	13.159922
22224	24.852875	-2.263266	13.295176
22225	23.041070	-0.938250	13.286083
22226	21.328765	0.528390	12.960762
22227	20.214445	1.686586	11.555999
22228	19.969259	2.649333	8.401611
22229	20.007378	4.176944	5.374206
22230	19.953786	5.262595	4.196347
22231	19.710083	5.148038	4.902946
22232	18.947674	4.659737	6.280186
22233	17.797528	4.433257	7.968072
22234	16.564205	4.564462	10.043408
22235	15.320621	5.038989	12.270742
22236	14.076027	5.380781	14.246612
22237	13.063393	5.311509	15.686365
22238	12.240007	5.449051	16.667700
22239	11.546632	5.244189	17.773032
22240	10.922789	4.911270	18.900758
22241	10.382049	4.732234	19.812398
22242	9.943950	4.667302	20.505778
22243	9.660164	4.887588	21.121258
22244	9.516993	5.196701	21.642631
22245	9.418375	5.364986	21.573672
22246	9.248054	5.650627	20.871197
22247	8.973885	6.147576	19.512409
22248	8.567511	6.656493	17.600168
22249	8.024491	7.112904	15.487893
22250	7.425435	7.516453	13.611729
22251	6.813267	7.839728	12.212255
22252	6.292604	8.043994	11.342365
22253	5.897689	8.104710	10.964183
22254	5.658518	8.027283	10.983114
22255	5.516571	7.884616	11.307197
22256	5.408111	7.730165	11.824253
22257	5.262765	7.580130	12.464810
22258	5.078209	7.456677	13.135598
22259	4.834564	7.409478	13.737068
22260	4.541941	7.394471	14.146651
22261	4.166472	7.441063	14.285385
22262	3.721221	7.551480	14.192584
22263	3.221952	7.690854	13.953931
22264	2.673468	7.872358	13.612692
22265	2.048151	8.080227	13.227199
22266	1.379957	8.273509	12.840829
22267	0.703673	8.447927	12.452181
22268	0.035941	8.638236	12.010712
22269	-0.621920	8.842371	11.653690
22270	-1.259315	9.054336	11.406993
22271	-1.900285	9.235700	11.255163
22272	-2.543735	9.429484	11.189299
22273	-3.222517	9.677747	11.170842
22274	-3.955826	9.963379	11.183041
22275	-4.753088	10.254563	11.175256
22276	-5.593626	10.542235	11.113594
22277	-6.481685	10.810924	10.980797
22278	-7.431137	11.119338	10.788027
22279	-8.460177	11.451351	10.563884
22280	-9.556578	11.796672	10.333849
22281	-10.709413	12.153640	10.128883
22282	-11.908847	12.509499	9.951248
22283	-13.161278	12.851552	9.798632
22284	-14.483316	13.176107	9.634777
22285	-15.867554	13.463050	9.455359
22286	-17.297016	13.710956	9.223070
22287	-18.796559	13.947440	8.926294
22288	-20.417265	14.146565	8.533581
22289	-22.172925	14.200472	8.031593
22290	-24.095679	14.118106	7.289157
22291	-26.137067	13.932848	6.265524
22292	-28.216318	13.757130	5.081242
22293	-30.311319	13.656403	3.806078
22294	-32.391346	13.566599	2.504625
22295	-34.408235	13.484539	1.283769
22296	-36.345411	13.399002	0.047642
22297	-38.128340	13.359952	-1.245067
22298	-39.622981	13.566789	-2.426575
22299	-40.796692	14.097500	-3.366761
22300	-41.853399	14.962841	-4.191100
22301	-42.779202	15.822066	-5.020149
22302	-43.518020	16.156338	-5.774567
22303	-43.968975	15.836037	-6.270542
22304	-44.150098	14.960246	-6.468006
22305	-44.228571	14.000606	-6.503581
22306	-44.347647	13.108702	-6.639733
22307	-44.356556	12.253122	-6.887968
22308	-44.179956	11.507294	-7.256005
22309	-43.709771	11.191297	-7.485487
22310	-42.907924	11.329694	-7.250099
22311	-41.751197	11.855289	-6.428195
22312	-40.298604	12.733255	-5.161231
22313	-38.519205	13.776351	-3.609612
22314	-36.462174	14.783316	-1.934243
22315	-34.117547	15.599693	-0.253766
22316	-31.472418	16.111213	1.431898
22317	-28.525588	16.262965	3.066727
22318	-25.399194	16.074079	4.576685
22319	-22.143178	15.528346	5.921880
22320	-18.831820	14.553965	6.969579
22321	-15.514515	13.220324	7.623498
22322	-12.253926	11.797548	7.862617
22323	-9.040160	10.429163	7.735189
22324	-5.866530	9.167370	7.306861
22325	-2.640075	7.992834	6.701316
22326	0.689679	6.949204	5.996888
22327	4.126586	6.090807	5.324272
22328	7.641315	5.377765	4.799086
22329	11.165802	4.655903	4.577092
22330	14.542512	3.784552	4.659305
22331	17.621464	2.756293	5.094063
22332	20.303096	1.605863	5.922103
22333	22.605656	0.375523	6.998522
22334	24.526105	-0.999825	8.175088
22335	26.059558	-2.384998	9.345438
22336	27.192968	-3.555975	10.486359
22337	27.914757	-4.396786	11.531613
22338	28.121349	-4.749505	12.291562
22339	27.654063	-4.389341	12.678634
22340	26.530117	-3.503671	12.831914
22341	24.997548	-2.380548	12.832471
22342	23.258239	-0.994316	12.664519
22343	21.661500	0.518645	12.135215
22344	20.722608	1.735763	10.304649
22345	20.477167	3.041082	6.894125
22346	20.342628	4.632669	4.447007
22347	20.083404	5.374811	3.711239
22348	19.543657	5.310264	4.254836
22349	18.587676	5.123422	5.251081
22350	17.384047	5.098105	6.668509
22351	16.151314	5.306818	8.439967
22352	14.937471	5.700965	10.382986
22353	13.828368	5.900943	12.322159
22354	13.001295	5.834038	13.995904
22355	12.354636	5.850063	15.410307
22356	11.821387	5.584089	17.018946
22357	11.328905	5.116780	18.692562
22358	10.876871	4.806045	20.069338
22359	10.449364	4.757260	21.028912
22360	10.215388	5.007220	21.745600
22361	10.152335	5.232667	22.247182
22362	10.127311	5.272206	22.078500
22363	9.997451	5.545784	21.245643
22364	9.743365	6.118086	19.623179
22365	9.316159	6.674146	17.294705
22366	8.754034	7.143052	14.729409
22367	8.126243	7.627718	12.510944
22368	7.493751	8.063078	10.909196
22369	6.935023	8.294375	10.064551
22370	6.551107	8.280427	9.894237
22371	6.335436	8.114939	10.138190
22372	6.229827	7.917844	10.632412
22373	6.135481	7.724467	11.345732
22374	6.007382	7.540553	12.178698
22375	5.790959	7.431953	12.950080
22376	5.486809	7.419549	13.476711
22377	5.092498	7.468350	13.681594
22378	4.614100	7.581689	13.580462
22379	4.091806	7.693335	13.282764
22380	3.556501	7.796763	12.837028
22381	2.982201	7.919450	12.252434
22382	2.362279	8.082215	11.633156
22383	1.700142	8.294744	11.029052
22384	1.035486	8.491482	10.444974
22385	0.375533	8.669339	9.940958
22386	-0.255839	8.841624	9.551084
22387	-0.872527	9.021572	9.324093
22388	-1.466847	9.221769	9.255355
22389	-2.092746	9.419593	9.245905
22390	-2.749503	9.627718	9.273324
22391	-3.462019	9.887772	9.303244
22392	-4.231584	10.178329	9.312281
22393	-5.046060	10.445960	9.270160
22394	-5.906669	10.723068	9.133389
22395	-6.833861	11.022761	8.893178
22396	-7.811795	11.347172	8.616703
22397	-8.848692	11.687781	8.345878
22398	-9.937421	12.043583	8.109048
22399	-11.094699	12.397318	7.923968
22400	-12.309994	12.760318	7.790810
22401	-13.595620	13.104459	7.708434
22402	-14.941396	13.412050	7.648416
22403	-16.350904	13.688791	7.533582
22404	-17.808979	13.914003	7.334741
22405	-19.367718	14.106094	6.985713
22406	-21.094841	14.206961	6.447036
22407	-22.970453	14.098637	5.754582
22408	-25.021468	13.882739	4.780863
22409	-27.164756	13.571276	3.543197
22410	-29.337540	13.299189	2.176171
22411	-31.536897	13.187758	0.870783
22412	-33.684421	13.167995	-0.249398
22413	-35.720999	13.188958	-1.283489
22414	-37.619063	13.229251	-2.376985
22415	-39.203843	13.419707	-3.389325
22416	-40.417616	13.921070	-4.197749
22417	-41.443822	14.869015	-4.800459
22418	-42.464412	16.146048	-5.419766
22419	-43.321562	17.043926	-5.949744
22420	-43.971515	17.306429	-6.330250
22421	-44.302372	16.827527	-6.525138
22422	-44.481121	15.983753	-6.621505
22423	-44.680597	15.191302	-6.794338
22424	-44.846880	14.416874	-6.999939
22425	-44.810896	13.528183	-7.210745
22426	-44.546264	12.713192	-7.431493
22427	-43.984535	12.244400	-7.502082
22428	-43.101938	12.235460	-7.172005
22429	-41.851618	12.621688	-6.361298
22430	-40.286169	13.302833	-5.209734
22431	-38.403786	14.112933	-3.837384
22432	-36.246559	14.870044	-2.343164
22433	-33.809190	15.398184	-0.789602
22434	-31.112306	15.641269	0.759630
22435	-28.172888	15.540832	2.208485
22436	-25.095500	15.114431	3.450351
22437	-21.885431	14.399015	4.497278
22438	-18.530737	13.408492	5.396553
22439	-15.021464	12.182775	6.135566
22440	-11.447856	10.878684	6.644547
22441	-7.880624	9.660185	6.914987
22442	-4.352320	8.521165	6.985068
22443	-0.839123	7.442672	6.872138
22444	2.649617	6.450793	6.530455
22445	6.116056	5.562766	5.929685
22446	9.553585	4.756468	5.221401
22447	12.931439	3.943940	4.729881
22448	16.098532	3.124583	4.469813
22449	18.897157	2.421817	4.524149
22450	21.323891	1.551605	5.050471
22451	23.378928	0.365912	5.841408
22452	25.015858	-0.897046	6.772449
22453	26.199744	-1.923971	7.823685
22454	26.922650	-2.627622	8.913213
22455	27.103118	-2.920733	9.869680
22456	26.574100	-2.592910	10.485054
22457	25.382889	-1.768488	10.847906
22458	23.759473	-0.664302	11.024074
22459	21.946192	0.629258	10.930272
22460	20.315544	1.962519	10.317362
22461	19.337762	2.979044	8.084144
22462	18.980913	4.193750	4.772547
22463	18.800864	5.490191	3.111091
22464	18.582919	5.669294	3.105378
22465	18.063750	5.321928	4.073399
22466	17.078404	5.029412	5.565031
22467	15.832907	4.964338	7.577601
22468	14.614498	5.224751	10.031688
22469	13.448288	5.609210	12.299728
22470	12.428364	5.760550	14.036112
22471	11.594628	6.117282	15.199448
22472	10.889792	6.122282	16.372527
22473	10.244319	5.741528	17.463121
22474	9.682140	5.486802	18.039418
22475	9.224931	5.565068	18.182393
22476	8.992422	5.848176	18.380989
22477	8.934661	6.194769	18.717011
22478	8.864351	6.345922	18.498089
22479	8.646376	6.487477	17.775024
22480	8.327084	6.797759	16.443057
22481	7.880079	7.179778	14.453827
22482	7.357004	7.555404	12.366879
22483	6.802593	7.881079	10.835048
22484	6.258925	8.102013	9.883827
22485	5.787729	8.187580	9.366677
22486	5.473143	8.144543	9.258694
22487	5.334853	8.011950	9.570271
22488	5.307785	7.794804	10.214007
22489	5.256311	7.592461	11.003534
22490	5.134621	7.421519	11.808732
22491	4.894910	7.306400	12.479952
22492	4.547967	7.273613	12.965568
22493	4.126382	7.314202	13.257544
22494	3.627894	7.461257	13.286108
22495	3.050639	7.668082	13.102604
22496	2.413753	7.895285	12.778306
22497	1.729537	8.118745	12.365880
22498	1.031444	8.348389	11.887880
22499	0.340660	8.578905	11.436320
22500	-0.324278	8.791584	11.030090
22501	-0.950410	8.962753	10.724634
22502	-1.543436	9.107130	10.564181
22503	-2.130036	9.255704	10.554127
22504	-2.737258	9.420954	10.625334
22505	-3.381964	9.598506	10.709632
22506	-4.049895	9.797469	10.766584
22507	-4.753706	10.006951	10.784764
22508	-5.520781	10.236858	10.721223
22509	-6.378542	10.479936	10.571036
22510	-7.306653	10.721827	10.342263
22511	-8.286192	10.978635	10.088792
22512	-9.305442	11.256140	9.824612
22513	-10.401739	11.559910	9.554281
22514	-11.547466	11.861816	9.353421
22515	-12.747732	12.172316	9.217617
22516	-13.981746	12.477975	9.162050
22517	-15.278674	12.794280	9.132496
22518	-16.651120	13.107338	9.085588
22519	-18.102768	13.385534	8.975801
22520	-19.641491	13.635911	8.752804
22521	-21.278376	13.811280	8.395593
22522	-23.049280	13.786539	7.784646
22523	-24.995654	13.501431	6.791260
22524	-27.055937	13.049456	5.467201
22525	-29.168403	12.651160	3.891155
22526	-31.315569	12.350848	2.216673
22527	-33.369669	12.052874	0.710350
22528	-35.333707	11.788660	-0.590918
22529	-37.162344	11.615201	-1.760360
22530	-38.765654	11.653765	-2.824960
22531	-40.029833	12.128496	-3.779644
22532	-41.055401	13.147319	-4.511705
22533	-41.909917	14.397039	-4.958941
22534	-42.615249	15.244237	-5.159229
22535	-43.222524	15.478614	-5.229579
22536	-43.650510	15.155380	-5.107791
22537	-43.961150	14.348287	-4.998960
22538	-44.319522	13.709063	-4.969836
22539	-44.573748	13.212944	-4.882846
22540	-44.622752	12.628189	-4.800056
22541	-44.431941	12.183458	-4.896909
22542	-43.952234	12.079615	-4.951635
22543	-43.098177	12.345730	-4.577252
22544	-41.905809	12.958114	-3.768733
22545	-40.378006	13.744971	-2.686487
22546	-38.556750	14.560428	-1.435684
22547	-36.458754	15.355827	-0.144739
22548	-34.083591	16.040223	1.210825
22549	-31.369325	16.420157	2.602938
22550	-28.378601	16.458117	3.889994
22551	-25.184760	16.203723	5.084788
22552	-21.930852	15.613874	6.097347
22553	-18.695260	14.592516	6.804165
22554	-15.526507	13.277620	7.115966
22555	-12.420537	11.877277	6.995801
22556	-9.360976	10.541212	6.524577
22557	-6.273232	9.326267	5.840867
22558	-3.090761	8.200583	5.079239
22559	0.272175	7.141843	4.327698
22560	3.806959	6.173715	3.650966
22561	7.465098	5.274446	3.182549
22562	11.122925	4.341093	3.011581
22563	14.567263	3.434388	3.067468
22564	17.624379	2.495289	3.608568
22565	20.265921	1.386297	4.651738
22566	22.530010	0.067539	6.054047
22567	24.362728	-1.460335	7.603458
22568	25.708914	-2.977520	9.192210
22569	26.556294	-4.175026	10.756623
22570	26.862071	-5.000651	12.261726
22571	26.530069	-5.179625	13.317692
22572	25.524505	-4.570641	13.759071
22573	24.005782	-3.499129	13.887674
22574	22.187481	-2.118773	13.866975
22575	20.463586	-0.623512	13.400118
22576	19.486883	0.491290	11.065514
22577	19.275437	1.726258	7.059198
22578	19.057556	3.434834	4.518760
22579	18.656303	4.171697	3.621328
22580	18.014648	4.323982	3.756163
22581	17.040607	4.505738	4.359061
22582	15.847223	4.770471	5.472162
22583	14.639870	5.295021	6.980328
22584	13.501252	5.964529	8.421862
22585	12.542418	6.297158	9.483535
22586	11.835487	6.470630	10.085338
22587	11.197384	6.337049	10.842424
22588	10.559735	5.872035	11.918128
22589	9.948729	5.385595	12.921201
22590	9.421867	5.131424	13.753856
22591	9.078870	5.031312	14.629047
22592	8.950976	5.191913	15.689613
22593	8.922471	5.278059	16.369595
22594	8.943924	5.156308	16.432838
22595	8.865154	5.304015	15.843917
22596	8.654499	5.650489	14.566719
22597	8.281835	5.955044	12.856910
22598	7.840158	6.258544	11.232638
22599	7.309946	6.649386	9.886794
22600	6.772971	6.963960	8.842060
22601	6.318912	7.068111	8.118142
22602	6.027358	7.030679	7.735972
22603	5.866906	6.931338	7.716812
22604	5.785174	6.817121	8.057273
22605	5.677933	6.671077	8.604975
22606	5.497212	6.526234	9.241686
22607	5.185488	6.448778	9.847667
22608	4.766321	6.457853	10.346092
22609	4.258168	6.550684	10.639532
22610	3.705832	6.664819	10.716720
22611	3.109378	6.815005	10.616555
22612	2.493930	7.002383	10.387233
22613	1.863875	7.194636	10.051420
22614	1.229471	7.349420	9.619008
22615	0.566395	7.503204	9.085767
22616	-0.113580	7.666098	8.481329
22617	-0.807141	7.843598	7.903073
22618	-1.476974	8.023597	7.483034
22619	-2.128982	8.189117	7.257397
22620	-2.765988	8.376840	7.168816
22621	-3.434035	8.570059	7.117002
22622	-4.135949	8.756630	7.092304
22623	-4.881078	8.975916	7.044408
22624	-5.666548	9.204683	6.919476
22625	-6.510675	9.431583	6.716941
22626	-7.404918	9.727133	6.494355
22627	-8.330650	10.032541	6.296651
22628	-9.280768	10.334618	6.116383
22629	-10.281919	10.649675	5.936640
22630	-11.315634	10.967857	5.801264
22631	-12.404088	11.279181	5.714041
22632	-13.534561	11.582211	5.671695
22633	-14.726808	11.880149	5.641225
22634	-15.995761	12.151320	5.539023
22635	-17.348068	12.368263	5.325005
22636	-18.783629	12.536893	5.004605
22637	-20.317913	12.613519	4.552911
22638	-22.022733	12.641462	3.894201
22639	-23.867475	12.606935	3.105687
22640	-25.828966	12.550991	2.267756
22641	-27.832385	12.485796	1.509297
22642	-29.902333	12.492708	0.759751
22643	-32.003289	12.546728	-0.013663
22644	-34.038844	12.644445	-0.731856
22645	-35.945931	12.761726	-1.417620
22646	-37.672012	12.989886	-2.074487
22647	-39.122314	13.436434	-2.611108
22648	-40.384248	14.278234	-2.924101
22649	-41.608370	15.578873	-3.121005
22650	-42.801646	16.949499	-3.257590
22651	-43.800271	17.952777	-3.267522
22652	-44.511724	18.401090	-3.094708
22653	-44.925025	18.537637	-2.694602
22654	-45.164435	18.609549	-2.156526
22655	-45.328647	18.562964	-1.703651
22656	-45.421210	18.380894	-1.388415
22657	-45.357634	18.008436	-1.199897
22658	-45.099659	17.658413	-1.004141
22659	-44.583298	17.476690	-0.681661
22660	-43.788507	17.477796	-0.146734
22661	-42.659146	17.620942	0.603406
22662	-41.191175	17.807506	1.545289
22663	-39.361192	17.940438	2.657867
22664	-37.227597	17.964385	3.864858
22665	-34.809895	17.812439	5.068078
22666	-32.147412	17.456876	6.228896
22667	-29.265732	16.879040	7.294082
22668	-26.250067	16.117105	8.216380
22669	-23.118788	15.185435	8.990048
22670	-19.899468	14.043196	9.593296
22671	-16.597972	12.675620	9.977972
22672	-13.260983	11.192990	10.080377
22673	-9.886371	9.736505	9.936694
22674	-6.465074	8.384908	9.667114
22675	-2.962312	7.128320	9.426549
22676	0.613247	5.962562	9.268638
22677	4.244458	4.871859	9.206652
22678	7.869116	3.784725	9.297025
22679	11.384285	2.612281	9.570081
22680	14.636042	1.419147	9.985379
22681	17.523133	0.177120	10.692830
22682	20.022195	-1.143345	11.660358
22683	22.166550	-2.560498	12.768491
22684	23.938350	-4.003065	13.877490
22685	25.308579	-5.229553	14.901149
22686	26.245529	-6.058722	15.821969
22687	26.663713	-6.507764	16.599464
22688	26.459145	-6.317226	16.856501
22689	25.609111	-5.499526	16.564805
22690	24.269932	-4.347195	16.024517
22691	22.629123	-2.945675	15.406053
22692	20.966131	-1.377583	14.711011
22693	19.807971	-0.023061	13.261594
22694	19.472168	1.198048	10.276417
22695	19.471246	2.724720	7.472165
22696	19.322658	3.669081	6.251853
22697	18.931527	3.834180	6.694327
22698	18.168884	3.686100	7.843505
22699	17.068984	3.648570	9.066145
22700	15.860112	3.853476	10.563760
22701	14.638513	4.320103	12.228834
22702	13.459065	4.725645	13.887756
22703	12.526490	4.793111	15.350553
22704	11.779540	4.870620	16.530980
22705	11.094487	4.935608	17.788727
22706	10.475202	4.726155	19.181862
22707	9.920233	4.370976	20.455657
22708	9.456052	4.162445	21.631089
22709	9.126616	4.242657	22.778335
22710	9.004517	4.552432	23.838114
22711	8.972536	4.722945	24.353190
22712	8.927173	4.775968	24.127854
22713	8.770240	5.072780	23.244369
22714	8.480928	5.551608	21.628814
22715	7.987305	6.063271	19.462758
22716	7.369925	6.519257	17.286033
22717	6.684462	6.952780	15.498445
22718	6.043239	7.281736	14.231455
22719	5.495541	7.483988	13.499124
22720	5.098010	7.562324	13.264302
22721	4.841869	7.525048	13.492264
22722	4.655061	7.424982	14.070853
22723	4.434232	7.349554	14.777300
22724	4.161777	7.329231	15.405601
22725	3.827427	7.289673	15.850840
22726	3.468917	7.253062	16.168245
22727	3.117739	7.269126	16.345197
22728	2.741423	7.337169	16.304343
22729	2.313024	7.452381	16.040241
22730	1.844619	7.617656	15.656125
22731	1.317004	7.832030	15.206760
22732	0.736013	8.027694	14.744537
22733	0.105355	8.249983	14.332710
22734	-0.537055	8.496116	13.989252
22735	-1.193715	8.730228	13.717570
22736	-1.837335	8.947151	13.526277
22737	-2.482263	9.160733	13.397724
22738	-3.133285	9.356089	13.320489
22739	-3.797131	9.559209	13.267961
22740	-4.469769	9.741901	13.219805
22741	-5.172181	9.947712	13.151239
22742	-5.916326	10.180540	13.052281
22743	-6.735301	10.433179	12.916263
22744	-7.618587	10.700314	12.736996
22745	-8.563210	10.987803	12.520222
22746	-9.568595	11.311468	12.269254
22747	-10.656084	11.660464	12.006707
22748	-11.814548	12.016673	11.761976
22749	-13.041362	12.352972	11.537786
22750	-14.330392	12.673734	11.306277
22751	-15.688147	12.973959	11.059283
22752	-17.125698	13.247266	10.751425
22753	-18.631516	13.452981	10.355104
22754	-20.225041	13.622388	9.851879
22755	-21.947795	13.730809	9.228099
22756	-23.812773	13.668562	8.471141
22757	-25.825608	13.454449	7.445033
22758	-27.901560	13.140856	6.230767
22759	-29.966835	12.937511	4.998345
22760	-32.051011	12.924081	3.761529
22761	-34.069082	13.021374	2.658569
22762	-35.981909	13.197968	1.630314
22763	-37.725938	13.416520	0.572555
22764	-39.193608	13.767142	-0.391351
22765	-40.369576	14.458137	-1.187168
22766	-41.463486	15.591949	-1.853694
22767	-42.481919	16.831663	-2.468160
22768	-43.380640	17.565604	-3.048779
22769	-44.052029	17.667130	-3.495605
22770	-44.412363	16.983628	-3.754263
22771	-44.649831	15.998565	-3.991920
22772	-44.942831	15.128133	-4.274102
22773	-45.163357	14.302203	-4.581800
22774	-45.176911	13.506590	-4.898749
22775	-44.876232	12.857068	-5.127682
22776	-44.270575	12.486523	-5.141702
22777	-43.343649	12.478871	-4.807343
22778	-42.126613	12.850492	-4.098709
22779	-40.596489	13.516358	-3.073230
22780	-38.764461	14.336542	-1.791925
22781	-36.596399	15.115444	-0.354043
22782	-34.105732	15.697870	1.145906
22783	-31.288216	16.014328	2.642971
22784	-28.237339	16.056208	4.054980
22785	-25.008652	15.820898	5.419189
22786	-21.690069	15.267193	6.675726
22787	-18.326115	14.316727	7.699623
22788	-14.977596	13.061502	8.354050
22789	-11.649470	11.709113	8.632915
22790	-8.326735	10.411925	8.628417
22791	-4.941157	9.201294	8.469580
22792	-1.451812	8.034271	8.304034
22793	2.157041	6.905118	8.239588
22794	5.830139	5.817372	8.313004
22795	9.505212	4.689609	8.565743
22796	13.049485	3.450096	8.952582
22797	16.308145	2.260443	9.415972
22798	19.164838	1.121218	10.164814
22799	21.674576	-0.116604	11.180709
22800	23.851658	-1.481054	12.295653
22801	25.651882	-2.817126	13.415634
22802	27.020020	-3.859238	14.508924
22803	27.899795	-4.564059	15.586916
22804	28.189357	-4.865815	16.371735
22805	27.795582	-4.450467	16.516438
22806	26.776157	-3.516280	16.279040
22807	25.313706	-2.297673	15.923439
22808	23.595855	-0.875540	15.390936
22809	21.790786	0.810309	14.653603
22810	20.307111	2.277113	13.635309
22811	19.688385	3.159948	11.330903
22812	19.764286	4.324232	8.064407
22813	19.785453	5.552946	5.876363
22814	19.567421	5.893707	5.716981
22815	19.004684	5.506842	6.929922
22816	17.952941	5.222570	8.190057
22817	16.783976	5.379542	9.543834
22818	15.609087	5.924847	11.098455
22819	14.397256	6.569201	12.583702
22820	13.353879	6.784775	13.719902
22821	12.524871	6.905224	14.333349
22822	11.829309	6.952778	14.913760
22823	11.225939	6.749097	15.756218
22824	10.687707	6.535105	16.677253
22825	10.189125	6.404585	17.567062
22826	9.733872	6.380576	18.400408
22827	9.426576	6.456604	19.292858
22828	9.297114	6.649903	19.950468
22829	9.240770	6.789591	20.042070
22830	9.103738	6.952422	19.452550
22831	8.811074	7.272180	18.233385
22832	8.382025	7.634424	16.619108
22833	7.837431	7.981090	15.030198
22834	7.227191	8.325434	13.671009
22835	6.597957	8.632330	12.494279
22836	6.080237	8.807398	11.556002
22837	5.733750	8.890826	10.985787
22838	5.552119	8.894974	10.852110
22839	5.434414	8.812192	11.058839
22840	5.306808	8.659448	11.420640
22841	5.107030	8.516258	11.835714
22842	4.846263	8.426184	12.228802
22843	4.538459	8.363435	12.541912
22844	4.197269	8.346879	12.675643
22845	3.794539	8.367789	12.583276
22846	3.332931	8.421617	12.302736
22847	2.798778	8.509226	11.929556
22848	2.223729	8.615908	11.527778
22849	1.610103	8.722536	11.105861
22850	0.979881	8.825085	10.657753
22851	0.330411	8.913072	10.198653
22852	-0.320402	9.005069	9.777007
22853	-0.972748	9.137778	9.414588
22854	-1.606167	9.275478	9.121135
22855	-2.251984	9.406766	8.886171
22856	-2.911129	9.545984	8.654020
22857	-3.598494	9.708466	8.430858
22858	-4.310922	9.879707	8.186149
22859	-5.058157	10.067527	7.942515
22860	-5.834900	10.298303	7.687313
22861	-6.658698	10.533434	7.426443
22862	-7.520372	10.790238	7.153653
22863	-8.440504	11.067262	6.861823
22864	-9.414377	11.338607	6.529079
22865	-10.450782	11.598694	6.174246
22866	-11.550993	11.873512	5.796066
22867	-12.695659	12.113469	5.447550
22868	-13.892667	12.337550	5.100885
22869	-15.149052	12.544318	4.774677
22870	-16.466659	12.738791	4.457838
22871	-17.815868	12.866394	4.165627
22872	-19.231749	12.978520	3.819439
22873	-20.742092	13.053227	3.430026
22874	-22.405528	13.081793	2.968357
22875	-24.203486	13.066490	2.458652
22876	-26.137692	13.057655	1.821786
22877	-28.119850	13.080953	1.206287
22878	-30.138675	13.213185	0.604163
22879	-32.157529	13.427087	-0.037238
22880	-34.083670	13.652112	-0.674911
22881	-35.867588	13.822502	-1.402912
22882	-37.462900	14.093309	-2.151261
22883	-38.861464	14.540830	-2.889515
22884	-40.157067	15.317037	-3.494946
22885	-41.408689	16.401746	-4.038860
22886	-42.585846	17.392645	-4.599330
22887	-43.540910	17.911830	-5.089406
22888	-44.233885	17.977155	-5.487447
22889	-44.607439	17.662805	-5.615634
22890	-44.862184	17.320624	-5.590315
22891	-45.125447	17.108011	-5.594993
22892	-45.290119	16.877436	-5.584572
22893	-45.219763	16.491650	-5.558906
22894	-44.904417	16.130537	-5.439714
22895	-44.295423	15.976193	-5.061545
22896	-43.412110	16.087134	-4.357924
22897	-42.207073	16.403322	-3.329281
22898	-40.716922	16.884901	-2.060532
22899	-38.935726	17.435619	-0.601101
22900	-36.890074	17.897337	0.987841
22901	-34.561856	18.126189	2.649232
22902	-32.014222	18.053767	4.231388
22903	-29.276087	17.702756	5.652219
22904	-26.382303	17.065284	6.944107
22905	-23.331697	16.114932	8.052718
22906	-20.154345	14.907150	8.939479
22907	-16.853546	13.502781	9.593201
22908	-13.499317	12.005457	9.973382
22909	-10.106241	10.547593	10.104593
22910	-6.672246	9.174216	10.056205
22911	-3.165113	7.883215	9.859479
22912	0.391270	6.702089	9.542181
22913	3.987311	5.668284	9.146699
22914	7.587921	4.748571	8.734447
22915	11.176901	3.815898	8.455991
22916	14.633142	2.803084	8.293741
22917	17.776784	1.846272	8.394572
22918	20.480472	0.806621	8.999692
22919	22.799810	-0.487329	9.961937
22920	24.720509	-1.947109	11.087774
22921	26.176365	-3.333683	12.324806
22922	27.121786	-4.409957	13.598604
22923	27.531217	-5.158463	14.938009
22924	27.284628	-5.379752	16.074961
22925	26.334476	-4.816435	16.585281
22926	24.834872	-3.816032	16.749599
22927	23.035371	-2.557791	16.708828
22928	21.168416	-1.059033	16.480421
22929	19.734386	0.316538	15.536399
22930	19.340632	1.139154	12.413779
22931	19.500978	2.442376	8.684242
22932	19.393692	3.940129	6.708191
22933	19.044283	4.318584	6.608516
22934	18.342857	4.322297	7.304244
22935	17.199039	4.344455	8.317447
22936	15.913628	4.613450	9.760177
22937	14.685282	5.272832	11.392577
22938	13.513391	5.919629	12.865688
22939	12.613138	6.091674	14.016230
22940	11.939401	6.145723	14.890333
22941	11.349771	5.816458	15.907230
22942	10.754642	5.284923	16.961593
22943	10.152879	4.948210	17.838428
22944	9.642623	4.796331	18.577440
22945	9.328642	4.897643	19.414361
22946	9.184095	5.167081	20.372652
22947	9.129582	5.133903	20.860039
22948	9.035412	5.150883	20.822476
22949	8.841338	5.560407	20.044867
22950	8.520618	6.017656	18.410008
22951	8.042400	6.423050	16.293074
22952	7.500272	6.822966	14.424153
22953	6.929740	7.232598	13.057414
22954	6.409754	7.530374	12.092691
22955	5.981099	7.617317	11.456625
22956	5.710944	7.592504	11.234071
22957	5.555454	7.540240	11.435602
22958	5.429538	7.487545	11.962009
22959	5.217328	7.453542	12.645936
22960	4.909401	7.459099	13.352467
22961	4.515141	7.505614	14.016062
22962	4.076172	7.611963	14.549151
22963	3.595236	7.758168	14.883484
22964	3.084174	7.921538	14.991683
22965	2.545564	8.087705	14.904678
22966	1.986126	8.260040	14.669392
22967	1.375885	8.424338	14.272980
22968	0.759651	8.588319	13.816440
22969	0.117625	8.754124	13.267284
22970	-0.506525	8.920718	12.793793
22971	-1.109306	9.096351	12.433298
22972	-1.712356	9.280827	12.172334
22973	-2.339582	9.464841	12.025699
22974	-2.982728	9.649668	11.945408
22975	-3.645518	9.841975	11.903080
22976	-4.337008	10.076239	11.848597
22977	-5.081774	10.316365	11.748649
22978	-5.877105	10.565799	11.593175
22979	-6.739952	10.805250	11.371316
22980	-7.652281	11.050757	11.111369
22981	-8.631174	11.319136	10.831867
22982	-9.677625	11.616311	10.553643
22983	-10.777952	11.916505	10.316329
22984	-11.918747	12.209887	10.121279
22985	-13.108933	12.498267	9.958286
22986	-14.343131	12.787487	9.836506
22987	-15.629750	13.072452	9.732294
22988	-16.958945	13.337436	9.624502
22989	-18.334531	13.556888	9.448640
22990	-19.760815	13.742534	9.194030
22991	-21.285151	13.866462	8.812767
22992	-22.937629	13.837191	8.319052
22993	-24.722953	13.619823	7.630819
22994	-26.669643	13.324657	6.566638
22995	-28.648826	13.018807	5.382912
22996	-30.640605	12.807185	4.184987
22997	-32.636719	12.649123	3.051846
22998	-34.602488	12.597560	2.095036
22999	-36.490173	12.610821	1.181057
23000	-38.232312	12.767258	0.266148
23001	-39.684233	13.217758	-0.524012
23002	-40.931758	14.072285	-1.080434
23003	-42.107669	15.318985	-1.486618
23004	-43.168062	16.360467	-1.886034
23005	-44.061216	16.821494	-2.308094
23006	-44.694079	16.681839	-2.540176
23007	-45.065266	15.998805	-2.675059
23008	-45.398462	15.335700	-2.830268
23009	-45.613739	14.766254	-2.810219
23010	-45.630441	14.030858	-2.731151
23011	-45.453394	13.385030	-2.813123
23012	-45.077721	13.141382	-2.875243
23013	-44.418422	13.305113	-2.631307
23014	-43.464084	13.711926	-2.055888
23015	-42.185061	14.246134	-1.250486
23016	-40.622480	14.860338	-0.339813
23017	-38.778894	15.409615	0.618358
23018	-36.650558	15.753314	1.636654
23019	-34.214501	15.891230	2.706831
23020	-31.561355	15.791754	3.717453
23021	-28.747273	15.427728	4.574299
23022	-25.814301	14.814974	5.349218
23023	-22.745018	13.957011	6.061098
23024	-19.566245	12.897501	6.659812
23025	-16.267115	11.703073	7.115709
23026	-12.905766	10.506704	7.397873
23027	-9.508462	9.411836	7.522944
23028	-6.080907	8.425866	7.535985
23029	-2.596370	7.506358	7.489659
23030	0.928920	6.577695	7.390484
23031	4.476905	5.617030	7.162700
23032	8.004148	4.686527	6.849600
23033	11.466309	3.751937	6.736005
23034	14.783013	2.755899	6.920599
23035	17.828900	1.767511	7.418658
23036	20.494532	0.677172	8.304674
23037	22.812630	-0.649017	9.489303
23038	24.787648	-2.190076	10.793267
23039	26.373453	-3.673038	12.071031
23040	27.539594	-4.818784	13.290946
23041	28.244418	-5.580653	14.416701
23042	28.348428	-5.766331	15.216231
23043	27.734510	-5.169568	15.470928
23044	26.500813	-4.026872	15.337523
23045	24.864624	-2.631243	15.003649
23046	23.016046	-0.987414	14.417556
23047	21.266704	0.788761	13.466652
23048	20.244120	2.037279	11.265233
23049	20.146747	3.068439	7.350315
23050	20.254863	4.716706	4.369656
23051	20.116106	5.440001	3.247949
23052	19.626488	5.244058	3.790509
23053	18.686323	4.952567	4.676637
23054	17.464687	5.042780	5.692395
23055	16.216872	5.538709	7.066709
23056	14.869871	6.256871	8.671915
23057	13.581301	6.555418	10.268598
23058	12.649287	6.482023	11.620142
23059	11.924727	6.548401	12.837389
23060	11.300067	6.482542	14.246028
23061	10.709078	6.185350	15.671870
23062	10.175973	5.753843	16.879623
23063	9.717865	5.406296	17.938680
23064	9.408476	5.424938	19.131149
23065	9.321867	5.667525	20.466534
23066	9.416016	5.682236	21.425453
23067	9.519096	5.588443	21.694334
23068	9.484871	5.862928	21.242866
23069	9.235725	6.380224	19.925727
23070	8.745592	6.857129	17.879563
23071	8.067714	7.298025	15.602865
23072	7.327212	7.741144	13.693370
23073	6.590878	8.162946	12.307846
23074	5.999147	8.485569	11.512390
23075	5.609280	8.609290	11.212241
23076	5.431422	8.582427	11.285918
23077	5.371844	8.488353	11.718845
23078	5.335782	8.362111	12.460216
23079	5.238296	8.217085	13.349047
23080	5.067637	8.099381	14.189073
23081	4.797768	8.056596	14.826583
23082	4.440045	8.062944	15.150269
23083	4.000707	8.094658	15.181778
23084	3.518944	8.165711	14.993605
23085	2.996859	8.299713	14.625175
23086	2.425688	8.478986	14.116513
23087	1.784797	8.658601	13.506873
23088	1.106261	8.830877	12.860143
23089	0.394022	9.003252	12.198001
23090	-0.318299	9.147876	11.563424
23091	-1.023146	9.269026	10.997871
23092	-1.700734	9.385150	10.551841
23093	-2.379439	9.557324	10.206866
23094	-3.065938	9.748863	9.945921
23095	-3.776754	9.942554	9.760717
23096	-4.496216	10.141805	9.684662
23097	-5.248224	10.367734	9.618388
23098	-6.049501	10.622705	9.530932
23099	-6.905423	10.901228	9.424634
23100	-7.797208	11.168655	9.295108
23101	-8.742775	11.439972	9.132661
23102	-9.726927	11.736006	8.941121
23103	-10.778078	12.059270	8.718444
23104	-11.881454	12.362676	8.508556
23105	-13.048718	12.648045	8.284460
23106	-14.272379	12.928549	8.026321
23107	-15.561364	13.191701	7.708168
23108	-16.931916	13.432642	7.288182
23109	-18.398053	13.594224	6.731655
23110	-19.944188	13.645931	6.045165
23111	-21.590583	13.603323	5.230769
23112	-23.416847	13.507697	4.250513
23113	-25.390900	13.358620	3.189505
23114	-27.437167	13.222174	2.183628
23115	-29.483841	13.130774	1.263710
23116	-31.549910	13.161904	0.335863
23117	-33.562921	13.286413	-0.550289
23118	-35.474069	13.469750	-1.371730
23119	-37.228086	13.665498	-2.220945
23120	-38.742880	14.006354	-3.002742
23121	-40.009983	14.592206	-3.686399
23122	-41.254992	15.622342	-4.272421
23123	-42.525998	17.034176	-4.908960
23124	-43.673840	18.138118	-5.539043
23125	-44.548049	18.582906	-6.063146
23126	-45.056272	18.356192	-6.328316
23127	-45.274190	17.653184	-6.358110
23128	-45.479559	16.974179	-6.379487
23129	-45.656527	16.469029	-6.422931
23130	-45.606927	15.928459	-6.367622
23131	-45.279780	15.334696	-6.291615
23132	-44.707978	14.994649	-6.125509
23133	-43.841752	15.033614	-5.610326
23134	-42.672530	15.401774	-4.663341
23135	-41.181374	15.994841	-3.387534
23136	-39.408543	16.661095	-1.916431
23137	-37.335665	17.225947	-0.307530
23138	-34.997611	17.556256	1.360198
23139	-32.392412	17.561942	3.027457
23140	-29.596772	17.232190	4.599211
23141	-26.680072	16.610421	6.018506
23142	-23.661882	15.699247	7.357271
23143	-20.508985	14.582033	8.658903
23144	-17.257398	13.349627	9.924140
23145	-13.947070	12.062786	11.116573
23146	-10.642998	10.767144	12.165250
23147	-7.326687	9.451187	13.032211
23148	-3.988035	8.106666	13.680444
23149	-0.611592	6.715153	14.088605
23150	2.788421	5.308116	14.307252
23151	6.187587	3.981495	14.437176
23152	9.535022	2.733452	14.626115
23153	12.774536	1.495083	14.857272
23154	15.805554	0.305859	15.074194
23155	18.540787	-0.777219	15.272466
23156	20.979341	-1.858815	15.449447
23157	23.195680	-2.988140	15.538280
23158	25.160386	-3.942452	15.491954
23159	26.783678	-4.465729	15.317169
23160	27.925760	-4.568079	15.074955
23161	28.430173	-4.370462	14.839977
23162	28.183967	-3.678119	14.403622
23163	27.232843	-2.609397	13.803559
23164	25.743295	-1.401529	13.309979
23165	23.908253	-0.074300	12.901972
23166	21.937401	1.448294	12.401409
23167	20.164867	2.946101	11.705213
23168	19.244858	3.874997	9.871220
23169	19.284236	4.609546	6.314611
23170	19.474610	5.662002	3.990037
23171	19.415535	5.831881	3.993885
23172	18.959067	5.211365	5.502494
23173	17.904772	4.668091	7.083048
23174	16.640064	4.624028	8.714448
23175	15.388384	5.196858	10.448950
23176	14.149888	5.994886	12.006541
23177	13.077563	6.202034	13.234815
23178	12.309614	6.268352	14.007476
23179	11.650015	6.306832	14.743099
23180	11.032971	6.060730	15.734305
23181	10.407504	5.808845	16.722354
23182	9.816587	5.635553	17.520038
23183	9.294875	5.669907	18.168906
23184	8.977827	5.938168	18.837766
23185	8.847660	6.139108	19.361973
23186	8.788496	6.169209	19.387495
23187	8.615005	6.402817	18.834231
23188	8.305880	6.817430	17.602351
23189	7.824450	7.184911	15.901715
23190	7.234811	7.517611	14.257114
23191	6.564630	7.908139	13.023058
23192	5.882442	8.287787	12.194307
23193	5.281013	8.508817	11.672003
23194	4.882566	8.567994	11.450571
23195	4.670538	8.565407	11.589030
23196	4.569339	8.510609	12.116306
23197	4.439153	8.459070	12.772273
23198	4.236073	8.413220	13.301374
23199	3.954933	8.340971	13.612551
23200	3.636744	8.277025	13.778427
23201	3.272287	8.273369	13.788576
23202	2.861294	8.299856	13.514531
23203	2.393618	8.324819	13.025656
23204	1.895696	8.372651	12.418704
23205	1.349671	8.474239	11.814823
23206	0.764417	8.591447	11.293452
23207	0.150410	8.739805	10.879156
23208	-0.459085	8.898189	10.563133
23209	-1.067638	9.064394	10.330811
23210	-1.674215	9.220770	10.152818
23211	-2.314987	9.393625	10.006774
23212	-2.976166	9.565591	9.889421
23213	-3.668805	9.756606	9.773328
23214	-4.369928	9.971585	9.668465
23215	-5.105974	10.216296	9.550490
23216	-5.889488	10.454940	9.401050
23217	-6.743231	10.689589	9.208750
23218	-7.654436	10.901397	8.994563
23219	-8.639666	11.146539	8.740724
23220	-9.677787	11.426227	8.497744
23221	-10.780438	11.728814	8.283199
23222	-11.932653	12.016702	8.093010
23223	-13.135451	12.293712	7.946730
23224	-14.381785	12.556556	7.819743
23225	-15.690124	12.821940	7.691495
23226	-17.057671	13.066582	7.545503
23227	-18.475244	13.263956	7.372164
23228	-19.963342	13.466135	7.135119
23229	-21.563612	13.613645	6.806135
23230	-23.273392	13.596699	6.397696
23231	-25.099459	13.430980	5.819640
23232	-27.066518	13.203488	4.927258
23233	-29.056703	12.999463	3.917954
23234	-31.096112	12.920928	2.826441
23235	-33.116159	12.921658	1.766440
23236	-35.043257	13.019448	0.834110
23237	-36.824505	13.206962	-0.022563
23238	-38.452720	13.411729	-0.931875
23239	-39.821948	13.765997	-1.775945
23240	-41.017218	14.529105	-2.506694
23241	-42.178499	15.665620	-3.181114
23242	-43.246587	16.608446	-3.804717
23243	-44.154648	16.930975	-4.385184
23244	-44.807952	16.540951	-4.855332
23245	-45.189025	15.504072	-5.309743
23246	-45.504372	14.422805	-5.804340
23247	-45.761950	13.529712	-6.150579
23248	-45.872324	12.650540	-6.328214
23249	-45.753428	11.826310	-6.471221
23250	-45.418091	11.309155	-6.553546
23251	-44.807251	11.266980	-6.308544
23252	-43.918054	11.659359	-5.615936
23253	-42.692638	12.365500	-4.534011
23254	-41.141686	13.276462	-3.171978
23255	-39.257639	14.220404	-1.632783
23256	-37.081004	14.997570	-0.034740
23257	-34.598808	15.528373	1.596000
23258	-31.877127	15.769740	3.171968
23259	-28.969140	15.732279	4.636005
23260	-25.962882	15.449383	5.997479
23261	-22.857014	14.859311	7.264419
23262	-19.684331	13.903747	8.312339
23263	-16.451509	12.713722	9.034306
23264	-13.178592	11.473106	9.461224
23265	-9.878811	10.232156	9.611286
23266	-6.598610	8.989105	9.413264
23267	-3.314823	7.825497	8.890633
23268	-0.029607	6.803348	8.132776
23269	3.280490	5.905928	7.231336
23270	6.636212	5.060944	6.248281
23271	10.036984	4.214268	5.363409
23272	13.412533	3.339166	4.761260
23273	16.556314	2.612752	4.645794
23274	19.294433	1.834975	5.253230
23275	21.611318	0.811296	6.400641
23276	23.504886	-0.532894	7.876696
23277	24.945126	-2.017204	9.477540
23278	25.920863	-3.336182	11.073619
23279	26.491975	-4.319245	12.568366
23280	26.639899	-4.886256	13.831174
23281	26.234753	-4.750368	14.606277
23282	25.247441	-3.978651	14.893883
23283	23.848611	-2.881857	14.867797
23284	22.177962	-1.492974	14.699028
23285	20.524211	0.075836	14.211202
23286	19.458937	1.324662	12.381161
23287	19.217375	2.293676	8.510297
23288	19.096786	4.012994	5.401658
23289	18.818099	5.047356	4.066499
23290	18.293485	5.080055	4.268843
23291	17.374188	4.938208	5.176683
23292	16.166487	4.928883	6.558576
23293	14.915569	5.243302	8.334435
23294	13.696546	5.818333	10.162407
23295	12.576125	6.085671	11.789363
23296	11.733828	6.173291	12.979120
23297	11.022624	6.424383	13.886447
23298	10.389115	6.254401	14.926224
23299	9.810691	5.808758	15.976966
23300	9.302182	5.513390	16.903274
23301	8.868733	5.457168	17.785534
23302	8.614774	5.484734	18.831700
23303	8.530122	5.614126	19.935756
23304	8.581125	5.653811	20.518379
23305	8.592384	5.743176	20.440164
23306	8.460638	6.105560	19.642647
23307	8.135661	6.539368	18.180818
23308	7.670018	6.884655	16.324870
23309	7.132995	7.214890	14.622363
23310	6.563401	7.589872	13.288360
23311	5.997950	7.919207	12.319514
23312	5.559101	8.087885	11.733778
23313	5.297227	8.120313	11.498299
23314	5.188139	8.077355	11.594908
23315	5.144767	7.976147	11.997977
23316	5.100892	7.816976	12.596838
23317	4.982405	7.677841	13.235063
23318	4.784804	7.573663	13.788769
23319	4.490591	7.527197	14.151110
23320	4.113519	7.519559	14.286396
23321	3.655107	7.563424	14.210428
23322	3.144960	7.684619	13.967679
23323	2.563862	7.892045	13.591625
23324	1.919196	8.121495	13.091718
23325	1.225902	8.311211	12.539815
23326	0.531919	8.449997	11.970764
23327	-0.167143	8.574586	11.379499
23328	-0.862125	8.691303	10.773982
23329	-1.559683	8.841057	10.187731
23330	-2.224503	9.007967	9.749850
23331	-2.875797	9.174620	9.425936
23332	-3.534832	9.332286	9.186674
23333	-4.228919	9.511710	9.031470
23334	-4.936873	9.725510	8.937782
23335	-5.679889	9.953559	8.873540
23336	-6.463636	10.185536	8.747517
23337	-7.309137	10.446529	8.546785
23338	-8.209290	10.740363	8.304941
23339	-9.150258	11.025789	8.059217
23340	-10.134092	11.302670	7.788772
23341	-11.162613	11.589595	7.546603
23342	-12.246044	11.889415	7.338526
23343	-13.390337	12.167959	7.180675
23344	-14.585512	12.435948	7.047685
23345	-15.841504	12.670769	6.895987
23346	-17.155184	12.881710	6.678992
23347	-18.525446	13.029303	6.361384
23348	-19.976002	13.120284	5.919401
23349	-21.550557	13.126484	5.333578
23350	-23.240558	13.016706	4.659428
23351	-25.066741	12.898023	3.844065
23352	-26.972433	12.779835	2.997933
23353	-28.888880	12.715891	2.249688
23354	-30.852317	12.759595	1.561972
23355	-32.811604	12.870755	0.925479
23356	-34.715360	13.039234	0.285775
23357	-36.502705	13.211708	-0.416121
23358	-38.085543	13.496835	-1.092243
23359	-39.420648	14.030906	-1.683662
23360	-40.647423	14.866803	-2.098562
23361	-41.882973	16.012809	-2.488397
23362	-43.096984	17.130567	-2.913976
23363	-44.139194	17.860505	-3.325291
23364	-44.909904	18.178481	-3.603609
23365	-45.275666	18.007482	-3.540376
23366	-45.418375	17.601854	-3.313387
23367	-45.534220	17.204582	-3.151279
23368	-45.587090	16.802790	-3.034699
23369	-45.465945	16.335679	-2.939862
23370	-45.176573	15.913153	-2.831980
23371	-44.662468	15.609662	-2.603719
23372	-43.910478	15.416414	-2.198947
23373	-42.878716	15.390894	-1.605647
23374	-41.550815	15.572695	-0.797464
23375	-39.880743	15.880309	0.246601
23376	-37.892692	16.192539	1.465568
23377	-35.584877	16.410778	2.805628
23378	-33.023478	16.472692	4.162232
23379	-30.232461	16.314630	5.468202
23380	-27.255943	15.906241	6.732371
23381	-24.109022	15.196460	7.884642
23382	-20.842289	14.155894	8.871422
23383	-17.494756	12.822878	9.639984
23384	-14.153278	11.358693	10.111925
23385	-10.853573	9.943449	10.280050
23386	-7.575646	8.622342	10.285414
23387	-4.246548	7.360758	10.231197
23388	-0.847710	6.139238	10.129704
23389	2.629907	5.005355	9.999727
23390	6.156307	3.976188	9.886052
23391	9.702479	2.945637	9.924612
23392	13.197610	1.817317	10.201824
23393	16.485826	0.656467	10.784066
23394	19.390868	-0.536596	11.745043
23395	21.891967	-1.779662	12.893838
23396	24.031808	-3.165474	14.035681
23397	25.794393	-4.521190	14.963715
23398	27.125268	-5.506212	15.615124
23399	27.966928	-6.059248	16.120420
23400	28.162969	-6.056936	16.304181
23401	27.575541	-5.287974	15.976110
23402	26.283169	-4.031828	15.474248
23403	24.539493	-2.620005	15.028409
23404	22.557611	-1.002152	14.529303
23405	20.703685	0.633891	13.816864
23406	19.552468	1.783905	12.180620
23407	19.251731	2.933265	8.955684
23408	19.152931	4.231504	6.342241
23409	18.896516	4.758113	5.549580
23410	18.346098	4.768842	6.233013
23411	17.328030	4.587271	7.386248
23412	16.045820	4.595731	8.756142
23413	14.715494	4.935498	10.441302
23414	13.399460	5.618573	12.207633
23415	12.162242	6.162870	13.969469
23416	11.260937	6.227214	15.545296
23417	10.589371	6.281290	16.824364
23418	10.013903	6.044033	18.271041
23419	9.410706	5.705378	19.797127
23420	8.800108	5.575733	21.066869
23421	8.234337	5.667877	22.018311
23422	7.924323	5.905801	22.789087
23423	7.845088	6.207326	23.418140
23424	7.835626	6.342041	23.354834
23425	7.706157	6.540358	22.617810
23426	7.455889	6.941403	21.108181
23427	7.034734	7.296484	18.918533
23428	6.491748	7.580071	16.591984
23429	5.849564	7.884249	14.673918
23430	5.161529	8.173639	13.279585
23431	4.515405	8.350707	12.413072
23432	4.016347	8.377742	12.040342
23433	3.704783	8.310695	12.100376
23434	3.543757	8.214554	12.537639
23435	3.405102	8.150390	13.238814
23436	3.207551	8.132893	13.956831
23437	2.903114	8.158015	14.553336
23438	2.546521	8.201856	14.983638
23439	2.159387	8.308886	15.207365
23440	1.773059	8.419984	15.237610
23441	1.382843	8.552500	15.050407
23442	1.009850	8.669314	14.681371
23443	0.631372	8.797503	14.253407
23444	0.231510	8.951908	13.811958
23445	-0.222994	9.108285	13.407992
23446	-0.691614	9.243393	13.099929
23447	-1.193951	9.379990	12.876662
23448	-1.718048	9.519472	12.743753
23449	-2.285685	9.680835	12.686145
23450	-2.888657	9.836359	12.662346
23451	-3.534391	9.996040	12.623541
23452	-4.195632	10.164621	12.513912
23453	-4.903766	10.357375	12.307318
23454	-5.654957	10.547802	12.025974
23455	-6.470733	10.738796	11.666159
23456	-7.329463	10.932805	11.266286
23457	-8.250278	11.150410	10.854580
23458	-9.228735	11.388138	10.466712
23459	-10.281480	11.657464	10.132368
23460	-11.395115	11.933491	9.874525
23461	-12.561299	12.216197	9.686685
23462	-13.772682	12.524065	9.568822
23463	-15.040942	12.836574	9.497692
23464	-16.359541	13.135668	9.432683
23465	-17.715517	13.385981	9.343298
23466	-19.092243	13.619363	9.210815
23467	-20.530421	13.826804	8.953347
23468	-22.105335	13.958439	8.511099
23469	-23.751749	13.851876	7.983804
23470	-25.507573	13.544376	7.189781
23471	-27.413742	13.222844	6.028095
23472	-29.390097	13.049405	4.902355
23473	-31.371816	13.015376	3.961939
23474	-33.359030	13.058298	3.140037
23475	-35.305995	13.181908	2.341779
23476	-37.167302	13.330960	1.480190
23477	-38.784104	13.661071	0.640157
23478	-40.124786	14.389235	-0.084675
23479	-41.369173	15.571589	-0.633827
23480	-42.549638	16.685421	-1.132698
23481	-43.579853	17.264410	-1.642371
23482	-44.440905	17.275743	-2.126817
23483	-44.992983	16.676493	-2.535188
23484	-45.350379	15.833946	-2.903527
23485	-45.637861	15.062041	-3.270519
23486	-45.836925	14.278232	-3.646042
23487	-45.850844	13.500118	-4.049777
23488	-45.668596	12.994468	-4.417415
23489	-45.216630	12.790900	-4.617526
23490	-44.471368	12.757537	-4.573067
23491	-43.422771	12.904605	-4.283741
23492	-42.100904	13.251395	-3.775795
23493	-40.462027	13.693991	-3.061550
23494	-38.519030	14.111780	-2.200051
23495	-36.252896	14.414784	-1.253454
23496	-33.702485	14.542973	-0.277662
23497	-30.887097	14.445109	0.657362
23498	-27.914866	14.154109	1.525872
23499	-24.816844	13.650366	2.343855
23500	-21.624315	12.842844	3.066581
23501	-18.309015	11.750418	3.615197
23502	-14.903753	10.532971	3.973075
23503	-11.422572	9.359936	4.172831
23504	-7.929194	8.329526	4.254399
23505	-4.421579	7.426386	4.312136
23506	-0.893572	6.560522	4.415427
23507	2.653708	5.635015	4.525151
23508	6.215134	4.626600	4.571615
23509	9.793582	3.541902	4.681278
23510	13.316325	2.383141	4.987827
23511	16.627247	1.257256	5.526553
23512	19.549184	0.150732	6.342668
23513	22.073958	-1.064858	7.349028
23514	24.212983	-2.473445	8.463096
23515	25.930634	-3.882175	9.558776
23516	27.187769	-4.947647	10.578530
23517	27.947442	-5.600015	11.515815
23518	28.079306	-5.756315	12.207745
23519	27.482801	-5.151034	12.385364
23520	26.264781	-4.012042	12.231930
23521	24.656304	-2.706567	11.971290
23522	22.849109	-1.224886	11.499464
23523	21.080103	0.400462	10.813723
23524	19.864790	1.721713	9.346591
23525	19.597062	2.879664	5.718486
23526	19.797626	4.570375	2.710345
23527	19.976494	5.169573	2.358831
23528	19.755343	4.647904	3.740881
23529	18.850172	3.988720	5.573800
23530	17.556014	3.613580	7.697149
23531	16.187052	3.744012	10.239225
23532	14.860890	4.410183	12.726907
23533	13.548193	4.967144	14.571749
23534	12.470562	5.142778	15.668145
23535	11.529123	5.309358	16.477773
23536	10.685089	5.043980	17.421701
23537	9.947548	4.773061	18.082009
23538	9.364813	4.644432	18.514060
23539	9.028397	4.731345	18.996823
23540	8.916764	5.244517	19.624348
23541	8.815609	5.463366	19.524755
23542	8.590143	5.544985	18.711006
23543	8.277539	5.865229	17.329801
23544	7.913273	6.299716	15.331611
23545	7.463649	6.779057	13.257166
23546	6.970865	7.138448	11.712648
23547	6.410571	7.359334	10.820223
23548	5.932966	7.485544	10.498466
23549	5.572713	7.550149	10.632401
23550	5.380976	7.497922	11.111629
23551	5.310972	7.400095	11.826562
23552	5.275373	7.305334	12.677723
23553	5.161352	7.263420	13.466175
23554	4.949004	7.242050	14.062803
23555	4.661322	7.284461	14.411791
23556	4.372134	7.367026	14.485374
23557	4.051871	7.521395	14.303142
23558	3.714520	7.702153	13.928090
23559	3.332590	7.875088	13.439314
23560	2.918311	8.030466	12.951703
23561	2.446079	8.193188	12.519135
23562	1.937450	8.373844	12.211735
23563	1.417346	8.566345	12.056016
23564	0.928230	8.732032	12.049371
23565	0.452383	8.881591	12.124091
23566	-0.019840	9.004860	12.242376
23567	-0.535816	9.130209	12.333882
23568	-1.068516	9.259489	12.380306
23569	-1.623590	9.413717	12.362262
23570	-2.208146	9.602154	12.298724
23571	-2.861729	9.815478	12.177030
23572	-3.580573	10.055519	11.985967
23573	-4.355600	10.301549	11.732767
23574	-5.164427	10.544791	11.453020
23575	-6.021172	10.791486	11.164964
23576	-6.930758	11.047969	10.887078
23577	-7.885819	11.317684	10.658167
23578	-8.862091	11.612098	10.503794
23579	-9.886158	11.923974	10.408044
23580	-10.952916	12.237616	10.367932
23581	-12.066622	12.543360	10.371364
23582	-13.207049	12.835103	10.392886
23583	-14.388796	13.115587	10.369644
23584	-15.624696	13.382935	10.242596
23585	-16.930439	13.608006	9.970599
23586	-18.306874	13.765265	9.537198
23587	-19.780376	13.870614	8.945495
23588	-21.391753	13.840055	8.166960
23589	-23.123401	13.584825	7.263137
23590	-25.000961	13.224776	6.095716
23591	-26.967804	12.832325	4.758431
23592	-28.943482	12.555134	3.470957
23593	-30.920871	12.379776	2.283446
23594	-32.883475	12.272944	1.230063
23595	-34.769511	12.260300	0.318098
23596	-36.575848	12.319883	-0.625306
23597	-38.180491	12.549209	-1.519661
23598	-39.510427	13.148094	-2.256424
23599	-40.684690	14.247314	-2.834600
23600	-41.784475	15.372517	-3.337578
23601	-42.732910	16.078968	-3.817565
23602	-43.568224	16.375899	-4.270065
23603	-44.135096	16.129520	-4.542934
23604	-44.523906	15.429088	-4.751413
23605	-44.869795	14.792783	-4.981600
23606	-45.131841	14.238332	-5.155376
23607	-45.175272	13.662145	-5.310163
23608	-44.982558	13.188470	-5.463647
23609	-44.497879	12.921122	-5.486324
23610	-43.736329	12.950724	-5.248522
23611	-42.682121	13.254978	-4.730718
23612	-41.357939	13.706966	-3.979123
23613	-39.747622	14.190445	-3.057144
23614	-37.878199	14.596345	-2.024367
23615	-35.723198	14.905864	-0.912222
23616	-33.286031	15.066355	0.233287
23617	-30.556538	15.003555	1.347188
23618	-27.617295	14.758122	2.378768
23619	-24.487122	14.352250	3.410931
23620	-21.231236	13.746967	4.434169
23621	-17.877219	12.865052	5.355734
23622	-14.500772	11.800229	6.060290
23623	-11.144273	10.723015	6.511233
23624	-7.852002	9.719688	6.677297
23625	-4.589578	8.814876	6.661901
23626	-1.331033	7.970203	6.569039
23627	1.957563	7.116586	6.495630
23628	5.283124	6.190527	6.497358
23629	8.637628	5.118715	6.574454
23630	11.962338	3.932482	6.826911
23631	15.149625	2.830744	7.264296
23632	18.014605	1.804747	8.044781
23633	20.506188	0.693889	9.112747
23634	22.666433	-0.635712	10.314412
23635	24.522536	-2.095316	11.440469
23636	26.058579	-3.381094	12.369458
23637	27.218123	-4.242572	13.130415
23638	27.872347	-4.687940	13.761246
23639	27.859237	-4.569772	14.103727
23640	27.114119	-3.837429	14.071694
23641	25.784956	-2.780332	13.848104
23642	24.122124	-1.585770	13.528117
23643	22.305965	-0.154722	13.046026
23644	20.598198	1.361792	12.384438
23645	19.516394	2.534824	10.884957
23646	19.341368	3.587286	7.478585
23647	19.488858	5.062514	5.002450
23648	19.549826	5.411448	4.955217
23649	19.259902	4.900382	6.320972
23650	18.379586	4.360137	7.937627
23651	17.177761	4.138840	9.752837
23652	15.945297	4.312018	11.909582
23653	14.791654	4.811803	14.212189
23654	13.700115	5.172287	16.211736
23655	12.768297	5.324507	17.584735
23656	11.827395	5.772847	18.411226
23657	10.912612	5.717499	19.247294
23658	10.097796	5.412793	19.794921
23659	9.441767	5.460812	19.964326
23660	9.042779	5.645059	20.041531
23661	8.896570	6.061388	20.212070
23662	8.840308	6.413066	20.187846
23663	8.684269	6.619257	19.494638
23664	8.378672	6.873283	18.312225
23665	7.959947	7.255729	16.506128
23666	7.428238	7.723002	14.178913
23667	6.835628	8.124982	12.034587
23668	6.254465	8.399382	10.652767
23669	5.705561	8.567487	9.967523
23670	5.266054	8.649007	9.778568
23671	4.978599	8.631683	10.039084
23672	4.858638	8.518256	10.683483
23673	4.794334	8.349457	11.562173
23674	4.678013	8.240828	12.421878
23675	4.482844	8.163613	13.248159
23676	4.240198	8.113741	13.924031
23677	3.942128	8.133331	14.311799
23678	3.604993	8.210365	14.385744
23679	3.204340	8.355780	14.149762
23680	2.776538	8.495719	13.709569
23681	2.313143	8.654551	13.164470
23682	1.831839	8.805932	12.644971
23683	1.306606	8.981319	12.213641
23684	0.764618	9.162594	11.922856
23685	0.234209	9.344208	11.777884
23686	-0.272902	9.509215	11.778057
23687	-0.790286	9.670975	11.865041
23688	-1.326808	9.821352	12.004947
23689	-1.906117	9.974479	12.108880
23690	-2.502246	10.135717	12.156469
23691	-3.134410	10.326636	12.102036
23692	-3.813397	10.521374	11.945149
23693	-4.553274	10.720608	11.688692
23694	-5.328910	10.893219	11.352270
23695	-6.151447	11.089153	10.971781
23696	-7.016918	11.306303	10.609209
23697	-7.951208	11.576578	10.287615
23698	-8.938892	11.855850	10.029969
23699	-9.981690	12.143152	9.842814
23700	-11.062311	12.442712	9.743584
23701	-12.198376	12.771231	9.712434
23702	-13.376334	13.083328	9.728775
23703	-14.591320	13.386389	9.767843
23704	-15.836385	13.678700	9.783585
23705	-17.131535	13.948656	9.716541
23706	-18.467508	14.179055	9.562964
23707	-19.886152	14.384442	9.267812
23708	-21.435171	14.512403	8.814611
23709	-23.100227	14.453532	8.228674
23710	-24.897952	14.216798	7.388317
23711	-26.826653	13.889047	6.222828
23712	-28.772565	13.596108	5.012835
23713	-30.742401	13.377589	3.823325
23714	-32.746991	13.180145	2.655597
23715	-34.731862	12.981968	1.525603
23716	-36.683269	12.832438	0.372709
23717	-38.488176	12.834735	-0.750149
23718	-40.051914	13.208035	-1.698111
23719	-41.398745	14.021580	-2.375389
23720	-42.647979	14.904469	-2.946333
23721	-43.749647	15.397516	-3.489645
23722	-44.700733	15.507196	-3.895801
23723	-45.388437	15.195932	-4.074352
23724	-45.899039	14.700173	-4.164983
23725	-46.323258	14.357021	-4.181122
23726	-46.623549	14.042748	-4.091974
23727	-46.717338	13.694038	-4.033631
23728	-46.606337	13.552537	-3.991808
23729	-46.220493	13.731880	-3.758519
23730	-45.538519	14.152910	-3.222308
23731	-44.540569	14.744436	-2.424241
23732	-43.278022	15.449007	-1.488990
23733	-41.739158	16.122168	-0.463743
23734	-39.934512	16.626034	0.632351
23735	-37.842464	16.929638	1.794425
23736	-35.514610	17.005724	2.948383
23737	-32.969509	16.814175	4.007261
23738	-30.269532	16.367903	4.973689
23739	-27.424971	15.688812	5.852894
23740	-24.454771	14.796038	6.660885
23741	-21.342679	13.668383	7.339231
23742	-18.139544	12.336745	7.769521
23743	-14.851755	10.924576	7.914507
23744	-11.507718	9.576044	7.840792
23745	-8.101227	8.340306	7.595496
23746	-4.630382	7.214997	7.231035
23747	-1.061287	6.165657	6.843412
23748	2.582429	5.181584	6.469081
23749	6.275188	4.191716	6.108992
23750	9.946354	3.159032	5.752655
23751	13.523339	2.077931	5.545026
23752	16.879884	1.107242	5.597188
23753	19.862348	0.198160	6.076640
23754	22.436693	-0.767274	6.964553
23755	24.601736	-1.991858	8.106592
23756	26.292235	-3.403689	9.353422
23757	27.454318	-4.610585	10.582016
23758	28.059608	-5.436962	11.767467
23759	28.030168	-5.750976	12.724616
23760	27.258265	-5.330922	13.180153
23761	25.804987	-4.353367	13.321985
23762	23.938917	-3.129879	13.317707
23763	21.893516	-1.606853	13.191441
23764	20.198085	-0.137866	12.577174
23765	19.615770	0.659629	9.777942
23766	19.819251	1.804803	6.133952
23767	19.841371	3.183909	3.777856
23768	19.443131	3.735429	3.120855
23769	18.759223	3.742661	3.559616
23770	17.672526	3.765212	4.234756
23771	16.404106	4.104789	5.194849
23772	15.122745	4.868828	6.292239
23773	13.829882	5.611086	7.398615
23774	12.778917	5.795502	8.414573
23775	12.033623	5.884270	9.144448
23776	11.446669	5.916370	9.969070
23777	10.924019	5.651499	11.025332
23778	10.439638	5.218762	12.131253
23779	9.984496	4.834702	13.129387
23780	9.582688	4.674399	14.209800
23781	9.325221	4.710104	15.495642
23782	9.257694	4.810460	16.716874
23783	9.299441	4.749241	17.349120
23784	9.284719	4.762658	17.321865
23785	9.099798	5.083830	16.539125
23786	8.733760	5.468295	15.007965
23787	8.205268	5.788847	13.134663
23788	7.582252	6.104687	11.448886
23789	6.917610	6.450043	10.125373
23790	6.315306	6.736625	9.126024
23791	5.841584	6.845510	8.443115
23792	5.559068	6.819493	8.183469
23793	5.382477	6.743703	8.364406
23794	5.210877	6.651379	8.873615
23795	4.968713	6.527130	9.537665
23796	4.646650	6.443035	10.198304
23797	4.232277	6.483807	10.743168
23798	3.770295	6.586000	11.163129
23799	3.264883	6.720384	11.432778
23800	2.730258	6.850579	11.508755
23801	2.147234	7.003995	11.378225
23802	1.547564	7.166114	11.133813
23803	0.921550	7.358231	10.783578
23804	0.286350	7.539618	10.348188
23805	-0.382408	7.708346	9.827811
23806	-1.062540	7.899650	9.346452
23807	-1.733441	8.096358	8.911021
23808	-2.404268	8.335207	8.551255
23809	-3.069692	8.590552	8.403433
23810	-3.730781	8.837324	8.435685
23811	-4.424654	9.067747	8.505654
23812	-5.157829	9.310548	8.579455
23813	-5.940035	9.581449	8.635924
23814	-6.766694	9.849724	8.623519
23815	-7.642071	10.109119	8.529935
23816	-8.552568	10.372201	8.344518
23817	-9.531050	10.658490	8.096941
23818	-10.569469	10.950183	7.855685
23819	-11.683015	11.239855	7.662708
23820	-12.850302	11.526229	7.562953
23821	-14.064762	11.785915	7.519521
23822	-15.331668	12.042296	7.494882
23823	-16.661639	12.274404	7.422432
23824	-18.039902	12.449273	7.267802
23825	-19.472136	12.561541	7.009744
23826	-20.997723	12.608750	6.605301
23827	-22.681628	12.527215	6.014124
23828	-24.532341	12.259725	5.214573
23829	-26.538129	11.876932	4.088360
23830	-28.569569	11.482804	2.939789
23831	-30.604952	11.218586	1.799028
23832	-32.672064	11.070882	0.669126
23833	-34.674601	11.048161	-0.234249
23834	-36.548069	11.133965	-1.035482
23835	-38.233522	11.359462	-1.844982
23836	-39.635689	11.823399	-2.508534
23837	-40.811263	12.772911	-2.999463
23838	-41.986563	14.215770	-3.397583
23839	-43.052017	15.497989	-3.680894
23840	-43.990070	16.301441	-3.968128
23841	-44.702662	16.516655	-4.210073
23842	-45.129780	16.061841	-4.304366
23843	-45.416788	15.404651	-4.322290
23844	-45.688813	14.751010	-4.357700
23845	-45.830341	14.053801	-4.401231
23846	-45.780923	13.390797	-4.466342
23847	-45.478543	12.856550	-4.487072
23848	-44.908501	12.550788	-4.301440
23849	-44.023984	12.582160	-3.781698
23850	-42.823268	12.956288	-2.898536
23851	-41.294023	13.538614	-1.711779
23852	-39.489320	14.178512	-0.305196
23853	-37.425609	14.762538	1.219261
23854	-35.137777	15.192556	2.788453
23855	-32.600499	15.353319	4.345258
23856	-29.856249	15.217778	5.797165
23857	-26.935254	14.877945	7.153075
23858	-23.882708	14.366433	8.464286
23859	-20.677456	13.646245	9.753877
23860	-17.346326	12.717465	10.962872
23861	-13.893959	11.621890	12.049957
23862	-10.383870	10.446007	12.985829
23863	-6.849982	9.239222	13.738231
23864	-3.310640	8.014130	14.253486
23865	0.253818	6.767682	14.494496
23866	3.817685	5.538256	14.451699
23867	7.354702	4.403639	14.157265
23868	10.811750	3.362892	13.694024
23869	14.158894	2.360283	13.137884
23870	17.284877	1.481602	12.545988
23871	20.087943	0.863350	12.033816
23872	22.549967	0.353966	11.729691
23873	24.688829	-0.277996	11.646339
23874	26.434468	-0.981397	11.761849
23875	27.693882	-1.465117	12.020324
23876	28.382905	-1.697660	12.427694
23877	28.384596	-1.612390	12.769995
23878	27.610456	-1.070859	12.932954
23879	26.166284	-0.195885	13.025637
23880	24.306552	0.928394	13.104221
23881	22.338868	2.275136	13.076179
23882	20.827644	3.436454	12.363573
23883	20.283075	4.250165	9.663738
23884	20.373424	5.597222	6.993396
23885	20.373712	6.360936	6.192564
23886	20.159969	5.990024	7.117489
23887	19.480710	5.444948	8.534989
23888	18.375225	5.239608	10.109360
23889	17.187189	5.419071	12.094599
23890	16.048818	5.899598	14.217932
23891	14.954287	6.178564	16.044399
23892	14.089219	6.175360	17.265502
23893	13.330759	6.396534	17.939140
23894	12.608454	6.213814	18.585628
23895	11.897314	5.874999	19.046822
23896	11.294658	5.748477	19.211258
23897	10.865506	5.837556	19.219219
23898	10.636830	6.227779	19.388315
23899	10.462913	6.604407	19.454077
23900	10.289080	6.722579	19.041539
23901	10.041995	6.952035	18.333496
23902	9.750594	7.366024	17.145735
23903	9.309399	7.776716	15.486623
23904	8.760057	8.095284	13.836170
23905	8.160262	8.353161	12.604619
23906	7.584507	8.552987	11.828017
23907	7.065084	8.695426	11.315160
23908	6.676409	8.713481	11.062360
23909	6.403049	8.664651	11.111742
23910	6.205726	8.572834	11.425879
23911	5.989136	8.487139	11.852250
23912	5.711349	8.430985	12.182929
23913	5.364731	8.411216	12.330760
23914	4.982897	8.413570	12.348339
23915	4.575227	8.507884	12.255980
23916	4.156277	8.648047	12.023860
23917	3.712269	8.767195	11.680430
23918	3.261040	8.882166	11.311112
23919	2.807169	9.007288	10.997661
23920	2.334007	9.165016	10.715182
23921	1.836871	9.324138	10.545966
23922	1.341203	9.481247	10.473579
23923	0.834629	9.612054	10.465138
23924	0.310809	9.762062	10.475147
23925	-0.250523	9.918637	10.461355
23926	-0.833673	10.088735	10.426653
23927	-1.439187	10.270216	10.352670
23928	-2.062119	10.453178	10.232272
23929	-2.720254	10.632340	10.059728
23930	-3.438981	10.853470	9.821594
23931	-4.212445	11.072331	9.583873
23932	-5.015052	11.291727	9.373456
23933	-5.855664	11.511937	9.192976
23934	-6.729414	11.752755	9.031564
23935	-7.652891	12.002520	8.910157
23936	-8.629150	12.282757	8.818220
23937	-9.652608	12.581782	8.759971
23938	-10.714080	12.881930	8.704806
23939	-11.824631	13.171906	8.635436
23940	-12.980623	13.461255	8.543479
23941	-14.176809	13.729696	8.412651
23942	-15.421217	13.970039	8.178082
23943	-16.711856	14.166651	7.818271
23944	-18.060112	14.304869	7.328708
23945	-19.513439	14.401433	6.694125
23946	-21.095390	14.365004	5.927412
23947	-22.763258	14.155098	5.082754
23948	-24.579416	13.889327	3.975507
23949	-26.468342	13.594058	2.713472
23950	-28.388243	13.425411	1.486495
23951	-30.335833	13.373168	0.396295
23952	-32.276877	13.380005	-0.562942
23953	-34.169788	13.425939	-1.487803
23954	-35.985961	13.461023	-2.483292
23955	-37.591559	13.652027	-3.435496
23956	-38.930670	14.131710	-4.304200
23957	-40.105114	14.924415	-4.986870
23958	-41.246831	15.936043	-5.651418
23959	-42.252870	16.707798	-6.308394
23960	-43.076069	16.992641	-6.886142
23961	-43.618668	16.840362	-7.187282
23962	-43.946897	16.269948	-7.247520
23963	-44.228634	15.675560	-7.272202
23964	-44.469934	15.179518	-7.258426
23965	-44.505294	14.596259	-7.180953
23966	-44.322037	14.051921	-7.118288
23967	-43.870383	13.866923	-6.909821
23968	-43.120918	14.091419	-6.303883
23969	-42.023594	14.623939	-5.260779
23970	-40.616005	15.362709	-3.919595
23971	-38.924113	16.190747	-2.449463
23972	-37.004316	16.897134	-0.953765
23973	-34.821202	17.325524	0.567046
23974	-32.391723	17.469323	2.087751
23975	-29.746214	17.285271	3.535321
23976	-26.982811	16.778627	4.793654
23977	-24.096747	15.995863	5.884574
23978	-21.098618	14.918033	6.845040
23979	-18.001972	13.574688	7.611107
23980	-14.860044	12.115570	8.083461
23981	-11.697246	10.676032	8.220682
23982	-8.539067	9.313282	8.081006
23983	-5.331092	7.997859	7.742820
23984	-2.032573	6.762064	7.257525
23985	1.366249	5.659494	6.717961
23986	4.834995	4.674473	6.281174
23987	8.332345	3.750091	6.033919
23988	11.751746	2.783929	6.010756
23989	15.000014	1.771758	6.298998
23990	17.937015	0.729872	6.994398
23991	20.494703	-0.306408	8.032600
23992	22.682201	-1.406854	9.281857
23993	24.498092	-2.683683	10.591023
23994	25.908956	-3.962287	11.817007
23995	26.919254	-4.925008	12.859461
23996	27.497994	-5.463007	13.685856
23997	27.535304	-5.448900	14.141917
23998	26.927811	-4.778400	14.129950
23999	25.737687	-3.667501	13.865751
24000	24.163666	-2.380631	13.540198
24001	22.375348	-0.850634	13.134231
24002	20.703042	0.732047	12.536669
24003	19.697300	1.954714	10.834362
24004	19.532616	3.149794	7.325952
24005	19.562889	4.686362	4.764583
24006	19.478329	5.165171	4.485002
24007	19.065731	4.863010	5.803664
24008	18.092096	4.416374	7.458544
24009	16.871223	4.212748	9.379748
24010	15.641336	4.380323	11.565449
24011	14.464635	4.883824	13.687196
24012	13.342979	5.225529	15.555501
24013	12.418893	5.357073	17.015881
24014	11.603212	5.605213	18.151690
24015	10.872506	5.414429	19.361397
24016	10.208116	5.103499	20.443445
24017	9.634537	4.946098	21.294212
24018	9.193270	4.953372	21.923087
24019	8.954225	5.217086	22.456101
24020	8.833851	5.449577	22.695591
24021	8.730439	5.568268	22.314560
24022	8.541372	5.901875	21.398309
24023	8.226269	6.424514	19.796084
24024	7.761410	6.854262	17.599989
24025	7.188606	7.194125	15.311161
24026	6.594452	7.605076	13.482936
24027	5.978479	8.032729	12.289154
24028	5.440260	8.314089	11.697849
24029	5.013905	8.419745	11.566611
24030	4.751213	8.398237	11.794922
24031	4.593290	8.334367	12.310338
24032	4.467893	8.255831	13.034806
24033	4.298716	8.235420	13.829733
24034	4.093800	8.250536	14.556375
24035	3.843079	8.296592	15.130883
24036	3.565904	8.360813	15.494964
24037	3.237031	8.429200	15.588687
24038	2.871489	8.481159	15.400505
24039	2.476173	8.502150	14.973954
24040	2.075993	8.546591	14.430926
24041	1.630332	8.687825	13.802453
24042	1.133036	8.806818	13.096628
24043	0.556978	8.935684	12.423187
24044	-0.055534	9.117072	11.902469
24045	-0.675748	9.310767	11.557391
24046	-1.298326	9.469307	11.295488
24047	-1.939535	9.648031	11.124673
24048	-2.587120	9.858943	10.974909
24049	-3.238751	10.051065	10.902975
24050	-3.901074	10.248479	10.830235
24051	-4.614508	10.468374	10.686953
24052	-5.370758	10.705497	10.472227
24053	-6.165725	10.941867	10.245419
24054	-6.990939	11.183098	9.992208
24055	-7.865096	11.439623	9.713724
24056	-8.798381	11.729352	9.419157
24057	-9.815975	12.053841	9.148353
24058	-10.884390	12.387222	8.939048
24059	-12.008932	12.711918	8.768726
24060	-13.175862	13.032733	8.625632
24061	-14.389223	13.333812	8.478605
24062	-15.650917	13.615203	8.300202
24063	-16.971024	13.851073	8.029152
24064	-18.330670	14.022347	7.664450
24065	-19.764211	14.156017	7.184169
24066	-21.315157	14.219613	6.582664
24067	-22.987559	14.119164	5.883100
24068	-24.781753	13.895814	5.031576
24069	-26.702231	13.601728	3.916073
24070	-28.650828	13.352010	2.824464
24071	-30.614908	13.224418	1.837219
24072	-32.606464	13.192235	0.927696
24073	-34.556434	13.227183	0.085542
24074	-36.447201	13.305309	-0.804648
24075	-38.146554	13.485181	-1.679807
24076	-39.551944	13.898678	-2.435889
24077	-40.771267	14.629656	-3.038492
24078	-41.980855	15.734524	-3.615019
24079	-43.081915	16.706369	-4.155438
24080	-44.027182	17.213268	-4.621468
24081	-44.685594	17.150274	-4.850107
24082	-45.080950	16.598799	-4.884989
24083	-45.368204	16.004298	-4.847830
24084	-45.621496	15.481815	-4.761846
24085	-45.716023	14.875420	-4.685515
24086	-45.624355	14.327399	-4.667540
24087	-45.305374	14.034233	-4.595601
24088	-44.751242	14.020599	-4.293145
24089	-43.897981	14.252869	-3.679003
24090	-42.744248	14.656031	-2.786381
24091	-41.243160	15.146937	-1.658775
24092	-39.440123	15.695304	-0.368856
24093	-37.316464	16.185400	1.073728
24094	-34.909110	16.490970	2.585685
24095	-32.254003	16.500967	4.061954
24096	-29.446800	16.196507	5.413002
24097	-26.535389	15.606594	6.612103
24098	-23.565700	14.718160	7.653225
24099	-20.520358	13.544564	8.465288
24100	-17.427909	12.200812	8.956853
24101	-14.267160	10.849736	9.166573
24102	-11.051212	9.560533	9.209201
24103	-7.767822	8.335418	9.146914
24104	-4.409734	7.204789	9.048265
24105	-0.959957	6.128027	8.986395
24106	2.552621	5.058516	8.947132
24107	6.103571	3.992575	8.878857
24108	9.617454	2.913624	8.852224
24109	13.011220	1.802418	8.958008
24110	16.142069	0.754994	9.341982
24111	18.902118	-0.258977	10.120723
24112	21.253933	-1.340532	11.226542
24113	23.200824	-2.670225	12.523294
24114	24.716325	-4.138219	13.804037
24115	25.780973	-5.387118	14.975811
24116	26.397400	-6.202240	16.017267
24117	26.524042	-6.575565	16.846007
24118	26.028933	-6.297645	17.217225
24119	24.926613	-5.451194	17.143897
24120	23.364627	-4.240619	16.863694
24121	21.541886	-2.740973	16.489823
24122	19.983912	-1.203782	15.487225
24123	19.394170	-0.072022	12.064983
24124	19.319283	1.500046	8.523349
24125	19.042620	2.849322	6.891513
24126	18.488561	3.244369	6.777080
24127	17.583948	3.365833	7.458126
24128	16.401071	3.500287	8.470998
24129	15.112470	3.838452	9.770475
24130	13.845113	4.597274	11.044714
24131	12.608074	5.369941	12.121160
24132	11.573155	5.679897	12.838126
24133	10.751416	5.878364	13.300846
24134	10.079593	5.708233	14.085436
24135	9.449768	5.398189	15.153649
24136	8.876184	5.224926	16.263330
24137	8.361931	5.208157	17.402226
24138	7.973960	5.235531	18.686054
24139	7.753788	5.474719	20.039856
24140	7.693125	5.498306	20.898719
24141	7.634662	5.400570	21.153160
24142	7.475464	5.611896	20.602326
24143	7.167793	5.911344	19.317105
24144	6.759079	6.197865	17.700999
24145	6.295648	6.540845	16.209570
24146	5.779172	6.936920	14.905474
24147	5.232828	7.279355	13.800426
24148	4.763518	7.482798	12.963534
24149	4.419757	7.574905	12.475260
24150	4.216016	7.604183	12.391367
24151	4.084007	7.612447	12.637718
24152	3.963082	7.612895	13.081005
24153	3.775869	7.630279	13.577697
24154	3.532380	7.639452	14.022413
24155	3.249126	7.666723	14.321634
24156	2.952989	7.685250	14.438384
24157	2.644021	7.702703	14.390230
24158	2.330081	7.709391	14.162257
24159	1.973380	7.751448	13.764145
24160	1.566014	7.856533	13.254605
24161	1.103095	7.992487	12.771833
24162	0.599871	8.125385	12.331390
24163	0.036817	8.267505	11.958969
24164	-0.562276	8.435219	11.681195
24165	-1.193025	8.630775	11.489019
24166	-1.825158	8.825622	11.371293
24167	-2.461653	9.005469	11.307137
24168	-3.093152	9.190012	11.270389
24169	-3.735835	9.366609	11.233194
24170	-4.391992	9.555299	11.216731
24171	-5.077855	9.754052	11.172141
24172	-5.807979	9.968362	11.079987
24173	-6.601602	10.209636	10.952481
24174	-7.448099	10.465701	10.812289
24175	-8.351220	10.718017	10.683279
24176	-9.313434	11.000156	10.547903
24177	-10.332296	11.292294	10.439550
24178	-11.411330	11.597617	10.355941
24179	-12.534930	11.886369	10.320816
24180	-13.698103	12.166871	10.303953
24181	-14.904132	12.435769	10.270429
24182	-16.164105	12.677316	10.154575
24183	-17.486702	12.872793	9.907647
24184	-18.883447	13.004426	9.495929
24185	-20.381195	13.083303	8.919783
24186	-22.048011	13.056952	8.155423
24187	-23.885654	12.850400	7.210458
24188	-25.911944	12.584627	5.996662
24189	-28.019421	12.343862	4.797377
24190	-30.102164	12.216278	3.764347
24191	-32.173623	12.230880	2.848842
24192	-34.206106	12.347311	2.029376
24193	-36.138484	12.523899	1.248115
24194	-37.900082	12.788330	0.478141
24195	-39.403741	13.389762	-0.186739
24196	-40.767141	14.403416	-0.725902
24197	-42.061165	15.671397	-1.208611
24198	-43.288116	16.703261	-1.703348
24199	-44.360607	17.294878	-2.169661
24200	-45.215216	17.446199	-2.526225
24201	-45.809428	17.241257	-2.715407
24202	-46.212650	16.857452	-2.700153
24203	-46.487622	16.367538	-2.633343
24204	-46.593352	15.839423	-2.559784
24205	-46.455965	15.322574	-2.533385
24206	-46.083833	15.089911	-2.455580
24207	-45.422049	15.224694	-2.110001
24208	-44.460723	15.578115	-1.410209
24209	-43.158511	16.007944	-0.424274
24210	-41.578911	16.494752	0.709126
24211	-39.752039	16.981958	1.929716
24212	-37.703568	17.327335	3.208223
24213	-35.404351	17.444765	4.513907
24214	-32.914500	17.287364	5.728877
24215	-30.266902	16.870390	6.784651
24216	-27.498296	16.284929	7.691144
24217	-24.542099	15.576383	8.592692
24218	-21.375569	14.696214	9.527521
24219	-18.032390	13.638363	10.380554
24220	-14.620051	12.487058	11.077279
24221	-11.225870	11.347085	11.528740
24222	-7.892219	10.248273	11.730126
24223	-4.578130	9.192445	11.699978
24224	-1.265411	8.148823	11.462712
24225	2.087517	7.044748	11.067092
24226	5.498676	5.868409	10.581589
24227	8.953817	4.689432	10.105123
24228	12.394979	3.533903	9.820535
24229	15.696579	2.490289	9.764142
24230	18.667921	1.516138	10.105570
24231	21.235325	0.473144	10.811730
24232	23.415666	-0.769434	11.730798
24233	25.220595	-2.180836	12.702098
24234	26.621267	-3.479609	13.645066
24235	27.561947	-4.376502	14.560953
24236	27.952118	-4.859760	15.468786
24237	27.670774	-4.814187	16.124226
24238	26.730797	-4.210858	16.368101
24239	25.316070	-3.276380	16.364815
24240	23.609179	-2.159158	16.260502
24241	21.770042	-0.783332	15.985361
24242	20.045815	0.743901	15.546020
24243	18.959089	1.917388	14.398299
24244	18.842150	2.810478	11.456789
24245	19.020763	4.166325	8.536715
24246	18.948885	4.909583	7.697739
24247	18.572551	4.741620	8.877104
24248	17.530414	4.341528	10.575641
24249	16.126833	4.234764	12.315775
24250	14.731671	4.580414	14.137172
24251	13.414395	5.323538	15.784061
24252	12.222362	5.863510	17.153246
24253	11.362906	6.165087	18.132320
24254	10.753295	6.187409	19.100634
24255	10.184493	6.009732	20.351298
24256	9.629955	5.845393	21.767226
24257	9.056013	5.797167	22.968546
24258	8.504257	5.842676	23.829220
24259	8.193032	6.093788	24.751476
24260	8.092820	6.364014	25.397559
24261	8.053647	6.444921	25.386754
24262	7.914272	6.712645	24.671865
24263	7.628015	7.074800	23.234636
24264	7.196550	7.430799	21.311452
24265	6.672278	7.760629	19.405030
24266	6.069853	8.065793	17.802831
24267	5.415265	8.367316	16.537467
24268	4.852147	8.541504	15.593445
24269	4.457846	8.583629	14.988349
24270	4.266690	8.565293	14.829559
24271	4.182697	8.496628	15.103246
24272	4.118442	8.387863	15.599516
24273	3.977040	8.305173	16.131760
24274	3.774628	8.272180	16.621814
24275	3.528082	8.265604	16.983327
24276	3.256531	8.304469	17.198858
24277	2.946251	8.366850	17.211436
24278	2.618135	8.454925	17.026814
24279	2.270532	8.543325	16.648495
24280	1.893973	8.655863	16.132020
24281	1.480432	8.792747	15.652220
24282	1.057205	8.944001	15.278224
24283	0.605361	9.126884	14.993509
24284	0.113594	9.327857	14.794450
24285	-0.427943	9.540890	14.682074
24286	-1.007354	9.756271	14.635234
24287	-1.621691	9.977298	14.630087
24288	-2.255811	10.205196	14.602371
24289	-2.927027	10.453220	14.526623
24290	-3.657402	10.704289	14.345868
24291	-4.433517	10.949511	14.110113
24292	-5.248614	11.207001	13.814673
24293	-6.109446	11.479490	13.484877
24294	-7.020862	11.754628	13.126015
24295	-7.997269	12.055780	12.774468
24296	-9.022822	12.350052	12.457610
24297	-10.105193	12.660520	12.168784
24298	-11.235740	12.968835	11.936168
24299	-12.439560	13.299888	11.736752
24300	-13.690333	13.601195	11.552134
24301	-14.975195	13.885391	11.358788
24302	-16.292433	14.136418	11.121836
24303	-17.647739	14.341702	10.789316
24304	-19.052857	14.505228	10.344577
24305	-20.567633	14.607628	9.741194
24306	-22.153747	14.521618	9.062876
24307	-23.865938	14.327442	8.173088
24308	-25.722967	14.118760	7.072422
24309	-27.629403	13.962719	5.966870
24310	-29.575308	13.900928	4.988615
24311	-31.513398	13.910132	4.141047
24312	-33.454768	14.015894	3.295208
24313	-35.346342	14.144681	2.359323
24314	-37.111249	14.318970	1.377434
24315	-38.594641	14.722086	0.516484
24316	-39.865229	15.431500	-0.117062
24317	-41.070880	16.393970	-0.678360
24318	-42.229122	17.163731	-1.353452
24319	-43.236448	17.585516	-2.098647
24320	-43.962637	17.607558	-2.584417
24321	-44.359558	17.190594	-2.755134
24322	-44.625858	16.632070	-2.811204
24323	-44.847482	16.003824	-2.927771
24324	-44.961270	15.280190	-3.148246
24325	-44.865131	14.538492	-3.397341
24326	-44.536306	14.009988	-3.546723
24327	-43.895392	13.768006	-3.411816
24328	-42.942645	13.803350	-2.940504
24329	-41.655940	14.004707	-2.182824
24330	-40.096073	14.272823	-1.286768
24331	-38.273017	14.572097	-0.315138
24332	-36.191881	14.791245	0.758092
24333	-33.822203	14.863492	1.934956
24334	-31.210575	14.765983	3.127084
24335	-28.384662	14.485260	4.255373
24336	-25.415784	14.054461	5.309561
24337	-22.300074	13.445007	6.323341
24338	-19.039489	12.596729	7.301035
24339	-15.647938	11.506303	8.078165
24340	-12.176466	10.297574	8.586770
24341	-8.630726	9.065892	8.882511
24342	-5.055250	7.888995	9.006724
24343	-1.453874	6.785849	9.049406
24344	2.136817	5.707133	9.086710
24345	5.704126	4.607927	9.101930
24346	9.218414	3.475038	9.154270
24347	12.636178	2.270664	9.348944
24348	15.845172	1.123725	9.662802
24349	18.709332	-0.001085	10.318617
24350	21.181935	-1.217299	11.367891
24351	23.254475	-2.643907	12.718128
24352	24.897508	-4.220298	14.170668
24353	26.105223	-5.608459	15.565609
24354	26.870787	-6.593142	16.838042
24355	27.159785	-7.098495	17.794516
24356	26.862351	-6.906267	18.188739
24357	25.991605	-6.059059	18.064867
24358	24.712050	-4.857463	17.609426
24359	23.165478	-3.405059	16.904196
24360	21.500407	-1.732609	15.959254
24361	19.864324	0.149635	14.711201
24362	18.669280	1.667443	13.096827
24363	18.428459	2.518490	10.011339
24364	18.734063	4.003196	5.812612
24365	18.916158	5.543913	3.813075
24366	18.901438	5.521160	4.659979
24367	18.070990	4.760745	6.644932
24368	16.786283	4.311217	8.737586
24369	15.545267	4.295850	11.198353
24370	14.457902	4.632944	13.654963
24371	13.492224	5.008372	15.697962
24372	12.693143	5.167454	17.300161
24373	12.017951	5.496873	18.466575
24374	11.380037	5.663218	19.550818
24375	10.750848	5.492365	20.594562
24376	10.167154	5.267428	21.467559
24377	9.650467	5.144924	22.239189
24378	9.279889	5.249934	22.816023
24379	9.128016	5.489587	23.242009
24380	9.123298	5.677621	23.277126
24381	9.115820	5.886235	22.851156
24382	8.983544	6.319125	21.880585
24383	8.661478	6.814515	20.236302
24384	8.175432	7.205752	18.146484
24385	7.600553	7.564597	16.172517
24386	7.013509	7.980945	14.638691
24387	6.482253	8.273076	13.611599
24388	6.086102	8.420950	13.046806
24389	5.853565	8.433914	12.902956
24390	5.755455	8.364319	13.175037
24391	5.686424	8.247350	13.757052
24392	5.584176	8.116627	14.423206
24393	5.407974	7.998452	15.038489
24394	5.167034	7.900955	15.529135
24395	4.850249	7.869580	15.803204
24396	4.477027	7.895803	15.840467
24397	4.052155	7.949685	15.661582
24398	3.595818	8.038285	15.334036
24399	3.092404	8.152080	14.912971
24400	2.546276	8.261323	14.419755
24401	1.945164	8.398719	13.898438
24402	1.308597	8.573348	13.401961
24403	0.653760	8.759048	12.960114
24404	0.016192	8.933398	12.583275
24405	-0.617934	9.103728	12.252486
24406	-1.249208	9.284190	12.018052
24407	-1.905522	9.474616	11.812664
24408	-2.582431	9.664805	11.600714
24409	-3.290821	9.863797	11.332753
24410	-4.026259	10.087835	11.051153
24411	-4.813277	10.327828	10.769875
24412	-5.642264	10.577837	10.485618
24413	-6.528350	10.843292	10.176516
24414	-7.469788	11.133315	9.836916
24415	-8.475149	11.438781	9.477012
24416	-9.541477	11.760928	9.148555
24417	-10.667250	12.077905	8.859112
24418	-11.819184	12.370461	8.641687
24419	-13.015603	12.650622	8.449628
24420	-14.271931	12.915464	8.265091
24421	-15.591424	13.151041	8.069445
24422	-16.952873	13.336603	7.812374
24423	-18.350999	13.473865	7.475429
24424	-19.850803	13.590271	6.989451
24425	-21.474654	13.602042	6.415801
24426	-23.224100	13.516800	5.748497
24427	-25.108975	13.397750	4.911180
24428	-27.052944	13.280797	4.066370
24429	-29.042034	13.290410	3.321083
24430	-31.069608	13.397297	2.647855
24431	-33.078835	13.543371	1.972498
24432	-34.991735	13.718775	1.249289
24433	-36.710490	13.900644	0.495131
24434	-38.179440	14.220176	-0.209866
24435	-39.429761	14.804711	-0.762294
24436	-40.650695	15.737830	-1.206279
24437	-41.860974	16.817444	-1.639112
24438	-42.988751	17.639289	-2.093098
24439	-43.872646	18.036851	-2.474581
24440	-44.439978	17.995328	-2.622140
24441	-44.723393	17.704694	-2.516166
24442	-44.928702	17.294764	-2.400375
24443	-45.061460	16.812748	-2.341555
24444	-45.034660	16.205967	-2.332899
24445	-44.783886	15.565750	-2.316098
24446	-44.312408	15.150284	-2.179076
24447	-43.568879	14.970406	-1.786764
24448	-42.551482	14.975789	-1.121287
24449	-41.236662	15.103300	-0.253772
24450	-39.656226	15.300575	0.738194
24451	-37.789454	15.495606	1.829461
24452	-35.661510	15.589570	3.013135
24453	-33.272226	15.525928	4.248500
24454	-30.698649	15.234886	5.434287
24455	-27.961068	14.692148	6.494314
24456	-25.110461	13.940685	7.439462
24457	-22.108082	12.999719	8.310070
24458	-18.940933	11.847741	9.108810
24459	-15.611306	10.542418	9.787751
24460	-12.211357	9.204825	10.305356
24461	-8.775299	7.923498	10.645354
24462	-5.326238	6.768588	10.860186
24463	-1.835513	5.692824	11.018801
24464	1.674750	4.629763	11.069185
24465	5.202008	3.530519	10.960000
24466	8.697997	2.469164	10.734225
24467	12.112626	1.418202	10.608099
24468	15.369682	0.375171	10.676732
24469	18.315477	-0.553810	10.996018
24470	20.866721	-1.435911	11.655972
24471	23.043797	-2.440143	12.554360
24472	24.830706	-3.651851	13.536273
24473	26.192949	-4.799353	14.427566
24474	27.123976	-5.575031	15.163756
24475	27.579413	-5.924756	15.739026
24476	27.381000	-5.714671	16.032192
24477	26.464040	-4.897344	16.015217
24478	25.002417	-3.721023	15.821265
24479	23.210385	-2.310519	15.599854
24480	21.412415	-0.721291	15.161903
24481	20.223287	0.635998	13.382782
24482	19.929917	1.859429	9.476036
24483	19.800586	3.543929	6.870866
24484	19.528021	4.258402	6.125517
24485	18.919345	4.296965	6.487939
24486	17.903843	4.292375	7.342298
24487	16.591279	4.377121	8.716344
24488	15.246871	4.796310	10.527798
24489	13.917742	5.464220	12.456708
24490	12.769591	5.676540	14.278767
24491	11.970809	5.544035	15.711762
24492	11.319668	5.440190	17.133685
24493	10.691460	5.047416	18.962098
24494	10.078432	4.689024	20.627167
24495	9.499028	4.600075	21.728090
24496	9.080548	4.789278	22.537856
24497	8.986514	5.146016	23.427824
24498	8.987221	5.360431	23.799162
24499	8.850221	5.330377	23.323419
24500	8.612620	5.628349	22.176355
24501	8.293763	6.053881	20.257898
24502	7.847631	6.448481	17.779804
24503	7.295954	6.844076	15.612941
24504	6.664780	7.198549	14.082663
24505	6.004543	7.477223	13.025104
24506	5.438499	7.615092	12.376775
24507	5.040113	7.623257	12.250926
24508	4.836003	7.536871	12.599536
24509	4.715601	7.428157	13.265640
24510	4.543571	7.372338	14.048609
24511	4.267409	7.389550	14.808416
24512	3.928581	7.461731	15.462530
24513	3.560247	7.537923	15.922415
24514	3.191376	7.634919	16.117955
24515	2.815645	7.741413	16.075477
24516	2.443212	7.863286	15.706425
24517	2.052893	8.021127	15.234464
24518	1.651680	8.174427	14.774466
24519	1.206558	8.345945	14.358100
24520	0.735852	8.501563	14.022865
24521	0.239538	8.663321	13.787215
24522	-0.269002	8.828535	13.643390
24523	-0.805235	9.003845	13.599252
24524	-1.351759	9.164019	13.629014
24525	-1.912311	9.315511	13.675185
24526	-2.475473	9.465412	13.659637
24527	-3.076164	9.649525	13.568338
24528	-3.723371	9.866814	13.395836
24529	-4.416680	10.063477	13.162121
24530	-5.134101	10.242239	12.892543
24531	-5.904506	10.443004	12.587532
24532	-6.711851	10.647293	12.294430
24533	-7.595634	10.894139	12.003875
24534	-8.532584	11.131158	11.732415
24535	-9.538923	11.405815	11.477110
24536	-10.601343	11.692294	11.252483
24537	-11.742772	12.004415	11.049336
24538	-12.938680	12.305665	10.896863
24539	-14.190736	12.599844	10.767450
24540	-15.499030	12.885858	10.612124
24541	-16.858561	13.144798	10.416973
24542	-18.286719	13.394503	10.140844
24543	-19.832203	13.632652	9.753807
24544	-21.494893	13.729926	9.265086
24545	-23.222503	13.588036	8.695438
24546	-25.034057	13.243748	7.845829
24547	-26.976441	12.943650	6.640606
24548	-28.950740	12.786772	5.499946
24549	-30.888251	12.699320	4.492027
24550	-32.815706	12.647168	3.548923
24551	-34.683989	12.659547	2.639593
24552	-36.469385	12.711412	1.653486
24553	-38.055216	12.923133	0.658240
24554	-39.392297	13.478648	-0.251241
24555	-40.559175	14.492043	-0.983405
24556	-41.650173	15.558618	-1.650806
24557	-42.589585	16.169939	-2.335192
24558	-43.382026	16.282444	-2.958894
24559	-43.927055	15.801874	-3.450667
24560	-44.316394	15.012929	-3.839931
24561	-44.652737	14.266566	-4.150016
24562	-44.914586	13.523093	-4.406052
24563	-45.006598	12.764581	-4.718610
24564	-44.890883	12.200308	-5.037890
24565	-44.488768	12.033275	-5.119247
24566	-43.784774	12.312744	-4.780187
24567	-42.742165	12.919750	-4.016333
24568	-41.387249	13.700598	-2.976495
24569	-39.732621	14.555622	-1.802746
24570	-37.825903	15.339911	-0.582973
24571	-35.642060	15.946549	0.707261
24572	-33.218420	16.339681	2.044309
24573	-30.561769	16.446012	3.344745
24574	-27.754547	16.266307	4.518383
24575	-24.824316	15.887174	5.601310
24576	-21.755021	15.261338	6.677117
24577	-18.527058	14.338130	7.654915
24578	-15.189817	13.207373	8.392352
24579	-11.773611	12.008687	8.846462
24580	-8.335870	10.808170	9.020452
24581	-4.868475	9.647707	8.939172
24582	-1.358037	8.586739	8.662557
24583	2.226551	7.598920	8.273856
24584	5.881498	6.632636	7.789014
24585	9.593071	5.650758	7.173711
24586	13.281338	4.618123	6.590160
24587	16.838877	3.607813	6.174284
24588	20.049594	2.798058	6.080415
24589	22.840763	2.015013	6.524989
24590	25.217318	1.016486	7.238722
24591	27.141547	-0.252113	8.125110
24592	28.526220	-1.529177	9.122251
24593	29.338462	-2.526498	10.197254
24594	29.477541	-3.065478	11.261838
24595	28.738137	-2.807830	11.957715
24596	27.176483	-1.900548	12.377137
24597	25.154231	-0.678422	12.661964
24598	22.989581	0.777956	12.739320
24599	21.133365	2.185876	12.338486
24600	20.127606	3.182503	10.575554
24601	19.980622	4.330322	7.442485
24602	19.923942	5.746074	5.112741
24603	19.632609	6.230726	4.735783
24604	19.164001	5.937032	5.731843
24605	18.149607	5.627764	6.927502
24606	16.909636	5.606688	8.442939
24607	15.689265	5.962308	10.240679
24608	14.536904	6.526062	12.130919
24609	13.520239	6.828099	13.804339
24610	12.744795	6.985883	14.893552
24611	12.056764	6.983731	15.638469
24612	11.350025	6.572550	16.421768
24613	10.608923	6.315242	17.008315
24614	9.956176	6.314679	17.329507
24615	9.520773	6.362533	17.592849
24616	9.349375	6.607059	18.065072
24617	9.269255	6.818238	18.235878
24618	9.199649	6.823262	17.845679
24619	9.030817	7.013748	16.954459
24620	8.742664	7.330386	15.405600
24621	8.246635	7.665718	13.305851
24622	7.639465	7.955234	11.299360
24623	6.983719	8.208377	9.820422
24624	6.384776	8.410342	8.846776
24625	5.913992	8.498707	8.264679
24626	5.620015	8.495212	8.087771
24627	5.491222	8.416751	8.329426
24628	5.436880	8.284159	8.854179
24629	5.338791	8.145307	9.509578
24630	5.162594	8.062875	10.053078
24631	4.908030	8.023054	10.525106
24632	4.623926	8.020750	10.924771
24633	4.290230	8.089420	11.138492
24634	3.913223	8.227886	11.174987
24635	3.473865	8.413529	11.097883
24636	2.969992	8.605829	10.969183
24637	2.400532	8.793698	10.804061
24638	1.802868	8.965798	10.652196
24639	1.187187	9.165361	10.498364
24640	0.590567	9.350475	10.376834
24641	-0.005612	9.533619	10.254124
24642	-0.583549	9.671195	10.165837
24643	-1.172318	9.805959	10.104946
24644	-1.776872	9.970217	10.060243
24645	-2.419671	10.160227	10.034310
24646	-3.098866	10.376950	9.980214
24647	-3.819497	10.594232	9.883265
24648	-4.584318	10.811801	9.723172
24649	-5.418662	11.038410	9.496432
24650	-6.298398	11.280596	9.227402
24651	-7.236107	11.532800	8.934909
24652	-8.221970	11.803436	8.632579
24653	-9.273426	12.087007	8.325408
24654	-10.380123	12.363893	8.040849
24655	-11.531943	12.631357	7.796626
24656	-12.717317	12.897295	7.588971
24657	-13.941219	13.152835	7.402764
24658	-15.218743	13.412862	7.205317
24659	-16.536926	13.633185	6.979077
24660	-17.904431	13.850620	6.688025
24661	-19.340402	14.052124	6.313032
24662	-20.921195	14.163203	5.772771
24663	-22.583693	14.035761	5.130501
24664	-24.381302	13.684162	4.143524
24665	-26.326594	13.242988	2.713481
24666	-28.354989	12.922374	1.215953
24667	-30.405246	12.713552	-0.142005
24668	-32.436406	12.534771	-1.341551
24669	-34.406374	12.413080	-2.445143
24670	-36.283941	12.366963	-3.521725
24671	-37.969851	12.540787	-4.523369
24672	-39.369797	13.110718	-5.437522
24673	-40.517601	14.236822	-6.140656
24674	-41.524471	15.574705	-6.684708
24675	-42.344686	16.548353	-7.100618
24676	-43.057039	17.004432	-7.458500
24677	-43.548630	16.947625	-7.615844
24678	-43.920782	16.374635	-7.676867
24679	-44.318895	15.831319	-7.814139
24680	-44.687419	15.394062	-7.952423
24681	-44.834577	14.929364	-7.992026
24682	-44.726585	14.529910	-7.972263
24683	-44.330421	14.329272	-7.855797
24684	-43.633814	14.446322	-7.452923
24685	-42.597512	14.896596	-6.660606
24686	-41.246691	15.535302	-5.563819
24687	-39.570141	16.239141	-4.254490
24688	-37.603083	16.904013	-2.820964
24689	-35.336078	17.433917	-1.303316
24690	-32.793640	17.705807	0.251358
24691	-30.014076	17.671553	1.707927
24692	-27.100107	17.403091	3.000806
24693	-24.067653	16.880262	4.231695
24694	-20.961198	16.081464	5.376827
24695	-17.785256	14.991231	6.377658
24696	-14.559781	13.649850	7.163793
24697	-11.297575	12.185524	7.677034
24698	-8.035029	10.755461	7.897681
24699	-4.752920	9.460154	7.857061
24700	-1.398307	8.253726	7.657384
24701	2.076426	7.097892	7.353730
24702	5.640717	5.998806	6.966152
24703	9.243511	4.992119	6.487689
24704	12.793484	4.041288	6.001847
24705	16.203246	3.091014	5.626673
24706	19.325706	2.265883	5.363487
24707	22.074336	1.620194	5.322965
24708	24.482343	1.027408	5.479045
24709	26.547600	0.302792	5.758260
24710	28.178948	-0.395689	6.095159
24711	29.281227	-0.839341	6.512947
24712	29.762391	-1.031801	7.016866
24713	29.483667	-0.801766	7.367290
24714	28.385270	-0.110685	7.566355
24715	26.640176	0.824316	7.808670
24716	24.520427	1.986894	7.990634
24717	22.460630	3.267574	7.883944
24718	21.149566	4.169193	6.552989
24719	20.798467	5.134945	3.577206
24720	20.807007	6.421295	1.510545
24721	20.615542	6.725326	1.156976
24722	20.202934	6.207912	2.305775
24723	19.376327	5.640370	3.712418
24724	18.253401	5.526047	5.101493
24725	17.038440	5.891513	6.593825
24726	15.794327	6.573846	8.137284
24727	14.568813	6.931727	9.560829
24728	13.623986	6.941543	10.576302
24729	12.828639	7.112864	11.254935
24730	12.138844	6.953980	12.060367
24731	11.516547	6.496135	12.887047
24732	10.973668	6.177861	13.517038
24733	10.517905	6.070654	13.964826
24734	10.249786	6.224055	14.397163
24735	10.129206	6.456309	14.716055
24736	10.096222	6.531161	14.523953
24737	9.978356	6.780418	13.808143
24738	9.728891	7.247143	12.402058
24739	9.282561	7.692089	10.333904
24740	8.698028	8.077032	8.064810
24741	8.066893	8.459532	6.238353
24742	7.481373	8.757789	5.045772
24743	6.999512	8.915827	4.422601
24744	6.683005	8.870506	4.246416
24745	6.523299	8.713611	4.425458
24746	6.459381	8.508017	4.940506
24747	6.368158	8.267948	5.645979
24748	6.191638	8.041085	6.335720
24749	5.887536	7.900297	6.918263
24750	5.495009	7.839087	7.304309
24751	4.998078	7.892991	7.457099
24752	4.415360	8.043727	7.402966
24753	3.760744	8.223633	7.165393
24754	3.080904	8.398274	6.831463
24755	2.391784	8.528378	6.323116
24756	1.677278	8.651121	5.732281
24757	0.968793	8.772727	5.199583
24758	0.305680	8.888933	4.750013
24759	-0.318232	9.006129	4.422136
24760	-0.922448	9.154606	4.270112
24761	-1.544745	9.260048	4.279243
24762	-2.193310	9.362005	4.355490
24763	-2.870748	9.487165	4.421142
24764	-3.572205	9.649195	4.448444
24765	-4.323437	9.841216	4.421754
24766	-5.118385	10.039609	4.304413
24767	-5.973653	10.240036	4.129724
24768	-6.869419	10.431082	3.920125
24769	-7.834767	10.658449	3.680486
24770	-8.845485	10.921497	3.480304
24771	-9.914974	11.202970	3.308354
24772	-11.013930	11.477934	3.207053
24773	-12.161515	11.762780	3.155873
24774	-13.352420	12.037348	3.157859
24775	-14.612540	12.292452	3.155720
24776	-15.926366	12.516197	3.121414
24777	-17.294234	12.698599	3.010473
24778	-18.705088	12.820459	2.825153
24779	-20.228020	12.908956	2.515268
24780	-21.888594	12.887853	2.077221
24781	-23.679594	12.786729	1.486299
24782	-25.584301	12.650842	0.713730
24783	-27.523291	12.508383	-0.118960
24784	-29.524650	12.437981	-0.990863
24785	-31.558515	12.444046	-1.784449
24786	-33.579124	12.462755	-2.595314
24787	-35.496602	12.460993	-3.448296
24788	-37.260878	12.567026	-4.310023
24789	-38.785995	12.969341	-5.097027
24790	-40.112525	13.811306	-5.647339
24791	-41.365267	15.065867	-6.020592
24792	-42.558961	16.247904	-6.371550
24793	-43.570012	16.986444	-6.679966
24794	-44.368015	17.343448	-6.923389
24795	-44.834141	17.214779	-6.928565
24796	-45.129780	16.839031	-6.809900
24797	-45.356783	16.405911	-6.662843
24798	-45.471233	15.841198	-6.543899
24799	-45.403429	15.222447	-6.486712
24800	-45.145360	14.753119	-6.415289
24801	-44.624715	14.512452	-6.131176
24802	-43.814811	14.534901	-5.543200
24803	-42.651827	14.790234	-4.618583
24804	-41.159187	15.174403	-3.434602
24805	-39.349893	15.560170	-2.103737
24806	-37.289552	15.878781	-0.724215
24807	-34.970450	16.049973	0.695378
24808	-32.426372	16.012015	2.128201
24809	-29.674388	15.734326	3.502070
24810	-26.767941	15.207118	4.753474
24811	-23.701715	14.473121	5.873964
24812	-20.453366	13.552296	6.902757
24813	-16.981829	12.447535	7.834393
24814	-13.361156	11.258991	8.604599
24815	-9.680894	10.086118	9.170593
24816	-6.026478	8.925020	9.560979
24817	-2.413564	7.733917	9.749232
24818	1.128087	6.569607	9.646362
24819	4.624964	5.481644	9.239043
24820	8.087825	4.494595	8.658536
24821	11.533977	3.535493	8.230356
24822	14.863436	2.536181	8.076771
24823	17.907493	1.621038	8.228362
24824	20.553632	0.664032	8.880672
24825	22.823705	-0.542746	9.925926
24826	24.685219	-1.961001	11.163335
24827	26.084651	-3.310152	12.450966
24828	27.019564	-4.289719	13.679330
24829	27.478349	-4.866744	14.786774
24830	27.308310	-4.785097	15.438626
24831	26.414280	-3.969683	15.456646
24832	24.950081	-2.738924	15.163363
24833	23.160246	-1.300650	14.693727
24834	21.296430	0.338869	13.969970
24835	19.803842	1.883413	12.609415
24836	19.220942	2.890688	9.725796
24837	19.320258	4.282743	6.185062
24838	19.317824	5.681490	3.928841
24839	19.041581	5.826852	3.909059
24840	18.443732	5.331808	5.136502
24841	17.343336	4.997628	6.412955
24842	16.100145	5.166102	7.803606
24843	14.837103	5.761108	9.295386
24844	13.517088	6.390493	10.677283
24845	12.388027	6.630292	11.698521
24846	11.541563	6.852530	12.314860
24847	10.871278	6.795261	13.093389
24848	10.286485	6.531632	14.118647
24849	9.749474	6.211294	15.263388
24850	9.230685	6.010797	16.318175
24851	8.742408	5.949128	17.288049
24852	8.444384	6.094695	18.329774
24853	8.334271	6.283310	19.075265
24854	8.291079	6.314367	19.247383
24855	8.135568	6.508941	18.708955
24856	7.829703	6.832953	17.461915
24857	7.377368	7.140669	15.858934
24858	6.841552	7.437651	14.385964
24859	6.205588	7.750342	13.122382
24860	5.546157	8.023566	12.007704
24861	4.956854	8.183291	11.134144
24862	4.549811	8.252265	10.671075
24863	4.309349	8.284769	10.688097
24864	4.157556	8.278976	11.053997
24865	3.981515	8.245133	11.597313
24866	3.747719	8.192481	12.208953
24867	3.438714	8.186529	12.788833
24868	3.113808	8.235367	13.170390
24869	2.769856	8.279436	13.319372
24870	2.419497	8.315567	13.324705
24871	2.057628	8.376030	13.187907
24872	1.666732	8.420825	12.879419
24873	1.201520	8.470091	12.424502
24874	0.689115	8.566150	11.893096
24875	0.142941	8.687547	11.399652
24876	-0.413584	8.812897	10.926712
24877	-1.012834	8.996797	10.567725
24878	-1.608712	9.206195	10.367348
24879	-2.224035	9.386496	10.263561
24880	-2.834988	9.524651	10.231305
24881	-3.467010	9.699119	10.261163
24882	-4.120526	9.896892	10.295773
24883	-4.809436	10.108226	10.290871
24884	-5.525622	10.317240	10.236749
24885	-6.289568	10.538262	10.126566
24886	-7.098054	10.766550	9.959157
24887	-7.975376	11.011424	9.761365
24888	-8.909866	11.276196	9.555897
24889	-9.895810	11.556077	9.363776
24890	-10.929084	11.850756	9.193765
24891	-12.018415	12.156368	9.065953
24892	-13.150111	12.456636	8.996174
24893	-14.334935	12.747318	8.968500
24894	-15.568332	13.008908	8.920612
24895	-16.869284	13.213997	8.784865
24896	-18.242830	13.376240	8.547931
24897	-19.700681	13.466312	8.185920
24898	-21.311599	13.478673	7.629736
24899	-23.065723	13.377645	6.893162
24900	-24.961002	13.235769	5.953871
24901	-26.899903	13.057249	4.991260
24902	-28.865999	12.951144	4.069879
24903	-30.876938	12.925116	3.188172
24904	-32.900969	12.943865	2.357947
24905	-34.841043	12.971561	1.536076
24906	-36.654149	13.047076	0.679265
24907	-38.209823	13.319011	-0.114830
24908	-39.513494	13.887028	-0.737503
24909	-40.688533	14.848770	-1.121701
24910	-41.881103	16.106277	-1.487516
24911	-42.971898	17.080910	-1.830815
24912	-43.869426	17.638036	-2.129625
24913	-44.450178	17.770405	-2.175798
24914	-44.764306	17.469945	-1.972495
24915	-45.003380	17.052099	-1.792210
24916	-45.218478	16.636208	-1.684293
24917	-45.247588	16.083411	-1.564074
24918	-45.068641	15.477190	-1.501082
24919	-44.620770	15.041418	-1.362350
24920	-43.901083	14.885968	-0.965814
24921	-42.875586	14.978448	-0.274521
24922	-41.562170	15.236148	0.634449
24923	-39.958794	15.581041	1.679780
24924	-38.075995	15.929958	2.843322
24925	-35.882842	16.162219	4.103162
24926	-33.412938	16.162904	5.380508
24927	-30.682199	15.901396	6.560028
24928	-27.775485	15.396503	7.582721
24929	-24.728792	14.649872	8.440141
24930	-21.581439	13.685069	9.136989
24931	-18.320794	12.495370	9.655722
24932	-14.984646	11.171513	9.917458
24933	-11.597645	9.831075	9.890555
24934	-8.188359	8.563920	9.649530
24935	-4.725142	7.376821	9.333605
24936	-1.205611	6.305745	9.001880
24937	2.362086	5.307242	8.701068
24938	5.947221	4.322964	8.412423
24939	9.509880	3.285299	8.213261
24940	12.950759	2.181408	8.193252
24941	16.129315	1.120259	8.492779
24942	18.918331	0.007091	9.292979
24943	21.310102	-1.236146	10.539519
24944	23.271496	-2.722656	12.128020
24945	24.739282	-4.351443	13.899219
24946	25.688975	-5.774555	15.668122
24947	26.176027	-6.799615	17.282202
24948	26.175403	-7.312430	18.530188
24949	25.580727	-7.002985	19.041911
24950	24.409819	-6.055943	18.961210
24951	22.872158	-4.761900	18.524006
24952	21.143270	-3.085781	17.821841
24953	19.686982	-1.378673	16.421496
24954	19.107701	-0.247566	13.079642
24955	19.137179	1.117418	8.735065
24956	18.966036	3.136346	5.535884
24957	18.514074	4.158153	4.223943
24958	17.864239	4.349431	4.414373
24959	16.879372	4.382407	5.132503
24960	15.701779	4.538688	6.404795
24961	14.485589	4.993960	8.135949
24962	13.259973	5.520218	9.984875
24963	12.179913	5.572235	11.720445
24964	11.362360	5.495827	13.236762
24965	10.622347	5.610288	14.754707
24966	9.937844	5.484520	16.272860
24967	9.306315	5.161669	17.540713
24968	8.754698	4.924556	18.488344
24969	8.317001	4.938059	19.448608
24970	8.079389	5.045269	20.639401
24971	7.986754	5.118171	21.920538
24972	7.980205	5.075883	22.744129
24973	7.995593	5.192117	22.976321
24974	7.941587	5.579335	22.399690
24975	7.676634	6.047820	20.962665
24976	7.157205	6.553071	18.863711
24977	6.476319	7.074916	16.579609
24978	5.761019	7.517151	14.452174
24979	5.075874	7.834470	12.655539
24980	4.518962	8.063886	11.345697
24981	4.111617	8.191026	10.558330
24982	3.868502	8.220750	10.298379
24983	3.719903	8.215946	10.554307
24984	3.595790	8.179173	11.172119
24985	3.412845	8.117410	11.968241
24986	3.177233	8.042984	12.792414
24987	2.879224	8.031660	13.486327
24988	2.519974	8.093911	13.921366
24989	2.129011	8.183097	14.132694
24990	1.750547	8.269971	14.142584
24991	1.367227	8.327119	13.940620
24992	0.972918	8.385390	13.610966
24993	0.538400	8.475831	13.238618
24994	0.044589	8.618998	12.824235
24995	-0.504073	8.795960	12.452263
24996	-1.076644	8.984618	12.194448
24997	-1.665160	9.165407	12.062628
24998	-2.265846	9.370140	12.026380
24999	-2.876304	9.583062	12.117195
25000	-3.497456	9.811712	12.172487
25001	-4.157801	10.028717	12.213940
25002	-4.851491	10.271655	12.215285
25003	-5.593852	10.521702	12.151266
25004	-6.376173	10.751089	12.025630
25005	-7.212239	11.002859	11.865040
25006	-8.101673	11.280810	11.702195
25007	-9.078148	11.607661	11.521848
25008	-10.120377	11.951052	11.382099
25009	-11.233788	12.301811	11.274410
25010	-12.390273	12.645912	11.199614
25011	-13.594664	12.978957	11.126531
25012	-14.857229	13.304166	11.036362
25013	-16.182575	13.587154	10.886094
25014	-17.562519	13.818509	10.662514
25015	-19.015694	14.020360	10.327001
25016	-20.588337	14.174708	9.869075
25017	-22.256582	14.165820	9.336218
25018	-24.033499	13.998693	8.614201
25019	-25.913460	13.713593	7.617378
25020	-27.840679	13.434959	6.484995
25021	-29.780476	13.220495	5.374748
25022	-31.737776	13.023643	4.308093
25023	-33.697970	12.842895	3.254245
25024	-35.617119	12.667502	2.201229
25025	-37.435449	12.564732	1.105435
25026	-39.063761	12.744524	0.095547
25027	-40.437613	13.307638	-0.722198
25028	-41.678560	14.282718	-1.303274
25029	-42.799518	15.219187	-1.802345
25030	-43.784982	15.766592	-2.303706
25031	-44.561055	15.933663	-2.615106
25032	-45.092786	15.664195	-2.651828
25033	-45.487601	15.284130	-2.536012
25034	-45.837639	14.983847	-2.317686
25035	-46.042462	14.635991	-2.040085
25036	-46.077953	14.270228	-1.877881
25037	-45.874184	14.117533	-1.749214
25038	-45.380760	14.274918	-1.392144
25039	-44.538605	14.743824	-0.702617
25040	-43.352772	15.397636	0.270221
25041	-41.824557	16.109744	1.399188
25042	-40.030121	16.814541	2.590831
25043	-37.949816	17.355068	3.836726
25044	-35.618569	17.625616	5.080665
25045	-33.024182	17.579907	6.288464
25046	-30.266544	17.210522	7.349825
25047	-27.389502	16.561747	8.194729
25048	-24.422141	15.695797	8.898784
25049	-21.325291	14.617023	9.525976
25050	-18.132644	13.344018	9.960831
25051	-14.847014	11.956029	10.115557
25052	-11.493947	10.558924	10.015441
25053	-8.061555	9.181737	9.738362
25054	-4.539821	7.847889	9.312855
25055	-0.917369	6.619109	8.767715
25056	2.761520	5.518655	8.151364
25057	6.471844	4.495061	7.531998
25058	10.160028	3.498518	7.018156
25059	13.727633	2.460150	6.740164
25060	17.015701	1.484891	6.774248
25061	19.887197	0.477352	7.351737
25062	22.327590	-0.609744	8.406744
25063	24.337743	-1.902725	9.790667
25064	25.842668	-3.425478	11.398765
25065	26.778046	-4.787884	13.125263
25066	27.154380	-5.766165	14.855783
25067	26.962442	-6.210616	16.227074
25068	26.139079	-5.856878	16.830910
25069	24.752159	-4.915273	16.914217
25070	22.995189	-3.538002	16.774228
25071	21.163119	-1.812691	16.356855
25072	19.939174	-0.276669	14.495161
25073	19.711453	0.902191	10.163365
25074	19.662131	2.946949	6.775741
25075	19.331471	4.222212	5.390166
25076	18.679717	4.375652	5.507969
25077	17.660270	4.402121	6.179336
25078	16.375946	4.430634	7.334641
25079	15.043988	4.799145	8.926012
25080	13.744162	5.520755	10.611173
25081	12.533453	5.903461	12.264424
25082	11.608516	5.936797	13.605514
25083	10.842122	6.055434	14.820434
25084	10.163779	5.747707	16.348128
25085	9.529463	5.238540	17.829753
25086	8.969188	4.931444	18.929821
25087	8.509345	4.915467	19.835677
25088	8.313972	5.070836	20.862086
25089	8.274518	5.282244	21.758934
25090	8.255208	5.205457	21.985191
25091	8.074734	5.349638	21.597301
25092	7.771477	5.798826	20.340025
25093	7.318666	6.180941	18.328685
25094	6.777081	6.498826	16.157947
25095	6.139823	6.894369	14.344374
25096	5.443028	7.302261	12.925272
25097	4.763617	7.584385	11.841945
25098	4.215152	7.684868	11.128067
25099	3.836735	7.689053	10.834520
25100	3.607956	7.721371	10.925752
25101	3.423386	7.742106	11.286026
25102	3.214611	7.762044	11.863636
25103	2.945877	7.830101	12.521288
25104	2.632914	7.885799	13.058079
25105	2.266792	7.950814	13.388525
25106	1.886427	8.066593	13.559758
25107	1.500938	8.238271	13.561815
25108	1.134678	8.350696	13.348907
25109	0.776359	8.412840	12.943783
25110	0.414106	8.499957	12.443854
25111	0.010879	8.621145	11.914338
25112	-0.428419	8.750005	11.452938
25113	-0.913792	8.878512	11.062141
25114	-1.423780	9.020549	10.795012
25115	-1.980621	9.202744	10.661007
25116	-2.571742	9.395493	10.660533
25117	-3.194080	9.588679	10.745551
25118	-3.830873	9.771327	10.867583
25119	-4.509709	9.954212	10.943036
25120	-5.231242	10.162534	10.952997
25121	-6.013921	10.379185	10.880287
25122	-6.841020	10.603223	10.749086
25123	-7.720354	10.852063	10.568625
25124	-8.655384	11.108127	10.383732
25125	-9.665584	11.378127	10.201794
25126	-10.742349	11.663197	10.032216
25127	-11.881741	11.955741	9.900483
25128	-13.065066	12.259693	9.802931
25129	-14.306367	12.563846	9.718867
25130	-15.610060	12.852381	9.601283
25131	-16.983865	13.091253	9.388200
25132	-18.426680	13.274816	9.036965
25133	-19.955402	13.385182	8.536271
25134	-21.643475	13.393985	7.835512
25135	-23.509282	13.184228	6.905361
25136	-25.539832	12.785685	5.641603
25137	-27.642246	12.264733	4.185061
25138	-29.739082	11.788345	2.770920
25139	-31.852281	11.426126	1.429452
25140	-33.960723	11.136314	0.249866
25141	-35.952033	10.896704	-0.739322
25142	-37.789316	10.779510	-1.689491
25143	-39.324862	10.892220	-2.559857
25144	-40.576119	11.332328	-3.263350
25145	-41.689203	12.229004	-3.704676
25146	-42.731670	13.384829	-3.992986
25147	-43.615455	14.214591	-4.182818
25148	-44.395448	14.625423	-4.412446
25149	-44.967956	14.644802	-4.399284
25150	-45.377519	14.358862	-4.181254
25151	-45.727812	14.119423	-3.972444
25152	-45.943287	13.852847	-3.662237
25153	-45.901281	13.384876	-3.332231
25154	-45.637968	12.957935	-3.098749
25155	-45.141342	12.812557	-2.822276
25156	-44.407252	12.960261	-2.319030
25157	-43.388843	13.306614	-1.566121
25158	-42.091279	13.760501	-0.669652
25159	-40.499572	14.254413	0.306462
25160	-38.635386	14.735149	1.339009
25161	-36.455081	15.111527	2.470438
25162	-33.985841	15.273917	3.634182
25163	-31.271323	15.188441	4.703847
25164	-28.367821	14.790007	5.691586
25165	-25.317201	14.048436	6.539392
25166	-22.200225	13.068932	7.161844
25167	-18.987765	11.933673	7.580464
25168	-15.678751	10.747603	7.856361
25169	-12.281360	9.647698	8.060419
25170	-8.854942	8.668726	8.234520
25171	-5.384821	7.736270	8.421247
25172	-1.882599	6.824052	8.592870
25173	1.637767	5.857857	8.676599
25174	5.140766	4.823212	8.583296
25175	8.597129	3.749116	8.428505
25176	11.942445	2.632567	8.442739
25177	15.088154	1.551161	8.681039
25178	17.898110	0.470841	9.354671
25179	20.329038	-0.747723	10.473437
25180	22.383596	-2.234764	11.884655
25181	24.042884	-3.843768	13.338767
25182	25.294505	-5.222744	14.690228
25183	26.172794	-6.135073	15.858212
25184	26.634001	-6.596308	16.713459
25185	26.529052	-6.354577	16.958262
25186	25.783521	-5.411219	16.587203
25187	24.550673	-4.118131	15.889422
25188	23.026491	-2.581750	14.926796
25189	21.386708	-0.768295	13.721695
25190	20.001980	0.971505	12.009451
25191	19.331925	2.399803	8.860249
25192	19.286022	4.119921	5.074564
25193	19.410750	5.505360	3.301874
25194	19.335153	5.432042	3.772352
25195	18.784203	4.798183	5.467597
25196	17.724850	4.238546	7.329271
25197	16.490679	4.085304	9.417689
25198	15.240314	4.339934	11.632480
25199	13.952161	4.719479	13.662121
25200	12.841402	4.751393	15.264225
25201	11.978663	4.860528	16.414664
25202	11.246710	4.946838	17.559484
25203	10.582128	4.862123	18.798396
25204	10.013993	4.736108	19.802689
25205	9.491363	4.671329	20.438670
25206	9.090918	4.829070	20.823490
25207	8.833909	5.086624	21.054944
25208	8.664659	5.236790	20.695762
25209	8.471438	5.492173	19.752719
25210	8.214889	5.952447	18.241940
25211	7.839322	6.433834	16.278096
25212	7.375373	6.886483	14.232831
25213	6.827089	7.284483	12.550727
25214	6.230880	7.581245	11.411447
25215	5.671977	7.802379	10.832120
25216	5.290043	7.859514	10.746569
25217	5.103920	7.792785	11.041539
25218	5.050203	7.713378	11.675643
25219	4.997881	7.609023	12.545115
25220	4.865371	7.507998	13.441473
25221	4.607628	7.473668	14.199333
25222	4.291095	7.480266	14.768852
25223	3.943186	7.561928	15.158165
25224	3.576127	7.701075	15.333083
25225	3.177596	7.824455	15.224896
25226	2.739566	7.964366	14.852256
25227	2.244132	8.144405	14.395314
25228	1.719751	8.349079	13.934913
25229	1.170930	8.534197	13.516730
25230	0.626601	8.713803	13.204270
25231	0.083231	8.895066	13.018743
25232	-0.462237	9.070619	12.920521
25233	-1.028208	9.236034	12.905690
25234	-1.594412	9.397611	12.958965
25235	-2.170336	9.555887	13.024017
25236	-2.769861	9.736830	13.062146
25237	-3.417999	9.927420	13.027727
25238	-4.106867	10.132147	12.898431
25239	-4.835006	10.327912	12.681148
25240	-5.609561	10.533585	12.381416
25241	-6.449123	10.766836	12.053923
25242	-7.338245	11.016794	11.757756
25243	-8.285344	11.295628	11.522026
25244	-9.275679	11.594782	11.358431
25245	-10.324459	11.925479	11.267122
25246	-11.428919	12.258254	11.241494
25247	-12.587526	12.571462	11.287148
25248	-13.785298	12.868573	11.348631
25249	-15.034756	13.132294	11.341151
25250	-16.341289	13.356647	11.205991
25251	-17.708343	13.513277	10.925238
25252	-19.166193	13.627598	10.472755
25253	-20.753976	13.643389	9.854386
25254	-22.445788	13.517119	9.108281
25255	-24.276482	13.341784	8.167276
25256	-26.168018	13.180914	7.180954
25257	-28.093164	13.111512	6.285845
25258	-30.064328	13.092788	5.501613
25259	-32.072140	13.125360	4.791615
25260	-34.080086	13.216146	4.091925
25261	-36.018028	13.351179	3.298938
25262	-37.779464	13.620303	2.545795
25263	-39.270139	14.172874	1.915939
25264	-40.607065	15.087295	1.457824
25265	-41.929475	16.253557	0.973110
25266	-43.194543	17.158895	0.404062
25267	-44.268642	17.625839	-0.109711
25268	-45.081177	17.735644	-0.469063
25269	-45.626535	17.447345	-0.720726
25270	-46.041335	17.075808	-0.964836
25271	-46.267266	16.595245	-1.043970
25272	-46.342664	15.937197	-1.172133
25273	-46.256467	15.412115	-1.412601
25274	-45.965773	15.196748	-1.557426
25275	-45.381308	15.203800	-1.453118
25276	-44.486523	15.317764	-1.085572
25277	-43.267770	15.478360	-0.543670
25278	-41.778046	15.668903	0.075361
25279	-40.005204	15.854532	0.783171
25280	-37.971472	15.953857	1.582780
25281	-35.686580	15.911942	2.435979
25282	-33.219247	15.714923	3.280280
25283	-30.562609	15.331145	4.096795
25284	-27.744084	14.830100	4.899901
25285	-24.744317	14.259794	5.729996
25286	-21.568895	13.589424	6.598047
25287	-18.173444	12.787115	7.488022
25288	-14.609490	11.837240	8.273435
25289	-10.953076	10.783102	8.844009
25290	-7.280899	9.734152	9.140403
25291	-3.585117	8.739953	9.199878
25292	0.105975	7.786172	9.078222
25293	3.778165	6.863049	8.809416
25294	7.411646	5.914678	8.398418
25295	10.972538	4.952122	7.935536
25296	14.427782	3.946504	7.694955
25297	17.661215	3.052091	7.645746
25298	20.511557	2.242431	8.025653
25299	22.973817	1.223485	8.822549
25300	25.046299	-0.144192	9.811606
25301	26.660079	-1.621454	10.947596
25302	27.784979	-2.831252	12.076744
25303	28.437327	-3.609872	13.135196
25304	28.472871	-3.891650	13.999606
25305	27.702468	-3.413161	14.424627
25306	26.219305	-2.389660	14.582996
25307	24.301707	-1.080297	14.666403
25308	22.352562	0.469459	14.508393
25309	21.106540	1.666914	12.805844
25310	20.775686	2.843636	8.972311
25311	20.516920	4.639606	6.358103
25312	20.006640	5.469514	5.225055
25313	19.196308	5.544000	5.188338
25314	18.105107	5.599430	5.613780
25315	16.819080	5.821501	6.469142
25316	15.495945	6.396905	7.687732
25317	14.180542	7.188818	8.959284
25318	13.019243	7.534566	10.116852
25319	12.163395	7.607271	10.914479
25320	11.519618	7.677616	11.636057
25321	10.953627	7.348980	12.623516
25322	10.413061	6.830720	13.697856
25323	9.889163	6.508982	14.596991
25324	9.433699	6.425009	15.445457
25325	9.143929	6.445703	16.529616
25326	9.053910	6.568045	17.771375
25327	9.081739	6.524275	18.574487
25328	9.061431	6.431624	18.865773
25329	8.885246	6.689265	18.516248
25330	8.563863	7.023333	17.392090
25331	8.077177	7.294013	15.723813
25332	7.517818	7.579987	14.070846
25333	6.906390	7.908035	12.647319
25334	6.303746	8.211735	11.454580
25335	5.786217	8.368516	10.517794
25336	5.444135	8.398348	9.927579
25337	5.245388	8.365893	9.749852
25338	5.132252	8.282410	9.968628
25339	5.017635	8.185262	10.437216
25340	4.857641	8.103099	10.963880
25341	4.643086	7.998601	11.479824
25342	4.388250	7.884746	11.902154
25343	4.075736	7.822256	12.152998
25344	3.720452	7.808943	12.191328
25345	3.300678	7.886824	11.973455
25346	2.836062	8.024117	11.580259
25347	2.291905	8.165836	11.085524
25348	1.680158	8.302628	10.639289
25349	1.018326	8.469368	10.272413
25350	0.336287	8.652601	9.900586
25351	-0.379961	8.819855	9.440907
25352	-1.099645	8.991611	8.965492
25353	-1.819296	9.182685	8.534852
25354	-2.515628	9.355047	8.205660
25355	-3.202668	9.498905	7.989526
25356	-3.876564	9.664256	7.861204
25357	-4.587023	9.875832	7.781666
25358	-5.343973	10.100355	7.762541
25359	-6.165655	10.347302	7.771095
25360	-7.030138	10.607591	7.788458
25361	-7.950608	10.889921	7.773082
25362	-8.935381	11.215936	7.713777
25363	-9.979140	11.549533	7.656567
25364	-11.070243	11.875456	7.583046
25365	-12.215243	12.186131	7.499646
25366	-13.404266	12.480691	7.390176
25367	-14.659403	12.747193	7.222196
25368	-15.980253	12.980380	6.960732
25369	-17.363292	13.139399	6.591679
25370	-18.811834	13.234354	6.113994
25371	-20.389191	13.274780	5.501614
25372	-22.120335	13.152269	4.755013
25373	-23.961596	12.887663	3.877736
25374	-25.938822	12.588015	2.738902
25375	-27.913575	12.334046	1.681468
25376	-29.904702	12.230167	0.728205
25377	-31.906684	12.208488	-0.094786
25378	-33.875020	12.255345	-0.809451
25379	-35.755000	12.333757	-1.547570
25380	-37.460581	12.545783	-2.258819
25381	-38.870574	13.035097	-2.853386
25382	-40.082211	13.893671	-3.224487
25383	-41.245890	15.145440	-3.454263
25384	-42.354127	16.385840	-3.696480
25385	-43.313638	17.238863	-3.966271
25386	-44.068037	17.689279	-4.095874
25387	-44.521024	17.701396	-3.881197
25388	-44.823791	17.469270	-3.481630
25389	-45.057198	17.178613	-3.137261
25390	-45.159982	16.824431	-2.845261
25391	-45.052757	16.409971	-2.581974
25392	-44.738425	16.082563	-2.277439
25393	-44.143453	15.948769	-1.764073
25394	-43.242533	16.062385	-0.946033
25395	-41.991032	16.378784	0.165260
25396	-40.443771	16.841048	1.464474
25397	-38.616764	17.372543	2.892545
25398	-36.536738	17.820045	4.410134
25399	-34.180493	18.028988	5.967419
25400	-31.587951	17.913476	7.461617
25401	-28.782050	17.427333	8.791606
25402	-25.832316	16.593655	9.917747
25403	-22.749596	15.492127	10.822013
25404	-19.519740	14.204900	11.528487
25405	-16.092824	12.753415	12.121404
25406	-12.559739	11.179179	12.520801
25407	-9.035360	9.595504	12.531995
25408	-5.563548	8.145520	12.158384
25409	-2.097769	6.878025	11.492350
25410	1.371414	5.784224	10.656473
25411	4.882302	4.797572	9.749620
25412	8.430099	3.906225	8.862139
25413	11.965921	3.035668	8.299624
25414	15.353872	2.208607	8.102458
25415	18.441522	1.374138	8.420565
25416	21.148708	0.477645	9.178411
25417	23.478247	-0.580970	10.210773
25418	25.411129	-1.865270	11.331964
25419	26.921385	-3.078751	12.376053
25420	27.982045	-3.923438	13.325499
25421	28.517234	-4.397470	14.190821
25422	28.300564	-4.281853	14.711903
25423	27.263283	-3.482337	14.871211
25424	25.611599	-2.307898	14.885310
25425	23.648562	-0.919068	14.758766
25426	21.707044	0.653367	14.368490
25427	20.385514	1.950623	13.060627
25428	20.116047	3.050221	9.720345
25429	20.343062	4.645415	6.977944
25430	20.399500	5.213921	6.295613
25431	20.162359	4.785439	7.400454
25432	19.401476	4.231984	8.790896
25433	18.261874	4.091642	10.154944
25434	17.058361	4.466986	11.696864
25435	15.835534	5.189931	13.318285
25436	14.603078	5.660496	14.889118
25437	13.700663	5.567316	16.309431
25438	12.992671	5.642359	17.424097
25439	12.336887	5.668795	18.629996
25440	11.723508	5.317981	19.907628
25441	11.142816	4.981175	20.857603
25442	10.659380	4.821118	21.506417
25443	10.362100	4.949834	22.068096
25444	10.261417	5.308278	22.646767
25445	10.220887	5.457931	22.746219
25446	10.114592	5.564107	22.275008
25447	9.892390	6.012611	21.213972
25448	9.543349	6.588233	19.419472
25449	8.995808	7.059183	17.058308
25450	8.343142	7.452285	14.676941
25451	7.639764	7.824542	12.704800
25452	7.031344	8.049532	11.372377
25453	6.593665	8.122493	10.649205
25454	6.357501	8.000801	10.411025
25455	6.268495	7.798219	10.536621
25456	6.222779	7.586104	10.898890
25457	6.119674	7.357818	11.450568
25458	5.949974	7.160023	12.160012
25459	5.694706	7.064833	12.902072
25460	5.337671	7.081767	13.517853
25461	4.853934	7.207650	13.911244
25462	4.284820	7.402251	14.099282
25463	3.666500	7.610682	14.180704
25464	3.012986	7.854962	14.002111
25465	2.328580	8.095932	13.658264
25466	1.654180	8.347295	13.237586
25467	0.988319	8.594113	12.789134
25468	0.347269	8.828110	12.333692
25469	-0.285856	9.071039	11.962204
25470	-0.896437	9.266451	11.767550
25471	-1.498875	9.454449	11.757278
25472	-2.108840	9.668030	11.842329
25473	-2.758070	9.909360	11.950954
25474	-3.442715	10.169809	12.037266
25475	-4.193019	10.442079	12.044926
25476	-4.995176	10.696433	11.961064
25477	-5.870206	10.948246	11.778250
25478	-6.815305	11.235743	11.519747
25479	-7.853557	11.556500	11.197490
25480	-8.942175	11.873609	10.889766
25481	-10.066861	12.204962	10.619128
25482	-11.213957	12.544658	10.408445
25483	-12.404639	12.896153	10.270180
25484	-13.632344	13.240054	10.195625
25485	-14.914455	13.562099	10.141510
25486	-16.238709	13.855843	10.051652
25487	-17.614799	14.116475	9.860155
25488	-19.024464	14.324276	9.589717
25489	-20.560099	14.519851	9.141119
25490	-22.228585	14.551637	8.552845
25491	-24.005004	14.390985	7.799639
25492	-25.946832	14.151166	6.727811
25493	-27.927137	13.902344	5.577988
25494	-29.911379	13.767777	4.466751
25495	-31.903422	13.700071	3.410202
25496	-33.871841	13.688314	2.464977
25497	-35.778447	13.742717	1.573631
25498	-37.565987	13.891245	0.696309
25499	-39.110542	14.421567	-0.054698
25500	-40.517541	15.499385	-0.619098
25501	-41.876099	16.760382	-1.031186
25502	-43.112482	17.745727	-1.469385
25503	-44.142859	18.312748	-1.841985
25504	-44.920784	18.456923	-2.088515
25505	-45.395070	18.024735	-2.209815
25506	-45.750236	17.385568	-2.314976
25507	-46.051059	16.816015	-2.445490
25508	-46.203629	16.218937	-2.593309
25509	-46.119972	15.638875	-2.781838
25510	-45.816542	15.221694	-2.956011
25511	-45.214836	15.040941	-2.886761
25512	-44.296811	15.174534	-2.438806
25513	-43.018063	15.513912	-1.632713
25514	-41.425105	15.914810	-0.618303
25515	-39.545114	16.286378	0.486166
25516	-37.436580	16.556404	1.580205
25517	-35.086961	16.618159	2.620402
25518	-32.510050	16.400782	3.586175
25519	-29.725329	15.916639	4.426580
25520	-26.808845	15.224538	5.099229
25521	-23.745596	14.388570	5.651992
25522	-20.490968	13.366213	6.208296
25523	-17.064299	12.147485	6.658214
25524	-13.545499	10.819691	6.891219
25525	-9.986885	9.526425	6.926383
25526	-6.448281	8.383546	6.772519
25527	-2.906692	7.425821	6.563451
25528	0.670935	6.575996	6.360554
25529	4.306907	5.757750	6.153965
25530	7.975703	4.904998	5.943208
25531	11.632086	3.914086	5.786448
25532	15.211011	2.756610	5.820054
25533	18.562512	1.643782	6.099306
25534	21.488729	0.617009	6.761547
25535	23.970651	-0.482338	7.771731
25536	26.004144	-1.870453	8.982613
25537	27.572744	-3.334940	10.218555
25538	28.638424	-4.527444	11.396232
25539	29.134004	-5.314723	12.492031
25540	28.852882	-5.418689	13.233543
25541	27.731573	-4.728975	13.510945
25542	26.011575	-3.570784	13.578931
25543	23.990090	-2.248565	13.527171
25544	21.898228	-0.704683	13.262502
25545	20.134552	0.808535	12.601205
25546	19.327193	1.839470	10.587014
25547	19.397445	2.929098	7.122511
25548	19.507953	4.219368	4.604253
25549	19.342787	4.748876	4.111788
25550	18.894607	4.578626	5.169586
25551	17.872439	4.254590	6.413065
25552	16.613927	4.234728	7.722806
25553	15.363049	4.686430	9.203410
25554	14.119084	5.353666	10.762472
25555	13.001148	5.654605	12.190201
25556	12.220887	5.681620	13.351862
25557	11.594496	5.749497	14.416851
25558	11.028420	5.487703	15.727623
25559	10.457344	5.086933	17.061978
25560	9.895748	4.863881	18.123426
25561	9.385376	4.889694	18.924283
25562	9.117161	5.173818	19.709675
25563	9.069136	5.404068	20.269255
25564	9.082070	5.488382	20.049981
25565	8.968982	5.813050	19.153941
25566	8.735877	6.307745	17.441357
25567	8.293203	6.804799	15.044834
25568	7.711694	7.273215	12.658699
25569	7.064563	7.657361	10.746786
25570	6.427796	7.931512	9.373105
25571	5.921969	8.042215	8.578099
25572	5.637322	7.999821	8.383370
25573	5.543582	7.890803	8.752692
25574	5.561131	7.658810	9.545179
25575	5.534437	7.400017	10.557675
25576	5.408938	7.192329	11.619100
25577	5.170993	7.068814	12.581648
25578	4.841858	7.043715	13.357067
25579	4.454392	7.100814	13.903761
25580	4.003879	7.250316	14.086539
25581	3.476443	7.454214	14.045567
25582	2.885162	7.680085	13.815153
25583	2.224218	7.907143	13.437433
25584	1.529328	8.146240	12.952529
25585	0.824667	8.403464	12.444412
25586	0.151236	8.640157	11.998513
25587	-0.490165	8.853345	11.642637
25588	-1.080415	9.031072	11.443357
25589	-1.639682	9.177099	11.438061
25590	-2.197617	9.327944	11.546484
25591	-2.792724	9.492525	11.663680
25592	-3.422126	9.673729	11.765004
25593	-4.093019	9.858468	11.808468
25594	-4.800541	10.065006	11.755841
25595	-5.572287	10.277384	11.580155
25596	-6.406369	10.483483	11.300911
25597	-7.309582	10.719930	10.958205
25598	-8.263332	10.976672	10.602207
25599	-9.294270	11.257538	10.273037
25600	-10.390734	11.568633	10.018905
25601	-11.558437	11.892641	9.856201
25602	-12.779238	12.209295	9.785883
25603	-14.048676	12.518693	9.772245
25604	-15.364980	12.816033	9.756149
25605	-16.716825	13.070143	9.692198
25606	-18.107350	13.289621	9.543644
25607	-19.580497	13.493755	9.271165
25608	-21.179812	13.618433	8.863406
25609	-22.893272	13.556558	8.325652
25610	-24.754619	13.288997	7.484206
25611	-26.755193	12.940304	6.294789
25612	-28.795651	12.617537	4.991893
25613	-30.864306	12.335742	3.652277
25614	-32.922139	12.068890	2.392471
25615	-34.935477	11.812417	1.185573
25616	-36.866613	11.617884	-0.009498
25617	-38.579441	11.680335	-1.102615
25618	-39.995270	12.209135	-2.072026
25619	-41.137051	13.255761	-2.809419
25620	-42.113417	14.355514	-3.359195
25621	-42.927768	15.136073	-3.830464
25622	-43.658061	15.503643	-4.272843
25623	-44.201247	15.401015	-4.590037
25624	-44.594648	14.757338	-4.789354
25625	-44.952822	14.080860	-4.974839
25626	-45.242752	13.472344	-5.103300
25627	-45.317095	12.865167	-5.199809
25628	-45.178666	12.406116	-5.340926
25629	-44.754231	12.213087	-5.376754
25630	-44.020767	12.331518	-5.120868
25631	-42.946609	12.719594	-4.488425
25632	-41.573198	13.319615	-3.521764
25633	-39.903704	14.051876	-2.354392
25634	-37.984613	14.736351	-1.106656
25635	-35.800470	15.227481	0.168969
25636	-33.380528	15.509034	1.427662
25637	-30.703974	15.543734	2.646805
25638	-27.823588	15.315326	3.729944
25639	-24.779718	14.840945	4.652677
25640	-21.594307	14.107849	5.496107
25641	-18.277132	13.152761	6.223487
25642	-14.863597	12.033617	6.755114
25643	-11.344494	10.829743	7.121973
25644	-7.780594	9.633364	7.313749
25645	-4.207394	8.451585	7.299263
25646	-0.624699	7.358687	7.072086
25647	2.976510	6.362280	6.656785
25648	6.587320	5.413185	6.009167
25649	10.193335	4.518347	5.192221
25650	13.734071	3.643433	4.525980
25651	17.105138	2.792588	4.130837
25652	20.116740	2.044700	4.133799
25653	22.714610	1.300029	4.683252
25654	24.871850	0.385663	5.687200
25655	26.540474	-0.833984	7.032871
25656	27.668734	-2.100132	8.542640
25657	28.282267	-3.126412	10.082091
25658	28.347714	-3.688376	11.414005
25659	27.750993	-3.529861	12.217178
25660	26.509540	-2.745120	12.610811
25661	24.839304	-1.613254	12.794598
25662	22.954644	-0.181303	12.793723
25663	21.200900	1.334877	12.394657
25664	20.122050	2.474127	10.754369
25665	19.888521	3.623244	7.532640
25666	19.906903	5.115914	5.305769
25667	19.747278	5.535545	5.057714
25668	19.310328	5.148186	6.057657
25669	18.310798	4.838774	7.275362
25670	17.013543	4.854886	8.834684
25671	15.705465	5.235742	10.750774
25672	14.457965	5.831814	12.635462
25673	13.373257	6.224380	14.032077
25674	12.596165	6.519391	14.782625
25675	11.966616	6.551769	15.443632
25676	11.320975	6.286988	16.331963
25677	10.659567	6.046794	17.049238
25678	10.043959	5.982030	17.380496
25679	9.593577	6.088261	17.503428
25680	9.454563	6.389439	17.856300
25681	9.405644	6.617556	17.921868
25682	9.299174	6.657265	17.502508
25683	9.084653	6.901348	16.577405
25684	8.788001	7.254615	15.038228
25685	8.340557	7.611955	13.167702
25686	7.814778	7.892054	11.642755
25687	7.234016	8.148111	10.617241
25688	6.707404	8.326783	9.973244
25689	6.305927	8.338771	9.612802
25690	6.088308	8.249125	9.589735
25691	6.008977	8.093408	9.925296
25692	5.969762	7.915952	10.522847
25693	5.849845	7.764165	11.215384
25694	5.633756	7.630830	11.809372
25695	5.318717	7.520345	12.229817
25696	4.942204	7.505467	12.425414
25697	4.510722	7.588229	12.403708
25698	4.031826	7.730745	12.187392
25699	3.486088	7.913151	11.827582
25700	2.893327	8.091763	11.389556
25701	2.246181	8.286487	10.900096
25702	1.575656	8.502269	10.376702
25703	0.895766	8.703428	9.872647
25704	0.241991	8.880951	9.475807
25705	-0.378731	9.046248	9.196871
25706	-0.976613	9.190026	9.005260
25707	-1.584748	9.333926	8.901052
25708	-2.198501	9.492117	8.848072
25709	-2.831462	9.664183	8.794305
25710	-3.473052	9.859232	8.752885
25711	-4.149300	10.073143	8.684663
25712	-4.874613	10.278312	8.561621
25713	-5.675714	10.477999	8.362926
25714	-6.533473	10.684469	8.106035
25715	-7.446746	10.933100	7.837405
25716	-8.396395	11.204353	7.592796
25717	-9.400027	11.503705	7.361185
25718	-10.437125	11.812228	7.190551
25719	-11.511455	12.127717	7.081340
25720	-12.621767	12.429355	7.025643
25721	-13.799887	12.734626	6.984805
25722	-15.034012	13.010219	6.935571
25723	-16.339419	13.255306	6.783818
25724	-17.678385	13.438496	6.533523
25725	-19.089721	13.570549	6.146950
25726	-20.638840	13.643053	5.624671
25727	-22.304615	13.550350	5.043253
25728	-24.092446	13.339024	4.316894
25729	-26.000432	13.071941	3.308288
25730	-27.960038	12.863153	2.232575
25731	-29.939038	12.809182	1.368899
25732	-31.947080	12.850274	0.601453
25733	-33.937828	12.958230	-0.131985
25734	-35.834142	13.068797	-0.902505
25735	-37.537321	13.251274	-1.700140
25736	-38.980981	13.684778	-2.463707
25737	-40.180606	14.443228	-3.086037
25738	-41.316546	15.510255	-3.541375
25739	-42.402817	16.633418	-4.021416
25740	-43.354793	17.389074	-4.489137
25741	-44.066546	17.633060	-4.852905
25742	-44.452254	17.324113	-4.939906
25743	-44.642688	16.666610	-4.910586
25744	-44.849756	16.091173	-4.954821
25745	-44.978737	15.545321	-4.971524
25746	-44.991641	14.919654	-5.045909
25747	-44.809838	14.324710	-5.117118
25748	-44.359253	13.874756	-5.020241
25749	-43.575323	13.714774	-4.613519
25750	-42.454953	13.864695	-3.833740
25751	-40.990338	14.279863	-2.735249
25752	-39.235061	14.831414	-1.413380
25753	-37.195242	15.401917	0.044702
25754	-34.906910	15.874574	1.579589
25755	-32.344350	16.124552	3.125217
25756	-29.545994	16.072269	4.584217
25757	-26.545853	15.734324	5.906466
25758	-23.390104	15.127581	7.105831
25759	-20.075921	14.168336	8.142695
25760	-16.679924	12.880114	8.853823
25761	-13.251733	11.453310	9.171551
25762	-9.845449	10.076164	9.150039
25763	-6.439487	8.805982	8.909275
25764	-2.998838	7.628249	8.548594
25765	0.519382	6.510374	8.074432
25766	4.113745	5.472499	7.465544
25767	7.780270	4.563912	6.750181
25768	11.455192	3.775495	6.032707
25769	15.066468	2.971068	5.499128
25770	18.461943	2.218162	5.220657
25771	21.467076	1.491462	5.367062
25772	24.047780	0.649407	5.949743
25773	26.188511	-0.503385	6.822760
25774	27.843189	-1.766141	7.840774
25775	28.962737	-2.784073	8.959548
25776	29.493846	-3.492806	10.132786
25777	29.295084	-3.658656	11.094533
25778	28.303246	-3.085409	11.648404
25779	26.723774	-2.065785	11.988315
25780	24.818596	-0.857023	12.246771
25781	22.808316	0.576849	12.278977
25782	20.968300	2.038864	11.957589
25783	19.781327	3.136787	10.837421
25784	19.597765	3.975012	8.074917
25785	19.804871	5.187050	5.224918
25786	19.791042	5.775910	4.336337
25787	19.553405	5.344392	5.387817
25788	18.700959	4.734175	6.736619
25789	17.481022	4.648540	8.064126
25790	16.232271	5.096257	9.608846
25791	14.996445	5.930505	11.155480
25792	13.844892	6.542641	12.406550
25793	12.979687	6.771631	13.183704
25794	12.265052	6.902198	13.794465
25795	11.598714	6.736099	14.715745
25796	10.964987	6.387940	15.714995
25797	10.339843	6.148602	16.544598
25798	9.789831	6.044269	17.223790
25799	9.441955	6.111574	18.008659
25800	9.284746	6.346777	18.691850
25801	9.238237	6.461408	18.817777
25802	9.123149	6.635741	18.383874
25803	8.846426	6.971275	17.327863
25804	8.408360	7.276777	15.758984
25805	7.853276	7.548400	14.135645
25806	7.227261	7.902935	12.796664
25807	6.573982	8.253637	11.761922
25808	6.033634	8.462420	11.035485
25809	5.682023	8.529956	10.664125
25810	5.516933	8.538562	10.696580
25811	5.423305	8.460484	11.076532
25812	5.310761	8.343264	11.617162
25813	5.115484	8.235180	12.164428
25814	4.857207	8.164140	12.657218
25815	4.544409	8.109446	13.013769
25816	4.201167	8.080813	13.187502
25817	3.803813	8.091128	13.145419
25818	3.348077	8.168369	12.825242
25819	2.817454	8.292374	12.282538
25820	2.242363	8.400788	11.700236
25821	1.623396	8.526934	11.176541
25822	0.987985	8.681461	10.685577
25823	0.331671	8.827127	10.245448
25824	-0.323837	9.002511	9.829142
25825	-0.994935	9.156343	9.429072
25826	-1.666846	9.297436	9.096024
25827	-2.343428	9.461064	8.816757
25828	-3.021796	9.629909	8.629835
25829	-3.728261	9.799867	8.460007
25830	-4.448188	10.007141	8.341211
25831	-5.208553	10.240529	8.218112
25832	-6.021774	10.491015	8.059361
25833	-6.903152	10.744573	7.872072
25834	-7.829538	10.990754	7.678447
25835	-8.807993	11.251964	7.463124
25836	-9.822086	11.518373	7.265170
25837	-10.888250	11.810925	7.084732
25838	-11.992567	12.105935	6.970002
25839	-13.139544	12.387921	6.912957
25840	-14.334566	12.658851	6.882427
25841	-15.601330	12.926107	6.831070
25842	-16.913297	13.152430	6.749096
25843	-18.286474	13.363611	6.595657
25844	-19.737146	13.535471	6.344733
25845	-21.290161	13.604650	5.979843
25846	-22.921862	13.525359	5.545115
25847	-24.677926	13.365293	4.884434
25848	-26.534727	13.200538	4.036211
25849	-28.432782	13.135478	3.245119
25850	-30.350483	13.147342	2.579331
25851	-32.297447	13.254908	1.911303
25852	-34.227727	13.432995	1.211781
25853	-36.052744	13.613601	0.426021
25854	-37.683140	13.874642	-0.350282
25855	-39.041667	14.397831	-1.022219
25856	-40.256115	15.256908	-1.520805
25857	-41.479142	16.446081	-1.992297
25858	-42.701562	17.559617	-2.549877
25859	-43.761757	18.182346	-3.071953
25860	-44.535616	18.307557	-3.426140
25861	-44.938464	17.843168	-3.572322
25862	-45.186917	17.171320	-3.699130
25863	-45.387442	16.535173	-3.841219
25864	-45.484544	15.812182	-4.020429
25865	-45.405040	15.086367	-4.267480
25866	-45.132697	14.561350	-4.410400
25867	-44.589001	14.333666	-4.230001
25868	-43.762859	14.357589	-3.709703
25869	-42.619994	14.533609	-2.951158
25870	-41.184397	14.819933	-2.020720
25871	-39.439458	15.185809	-0.930264
25872	-37.416048	15.575036	0.280524
25873	-35.095536	15.855050	1.586788
25874	-32.522939	15.939190	2.928466
25875	-29.736503	15.799640	4.211097
25876	-26.813419	15.429126	5.396914
25877	-23.734371	14.824334	6.529596
25878	-20.511830	13.945629	7.570939
25879	-17.152283	12.820015	8.388409
25880	-13.714293	11.563773	8.937630
25881	-10.247792	10.306211	9.230099
25882	-6.783600	9.115826	9.348731
25883	-3.280322	7.976543	9.389747
25884	0.272880	6.833133	9.341773
25885	3.881099	5.676168	9.150850
25886	7.492159	4.585261	8.820334
25887	11.054552	3.589250	8.438817
25888	14.520800	2.557104	8.184628
25889	17.788076	1.596636	8.046997
25890	20.698917	0.758098	8.218039
25891	23.206095	-0.078161	8.783464
25892	25.289320	-1.180624	9.670940
25893	26.919704	-2.494346	10.722466
25894	28.047014	-3.581443	11.823056
25895	28.624392	-4.307402	12.946369
25896	28.535629	-4.545377	13.858429
25897	27.680477	-4.060983	14.274548
25898	26.206895	-3.109319	14.396390
25899	24.385784	-1.879543	14.400121
25900	22.474474	-0.377269	14.242641
25901	20.978906	1.022110	13.457634
25902	20.455689	2.024561	10.762585
25903	20.507984	3.474646	7.593046
25904	20.381480	4.614868	5.699477
25905	19.975803	4.872511	5.267648
25906	19.314823	4.764161	5.657028
25907	18.300689	4.794217	6.231035
25908	17.128418	5.200133	7.095061
25909	15.911034	5.927400	8.230977
25910	14.685988	6.574912	9.557198
25911	13.701300	6.617945	10.830690
25912	13.034876	6.509007	11.771307
25913	12.447226	6.531949	12.711427
25914	11.886236	6.204415	13.869465
25915	11.314925	5.731360	14.986719
25916	10.763067	5.492566	15.930319
25917	10.310806	5.482220	16.924548
25918	10.089262	5.616032	18.117890
25919	10.020746	5.784387	19.222240
25920	10.023009	5.746469	19.726319
25921	9.936788	5.818076	19.626624
25922	9.714904	6.153645	18.759625
25923	9.296168	6.553604	17.202446
25924	8.749674	6.894551	15.413139
25925	8.108410	7.290245	13.850374
25926	7.450748	7.696591	12.624209
25927	6.850424	7.971949	11.667464
25928	6.408299	8.051587	11.061698
25929	6.141515	8.017637	10.883918
25930	5.984632	7.926937	11.106365
25931	5.807436	7.821075	11.563797
25932	5.571026	7.729212	12.110555
25933	5.253717	7.667627	12.657065
25934	4.881413	7.636970	13.126923
25935	4.456137	7.651660	13.349347
25936	4.013051	7.670853	13.345439
25937	3.551746	7.736712	13.205948
25938	3.076952	7.855171	12.943853
25939	2.552650	7.990874	12.514014
25940	1.995679	8.103942	12.034648
25941	1.396209	8.257994	11.565048
25942	0.791510	8.405594	11.146717
25943	0.167277	8.554237	10.763994
25944	-0.466138	8.737456	10.388367
25945	-1.110689	8.911512	10.094067
25946	-1.746309	9.079313	9.911880
25947	-2.385096	9.262388	9.795690
25948	-3.025586	9.437820	9.690408
25949	-3.710008	9.671819	9.564845
25950	-4.428625	9.910017	9.435693
25951	-5.206639	10.138806	9.257579
25952	-6.015065	10.373270	9.075313
25953	-6.880482	10.635740	8.870386
25954	-7.791894	10.924417	8.687218
25955	-8.758878	11.230670	8.533002
25956	-9.775124	11.521069	8.407229
25957	-10.838405	11.819405	8.334780
25958	-11.942239	12.124763	8.315171
25959	-13.107178	12.417855	8.323592
25960	-14.319701	12.682151	8.327890
25961	-15.585271	12.925980	8.261134
25962	-16.898983	13.117949	8.073015
25963	-18.266502	13.237063	7.757165
25964	-19.721599	13.316178	7.293792
25965	-21.314143	13.298705	6.675100
25966	-23.012320	13.086936	5.939703
25967	-24.846034	12.795096	4.984939
25968	-26.771545	12.497392	3.932202
25969	-28.699965	12.316532	3.009540
25970	-30.665571	12.280237	2.210978
25971	-32.643054	12.339229	1.510932
25972	-34.589703	12.478313	0.824549
25973	-36.410645	12.683712	0.091208
25974	-37.999026	13.046068	-0.575581
25975	-39.312489	13.726952	-1.082006
25976	-40.541598	14.829262	-1.420550
25977	-41.793140	16.153302	-1.754230
25978	-42.976707	17.186006	-2.106081
25979	-43.976107	17.781769	-2.447425
25980	-44.727076	17.901376	-2.676014
25981	-45.163802	17.524542	-2.726139
25982	-45.468319	16.998949	-2.744921
25983	-45.702336	16.454513	-2.818003
25984	-45.790718	15.832377	-2.943672
25985	-45.632867	15.227918	-3.056689
25986	-45.232644	14.799576	-3.074041
25987	-44.547260	14.558716	-2.842147
25988	-43.593564	14.530408	-2.326297
25989	-42.365082	14.639949	-1.602939
25990	-40.888246	14.808056	-0.756705
25991	-39.144141	15.007126	0.181899
25992	-37.140506	15.212763	1.201220
25993	-34.842664	15.333964	2.308894
25994	-32.293323	15.316221	3.433192
25995	-29.520069	15.134036	4.509194
25996	-26.589031	14.768941	5.550433
25997	-23.479752	14.168430	6.589053
25998	-20.244810	13.274049	7.511030
25999	-16.897200	12.153882	8.241374
26000	-13.509363	10.956940	8.765250
26001	-10.120275	9.776390	9.066002
26002	-6.748402	8.668723	9.197885
26003	-3.346043	7.630004	9.260973
26004	0.106119	6.609864	9.266835
26005	3.599530	5.628512	9.192716
26006	7.091089	4.680929	9.041033
26007	10.553287	3.708116	8.887488
26008	13.945043	2.634177	8.886191
26009	17.155652	1.610092	9.067486
26010	20.031407	0.633839	9.642398
26011	22.538469	-0.416257	10.600481
26012	24.651196	-1.737068	11.817325
26013	26.333367	-3.203681	13.071614
26014	27.547365	-4.424785	14.234323
26015	28.290047	-5.224682	15.287291
26016	28.472666	-5.550651	16.114079
26017	27.955237	-5.155157	16.481591
26018	26.775209	-4.167254	16.450036
26019	25.148743	-2.979076	16.283609
26020	23.293865	-1.615047	15.989429
26021	21.433580	-0.006353	15.470517
26022	20.020283	1.419993	14.397205
26023	19.569627	2.464616	11.600208
26024	19.717854	3.857250	8.042137
26025	19.713420	5.057208	6.193815
26026	19.479266	5.192174	6.563463
26027	18.795076	4.776798	7.850496
26028	17.635345	4.501804	9.226034
26029	16.380432	4.625354	10.927996
26030	15.144902	5.163805	12.807468
26031	13.894505	5.776957	14.620723
26032	12.835980	5.952950	16.225929
26033	12.046517	6.068933	17.479019
26034	11.361030	6.200035	18.635208
26035	10.732881	5.941710	19.887268
26036	10.136286	5.610857	20.989033
26037	9.591213	5.475363	21.896870
26038	9.195791	5.500798	22.636686
26039	9.010821	5.714675	23.266638
26040	8.965821	5.880598	23.587662
26041	8.942352	5.994194	23.367797
26042	8.813949	6.344528	22.557632
26043	8.511760	6.826606	21.008864
26044	8.049525	7.219745	18.892377
26045	7.514157	7.553356	16.760491
26046	6.978824	7.950107	15.036545
26047	6.453637	8.309947	13.896829
26048	6.045790	8.496392	13.320812
26049	5.792018	8.495970	13.190243
26050	5.714769	8.372368	13.443248
26051	5.715261	8.165822	14.031959
26052	5.687497	7.951426	14.818351
26053	5.587966	7.787803	15.685428
26054	5.415891	7.695319	16.421321
26055	5.154310	7.652924	16.871100
26056	4.796971	7.677207	16.993894
26057	4.334754	7.800002	16.838250
26058	3.815784	7.955638	16.498946
26059	3.243311	8.127521	15.993911
26060	2.619669	8.288907	15.356331
26061	1.922611	8.484735	14.649891
26062	1.206128	8.714833	13.975425
26063	0.497207	8.924713	13.356749
26064	-0.193721	9.111455	12.779107
26065	-0.864166	9.312365	12.300525
26066	-1.495531	9.509231	12.040256
26067	-2.118887	9.687870	11.928720
26068	-2.739724	9.843845	11.903825
26069	-3.394186	10.064171	11.887259
26070	-4.087177	10.302838	11.858816
26071	-4.838383	10.540662	11.789108
26072	-5.628066	10.784391	11.661029
26073	-6.472510	11.034141	11.448805
26074	-7.363387	11.296705	11.159068
26075	-8.318136	11.595386	10.829245
26076	-9.326804	11.917396	10.505814
26077	-10.385589	12.247039	10.234044
26078	-11.503454	12.578176	10.001420
26079	-12.697319	12.920077	9.814394
26080	-13.938723	13.240022	9.682635
26081	-15.228293	13.536100	9.556681
26082	-16.558006	13.787263	9.385085
26083	-17.941812	13.988915	9.097482
26084	-19.389104	14.143039	8.703129
26085	-20.998683	14.261311	8.125926
26086	-22.721037	14.189002	7.484736
26087	-24.579794	14.025657	6.666602
26088	-26.596367	13.810848	5.550438
26089	-28.625697	13.655143	4.462138
26090	-30.698874	13.658951	3.415986
26091	-32.766646	13.749665	2.444726
26092	-34.755342	13.933740	1.566821
26093	-36.610094	14.137925	0.643950
26094	-38.277022	14.385122	-0.311437
26095	-39.628470	14.892047	-1.173531
26096	-40.825342	15.895686	-1.940158
26097	-41.967621	17.179172	-2.647689
26098	-42.993483	18.110543	-3.377755
26099	-43.820715	18.366967	-4.040825
26100	-44.355206	17.925008	-4.524332
26101	-44.653326	16.918026	-4.861174
26102	-44.952530	15.915678	-5.185293
26103	-45.221703	15.061957	-5.468099
26104	-45.302795	14.178749	-5.654945
26105	-45.119393	13.399660	-5.773572
26106	-44.667016	12.978277	-5.715647
26107	-43.876250	12.978845	-5.292657
26108	-42.765570	13.333016	-4.477884
26109	-41.306087	13.880699	-3.337162
26110	-39.562157	14.567807	-2.022619
26111	-37.550584	15.248510	-0.605174
26112	-35.300149	15.758282	0.890051
26113	-32.808524	16.033220	2.427128
26114	-30.121591	16.031932	3.925387
26115	-27.266867	15.732740	5.328989
26116	-24.310094	15.179770	6.630898
26117	-21.220270	14.339578	7.846917
26118	-17.997887	13.198435	8.919862
26119	-14.658992	11.908134	9.766041
26120	-11.286581	10.640018	10.366348
26121	-7.931741	9.437661	10.676983
26122	-4.612720	8.302965	10.731086
26123	-1.282811	7.237271	10.554004
26124	2.054133	6.235502	10.163983
26125	5.421348	5.306306	9.619757
26126	8.817639	4.465651	9.015972
26127	12.231935	3.653084	8.549990
26128	15.584643	2.827684	8.389751
26129	18.667882	2.008630	8.649365
26130	21.324606	1.156931	9.347862
26131	23.587323	0.172081	10.380879
26132	25.457443	-1.039742	11.571259
26133	26.900948	-2.218186	12.717422
26134	27.892457	-3.077364	13.717957
26135	28.414171	-3.582822	14.584846
26136	28.339803	-3.607173	15.188973
26137	27.592416	-3.007484	15.425281
26138	26.257580	-1.992046	15.450603
26139	24.567073	-0.816474	15.375664
