// General information: 
//  MT Manager version: 2021.4.0 
//  XDA version: 2021.4.0 build 6323 rev 112641 built on 2021-09-28
// Device information: 
//  DeviceId: 00B437E8
//  ProductCode: MTW2-3A7G6
//  Firmware Version: 4.3.4
//  Hardware Version: 1.1.0
// Device settings: 
//  Filter Profile: human(46.1)
//  Option Flags: Orientation Smoother Disabled, Position/Velocity Smoother Disabled, Continuous Zero Rotation Update Disabled, AHS Disabled, ICC Disabled
// Coordinate system: ENU
PacketCounter	Roll	Pitch	Yaw
21046	0.035646	0.115171	-0.035638
21047	0.035458	0.115529	-0.035313
21048	0.036731	0.116244	-0.034680
21049	0.036872	0.115437	-0.034901
21050	0.037039	0.116634	-0.034542
21051	0.037429	0.115649	-0.036051
21052	0.035792	0.115660	-0.036042
21053	0.036978	0.117356	-0.036147
21054	0.037474	0.117390	-0.036332
21055	0.039498	0.116785	-0.035460
21056	0.038968	0.116314	-0.035176
21057	0.038351	0.116824	-0.035632
21058	0.039195	0.117692	-0.035778
21059	0.040013	0.116556	-0.036505
21060	0.041385	0.118286	-0.034544
21061	0.041178	0.116645	-0.034802
21062	0.040915	0.117995	-0.035222
21063	0.041056	0.117189	-0.035441
21064	0.040874	0.117553	-0.035119
21065	0.040337	0.117077	-0.034830
21066	0.040833	0.117112	-0.035015
21067	0.041339	0.119139	-0.034610
21068	0.041916	0.118188	-0.034052
21069	0.040950	0.117863	-0.034544
21070	0.041706	0.116940	-0.031916
21071	0.041338	0.117271	-0.033658
21072	0.041236	0.116650	-0.032592
21073	0.040369	0.117338	-0.031757
21074	0.040517	0.116539	-0.031979
21075	0.040675	0.117732	-0.031612
21076	0.043303	0.117793	-0.031990
21077	0.042337	0.117468	-0.032481
21078	0.041477	0.118162	-0.031650
21079	0.042296	0.117028	-0.032373
21080	0.042461	0.118228	-0.032011
21081	0.042352	0.117601	-0.030939
21082	0.041741	0.118117	-0.031396
21083	0.041963	0.116327	-0.030869
21084	0.041618	0.118664	-0.032030
21085	0.040652	0.118339	-0.032520
21086	0.040551	0.117719	-0.031452
21087	0.040013	0.117243	-0.031161
21088	0.038627	0.117076	-0.032436
21089	0.039543	0.116956	-0.031832
21090	0.040386	0.117828	-0.031975
21091	0.039516	0.118516	-0.031139
21092	0.038477	0.119184	-0.032375
21093	0.039725	0.117900	-0.032315
21094	0.041772	0.119307	-0.030857
21095	0.040708	0.117969	-0.032671
21096	0.040954	0.118185	-0.031565
21097	0.041539	0.119230	-0.030415
21098	0.040928	0.119747	-0.030869
21099	0.039880	0.120407	-0.032100
21100	0.041151	0.121130	-0.031461
21101	0.038828	0.121463	-0.030936
21102	0.041635	0.121557	-0.029241
21103	0.040750	0.120247	-0.028986
21104	0.040139	0.120764	-0.029440
21105	0.040959	0.119632	-0.030159
21106	0.042562	0.119193	-0.030063
21107	0.042881	0.118417	-0.028208
21108	0.040388	0.118728	-0.029756
21109	0.039517	0.119417	-0.028917
21110	0.039321	0.117785	-0.029173
21111	0.040332	0.118681	-0.027240
21112	0.041257	0.118571	-0.026638
21113	0.041065	0.118931	-0.026305
21114	0.041311	0.119149	-0.025197
21115	0.041452	0.118346	-0.025408
21116	0.041269	0.118714	-0.025080
21117	0.043114	0.118090	-0.026264
21118	0.042849	0.119443	-0.026678
21119	0.042739	0.118818	-0.025602
21120	0.042807	0.119009	-0.026560
21121	0.043294	0.119041	-0.026732
21122	0.043540	0.119260	-0.025623
21123	0.044789	0.117979	-0.025557
21124	0.043749	0.118647	-0.026790
21125	0.044236	0.118680	-0.026961
21126	0.043279	0.118363	-0.027451
21127	0.044194	0.118246	-0.026841
21128	0.045370	0.117960	-0.027523
21129	0.045177	0.118320	-0.027188
21130	0.044649	0.117854	-0.026897
21131	0.044362	0.117200	-0.027886
21132	0.042820	0.118225	-0.026546
21133	0.044069	0.116946	-0.026479
21134	0.045422	0.116689	-0.025093
21135	0.044718	0.118184	-0.026281
21136	0.044535	0.118554	-0.025951
21137	0.045367	0.119423	-0.026082
21138	0.045435	0.119615	-0.027038
21139	0.044980	0.118155	-0.025997
21140	0.044630	0.120495	-0.027152
21141	0.044427	0.118857	-0.027397
21142	0.044160	0.120213	-0.027809
21143	0.045421	0.120934	-0.027158
21144	0.045917	0.120977	-0.027333
21145	0.045976	0.121160	-0.028281
21146	0.045792	0.121531	-0.027951
21147	0.044481	0.120369	-0.028470
21148	0.044988	0.122412	-0.028063
21149	0.044785	0.120774	-0.028306
21150	0.045877	0.121476	-0.029727
21151	0.045768	0.120853	-0.028647
21152	0.045668	0.120239	-0.027573
21153	0.046750	0.120932	-0.028987
21154	0.045459	0.121779	-0.028931
21155	0.044930	0.123305	-0.028051
21156	0.045417	0.121350	-0.028804
21157	0.046592	0.123058	-0.028894
21158	0.047349	0.122147	-0.026258
21159	0.047407	0.122331	-0.027205
21160	0.047224	0.122703	-0.026872
21161	0.047114	0.122080	-0.025791
21162	0.047611	0.122125	-0.025963
21163	0.049289	0.120700	-0.025110
21164	0.048341	0.122384	-0.025015
21165	0.049088	0.121464	-0.022372
21166	0.048820	0.122821	-0.022782
21167	0.048878	0.123005	-0.023727
21168	0.048350	0.122541	-0.023432
21169	0.048408	0.122725	-0.024377
21170	0.049333	0.122623	-0.023768
21171	0.049811	0.120659	-0.024512
21172	0.050315	0.122705	-0.024103
21173	0.048752	0.121721	-0.023334
21174	0.049753	0.121411	-0.026075
21175	0.048962	0.121115	-0.024487
21176	0.048435	0.120651	-0.024191
21177	0.047896	0.120178	-0.023889
21178	0.048393	0.120225	-0.024059
21179	0.047518	0.120914	-0.023214
21180	0.047334	0.121287	-0.022879
21181	0.048584	0.120013	-0.022804
21182	0.049768	0.121734	-0.022898
21183	0.048801	0.121408	-0.023375
21184	0.049298	0.121456	-0.023544
21185	0.049783	0.121493	-0.023706
21186	0.049684	0.120882	-0.022629
21187	0.049488	0.121246	-0.022287
21188	0.049214	0.120604	-0.023275
21189	0.051060	0.119991	-0.024444
21190	0.050365	0.118720	-0.022120
21191	0.050850	0.118758	-0.022281
21192	0.051431	0.117822	-0.021707
21193	0.051916	0.117860	-0.021868
21194	0.052070	0.117071	-0.022074
21195	0.053754	0.117651	-0.020636
21196	0.052713	0.118321	-0.021862
21197	0.052693	0.118715	-0.019454
21198	0.051737	0.118399	-0.019937
21199	0.053588	0.119787	-0.020525
21200	0.053832	0.120014	-0.019409
21201	0.053546	0.119363	-0.020387
21202	0.054218	0.119442	-0.018490
21203	0.054955	0.119303	-0.019934
21204	0.054771	0.119678	-0.019598
21205	0.054399	0.120012	-0.021318
21206	0.054896	0.120062	-0.021485
21207	0.052652	0.119402	-0.020210
21208	0.052806	0.118614	-0.020414
21209	0.052267	0.118142	-0.020108
21210	0.051654	0.118664	-0.020551
21211	0.051115	0.118192	-0.020244
21212	0.050931	0.118567	-0.019907
21213	0.052867	0.118972	-0.019751
21214	0.054048	0.120698	-0.019841
21215	0.053595	0.119240	-0.018791
21216	0.053663	0.119438	-0.019737
21217	0.053377	0.118788	-0.020713
21218	0.054302	0.118692	-0.020098
21219	0.053677	0.119204	-0.020533
21220	0.054259	0.118271	-0.019955
21221	0.053381	0.118961	-0.019107
21222	0.052426	0.118647	-0.019587
21223	0.053339	0.118540	-0.018963
21224	0.053154	0.118917	-0.018625
21225	0.052615	0.118444	-0.018316
21226	0.052858	0.118674	-0.017197
21227	0.051465	0.120496	-0.017872
21228	0.054095	0.120590	-0.018223
21229	0.053389	0.119311	-0.015888
21230	0.053885	0.119363	-0.016052
21231	0.053434	0.119907	-0.014422
21232	0.053503	0.120106	-0.015366
21233	0.053987	0.120147	-0.015522
21234	0.054056	0.120347	-0.016466
21235	0.054966	0.118242	-0.016419
21236	0.055376	0.119279	-0.017325
21237	0.053728	0.121279	-0.016715
21238	0.054225	0.121332	-0.016878
21239	0.054709	0.121374	-0.017033
21240	0.054777	0.121574	-0.017976
21241	0.054492	0.120925	-0.018949
21242	0.054648	0.122141	-0.018571
21243	0.054363	0.123493	-0.018966
21244	0.054947	0.122562	-0.018385
21245	0.055169	0.123558	-0.021345
21246	0.055158	0.123968	-0.018941
21247	0.057433	0.123216	-0.019319
21248	0.057248	0.123594	-0.018978
21249	0.057050	0.123961	-0.018629
21250	0.056865	0.124339	-0.018288
21251	0.055556	0.125176	-0.018217
21252	0.056054	0.123231	-0.018955
21253	0.058075	0.124658	-0.017472
21254	0.057296	0.122375	-0.016462
21255	0.057097	0.122742	-0.016113
21256	0.057934	0.123635	-0.016236
21257	0.059100	0.123355	-0.016890
21258	0.058574	0.122895	-0.016586
21259	0.058287	0.124247	-0.016978
21260	0.057421	0.122949	-0.016711
21261	0.058499	0.123654	-0.018108
21262	0.059082	0.124726	-0.016948
21263	0.059819	0.124592	-0.018381
21264	0.059974	0.125810	-0.018001
21265	0.060116	0.125016	-0.018190
21266	0.060272	0.126234	-0.017810
21267	0.059392	0.124924	-0.017534
21268	0.057756	0.124935	-0.017507
21269	0.058324	0.125995	-0.016338
21270	0.058821	0.126052	-0.016496
21271	0.057513	0.124888	-0.017000
21272	0.058010	0.124945	-0.017159
21273	0.057810	0.125313	-0.016807
21274	0.058395	0.124385	-0.016222
21275	0.058449	0.124576	-0.017152
21276	0.059034	0.123649	-0.016567
21277	0.058151	0.124340	-0.015713
21278	0.057883	0.121703	-0.017265
21279	0.058450	0.122765	-0.016094
21280	0.058693	0.123000	-0.014970
21281	0.058835	0.122206	-0.015156
21282	0.059077	0.122441	-0.014032
21283	0.061437	0.122712	-0.013083
21284	0.061251	0.123093	-0.012739
21285	0.060367	0.123784	-0.011885
21286	0.060009	0.124133	-0.013602
21287	0.060324	0.123371	-0.011726
21288	0.059371	0.123059	-0.012199
21289	0.059852	0.123105	-0.012346
21290	0.060010	0.122324	-0.012540
21291	0.058270	0.123306	-0.013246
21292	0.058856	0.122381	-0.012659
21293	0.059252	0.121411	-0.014125
21294	0.059240	0.121824	-0.011718
21295	0.058949	0.123178	-0.012106
21296	0.059530	0.124254	-0.010943
21297	0.059329	0.124623	-0.010589
21298	0.059826	0.124682	-0.010744
21299	0.060307	0.124729	-0.010890
21300	0.058756	0.125756	-0.009543
21301	0.059237	0.125803	-0.009689
21302	0.061184	0.126235	-0.009527
21303	0.060898	0.125588	-0.010490
21304	0.060035	0.124291	-0.010219
21305	0.060516	0.124338	-0.010364
21306	0.061013	0.124399	-0.010518
21307	0.060811	0.124769	-0.010163
21308	0.060625	0.125152	-0.009816
21309	0.063328	0.124265	-0.009402
21310	0.062459	0.124970	-0.008555
21311	0.062939	0.125018	-0.008699
21312	0.061981	0.126707	-0.008595
21313	0.063145	0.126434	-0.009240
21314	0.062959	0.126817	-0.008893
21315	0.062666	0.128171	-0.009280
21316	0.063170	0.126232	-0.010008
21317	0.063733	0.127297	-0.008833
21318	0.064231	0.127359	-0.008986
21319	0.063172	0.128018	-0.010190
21320	0.063242	0.128225	-0.011123
21321	0.062700	0.127755	-0.010803
21322	0.062514	0.128139	-0.010455
21323	0.063084	0.127204	-0.009855
21324	0.063574	0.129268	-0.009432
21325	0.062012	0.128280	-0.008649
21326	0.061653	0.128632	-0.010361
21327	0.061360	0.129987	-0.010746
21328	0.061264	0.129387	-0.009655
21329	0.061488	0.129613	-0.008516
21330	0.062324	0.130516	-0.008630
21331	0.062894	0.129581	-0.008029
21332	0.062527	0.131935	-0.009166
21333	0.061558	0.131610	-0.009625
21334	0.060607	0.131299	-0.010093
21335	0.060403	0.131670	-0.009734
21336	0.059879	0.131215	-0.009422
21337	0.059428	0.129762	-0.008357
21338	0.060263	0.130667	-0.008470
21339	0.059722	0.130198	-0.008147
21340	0.058861	0.128903	-0.007872
21341	0.041132	0.119839	-0.038286
21342	0.042984	0.119253	-0.039454
21343	0.042773	0.119619	-0.039116
21344	0.042236	0.119157	-0.038822
21345	0.041688	0.118683	-0.038520
21346	0.042082	0.119724	-0.039433
21347	0.041870	0.120090	-0.039094
21348	0.042445	0.119163	-0.038518
21349	0.041468	0.118833	-0.038996
21350	0.042727	0.117585	-0.038920
21351	0.041324	0.117398	-0.040178
21352	0.040867	0.117954	-0.038567
21353	0.040912	0.118143	-0.039507
21354	0.042845	0.118577	-0.039358
21355	0.042285	0.120105	-0.038482
21356	0.042005	0.119466	-0.039466
21357	0.041804	0.117831	-0.039699
21358	0.040840	0.117513	-0.040184
21359	0.040628	0.117879	-0.039843
21360	0.040428	0.118258	-0.039511
21361	0.041584	0.117984	-0.040169
21362	0.041048	0.117523	-0.039873
21363	0.040579	0.118067	-0.038253
21364	0.041234	0.118160	-0.036360
21365	0.040258	0.117830	-0.036836
21366	0.037845	0.117134	-0.037638
21367	0.037633	0.117502	-0.037297
21368	0.037432	0.117882	-0.036964
21369	0.038332	0.117786	-0.036341
21370	0.037961	0.118131	-0.038067
21371	0.038097	0.117338	-0.038261
21372	0.037897	0.117718	-0.037928
21373	0.038369	0.117765	-0.038085
21374	0.037405	0.117448	-0.038568
21375	0.039233	0.118857	-0.039151
21376	0.039717	0.118917	-0.039316
21377	0.038650	0.119571	-0.040534
21378	0.038113	0.119111	-0.040237
21379	0.037473	0.119622	-0.040674
21380	0.037272	0.120002	-0.040340
21381	0.037744	0.120051	-0.040496
21382	0.038228	0.120112	-0.040660
21383	0.035547	0.119580	-0.040173
21384	0.037479	0.120020	-0.040019
21385	0.038043	0.119085	-0.039430
21386	0.037414	0.119609	-0.039876
21387	0.038741	0.119372	-0.038470
21388	0.036238	0.119660	-0.040014
21389	0.034746	0.119684	-0.037930
21390	0.036008	0.118443	-0.037848
21391	0.035794	0.118812	-0.037504
21392	0.035851	0.119016	-0.038447
21393	0.035210	0.119527	-0.038883
21394	0.033562	0.119530	-0.038866
21395	0.032586	0.119200	-0.039338
21396	0.032385	0.119583	-0.039003
21397	0.032856	0.119632	-0.039156
21398	0.031300	0.118651	-0.038395
21399	0.032106	0.119543	-0.038512
21400	0.032591	0.119606	-0.038674
21401	0.031614	0.119276	-0.039145
21402	0.031413	0.119659	-0.038809
21403	0.032220	0.120551	-0.038926
21404	0.032019	0.120934	-0.038589
21405	0.031042	0.120604	-0.039060
21406	0.030749	0.121971	-0.039468
21407	0.030551	0.120338	-0.039692
21408	0.029664	0.121041	-0.038857
21409	0.030563	0.120949	-0.038229
21410	0.029693	0.119650	-0.037964
21411	0.029922	0.117876	-0.037408
21412	0.028274	0.117879	-0.037390
21413	0.029414	0.119613	-0.037469
21414	0.029822	0.118659	-0.038943
21415	0.029959	0.117869	-0.039131
21416	0.029072	0.118572	-0.038296
21417	0.029894	0.117463	-0.038980
21418	0.030455	0.118547	-0.037827
21419	0.031704	0.117296	-0.037731
21420	0.031317	0.119648	-0.038881
21421	0.031196	0.119035	-0.037790
21422	0.030233	0.118719	-0.038268
21423	0.029942	0.118071	-0.039234
21424	0.029648	0.119439	-0.039640
21425	0.029099	0.118968	-0.039329
21426	0.029156	0.119176	-0.040268
21427	0.029552	0.118209	-0.041731
21428	0.029275	0.117575	-0.042706
21429	0.029822	0.118647	-0.041542
21430	0.029527	0.120016	-0.041947
21431	0.028960	0.121548	-0.041065
21432	0.028590	0.121897	-0.042784
21433	0.028727	0.121108	-0.042968
21434	0.028525	0.121494	-0.042629
21435	0.027625	0.122184	-0.041783
21436	0.028203	0.121268	-0.041197
21437	0.028007	0.119637	-0.041417
21438	0.027712	0.121007	-0.041821
21439	0.027422	0.120359	-0.042785
21440	0.027573	0.119585	-0.042978
21441	0.028138	0.118655	-0.042382
21442	0.026916	0.118517	-0.041581
21443	0.027481	0.117588	-0.040984
21444	0.027205	0.116955	-0.041957
21445	0.027084	0.116344	-0.040863
21446	0.026788	0.117714	-0.041267
21447	0.026926	0.116925	-0.041449
21448	0.026724	0.117312	-0.041109
21449	0.027194	0.117367	-0.041255
21450	0.026660	0.116911	-0.040951
21451	0.025590	0.117565	-0.042160
21452	0.024722	0.116267	-0.041891
21453	0.025858	0.118007	-0.041966
21454	0.025750	0.117411	-0.040880
21455	0.026743	0.116342	-0.039502
21456	0.026541	0.116730	-0.039161
21457	0.026325	0.117102	-0.038810
21458	0.025103	0.116965	-0.038007
21459	0.026334	0.117722	-0.037337
21460	0.026132	0.118110	-0.036995
21461	0.027976	0.117530	-0.038133
21462	0.024859	0.119152	-0.037862
21463	0.026444	0.118749	-0.037723
21464	0.026242	0.119137	-0.037382
21465	0.026026	0.119510	-0.037030
21466	0.026938	0.119441	-0.036404
21467	0.027481	0.120516	-0.035236
21468	0.025833	0.120519	-0.035213
21469	0.027750	0.120960	-0.035037
21470	0.028234	0.121032	-0.035191
21471	0.027353	0.119718	-0.034910
21472	0.028525	0.119473	-0.035560
21473	0.029422	0.119389	-0.034923
21474	0.029480	0.119601	-0.035856
21475	0.030637	0.119339	-0.036496
21476	0.028988	0.119343	-0.036472
21477	0.031095	0.117818	-0.034807
21478	0.031507	0.116871	-0.036271
21479	0.032309	0.117770	-0.036378
21480	0.032106	0.118159	-0.036035
21481	0.032221	0.119375	-0.035646
21482	0.031000	0.119239	-0.034842
21483	0.031043	0.119435	-0.035764
21484	0.030841	0.119825	-0.035420
21485	0.032093	0.118582	-0.035313
21486	0.032650	0.119675	-0.034154
21487	0.030655	0.118818	-0.034155
21488	0.030453	0.119208	-0.033811
21489	0.029573	0.117895	-0.033528
21490	0.029370	0.118285	-0.033183
21491	0.027967	0.118095	-0.034424
21492	0.029139	0.117852	-0.035071
21493	0.028755	0.118189	-0.036772
21494	0.029311	0.119284	-0.035612
21495	0.028336	0.118954	-0.036072
21496	0.028489	0.118185	-0.036259
21497	0.028699	0.118419	-0.035123
21498	0.029515	0.119337	-0.035238
21499	0.028967	0.118868	-0.034918
21500	0.028764	0.119259	-0.034573
21501	0.027859	0.119950	-0.033722
21502	0.028273	0.119005	-0.035183
21503	0.027700	0.120539	-0.034296
21504	0.028184	0.120614	-0.034446
21505	0.027636	0.120145	-0.034125
21506	0.028121	0.120221	-0.034275
21507	0.028713	0.117293	-0.034236
21508	0.027727	0.118984	-0.034139
21509	0.027605	0.118376	-0.033038
21510	0.029465	0.117820	-0.034178
21511	0.028560	0.118511	-0.033326
21512	0.029044	0.118587	-0.033475
21513	0.029184	0.117802	-0.033649
21514	0.028981	0.118195	-0.033302
21515	0.029120	0.117410	-0.033476
21516	0.027472	0.117414	-0.033449
21517	0.027748	0.119439	-0.035076
21518	0.029017	0.118217	-0.034975
21519	0.027257	0.119187	-0.035683
21520	0.028169	0.119125	-0.035051
21521	0.028638	0.119185	-0.035188
21522	0.028532	0.118595	-0.034096
21523	0.027887	0.119110	-0.034518
21524	0.027023	0.117815	-0.034242
21525	0.029528	0.118933	-0.035297
21526	0.029422	0.118343	-0.034205
21527	0.029891	0.118404	-0.034342
21528	0.029688	0.118797	-0.033994
21529	0.029401	0.118153	-0.034946
21530	0.028936	0.118723	-0.033323
21531	0.029076	0.117940	-0.033495
21532	0.027428	0.117943	-0.033467
21533	0.028557	0.119693	-0.033533
21534	0.028451	0.119104	-0.032440
21535	0.027117	0.119934	-0.032366
21536	0.027244	0.121172	-0.031982
21537	0.026957	0.120528	-0.032933
21538	0.026327	0.121061	-0.033364
21539	0.025750	0.122597	-0.032475
21540	0.028368	0.122753	-0.032795
21541	0.040359	0.117559	-0.041245
21542	0.040263	0.116967	-0.040156
21543	0.039722	0.116497	-0.039835
21544	0.039789	0.116712	-0.040765
21545	0.039577	0.117087	-0.040409
21546	0.039743	0.116319	-0.040593
21547	0.041334	0.115926	-0.040446
21548	0.039696	0.115926	-0.040421
21549	0.040830	0.117675	-0.040489
21550	0.039289	0.116692	-0.039719
21551	0.039077	0.117068	-0.039363
21552	0.039669	0.116162	-0.038767
21553	0.040145	0.116223	-0.038904
21554	0.039525	0.116753	-0.039338
21555	0.039641	0.117973	-0.038946
21556	0.040757	0.116715	-0.040897
21557	0.039855	0.117405	-0.040046
21558	0.040350	0.117483	-0.040193
21559	0.039906	0.116031	-0.039127
21560	0.040041	0.117268	-0.038745
21561	0.039761	0.116623	-0.039696
21562	0.039239	0.116171	-0.039385
21563	0.039452	0.116409	-0.038247
21564	0.040045	0.115504	-0.037650
21565	0.038223	0.115450	-0.039666
21566	0.040162	0.115921	-0.039492
21567	0.039949	0.116297	-0.039134
21568	0.040115	0.115531	-0.039315
21569	0.040262	0.114749	-0.039486
21570	0.039641	0.115280	-0.039918
21571	0.041232	0.114891	-0.039767
21572	0.041038	0.115284	-0.039420
21573	0.040136	0.115975	-0.038567
21574	0.042008	0.115426	-0.039700
21575	0.040351	0.115410	-0.039663
21576	0.040485	0.116648	-0.039280
21577	0.040370	0.116042	-0.038176
21578	0.040438	0.116260	-0.039101
21579	0.038880	0.115261	-0.038318
21580	0.040064	0.115027	-0.038957
21581	0.039161	0.115718	-0.038104
21582	0.038868	0.117095	-0.038500
21583	0.038688	0.115468	-0.038703
21584	0.037050	0.115468	-0.038676
21585	0.036935	0.114863	-0.037571
21586	0.037003	0.115082	-0.038496
21587	0.037906	0.115009	-0.037849
21588	0.036267	0.115009	-0.037822
21589	0.036153	0.114404	-0.036716
21590	0.036057	0.113816	-0.035622
21591	0.037550	0.114413	-0.036213
21592	0.037355	0.114808	-0.035864
21593	0.036125	0.114654	-0.035045
21594	0.037309	0.114423	-0.035682
21595	0.036996	0.115784	-0.036066
21596	0.035358	0.115784	-0.036038
21597	0.035834	0.115850	-0.036169
21598	0.034295	0.114867	-0.035396
21599	0.036115	0.116311	-0.035951
21600	0.035231	0.117020	-0.035108
21601	0.034591	0.117536	-0.035526
21602	0.034069	0.117086	-0.035211
21603	0.035234	0.116839	-0.035835
21604	0.034975	0.116214	-0.036792
21605	0.036105	0.117971	-0.036853
21606	0.036799	0.116090	-0.035505
21607	0.035732	0.116743	-0.036703
21608	0.035537	0.117139	-0.036352
21609	0.035686	0.116360	-0.036517
21610	0.036081	0.117427	-0.037404
21611	0.035441	0.117943	-0.037821
21612	0.036036	0.117045	-0.037217
21613	0.035068	0.116716	-0.037669
21614	0.034973	0.116130	-0.036573
21615	0.034433	0.115664	-0.036245
21616	0.034827	0.116731	-0.037131
21617	0.035040	0.116975	-0.035988
21618	0.035271	0.117235	-0.034856
21619	0.035384	0.118462	-0.034458
21620	0.035979	0.117564	-0.033853
21621	0.033769	0.114873	-0.033136
21622	0.034264	0.114958	-0.033277
21623	0.033297	0.114629	-0.033727
21624	0.033791	0.114714	-0.033868
21625	0.033251	0.114249	-0.033538
21626	0.033846	0.113352	-0.032933
21627	0.032515	0.114181	-0.032856
21628	0.033047	0.112262	-0.033558
21629	0.033586	0.113353	-0.032379
21630	0.033352	0.115756	-0.031465
21631	0.032812	0.115290	-0.031135
21632	0.032880	0.115513	-0.032054
21633	0.032665	0.115894	-0.031689
21634	0.032733	0.116116	-0.032608
21635	0.031340	0.115923	-0.033836
21636	0.033176	0.117391	-0.034398
21637	0.032209	0.117062	-0.034847
21638	0.030672	0.116080	-0.034071
21639	0.031249	0.115167	-0.033452
21640	0.031743	0.115255	-0.033590
21641	0.032219	0.115324	-0.033716
21642	0.031698	0.114877	-0.033397
21643	0.030366	0.115707	-0.033319
21644	0.030900	0.113790	-0.034018
21645	0.031437	0.114882	-0.032837
21646	0.031931	0.114970	-0.032975
21647	0.031716	0.115352	-0.032608
21648	0.032211	0.115440	-0.032746
21649	0.030879	0.116270	-0.032667
21650	0.031048	0.115511	-0.032839
21651	0.031625	0.114600	-0.032218
21652	0.031429	0.115000	-0.031863
21653	0.030523	0.115694	-0.031005
21654	0.029576	0.115383	-0.031464
21655	0.031858	0.114696	-0.031792
21656	0.031927	0.114920	-0.032708
21657	0.031386	0.114456	-0.032375
21658	0.031881	0.114546	-0.032511
21659	0.030650	0.114393	-0.031686
21660	0.032628	0.112878	-0.032060
21661	0.031457	0.114513	-0.033997
21662	0.030510	0.114203	-0.034455
21663	0.030234	0.113563	-0.035393
21664	0.029287	0.113253	-0.035851
21665	0.028747	0.112789	-0.035517
21666	0.027799	0.112479	-0.035975
21667	0.028701	0.112416	-0.035318
21668	0.027063	0.112417	-0.035285
21669	0.026096	0.112089	-0.035730
21670	0.026531	0.111157	-0.037170
21671	0.027432	0.111095	-0.036513
21672	0.026485	0.110785	-0.036970
21673	0.026960	0.110858	-0.037092
21674	0.027455	0.110950	-0.037226
21675	0.027665	0.111198	-0.036078
21676	0.026027	0.111199	-0.036044
21677	0.027884	0.110652	-0.037147
21678	0.027056	0.112388	-0.034994
21679	0.026781	0.111749	-0.035930
21680	0.026158	0.112287	-0.036352
21681	0.024927	0.112134	-0.035526
21682	0.024730	0.112537	-0.035168
21683	0.024455	0.111899	-0.036103
21684	0.025052	0.111010	-0.035491
21685	0.024145	0.111705	-0.034630
21686	0.024640	0.111798	-0.034763
21687	0.023248	0.111605	-0.035986
21688	0.023742	0.111698	-0.036119
21689	0.024218	0.111773	-0.036239
21690	0.023271	0.111464	-0.036695
21691	0.023481	0.111714	-0.035544
21692	0.024667	0.111498	-0.036167
21693	0.022907	0.112462	-0.036865
21694	0.023402	0.112556	-0.036997
21695	0.023128	0.111919	-0.037930
21696	0.022607	0.111476	-0.037605
21697	0.023406	0.112399	-0.037690
21698	0.022783	0.112938	-0.038111
21699	0.023096	0.112207	-0.036215
21700	0.024929	0.113687	-0.036768
21701	0.023111	0.113628	-0.038769
21702	0.022959	0.112028	-0.038969
21703	0.024876	0.112508	-0.038763
21704	0.025370	0.112603	-0.038894
21705	0.025846	0.112679	-0.039012
21706	0.025648	0.113084	-0.038653
21707	0.024477	0.114721	-0.040585
21708	0.026458	0.113216	-0.040950
21709	0.024904	0.112216	-0.040156
21710	0.024604	0.113603	-0.040541
21711	0.026197	0.113237	-0.040369
21712	0.026000	0.113643	-0.040009
21713	0.026257	0.111890	-0.039415
21714	0.026002	0.111273	-0.040358
21715	0.025682	0.112641	-0.040731
21716	0.026280	0.111756	-0.040115
21717	0.024727	0.110756	-0.039319
21718	0.024426	0.112144	-0.039704
21719	0.025271	0.111065	-0.040345
21720	0.025177	0.110489	-0.039238
21721	0.025975	0.111415	-0.039321
21722	0.025029	0.111108	-0.039773
21723	0.024765	0.113500	-0.038842
21724	0.026748	0.111998	-0.039204
21725	0.025783	0.111671	-0.039644
21726	0.025689	0.111096	-0.038537
21727	0.024780	0.111792	-0.037673
21728	0.024849	0.112024	-0.038581
21729	0.025324	0.112103	-0.038696
21730	0.024805	0.111662	-0.038368
21731	0.025384	0.110759	-0.037737
21732	0.025831	0.112863	-0.037308
21733	0.024866	0.112536	-0.037746
21734	0.024772	0.111962	-0.036639
21735	0.023060	0.110920	-0.037891
21736	0.024569	0.111559	-0.038474
21737	0.025149	0.110657	-0.037842
21738	0.024525	0.111198	-0.038259
21739	0.025852	0.111011	-0.036815
21740	0.024214	0.111012	-0.036776
21741	0.045374	0.118081	-0.039590
21742	0.045884	0.118186	-0.039720
21743	0.043811	0.118305	-0.040447
21744	0.044321	0.118410	-0.040577
21745	0.044807	0.118494	-0.040690
21746	0.046065	0.119314	-0.040005
21747	0.047669	0.118956	-0.039828
21748	0.047486	0.119370	-0.039468
21749	0.045735	0.120337	-0.040161
21750	0.046245	0.120442	-0.040290
21751	0.045717	0.119986	-0.039947
21752	0.045534	0.120400	-0.039586
21753	0.045594	0.120618	-0.040478
21754	0.045999	0.121706	-0.041351
21755	0.044352	0.121691	-0.041298
21756	0.045555	0.121489	-0.041915
21757	0.045453	0.120901	-0.040792
21758	0.045963	0.121007	-0.040920
21759	0.044582	0.120818	-0.042135
21760	0.044079	0.120383	-0.041807
21761	0.043872	0.120777	-0.041429
21762	0.042516	0.120609	-0.042660
21763	0.041723	0.121093	-0.045109
21764	0.041541	0.121508	-0.044747
21765	0.040586	0.121186	-0.045182
21766	0.039657	0.120886	-0.045633
21767	0.040889	0.121688	-0.044930
21768	0.039639	0.120538	-0.045415
21769	0.038685	0.120217	-0.045849
21770	0.039568	0.119168	-0.046498
21771	0.040746	0.118948	-0.047096
21772	0.040563	0.119364	-0.046733
21773	0.039022	0.118368	-0.045933
21774	0.040172	0.120175	-0.045991
21775	0.038205	0.119311	-0.045970
21776	0.038609	0.120402	-0.046841
21777	0.037708	0.121104	-0.045973
21778	0.037899	0.120364	-0.046132
21779	0.036839	0.121024	-0.047311
21780	0.038042	0.120827	-0.047925
21781	0.037141	0.121529	-0.047056
21782	0.037651	0.121639	-0.047181
21783	0.036430	0.121492	-0.046346
21784	0.036194	0.120885	-0.047283
21785	0.036306	0.122130	-0.046869
21786	0.035697	0.122680	-0.047285
21787	0.035756	0.122901	-0.048171
21788	0.036373	0.122030	-0.047550
21789	0.036806	0.121096	-0.048958
21790	0.037369	0.122230	-0.047781
21791	0.035669	0.121192	-0.049026
21792	0.035060	0.121742	-0.049441
21793	0.035971	0.121699	-0.048768
21794	0.036323	0.121768	-0.050938
21795	0.036169	0.120159	-0.051111
21796	0.038011	0.121663	-0.051655
21797	0.037696	0.123041	-0.052019
21798	0.036181	0.122067	-0.051233
21799	0.035278	0.122770	-0.050363
21800	0.035789	0.122883	-0.050486
21801	0.035848	0.123105	-0.051370
21802	0.036784	0.123085	-0.050713
21803	0.036738	0.120495	-0.050140
21804	0.037192	0.122613	-0.049707
21805	0.035652	0.121617	-0.048904
21806	0.035897	0.122669	-0.051818
21807	0.035369	0.122216	-0.051468
21808	0.036198	0.123179	-0.051557
21809	0.036364	0.122420	-0.051694
21810	0.036875	0.122534	-0.051816
21811	0.036290	0.124087	-0.050911
21812	0.038296	0.122607	-0.051262
21813	0.037128	0.124249	-0.053182
21814	0.037001	0.122663	-0.053371
21815	0.036792	0.123060	-0.052986
21816	0.036716	0.122499	-0.051874
21817	0.036456	0.121872	-0.052790
21818	0.037392	0.121855	-0.052131
21819	0.036006	0.124696	-0.051484
21820	0.035186	0.123416	-0.051184
21821	0.036307	0.125208	-0.051220
21822	0.037620	0.124036	-0.051082
21823	0.036985	0.124565	-0.051476
21824	0.036909	0.124004	-0.050363
21825	0.037394	0.124097	-0.050465
21826	0.037210	0.124517	-0.050098
21827	0.035187	0.125658	-0.049517
21828	0.037829	0.125881	-0.049798
21829	0.036876	0.125560	-0.050225
21830	0.036801	0.125000	-0.049112
21831	0.035153	0.124985	-0.049051
21832	0.034226	0.124687	-0.049496
21833	0.034124	0.124104	-0.048364
21834	0.033783	0.124483	-0.050042
21835	0.035071	0.123289	-0.049883
21836	0.033282	0.126284	-0.050033
21837	0.033718	0.125353	-0.051433
21838	0.032204	0.124380	-0.050644
21839	0.032371	0.123623	-0.050778
21840	0.032079	0.125027	-0.051155
21841	0.031552	0.124575	-0.050801
21842	0.032489	0.124562	-0.050140
21843	0.031962	0.124110	-0.049786
21844	0.030926	0.124795	-0.050976
21845	0.032849	0.125304	-0.050749
21846	0.033994	0.127123	-0.050800
21847	0.033259	0.124840	-0.049733
21848	0.033769	0.124958	-0.049851
21849	0.032865	0.125662	-0.048976
21850	0.032950	0.125911	-0.049873
21851	0.033118	0.125155	-0.050005
21852	0.031496	0.125163	-0.049961
21853	0.032030	0.126283	-0.048760
21854	0.033078	0.126053	-0.051408
21855	0.031114	0.125187	-0.051379
21856	0.031247	0.126461	-0.050976
21857	0.030294	0.126141	-0.051399
21858	0.030805	0.126260	-0.051516
21859	0.029158	0.126244	-0.051453
21860	0.030411	0.127084	-0.050756
21861	0.030896	0.127180	-0.050854
21862	0.029969	0.126884	-0.051295
21863	0.029225	0.128396	-0.052431
21864	0.029419	0.127665	-0.052580
21865	0.028892	0.127215	-0.052223
21866	0.029403	0.127335	-0.052338
21867	0.028025	0.127145	-0.053540
21868	0.030035	0.125676	-0.053881
21869	0.029083	0.125356	-0.054303
21870	0.029593	0.125477	-0.054418
21871	0.029809	0.125748	-0.053249
21872	0.029199	0.126303	-0.053656
21873	0.029684	0.126400	-0.053752
21874	0.029609	0.125844	-0.052634
21875	0.029399	0.126245	-0.052244
21876	0.029167	0.125645	-0.053170
21877	0.026825	0.125933	-0.052619
21878	0.027289	0.125029	-0.054031
21879	0.028516	0.125848	-0.053314
21880	0.028015	0.125423	-0.052975
21881	0.028390	0.126502	-0.053816
21882	0.029706	0.125339	-0.053669
21883	0.030507	0.126288	-0.053730
21884	0.030322	0.126714	-0.053357
21885	0.028519	0.126654	-0.055336
21886	0.027859	0.125422	-0.052985
21887	0.028975	0.127223	-0.053013
21888	0.029106	0.128501	-0.052607
21889	0.029591	0.128599	-0.052701
21890	0.029676	0.128852	-0.053593
21891	0.028660	0.130538	-0.053461
21892	0.027844	0.129262	-0.053153
21893	0.029766	0.129780	-0.052920
21894	0.030908	0.131606	-0.052966
21895	0.030697	0.132009	-0.052573
21896	0.030782	0.132262	-0.053464
21897	0.030147	0.132794	-0.053850
21898	0.030342	0.132066	-0.053995
21899	0.029862	0.132642	-0.052337
21900	0.028195	0.131625	-0.053587
21901	0.030702	0.132822	-0.054583
21902	0.029192	0.131849	-0.053790
21903	0.029677	0.131949	-0.053881
21904	0.029873	0.131222	-0.054025
21905	0.029662	0.131625	-0.053631
21906	0.029477	0.132053	-0.053256
21907	0.029759	0.130320	-0.052634
21908	0.030203	0.132452	-0.052194
21909	0.028667	0.131455	-0.051380
21910	0.029222	0.132606	-0.050193
21911	0.028968	0.131983	-0.051096
21912	0.029053	0.132238	-0.051985
21913	0.029538	0.132339	-0.052075
21914	0.029309	0.131742	-0.052997
21915	0.029480	0.130990	-0.053120
21916	0.029923	0.133123	-0.052679
21917	0.028388	0.132126	-0.051864
21918	0.028092	0.133536	-0.052235
21919	0.028689	0.132656	-0.051578
21920	0.028460	0.132060	-0.052499
21921	0.028249	0.132463	-0.052104
21922	0.028760	0.132591	-0.052213
21923	0.027630	0.135259	-0.052825
21924	0.029104	0.134148	-0.050629
21925	0.027569	0.133150	-0.049814
21926	0.028664	0.133956	-0.051154
21927	0.028410	0.133334	-0.052054
21928	0.027911	0.132912	-0.051710
21929	0.027275	0.133445	-0.052093
21930	0.026191	0.132345	-0.050518
21931	0.026362	0.131595	-0.050639
21932	0.026133	0.130999	-0.051558
21933	0.026662	0.132128	-0.050350
21934	0.025737	0.131835	-0.050785
21935	0.026537	0.132790	-0.050840
21936	0.026734	0.132066	-0.050980
21937	0.026794	0.132298	-0.051847
21938	0.026991	0.131575	-0.051986
21939	0.027476	0.131678	-0.052073
21940	0.027290	0.132109	-0.051696
21941	0.040684	0.119314	-0.045894
21942	0.038333	0.118588	-0.046649
21943	0.039250	0.118556	-0.045951
21944	0.038760	0.118124	-0.045600
21945	0.039364	0.117241	-0.044934
21946	0.039612	0.117533	-0.043771
21947	0.038982	0.118060	-0.044146
21948	0.039614	0.117199	-0.043500
21949	0.038446	0.118835	-0.045401
21950	0.039191	0.116993	-0.044008
21951	0.041815	0.117212	-0.044244
21952	0.041325	0.116781	-0.043892
21953	0.041120	0.117180	-0.043488
21954	0.040205	0.116877	-0.043915
21955	0.041819	0.116545	-0.043700
21956	0.042492	0.116711	-0.041757
21957	0.042984	0.116809	-0.041836
21958	0.042069	0.116505	-0.042263
21959	0.043571	0.117155	-0.042793
21960	0.043081	0.116724	-0.042441
21961	0.042876	0.117124	-0.042035
21962	0.042971	0.117373	-0.042913
21963	0.041644	0.118201	-0.042803
21964	0.041467	0.118623	-0.042418
21965	0.043353	0.118121	-0.043463
21966	0.043288	0.117562	-0.042331
21967	0.040486	0.116941	-0.043843
21968	0.041006	0.117062	-0.043941
21969	0.040760	0.116437	-0.044830
21970	0.040583	0.116859	-0.044444
21971	0.041612	0.115851	-0.042996
21972	0.041435	0.116274	-0.042610
21973	0.040532	0.116976	-0.041720
21974	0.040826	0.119059	-0.043310
21975	0.040309	0.118607	-0.042936
21976	0.040132	0.119030	-0.042550
21977	0.039887	0.118405	-0.043437
21978	0.040407	0.118528	-0.043534
21979	0.040626	0.118802	-0.042348
21980	0.041844	0.118625	-0.042928
21981	0.038923	0.118221	-0.041135
21982	0.039177	0.119279	-0.044020
21983	0.039396	0.119554	-0.042833
21984	0.038482	0.119252	-0.043257
21985	0.037852	0.119781	-0.043628
21986	0.038060	0.119051	-0.043756
21987	0.037543	0.118600	-0.043380
21988	0.039384	0.120131	-0.043895
21989	0.039065	0.121514	-0.044233
21990	0.040396	0.120357	-0.044065
21991	0.039454	0.120033	-0.044467
21992	0.039974	0.120158	-0.044563
21993	0.040467	0.120260	-0.044637
21994	0.039280	0.120131	-0.043798
21995	0.039386	0.121388	-0.043357
21996	0.039981	0.119506	-0.043999
21997	0.041096	0.121316	-0.044008
21998	0.041032	0.120760	-0.042873
21999	0.039240	0.120690	-0.044833
22000	0.039760	0.120816	-0.044927
22001	0.039441	0.122199	-0.045264
22002	0.039961	0.122325	-0.045358
22003	0.039794	0.123755	-0.043654
22004	0.042446	0.124008	-0.043902
22005	0.041505	0.123685	-0.044303
22006	0.039779	0.124664	-0.044990
22007	0.040386	0.123787	-0.044315
22008	0.040754	0.123867	-0.046449
22009	0.039540	0.123717	-0.045588
22010	0.040175	0.122863	-0.044935
22011	0.041169	0.120834	-0.044774
22012	0.040763	0.123221	-0.045879
22013	0.040443	0.124606	-0.046214
22014	0.040380	0.124052	-0.045078
22015	0.039750	0.124583	-0.045445
22016	0.040270	0.124710	-0.045538
22017	0.040452	0.123961	-0.045641
22018	0.040858	0.125069	-0.046480
22019	0.041388	0.126201	-0.045257
22020	0.042023	0.125349	-0.044603
22021	0.041629	0.124680	-0.047524
22022	0.041566	0.124127	-0.046387
22023	0.040935	0.124658	-0.046753
22024	0.040137	0.123377	-0.046427
22025	0.039931	0.123782	-0.046014
22026	0.039443	0.123355	-0.045656
22027	0.039936	0.123461	-0.045725
22028	0.039721	0.122862	-0.046628
22029	0.038817	0.123566	-0.045732
22030	0.038753	0.123014	-0.044595
22031	0.039520	0.122948	-0.045924
22032	0.040465	0.122951	-0.045237
22033	0.040569	0.124211	-0.044791
22034	0.039656	0.123911	-0.045211
22035	0.039760	0.125171	-0.044765
22036	0.038148	0.125169	-0.044702
22037	0.040039	0.124679	-0.045734
22038	0.038348	0.126685	-0.045126
22039	0.038805	0.125765	-0.046486
22040	0.038511	0.127175	-0.046841
22041	0.038694	0.126428	-0.046940
22042	0.037702	0.128135	-0.046814
22043	0.039318	0.127819	-0.046583
22044	0.038290	0.128500	-0.047749
22045	0.038783	0.128608	-0.047815
22046	0.041319	0.129852	-0.048804
22047	0.040105	0.129702	-0.047939
22048	0.039927	0.130131	-0.047547
22049	0.038288	0.130107	-0.047460
22050	0.038808	0.130239	-0.047549
22051	0.039726	0.130222	-0.046836
22052	0.039547	0.130652	-0.046443
22053	0.038608	0.130329	-0.046837
22054	0.040561	0.130893	-0.046597
22055	0.038613	0.130014	-0.046541
22056	0.040257	0.129723	-0.046332
22057	0.039626	0.130255	-0.046694
22058	0.039139	0.129831	-0.046333
22059	0.040365	0.130670	-0.045587
22060	0.037904	0.130919	-0.047080
22061	0.037814	0.130346	-0.045916
22062	0.039500	0.131844	-0.048461
22063	0.038286	0.131695	-0.047594
22064	0.036984	0.132549	-0.047498
22065	0.037168	0.131804	-0.047593
22066	0.036565	0.132360	-0.047978
22067	0.035625	0.132038	-0.048371
22068	0.034048	0.133065	-0.047014
22069	0.036789	0.132330	-0.046482
22070	0.035295	0.131350	-0.045670
22071	0.034972	0.132738	-0.045999
22072	0.035184	0.132017	-0.046117
22073	0.034362	0.130715	-0.045762
22074	0.034882	0.130850	-0.045848
22075	0.032852	0.131978	-0.045247
22076	0.034306	0.129856	-0.044319
22077	0.034216	0.129285	-0.043153
22078	0.035319	0.130102	-0.044467
22079	0.036237	0.130089	-0.043750
22080	0.037182	0.130100	-0.043057
22081	0.037484	0.128376	-0.042403
22082	0.036880	0.128933	-0.042787
22083	0.037373	0.129045	-0.042848
22084	0.038010	0.128201	-0.042187
22085	0.036489	0.127196	-0.041349
22086	0.037009	0.127332	-0.041435
22087	0.036653	0.127694	-0.043053
22088	0.036048	0.128251	-0.043437
22089	0.035842	0.128661	-0.043017
22090	0.035662	0.129094	-0.042621
22091	0.034299	0.128897	-0.043790
22092	0.033505	0.127620	-0.043457
22093	0.035162	0.129100	-0.045973
22094	0.034251	0.128802	-0.046387
22095	0.034437	0.128060	-0.046478
22096	0.033525	0.127763	-0.046892
22097	0.034018	0.127877	-0.046952
22098	0.034538	0.128015	-0.047036
22099	0.034024	0.127570	-0.046646
22100	0.032381	0.126541	-0.047870
22101	0.033691	0.125379	-0.047662
22102	0.032544	0.127042	-0.049570
22103	0.032337	0.127453	-0.049149
22104	0.031851	0.127032	-0.048783
22105	0.032650	0.128003	-0.048810
22106	0.033595	0.128017	-0.048114
22107	0.033781	0.127276	-0.048204
22108	0.034215	0.129423	-0.047744
22109	0.032694	0.128419	-0.046904
22110	0.033796	0.129242	-0.048214
22111	0.033982	0.128501	-0.048303
22112	0.033071	0.128205	-0.048716
22113	0.033564	0.128321	-0.048773
22114	0.034084	0.128460	-0.048855
22115	0.032752	0.129292	-0.048731
22116	0.033360	0.127424	-0.049356
22117	0.033270	0.126856	-0.048185
22118	0.032941	0.127244	-0.049825
22119	0.033434	0.127360	-0.049881
22120	0.032948	0.126940	-0.049514
22121	0.034171	0.127789	-0.048761
22122	0.033685	0.127370	-0.048393
22123	0.035609	0.127923	-0.048119
22124	0.033149	0.128170	-0.049609
22125	0.033642	0.128287	-0.049665
22126	0.032149	0.127307	-0.048848
22127	0.032217	0.127548	-0.049683
22128	0.033438	0.127394	-0.050243
22129	0.033931	0.127512	-0.050299
22130	0.032625	0.128368	-0.050199
22131	0.033118	0.128486	-0.050254
22132	0.033757	0.127648	-0.049587
22133	0.031999	0.128603	-0.050240
22134	0.032519	0.128746	-0.050320
22135	0.031581	0.128426	-0.050705
22136	0.032072	0.127540	-0.052074
22137	0.032594	0.128687	-0.050839
22138	0.032808	0.127974	-0.050949
22139	0.032876	0.128216	-0.051782
22140	0.032696	0.128654	-0.051382
22141	0.033547	0.116846	-0.042351
22142	0.034098	0.118008	-0.041133
22143	0.033281	0.116704	-0.040762
22144	0.033803	0.116838	-0.040833
22145	0.033171	0.117370	-0.041178
22146	0.034117	0.117381	-0.040470
22147	0.035312	0.117200	-0.040995
22148	0.033703	0.117190	-0.040916
22149	0.034225	0.118333	-0.039673
22150	0.032468	0.118275	-0.041631
22151	0.032538	0.118512	-0.042454
22152	0.032478	0.117962	-0.041298
22153	0.032271	0.118371	-0.040863
22154	0.032793	0.118507	-0.040933
22155	0.032281	0.118059	-0.040529
22156	0.032074	0.117461	-0.041408
22157	0.032568	0.117576	-0.041452
22158	0.033062	0.116683	-0.042810
22159	0.033464	0.118807	-0.042313
22160	0.033681	0.118086	-0.042413
22161	0.034876	0.117907	-0.042935
22162	0.035398	0.118043	-0.043004
22163	0.035468	0.118281	-0.043826
22164	0.035288	0.118712	-0.043416
22165	0.034380	0.119417	-0.042501
22166	0.033472	0.119113	-0.042900
22167	0.034694	0.119964	-0.042133
22168	0.034090	0.120518	-0.042501
22169	0.034584	0.120634	-0.042543
22170	0.034682	0.120894	-0.043390
22171	0.033866	0.119590	-0.043015
22172	0.036546	0.120903	-0.041942
22173	0.035610	0.120579	-0.042315
22174	0.035284	0.120962	-0.043940
22175	0.036202	0.120956	-0.043202
22176	0.036022	0.121388	-0.042791
22177	0.035511	0.120942	-0.042384
22178	0.036059	0.122109	-0.041163
22179	0.035123	0.121785	-0.041535
22180	0.034917	0.121188	-0.042412
22181	0.034616	0.123608	-0.041434
22182	0.034530	0.122032	-0.041562
22183	0.036150	0.121734	-0.041301
22184	0.036551	0.122852	-0.042116
22185	0.036621	0.123092	-0.042934
22186	0.036441	0.123525	-0.042522
22187	0.036113	0.124916	-0.042831
22188	0.035907	0.124320	-0.043707
22189	0.036375	0.123410	-0.045033
22190	0.035761	0.123206	-0.041359
22191	0.035527	0.122590	-0.042208
22192	0.035625	0.122851	-0.043052
22193	0.035841	0.123142	-0.041834
22194	0.035635	0.122546	-0.042709
22195	0.036371	0.120706	-0.041251
22196	0.036797	0.122855	-0.040777
22197	0.035620	0.124490	-0.042642
22198	0.035536	0.122916	-0.042768
22199	0.034747	0.122642	-0.041102
22200	0.034991	0.122954	-0.039910
22201	0.034358	0.123489	-0.040248
22202	0.033996	0.122086	-0.039118
22203	0.033389	0.123650	-0.038169
22204	0.034588	0.122469	-0.039998
22205	0.033072	0.121459	-0.039140
22206	0.031366	0.123459	-0.038519
22207	0.031557	0.122722	-0.038586
22208	0.030650	0.122420	-0.038982
22209	0.030720	0.122662	-0.039797
22210	0.030963	0.122976	-0.038604
22211	0.031155	0.122239	-0.038671
22212	0.032984	0.123804	-0.039151
22213	0.032049	0.123481	-0.039518
22214	0.031142	0.123180	-0.039913
22215	0.031938	0.124159	-0.039918
22216	0.031455	0.123737	-0.039534
22217	0.030520	0.123414	-0.039901
22218	0.031344	0.124415	-0.039933
22219	0.031535	0.123679	-0.039998
22220	0.032179	0.122843	-0.039313
22221	0.031267	0.123550	-0.038392
22222	0.030361	0.123249	-0.038787
22223	0.032004	0.123987	-0.037233
22224	0.031522	0.123565	-0.036848
22225	0.031313	0.123980	-0.036405
22226	0.031933	0.122115	-0.037005
22227	0.033007	0.122924	-0.038264
22228	0.031398	0.122916	-0.038181
22229	0.031867	0.122009	-0.039500
22230	0.032389	0.122154	-0.039562
22231	0.032882	0.122277	-0.039595
22232	0.034107	0.122129	-0.040133
22233	0.033595	0.121686	-0.039719
22234	0.033537	0.121144	-0.038555
22235	0.033026	0.120701	-0.038141
22236	0.032845	0.121138	-0.037725
22237	0.033605	0.120333	-0.034974
22238	0.031851	0.120274	-0.036925
22239	0.033493	0.121015	-0.035369
22240	0.033591	0.121281	-0.036208
22241	0.033783	0.120546	-0.036270
22242	0.033602	0.120984	-0.035854
22243	0.033671	0.121228	-0.036664
22244	0.033490	0.121666	-0.036247
22245	0.034006	0.122820	-0.034993
22246	0.033658	0.122177	-0.037896
22247	0.034296	0.122352	-0.035892
22248	0.034516	0.121640	-0.035983
22249	0.035010	0.121765	-0.036013
22250	0.034405	0.122323	-0.036375
22251	0.035746	0.122207	-0.034848
22252	0.033289	0.122439	-0.036320
22253	0.034630	0.122323	-0.034793
22254	0.035152	0.122471	-0.034852
22255	0.035645	0.122596	-0.034882
22256	0.037171	0.123310	-0.035387
22257	0.035534	0.123280	-0.035272
22258	0.035755	0.122569	-0.035361
22259	0.034117	0.122538	-0.035246
22260	0.033936	0.122977	-0.034829
22261	0.033582	0.123343	-0.036415
22262	0.034125	0.124521	-0.035188
22263	0.033314	0.123220	-0.034801
22264	0.032408	0.122921	-0.035191
22265	0.032075	0.124317	-0.035492
22266	0.032597	0.124466	-0.035550
22267	0.033337	0.122634	-0.034081
22268	0.032909	0.125032	-0.035159
22269	0.031974	0.124711	-0.035520
22270	0.031916	0.124172	-0.034353
22271	0.031283	0.124709	-0.034682
22272	0.031804	0.124859	-0.034740
22273	0.032421	0.124007	-0.034018
22274	0.033243	0.125016	-0.034045
22275	0.032909	0.126413	-0.034345
22276	0.031301	0.126404	-0.034258
22277	0.031194	0.124814	-0.034345
22278	0.030889	0.126233	-0.034674
22279	0.031506	0.125382	-0.033952
22280	0.031748	0.125704	-0.032754
22281	0.031114	0.126241	-0.033083
22282	0.030933	0.126683	-0.032663
22283	0.030123	0.125383	-0.032273
22284	0.028514	0.125375	-0.032186
22285	0.029836	0.124234	-0.031939
22286	0.029530	0.125654	-0.032268
22287	0.030023	0.125783	-0.032293
22288	0.030370	0.124096	-0.031630
22289	0.030863	0.124225	-0.031655
22290	0.031809	0.124257	-0.030932
22291	0.031599	0.124676	-0.030481
22292	0.032245	0.123849	-0.029788
22293	0.031910	0.125247	-0.030086
22294	0.028171	0.125079	-0.029856
22295	0.028664	0.125208	-0.029880
22296	0.028463	0.124621	-0.030744
22297	0.027953	0.124181	-0.030322
22298	0.028052	0.124452	-0.031155
22299	0.027966	0.123893	-0.029955
22300	0.028382	0.126055	-0.029474
22301	0.026022	0.125284	-0.030163
22302	0.025715	0.126706	-0.030491
22303	0.027760	0.126308	-0.029432
22304	0.028581	0.127321	-0.029457
22305	0.026943	0.127290	-0.029337
22306	0.027590	0.126465	-0.028642
22307	0.027535	0.127693	-0.030192
22308	0.027603	0.126180	-0.028273
22309	0.028694	0.128030	-0.028236
22310	0.030045	0.126916	-0.028016
22311	0.029535	0.126476	-0.027592
22312	0.028631	0.126179	-0.027979
22313	0.028843	0.126481	-0.026747
22314	0.027939	0.126184	-0.027133
22315	0.027024	0.126894	-0.026204
22316	0.028232	0.125729	-0.028016
22317	0.027299	0.125409	-0.028370
22318	0.029247	0.126016	-0.028090
22319	0.028016	0.124836	-0.028473
22320	0.027834	0.125280	-0.028051
22321	0.027921	0.126562	-0.027567
22322	0.028019	0.126836	-0.028398
22323	0.026788	0.125656	-0.028782
22324	0.027453	0.125864	-0.026802
22325	0.027946	0.125996	-0.026822
22326	0.029047	0.126842	-0.028098
22327	0.026831	0.126121	-0.026752
22328	0.027353	0.126277	-0.026804
22329	0.027846	0.126410	-0.026824
22330	0.027521	0.126803	-0.028433
22331	0.028015	0.126937	-0.028452
22332	0.026406	0.126929	-0.028362
22333	0.026899	0.127063	-0.028381
22334	0.025979	0.125736	-0.030049
22335	0.026786	0.127761	-0.028755
22336	0.027434	0.126940	-0.028057
22337	0.027223	0.127362	-0.027601
22338	0.027166	0.126830	-0.026428
22339	0.027236	0.127082	-0.027225
22340	0.027883	0.126262	-0.026526
22341	0.027885	0.111529	-0.038508
22342	0.029818	0.111097	-0.039514
22343	0.028182	0.111059	-0.039401
22344	0.028408	0.110344	-0.039488
22345	0.029028	0.109492	-0.038766
22346	0.029551	0.109638	-0.038823
22347	0.029044	0.109193	-0.038405
22348	0.027437	0.109174	-0.038322
22349	0.027352	0.108611	-0.037124
22350	0.029285	0.108181	-0.038130
22351	0.027352	0.107281	-0.038044
22352	0.026888	0.107887	-0.036375
22353	0.026960	0.108132	-0.037179
22354	0.026889	0.106558	-0.037294
22355	0.026255	0.107092	-0.037624
22356	0.025479	0.105806	-0.037265
22357	0.026805	0.104667	-0.037015
22358	0.027343	0.105846	-0.035790
22359	0.026836	0.105401	-0.035370
22360	0.026935	0.105666	-0.036205
22361	0.027556	0.104817	-0.035480
22362	0.029081	0.105537	-0.035981
22363	0.029746	0.107505	-0.036725
22364	0.030395	0.106675	-0.036031
22365	0.028293	0.103936	-0.035224
22366	0.025727	0.106160	-0.036165
22367	0.027350	0.105884	-0.035884
22368	0.026871	0.105460	-0.035495
22369	0.025940	0.105133	-0.035852
22370	0.026463	0.105282	-0.035907
22371	0.026944	0.104381	-0.037212
22372	0.028764	0.105964	-0.037682
22373	0.027834	0.105638	-0.038039
22374	0.027778	0.105096	-0.036871
22375	0.028695	0.105109	-0.036115
22376	0.029924	0.104971	-0.036643
22377	0.030828	0.103953	-0.037168
22378	0.031068	0.104273	-0.035970
22379	0.031266	0.103542	-0.036021
22380	0.029659	0.103523	-0.035936
22381	0.031832	0.102154	-0.034125
22382	0.032946	0.104026	-0.034121
22383	0.031606	0.104848	-0.033974
22384	0.032129	0.104998	-0.034028
22385	0.032751	0.104151	-0.033300
22386	0.032851	0.104419	-0.034132
22387	0.032767	0.103859	-0.032931
22388	0.033162	0.104988	-0.033734
22389	0.034248	0.106841	-0.033696
22390	0.034180	0.105270	-0.033808
22391	0.034392	0.105571	-0.032577
22392	0.034914	0.105722	-0.032630
22393	0.034703	0.106141	-0.032177
22394	0.033802	0.105834	-0.032564
22395	0.033180	0.107401	-0.031609
22396	0.034664	0.105310	-0.030636
22397	0.035171	0.106473	-0.029374
22398	0.034860	0.107890	-0.029703
22399	0.035355	0.108022	-0.029723
22400	0.034877	0.107599	-0.029331
22401	0.034371	0.107156	-0.028906
22402	0.034470	0.107425	-0.029737
22403	0.034670	0.106696	-0.029785
22404	0.036489	0.108285	-0.030252
22405	0.035560	0.107960	-0.030605
22406	0.036351	0.107188	-0.027877
22407	0.035716	0.107723	-0.028201
22408	0.035944	0.107015	-0.028282
22409	0.035850	0.105425	-0.028358
22410	0.035666	0.105864	-0.027936
22411	0.034748	0.106570	-0.027008
22412	0.035399	0.105746	-0.026310
22413	0.035905	0.106911	-0.025047
22414	0.036439	0.108096	-0.023818
22415	0.035922	0.106622	-0.024672
22416	0.035739	0.107062	-0.024250
22417	0.034821	0.107768	-0.023322
22418	0.035344	0.107922	-0.023373
22419	0.036262	0.107941	-0.022611
22420	0.035233	0.108613	-0.023746
22421	0.034315	0.109319	-0.022818
22422	0.032826	0.107290	-0.023260
22423	0.033321	0.107425	-0.023277
22424	0.033550	0.106718	-0.023356
22425	0.032503	0.108402	-0.023176
22426	0.031602	0.108097	-0.023561
22427	0.031814	0.108402	-0.022326
22428	0.033043	0.108272	-0.022848
22429	0.032115	0.107947	-0.023198
22430	0.031224	0.108674	-0.022303
22431	0.031719	0.108809	-0.022318
22432	0.031113	0.109366	-0.022674
22433	0.030891	0.108756	-0.023496
22434	0.030414	0.108336	-0.023101
22435	0.032451	0.106923	-0.023310
22436	0.031680	0.105641	-0.022945
22437	0.029348	0.106918	-0.021070
22438	0.030438	0.106736	-0.023620
22439	0.029640	0.105433	-0.023220
22440	0.029326	0.106853	-0.023546
22441	0.028114	0.106698	-0.022644
22442	0.027921	0.106109	-0.023500
22443	0.027993	0.106361	-0.024292
22444	0.027809	0.106804	-0.023868
22445	0.029718	0.106371	-0.024825
22446	0.027981	0.107330	-0.025487
22447	0.030736	0.106667	-0.024886
22448	0.029836	0.106363	-0.025269
22449	0.029624	0.106786	-0.024810
22450	0.028439	0.106651	-0.023943
22451	0.027805	0.107190	-0.024262
22452	0.029035	0.107063	-0.024781
22453	0.028952	0.106509	-0.023572
22454	0.029475	0.106667	-0.023619
22455	0.028677	0.105366	-0.023216
22456	0.029208	0.106557	-0.021985
22457	0.029703	0.106695	-0.021996
22458	0.030226	0.106854	-0.022043
22459	0.030143	0.106300	-0.020833
22460	0.031114	0.108130	-0.022851
22461	0.029609	0.107113	-0.021976
22462	0.028449	0.108765	-0.023858
22463	0.029367	0.108790	-0.023090
22464	0.028760	0.109349	-0.023443
22465	0.028255	0.108910	-0.023011
22466	0.027493	0.108662	-0.021364
22467	0.029111	0.107370	-0.022346
22468	0.028349	0.107122	-0.020699
22469	0.027422	0.106798	-0.021045
22470	0.028529	0.108684	-0.021034
22471	0.029025	0.108824	-0.021044
22472	0.029547	0.108985	-0.021089
22473	0.029335	0.109409	-0.020627
22474	0.028436	0.109107	-0.021008
22475	0.029769	0.107986	-0.020739
22476	0.030169	0.110157	-0.020256
22477	0.030657	0.109265	-0.021543
22478	0.028336	0.108498	-0.022259
22479	0.028962	0.107662	-0.021518
22480	0.029192	0.106961	-0.021591
22481	0.027558	0.106922	-0.021465
22482	0.028372	0.107947	-0.021481
22483	0.028998	0.107111	-0.020739
22484	0.027391	0.107092	-0.020648
22485	0.029040	0.108621	-0.023098
22486	0.028986	0.108090	-0.021921
22487	0.028767	0.107483	-0.022736
22488	0.029289	0.107646	-0.022779
22489	0.029077	0.108072	-0.022316
22490	0.030022	0.108121	-0.021581
22491	0.029387	0.108661	-0.021896
22492	0.029463	0.107153	-0.019968
22493	0.029696	0.109251	-0.021475
22494	0.031058	0.108153	-0.021239
22495	0.030845	0.108580	-0.020775
22496	0.031945	0.109437	-0.022039
22497	0.032148	0.108717	-0.022074
22498	0.032380	0.108018	-0.022145
22499	0.031459	0.108728	-0.021210
22500	0.031262	0.107110	-0.023336
22501	0.031181	0.106559	-0.022121
22502	0.030864	0.107984	-0.022443
22503	0.030228	0.108525	-0.022757
22504	0.031168	0.107543	-0.023298
22505	0.031949	0.107518	-0.024552
22506	0.031763	0.107966	-0.024124
22507	0.032675	0.106964	-0.024627
22508	0.033334	0.107185	-0.022642
22509	0.033829	0.107329	-0.022647
22510	0.033775	0.106800	-0.021468
22511	0.033425	0.107172	-0.023029
22512	0.033239	0.107620	-0.022600
22513	0.033443	0.106902	-0.022632
22514	0.032545	0.106600	-0.023010
22515	0.032749	0.105882	-0.023041
22516	0.033979	0.105765	-0.023553
22517	0.033634	0.107170	-0.023836
22518	0.034156	0.107337	-0.023877
22519	0.032653	0.106320	-0.022996
22520	0.032467	0.106769	-0.022567
22521	0.032381	0.105187	-0.022626
22522	0.032904	0.105354	-0.022666
22523	0.032558	0.106760	-0.022949
22524	0.033212	0.105950	-0.022239
22525	0.033703	0.105063	-0.023518
22526	0.033385	0.106490	-0.023839
22527	0.033167	0.105886	-0.024648
22528	0.033403	0.106222	-0.023439
22529	0.032477	0.105901	-0.023777
22530	0.032999	0.106069	-0.023817
22531	0.033780	0.106046	-0.025067
22532	0.032176	0.107061	-0.023697
22533	0.031250	0.106739	-0.024035
22534	0.034038	0.107150	-0.022181
22535	0.032689	0.106942	-0.023297
22536	0.032213	0.106528	-0.022894
22537	0.031710	0.106094	-0.022453
22538	0.030392	0.106940	-0.022331
22539	0.030178	0.107369	-0.021862
22540	0.031409	0.107257	-0.022371
22541	0.026762	0.109313	-0.032219
22542	0.027280	0.108451	-0.033541
22543	0.028064	0.109465	-0.033521
22544	0.027587	0.109054	-0.033125
22545	0.028370	0.110067	-0.033105
22546	0.028179	0.109487	-0.033957
22547	0.026833	0.110314	-0.033804
22548	0.028905	0.108945	-0.034037
22549	0.027137	0.109884	-0.034663
22550	0.026238	0.109586	-0.035045
22551	0.026732	0.109736	-0.035052
22552	0.027386	0.108932	-0.034346
22553	0.026882	0.108500	-0.033911
22554	0.026694	0.108954	-0.033487
22555	0.026057	0.109498	-0.033802
22556	0.024447	0.108449	-0.034990
22557	0.026363	0.110104	-0.033384
22558	0.026308	0.109581	-0.032208
22559	0.025382	0.109262	-0.032551
22560	0.026612	0.109154	-0.033065
22561	0.026684	0.109418	-0.033849
22562	0.026496	0.109872	-0.033424
22563	0.025858	0.110418	-0.033739
22564	0.025667	0.108806	-0.035863
22565	0.026430	0.108038	-0.033092
22566	0.026950	0.108212	-0.033136
22567	0.027022	0.108476	-0.033919
22568	0.026834	0.108932	-0.033493
22569	0.028171	0.107826	-0.033216
22570	0.027982	0.108281	-0.032791
22571	0.027345	0.108827	-0.033105
22572	0.027424	0.107329	-0.031177
22573	0.029913	0.108650	-0.032064
22574	0.028171	0.109610	-0.032726
22575	0.028798	0.108786	-0.031979
22576	0.027612	0.108658	-0.031112
22577	0.028106	0.108811	-0.031116
22578	0.029336	0.108706	-0.031627
22579	0.029408	0.108972	-0.032409
22580	0.028644	0.107698	-0.032037
22581	0.028562	0.107156	-0.030821
22582	0.028239	0.108589	-0.031145
22583	0.029864	0.108350	-0.030839
22584	0.029253	0.108918	-0.031190
22585	0.030457	0.108792	-0.031662
22586	0.029271	0.107631	-0.032068
22587	0.030321	0.106696	-0.030541
22588	0.030707	0.108883	-0.030060
22589	0.029781	0.108564	-0.030399
22590	0.029727	0.108045	-0.029221
22591	0.030930	0.107919	-0.029692
22592	0.031451	0.108096	-0.029733
22593	0.031657	0.107385	-0.029762
22594	0.030471	0.107258	-0.028893
22595	0.031810	0.105122	-0.029886
22596	0.030201	0.105106	-0.029796
22597	0.030120	0.104565	-0.028578
22598	0.029796	0.105999	-0.028902
22599	0.030999	0.105874	-0.029371
22600	0.031233	0.105187	-0.029439
22601	0.031016	0.105622	-0.028972
22602	0.030540	0.105215	-0.028571
22603	0.029615	0.104897	-0.028909
22604	0.030000	0.106052	-0.029700
22605	0.029919	0.105511	-0.028481
22606	0.031283	0.105467	-0.026964
22607	0.031490	0.104758	-0.026992
22608	0.031722	0.105105	-0.025785
22609	0.030949	0.106628	-0.026847
22610	0.031469	0.106807	-0.026886
22611	0.032251	0.106795	-0.028132
22612	0.032062	0.107254	-0.027704
22613	0.031135	0.107970	-0.026767
22614	0.030237	0.107674	-0.027144
22615	0.031728	0.108417	-0.027584
22616	0.030542	0.108290	-0.026714
22617	0.031457	0.108336	-0.025935
22618	0.032688	0.108237	-0.026441
22619	0.032895	0.107529	-0.026467
22620	0.032131	0.107291	-0.024819
22621	0.032050	0.106751	-0.023599
22622	0.032573	0.105897	-0.024910
22623	0.033486	0.106978	-0.022857
22624	0.033296	0.107437	-0.022427
22625	0.032793	0.107009	-0.021985
22626	0.033027	0.106324	-0.022050
22627	0.032963	0.107569	-0.023577
22628	0.034194	0.107471	-0.024082
22629	0.035265	0.107293	-0.026571
22630	0.033793	0.106300	-0.025728
22631	0.033862	0.107603	-0.025230
22632	0.033808	0.107087	-0.024049
22633	0.034301	0.107246	-0.024046
22634	0.034536	0.106562	-0.024110
22635	0.036450	0.106163	-0.025042
22636	0.033421	0.106705	-0.024014
22637	0.035335	0.106306	-0.024945
22638	0.033863	0.105314	-0.024102
22639	0.036200	0.104806	-0.024254
22640	0.036435	0.104122	-0.024318
22641	0.036217	0.104560	-0.023847
22642	0.036027	0.105021	-0.023416
22643	0.036524	0.104147	-0.024684
22644	0.036333	0.104608	-0.024253
22645	0.036252	0.104070	-0.023030
22646	0.035933	0.103440	-0.025896
22647	0.037134	0.104356	-0.025086
22648	0.036943	0.104818	-0.024655
22649	0.036725	0.105256	-0.024183
22650	0.035965	0.103986	-0.023805
22651	0.036321	0.105123	-0.024552
22652	0.036978	0.104330	-0.023836
22653	0.036624	0.105745	-0.024115
22654	0.037144	0.105930	-0.024150
22655	0.038481	0.105870	-0.022588
22656	0.037579	0.106611	-0.021689
22657	0.038499	0.105628	-0.022177
22658	0.039020	0.105812	-0.022212
22659	0.039228	0.105107	-0.022234
22660	0.037046	0.104393	-0.020921
22661	0.039531	0.105731	-0.021796
22662	0.038060	0.104739	-0.020950
22663	0.038690	0.103925	-0.020192
22664	0.038926	0.103244	-0.020254
22665	0.037581	0.103037	-0.021364
22666	0.037527	0.102524	-0.020180
22667	0.036746	0.100196	-0.021032
22668	0.036549	0.101694	-0.019328
22669	0.035625	0.101377	-0.019660
22670	0.037568	0.101008	-0.020627
22671	0.037634	0.102315	-0.020126
22672	0.037448	0.101744	-0.020965
22673	0.037652	0.102075	-0.019713
22674	0.037460	0.102539	-0.019280
22675	0.037385	0.100969	-0.019325
22676	0.037762	0.103166	-0.018839
22677	0.037687	0.101596	-0.018884
22678	0.037358	0.103036	-0.019203
22679	0.036719	0.103586	-0.019506
22680	0.037660	0.103664	-0.018761
22681	0.037448	0.103071	-0.019558
22682	0.037257	0.103535	-0.019124
22683	0.039167	0.104179	-0.018777
22684	0.038408	0.102911	-0.018397
22685	0.040892	0.104254	-0.019268
22686	0.039422	0.103262	-0.018421
22687	0.038499	0.102946	-0.018750
22688	0.038604	0.102209	-0.020832
22689	0.039519	0.102265	-0.020045
22690	0.040039	0.102453	-0.020077
22691	0.040103	0.099908	-0.019369
22692	0.039635	0.102326	-0.020439
22693	0.038712	0.102010	-0.020768
22694	0.040082	0.100946	-0.020514
22695	0.038868	0.100798	-0.019598
22696	0.039679	0.100819	-0.020874
22697	0.039177	0.100394	-0.020424
22698	0.039835	0.099608	-0.019704
22699	0.038483	0.100436	-0.019540
22700	0.039148	0.098615	-0.020090
22701	0.039634	0.099815	-0.018809
22702	0.039311	0.100223	-0.020397
22703	0.040087	0.101256	-0.020359
22704	0.039612	0.100856	-0.019951
22705	0.039393	0.101299	-0.019474
22706	0.038918	0.100898	-0.019065
22707	0.039710	0.099863	-0.021569
22708	0.038093	0.100882	-0.020202
22709	0.038595	0.100015	-0.021461
22710	0.036840	0.102010	-0.020846
22711	0.036338	0.101586	-0.020395
22712	0.035863	0.101187	-0.019986
22713	0.034650	0.101039	-0.019069
22714	0.035452	0.102098	-0.019073
22715	0.033817	0.102059	-0.018934
22716	0.034476	0.101275	-0.018212
22717	0.034700	0.102360	-0.020974
22718	0.033231	0.101369	-0.020125
22719	0.034718	0.102129	-0.020552
22720	0.034105	0.102706	-0.020894
22721	0.035310	0.102599	-0.021347
22722	0.034836	0.102199	-0.020937
22723	0.034195	0.102752	-0.021237
22724	0.035427	0.102670	-0.021731
22725	0.035929	0.101804	-0.022987
22726	0.035033	0.101513	-0.023355
22727	0.036660	0.101299	-0.023029
22728	0.035764	0.101008	-0.023396
22729	0.035123	0.101562	-0.023695
22730	0.035361	0.100888	-0.023750
22731	0.036285	0.099914	-0.024227
22732	0.036092	0.100384	-0.023790
22733	0.035160	0.101104	-0.022846
22734	0.034837	0.101515	-0.024430
22735	0.035048	0.100817	-0.024442
22736	0.034574	0.100419	-0.024030
22737	0.035066	0.100590	-0.024016
22738	0.034592	0.100192	-0.023604
22739	0.034653	0.101505	-0.023098
22740	0.035043	0.101641	-0.025147
22741	0.028369	0.105078	-0.029013
22742	0.028873	0.106312	-0.027773
22743	0.028088	0.105025	-0.027349
22744	0.028311	0.105391	-0.026135
22745	0.028802	0.105565	-0.026123
22746	0.028744	0.105063	-0.024935
22747	0.028100	0.105620	-0.025237
22748	0.028755	0.104843	-0.024514
22749	0.029245	0.105018	-0.024502
22750	0.029760	0.105217	-0.024531
22751	0.028554	0.104038	-0.024884
22752	0.028788	0.103370	-0.024938
22753	0.028144	0.103927	-0.025240
22754	0.028378	0.103258	-0.025294
22755	0.028155	0.103708	-0.024818
22756	0.029945	0.105370	-0.025259
22757	0.029031	0.104024	-0.026854
22758	0.029546	0.104224	-0.026883
22759	0.028902	0.104781	-0.027184
22760	0.029838	0.104875	-0.026433
22761	0.030328	0.105051	-0.026421
22762	0.030270	0.104550	-0.025231
22763	0.030761	0.104726	-0.025218
22764	0.031428	0.102917	-0.025762
22765	0.031345	0.102392	-0.024532
22766	0.031006	0.103842	-0.024847
22767	0.033052	0.103530	-0.023742
22768	0.033145	0.103839	-0.024547
22769	0.033355	0.103147	-0.024560
22770	0.032584	0.102922	-0.022906
22771	0.032502	0.102397	-0.021675
22772	0.032315	0.101838	-0.022506
22773	0.031391	0.101527	-0.022832
22774	0.031051	0.102979	-0.023147
22775	0.031963	0.103049	-0.022355
22776	0.031484	0.102657	-0.021943
22777	0.031273	0.102073	-0.022732
22778	0.030653	0.102657	-0.023073
22779	0.030009	0.103215	-0.023373
22780	0.032651	0.103632	-0.023523
22781	0.031155	0.102621	-0.022632
22782	0.031670	0.102824	-0.022658
22783	0.030746	0.102514	-0.022983
22784	0.031681	0.102611	-0.022231
22785	0.032171	0.102790	-0.022215
22786	0.031985	0.102231	-0.023045
22787	0.031200	0.103766	-0.024097
22788	0.030442	0.102506	-0.023709
22789	0.031787	0.101437	-0.023405
22790	0.031446	0.102889	-0.023719
22791	0.030943	0.102474	-0.023265
22792	0.030757	0.101916	-0.024094
22793	0.030254	0.101500	-0.023640
22794	0.029776	0.101109	-0.023226
22795	0.028417	0.101942	-0.023061
22796	0.028501	0.100470	-0.021117
22797	0.028419	0.099948	-0.019884
22798	0.028092	0.100366	-0.021465
22799	0.028431	0.099738	-0.019454
22800	0.028245	0.099181	-0.020282
22801	0.028443	0.099529	-0.019024
22802	0.027950	0.100174	-0.017343
22803	0.028161	0.099486	-0.017352
22804	0.027120	0.100177	-0.018469
22805	0.027038	0.099656	-0.017236
22806	0.026139	0.099373	-0.017600
22807	0.027050	0.099448	-0.016805
22808	0.027564	0.099654	-0.016829
22809	0.027619	0.100978	-0.016323
22810	0.027141	0.100588	-0.015909
22811	0.026496	0.101149	-0.016206
22812	0.027739	0.100047	-0.017960
22813	0.028229	0.100229	-0.017942
22814	0.026773	0.098208	-0.018356
22815	0.027541	0.099259	-0.018313
22816	0.028197	0.098492	-0.017583
22817	0.027973	0.098947	-0.017102
22818	0.028209	0.098285	-0.017150
22819	0.026571	0.098250	-0.017009
22820	0.028641	0.097974	-0.015939
22821	0.028289	0.098369	-0.017477
22822	0.030216	0.099068	-0.017159
22823	0.027880	0.098269	-0.017821
22824	0.028815	0.098372	-0.017065
22825	0.027891	0.098064	-0.017387
22826	0.027834	0.097570	-0.016193
22827	0.027204	0.097096	-0.017756
22828	0.027861	0.096330	-0.017025
22829	0.026938	0.096023	-0.017346
22830	0.025467	0.095037	-0.016492
22831	0.025536	0.095328	-0.017251
22832	0.024344	0.095212	-0.016372
22833	0.024119	0.095669	-0.015890
22834	0.024355	0.095009	-0.015936
22835	0.023868	0.093561	-0.016745
22836	0.025366	0.092585	-0.014457
22837	0.025856	0.092770	-0.014437
22838	0.024957	0.092488	-0.014799
22839	0.025025	0.092779	-0.015557
22840	0.025817	0.093859	-0.015553
22841	0.025591	0.094316	-0.015070
22842	0.026542	0.093386	-0.015579
22843	0.026754	0.092702	-0.015583
22844	0.026553	0.093185	-0.015141
22845	0.025630	0.092878	-0.015461
22846	0.025589	0.091350	-0.015531
22847	0.026776	0.092301	-0.014707
22848	0.027013	0.091643	-0.014753
22849	0.026089	0.091336	-0.015073
22850	0.026326	0.090678	-0.015118
22851	0.026244	0.090162	-0.013881
22852	0.027472	0.090102	-0.014363
22853	0.026532	0.090832	-0.013417
22854	0.024792	0.090761	-0.015334
22855	0.026122	0.090739	-0.013757
22856	0.025224	0.090457	-0.014117
22857	0.025292	0.090750	-0.014874
22858	0.025109	0.090198	-0.015696
22859	0.024606	0.089787	-0.015237
22860	0.026388	0.091469	-0.015669
22861	0.026305	0.090954	-0.014431
22862	0.024836	0.089969	-0.013575
22863	0.026039	0.089887	-0.014015
22864	0.026553	0.090100	-0.014034
22865	0.025906	0.090665	-0.014327
22866	0.025705	0.091149	-0.013884
22867	0.026632	0.090197	-0.014348
22868	0.026430	0.090682	-0.013905
22869	0.026366	0.089131	-0.013931
22870	0.026880	0.089345	-0.013949
22871	0.026672	0.088769	-0.014729
22872	0.027606	0.088879	-0.013969
22873	0.027818	0.088199	-0.013971
22874	0.027616	0.088684	-0.013527
22875	0.027553	0.087134	-0.013553
22876	0.026780	0.086915	-0.011893
22877	0.027820	0.088846	-0.011821
22878	0.027192	0.087652	-0.009408
22879	0.026984	0.087077	-0.010187
22880	0.026783	0.087563	-0.009743
22881	0.027271	0.087754	-0.009719
22882	0.027929	0.086994	-0.008983
22883	0.029278	0.085940	-0.008668
22884	0.029627	0.088167	-0.008174
22885	0.029256	0.089603	-0.008442
22886	0.029218	0.088078	-0.008508
22887	0.028991	0.088540	-0.008023
22888	0.029229	0.087885	-0.008064
22889	0.028727	0.087477	-0.007603
22890	0.027829	0.087197	-0.007961
22891	0.029874	0.086911	-0.006842
22892	0.030222	0.089138	-0.006348
22893	0.030731	0.088294	-0.007587
22894	0.029833	0.088014	-0.007945
22895	0.028470	0.088851	-0.007775
22896	0.028013	0.087431	-0.008618
22897	0.028922	0.087520	-0.007815
22898	0.029435	0.087737	-0.007831
22899	0.029669	0.086024	-0.009094
22900	0.028896	0.085806	-0.007434
22901	0.029934	0.087741	-0.007360
22902	0.029327	0.085513	-0.006209
22903	0.028405	0.085210	-0.006525
22904	0.028918	0.085427	-0.006541
22905	0.028416	0.085021	-0.006078
22906	0.028929	0.085239	-0.006094
22907	0.028302	0.084770	-0.007649
22908	0.028120	0.084221	-0.008467
22909	0.027177	0.084955	-0.007519
22910	0.026279	0.084676	-0.007875
22911	0.026622	0.085846	-0.008602
22912	0.025008	0.085836	-0.008497
22913	0.025201	0.086198	-0.007232
22914	0.026430	0.086148	-0.007707
22915	0.025782	0.086716	-0.007998
22916	0.027873	0.085423	-0.008181
22917	0.026929	0.086157	-0.007232
22918	0.026602	0.086584	-0.008803
22919	0.025954	0.087153	-0.009093
22920	0.025773	0.086605	-0.009909
22921	0.025841	0.086905	-0.010660
22922	0.026354	0.087125	-0.010674
22923	0.026988	0.086348	-0.009893
22924	0.025945	0.087044	-0.011002
22925	0.025023	0.086742	-0.011316
22926	0.024673	0.088206	-0.011622
22927	0.024318	0.086827	-0.010404
22928	0.023000	0.086652	-0.011537
22929	0.023488	0.086850	-0.011509
22930	0.024001	0.087072	-0.011522
22931	0.023919	0.086564	-0.010279
22932	0.022306	0.086555	-0.010173
22933	0.023386	0.086422	-0.012622
22934	0.023329	0.085939	-0.011420
22935	0.024534	0.085869	-0.011852
22936	0.024353	0.085323	-0.012667
22937	0.024568	0.084651	-0.012662
22938	0.024934	0.085847	-0.013429
22939	0.025148	0.085175	-0.013424
22940	0.023535	0.085166	-0.013318
22941	0.027440	0.100055	-0.021827
22942	0.027932	0.101328	-0.020584
22943	0.028569	0.100563	-0.019805
22944	0.028094	0.100196	-0.019388
22945	0.027571	0.100839	-0.017665
22946	0.028529	0.099936	-0.018168
22947	0.027166	0.100784	-0.018001
22948	0.028398	0.100752	-0.018480
22949	0.027478	0.100461	-0.018797
22950	0.029426	0.100162	-0.019736
22951	0.028630	0.099934	-0.018036
22952	0.028872	0.099300	-0.018079
22953	0.027235	0.099276	-0.017935
22954	0.027330	0.099616	-0.018731
22955	0.026410	0.099325	-0.019048
22956	0.027937	0.097347	-0.018018
22957	0.026177	0.097261	-0.019890
22958	0.023825	0.098570	-0.018068
22959	0.025178	0.097540	-0.017748
22960	0.025249	0.098918	-0.017282
22961	0.025319	0.099231	-0.018035
22962	0.024424	0.098968	-0.018394
22963	0.024766	0.100154	-0.019123
22964	0.024020	0.098917	-0.018728
22965	0.024534	0.098092	-0.019963
22966	0.025617	0.099037	-0.021195
22967	0.025835	0.098378	-0.021193
22968	0.025633	0.098885	-0.020750
22969	0.025133	0.098493	-0.020288
22970	0.024659	0.098128	-0.019868
22971	0.023987	0.099747	-0.018899
22972	0.026084	0.098478	-0.019081
22973	0.025164	0.098189	-0.019396
22974	0.025110	0.097722	-0.018199
22975	0.024488	0.097267	-0.019752
22976	0.023865	0.097877	-0.020087
22977	0.022946	0.097587	-0.020402
22978	0.022744	0.098095	-0.019959
22979	0.022368	0.099550	-0.020227
22980	0.023031	0.098817	-0.019489
22981	0.022707	0.098198	-0.022279
22982	0.024087	0.097198	-0.022000
22983	0.022870	0.097074	-0.021078
22984	0.023385	0.097316	-0.021093
22985	0.023455	0.097632	-0.021844
22986	0.023698	0.097002	-0.021883
22987	0.022507	0.095841	-0.022222
22988	0.024281	0.097561	-0.022649
22989	0.023362	0.097272	-0.022964
22990	0.023308	0.096808	-0.021765
22991	0.022240	0.097493	-0.022834
22992	0.022484	0.096863	-0.022873
22993	0.022973	0.097080	-0.022845
22994	0.022350	0.097690	-0.023178
22995	0.023164	0.094922	-0.022902
22996	0.020117	0.095460	-0.021881
22997	0.021149	0.097421	-0.021807
22998	0.021121	0.095920	-0.021868
22999	0.021191	0.096238	-0.022618
23000	0.021137	0.095774	-0.021418
23001	0.022222	0.093879	-0.021118
23002	0.022018	0.094389	-0.020673
23003	0.022358	0.095581	-0.021399
23004	0.023022	0.094851	-0.020658
23005	0.022130	0.093526	-0.022232
23006	0.023484	0.093568	-0.020690
23007	0.021576	0.092674	-0.020568
23008	0.021373	0.093185	-0.020122
23009	0.021591	0.092530	-0.020117
23010	0.021117	0.092168	-0.019694
23011	0.021308	0.092552	-0.018428
23012	0.021132	0.092025	-0.019243
23013	0.021052	0.091536	-0.018000
23014	0.019618	0.089530	-0.018402
23015	0.020377	0.090622	-0.018349
23016	0.020918	0.089830	-0.019622
23017	0.020689	0.090315	-0.019133
23018	0.021623	0.090460	-0.018368
23019	0.022261	0.089706	-0.017583
23020	0.018374	0.090444	-0.018119
23021	0.018863	0.090664	-0.018088
23022	0.021084	0.089470	-0.016249
23023	0.019027	0.089550	-0.016880
23024	0.019271	0.088924	-0.016916
23025	0.019759	0.089144	-0.016885
23026	0.020423	0.088417	-0.016143
23027	0.020072	0.088840	-0.017668
23028	0.019868	0.089352	-0.017222
23029	0.020953	0.089244	-0.019664
23030	0.020330	0.088075	-0.017249
23031	0.020370	0.089434	-0.016737
23032	0.019746	0.090047	-0.017068
23033	0.019965	0.089396	-0.017060
23034	0.019761	0.089909	-0.016613
23035	0.017854	0.089016	-0.016489
23036	0.019086	0.088999	-0.016959
23037	0.019574	0.089221	-0.016927
23038	0.022334	0.089776	-0.015039
23039	0.020277	0.089856	-0.015670
23040	0.019653	0.090470	-0.016001
23041	0.019872	0.089820	-0.015992
23042	0.018261	0.089825	-0.015887
23043	0.018480	0.089175	-0.015878
23044	0.018275	0.089689	-0.015431
23045	0.018793	0.088874	-0.016658
23046	0.019277	0.090161	-0.015409
23047	0.018059	0.090041	-0.014484
23048	0.018573	0.090291	-0.014494
23049	0.018372	0.089741	-0.015262
23050	0.018617	0.089118	-0.015295
23051	0.016829	0.090071	-0.015903
23052	0.017524	0.088310	-0.016417
23053	0.017173	0.088734	-0.017940
23054	0.019093	0.089494	-0.017607
23055	0.017486	0.088436	-0.018718
23056	0.017731	0.087813	-0.018750
23057	0.017531	0.087265	-0.019518
23058	0.016906	0.087880	-0.019848
23059	0.016676	0.088370	-0.019357
23060	0.014225	0.088575	-0.020807
23061	0.015848	0.090219	-0.023200
23062	0.015794	0.089762	-0.021996
23063	0.015295	0.089379	-0.021527
23064	0.014670	0.089994	-0.021857
23065	0.014470	0.089447	-0.022623
23066	0.013997	0.089090	-0.022197
23067	0.013346	0.089680	-0.022483
23068	0.014011	0.088960	-0.021737
23069	0.013092	0.088677	-0.022045
23070	0.012231	0.087381	-0.023655
23071	0.012838	0.087674	-0.021607
23072	0.012365	0.087317	-0.021180
23073	0.011714	0.087908	-0.021466
23074	0.011089	0.088524	-0.021795
23075	0.010621	0.087104	-0.022583
23076	0.011790	0.089170	-0.020533
23077	0.010033	0.089086	-0.022397
23078	0.010011	0.087593	-0.022450
23079	0.009212	0.087376	-0.020745
23080	0.009457	0.086756	-0.020775
23081	0.008239	0.086638	-0.019848
23082	0.008185	0.086183	-0.018642
23083	0.009543	0.085176	-0.018309
23084	0.007093	0.085381	-0.019758
23085	0.007013	0.084901	-0.018510
23086	0.008093	0.085865	-0.019730
23087	0.007175	0.085583	-0.020038
23088	0.007720	0.084800	-0.021302
23089	0.007488	0.085294	-0.020810
23090	0.007015	0.084938	-0.020382
23091	0.007051	0.086306	-0.019867
23092	0.007716	0.085589	-0.019118
23093	0.006230	0.084598	-0.018213
23094	0.008182	0.084327	-0.019133
23095	0.007231	0.085084	-0.018183
23096	0.006790	0.083691	-0.019012
23097	0.007278	0.083922	-0.018976
23098	0.007943	0.083206	-0.018227
23099	0.007411	0.083865	-0.016499
23100	0.008109	0.082110	-0.017007
23101	0.009468	0.081106	-0.016672
23102	0.007670	0.083124	-0.016063
23103	0.008458	0.083192	-0.017262
23104	0.008252	0.083712	-0.016810
23105	0.008053	0.083168	-0.017575
23106	0.007580	0.082814	-0.017146
23107	0.006662	0.082533	-0.017453
23108	0.008428	0.084277	-0.017870
23109	0.007781	0.083089	-0.015409
23110	0.007422	0.084582	-0.015713
23111	0.007490	0.084913	-0.016455
23112	0.006751	0.083685	-0.016047
23113	0.006134	0.083241	-0.017589
23114	0.005242	0.082985	-0.017937
23115	0.005882	0.082246	-0.017144
23116	0.005709	0.081729	-0.017949
23117	0.005358	0.082159	-0.019468
23118	0.003899	0.081194	-0.018604
23119	0.005525	0.081068	-0.018245
23120	0.006191	0.080354	-0.017494
23121	0.005993	0.079812	-0.018256
23122	0.005101	0.079557	-0.018604
23123	0.005134	0.080929	-0.018088
23124	0.005800	0.080216	-0.017337
23125	0.004847	0.080975	-0.016386
23126	0.005360	0.081235	-0.016390
23127	0.004442	0.080955	-0.016696
23128	0.004689	0.080341	-0.016722
23129	0.003772	0.080062	-0.017028
23130	0.004703	0.080224	-0.016253
23131	0.004353	0.080656	-0.017771
23132	0.005856	0.079748	-0.015463
23133	0.004904	0.080508	-0.014512
23134	0.005452	0.079730	-0.015772
23135	0.004764	0.081364	-0.014799
23136	0.004592	0.080848	-0.015602
23137	0.004359	0.081347	-0.015108
23138	0.005291	0.081510	-0.014333
23139	0.006652	0.080513	-0.013994
23140	0.006444	0.081036	-0.013541
23141	0.005491	0.081796	-0.012590
23142	0.004599	0.081542	-0.012937
23143	0.005806	0.081518	-0.013354
23144	0.005753	0.081069	-0.012144
23145	0.005975	0.080431	-0.012127
23146	0.005083	0.080177	-0.012474
23147	0.005269	0.080579	-0.011201
23148	0.005061	0.081102	-0.010747
23149	0.004144	0.080824	-0.011052
23150	0.003782	0.082320	-0.011354
23151	0.004005	0.081684	-0.011337
23152	0.005656	0.081588	-0.011016
23153	0.005879	0.080952	-0.010999
23154	0.004833	0.081670	-0.012101
23155	0.003615	0.081556	-0.011172
23156	0.004010	0.081753	-0.013185
23157	0.003932	0.081281	-0.011934
23158	0.004444	0.081545	-0.011935
23159	0.004211	0.082045	-0.011440
23160	0.004040	0.081531	-0.012241
23161	0.004528	0.081771	-0.012201
23162	0.003636	0.081518	-0.012546
23163	0.002874	0.080268	-0.012094
23164	0.002666	0.080793	-0.011640
23165	0.000912	0.080710	-0.013500
23166	-0.000545	0.079746	-0.012633
23167	0.000508	0.080698	-0.013805
23168	0.000602	0.081060	-0.014583
23169	0.001089	0.081301	-0.014543
23170	0.001183	0.081664	-0.015322
23171	0.000421	0.080415	-0.014869
23172	0.000741	0.082692	-0.014371
23173	0.000957	0.083839	-0.017098
23174	0.000941	0.082354	-0.017141
23175	0.001847	0.082499	-0.016323
23176	0.001220	0.083123	-0.016645
23177	0.001444	0.082489	-0.016626
23178	0.001956	0.082756	-0.016626
23179	0.002707	0.083874	-0.016563
23180	0.003374	0.083169	-0.015806
23181	0.003334	0.081660	-0.015808
23182	0.003847	0.081927	-0.015808
23183	0.002931	0.081651	-0.016111
23184	0.003443	0.081919	-0.016110
23185	0.003511	0.082258	-0.016847
23186	0.004403	0.083469	-0.014813
23187	0.004735	0.084684	-0.015529
23188	0.005403	0.083980	-0.014771
23189	0.006767	0.082992	-0.014428
23190	0.005876	0.082740	-0.014771
23191	0.005223	0.083340	-0.015052
23192	0.005736	0.083608	-0.015051
23193	0.004820	0.083333	-0.015354
23194	0.005332	0.083601	-0.015352
23195	0.003959	0.084461	-0.015178
23196	0.006069	0.083239	-0.015329
23197	0.004588	0.082251	-0.014421
23198	0.004223	0.083752	-0.014721
23199	0.004866	0.083025	-0.013922
23200	0.005115	0.082418	-0.013941
23201	0.004765	0.082856	-0.015455
23202	0.003875	0.082605	-0.015797
23203	0.004139	0.080935	-0.017030
23204	0.004455	0.083216	-0.016531
23205	0.004417	0.081710	-0.016531
23206	0.004929	0.081981	-0.016528
23207	0.005457	0.081188	-0.017739
23208	0.005247	0.081717	-0.017282
23209	0.004488	0.080471	-0.016827
23210	0.003860	0.081096	-0.017148
23211	0.004806	0.080208	-0.017581
23212	0.006564	0.081972	-0.017990
23213	0.005165	0.078907	-0.019587
23214	0.006201	0.080930	-0.019542
23215	0.006007	0.080398	-0.020298
23216	0.005535	0.080052	-0.019861
23217	0.005719	0.080463	-0.018585
23218	0.006074	0.081706	-0.019338
23219	0.006037	0.080202	-0.019337
23220	0.004467	0.079171	-0.020477
23221	0.005790	0.079229	-0.018877
23222	0.006867	0.080214	-0.020085
23223	0.006830	0.078710	-0.020083
23224	0.007341	0.078982	-0.020079
23225	0.008706	0.078001	-0.019732
23226	0.008077	0.078628	-0.020051
23227	0.006702	0.079489	-0.019877
23228	0.007935	0.079504	-0.020327
23229	0.007857	0.079040	-0.019072
23230	0.009812	0.078797	-0.019975
23231	0.008897	0.078524	-0.020276
23232	0.008425	0.078179	-0.019838
23233	0.007050	0.079041	-0.019664
23234	0.007300	0.078438	-0.019680
23235	0.007368	0.078784	-0.020414
23236	0.006321	0.079506	-0.021511
23237	0.007645	0.079567	-0.019911
23238	0.005353	0.078794	-0.020596
23239	0.006981	0.078693	-0.020227
23240	0.008214	0.078709	-0.020676
23241	0.007979	0.079219	-0.020178
23242	0.006889	0.080981	-0.020022
23243	0.004835	0.081062	-0.020647
23244	0.005503	0.080365	-0.019884
23245	0.006033	0.079578	-0.021092
23246	0.005186	0.078290	-0.022684
23247	0.005631	0.079582	-0.021387
23248	0.006560	0.079762	-0.020603
23249	0.006325	0.080273	-0.020105
23250	0.006576	0.079672	-0.020119
23251	0.006341	0.080182	-0.019621
23252	0.006173	0.079676	-0.020413
23253	0.005259	0.079405	-0.020714
23254	0.006335	0.080396	-0.021918
23255	0.006258	0.079935	-0.020662
23256	0.006769	0.080211	-0.020656
23257	0.007256	0.080465	-0.020611
23258	0.007045	0.080999	-0.020150
23259	0.008413	0.080025	-0.019801
23260	0.008202	0.080559	-0.019341
23261	0.009253	0.081528	-0.020506
23262	0.006963	0.080754	-0.021190
23263	0.007406	0.082049	-0.019892
23264	0.007195	0.082583	-0.019431
23265	0.007682	0.082838	-0.019386
23266	0.007889	0.083278	-0.018147
23267	0.008636	0.084411	-0.018081
23268	0.009306	0.083717	-0.017316
23269	0.007828	0.082732	-0.016405
23270	0.005786	0.084616	-0.019813
23271	0.006691	0.084778	-0.018989
23272	0.007247	0.084017	-0.020232
23273	0.008197	0.083139	-0.020660
23274	0.007004	0.083054	-0.019766
23275	0.006192	0.084633	-0.020802
23276	0.005461	0.083414	-0.020382
23277	0.006829	0.082443	-0.020031
23278	0.007340	0.082722	-0.020022
23279	0.007105	0.083236	-0.019523
23280	0.007357	0.082638	-0.019535
23281	0.007425	0.082990	-0.020266
23282	0.006536	0.082743	-0.020603
23283	0.005782	0.081502	-0.020144
23284	0.006089	0.083793	-0.019641
23285	0.006058	0.082296	-0.019636
23286	0.006569	0.082577	-0.019626
23287	0.006379	0.082051	-0.020378
23288	0.006472	0.082426	-0.021146
23289	0.005559	0.082157	-0.021445
23290	0.004670	0.081910	-0.021781
23291	0.005621	0.081036	-0.022207
23292	0.004009	0.081045	-0.022090
23293	0.003096	0.080777	-0.022388
23294	0.003607	0.081058	-0.022378
23295	0.003112	0.080696	-0.021899
23296	0.002900	0.081234	-0.021436
23297	0.003387	0.081494	-0.021389
23298	0.003480	0.081869	-0.022157
23299	0.002050	0.079846	-0.022496
23300	0.003801	0.081628	-0.022897
23301	0.002053	0.081547	-0.024751
23302	0.002046	0.080074	-0.024781
23303	0.002693	0.079364	-0.023976
23304	0.003363	0.078675	-0.023208
23305	0.002146	0.078570	-0.022276
23306	0.002656	0.078853	-0.022265
23307	0.001843	0.080434	-0.023301
23308	0.001114	0.079217	-0.022878
23309	0.001037	0.078763	-0.021620
23310	0.002065	0.080803	-0.021569
23311	0.001570	0.080442	-0.021089
23312	0.001358	0.080981	-0.020625
23313	0.001169	0.080458	-0.021375
23314	0.000073	0.082225	-0.021217
23315	0.001026	0.081353	-0.021641
23316	0.000813	0.081893	-0.021178
23317	-0.000099	0.081626	-0.021475
23318	0.000975	0.082627	-0.022673
23319	0.000899	0.082174	-0.021415
23320	0.000269	0.082807	-0.021729
23321	-0.000643	0.082540	-0.022026
23322	0.000028	0.081854	-0.021256
23323	0.000257	0.081239	-0.021227
23324	-0.001355	0.081250	-0.021109
23325	-0.001703	0.081699	-0.022616
23326	-0.001708	0.080229	-0.022643
23327	-0.001527	0.080655	-0.021365
23328	-0.001579	0.080225	-0.020142
23329	-0.000368	0.080234	-0.020545
23330	-0.000581	0.080775	-0.020080
23331	-0.001076	0.080416	-0.019599
23332	-0.000404	0.079731	-0.018828
23333	-0.001365	0.080505	-0.017875
23334	-0.001690	0.080977	-0.019418
23335	-0.001717	0.079486	-0.019408
23336	-0.001464	0.078895	-0.019415
23337	-0.001395	0.079252	-0.020143
23338	-0.001865	0.078916	-0.019698
23339	-0.002681	0.080499	-0.020733
23340	-0.002010	0.079816	-0.019961
23341	0.006170	0.078119	-0.005778
23342	0.004725	0.077158	-0.004891
23343	0.005473	0.078302	-0.004808
23344	0.005989	0.078590	-0.004784
23345	0.005806	0.078070	-0.005519
23346	0.005759	0.077641	-0.004285
23347	0.004595	0.076497	-0.004588
23348	0.004437	0.075999	-0.005362
23349	0.004928	0.076265	-0.005299
23350	0.003483	0.075304	-0.004411
23351	0.005533	0.075132	-0.003243
23352	0.005536	0.073664	-0.003258
23353	0.004885	0.074277	-0.003521
23354	0.004003	0.074033	-0.003843
23355	0.002789	0.073930	-0.002896
23356	0.002581	0.074473	-0.002420
23357	0.001674	0.074208	-0.002703
23358	0.002803	0.074174	-0.005136
23359	0.001428	0.075042	-0.004948
23360	0.000128	0.074891	-0.006047
23361	0.001037	0.075067	-0.005205
23362	0.001553	0.075357	-0.005180
23363	0.001787	0.074747	-0.005136
23364	0.003028	0.074783	-0.005562
23365	0.002070	0.075559	-0.004595
23366	0.001751	0.076033	-0.006126
23367	0.001730	0.074545	-0.006101
23368	0.001104	0.075181	-0.006402
23369	0.001084	0.073693	-0.006377
23370	0.001438	0.074955	-0.007109
23371	0.001622	0.075386	-0.005816
23372	0.002300	0.074707	-0.005032
23373	0.001393	0.074443	-0.005314
23374	-0.000886	0.073667	-0.005981
23375	-0.000344	0.072897	-0.007165
23376	-0.000390	0.072471	-0.005929
23377	-0.001041	0.073087	-0.006192
23378	-0.000526	0.073379	-0.006166
23379	0.000383	0.073559	-0.005323
23380	0.000226	0.073064	-0.006094
23381	-0.001243	0.072084	-0.005167
23382	-0.000165	0.073094	-0.006349
23383	0.000581	0.074245	-0.006265
23384	-0.000138	0.073032	-0.005826
23385	0.001495	0.072960	-0.005434
23386	0.001448	0.072535	-0.004198
23387	0.002827	0.071584	-0.003825
23388	0.001220	0.071595	-0.003694
23389	0.002221	0.073626	-0.003591
23390	0.002227	0.072161	-0.003602
23391	0.002463	0.071555	-0.003556
23392	0.001999	0.071222	-0.003098
23393	0.002073	0.071586	-0.003810
23394	0.001609	0.071254	-0.003352
23395	0.001590	0.069769	-0.003325
23396	-0.000016	0.069780	-0.003194
23397	0.001599	0.071490	-0.005547
23398	0.000156	0.070530	-0.004657
23399	0.001535	0.069582	-0.004283
23400	0.000653	0.069341	-0.004602
23401	0.000002	0.069959	-0.004864
23402	0.000517	0.070254	-0.004836
23403	0.001479	0.069397	-0.005240
23404	0.000488	0.069086	-0.007564
23405	0.000979	0.069362	-0.007499
23406	-0.000465	0.068402	-0.006608
23407	0.001169	0.068335	-0.006215
23408	0.001267	0.068722	-0.006964
23409	0.001086	0.068209	-0.007695
23410	0.001347	0.067626	-0.007685
23411	0.002309	0.066771	-0.008089
23412	0.001773	0.069260	-0.009127
23413	0.000305	0.068281	-0.008199
23414	0.001944	0.070015	-0.010588
23415	0.000731	0.069916	-0.009641
23416	-0.000150	0.069675	-0.009959
23417	-0.000801	0.070295	-0.010220
23418	-0.001519	0.069085	-0.009779
23419	-0.001917	0.070585	-0.010021
23420	-0.001238	0.069912	-0.009233
23421	-0.002470	0.071593	-0.011031
23422	-0.002517	0.071172	-0.009793
23423	-0.004093	0.070123	-0.010870
23424	-0.004666	0.069723	-0.012414
23425	-0.005317	0.070343	-0.012676
23426	-0.004330	0.069511	-0.013114
23427	-0.004818	0.069161	-0.012616
23428	-0.004139	0.068490	-0.011827
23429	-0.003087	0.069488	-0.012969
23430	-0.001793	0.070647	-0.010136
23431	-0.003368	0.069599	-0.011213
23432	-0.003524	0.069109	-0.011979
23433	-0.003341	0.069550	-0.010684
23434	-0.003496	0.069059	-0.011450
23435	-0.003314	0.069500	-0.010155
23436	-0.002963	0.070770	-0.010883
23437	-0.002473	0.071051	-0.010815
23438	-0.000562	0.071889	-0.010437
23439	-0.002137	0.070841	-0.011513
23440	-0.002764	0.071483	-0.011811
23441	-0.002273	0.071764	-0.011743
23442	-0.002011	0.071184	-0.011730
23443	-0.000630	0.070245	-0.011353
23444	-0.000841	0.070796	-0.010872
23445	-0.001128	0.070217	-0.013606
23446	-0.002570	0.069259	-0.012713
23447	-0.001101	0.070170	-0.013076
23448	-0.001981	0.069932	-0.013391
23449	-0.002633	0.070555	-0.013652
23450	-0.002119	0.070856	-0.013620
23451	-0.001628	0.071139	-0.013552
23452	-0.000948	0.070471	-0.012760
23453	-0.001235	0.069893	-0.015493
23454	-0.003510	0.069114	-0.016156
23455	-0.002350	0.070188	-0.015291
23456	-0.002670	0.070670	-0.016814
23457	-0.003157	0.070324	-0.016315
23458	-0.003620	0.069996	-0.015852
23459	-0.001677	0.069780	-0.016682
23460	-0.003284	0.069792	-0.016547
23461	-0.002175	0.069755	-0.018932
23462	-0.001717	0.071100	-0.017654
23463	-0.003290	0.070052	-0.018729
23464	-0.003754	0.069725	-0.018265
23465	-0.003989	0.070260	-0.017747
23466	-0.003000	0.069434	-0.018181
23467	-0.002401	0.069790	-0.016108
23468	-0.001994	0.070023	-0.018079
23469	-0.002956	0.070808	-0.017112
23470	-0.003836	0.070570	-0.017426
23471	-0.003819	0.071986	-0.016890
23472	-0.004031	0.072541	-0.016407
23473	-0.003705	0.073797	-0.017097
23474	-0.002213	0.074732	-0.017494
23475	-0.001887	0.075989	-0.018184
23476	-0.001207	0.075324	-0.017390
23477	-0.003563	0.075567	-0.016771
23478	-0.002156	0.074653	-0.016426
23479	-0.002642	0.074308	-0.015926
23480	-0.003998	0.075202	-0.015772
23481	-0.004484	0.074857	-0.015272
23482	-0.004637	0.074371	-0.016034
23483	-0.004289	0.073849	-0.013978
23484	-0.005276	0.073541	-0.016295
23485	-0.005345	0.073108	-0.015018
23486	-0.004831	0.073415	-0.014983
23487	-0.006770	0.073569	-0.013586
23488	-0.005780	0.072746	-0.014018
23489	-0.005705	0.073123	-0.014726
23490	-0.004298	0.072211	-0.014379
23491	-0.004057	0.071618	-0.014328
23492	-0.003768	0.073936	-0.013808
23493	-0.003778	0.072463	-0.013774
23494	-0.004097	0.072948	-0.015295
23495	-0.004642	0.073646	-0.013550
23496	-0.004128	0.073953	-0.013514
23497	-0.004779	0.074580	-0.013774
23498	-0.004766	0.073126	-0.013775
23499	-0.005167	0.074634	-0.014016
23500	-0.004427	0.072931	-0.014465
23501	-0.003042	0.072003	-0.014083
23502	-0.002528	0.072311	-0.014047
23503	-0.004574	0.072394	-0.014654
23504	-0.005203	0.073040	-0.014947
23505	-0.006105	0.072786	-0.015225
23506	-0.005591	0.073095	-0.015188
23507	-0.006719	0.074853	-0.014981
23508	-0.005418	0.073872	-0.016637
23509	-0.006880	0.072898	-0.015706
23510	-0.007260	0.074425	-0.015981
23511	-0.006708	0.073675	-0.017155
23512	-0.006860	0.073192	-0.017914
23513	-0.006368	0.073484	-0.017843
23514	-0.004710	0.073458	-0.017476
23515	-0.004468	0.072868	-0.017424
23516	-0.006074	0.072881	-0.017287
23517	-0.004688	0.071956	-0.016904
23518	-0.005008	0.072443	-0.018422
23519	-0.003789	0.072487	-0.018799
23520	-0.004002	0.073046	-0.018314
23521	-0.003927	0.073427	-0.019021
23522	-0.003662	0.072857	-0.019001
23523	-0.003109	0.072109	-0.020174
23524	-0.004156	0.072844	-0.021244
23525	-0.005118	0.073633	-0.020277
23526	-0.002317	0.073273	-0.019579
23527	-0.003467	0.072140	-0.019874
23528	-0.003264	0.072611	-0.018610
23529	-0.003188	0.072993	-0.019317
23530	-0.003340	0.072512	-0.020074
23531	-0.004658	0.072348	-0.021129
23532	-0.006264	0.072361	-0.020992
23533	-0.005499	0.071759	-0.018157
23534	-0.007211	0.071700	-0.020022
23535	-0.006054	0.072789	-0.019155
23536	-0.006933	0.072556	-0.019465
23537	-0.006751	0.073011	-0.018168
23538	-0.006486	0.072442	-0.018147
23539	-0.007387	0.072191	-0.018423
23540	-0.006705	0.071535	-0.017624
23541	0.001316	0.077662	0.001173
23542	-0.000389	0.077609	-0.000681
23543	0.001251	0.077574	-0.000264
23544	0.000628	0.078227	-0.000544
23545	0.001541	0.078440	0.000321
23546	0.001397	0.077964	-0.000424
23547	0.000918	0.077629	0.000092
23548	0.000711	0.078195	0.000590
23549	0.002663	0.078002	-0.000217
23550	0.003121	0.079363	0.001077
23551	0.001560	0.078321	0.000020
23552	0.001833	0.077759	0.000053
23553	0.002330	0.078059	0.000140
23554	0.002123	0.078626	0.000638
23555	0.001644	0.078292	0.001155
23556	0.001500	0.077817	0.000410
23557	0.001438	0.077396	0.001705
23558	0.003909	0.078987	0.000898
23559	0.001622	0.078192	0.000288
23560	0.000999	0.078847	0.000009
23561	0.000768	0.079395	0.000543
23562	0.001457	0.078747	0.001355
23563	0.000978	0.078413	0.001872
23564	0.000835	0.077939	0.001129
23565	0.001332	0.078242	0.001217
23566	-0.000932	0.077465	0.000571
23567	0.000398	0.077594	0.002215
23568	0.000502	0.078003	0.001489
23569	0.000582	0.078393	0.000800
23570	-0.000600	0.078325	0.001728
23571	0.000313	0.078541	0.002594
23572	-0.002119	0.078734	0.001189
23573	-0.002182	0.078315	0.002485
23574	-0.001661	0.078637	0.002537
23575	-0.003284	0.078638	0.002724
23576	-0.002764	0.078961	0.002777
23577	-0.002267	0.079265	0.002866
23578	-0.001747	0.079588	0.002918
23579	-0.001250	0.079892	0.003008
23580	-0.001952	0.078697	0.003472
23581	-0.002847	0.078451	0.003213
23582	-0.000870	0.078284	0.002373
23583	-0.001037	0.077793	0.001667
23584	-0.000764	0.077234	0.001703
23585	0.000149	0.077453	0.002570
23586	-0.000164	0.077950	0.001068
23587	0.000568	0.076245	0.000676
23588	0.002309	0.078089	0.000318
23589	0.001075	0.079782	-0.001462
23590	0.001037	0.079383	-0.000201
23591	0.000558	0.079052	0.000318
23592	-0.001457	0.079158	-0.000309
23593	-0.000714	0.080347	-0.000202
23594	-0.000857	0.079876	-0.000943
23595	-0.000842	0.081311	-0.000389
23596	-0.000086	0.079626	-0.000816
23597	-0.000148	0.079209	0.000482
23598	-0.000527	0.080749	0.000221
23599	-0.001005	0.080419	0.000741
23600	-0.001213	0.080990	0.001242
23601	-0.001133	0.081383	0.000554
23602	-0.001029	0.081796	-0.000169
23603	-0.000609	0.080252	0.000666
23604	-0.002208	0.080272	0.000817
23605	-0.001220	0.082345	0.000943
23606	-0.003481	0.081568	0.000300
23607	-0.002984	0.081877	0.000391
23608	-0.001982	0.081076	-0.000017
23609	-0.001901	0.081471	-0.000704
23610	-0.000965	0.081713	0.000129
23611	-0.002513	0.083566	-0.000427
23612	-0.002247	0.080117	-0.000885
23613	-0.001259	0.082192	-0.000760
23614	-0.002129	0.081968	-0.001054
23615	-0.000971	0.083075	-0.000167
23616	-0.001842	0.082850	-0.000461
23617	-0.002007	0.082363	-0.001164
23618	-0.002148	0.081894	-0.001903
23619	-0.002143	0.080438	-0.001845
23620	-0.002284	0.079969	-0.002584
23621	-0.001788	0.080280	-0.002493
23622	-0.001826	0.079885	-0.001230
23623	-0.002059	0.080440	-0.000693
23624	-0.002200	0.079971	-0.001431
23625	-0.001704	0.080283	-0.001339
23626	-0.002158	0.079973	-0.000854
23627	-0.001007	0.078188	-0.000464
23628	-0.001216	0.078762	0.000038
23629	-0.000652	0.078032	-0.001110
23630	-0.000201	0.079404	0.000187
23631	0.000051	0.078833	0.000262
23632	-0.000159	0.079407	0.000765
23633	0.000822	0.078592	0.000394
23634	0.000509	0.079093	-0.001104
23635	0.001177	0.078437	-0.000251
23636	0.002494	0.077482	-0.001879
23637	0.001532	0.078282	-0.000897
23638	0.000662	0.078058	-0.001189
23639	0.002132	0.079011	-0.001525
23640	0.003865	0.077972	-0.002375
23641	0.004361	0.078285	-0.002282
23642	0.005365	0.077489	-0.002686
23643	0.004056	0.077333	-0.003721
23644	0.004747	0.076696	-0.002902
23645	0.003785	0.077497	-0.001919
23646	0.002083	0.077444	-0.003766
23647	0.003239	0.078557	-0.002879
23648	0.002785	0.078249	-0.002392
23649	0.003281	0.078563	-0.002299
23650	0.002827	0.078255	-0.001813
23651	0.003323	0.078570	-0.001720
23652	0.003113	0.079146	-0.001216
23653	0.002220	0.078905	-0.001473
23654	0.003641	0.078027	-0.001098
23655	0.001774	0.077145	-0.000926
23656	0.002607	0.077320	-0.002090
23657	0.002443	0.076837	-0.002791
23658	0.002303	0.076372	-0.003527
23659	0.001897	0.077899	-0.003749
23660	0.002588	0.077264	-0.002929
23661	0.001138	0.076298	-0.001979
23662	-0.000564	0.076246	-0.003825
23663	-0.000068	0.076562	-0.003731
23664	0.000867	0.076812	-0.002894
23665	0.001119	0.076245	-0.002816
23666	0.001811	0.075611	-0.001996
23667	0.001647	0.075129	-0.002695
23668	0.000879	0.074980	-0.000985
23669	0.001445	0.074256	-0.002130
23670	0.001964	0.074591	-0.002070
23671	0.001557	0.073225	-0.002786
23672	0.000930	0.073887	-0.003060
23673	0.001496	0.073163	-0.004203
23674	0.000870	0.073826	-0.004477
23675	0.001122	0.073260	-0.004398
23676	0.000911	0.073838	-0.003894
23677	-0.000328	0.075536	-0.005671
23678	0.000536	0.073935	-0.004088
23679	-0.000357	0.073696	-0.004342
23680	0.000649	0.072907	-0.004743
23681	-0.000316	0.073710	-0.003759
23682	-0.000700	0.075257	-0.004015
23683	-0.001004	0.073966	-0.002730
23684	-0.000101	0.075998	-0.004637
23685	0.000120	0.077212	-0.007303
23686	0.000081	0.076823	-0.006037
23687	-0.000396	0.076500	-0.005513
23688	-0.000293	0.076922	-0.006230
23689	-0.000770	0.076600	-0.005706
23690	-0.002196	0.075653	-0.004789
23691	-0.001040	0.073879	-0.004392
23692	-0.000766	0.076228	-0.003854
23693	-0.000199	0.075506	-0.004996
23694	-0.000237	0.075118	-0.003729
23695	-0.000887	0.075764	-0.003967
23696	-0.000611	0.075219	-0.003921
23697	-0.001189	0.074823	-0.005397
23698	0.000475	0.074837	-0.005002
23699	0.001216	0.073148	-0.005382
23700	-0.001214	0.073337	-0.006782
23701	-0.000235	0.075428	-0.006653
23702	-0.001661	0.074481	-0.005735
23703	-0.000262	0.073594	-0.005321
23704	-0.000474	0.074175	-0.004815
23705	0.000021	0.074497	-0.004718
23706	0.000540	0.074837	-0.004656
23707	0.001591	0.075886	-0.005764
23708	0.000065	0.074866	-0.006846
23709	0.000003	0.074462	-0.005543
23710	0.001982	0.074320	-0.006368
23711	0.002062	0.074727	-0.007049
23712	0.002338	0.074183	-0.007002
23713	0.002833	0.074506	-0.006905
23714	0.002936	0.074931	-0.007620
23715	0.003920	0.074129	-0.007982
23716	0.003707	0.074711	-0.007475
23717	0.003719	0.073266	-0.007409
23718	0.003963	0.074501	-0.010107
23719	0.003727	0.075066	-0.009566
23720	0.003414	0.075575	-0.011058
23721	0.004639	0.075659	-0.011403
23722	0.004916	0.075116	-0.011356
23723	0.004090	0.076733	-0.012354
23724	0.005614	0.075941	-0.009973
23725	0.004722	0.075705	-0.010225
23726	0.004684	0.075320	-0.008956
23727	0.004763	0.075728	-0.009635
23728	0.004625	0.075269	-0.010365
23729	0.004704	0.075678	-0.011045
23730	0.003935	0.075534	-0.009332
23731	0.003774	0.075058	-0.010027
23732	0.002731	0.075808	-0.011076
23733	0.004131	0.074926	-0.010658
23734	0.003262	0.074708	-0.010944
23735	0.004969	0.076564	-0.011257
23736	0.004756	0.077148	-0.010750
23737	0.004420	0.077641	-0.012207
23738	0.003967	0.077340	-0.011715
23739	0.005608	0.077344	-0.011281
23740	0.004008	0.077366	-0.011124
23741	0.008796	0.074243	0.010468
23742	0.009317	0.074586	0.010549
23743	0.008602	0.073382	0.011077
23744	0.009613	0.072600	0.010699
23745	0.009619	0.074051	0.011275
23746	0.010631	0.073270	0.010897
23747	0.009882	0.073845	0.008680
23748	0.009671	0.074428	0.009204
23749	0.009612	0.074027	0.010526
23750	0.011595	0.073892	0.009721
23751	0.009559	0.073978	0.009153
23752	0.008378	0.073916	0.010104
23753	0.009190	0.074087	0.009001
23754	0.009056	0.073629	0.008289
23755	0.009236	0.074114	0.009627
23756	0.009932	0.073490	0.010471
23757	0.009119	0.072213	0.009002
23758	0.008177	0.073036	0.009969
23759	0.007048	0.071915	0.009720
23760	0.007253	0.072417	0.011023
23761	0.007749	0.072746	0.011141
23762	0.006884	0.072528	0.010872
23763	0.006649	0.073096	0.011432
23764	0.007345	0.072474	0.012277
23765	0.007842	0.072803	0.012395
23766	0.005035	0.071292	0.012981
23767	0.005117	0.071704	0.012321
23768	0.004251	0.071485	0.012053
23769	0.005163	0.071733	0.012949
23770	0.005268	0.072162	0.012254
23771	0.005525	0.071606	0.012357
23772	0.006299	0.069943	0.011966
23773	0.006795	0.070274	0.012085
23774	0.006007	0.069013	0.010581
23775	0.007157	0.070148	0.011493
23776	0.007755	0.069453	0.010340
23777	0.007105	0.070104	0.010124
23778	0.007624	0.070452	0.010207
23779	0.006974	0.071104	0.009990
23780	0.008226	0.071213	0.009631
23781	0.009199	0.073317	0.009781
23782	0.009242	0.071893	0.009833
23783	0.008353	0.071659	0.009602
23784	0.008873	0.072007	0.009685
23785	0.007985	0.071773	0.009454
23786	0.008998	0.070998	0.009080
23787	0.008269	0.072693	0.010099
23788	0.009599	0.071761	0.008505
23789	0.008710	0.071528	0.008274
23790	0.008199	0.069375	0.009532
23791	0.007627	0.068986	0.008080
23792	0.007987	0.067407	0.006914
23793	0.006605	0.068298	0.007140
23794	0.006648	0.066875	0.007193
23795	0.005998	0.067528	0.006977
23796	0.005309	0.066344	0.007473
23797	0.006281	0.068450	0.007623
23798	0.005495	0.067191	0.006122
23799	0.006168	0.066558	0.007004
23800	0.005956	0.067147	0.007531
23801	0.006214	0.066595	0.007636
23802	0.006734	0.066946	0.007720
23803	0.006815	0.067362	0.007063
23804	0.005652	0.064406	0.007529
23805	0.007258	0.066201	0.005240
23806	0.007302	0.064780	0.005294
23807	0.007303	0.066239	0.005871
23808	0.007170	0.065786	0.005163
23809	0.006934	0.066359	0.005725
23810	0.007216	0.065824	0.005795
23811	0.005774	0.064862	0.006769
23812	0.007500	0.066750	0.006443
23813	0.006057	0.065788	0.007416
23814	0.007211	0.065828	0.005063
23815	0.007153	0.065434	0.006388
23816	0.007989	0.065631	0.005254
23817	0.006369	0.065636	0.005465
23818	0.006888	0.065989	0.005551
23819	0.006593	0.064710	0.006861
23820	0.006024	0.067235	0.005863
23821	0.004581	0.066273	0.006837
23822	0.005736	0.066315	0.004484
23823	0.005914	0.066808	0.005825
23824	0.005960	0.065389	0.005881
23825	0.006219	0.064841	0.005987
23826	0.005769	0.064545	0.006500
23827	0.005672	0.065932	0.005081
23828	0.006369	0.065319	0.005930
23829	0.007775	0.064454	0.006373
23830	0.006356	0.063508	0.007313
23831	0.007267	0.063766	0.008212
23832	0.006817	0.063471	0.008725
23833	0.007630	0.063654	0.007628
23834	0.007498	0.063203	0.006922
23835	0.007758	0.062656	0.007029
23836	0.007071	0.061474	0.007527
23837	0.006184	0.061244	0.007298
23838	0.008086	0.062170	0.007736
23839	0.007198	0.061940	0.007507
23840	0.008035	0.062140	0.006375
23841	0.008473	0.060626	0.007245
23842	0.007844	0.061299	0.006996
23843	0.007192	0.061956	0.006781
23844	0.006978	0.062549	0.007309
23845	0.006920	0.062159	0.008636
23846	0.007521	0.061473	0.007490
23847	0.008431	0.061734	0.008390
23848	0.008714	0.061204	0.008463
23849	0.007647	0.061942	0.007470
23850	0.007197	0.061648	0.007985
23851	0.007457	0.061103	0.008092
23852	0.007243	0.061696	0.008621
23853	0.006273	0.062510	0.009626
23854	0.005408	0.062297	0.009362
23855	0.005904	0.062639	0.009485
23856	0.006008	0.063077	0.008795
23857	0.006185	0.063576	0.010137
23858	0.005321	0.063363	0.009873
23859	0.007282	0.063235	0.009115
23860	0.004856	0.063417	0.007737
23861	0.005268	0.064803	0.009093
23862	0.004404	0.064590	0.008830
23863	0.005633	0.064698	0.008513
23864	0.004450	0.064641	0.009468
23865	0.004476	0.063211	0.009563
23866	0.003528	0.064041	0.010533
23867	0.004342	0.064229	0.009438
23868	0.002745	0.064252	0.009616
23869	0.004070	0.064437	0.011295
23870	0.002652	0.063493	0.012236
23871	0.003701	0.064570	0.011156
23872	0.003570	0.064122	0.010453
23873	0.002919	0.064782	0.010239
23874	0.003118	0.065298	0.011547
23875	0.003698	0.064601	0.010438
23876	0.002101	0.064623	0.010616
23877	0.004063	0.064499	0.009859
23878	0.004497	0.065903	0.011181
23879	0.003376	0.064789	0.010939
23880	0.003660	0.064263	0.011015
23881	0.003921	0.063722	0.011125
23882	0.002973	0.064553	0.012095
23883	0.003054	0.064979	0.011441
23884	0.002924	0.064532	0.010740
23885	0.002590	0.065038	0.009308
23886	0.002555	0.064668	0.010602
23887	0.002083	0.064362	0.011153
23888	0.002601	0.064725	0.011243
23889	0.002268	0.065231	0.009812
23890	0.002552	0.064706	0.009889
23891	0.002134	0.066255	0.009689
23892	0.002279	0.064919	0.011748
23893	0.002414	0.067201	0.010345
23894	0.002464	0.065789	0.010408
23895	0.003374	0.066059	0.011311
23896	0.002925	0.065769	0.011828
23897	0.004154	0.065883	0.011513
23898	0.004024	0.065438	0.010812
23899	0.003786	0.066022	0.011377
23900	0.004570	0.064376	0.011000
23901	0.005532	0.066501	0.011154
23902	0.006498	0.063889	0.011542
23903	0.006579	0.064317	0.010889
23904	0.006863	0.063794	0.010967
23905	0.006624	0.064378	0.011532
23906	0.005994	0.065055	0.011286
23907	0.006075	0.065484	0.010634
23908	0.005393	0.064307	0.011137
23909	0.007183	0.066276	0.012847
23910	0.007787	0.065598	0.011707
23911	0.007963	0.066104	0.013050
23912	0.008801	0.066315	0.011925
23913	0.008329	0.066011	0.012476
23914	0.008847	0.066377	0.012569
23915	0.009109	0.065840	0.012681
23916	0.010827	0.067749	0.012361
23917	0.009113	0.067681	0.010580
23918	0.007697	0.066738	0.011523
23919	0.007277	0.068290	0.011325
23920	0.007795	0.068657	0.011418
23921	0.009438	0.068698	0.011883
23922	0.008989	0.068409	0.012402
23923	0.010400	0.067563	0.012853
23924	0.008803	0.067586	0.013033
23925	0.009938	0.067629	0.010725
23926	0.008522	0.066686	0.011669
23927	0.010166	0.066728	0.012134
23928	0.010037	0.066286	0.011436
23929	0.009980	0.065906	0.012766
23930	0.010679	0.065307	0.013623
23931	0.009844	0.066939	0.012647
23932	0.009163	0.065763	0.013152
23933	0.010123	0.067894	0.013306
23934	0.010176	0.066485	0.013372
23935	0.010257	0.066918	0.012721
23936	0.009808	0.066631	0.013240
23937	0.009890	0.067064	0.012589
23938	0.010407	0.067432	0.012683
23939	0.009843	0.067055	0.011241
23940	0.009626	0.067657	0.011774
23941	0.006649	0.072049	0.015332
23942	0.006699	0.070645	0.015402
23943	0.007425	0.071892	0.015544
23944	0.006790	0.072575	0.015303
23945	0.006318	0.072277	0.015857
23946	0.006600	0.071762	0.015941
23947	0.005713	0.071542	0.015718
23948	0.005493	0.072148	0.016254
23949	0.006075	0.071464	0.015153
23950	0.006590	0.071838	0.015251
23951	0.006023	0.071464	0.013811
23952	0.006124	0.071916	0.013131
23953	0.006799	0.071309	0.014025
23954	0.007314	0.071684	0.014123
23955	0.007161	0.071233	0.013461
23956	0.006941	0.071839	0.013998
23957	0.008903	0.071736	0.013250
23958	0.007486	0.070797	0.014199
23959	0.007979	0.071158	0.014329
23960	0.007344	0.071842	0.014088
23961	0.007606	0.071315	0.014205
23962	0.007616	0.072811	0.014755
23963	0.006499	0.071703	0.014519
23964	0.006278	0.072311	0.015056
23965	0.007689	0.071475	0.015513
23966	0.008203	0.071851	0.015612
23967	0.007637	0.071478	0.014173
23968	0.007737	0.071932	0.013494
23969	0.007585	0.071482	0.012833
23970	0.007455	0.071047	0.012141
23971	0.007120	0.071564	0.010716
23972	0.007817	0.070975	0.011580
23973	0.006930	0.070757	0.011358
23974	0.005513	0.069819	0.012307
23975	0.006558	0.070917	0.011235
23976	0.006658	0.071371	0.010556
23977	0.006967	0.072701	0.009922
23978	0.007572	0.072036	0.008792
23979	0.006272	0.071895	0.007792
23980	0.004581	0.072967	0.009206
23981	0.005992	0.072134	0.009664
23982	0.006506	0.072513	0.009764
23983	0.005390	0.071407	0.009528
23984	0.005352	0.071050	0.010831
23985	0.005110	0.071646	0.011400
23986	0.004980	0.071213	0.010709
23987	0.004508	0.070920	0.011265
23988	0.002999	0.069905	0.010221
23989	0.005422	0.071587	0.009502
23990	0.006854	0.070770	0.009930
23991	0.005050	0.071751	0.009381
23992	0.005747	0.071165	0.010246
23993	0.006424	0.070565	0.011142
23994	0.006294	0.070132	0.010452
23995	0.005409	0.069917	0.010230
23996	0.005279	0.069484	0.009540
23997	0.004393	0.069269	0.009318
23998	0.004906	0.069649	0.009419
23999	0.005170	0.069127	0.009537
24000	0.004304	0.068925	0.009285
24001	0.004568	0.068403	0.009404
24002	0.004852	0.067895	0.009492
24003	0.005482	0.069075	0.007642
24004	0.006180	0.068490	0.008509
24005	0.005294	0.068276	0.008287
24006	0.005349	0.066878	0.008363
24007	0.004877	0.066588	0.008919
24008	0.004747	0.066156	0.008230
24009	0.005469	0.067415	0.008374
24010	0.004419	0.068179	0.007358
24011	0.004819	0.069592	0.008718
24012	0.003311	0.068577	0.007676
24013	0.004080	0.068059	0.010566
24014	0.006064	0.067982	0.009793
24015	0.006144	0.068428	0.009147
24016	0.005279	0.068227	0.008896
24017	0.005772	0.068597	0.009028
24018	0.006284	0.068980	0.009130
24019	0.006549	0.068461	0.009249
24020	0.006326	0.069074	0.009789
24021	0.004890	0.068125	0.010770
24022	0.005954	0.069244	0.009670
24023	0.005896	0.068880	0.011004
24024	0.005445	0.068603	0.011531
24025	0.005709	0.068085	0.011651
24026	0.007143	0.067274	0.012082
24027	0.007085	0.066909	0.013417
24028	0.006862	0.067523	0.013956
24029	0.006622	0.067003	0.011305
24030	0.006584	0.066651	0.012610
24031	0.006341	0.067253	0.013180
24032	0.007589	0.067408	0.012846
24033	0.006705	0.067196	0.012625
24034	0.006348	0.065876	0.011925
24035	0.006613	0.065359	0.012045
24036	0.007311	0.064779	0.012913
24037	0.008904	0.066625	0.010641
24038	0.008316	0.065538	0.013149
24039	0.008167	0.065097	0.012491
24040	0.007530	0.065787	0.012254
24041	0.007287	0.066390	0.012823
24042	0.007800	0.066776	0.012927
24043	0.008706	0.067075	0.013838
24044	0.008577	0.066646	0.013151
24045	0.009070	0.067021	0.013284
24046	0.010959	0.067993	0.013741
24047	0.010261	0.066816	0.014286
24048	0.010773	0.067203	0.014390
24049	0.010117	0.067882	0.014182
24050	0.010402	0.067379	0.014274
24051	0.009517	0.067167	0.014053
24052	0.009389	0.066740	0.013367
24053	0.009332	0.066378	0.014703
24054	0.009940	0.065722	0.013580
24055	0.009283	0.066402	0.013372
24056	0.009568	0.065899	0.013464
24057	0.009647	0.066350	0.012820
24058	0.009746	0.066814	0.012146
24059	0.008126	0.066831	0.012363
24060	0.010297	0.065798	0.012360
24061	0.009317	0.066631	0.013367
24062	0.011301	0.066564	0.012599
24063	0.008532	0.066884	0.012474
24064	0.009044	0.067273	0.012579
24065	0.008896	0.066835	0.011922
24066	0.009635	0.068115	0.012040
24067	0.009488	0.067677	0.011383
24068	0.009263	0.068294	0.011925
24069	0.009756	0.068672	0.012059
24070	0.008892	0.068474	0.011811
24071	0.008874	0.069971	0.012394
24072	0.008423	0.069698	0.012924
24073	0.008916	0.070076	0.013058
24074	0.008691	0.070694	0.013600
24075	0.009184	0.071073	0.013734
24076	0.008133	0.071841	0.012720
24077	0.009549	0.071027	0.013185
24078	0.010061	0.071418	0.013291
24079	0.009178	0.071209	0.013071
24080	0.008727	0.070936	0.013602
24081	0.008994	0.070425	0.013724
24082	0.008356	0.071119	0.013489
24083	0.007247	0.070019	0.013258
24084	0.007669	0.070332	0.011372
24085	0.007710	0.068931	0.011483
24086	0.008222	0.069323	0.011589
24087	0.007564	0.070005	0.011383
24088	0.006926	0.070699	0.011147
24089	0.007192	0.070189	0.011271
24090	0.007479	0.069691	0.011366
24091	0.006408	0.070447	0.010381
24092	0.007205	0.068831	0.010028
24093	0.008149	0.070995	0.010187
24094	0.008111	0.070650	0.011496
24095	0.006904	0.070595	0.012492
24096	0.007190	0.070097	0.012587
24097	0.006307	0.069889	0.012369
24098	0.006594	0.069392	0.012464
24099	0.006123	0.069110	0.013024
24100	0.006823	0.068539	0.013897
24101	0.006588	0.068026	0.011251
24102	0.006550	0.067682	0.012561
24103	0.006404	0.067247	0.011907
24104	0.007427	0.066524	0.011567
24105	0.007694	0.066017	0.011691
24106	0.008530	0.066259	0.010585
24107	0.009534	0.065525	0.010274
24108	0.009758	0.067928	0.010840
24109	0.010349	0.067268	0.009751
24110	0.008111	0.066481	0.009151
24111	0.007452	0.067165	0.008945
24112	0.007739	0.066670	0.009041
24113	0.007593	0.066237	0.008388
24114	0.007555	0.065894	0.009698
24115	0.007597	0.064497	0.009812
24116	0.009295	0.066449	0.009508
24117	0.007586	0.066389	0.007735
24118	0.007548	0.066047	0.009045
24119	0.006889	0.066732	0.008840
24120	0.006250	0.067428	0.008605
24121	0.005591	0.068113	0.008400
24122	0.006103	0.068510	0.008509
24123	0.005733	0.067187	0.007845
24124	0.005607	0.066766	0.007164
24125	0.005549	0.066414	0.008503
24126	0.006886	0.066665	0.010168
24127	0.006964	0.067125	0.009528
24128	0.007287	0.068487	0.008870
24129	0.007230	0.068135	0.010209
24130	0.007293	0.066750	0.010296
24131	0.007271	0.068254	0.010880
24132	0.008071	0.066644	0.010531
24133	0.008185	0.068960	0.009136
24134	0.009175	0.066386	0.009554
24135	0.009341	0.066926	0.010904
24136	0.009628	0.066433	0.011003
24137	0.009158	0.066155	0.011564
24138	0.008708	0.065887	0.012097
24139	0.008563	0.065457	0.011446
24140	0.009433	0.067560	0.009587
24141	0.000777	0.069274	0.021406
24142	0.001830	0.070415	0.020323
24143	0.001356	0.070140	0.020891
24144	0.002598	0.070317	0.020576
24145	0.003085	0.070708	0.020720
24146	0.002953	0.070291	0.020050
24147	0.003216	0.069791	0.020184
24148	0.002983	0.070418	0.020738
24149	0.004120	0.070506	0.018457
24150	0.003251	0.070314	0.018222
24151	0.003737	0.070706	0.018367
24152	0.003091	0.071407	0.018143
24153	0.003578	0.071799	0.018288
24154	0.003859	0.071311	0.018396
24155	0.005909	0.071334	0.019663
24156	0.003477	0.071512	0.018307
24157	0.003963	0.071905	0.018452
24158	0.004022	0.070526	0.018550
24159	0.004542	0.072775	0.017939
24160	0.004085	0.072512	0.018482
24161	0.004572	0.072906	0.018628
24162	0.005179	0.072266	0.017524
24163	0.004928	0.072885	0.018104
24164	0.003868	0.073658	0.017103
24165	0.005283	0.072864	0.017581
24166	0.005407	0.075198	0.016167
24167	0.004298	0.074105	0.015947
24168	0.005215	0.074438	0.016846
24169	0.005480	0.073941	0.016981
24170	0.004611	0.073750	0.016747
24171	0.004875	0.073253	0.016882
24172	0.005569	0.072695	0.017770
24173	0.004683	0.072494	0.017561
24174	0.003918	0.071260	0.016104
24175	0.005229	0.071512	0.017806
24176	0.005321	0.071990	0.017149
24177	0.005585	0.071494	0.017284
24178	0.005867	0.071008	0.017394
24179	0.005203	0.071700	0.017196
24180	0.006722	0.070999	0.019641
24181	0.006488	0.070495	0.017008
24182	0.005071	0.069565	0.017976
24183	0.006604	0.070711	0.019689
24184	0.006886	0.070226	0.019800
24185	0.006634	0.070846	0.020380
24186	0.006313	0.071397	0.018946
24187	0.006252	0.071054	0.020294
24188	0.007494	0.071238	0.019981
24189	0.006608	0.071039	0.019773
24190	0.005191	0.070109	0.020741
24191	0.005899	0.071399	0.020899
24192	0.005991	0.071879	0.020243
24193	0.006065	0.072349	0.019611
24194	0.006021	0.072017	0.020935
24195	0.006095	0.072486	0.020304
24196	0.004592	0.071477	0.019282
24197	0.004531	0.071134	0.020631
24198	0.005582	0.072285	0.019552
24199	0.006260	0.071720	0.020466
24200	0.005582	0.070567	0.021001
24201	0.006586	0.069851	0.020704
24202	0.007089	0.070260	0.020827
24203	0.006424	0.070954	0.020630
24204	0.005747	0.069802	0.021165
24205	0.007328	0.071684	0.018910
24206	0.007284	0.071353	0.020234
24207	0.005986	0.071226	0.019248
24208	0.006268	0.070744	0.019361
24209	0.006342	0.071215	0.018730
24210	0.006433	0.071698	0.018075
24211	0.005989	0.073285	0.017889
24212	0.005312	0.072133	0.018425
24213	0.006729	0.071348	0.018907
24214	0.006848	0.073687	0.017495
24215	0.007007	0.074240	0.018855
24216	0.007511	0.074651	0.018978
24217	0.007478	0.076168	0.019570
24218	0.008173	0.075616	0.020462
24219	0.008467	0.076982	0.019843
24220	0.009269	0.075386	0.019512
24221	0.010849	0.077271	0.017259
24222	0.009434	0.076342	0.018229
24223	0.010851	0.075558	0.018712
24224	0.010942	0.076042	0.018058
24225	0.011015	0.076515	0.017428
24226	0.011845	0.076777	0.016341
24227	0.010334	0.078739	0.017800
24228	0.012508	0.077744	0.017826
24229	0.012276	0.077245	0.015197
24230	0.010861	0.076316	0.016167
24231	0.012278	0.075534	0.016651
24232	0.012042	0.076169	0.017209
24233	0.011676	0.074857	0.016560
24234	0.012179	0.075271	0.016684
24235	0.011321	0.076931	0.015721
24236	0.010206	0.073994	0.016238
24237	0.010145	0.073656	0.017589
24238	0.011194	0.074813	0.016513
24239	0.012199	0.074103	0.016220
24240	0.013114	0.074448	0.017123
24241	0.013380	0.073959	0.017263
24242	0.012512	0.073773	0.017032
24243	0.012146	0.072462	0.016384
24244	0.013827	0.074442	0.016096
24245	0.012395	0.073504	0.017092
24246	0.014376	0.073477	0.016352
24247	0.014230	0.073059	0.015714
24248	0.014186	0.072733	0.017040
24249	0.014259	0.073209	0.016412
24250	0.015174	0.073555	0.017316
24251	0.014835	0.074101	0.015910
24252	0.014598	0.074739	0.016468
24253	0.015191	0.074101	0.015398
24254	0.014432	0.072871	0.013947
24255	0.014590	0.073429	0.015309
24256	0.014461	0.073022	0.014647
24257	0.013795	0.073720	0.014452
24258	0.014078	0.073244	0.014568
24259	0.014235	0.073802	0.015930
24260	0.016410	0.072815	0.015959
24261	0.015416	0.073664	0.016975
24262	0.015918	0.074082	0.017101
24263	0.015857	0.073746	0.018453
24264	0.017099	0.073944	0.018147
24265	0.016214	0.073749	0.017943
24266	0.016909	0.073203	0.018837
24267	0.016764	0.072788	0.018201
24268	0.016526	0.073427	0.018760
24269	0.017121	0.072791	0.017691
24270	0.018337	0.074114	0.020594
24271	0.017973	0.072806	0.019948
24272	0.017930	0.072481	0.021275
24273	0.018196	0.071997	0.021417
24274	0.018068	0.071592	0.020756
24275	0.018746	0.071038	0.021676
24276	0.017575	0.072861	0.021899
24277	0.018993	0.072087	0.022387
24278	0.018671	0.072646	0.020958
24279	0.018937	0.072162	0.021101
24280	0.019440	0.072582	0.021228
24281	0.018966	0.072318	0.021803
24282	0.019880	0.072669	0.022708
24283	0.018583	0.072544	0.021727
24284	0.019714	0.073789	0.022642
24285	0.019485	0.073295	0.020018
24286	0.018072	0.072367	0.020991
24287	0.018750	0.071815	0.021912
24288	0.018512	0.072455	0.022471
24289	0.018039	0.072193	0.023046
24290	0.017912	0.071789	0.022386
24291	0.017873	0.073314	0.022981
24292	0.020049	0.072333	0.023013
24293	0.019599	0.073928	0.022829
24294	0.020646	0.075094	0.021757
24295	0.020284	0.073787	0.021113
24296	0.019829	0.073534	0.021663
24297	0.019356	0.073272	0.022238
24298	0.019557	0.072719	0.020369
24299	0.019301	0.073351	0.020954
24300	0.019174	0.072949	0.020295
24301	0.017743	0.072012	0.021293
24302	0.018245	0.072435	0.021421
24303	0.018317	0.072917	0.020797
24304	0.019013	0.072377	0.021694
24305	0.018540	0.072116	0.022270
24306	0.017673	0.071933	0.022043
24307	0.016788	0.071741	0.021840
24308	0.018463	0.073734	0.021556
24309	0.016600	0.071009	0.022536
24310	0.017101	0.071433	0.022665
24311	0.017697	0.070803	0.021599
24312	0.017570	0.070402	0.020941
24313	0.017426	0.069991	0.020307
24314	0.018040	0.069371	0.019217
24315	0.018173	0.068079	0.021341
24316	0.018046	0.067678	0.020682
24317	0.018139	0.070020	0.019299
24318	0.016727	0.069093	0.020273
24319	0.017621	0.069441	0.021205
24320	0.018102	0.068008	0.022094
24321	0.017217	0.067817	0.021893
24322	0.018870	0.067955	0.022369
24323	0.018509	0.066651	0.021727
24324	0.018270	0.067295	0.022288
24325	0.016839	0.066360	0.023287
24326	0.017999	0.066486	0.020998
24327	0.018481	0.066903	0.021152
24328	0.017912	0.067697	0.022923
24329	0.017243	0.068401	0.022731
24330	0.017744	0.068827	0.022861
24331	0.017290	0.070426	0.022679
24332	0.018101	0.068845	0.022359
24333	0.018697	0.068219	0.021296
24334	0.019198	0.068646	0.021426
24335	0.019877	0.068101	0.022351
24336	0.021118	0.068310	0.022050
24337	0.020644	0.068052	0.022628
24338	0.020404	0.068697	0.023189
24339	0.020361	0.070228	0.023785
24340	0.020350	0.068785	0.021910
24341	0.001957	0.069189	0.025742
24342	0.001504	0.070798	0.025538
24343	0.002715	0.071000	0.025259
24344	0.002572	0.070602	0.024607
24345	0.003043	0.071022	0.024759
24346	0.002900	0.070624	0.024107
24347	0.003371	0.071044	0.024259
24348	0.003228	0.070647	0.023607
24349	0.002332	0.070458	0.023404
24350	0.002385	0.069098	0.023522
24351	0.001900	0.068841	0.024097
24352	0.001972	0.069339	0.023453
24353	0.001076	0.069150	0.023250
24354	0.001147	0.069648	0.022607
24355	0.001403	0.069175	0.022752
24356	0.001145	0.069823	0.023318
24357	0.000249	0.069635	0.023115
24358	0.001276	0.070811	0.022050
24359	0.000577	0.069661	0.022617
24360	0.001060	0.070092	0.022752
24361	0.000163	0.069904	0.022549
24362	0.001799	0.070051	0.023033
24363	0.002055	0.069579	0.023177
24364	-0.000392	0.069751	0.021831
24365	0.001017	0.068995	0.022323
24366	0.000133	0.068816	0.022103
24367	0.000818	0.070135	0.022264
24368	0.000461	0.068844	0.021605
24369	0.000307	0.068440	0.020972
24370	0.000262	0.069985	0.021547
24371	0.001885	0.070125	0.022048
24372	0.000377	0.069119	0.021041
24373	-0.000519	0.068932	0.020839
24374	-0.000975	0.070544	0.020635
24375	-0.001674	0.069395	0.021203
24376	-0.000861	0.069679	0.020131
24377	-0.000391	0.070104	0.020285
24378	0.000503	0.070471	0.021200
24379	0.000231	0.071113	0.021784
24380	-0.000733	0.070852	0.019578
24381	-0.000807	0.070532	0.020932
24382	-0.000207	0.069921	0.019853
24383	-0.000068	0.070497	0.021215
24384	0.000202	0.070036	0.021344
24385	-0.000283	0.069783	0.021920
24386	0.000610	0.070151	0.022836
24387	0.001278	0.069616	0.023760
24388	-0.000347	0.069654	0.023971
24389	0.000784	0.069782	0.021709
24390	0.001971	0.071129	0.024620
24391	0.000664	0.071010	0.023639
24392	-0.000219	0.070832	0.023420
24393	-0.000704	0.070580	0.023997
24394	-0.001043	0.071149	0.022578
24395	-0.002137	0.071926	0.021606
24396	0.000027	0.070968	0.021654
24397	-0.000047	0.070650	0.023009
24398	0.000010	0.069295	0.023131
24399	0.000692	0.070619	0.023294
24400	-0.000111	0.070525	0.025062
24401	-0.000265	0.070124	0.024431
24402	-0.001890	0.070163	0.024642
24403	-0.002574	0.070874	0.024449
24404	-0.000646	0.072008	0.026931
24405	-0.000058	0.071392	0.025870
24406	-0.000119	0.071083	0.027208
24407	-0.000803	0.071794	0.027015
24408	-0.000122	0.071270	0.027924
24409	0.000347	0.071700	0.028080
24410	0.000830	0.072138	0.028218
24411	0.000146	0.072849	0.028025
24412	-0.001360	0.071843	0.027021
24413	-0.000890	0.072273	0.027177
24414	0.000533	0.071535	0.027657
24415	-0.000695	0.071500	0.028664
24416	-0.001167	0.071257	0.029225
24417	-0.000698	0.071688	0.029381
24418	-0.000427	0.071231	0.029512
24419	0.000652	0.070635	0.031217
24420	-0.000006	0.073212	0.030245
24421	0.000039	0.071852	0.030385
24422	0.000402	0.073336	0.031740
24423	0.000659	0.072871	0.031889
24424	0.001261	0.072266	0.030813
24425	0.001730	0.072698	0.030969
24426	0.001258	0.072456	0.031530
24427	0.001304	0.071096	0.031672
24428	0.000645	0.073674	0.030699
24429	-0.000793	0.072744	0.031699
24430	-0.001253	0.074360	0.031497
24431	-0.000253	0.073682	0.031218
24432	-0.000924	0.074403	0.031008
24433	-0.000878	0.073044	0.031150
24434	-0.001138	0.073699	0.031719
24435	-0.000869	0.075094	0.031106
24436	0.001297	0.074145	0.031159
24437	0.000402	0.073962	0.030959
24438	0.000461	0.072611	0.031084
24439	0.001262	0.072895	0.030034
24440	0.001943	0.072376	0.030945
24441	0.002412	0.072809	0.031103
24442	0.001940	0.072569	0.031664
24443	0.001666	0.073217	0.032251
24444	0.002348	0.072698	0.033162
24445	0.002937	0.072087	0.032105
24446	0.001512	0.071165	0.033088
24447	0.001359	0.070768	0.032460
24448	0.001630	0.070315	0.032593
24449	0.001677	0.068957	0.032736
24450	0.001205	0.068717	0.033298
24451	-0.000012	0.070541	0.033543
24452	0.000791	0.068978	0.033240
24453	0.000717	0.068666	0.034598
24454	0.000377	0.069239	0.033182
24455	-0.000928	0.069122	0.032204
24456	-0.000657	0.068670	0.032338
24457	-0.000400	0.068210	0.032489
24458	-0.000539	0.067822	0.031844
24459	-0.000081	0.066401	0.032766
24460	-0.000465	0.068104	0.034550
24461	0.000546	0.069288	0.033509
24462	0.001848	0.069603	0.035207
24463	0.001285	0.069273	0.033801
24464	0.002299	0.068608	0.033507
24465	0.003178	0.068980	0.034443
24466	0.002296	0.068807	0.034228
24467	0.004118	0.068005	0.035507
24468	0.003035	0.068793	0.034521
24469	0.002838	0.069527	0.037093
24470	0.003442	0.068927	0.036021
24471	0.004653	0.069152	0.035751
24472	0.005668	0.068488	0.035457
24473	0.004773	0.068307	0.035258
24474	0.004511	0.068966	0.035829
24475	0.006255	0.068081	0.035123
24476	0.005574	0.066947	0.035679
24477	0.006165	0.066340	0.034624
24478	0.006523	0.067832	0.035980
24479	0.005952	0.065645	0.035339
24480	0.005899	0.067201	0.035917
24481	0.006367	0.067640	0.036076
24482	0.005485	0.067467	0.035861
24483	0.005542	0.067971	0.035242
24484	0.004459	0.068760	0.034256
24485	0.004385	0.068451	0.035615
24486	0.003503	0.068278	0.035400
24487	0.003970	0.068718	0.035560
24488	0.003298	0.069443	0.035352
24489	0.003556	0.068986	0.035505
24490	0.003418	0.068602	0.034862
24491	0.003343	0.068294	0.036222
24492	0.003747	0.068658	0.034380
24493	0.002727	0.069524	0.035396
24494	0.003332	0.068927	0.034325
24495	0.004752	0.070054	0.034064
24496	0.005024	0.069606	0.034201
24497	0.004872	0.069214	0.033575
24498	0.004734	0.068830	0.032933
24499	0.003714	0.069696	0.033949
24500	0.005883	0.068761	0.034009
24501	0.006475	0.068158	0.032956
24502	0.005052	0.067237	0.033941
24503	0.007416	0.067192	0.034024
24504	0.007487	0.067706	0.033389
24505	0.007335	0.067315	0.032764
24506	0.006454	0.067143	0.032550
24507	0.005684	0.065919	0.031140
24508	0.006366	0.065409	0.032055
24509	0.006834	0.065852	0.032216
24510	0.005952	0.065681	0.032002
24511	0.008114	0.066599	0.031314
24512	0.007025	0.065531	0.031093
24513	0.006748	0.066186	0.031681
24514	0.006610	0.065804	0.031040
24515	0.006334	0.066459	0.031628
24516	0.007016	0.065950	0.032544
24517	0.006652	0.062805	0.032678
24518	0.007132	0.063257	0.032822
24519	0.006981	0.062867	0.032198
24520	0.007253	0.062422	0.032336
24521	0.007512	0.061969	0.032490
24522	0.007582	0.062485	0.031856
24523	0.007638	0.062994	0.031239
24524	0.006959	0.061863	0.031797
24525	0.008372	0.061136	0.032303
24526	0.008851	0.061589	0.032448
24527	0.007213	0.061622	0.032679
24528	0.007692	0.062076	0.032823
24529	0.007541	0.061687	0.032200
24530	0.007070	0.061454	0.032766
24531	0.008149	0.060876	0.034477
24532	0.008011	0.060496	0.033837
24533	0.010380	0.062316	0.033157
24534	0.010318	0.062020	0.034501
24535	0.008269	0.062116	0.033954
24536	0.007388	0.061947	0.033742
24537	0.008057	0.061433	0.034676
24538	0.006765	0.061326	0.033685
24539	0.007975	0.061563	0.033420
24540	0.006350	0.061604	0.033635
24541	0.004926	0.070593	0.024467
24542	0.006350	0.069883	0.024952
24543	0.006607	0.069437	0.025102
24544	0.007084	0.069899	0.025243
24545	0.006931	0.069516	0.024614
24546	0.006457	0.069290	0.025175
24547	0.006177	0.069953	0.025759
24548	0.006165	0.068535	0.023903
24549	0.006088	0.068237	0.025259
24550	0.008053	0.068280	0.024545
24551	0.007900	0.067898	0.023917
24552	0.006400	0.066900	0.022916
24553	0.005838	0.066581	0.021509
24554	0.005570	0.067254	0.022077
24555	0.006775	0.065639	0.022573
24556	0.005147	0.065686	0.022783
24557	0.006691	0.067642	0.020542
24558	0.005267	0.066729	0.021524
24559	0.006884	0.066911	0.022033
24560	0.006000	0.066749	0.021816
24561	0.005513	0.066516	0.022394
24562	0.005990	0.066980	0.022536
24563	0.004145	0.067979	0.021989
24564	0.007133	0.066939	0.023607
24565	0.007725	0.066349	0.022553
24566	0.006301	0.065436	0.023536
24567	0.006764	0.065892	0.023693
24568	0.006625	0.065521	0.023050
24569	0.006472	0.065141	0.022423
24570	0.005050	0.066087	0.022640
24571	0.005178	0.066690	0.024002
24572	0.006528	0.065901	0.022507
24573	0.006321	0.066652	0.025074
24574	0.008286	0.066699	0.024363
24575	0.007928	0.065422	0.023731
24576	0.008404	0.065887	0.023873
24577	0.009071	0.065384	0.024803
24578	0.009753	0.066748	0.024951
24579	0.009600	0.066369	0.024325
24580	0.008791	0.066293	0.026093
24581	0.008565	0.065829	0.023483
24582	0.008630	0.064499	0.023614
24583	0.010042	0.065647	0.023352
24584	0.011058	0.065006	0.023062
24585	0.012060	0.064358	0.022789
24586	0.011921	0.063988	0.022147
24587	0.011974	0.064508	0.021527
24588	0.013473	0.063892	0.023999
24589	0.013935	0.064350	0.024158
24590	0.014411	0.064818	0.024301
24591	0.013924	0.064587	0.024880
24592	0.014195	0.064156	0.025017
24593	0.014992	0.064469	0.023971
24594	0.016417	0.063768	0.024461
24595	0.016675	0.063329	0.024614
24596	0.014227	0.063500	0.023268
24597	0.014558	0.065005	0.024637
24598	0.016524	0.065057	0.023928
24599	0.016372	0.064680	0.023303
24600	0.015488	0.064520	0.023088
24601	0.016082	0.063936	0.022037
24602	0.014994	0.062877	0.021817
24603	0.016610	0.063068	0.022328
24604	0.017291	0.062577	0.023245
24605	0.015575	0.062532	0.021489
24606	0.015642	0.061204	0.021621
24607	0.014949	0.061935	0.021428
24608	0.015424	0.062405	0.021572
24609	0.015681	0.061968	0.021726
24610	0.015543	0.061601	0.021086
24611	0.014514	0.062478	0.022097
24612	0.013836	0.061358	0.022656
24613	0.015248	0.060653	0.023163
24614	0.015723	0.061124	0.023307
24615	0.014213	0.060118	0.022324
24616	0.013943	0.060797	0.022894
24617	0.015149	0.061052	0.022628
24618	0.015215	0.061585	0.021994
24619	0.014727	0.061356	0.022574
24620	0.016080	0.060575	0.021083
24621	0.016541	0.061039	0.021244
24622	0.017015	0.061511	0.021388
24623	0.016866	0.059277	0.021532
24624	0.017138	0.058850	0.021671
24625	0.016986	0.058476	0.021047
24626	0.018412	0.057782	0.021540
24627	0.017921	0.059413	0.021352
24628	0.018602	0.058925	0.022270
24629	0.018657	0.057591	0.022420
24630	0.019264	0.057019	0.021355
24631	0.018979	0.057691	0.021941
24632	0.018841	0.057325	0.021302
24633	0.019638	0.057644	0.020259
24634	0.019707	0.056319	0.020393
24635	0.019625	0.057890	0.020985
24636	0.021797	0.056991	0.021052
24637	0.020361	0.056071	0.022053
24638	0.020555	0.057419	0.019442
24639	0.020683	0.056172	0.021575
24640	0.021157	0.056646	0.021720
24641	0.021209	0.057173	0.021103
24642	0.021273	0.057707	0.020470
24643	0.020915	0.058295	0.019074
24644	0.019834	0.055379	0.019624
24645	0.020573	0.054971	0.022541
24646	0.020768	0.056321	0.019931
24647	0.020892	0.056933	0.021296
24648	0.021163	0.056509	0.021436
24649	0.021219	0.055178	0.021588
24650	0.020947	0.055859	0.022158
24651	0.021002	0.054528	0.022310
24652	0.021808	0.056717	0.020484
24653	0.020911	0.056552	0.020287
24654	0.018671	0.055761	0.019716
24655	0.020084	0.055064	0.020226
24656	0.020557	0.055540	0.020372
24657	0.020069	0.055315	0.020954
24658	0.020341	0.054892	0.021095
24659	0.019847	0.056527	0.020909
24660	0.019710	0.056164	0.020272
24661	0.018813	0.056000	0.020075
24662	0.020240	0.055312	0.020570
24663	0.018799	0.056252	0.020804
24664	0.019817	0.055625	0.020521
24665	0.020619	0.054090	0.020248
24666	0.021501	0.054507	0.021173
24667	0.021955	0.056836	0.020567
24668	0.022636	0.056354	0.021487
24669	0.022693	0.055025	0.021640
24670	0.021810	0.054869	0.021428
24671	0.022814	0.054234	0.021161
24672	0.022677	0.053873	0.020524
24673	0.022526	0.053504	0.019903
24674	0.023544	0.052877	0.019621
24675	0.022439	0.053673	0.018651
24676	0.021764	0.052558	0.019213
24677	0.020867	0.052394	0.019017
24678	0.022833	0.052464	0.018315
24679	0.022546	0.053140	0.018902
24680	0.023356	0.053474	0.017846
24681	0.024361	0.052842	0.017580
24682	0.024633	0.052422	0.017723
24683	0.025500	0.052834	0.018664
24684	0.025364	0.052474	0.018028
24685	0.025284	0.052192	0.019390
24686	0.025757	0.052672	0.019537
24687	0.024997	0.051464	0.018134
24688	0.025470	0.051944	0.018282
24689	0.025319	0.051577	0.017662
24690	0.024645	0.050462	0.018225
24691	0.024357	0.051140	0.018813
24692	0.024221	0.050781	0.018177
24693	0.023186	0.051663	0.019190
24694	0.024334	0.051854	0.016932
24695	0.024183	0.051488	0.016312
24696	0.024656	0.051969	0.016460
24697	0.024914	0.051544	0.016620
24698	0.025186	0.051126	0.016763
24699	0.023334	0.052127	0.016219
24700	0.025508	0.051242	0.016293
24701	0.024473	0.052125	0.017305
24702	0.024946	0.052607	0.017454
24703	0.024795	0.052242	0.016835
24704	0.025406	0.051679	0.015776
24705	0.025455	0.052214	0.015162
24706	0.024772	0.052960	0.014956
24707	0.025976	0.053232	0.014697
24708	0.025841	0.052874	0.014063
24709	0.026298	0.053351	0.014227
24710	0.026372	0.052034	0.014367
24711	0.026421	0.052569	0.013753
24712	0.025538	0.052415	0.013543
24713	0.025796	0.051992	0.013704
24714	0.026069	0.051576	0.013848
24715	0.029176	0.051383	0.013520
24716	0.027546	0.051433	0.013734
24717	0.028143	0.050865	0.012692
24718	0.028615	0.051350	0.012841
24719	0.028873	0.050927	0.013002
24720	0.028190	0.051674	0.012797
24721	0.027910	0.050496	0.014156
24722	0.028581	0.051881	0.014309
24723	0.027614	0.051635	0.012135
24724	0.027339	0.052324	0.012708
24725	0.027936	0.051757	0.011667
24726	0.028408	0.052243	0.011817
24727	0.029004	0.051677	0.010776
24728	0.028530	0.051465	0.011345
24729	0.028579	0.052003	0.010732
24730	0.027498	0.050950	0.010518
24731	0.026192	0.050848	0.009547
24732	0.025917	0.051538	0.010120
24733	0.027868	0.051612	0.009439
24734	0.026845	0.052505	0.010436
24735	0.027851	0.051881	0.010174
24736	0.027377	0.051670	0.010744
24737	0.028043	0.051192	0.011685
24738	0.028515	0.051679	0.011835
24739	0.028014	0.053321	0.011650
24740	0.028696	0.052850	0.012575
24741	0.029294	0.052286	0.011535
24742	0.029228	0.052017	0.012884
24743	0.028670	0.051714	0.011489
24744	0.029690	0.051099	0.011212
24745	0.029201	0.050882	0.011798
24746	0.028727	0.050672	0.012368
24747	0.028787	0.049352	0.012527
24748	0.027158	0.049402	0.012742
24749	0.027077	0.049128	0.014107
24750	0.028085	0.050373	0.013060
24751	0.027188	0.050215	0.012868
24752	0.026305	0.050063	0.012659
24753	0.027650	0.049299	0.011198
24754	0.027374	0.049990	0.011772
24755	0.026687	0.048873	0.012355
24756	0.027484	0.051079	0.010533
24757	0.026587	0.050921	0.010341
24758	0.028833	0.050135	0.012401
24759	0.027527	0.050034	0.011431
24760	0.027801	0.049624	0.011578
24761	0.028398	0.049062	0.010540
24762	0.028869	0.049553	0.010691
24763	0.027830	0.050440	0.011705
24764	0.028654	0.048928	0.011426
24765	0.029504	0.051214	0.011601
24766	0.028764	0.050018	0.010188
24767	0.029431	0.049544	0.011131
24768	0.028746	0.050295	0.010927
24769	0.028596	0.049936	0.010312
24770	0.028659	0.050485	0.009685
24771	0.028863	0.048123	0.008641
24772	0.026417	0.048289	0.007299
24773	0.026336	0.048018	0.008665
24774	0.026806	0.048510	0.008817
24775	0.027262	0.048996	0.008985
24776	0.026719	0.048702	0.007576
24777	0.027189	0.047329	0.008516
24778	0.027266	0.046019	0.008661
24779	0.028681	0.045346	0.009182
24780	0.027051	0.045398	0.009397
24781	0.027083	0.047801	0.008015
24782	0.025665	0.046894	0.009006
24783	0.026120	0.047382	0.009174
24784	0.026394	0.046974	0.009323
24785	0.026244	0.046617	0.008709
24786	0.027123	0.047054	0.009640
24787	0.027223	0.049546	0.010238
24788	0.028585	0.048794	0.008764
24789	0.029183	0.048237	0.007728
24790	0.029510	0.049776	0.009085
24791	0.028220	0.047818	0.008888
24792	0.027943	0.048513	0.009463
24793	0.027453	0.048301	0.010051
24794	0.028332	0.048739	0.010983
24795	0.028250	0.048470	0.012350
24796	0.030429	0.047606	0.012433
24797	0.028571	0.048609	0.011890
24798	0.030538	0.048704	0.011198
24799	0.029853	0.047590	0.011783
24800	0.029915	0.048143	0.011158
24801	0.029621	0.048833	0.011749
24802	0.029896	0.048427	0.011899
24803	0.028999	0.048272	0.011709
24804	0.027369	0.048324	0.011925
24805	0.028784	0.047655	0.012447
24806	0.030751	0.047752	0.011756
24807	0.028502	0.046952	0.011206
24808	0.028777	0.046547	0.011357
24809	0.029036	0.046136	0.011523
24810	0.029243	0.045645	0.009694
24811	0.030037	0.045992	0.008663
24812	0.029759	0.046689	0.009238
24813	0.030358	0.046135	0.008204
24814	0.031644	0.046520	0.009915
24815	0.030144	0.045521	0.008944
24816	0.030206	0.046075	0.008319
24817	0.030464	0.045665	0.008486
24818	0.031080	0.045118	0.007436
24819	0.030785	0.045809	0.008028
24820	0.032003	0.046108	0.007760
24821	0.031106	0.045954	0.007571
24822	0.030614	0.047611	0.007371
24823	0.030465	0.047258	0.006760
24824	0.029991	0.047054	0.007334
24825	0.029696	0.047747	0.007926
24826	0.029971	0.047344	0.008078
24827	0.030424	0.047837	0.008249
24828	0.030292	0.047491	0.007621
24829	0.029394	0.047337	0.007433
24830	0.030826	0.046680	0.007941
24831	0.030141	0.045569	0.008528
24832	0.031359	0.045870	0.008261
24833	0.030656	0.046619	0.008075
24834	0.030718	0.047175	0.007451
24835	0.031171	0.047669	0.007622
24836	0.031039	0.047324	0.006995
24837	0.031492	0.047818	0.007167
24838	0.031573	0.046515	0.007316
24839	0.033182	0.046755	0.007844
24840	0.033050	0.046410	0.007218
24841	0.033503	0.046905	0.007389
24842	0.033029	0.046703	0.007963
24843	0.032734	0.047397	0.008556
24844	0.034914	0.046544	0.008644
24845	0.033481	0.045632	0.009654
24846	0.033951	0.046134	0.009809
24847	0.033996	0.046685	0.009202
24848	0.034077	0.045383	0.009352
24849	0.033373	0.046133	0.009167
24850	0.033842	0.046636	0.009322
24851	0.033908	0.045328	0.009489
24852	0.033775	0.044984	0.008864
24853	0.034228	0.045481	0.009036
24854	0.034310	0.044179	0.009186
24855	0.034568	0.043774	0.009356
24856	0.035037	0.044277	0.009512
24857	0.034888	0.043927	0.008903
24858	0.034756	0.043584	0.008278
24859	0.035229	0.042222	0.009224
24860	0.034520	0.044839	0.008249
24861	0.033087	0.043928	0.009259
24862	0.035441	0.045841	0.008577
24863	0.035078	0.046450	0.007193
24864	0.035546	0.046954	0.007349
24865	0.035998	0.047453	0.007522
24866	0.036059	0.048013	0.006900
24867	0.036318	0.047609	0.007070
24868	0.035652	0.046507	0.007643
24869	0.036490	0.048811	0.007821
24870	0.036573	0.047511	0.007973
24871	0.037024	0.048011	0.008146
24872	0.035994	0.048911	0.009145
24873	0.037003	0.048311	0.008895
24874	0.037879	0.048761	0.009831
24875	0.038694	0.047259	0.009579
24876	0.038799	0.049767	0.010161
24877	0.037901	0.049617	0.009975
24878	0.038519	0.049078	0.008929
24879	0.038370	0.048731	0.008322
24880	0.038239	0.048389	0.007698
24881	0.039247	0.047790	0.007449
24882	0.039716	0.048297	0.007606
24883	0.039010	0.049050	0.007422
24884	0.041193	0.048205	0.007514
24885	0.039760	0.047295	0.008526
24886	0.039948	0.048672	0.005928
24887	0.040464	0.049261	0.008081
24888	0.041555	0.048756	0.009794
24889	0.040250	0.048661	0.008829
24890	0.040527	0.048266	0.008984
24891	0.041001	0.046908	0.009933
24892	0.039371	0.046961	0.010151
24893	0.039287	0.046703	0.011523
24894	0.042323	0.048339	0.008445
24895	0.042774	0.048842	0.008619
24896	0.042835	0.049405	0.007998
24897	0.042152	0.048299	0.008590
24898	0.042963	0.048665	0.007548
24899	0.043478	0.049256	0.009701
24900	0.044696	0.049569	0.009438
24901	0.042984	0.049529	0.007695
24902	0.041570	0.048625	0.008690
24903	0.042961	0.049835	0.008447
24904	0.042615	0.050454	0.007047
24905	0.042316	0.051154	0.007643
24906	0.042186	0.050815	0.007020
24907	0.040665	0.051678	0.005280
24908	0.041349	0.051231	0.006215
24909	0.041951	0.050691	0.005189
24910	0.042267	0.052247	0.006549
24911	0.041394	0.050239	0.007139
24912	0.041671	0.049846	0.007296
24913	0.041714	0.050406	0.006693
24914	0.041432	0.051113	0.007271
24915	0.043039	0.051368	0.007806
24916	0.041410	0.051422	0.008024
24917	0.041860	0.051928	0.008200
24918	0.042176	0.053485	0.009560
24919	0.042244	0.052184	0.009732
24920	0.042457	0.051705	0.007911
24921	0.043124	0.051254	0.008864
24922	0.043058	0.051004	0.010220
24923	0.043101	0.051565	0.009617
24924	0.042819	0.052272	0.010197
24925	0.042736	0.052018	0.011570
24926	0.045084	0.053946	0.010893
24927	0.043246	0.053091	0.011127
24928	0.043931	0.052646	0.012063
24929	0.045131	0.052958	0.011820
24930	0.043844	0.052871	0.010840
24931	0.044663	0.051376	0.010593
24932	0.044381	0.052085	0.011172
24933	0.043483	0.051938	0.010988
24934	0.044484	0.053214	0.009951
24935	0.043396	0.052164	0.009765
24936	0.043457	0.052731	0.009146
24937	0.043156	0.053435	0.009743
24938	0.043433	0.053046	0.009901
24939	0.043476	0.053608	0.009300
24940	0.045661	0.052776	0.009397
24941	0.026890	0.053236	0.015305
24942	0.027114	0.050898	0.014270
24943	0.027334	0.052365	0.013672
24944	0.026843	0.052171	0.014258
24945	0.025590	0.052167	0.015276
24946	0.026446	0.052629	0.016223
24947	0.024379	0.052732	0.015683
24948	0.025199	0.051245	0.015428
24949	0.025201	0.053669	0.014053
24950	0.025272	0.052378	0.014219
24951	0.025329	0.051081	0.014397
24952	0.025183	0.050747	0.013784
24953	0.024462	0.051505	0.013605
24954	0.024532	0.050214	0.013771
24955	0.024934	0.048777	0.012751
24956	0.023286	0.048832	0.012978
24957	0.024003	0.048476	0.015913
24958	0.024171	0.049860	0.013326
24959	0.024453	0.051418	0.014706
24960	0.024713	0.051031	0.014874
24961	0.025304	0.050498	0.013855
24962	0.025564	0.050112	0.014022
24963	0.026218	0.049668	0.014981
24964	0.026071	0.049335	0.014369
24965	0.026885	0.051655	0.014552
24966	0.028302	0.051023	0.015079
24967	0.027581	0.051782	0.014900
24968	0.027028	0.051502	0.013510
24969	0.027275	0.051111	0.013690
24970	0.028286	0.050532	0.013439
24971	0.029690	0.049895	0.013979
24972	0.028043	0.049950	0.014206
24973	0.028634	0.049418	0.013188
24974	0.029615	0.050700	0.012160
24975	0.030269	0.050258	0.013120
24976	0.029904	0.050882	0.011731
24977	0.029933	0.051448	0.011133
24978	0.031007	0.050959	0.012859
24979	0.030691	0.051667	0.013460
24980	0.030013	0.050572	0.014047
24981	0.030011	0.053000	0.012672
24982	0.030083	0.051711	0.012840
24983	0.029768	0.052420	0.013440
24984	0.030028	0.052036	0.013609
24985	0.029306	0.052797	0.013431
24986	0.030506	0.053124	0.013181
24987	0.029814	0.052024	0.013781
24988	0.029668	0.051693	0.013170
24989	0.031981	0.053631	0.012516
24990	0.032054	0.052344	0.012684
24991	0.032082	0.052912	0.012088
24992	0.033094	0.052336	0.011838
24993	0.033529	0.052852	0.012020
24994	0.033226	0.053567	0.012609
24995	0.033286	0.052275	0.012790
24996	0.033140	0.051944	0.012181
24997	0.033043	0.051698	0.013560
24998	0.034993	0.051834	0.012893
24999	0.035428	0.052351	0.013076
25000	0.035095	0.051117	0.012466
25001	0.034935	0.050781	0.011869
25002	0.035790	0.051252	0.012818
25003	0.036382	0.050725	0.011803
25004	0.038394	0.050952	0.013113
25005	0.035981	0.051194	0.013772
25006	0.033739	0.050396	0.013220
25007	0.036082	0.050478	0.013345
25008	0.035779	0.051194	0.013934
25009	0.035462	0.051905	0.014536
25010	0.035158	0.052621	0.015125
25011	0.035186	0.053191	0.014529
25012	0.035041	0.052862	0.013921
25013	0.035101	0.051572	0.014103
25014	0.035017	0.051332	0.015471
25015	0.036954	0.051467	0.014818
25016	0.035493	0.052427	0.015047
25017	0.036333	0.052895	0.016009
25018	0.036188	0.052567	0.015401
25019	0.036621	0.053086	0.015585
25020	0.034974	0.053142	0.015813
25021	0.036379	0.052514	0.016357
25022	0.037639	0.052937	0.018086
25023	0.037825	0.052463	0.016294
25024	0.039024	0.052797	0.016047
25025	0.039617	0.052272	0.015033
25026	0.038720	0.052136	0.014843
25027	0.040531	0.051458	0.016168
25028	0.038071	0.051616	0.014838
25029	0.038504	0.052137	0.015022
25030	0.037767	0.050956	0.013635
25031	0.038952	0.051286	0.013401
25032	0.039399	0.051812	0.013573
25033	0.040238	0.052283	0.014537
25034	0.039748	0.052096	0.015126
25035	0.039809	0.050809	0.015311
25036	0.040637	0.049335	0.015064
25037	0.038754	0.050341	0.014527
25038	0.040705	0.050486	0.013863
25039	0.038856	0.049632	0.014104
25040	0.039118	0.049255	0.014276
25041	0.039550	0.049778	0.014461
25042	0.039406	0.049451	0.013854
25043	0.039086	0.050166	0.014457
25044	0.039914	0.048693	0.014211
25045	0.039003	0.048553	0.014035
25046	0.040794	0.049745	0.014568
25047	0.039291	0.048750	0.013613
25048	0.039518	0.050235	0.013006
25049	0.038792	0.051001	0.012830
25050	0.038648	0.050675	0.012223
25051	0.040238	0.050958	0.012770
25052	0.039121	0.051779	0.011802
25053	0.039553	0.052304	0.011988
25054	0.040000	0.052833	0.012160
25055	0.038558	0.051929	0.013182
25056	0.039005	0.052459	0.013354
25057	0.038846	0.052129	0.012761
25058	0.037950	0.051995	0.012573
25059	0.038012	0.050710	0.012759
25060	0.037056	0.050487	0.010595
25061	0.039362	0.052443	0.009945
25062	0.039278	0.052208	0.011315
25063	0.039524	0.051829	0.011502
25064	0.040723	0.052170	0.011257
25065	0.041376	0.051740	0.012223
25066	0.041071	0.052462	0.012814
25067	0.041479	0.051038	0.011804
25068	0.041542	0.053570	0.012394
25069	0.040631	0.053432	0.012220
25070	0.041683	0.051007	0.012756
25071	0.040772	0.050869	0.012581
25072	0.039876	0.050736	0.012393
25073	0.041059	0.051074	0.012163
25074	0.040731	0.049845	0.011557
25075	0.041200	0.048512	0.012525
25076	0.040450	0.051145	0.011556
25077	0.040232	0.050728	0.008989
25078	0.038805	0.049830	0.009998
25079	0.039177	0.050269	0.008210
25080	0.038281	0.050136	0.008022
25081	0.038489	0.051621	0.007430
25082	0.038530	0.052204	0.006824
25083	0.037802	0.052973	0.006650
25084	0.037659	0.052651	0.006045
25085	0.037722	0.051369	0.006234
25086	0.037194	0.053048	0.006046
25087	0.038193	0.052484	0.005817
25088	0.037114	0.051446	0.005630
25089	0.037727	0.052882	0.005818
25090	0.037584	0.052561	0.005213
25091	0.037078	0.052374	0.005819
25092	0.035594	0.051386	0.004853
25093	0.035493	0.051151	0.006238
25094	0.035939	0.051686	0.006412
25095	0.035375	0.051411	0.005043
25096	0.035821	0.051947	0.005217
25097	0.035498	0.052667	0.005822
25098	0.034603	0.052535	0.005635
25099	0.035215	0.053973	0.005823
25100	0.035073	0.053653	0.005219
25101	0.035666	0.053140	0.004213
25102	0.034241	0.052242	0.005222
25103	0.034835	0.051729	0.004216
25104	0.034692	0.051410	0.003612
25105	0.034186	0.051225	0.004219
25106	0.034226	0.051812	0.003614
25107	0.035101	0.050434	0.005363
25108	0.033453	0.050492	0.005593
25109	0.035753	0.052460	0.004947
25110	0.036363	0.051953	0.003927
25111	0.035269	0.050912	0.003756
25112	0.035714	0.051450	0.003931
25113	0.034985	0.052221	0.003758
25114	0.034495	0.052042	0.004350
25115	0.033766	0.052813	0.004177
25116	0.036305	0.053833	0.004298
25117	0.034582	0.053796	0.002567
25118	0.034051	0.055478	0.002379
25119	0.032552	0.054487	0.001429
25120	0.031839	0.055263	0.001242
25121	0.031332	0.055080	0.001849
25122	0.031431	0.055759	0.003220
25123	0.030924	0.055576	0.003828
25124	0.030617	0.056304	0.004420
25125	0.031211	0.055795	0.003416
25126	0.032302	0.057283	0.006345
25127	0.031208	0.056243	0.006174
25128	0.031472	0.055877	0.006351
25129	0.031553	0.056552	0.007737
25130	0.031635	0.055280	0.007916
25131	0.031658	0.055865	0.007327
25132	0.032327	0.055451	0.008283
25133	0.032110	0.055040	0.005721
25134	0.030686	0.054143	0.006732
25135	0.031643	0.055448	0.005726
25136	0.031559	0.055222	0.007099
25137	0.031400	0.054901	0.006512
25138	0.031259	0.054585	0.005910
25139	0.030404	0.054543	0.007714
25140	0.031603	0.054897	0.007474
25141	0.025719	0.051810	0.014054
25142	0.023480	0.051009	0.013512
25143	0.024491	0.052404	0.014487
25144	0.024178	0.053131	0.015085
25145	0.022677	0.052139	0.014142
25146	0.022712	0.052727	0.013545
25147	0.021753	0.054455	0.012598
25148	0.022418	0.054041	0.013562
25149	0.021503	0.053907	0.013397
25150	0.023282	0.055120	0.013942
25151	0.021781	0.054128	0.012999
25152	0.021859	0.052856	0.013185
25153	0.020777	0.053768	0.014214
25154	0.020855	0.052497	0.014400
25155	0.021279	0.053035	0.014598
25156	0.020966	0.053764	0.015196
25157	0.021029	0.052490	0.015397
25158	0.021469	0.053032	0.015580
25159	0.021307	0.052712	0.015000
25160	0.021342	0.053302	0.014404
25161	0.021586	0.052935	0.014603
25162	0.020867	0.053712	0.014422
25163	0.020357	0.053531	0.015037
25164	0.021190	0.052075	0.014808
25165	0.021975	0.054428	0.015002
25166	0.022583	0.053926	0.013992
25167	0.021139	0.053025	0.015025
25168	0.020769	0.053664	0.013650
25169	0.020787	0.054252	0.013068
25170	0.021047	0.053889	0.013253
25171	0.020661	0.054526	0.011892
25172	0.023643	0.053648	0.013585
25173	0.022728	0.053516	0.013421
25174	0.021829	0.053387	0.013243
25175	0.021668	0.053069	0.012663
25176	0.021927	0.052707	0.012849
25177	0.021766	0.052389	0.012269
25178	0.021621	0.052075	0.011676
25179	0.020717	0.053895	0.012703
25180	0.021551	0.052441	0.012475
25181	0.021446	0.052215	0.013870
25182	0.023393	0.052389	0.013223
25183	0.021499	0.053397	0.012693
25184	0.021184	0.054129	0.013293
25185	0.021024	0.053812	0.012714
25186	0.022093	0.053356	0.014459
25187	0.021942	0.054992	0.015070
25188	0.022777	0.053539	0.014843
25189	0.022672	0.053313	0.016238
25190	0.024978	0.055303	0.015588
25191	0.024468	0.055125	0.016204
25192	0.024323	0.054811	0.015611
25193	0.023993	0.055540	0.016225
25194	0.024253	0.055180	0.016412
25195	0.023866	0.055818	0.015052
25196	0.026039	0.055041	0.015188
25197	0.025048	0.052233	0.017784
25198	0.025488	0.052780	0.017969
25199	0.024347	0.053604	0.017024
25200	0.024607	0.053244	0.017211
25201	0.024625	0.053836	0.016630
25202	0.025064	0.054384	0.016815
25203	0.024733	0.055114	0.017429
25204	0.023251	0.054126	0.016475
25205	0.023146	0.053902	0.017870
25206	0.023756	0.053405	0.016863
25207	0.024933	0.053766	0.016647
25208	0.023685	0.053777	0.017665
25209	0.024108	0.054323	0.017864
25210	0.023963	0.054011	0.017272
25211	0.024605	0.051650	0.017063
25212	0.024290	0.052384	0.017663
25213	0.022847	0.051485	0.018697
25214	0.021495	0.053266	0.016957
25215	0.023303	0.052628	0.018302
25216	0.023564	0.052270	0.018490
25217	0.023986	0.052817	0.018690
25218	0.023088	0.052691	0.018513
25219	0.022173	0.052561	0.018350
25220	0.022029	0.052251	0.017759
25221	0.022979	0.053568	0.016762
25222	0.021553	0.052672	0.017782
25223	0.023079	0.052898	0.016373
25224	0.022763	0.053633	0.016974
25225	0.022603	0.053320	0.016397
25226	0.023041	0.053871	0.016583
25227	0.022831	0.055420	0.015221
25228	0.025006	0.054650	0.015360
25229	0.023919	0.055566	0.016389
25230	0.022665	0.053625	0.016218
25231	0.023437	0.054037	0.015225
25232	0.022539	0.053911	0.015048
25233	0.022029	0.053736	0.015666
25234	0.022467	0.054289	0.015852
25235	0.023061	0.053793	0.014861
25236	0.021408	0.053852	0.015100
25237	0.021475	0.052586	0.015306
25238	0.020750	0.051416	0.013939
25239	0.022508	0.052644	0.014501
25240	0.022364	0.052336	0.013911
25241	0.022204	0.052025	0.013335
25242	0.022692	0.050717	0.014307
25243	0.023464	0.051130	0.013314
25244	0.023147	0.051868	0.013914
25245	0.023742	0.051373	0.012924
25246	0.021507	0.050570	0.012386
25247	0.022333	0.051076	0.013367
25248	0.022366	0.051676	0.012774
25249	0.022610	0.051320	0.012978
25250	0.022293	0.052058	0.013579
25251	0.021028	0.052068	0.014611
25252	0.021058	0.050715	0.012831
25253	0.021479	0.051268	0.013032
25254	0.019245	0.050464	0.012494
25255	0.020421	0.050834	0.012281
25256	0.021841	0.050254	0.012837
25257	0.022667	0.050761	0.013817
25258	0.022523	0.050454	0.013228
25259	0.021785	0.051236	0.013064
25260	0.022977	0.051609	0.012837
25261	0.022062	0.051483	0.012676
25262	0.024010	0.051674	0.012035
25263	0.023446	0.051410	0.010681
25264	0.023707	0.051059	0.010871
25265	0.023951	0.050705	0.011076
25266	0.024213	0.050354	0.011267
25267	0.022543	0.050411	0.011520
25268	0.023208	0.050015	0.012490
25269	0.023804	0.049524	0.011501
25270	0.022379	0.048630	0.012523
25271	0.023326	0.049956	0.011528
25272	0.023587	0.049606	0.011719
25273	0.022673	0.049480	0.011559
25274	0.023865	0.049856	0.011333
25275	0.023652	0.051411	0.009972
25276	0.022632	0.048518	0.010587
25277	0.024844	0.047849	0.012717
25278	0.026791	0.048043	0.012078
25279	0.026456	0.048781	0.012693
25280	0.026718	0.048432	0.012885
25281	0.028244	0.048670	0.011480
25282	0.028330	0.047412	0.011675
25283	0.027995	0.048150	0.012291
25284	0.028028	0.046801	0.010513
25285	0.027921	0.046587	0.011911
25286	0.027726	0.046191	0.009351
25287	0.028374	0.045795	0.010336
25288	0.029566	0.046173	0.010111
25289	0.028071	0.047138	0.010361
25290	0.029088	0.046609	0.010139
25291	0.027943	0.047437	0.009196
25292	0.030120	0.046682	0.009341
25293	0.029554	0.048375	0.009174
25294	0.028657	0.048253	0.009000
25295	0.028726	0.046994	0.009210
25296	0.030147	0.046421	0.009768
25297	0.030796	0.046026	0.010754
25298	0.031058	0.045679	0.010946
25299	0.031828	0.046101	0.009956
25300	0.031160	0.045027	0.010565
25301	0.031755	0.044541	0.009579
25302	0.032191	0.045103	0.009768
25303	0.031451	0.045887	0.009605
25304	0.030957	0.045722	0.010211
25305	0.030042	0.045598	0.010052
25306	0.030707	0.045208	0.011024
25307	0.030371	0.045948	0.011640
25308	0.031214	0.044513	0.011423
25309	0.031106	0.044301	0.012823
25310	0.030734	0.044952	0.011453
25311	0.030749	0.045557	0.010877
25312	0.029851	0.045436	0.010703
25313	0.029866	0.046041	0.010128
25314	0.029954	0.044787	0.010324
25315	0.029616	0.045529	0.010941
25316	0.030282	0.045140	0.011914
25317	0.029545	0.043972	0.010566
25318	0.031492	0.044175	0.009930
25319	0.031154	0.044917	0.010547
25320	0.031013	0.044617	0.009960
25321	0.030276	0.043449	0.008613
25322	0.030768	0.042152	0.009590
25323	0.032524	0.041446	0.008972
25324	0.030870	0.041506	0.009212
25325	0.032274	0.040935	0.009787
25326	0.033235	0.042273	0.008780
25327	0.033652	0.042836	0.008984
25328	0.033158	0.042672	0.009591
25329	0.032826	0.041462	0.009024
25330	0.032857	0.042071	0.008434
25331	0.034088	0.040593	0.009013
25332	0.033306	0.043244	0.008048
25333	0.033095	0.042851	0.005505
25334	0.032480	0.041871	0.008088
25335	0.033653	0.042255	0.007880
25336	0.033159	0.042092	0.008487
25337	0.034160	0.041568	0.008283
25338	0.032910	0.041585	0.009302
25339	0.032347	0.041328	0.007952
25340	0.033820	0.040855	0.010485
25341	0.028115	0.053959	0.013074
25342	0.027212	0.053852	0.012904
25343	0.027625	0.054426	0.013108
25344	0.027530	0.054232	0.014497
25345	0.027366	0.053940	0.013926
25346	0.027796	0.054520	0.014119
25347	0.029196	0.053962	0.014695
25348	0.030382	0.054363	0.014476
25349	0.030450	0.053119	0.014689
25350	0.030071	0.053786	0.013323
25351	0.028576	0.052808	0.012389
25352	0.029761	0.053209	0.012170
25353	0.030174	0.053785	0.012374
25354	0.030250	0.054501	0.013760
25355	0.031247	0.053988	0.013556
25356	0.030113	0.054834	0.012603
25357	0.030526	0.055410	0.012807
25358	0.029098	0.054531	0.013834
25359	0.030439	0.055837	0.013622
25360	0.030696	0.055509	0.013820
25361	0.030937	0.055176	0.014030
25362	0.031194	0.054849	0.014228
25363	0.029287	0.055868	0.013697
25364	0.031460	0.055141	0.013851
25365	0.030360	0.056075	0.014880
25366	0.030970	0.055612	0.013886
25367	0.029819	0.056453	0.012944
25368	0.030077	0.056127	0.013142
25369	0.030721	0.055752	0.014132
25370	0.030394	0.056513	0.014738
25371	0.029303	0.055493	0.014584
25372	0.030489	0.055898	0.014366
25373	0.030377	0.055702	0.015767
25374	0.030180	0.055326	0.013215
25375	0.031400	0.055819	0.014979
25376	0.032414	0.055315	0.014766
25377	0.032655	0.054983	0.014976
25378	0.032509	0.054700	0.014395
25379	0.033335	0.053282	0.014197
25380	0.033007	0.054044	0.014803
25381	0.034932	0.054267	0.014185
25382	0.035361	0.054852	0.014379
25383	0.033867	0.053875	0.013446
25384	0.034296	0.054460	0.013640
25385	0.033377	0.054350	0.013483
25386	0.034391	0.053847	0.013270
25387	0.034399	0.054470	0.012696
25388	0.033447	0.054273	0.010556
25389	0.034200	0.056673	0.010753
25390	0.034104	0.056484	0.012143
25391	0.034516	0.057065	0.012349
25392	0.034603	0.055831	0.012554
25393	0.034611	0.056455	0.011980
25394	0.035796	0.056864	0.011763
25395	0.036329	0.058262	0.009993
25396	0.036649	0.056077	0.010982
25397	0.035206	0.055193	0.012022
25398	0.037148	0.055425	0.011393
25399	0.036399	0.056227	0.011231
25400	0.035667	0.057033	0.011058
25401	0.036898	0.055576	0.011642
25402	0.036753	0.055296	0.011063
25403	0.035197	0.056181	0.009341
25404	0.036041	0.054772	0.009135
25405	0.036452	0.055355	0.009342
25406	0.035550	0.055252	0.009173
25407	0.035388	0.054967	0.008605
25408	0.035816	0.055555	0.008801
25409	0.035066	0.056357	0.008639
25410	0.035324	0.056036	0.008840
25411	0.036258	0.057395	0.007850
25412	0.036920	0.057032	0.008831
25413	0.036991	0.055796	0.009048
25414	0.035282	0.055777	0.007320
25415	0.035693	0.056362	0.007527
25416	0.034791	0.056259	0.007360
25417	0.034862	0.055024	0.007577
25418	0.034887	0.055655	0.006993
25419	0.034604	0.054555	0.008402
25420	0.032138	0.054712	0.007086
25421	0.033540	0.054170	0.007667
25422	0.033967	0.054760	0.007863
25423	0.034950	0.056214	0.008845
25424	0.035377	0.056805	0.009040
25425	0.035618	0.056481	0.009253
25426	0.034546	0.055469	0.009091
25427	0.033965	0.057182	0.008925
25428	0.036141	0.056470	0.009084
25429	0.034360	0.053767	0.010135
25430	0.033796	0.055486	0.009957
25431	0.034037	0.055163	0.010171
25432	0.034126	0.053934	0.010377
25433	0.034133	0.054562	0.009806
25434	0.033988	0.054285	0.009227
25435	0.036146	0.053569	0.009399
25436	0.035347	0.056240	0.008435
25437	0.035082	0.053187	0.008665
25438	0.036032	0.054555	0.007665
25439	0.035347	0.053498	0.008295
25440	0.036362	0.053005	0.008086
25441	0.036014	0.053769	0.008706
25442	0.035869	0.053492	0.008128
25443	0.036868	0.052995	0.007931
25444	0.038052	0.053413	0.007716
25445	0.036140	0.054434	0.007187
25446	0.035238	0.054334	0.007020
25447	0.036572	0.055659	0.006812
25448	0.036999	0.056252	0.007009
25449	0.037240	0.055931	0.007223
25450	0.036338	0.055831	0.007057
25451	0.035418	0.055726	0.006902
25452	0.036080	0.055369	0.007884
25453	0.034973	0.056310	0.008915
25454	0.036915	0.056554	0.008290
25455	0.035996	0.056450	0.008136
25456	0.035497	0.056309	0.008749
25457	0.035738	0.055989	0.008964
25458	0.036164	0.056585	0.009161
25459	0.036760	0.056131	0.008185
25460	0.035100	0.056206	0.008429
25461	0.034703	0.056878	0.007078
25462	0.034942	0.058519	0.008460
25463	0.034258	0.057464	0.009091
25464	0.034114	0.057190	0.008515
25465	0.035113	0.056696	0.008319
25466	0.034614	0.056556	0.008933
25467	0.033459	0.057404	0.007993
25468	0.034121	0.057049	0.008976
25469	0.034529	0.057641	0.009185
25470	0.034955	0.058238	0.009382
25471	0.033868	0.057224	0.009234
25472	0.034127	0.056910	0.009438
25473	0.034535	0.057503	0.009647
25474	0.033634	0.057404	0.009481
25475	0.034799	0.057823	0.009280
25476	0.035983	0.058247	0.009068
25477	0.035064	0.058143	0.008914
25478	0.035301	0.059786	0.010296
25479	0.035376	0.058558	0.010518
25480	0.034877	0.058419	0.011132
25481	0.033602	0.058450	0.012168
25482	0.033103	0.058312	0.012782
25483	0.032586	0.058169	0.013409
25484	0.031448	0.059022	0.012457
25485	0.032044	0.058571	0.011483
25486	0.032282	0.060215	0.012865
25487	0.032522	0.059899	0.013082
25488	0.032379	0.059627	0.012506
25489	0.032029	0.060396	0.013126
25490	0.031885	0.060125	0.012551
25491	0.032126	0.059809	0.012767
25492	0.031983	0.059538	0.012192
25493	0.032201	0.061178	0.013586
25494	0.034948	0.061352	0.014525
25495	0.033459	0.060378	0.013598
25496	0.033483	0.061019	0.013016
25497	0.033321	0.060743	0.012453
25498	0.033983	0.060393	0.013438
25499	0.033655	0.059207	0.012881
25500	0.035171	0.061457	0.012657
25501	0.034251	0.061356	0.012504
25502	0.034155	0.061179	0.013899
25503	0.033804	0.061950	0.014520
25504	0.033827	0.062591	0.013939
25505	0.033665	0.062316	0.013376
25506	0.033001	0.061269	0.013998
25507	0.034000	0.060782	0.013805
25508	0.031536	0.060937	0.012490
25509	0.034596	0.062933	0.013429
25510	0.034500	0.062758	0.014824
25511	0.033936	0.062523	0.013481
25512	0.033082	0.062521	0.015286
25513	0.034081	0.062035	0.015094
25514	0.033748	0.062811	0.015703
25515	0.031833	0.063834	0.015174
25516	0.031169	0.062787	0.015796
25517	0.030249	0.062687	0.015643
25518	0.032191	0.062945	0.015023
25519	0.030750	0.062067	0.016067
25520	0.031934	0.062498	0.015857
25521	0.030848	0.061486	0.015712
25522	0.030871	0.062129	0.015131
25523	0.031845	0.063602	0.016116
25524	0.031702	0.063334	0.015542
25525	0.030973	0.062189	0.014207
25526	0.030403	0.063917	0.014030
25527	0.031402	0.063434	0.013839
25528	0.031306	0.063260	0.015235
25529	0.031547	0.062950	0.015454
25530	0.031807	0.062643	0.015660
25531	0.031718	0.060510	0.015892
25532	0.033231	0.062766	0.015669
25533	0.032311	0.062667	0.015517
25534	0.033732	0.062150	0.016095
25535	0.033050	0.061100	0.016730
25536	0.033310	0.060795	0.016937
25537	0.033551	0.060485	0.017156
25538	0.032650	0.060390	0.016992
25539	0.034052	0.059870	0.017582
25540	0.033105	0.059681	0.015448
25541	0.027558	0.058791	0.011030
25542	0.025327	0.057992	0.010500
25543	0.026724	0.057471	0.011087
25544	0.027143	0.058075	0.011285
25545	0.028303	0.058505	0.011086
25546	0.028558	0.058198	0.011290
25547	0.029316	0.058667	0.010311
25548	0.028648	0.057619	0.010932
25549	0.030046	0.057099	0.011520
25550	0.029661	0.057781	0.010157
25551	0.029094	0.057548	0.008814
25552	0.028426	0.056501	0.009435
25553	0.028663	0.056192	0.009653
25554	0.028754	0.054974	0.009865
25555	0.029155	0.055576	0.010075
25556	0.026685	0.055727	0.008757
25557	0.028084	0.055209	0.009346
25558	0.027177	0.055113	0.009180
25559	0.028337	0.055545	0.008981
25560	0.028949	0.055107	0.007997
25561	0.028993	0.055844	0.009396
25562	0.028488	0.055709	0.010011
25563	0.027803	0.054660	0.010644
25564	0.028177	0.055172	0.008874
25565	0.028250	0.053953	0.009099
25566	0.029993	0.055263	0.009661
25567	0.026985	0.054632	0.009552
25568	0.026839	0.054365	0.008977
25569	0.027076	0.054058	0.009195
25570	0.027331	0.053754	0.009401
25571	0.026972	0.054529	0.010020
25572	0.026304	0.053484	0.010642
25573	0.027703	0.052969	0.011232
25574	0.027317	0.053653	0.009870
25575	0.026632	0.052605	0.010504
25576	0.028211	0.053005	0.011074
25577	0.028610	0.053611	0.011285
25578	0.028464	0.053345	0.010711
25579	0.030264	0.052794	0.012081
25580	0.027795	0.052944	0.010764
25581	0.028194	0.053551	0.010975
25582	0.027483	0.052411	0.009628
25583	0.028122	0.052068	0.010627
25584	0.029343	0.052603	0.012386
25585	0.028820	0.052468	0.013014
25586	0.028512	0.051291	0.012448
25587	0.029910	0.050778	0.013039
25588	0.028244	0.050853	0.013282
25589	0.027840	0.051536	0.011933
25590	0.026414	0.050662	0.012964
25591	0.027572	0.051100	0.012767
25592	0.027990	0.051711	0.012966
25593	0.027825	0.051445	0.012405
25594	0.029403	0.051849	0.012976
25595	0.028881	0.051715	0.013604
25596	0.029254	0.052231	0.011835
25597	0.029133	0.052060	0.013243
25598	0.029746	0.051627	0.012262
25599	0.029743	0.052274	0.011694
25600	0.029239	0.052143	0.012309
25601	0.028716	0.052010	0.012937
25602	0.028570	0.051746	0.012364
25603	0.029370	0.052319	0.013357
25604	0.029224	0.052056	0.012784
25605	0.029102	0.051887	0.014193
25606	0.028197	0.051793	0.014028
25607	0.029756	0.052198	0.014613
25608	0.029933	0.053760	0.014024
25609	0.030528	0.053327	0.013057
25610	0.031185	0.052990	0.014044
25611	0.031662	0.051739	0.015054
25612	0.029997	0.051815	0.015297
25613	0.030717	0.054252	0.015494
25614	0.030812	0.053040	0.015710
25615	0.029887	0.052945	0.015559
25616	0.030142	0.052646	0.015767
25617	0.029898	0.054245	0.014412
25618	0.030154	0.053947	0.014620
25619	0.029347	0.054670	0.012493
25620	0.030004	0.054335	0.013481
25621	0.029758	0.051297	0.013727
25622	0.030174	0.051912	0.013927
25623	0.030009	0.051649	0.013369
25624	0.030784	0.052132	0.012381
25625	0.030421	0.052914	0.013002
25626	0.030276	0.052653	0.012430
25627	0.030030	0.054253	0.011076
25628	0.029885	0.053993	0.010504
25629	0.028959	0.053899	0.010354
25630	0.028536	0.051908	0.011767
25631	0.029130	0.051478	0.010802
25632	0.028985	0.051218	0.010230
25633	0.029221	0.050920	0.010453
25634	0.029637	0.051537	0.010653
25635	0.029873	0.051239	0.010875
25636	0.031370	0.053514	0.010651
25637	0.029926	0.052639	0.011698
25638	0.031862	0.052920	0.011083
25639	0.031097	0.053740	0.010925
25640	0.031353	0.053444	0.011133
25641	0.031188	0.053184	0.010576
25642	0.030684	0.053056	0.011193
25643	0.030679	0.053708	0.010627
25644	0.031656	0.055203	0.011599
25645	0.032251	0.054775	0.010635
25646	0.032148	0.054612	0.012032
25647	0.031624	0.054483	0.012663
25648	0.030879	0.055305	0.012491
25649	0.030312	0.055081	0.011154
25650	0.029968	0.055867	0.011762
25651	0.029643	0.054695	0.011214
25652	0.029299	0.055481	0.011822
25653	0.029894	0.055054	0.010859
25654	0.028470	0.054182	0.011891
25655	0.029225	0.054669	0.010919
25656	0.030042	0.055252	0.011901
25657	0.030118	0.054045	0.012134
25658	0.029213	0.053954	0.011970
25659	0.029409	0.055617	0.013364
25660	0.031587	0.054954	0.013540
25661	0.030662	0.054863	0.013392
25662	0.029238	0.053991	0.014424
25663	0.029834	0.053565	0.013461
25664	0.030691	0.052192	0.013273
25665	0.029365	0.052137	0.012344
25666	0.029220	0.051880	0.011774
25667	0.028654	0.051658	0.010438
25668	0.027991	0.050619	0.011064
25669	0.029706	0.051951	0.011644
25670	0.027681	0.050106	0.009938
25671	0.029396	0.051438	0.010519
25672	0.029050	0.052226	0.011127
25673	0.028484	0.052004	0.009792
25674	0.029259	0.052496	0.008806
25675	0.030656	0.052002	0.009405
25676	0.031030	0.052528	0.007638
25677	0.030104	0.052438	0.007491
25678	0.028680	0.051567	0.008524
25679	0.028673	0.052224	0.007960
25680	0.028328	0.053014	0.008569
25681	0.028563	0.052723	0.008795
25682	0.027658	0.052634	0.008632
25683	0.027493	0.052378	0.008078
25684	0.027349	0.052124	0.007508
25685	0.028746	0.051632	0.008108
25686	0.027525	0.049717	0.007964
25687	0.028320	0.050305	0.008961
25688	0.028375	0.051060	0.010350
25689	0.029371	0.050604	0.010169
25690	0.029628	0.050315	0.010380
25691	0.029261	0.051104	0.011004
25692	0.030922	0.049666	0.012379
25693	0.031316	0.050290	0.012596
25694	0.030613	0.049157	0.011255
25695	0.031407	0.049746	0.012253
25696	0.031664	0.049458	0.012464
25697	0.032057	0.050082	0.012682
25698	0.032630	0.051621	0.012875
25699	0.032865	0.051333	0.013102
25700	0.034041	0.051793	0.012897
25701	0.033115	0.051704	0.012750
25702	0.032525	0.053444	0.012569
25703	0.032202	0.052277	0.012026
25704	0.031856	0.053068	0.012634
25705	0.033253	0.052580	0.013236
25706	0.033510	0.052293	0.013447
25707	0.031824	0.052370	0.013707
25708	0.034003	0.051718	0.013887
25709	0.034396	0.052345	0.014105
25710	0.034811	0.052971	0.014307
25711	0.033484	0.052919	0.013381
25712	0.033741	0.052632	0.013593
25713	0.033733	0.053294	0.013031
25714	0.035112	0.052712	0.011650
25715	0.035348	0.052425	0.011878
25716	0.034403	0.052243	0.009749
25717	0.036601	0.051688	0.011912
25718	0.037015	0.052316	0.012115
25719	0.035932	0.051315	0.011978
25720	0.035946	0.051978	0.011401
25721	0.035420	0.051857	0.012035
25722	0.035073	0.052650	0.012644
25723	0.035826	0.053149	0.011677
25724	0.036484	0.052829	0.012670
25725	0.035557	0.052743	0.012524
25726	0.036977	0.052259	0.013111
25727	0.037369	0.052888	0.013330
25728	0.037626	0.052603	0.013543
25729	0.037461	0.052353	0.012991
25730	0.037162	0.051188	0.012433
25731	0.038003	0.049825	0.012265
25732	0.037967	0.052448	0.012855
25733	0.036524	0.051578	0.013906
25734	0.037454	0.052992	0.012913
25735	0.037690	0.052708	0.013142
25736	0.038709	0.052260	0.012949
25737	0.038905	0.051881	0.011212
25738	0.039162	0.051597	0.011425
25739	0.038792	0.052392	0.012051
25740	0.040251	0.052007	0.014605
25741	0.027622	0.054722	0.012510
25742	0.027224	0.055424	0.011154
25743	0.026445	0.056256	0.010997
25744	0.025530	0.056174	0.010837
25745	0.026520	0.055730	0.010660
25746	0.027323	0.056332	0.011645
25747	0.027796	0.055104	0.012664
25748	0.026947	0.057799	0.011693
25749	0.027537	0.057389	0.010735
25750	0.026105	0.056523	0.011772
25751	0.026489	0.057158	0.011990
25752	0.026491	0.057828	0.011414
25753	0.025557	0.057745	0.011268
25754	0.025960	0.058382	0.011473
25755	0.026188	0.058103	0.011701
25756	0.026241	0.056814	0.009960
25757	0.026108	0.056666	0.011375
25758	0.026304	0.058347	0.012756
25759	0.027049	0.058853	0.011788
25760	0.027297	0.058576	0.012004
25761	0.027280	0.059246	0.011442
25762	0.027682	0.059883	0.011647
25763	0.027110	0.059672	0.010314
25764	0.027758	0.059362	0.011311
25765	0.025999	0.056667	0.012381
25766	0.027124	0.057045	0.010215
25767	0.026191	0.056964	0.010068
25768	0.026799	0.056558	0.009098
25769	0.027028	0.056281	0.009327
25770	0.026514	0.056168	0.009948
25771	0.025889	0.057916	0.009781
25772	0.025220	0.056888	0.010413
25773	0.025088	0.056741	0.011828
25774	0.027013	0.057055	0.011223
25775	0.026442	0.056845	0.009891
25776	0.027051	0.056440	0.008921
25777	0.027279	0.056164	0.009150
25778	0.027527	0.055889	0.009367
25779	0.027201	0.054732	0.008826
25780	0.025524	0.054815	0.009072
25781	0.027431	0.055130	0.008480
25782	0.027525	0.053940	0.008707
25783	0.027507	0.054613	0.008145
25784	0.026838	0.053586	0.008778
25785	0.026667	0.053344	0.008227
25786	0.026114	0.053135	0.006882
25787	0.026496	0.053776	0.007101
25788	0.027144	0.053470	0.008099
25789	0.025202	0.054500	0.007567
25790	0.025603	0.055141	0.007773
25791	0.025278	0.053985	0.007233
25792	0.025679	0.054627	0.007439
25793	0.025907	0.054353	0.007669
25794	0.026155	0.054080	0.007886
25795	0.027699	0.054528	0.008481
25796	0.025222	0.054676	0.007166
25797	0.027413	0.054144	0.009334
25798	0.026498	0.054066	0.009175
25799	0.027642	0.054546	0.008990
25800	0.028043	0.055189	0.009196
25801	0.028425	0.055832	0.009416
25802	0.028673	0.055560	0.009633
25803	0.028902	0.055287	0.009864
25804	0.028540	0.056092	0.010475
25805	0.028406	0.055949	0.011891
25806	0.030332	0.056270	0.011288
25807	0.028998	0.056224	0.010362
25808	0.029246	0.055952	0.010580
25809	0.028159	0.054959	0.010446
25810	0.029169	0.054527	0.010259
25811	0.028998	0.054287	0.009709
25812	0.030161	0.054770	0.009511
25813	0.029227	0.054692	0.009366
25814	0.027798	0.053829	0.010404
25815	0.028941	0.054312	0.010219
25816	0.028274	0.053287	0.010853
25817	0.028503	0.053016	0.011084
25818	0.028351	0.052778	0.010521
25819	0.028579	0.052508	0.010752
25820	0.028217	0.053314	0.011364
25821	0.027798	0.054023	0.010022
25822	0.026884	0.053946	0.009864
25823	0.027875	0.053516	0.009691
25824	0.029589	0.054885	0.010263
25825	0.029418	0.054647	0.009714
25826	0.030029	0.054249	0.008747
25827	0.029495	0.054140	0.009383
25828	0.030658	0.054626	0.009186
25829	0.029210	0.053763	0.010237
25830	0.031135	0.054089	0.009635
25831	0.029650	0.053128	0.008721
25832	0.031212	0.053583	0.009305
25833	0.031441	0.053315	0.009536
25834	0.032452	0.052887	0.009350
25835	0.033232	0.053502	0.010351
25836	0.033595	0.054052	0.008593
25837	0.032947	0.053126	0.011205
25838	0.033346	0.053773	0.011413
25839	0.032776	0.053568	0.010083
25840	0.033938	0.054057	0.009886
25841	0.034930	0.053629	0.009713
25842	0.035027	0.052446	0.009944
25843	0.034342	0.051423	0.010591
25844	0.033464	0.051444	0.012399
25845	0.034855	0.050985	0.013007
25846	0.034758	0.053528	0.011630
25847	0.034224	0.053420	0.012266
25848	0.034872	0.053123	0.013266
25849	0.033788	0.052131	0.013132
25850	0.033636	0.051896	0.012571
25851	0.034229	0.051501	0.011618
25852	0.034167	0.054141	0.012207
25853	0.032418	0.051447	0.013281
25854	0.033331	0.052884	0.012293
25855	0.034474	0.053374	0.012109
25856	0.035237	0.053896	0.011132
25857	0.033904	0.053852	0.010207
25858	0.032990	0.053777	0.010050
25859	0.031808	0.054649	0.009113
25860	0.033468	0.053247	0.010502
25861	0.032534	0.053172	0.010358
25862	0.034246	0.054549	0.010931
25863	0.035238	0.054125	0.010760
25864	0.035087	0.053892	0.010199
25865	0.034953	0.053755	0.011616
25866	0.035352	0.054407	0.011824
25867	0.037356	0.052878	0.012042
25868	0.035679	0.052962	0.012289
25869	0.034746	0.052888	0.012145
25870	0.034859	0.054389	0.009595
25871	0.035338	0.053179	0.010621
25872	0.035337	0.053862	0.010048
25873	0.035167	0.053629	0.009501
25874	0.035265	0.052450	0.009733
25875	0.035344	0.051271	0.009978
25876	0.036806	0.053597	0.009759
25877	0.037399	0.053206	0.008807
25878	0.035971	0.052344	0.009847
25879	0.037363	0.051893	0.010457
25880	0.037362	0.052577	0.009885
25881	0.036678	0.051556	0.010534
25882	0.037326	0.051264	0.011535
25883	0.038782	0.048853	0.010986
25884	0.037105	0.048937	0.011232
25885	0.038496	0.048487	0.011843
25886	0.038894	0.049141	0.012052
25887	0.039737	0.047805	0.011894
25888	0.039985	0.047543	0.012115
25889	0.040214	0.047282	0.012349
25890	0.040976	0.047809	0.011373
25891	0.039977	0.049696	0.012390
25892	0.042152	0.049088	0.012584
25893	0.041218	0.049015	0.012441
25894	0.041102	0.048882	0.013846
25895	0.040782	0.047735	0.013312
25896	0.041544	0.048263	0.012336
25897	0.040211	0.048220	0.011412
25898	0.040460	0.047960	0.011633
25899	0.040074	0.048773	0.012259
25900	0.039923	0.048543	0.011699
25901	0.039788	0.048411	0.013117
25902	0.040103	0.046191	0.012179
25903	0.040332	0.045931	0.012413
25904	0.040330	0.046618	0.011841
25905	0.040160	0.046388	0.011295
25906	0.040408	0.046128	0.011516
25907	0.039873	0.046027	0.012154
25908	0.040521	0.045737	0.013156
25909	0.039371	0.046709	0.014185
25910	0.039687	0.044490	0.013247
25911	0.039847	0.046191	0.014641
25912	0.039082	0.047036	0.014473
25913	0.039310	0.046778	0.014708
25914	0.038796	0.046676	0.015333
25915	0.039024	0.046418	0.015568
25916	0.039387	0.046978	0.013812
25917	0.039251	0.046848	0.015231
25918	0.039648	0.047506	0.015440
25919	0.040492	0.046175	0.015285
25920	0.040490	0.046863	0.014714
25921	0.040320	0.046636	0.014168
25922	0.040421	0.045462	0.014402
25923	0.041447	0.045145	0.016200
25924	0.041514	0.043874	0.014469
25925	0.040580	0.043803	0.014327
25926	0.040464	0.043673	0.015733
25927	0.040544	0.042500	0.015981
25928	0.040941	0.043160	0.016191
25929	0.041682	0.043693	0.015230
25930	0.041931	0.043436	0.015452
25931	0.042558	0.043151	0.016468
25932	0.040880	0.043236	0.016715
25933	0.042272	0.042795	0.017329
25934	0.040560	0.042783	0.015612
25935	0.039773	0.043629	0.015457
25936	0.040022	0.043373	0.015679
25937	0.039088	0.043303	0.015537
25938	0.038573	0.043204	0.016162
25939	0.037786	0.044051	0.016007
25940	0.037636	0.043825	0.015449
25941	0.028716	0.049373	0.015557
25942	0.027281	0.048519	0.016600
25943	0.027034	0.050258	0.017210
25944	0.028186	0.050770	0.017019
25945	0.028409	0.050520	0.017254
25946	0.028251	0.050300	0.016697
25947	0.027311	0.050235	0.016553
25948	0.029479	0.049646	0.016754
25949	0.028539	0.049581	0.016610
25950	0.030237	0.050982	0.017187
25951	0.029548	0.049972	0.017837
25952	0.029391	0.049753	0.017281
25953	0.029614	0.049503	0.017516
25954	0.030984	0.048974	0.016155
25955	0.030191	0.049826	0.015998
25956	0.029521	0.048817	0.016638
25957	0.030109	0.048442	0.015690
25958	0.030497	0.049111	0.015902
25959	0.028792	0.049202	0.016160
25960	0.029033	0.048956	0.016386
25961	0.028638	0.049780	0.017010
25962	0.029278	0.049505	0.018016
25963	0.028483	0.050357	0.017859
25964	0.028326	0.050140	0.017303
25965	0.026874	0.049285	0.018357
25966	0.027481	0.048913	0.017399
25967	0.028614	0.049427	0.017218
25968	0.028456	0.049210	0.016663
25969	0.028060	0.050035	0.017287
25970	0.027537	0.049944	0.017915
25971	0.027507	0.050643	0.017356
25972	0.028879	0.050116	0.015996
25973	0.027135	0.047428	0.017076
25974	0.026725	0.048157	0.015726
25975	0.026328	0.048982	0.016351
25976	0.025805	0.048892	0.016978
25977	0.026938	0.049409	0.016798
25978	0.027545	0.049038	0.015841
25979	0.027262	0.050683	0.014488
25980	0.026593	0.049676	0.015129
25981	0.026961	0.050348	0.015351
25982	0.027569	0.049978	0.014394
25983	0.027172	0.050804	0.015019
25984	0.027413	0.050561	0.015245
25985	0.026871	0.050470	0.015883
25986	0.026860	0.051172	0.015314
25987	0.025553	0.051236	0.016354
25988	0.026925	0.050712	0.014996
25989	0.027002	0.049551	0.015246
25990	0.025284	0.049546	0.013531
25991	0.027213	0.050010	0.014914
25992	0.026658	0.049823	0.013578
25993	0.026627	0.050524	0.013020
25994	0.026615	0.051227	0.012451
25995	0.027855	0.049885	0.013081
25996	0.026169	0.049978	0.013330
25997	0.026029	0.052542	0.011963
25998	0.024597	0.051691	0.013007
25999	0.025982	0.051267	0.013623
26000	0.025604	0.052097	0.014238
26001	0.026591	0.051700	0.014073
26002	0.027742	0.052223	0.013884
26003	0.027965	0.051981	0.014121
26004	0.028609	0.054394	0.012342
26005	0.027668	0.054332	0.012199
26006	0.026236	0.053481	0.013244
26007	0.027367	0.054004	0.013065
26008	0.026446	0.053944	0.012913
26009	0.027180	0.054494	0.011953
26010	0.026657	0.054407	0.012582
26011	0.025462	0.055292	0.011645
26012	0.027632	0.054718	0.011850
26013	0.026691	0.054658	0.011708
26014	0.025259	0.053807	0.012752
26015	0.025626	0.054484	0.012976
26016	0.026012	0.055162	0.013189
26017	0.025692	0.054031	0.012660
26018	0.024373	0.054000	0.011726
26019	0.023464	0.054039	0.013548
26020	0.024104	0.053773	0.014557
26021	0.022367	0.053767	0.012853
26022	0.022530	0.055490	0.014234
26023	0.021191	0.055457	0.013311
26024	0.021433	0.055219	0.013539
26025	0.022565	0.055745	0.013362
26026	0.022042	0.055660	0.013991
26027	0.022264	0.055421	0.014229
26028	0.022109	0.055210	0.013676
26029	0.022475	0.055890	0.013899
26030	0.020247	0.055093	0.013382
26031	0.021920	0.056511	0.013971
26032	0.021397	0.056427	0.014600
26033	0.021620	0.056189	0.014839
26034	0.021464	0.055979	0.014286
26035	0.020779	0.054975	0.014940
26036	0.019603	0.055862	0.013992
26037	0.019458	0.055750	0.015413
26038	0.019048	0.056485	0.014064
26039	0.019128	0.055330	0.014318
26040	0.019370	0.055094	0.014546
26041	0.019194	0.054884	0.014004
26042	0.020202	0.054496	0.013831
26043	0.020823	0.054233	0.014851
26044	0.019136	0.054328	0.015101
26045	0.019216	0.053174	0.015354
26046	0.018520	0.052073	0.014035
26047	0.018742	0.051837	0.014274
26048	0.018984	0.051602	0.014502
26049	0.019206	0.051367	0.014742
26050	0.019591	0.052050	0.014955
26051	0.018252	0.052019	0.014033
26052	0.020423	0.051455	0.014241
26053	0.018972	0.050605	0.015297
26054	0.018561	0.051341	0.013949
26055	0.018018	0.051257	0.014589
26056	0.018260	0.051023	0.014818
26057	0.017177	0.050048	0.014692
26058	0.017021	0.049841	0.014140
26059	0.015682	0.049810	0.013217
26060	0.015527	0.049603	0.012665
26061	0.015381	0.049494	0.014087
26062	0.015707	0.047300	0.013164
26063	0.015673	0.048010	0.012607
26064	0.015915	0.047777	0.012837
26065	0.015881	0.048488	0.012280
26066	0.015868	0.049200	0.011713
26067	0.014926	0.049144	0.011573
26068	0.014545	0.049981	0.012188
26069	0.016157	0.048528	0.011642
26070	0.013930	0.047731	0.011125
26071	0.015457	0.048240	0.011730
26072	0.016863	0.047832	0.012341
26073	0.015524	0.047802	0.011419
26074	0.014461	0.046829	0.011283
26075	0.016215	0.046296	0.010722
26076	0.014528	0.046392	0.010971
26077	0.014381	0.046285	0.012394
26078	0.015275	0.047766	0.011411
26079	0.014474	0.048629	0.011256
26080	0.014319	0.048424	0.010704
26081	0.013519	0.049287	0.010549
26082	0.013761	0.049057	0.010779
26083	0.012961	0.049921	0.010623
26084	0.013091	0.048872	0.012832
26085	0.014477	0.048465	0.013453
26086	0.015370	0.049947	0.012471
26087	0.014825	0.049867	0.013112
26088	0.015975	0.050406	0.012926
26089	0.016056	0.049257	0.013183
26090	0.015901	0.049053	0.012631
26091	0.015100	0.049917	0.012476
26092	0.017272	0.049363	0.012687
26093	0.015536	0.049359	0.010985
26094	0.014901	0.048461	0.013594
26095	0.016286	0.048057	0.014216
26096	0.017294	0.047678	0.014046
26097	0.017516	0.047449	0.014287
26098	0.018384	0.046152	0.014133
26099	0.016958	0.048085	0.014362
26100	0.017031	0.046839	0.012645
26101	0.018412	0.049117	0.010477
26102	0.018005	0.047176	0.011920
26103	0.018736	0.047742	0.010964
26104	0.019745	0.047365	0.010795
26105	0.019709	0.048081	0.010239
26106	0.020092	0.048772	0.010454
26107	0.018525	0.049787	0.010699
26108	0.019394	0.048492	0.010546
26109	0.021288	0.048884	0.009972
26110	0.019858	0.048037	0.011018
26111	0.019823	0.048754	0.010463
26112	0.019042	0.049620	0.010297
26113	0.019633	0.049269	0.009358
26114	0.020642	0.048894	0.009189
26115	0.020098	0.048816	0.009830
26116	0.019149	0.048664	0.007717
26117	0.021322	0.050897	0.007112
26118	0.019893	0.050050	0.008159
26119	0.022045	0.049501	0.008383
26120	0.022288	0.049276	0.008614
26121	0.023276	0.048901	0.008456
26122	0.023916	0.048651	0.009469
26123	0.023024	0.051480	0.010464
26124	0.021288	0.048696	0.009579
26125	0.023461	0.050930	0.008975
26126	0.023565	0.049786	0.009222
26127	0.025348	0.049363	0.010627
26128	0.025333	0.050082	0.010061
26129	0.024392	0.050030	0.009922
26130	0.026426	0.048565	0.010152
26131	0.026648	0.048341	0.010394
26132	0.025469	0.049233	0.009446
26133	0.024527	0.049181	0.009307
26134	0.026212	0.050623	0.009889
26135	0.024735	0.049677	0.008985
26136	0.024350	0.050520	0.009600
26137	0.025200	0.049229	0.009459
26138	0.025443	0.049006	0.009691
26139	0.025664	0.048782	0.009934
