// General information: 
//  MT Manager version: 2021.4.0 
//  XDA version: 2021.4.0 build 6323 rev 112641 built on 2021-09-28
// Device information: 
//  DeviceId: 00B43859
//  ProductCode: MTW2-3A7G6
//  Firmware Version: 4.3.4
//  Hardware Version: 1.1.0
// Device settings: 
//  Filter Profile: human(46.1)
//  Option Flags: Orientation Smoother Disabled, Position/Velocity Smoother Disabled, Continuous Zero Rotation Update Disabled, AHS Disabled, ICC Disabled
// Coordinate system: ENU
PacketCounter	SampleTimeFine	Roll	Pitch	Yaw
00554		15.835146	-5.284535	-174.402477
00555		14.554025	-5.070765	-173.258161
00556		12.983131	-5.049134	-172.223248
00557		11.629097	-4.631037	-171.363987
00558		10.528172	-3.772655	-170.724216
00559		9.390733	-2.986000	-170.359223
00560		8.110409	-2.605487	-170.028121
00561		6.922515	-2.387785	-169.378351
00562		6.017599	-1.911392	-168.577852
00563		5.311610	-1.461403	-168.162109
00564		4.790111	-1.196977	-168.169727
00565		4.586151	-0.790129	-168.412931
00566		4.471527	-0.307650	-168.899862
00567		4.091988	-0.123974	-169.602296
00568		3.492734	-0.032898	-170.227731
00569		2.892571	0.168118	-170.560225
00570		2.339310	0.519444	-170.621365
00571		1.826773	0.928648	-170.491827
00572		1.366946	1.324540	-170.280178
00573		0.968394	1.655549	-170.049098
00574		0.647676	1.961295	-169.769964
00575		0.329216	2.129446	-169.471451
00576		0.003508	2.277723	-169.261655
00577		-0.305191	2.409567	-169.138788
00578		-0.607994	2.518416	-169.021182
00579		-0.895011	2.612467	-168.853771
00580		-1.172045	2.743873	-168.677008
00581		-1.424160	2.884566	-168.506400
00582		-1.665946	3.031599	-168.294496
00583		-1.897390	3.189283	-168.078909
00584		-2.139614	3.331703	-167.871043
00585		-2.385960	3.460753	-167.700127
00586		-2.660554	3.588872	-167.618433
00587		-2.976297	3.703787	-167.642471
00588		-3.324892	3.836138	-167.767180
00589		-3.706404	3.950706	-167.964324
00590		-4.123755	4.057903	-168.194495
00591		-4.556644	4.199946	-168.439048
00592		-4.992925	4.370085	-168.662688
00593		-5.424788	4.564506	-168.818633
00594		-5.890880	4.747953	-168.945982
00595		-6.363971	4.934176	-169.055621
00596		-6.842387	5.121604	-169.168607
00597		-7.323950	5.307309	-169.322057
00598		-7.818572	5.485636	-169.525675
00599		-8.302881	5.659999	-169.780709
00600		-8.822041	5.807879	-170.099645
00601		-9.374658	5.944728	-170.470320
00602		-9.977562	6.069222	-170.853166
00603		-10.614683	6.210384	-171.220351
00604		-11.320141	6.375352	-171.537364
00605		-12.089745	6.581215	-171.754031
00606		-12.927765	6.851355	-171.887013
00607		-13.816886	7.183410	-171.921171
00608		-14.776372	7.561189	-171.871728
00609		-15.784845	7.984586	-171.734898
00610		-16.820940	8.471899	-171.572821
00611		-17.897605	8.997081	-171.382776
00612		-19.035583	9.550058	-171.270079
00613		-20.233206	10.094970	-171.162279
00614		-21.443406	10.731073	-171.054185
00615		-22.738046	11.425719	-171.034391
00616		-24.095929	12.187379	-171.118829
00617		-25.544547	12.943211	-171.373566
00618		-27.066977	13.634124	-171.863266
00619		-28.666353	14.226209	-172.595014
00620		-30.354988	14.686365	-173.677885
00621		-32.066360	15.069097	-174.975167
00622		-33.701063	15.442535	-176.291582
00623		-35.302265	15.854632	-177.617970
00624		-36.917107	16.191105	-178.983040
00625		-38.577924	16.364481	179.524897
00626		-40.259666	16.270342	178.004945
00627		-41.928014	15.843251	176.518918
00628		-43.511645	15.183479	175.136605
00629		-45.073673	14.455001	173.947715
00630		-46.470488	13.990564	173.109318
00631		-47.612399	13.789028	172.445393
00632		-48.383802	13.615837	171.788304
00633		-48.818616	13.228256	171.188734
00634		-48.937143	12.631228	170.662234
00635		-48.749536	12.069141	170.216844
00636		-48.241077	11.674643	169.998685
00637		-47.482548	11.531670	170.178570
00638		-46.483877	11.659513	170.745640
00639		-45.253410	12.002185	171.586435
00640		-43.765638	12.471741	172.593206
00641		-42.046448	12.937967	173.687642
00642		-40.111746	13.247231	174.834578
00643		-38.012287	13.364340	175.957276
00644		-35.819777	13.254490	177.050791
00645		-33.605928	12.853573	178.099385
00646		-31.318328	12.255384	179.040349
00647		-28.935414	11.517697	179.824465
00648		-26.433863	10.645206	-179.528875
00649		-23.829269	9.642868	-178.981090
00650		-21.094209	8.529601	-178.572135
00651		-18.250238	7.305838	-178.254478
00652		-15.350306	5.968781	-177.951402
00653		-12.446647	4.589446	-177.820352
00654		-9.605629	3.180722	-177.979108
00655		-6.818762	1.811630	-178.432920
00656		-3.973787	0.507652	-179.192755
00657		-1.003380	-0.776784	179.835750
00658		2.154881	-1.954402	178.866324
00659		5.451095	-2.956577	178.195649
00660		8.660004	-3.881905	178.148057
00661		11.515525	-4.893351	178.633946
00662		14.027604	-6.008133	179.140015
00663		16.323912	-7.143920	179.245229
00664		18.506991	-8.229716	178.803317
00665		20.584175	-9.173623	178.190132
00666		22.166751	-9.975793	178.053354
00667		23.188284	-10.074867	178.108104
00668		23.652071	-9.484731	177.658817
00669		23.463365	-8.638298	176.677342
00670		22.631079	-7.758088	175.686698
00671		21.399918	-6.809442	175.157586
00672		19.980866	-5.802353	175.429878
00673		18.736544	-4.881471	176.572036
00674		18.090203	-4.295531	178.162484
00675		17.932113	-3.928038	179.449227
00676		17.511767	-3.918324	-179.352674
00677		16.341963	-4.430698	-177.718564
00678		14.674411	-4.939562	-175.492161
00679		12.910598	-5.207543	-172.903003
00680		11.380394	-4.896858	-170.407548
00681		10.119081	-4.173073	-168.258243
00682		8.898626	-3.612278	-166.485255
00683		7.794740	-3.021040	-165.071577
00684		6.888835	-2.344075	-164.171227
00685		6.056351	-1.888773	-163.889930
00686		5.407859	-1.458237	-163.999232
00687		5.125384	-0.817111	-164.689452
00688		4.888346	-0.254453	-165.805343
00689		4.376073	0.002138	-166.940760
00690		3.531392	0.092628	-167.760830
00691		2.802010	0.274473	-167.948767
00692		2.265256	0.563311	-167.466127
00693		1.909252	1.021645	-166.531429
00694		1.638024	1.569841	-165.456998
00695		1.435254	2.084915	-164.574571
00696		1.259853	2.519242	-164.073284
00697		1.020349	2.769044	-164.027990
00698		0.692272	2.910876	-164.337381
00699		0.337092	3.021907	-164.861603
00700		-0.048986	3.087888	-165.452681
00701		-0.432296	3.155860	-166.015210
00702		-0.792984	3.193660	-166.477804
00703		-1.101367	3.240935	-166.741149
00704		-1.376192	3.348609	-166.787448
00705		-1.619163	3.513463	-166.685637
00706		-1.862582	3.693841	-166.536274
00707		-2.094538	3.901576	-166.464137
00708		-2.384152	4.069319	-166.528515
00709		-2.713731	4.202711	-166.698571
00710		-3.097593	4.333823	-166.947028
00711		-3.510448	4.479326	-167.226077
00712		-3.952534	4.666799	-167.474684
00713		-4.400772	4.846253	-167.655356
00714		-4.844049	5.039800	-167.763816
00715		-5.282979	5.246597	-167.802619
00716		-5.727515	5.464556	-167.817976
00717		-6.172385	5.678899	-167.826440
00718		-6.615380	5.897247	-167.871979
00719		-7.068704	6.088687	-168.018349
00720		-7.552644	6.274654	-168.288640
00721		-8.069659	6.436472	-168.648505
00722		-8.655381	6.589638	-169.092248
00723		-9.289549	6.740604	-169.562027
00724		-9.975354	6.929737	-170.002363
00725		-10.716377	7.136346	-170.375348
00726		-11.520331	7.393523	-170.680837
00727		-12.377908	7.697349	-170.900438
00728		-13.289605	8.059852	-171.053103
00729		-14.259802	8.463654	-171.155973
00730		-15.292625	8.905081	-171.210560
00731		-16.364796	9.390887	-171.196841
00732		-17.474056	9.944140	-171.143223
00733		-18.613643	10.552525	-171.086726
00734		-19.788997	11.228933	-171.048111
00735		-21.010174	11.926770	-171.091422
00736		-22.277056	12.654723	-171.142384
00737		-23.593126	13.440465	-171.279438
00738		-25.017334	14.206788	-171.600489
00739		-26.530262	14.885948	-172.077061
00740		-28.105170	15.474939	-172.701659
00741		-29.791387	16.024785	-173.716347
00742		-31.547715	16.489638	-175.032249
00743		-33.270231	16.933217	-176.463914
00744		-34.971521	17.351789	-177.962803
00745		-36.733185	17.756980	-179.448018
00746		-38.629891	18.007492	179.122356
00747		-40.605824	18.024820	177.697955
00748		-42.583714	17.636561	176.139885
00749		-44.484533	17.067836	174.743634
00750		-46.234735	16.579496	173.883754
00751		-47.766617	16.273365	173.397722
00752		-48.950009	16.095427	172.923044
00753		-49.718519	15.847673	172.403016
00754		-50.090578	15.432326	171.957633
00755		-50.135294	14.950486	171.568897
00756		-49.805116	14.573870	171.278259
00757		-49.191171	14.311475	171.166584
00758		-48.359005	14.094886	171.270237
00759		-47.321485	13.928740	171.546395
00760		-46.064547	13.793721	171.982390
00761		-44.603566	13.684837	172.517573
00762		-42.931550	13.569773	173.088980
00763		-41.114847	13.363246	173.691475
00764		-39.203784	12.960025	174.296559
00765		-37.189412	12.421653	174.834600
00766		-35.044036	11.764334	175.239177
00767		-32.769999	11.032077	175.584565
00768		-30.355883	10.226673	175.954569
00769		-27.816045	9.325648	176.397284
00770		-25.129297	8.341761	176.867808
00771		-22.336064	7.321024	177.378249
00772		-19.458250	6.293252	177.848368
00773		-16.521779	5.218181	178.138900
00774		-13.559407	4.032307	178.257285
00775		-10.635683	2.735524	178.288480
00776		-7.745862	1.407238	178.194576
00777		-4.765794	0.152451	177.921285
00778		-1.613224	-1.035317	177.577392
00779		1.636353	-2.153597	177.325048
00780		4.827982	-3.218947	177.269103
00781		7.880629	-4.280318	177.492287
00782		10.720372	-5.543127	178.040939
00783		13.359665	-6.771659	178.653410
00784		15.823744	-7.860100	178.910251
00785		18.165221	-8.983346	178.631241
00786		20.312936	-10.250146	178.109190
00787		22.017433	-11.263171	177.778006
00788		23.296482	-11.364862	177.111616
00789		24.045879	-10.705271	175.852761
00790		24.142072	-9.729243	174.199545
00791		23.580961	-8.709327	172.560870
00792		22.594516	-7.651974	171.380060
00793		21.477652	-6.607050	171.001418
00794		20.335441	-5.762316	171.460844
00795		19.126785	-5.236799	172.618406
00796		17.916626	-4.889190	174.502409
00797		17.031315	-4.752355	176.942391
00798		16.799980	-4.607563	179.516105
00799		16.806953	-4.639664	-178.250722
00800		16.477803	-4.918730	-176.522439
00801		15.692863	-5.161093	-175.215859
00802		14.563063	-5.568444	-173.881842
00803		13.383123	-5.660424	-172.586235
00804		12.196246	-5.010634	-171.513685
00805		11.013085	-3.817233	-171.291324
00806		10.001179	-2.571804	-172.024941
00807		8.839169	-1.910556	-173.405972
00808		7.720052	-1.404718	-174.756998
00809		6.841352	-0.945810	-175.647330
00810		6.159992	-0.589413	-176.110744
00811		5.708777	-0.139524	-176.475366
00812		5.321055	0.237851	-176.922868
00813		4.946204	0.477904	-177.222362
00814		4.569704	0.774051	-177.235976
00815		4.125581	1.066168	-176.980126
00816		3.653046	1.266125	-176.566364
00817		3.244347	1.413754	-176.250635
00818		2.892417	1.603996	-175.854230
00819		2.540874	1.715124	-175.418317
00820		2.162134	1.785510	-175.180808
00821		1.756662	1.823532	-175.017593
00822		1.416313	1.976141	-174.837995
00823		1.122716	2.155335	-174.598393
00824		0.831109	2.264626	-174.301236
00825		0.536001	2.334734	-173.927618
00826		0.221668	2.378265	-173.466887
00827		-0.049206	2.463331	-172.951381
00828		-0.306653	2.608638	-172.536831
00829		-0.567665	2.772735	-172.329302
00830		-0.871155	2.927047	-172.340291
00831		-1.213695	3.057651	-172.615126
00832		-1.610868	3.142995	-173.051869
00833		-2.045822	3.192106	-173.648345
00834		-2.539450	3.242368	-174.393105
00835		-3.037935	3.349977	-175.245388
00836		-3.505816	3.553845	-176.027611
00837		-3.972496	3.673327	-176.640597
00838		-4.420731	3.780682	-176.916871
00839		-4.861099	3.850042	-177.019064
00840		-5.282503	3.936492	-176.876667
00841		-5.659269	4.105429	-176.531594
00842		-6.036960	4.324377	-176.116753
00843		-6.418204	4.561939	-175.664662
00844		-6.834154	4.781020	-175.264823
00845		-7.273256	4.996330	-174.983628
00846		-7.751709	5.190931	-174.845631
00847		-8.240040	5.385449	-174.823117
00848		-8.788489	5.574353	-174.884816
00849		-9.389591	5.760371	-175.020625
00850		-10.068086	5.932245	-175.204613
00851		-10.780685	6.094048	-175.387035
00852		-11.529033	6.287103	-175.570744
00853		-12.299331	6.519677	-175.726474
00854		-13.124044	6.766053	-175.838639
00855		-14.010642	6.997394	-175.833492
00856		-14.927225	7.265940	-175.762452
00857		-15.884019	7.580951	-175.637957
00858		-16.874648	7.951644	-175.482380
00859		-17.898770	8.367036	-175.302897
00860		-19.006273	8.822817	-175.127998
00861		-20.162983	9.323684	-174.976375
00862		-21.390910	9.854494	-174.811513
00863		-22.670831	10.475202	-174.678824
00864		-24.024583	11.149262	-174.641092
00865		-25.456416	11.812654	-174.730348
00866		-26.955520	12.426066	-175.002091
00867		-28.549602	12.943078	-175.506401
00868		-30.236587	13.323215	-176.281795
00869		-31.955390	13.615383	-177.293161
00870		-33.589634	14.005893	-178.309378
00871		-35.152444	14.582490	-179.216562
00872		-36.666636	15.217181	179.996865
00873		-38.156018	15.813459	179.248594
00874		-39.605447	16.294265	178.425270
00875		-41.005734	16.596274	177.534283
00876		-42.357433	16.589229	176.594765
00877		-43.640724	16.348269	175.857588
00878		-44.797869	16.144078	175.537943
00879		-45.892361	16.144339	175.329325
00880		-46.778711	16.373634	175.089499
00881		-47.320436	16.633350	174.830298
00882		-47.538524	16.539428	174.538212
00883		-47.532793	16.037777	174.175524
00884		-47.310464	15.303744	173.827358
00885		-46.783948	14.596425	173.610611
00886		-45.910896	14.051146	173.710271
00887		-44.741555	13.712219	174.181072
00888		-43.245551	13.615559	174.910494
00889		-41.470494	13.674828	175.765521
00890		-39.459987	13.719485	176.666081
00891		-37.288580	13.645781	177.584245
00892		-35.023273	13.336534	178.445951
00893		-32.738175	12.791401	179.147226
00894		-30.407614	12.071336	179.692021
00895		-28.024773	11.226594	-179.891771
00896		-25.576012	10.240913	-179.563303
00897		-23.037393	9.165011	-179.320390
00898		-20.388531	8.012110	-179.164542
00899		-17.619575	6.814051	-179.118403
00900		-14.760227	5.555079	-179.132224
00901		-11.852864	4.286574	-179.227309
00902		-8.902166	3.065782	-179.497565
00903		-5.999149	1.798009	-179.863232
00904		-3.122027	0.511257	179.716548
00905		-0.108616	-0.585516	179.187198
00906		3.100244	-1.497044	178.636745
00907		6.387443	-2.365437	178.271096
00908		9.501018	-3.359832	178.372803
00909		12.267156	-4.460511	178.842901
00910		14.752166	-5.536580	179.181656
00911		17.026794	-6.648555	179.057575
00912		19.198331	-7.718485	178.515581
00913		21.303617	-8.599670	177.936134
00914		22.992507	-9.349655	177.815801
00915		24.151889	-9.535160	177.903696
00916		24.751319	-9.146358	177.543306
00917		24.751996	-8.485173	176.628415
00918		24.156505	-7.737674	175.655826
00919		23.123678	-6.915047	175.157024
00920		21.854162	-6.013603	175.265039
00921		20.506537	-5.103048	175.847024
00922		19.272077	-4.330543	177.043894
00923		18.527558	-3.812915	178.655673
00924		18.321621	-3.642798	-179.640196
00925		18.129188	-3.739191	-178.149244
00926		17.559884	-3.850379	-176.761639
00927		16.460974	-4.031862	-175.387425
00928		15.026294	-4.380669	-173.880513
00929		13.623437	-4.376578	-172.420957
00930		12.368856	-3.829006	-171.273628
00931		11.190640	-2.998920	-170.583365
00932		9.955246	-2.326494	-170.370712
00933		8.775053	-1.837438	-170.363767
00934		7.787401	-1.200844	-170.192910
00935		6.950051	-0.671885	-170.165509
00936		6.296008	-0.447405	-170.150676
00937		6.009679	-0.012574	-170.280750
00938		5.813587	0.440526	-170.564937
00939		5.449220	0.638594	-170.728306
00940		4.838368	0.749568	-170.543016
00941		4.243873	0.957205	-170.007284
00942		3.681693	1.198655	-169.237925
00943		3.170910	1.461740	-168.390141
00944		2.690965	1.786468	-167.574251
00945		2.221832	2.092460	-166.934230
00946		1.753389	2.354842	-166.577812
00947		1.327832	2.622074	-166.505720
00948		0.888022	2.795946	-166.720689
00949		0.469448	2.933345	-167.115445
00950		0.060771	3.089396	-167.594320
00951		-0.326059	3.187428	-168.080808
00952		-0.695007	3.270687	-168.504352
00953		-1.021598	3.357239	-168.778820
00954		-1.296403	3.490931	-168.878757
00955		-1.521725	3.644280	-168.857714
00956		-1.741675	3.806930	-168.808704
00957		-1.956898	3.958013	-168.805059
00958		-2.187818	4.100411	-168.852206
00959		-2.439289	4.196320	-168.992963
00960		-2.713071	4.311591	-169.242364
00961		-3.020063	4.434434	-169.565390
00962		-3.380173	4.514451	-169.878940
00963		-3.748460	4.585875	-170.150728
00964		-4.142973	4.655365	-170.357996
00965		-4.541111	4.741246	-170.511834
00966		-4.957196	4.855678	-170.600269
00967		-5.377741	4.986686	-170.630776
00968		-5.807532	5.154793	-170.633258
00969		-6.240812	5.339314	-170.647772
00970		-6.704653	5.527801	-170.714419
00971		-7.219851	5.688386	-170.829458
00972		-7.775771	5.850320	-171.016010
00973		-8.371153	6.019725	-171.249101
00974		-9.022815	6.201584	-171.517417
00975		-9.726706	6.421569	-171.816093
00976		-10.499124	6.645513	-172.102252
00977		-11.347552	6.890710	-172.364000
00978		-12.271597	7.141550	-172.573749
00979		-13.248845	7.446247	-172.736497
00980		-14.275479	7.791735	-172.826317
00981		-15.341843	8.181707	-172.840257
00982		-16.444704	8.629358	-172.791440
00983		-17.574863	9.134745	-172.639598
00984		-18.750412	9.709344	-172.510098
00985		-19.979241	10.313509	-172.344029
00986		-21.240412	11.034402	-172.143856
00987		-22.603491	11.825987	-171.996898
00988		-24.100495	12.616840	-171.960932
00989		-25.701708	13.335148	-172.164458
00990		-27.370113	13.973455	-172.654559
00991		-29.090396	14.500405	-173.373414
00992		-30.857843	14.834280	-174.309646
00993		-32.645838	15.066051	-175.405752
00994		-34.374497	15.274059	-176.519750
00995		-36.039889	15.636332	-177.597819
00996		-37.642851	16.163375	-178.592211
00997		-39.260309	16.635413	-179.491413
00998		-40.877756	16.917503	179.538839
00999		-42.479621	16.998975	178.447344
01000		-43.934894	17.017828	177.686610
01001		-45.303481	17.120445	177.307939
01002		-46.501178	17.378766	177.233767
01003		-47.388414	17.733342	177.161116
01004		-47.880048	17.839013	176.918187
01005		-48.103307	17.467968	176.493828
01006		-48.109625	16.752384	175.931979
01007		-47.862945	15.976370	175.401664
01008		-47.302681	15.300823	175.098114
01009		-46.428075	14.832921	175.096081
01010		-45.264953	14.532043	175.392503
01011		-43.865339	14.324490	175.894361
01012		-42.261280	14.117486	176.544399
01013		-40.479141	13.903205	177.243742
01014		-38.555118	13.621432	177.869264
01015		-36.573612	13.158118	178.428729
01016		-34.534128	12.464778	178.905927
01017		-32.388879	11.655549	179.320424
01018		-30.094711	10.760575	179.689924
01019		-27.618812	9.849008	-179.945047
01020		-24.948122	8.908917	-179.508213
01021		-22.112835	7.941135	-178.981480
01022		-19.123605	6.956322	-178.480555
01023		-16.046315	5.923947	-178.074065
01024		-12.939158	4.806987	-177.819415
01025		-9.873688	3.586990	-177.785710
01026		-6.845683	2.265988	-177.958335
01027		-3.763611	0.953729	-178.328529
01028		-0.590790	-0.348707	-178.785958
01029		2.679324	-1.660243	-179.206370
01030		5.996373	-2.953793	-179.423281
01031		9.115880	-4.194722	-179.315237
01032		11.874506	-5.415793	-179.013618
01033		14.332405	-6.669875	-178.742694
01034		16.619494	-7.982613	-178.700949
01035		18.791279	-9.187231	-178.837426
01036		20.825334	-10.212646	-178.871194
01037		22.311570	-11.197014	-178.549923
01038		23.202727	-11.516527	-178.292229
01039		23.573859	-11.130631	-178.726355
01040		23.384705	-10.431427	-179.752748
01041		22.632382	-9.661984	179.215284
01042		21.522030	-8.793363	178.637707
01043		20.255715	-7.872530	178.634095
01044		18.934172	-6.957791	179.237918
01045		17.861628	-6.207530	-179.444074
01046		17.516624	-5.662409	-178.095026
01047		17.673009	-5.332331	-177.290291
01048		17.437415	-5.297415	-176.655810
01049		16.412965	-5.518853	-175.481830
01050		14.941225	-5.754756	-173.841585
01051		13.479383	-5.726013	-172.249984
01052		12.287895	-5.196913	-171.104668
01053		11.262750	-4.451374	-170.444630
01054		10.161395	-3.840996	-170.175934
01055		9.061421	-3.378544	-170.021891
01056		8.137835	-2.840133	-169.684943
01057		7.350407	-2.281375	-169.495638
01058		6.707197	-1.931229	-169.664321
01059		6.307813	-1.619974	-169.970425
01060		6.090690	-1.099818	-170.424699
01061		5.712160	-0.740661	-171.132475
01062		5.099669	-0.579772	-171.753801
01063		4.498015	-0.364678	-171.886894
01064		3.995442	-0.061720	-171.684383
01065		3.516706	0.122961	-171.197340
01066		3.083494	0.344826	-170.421750
01067		2.698258	0.599711	-169.542567
01068		2.331018	0.837165	-168.747982
01069		1.973238	1.055771	-168.148554
01070		1.590277	1.213932	-167.788026
01071		1.197951	1.357938	-167.645594
01072		0.807936	1.558142	-167.767114
01073		0.380396	1.703000	-168.189627
01074		-0.061759	1.887838	-168.921108
01075		-0.491340	2.090791	-169.683845
01076		-0.937580	2.311243	-170.340757
01077		-1.333251	2.529041	-170.888840
01078		-1.718720	2.685795	-171.138551
01079		-2.067951	2.818051	-171.189318
01080		-2.410232	2.940278	-171.168462
01081		-2.760374	3.062962	-171.095252
01082		-3.131745	3.168441	-171.129401
01083		-3.526453	3.290619	-171.268392
01084		-3.967704	3.422919	-171.522613
01085		-4.444862	3.546458	-171.861557
01086		-4.949945	3.644294	-172.261873
01087		-5.463603	3.729961	-172.734436
01088		-5.978550	3.894149	-173.198576
01089		-6.515774	4.020466	-173.514063
01090		-7.054891	4.143717	-173.721256
01091		-7.563403	4.265859	-173.735027
01092		-8.061062	4.400045	-173.698679
01093		-8.553377	4.564675	-173.618673
01094		-9.079400	4.741821	-173.571212
01095		-9.637011	4.921427	-173.591770
01096		-10.258166	5.068780	-173.695431
01097		-10.945379	5.213629	-173.870619
01098		-11.715141	5.364059	-174.067309
01099		-12.543107	5.553519	-174.234673
01100		-13.426628	5.780922	-174.322761
01101		-14.355744	6.068608	-174.297795
01102		-15.331657	6.423664	-174.152141
01103		-16.335643	6.859576	-173.877727
01104		-17.382585	7.346938	-173.546658
01105		-18.444320	7.899475	-173.184909
01106		-19.580061	8.474383	-172.880134
01107		-20.744865	9.085648	-172.611173
01108		-21.951731	9.759467	-172.412533
01109		-23.259378	10.448982	-172.307151
01110		-24.663449	11.198420	-172.397593
01111		-26.193955	11.880531	-172.662801
01112		-27.790974	12.499889	-173.139967
01113		-29.459998	13.009040	-173.791054
01114		-31.170908	13.438881	-174.683080
01115		-32.856473	13.872851	-175.713652
01116		-34.428095	14.447953	-176.754147
01117		-35.962002	15.154764	-177.770264
01118		-37.503981	15.878200	-178.782967
01119		-39.138030	16.366664	-179.882429
01120		-40.752756	16.577183	178.884828
01121		-42.326057	16.411264	177.544238
01122		-43.799609	16.049054	176.483824
01123		-45.262951	15.598346	175.589789
01124		-46.605719	15.207791	174.925110
01125		-47.685766	14.925283	174.318546
01126		-48.411306	14.551907	173.617883
01127		-48.827848	13.975407	172.871910
01128		-48.929861	13.297399	172.178556
01129		-48.681481	12.744850	171.693469
01130		-48.083839	12.415263	171.564392
01131		-47.199380	12.368820	171.819663
01132		-46.047177	12.576625	172.394179
01133		-44.676364	12.936833	173.181131
01134		-43.057684	13.359188	174.063819
01135		-41.221347	13.734227	174.994086
01136		-39.214863	13.923604	175.959027
01137		-37.082651	13.947531	176.868208
01138		-34.881590	13.762732	177.707170
01139		-32.655959	13.325127	178.444800
01140		-30.333734	12.719757	179.045402
01141		-27.901972	11.951407	179.522028
01142		-25.323858	11.050079	-179.987054
01143		-22.636535	10.065974	-179.461253
01144		-19.877287	9.012210	-179.021030
01145		-17.091667	7.883253	-178.716709
01146		-14.261632	6.641696	-178.562998
01147		-11.413827	5.242164	-178.504868
01148		-8.628676	3.687906	-178.385655
01149		-5.912514	2.207488	-178.279846
01150		-3.127234	0.940373	-178.424051
01151		-0.219148	-0.246465	-178.858973
01152		2.798092	-1.468112	-179.334509
01153		5.863003	-2.680522	-179.574438
01154		8.872832	-3.858389	-179.391709
01155		11.666891	-5.089388	-178.884829
01156		14.230629	-6.345067	-178.416882
01157		16.645046	-7.460433	-178.303322
01158		19.002779	-8.431024	-178.673804
01159		21.209647	-9.377597	-179.287783
01160		22.925998	-10.037741	-179.782491
01161		24.132295	-9.859689	179.462288
01162		24.762305	-9.093645	178.198008
01163		24.710607	-8.112502	176.724527
01164		23.987431	-7.233531	175.506292
01165		22.884913	-6.411489	174.984776
01166		21.654853	-5.618957	175.244997
01167		20.382044	-4.979796	176.162184
01168		19.137764	-4.539476	177.702002
01169		18.261192	-4.171415	179.593866
01170		17.937670	-3.868229	-178.568180
01171		17.789178	-3.528932	-177.392549
01172		17.215536	-3.416885	-176.362912
01173		15.939426	-3.758162	-175.119979
01174		14.327531	-4.115665	-173.321931
01175		12.739988	-4.089168	-171.355929
01176		11.293606	-3.687468	-169.525262
01177		10.000360	-3.029762	-167.882299
01178		8.757464	-2.380708	-166.567505
01179		7.593117	-1.827142	-165.597432
01180		6.595585	-1.205271	-165.033202
01181		5.724477	-0.715441	-164.839758
01182		5.100663	-0.376519	-165.020178
01183		4.823092	0.152141	-165.625849
01184		4.621545	0.574316	-166.411110
01185		4.153797	0.807852	-167.132303
01186		3.375335	0.935147	-167.631560
01187		2.663890	1.171055	-167.677774
01188		2.083605	1.528716	-167.290730
01189		1.634326	2.010169	-166.621134
01190		1.277618	2.461088	-165.936042
01191		1.005474	2.814388	-165.428446
01192		0.741738	3.078187	-165.221857
01193		0.424488	3.238620	-165.410051
01194		0.075205	3.428843	-165.930040
01195		-0.286024	3.658790	-166.726594
01196		-0.729250	3.804882	-167.748511
01197		-1.179930	3.826723	-168.699638
01198		-1.591990	3.811271	-169.455550
01199		-1.904769	3.843199	-170.092073
01200		-2.160056	3.905714	-170.432700
01201		-2.362491	3.980522	-170.620708
01202		-2.536274	4.092189	-170.717708
01203		-2.698340	4.181082	-170.779507
01204		-2.860194	4.276389	-170.831457
01205		-3.025412	4.339432	-170.928274
01206		-3.213104	4.391375	-171.118027
01207		-3.396097	4.479050	-171.407042
01208		-3.617927	4.565089	-171.826132
01209		-3.872733	4.630696	-172.283643
01210		-4.221699	4.590371	-172.708731
01211		-4.565775	4.573309	-173.106102
01212		-4.910294	4.599279	-173.326164
01213		-5.239937	4.645560	-173.421348
01214		-5.573750	4.738236	-173.377055
01215		-5.912698	4.874867	-173.245451
01216		-6.289475	5.040467	-173.094383
01217		-6.699064	5.206277	-173.011307
01218		-7.143957	5.383374	-173.010066
01219		-7.642492	5.541566	-173.103240
01220		-8.208911	5.688911	-173.246824
01221		-8.824152	5.838963	-173.424906
01222		-9.490192	6.007250	-173.615264
01223		-10.194358	6.213838	-173.765924
01224		-10.964010	6.437497	-173.877904
01225		-11.779822	6.709477	-173.947923
01226		-12.656328	7.025999	-173.957500
01227		-13.580665	7.381479	-173.909020
01228		-14.553141	7.778853	-173.805331
01229		-15.556194	8.221658	-173.658406
01230		-16.585289	8.716429	-173.484636
01231		-17.651163	9.264060	-173.308484
01232		-18.770023	9.833247	-173.218411
01233		-19.923918	10.399122	-173.113890
01234		-21.141402	11.008881	-173.079799
01235		-22.457521	11.668149	-173.178971
01236		-23.866245	12.307807	-173.424037
01237		-25.349682	12.906547	-173.797904
01238		-26.927884	13.458577	-174.363915
01239		-28.593855	13.924549	-175.101241
01240		-30.317672	14.279363	-176.077439
01241		-32.026068	14.575719	-177.206695
01242		-33.664407	14.908086	-178.310431
01243		-35.269291	15.349529	-179.385122
01244		-36.847442	15.906173	179.540821
01245		-38.474406	16.390874	178.484330
01246		-40.103778	16.704847	177.370755
01247		-41.758162	16.735355	176.052617
01248		-43.328981	16.509428	174.853202
01249		-44.794370	16.232557	174.150257
01250		-46.113801	16.055529	173.811430
01251		-47.184425	16.106730	173.570753
01252		-47.870316	16.102767	173.181618
01253		-48.262441	15.722831	172.627106
01254		-48.432192	14.954709	171.932566
01255		-48.379024	14.060879	171.160751
01256		-48.015376	13.269546	170.530276
01257		-47.359768	12.675229	170.256480
01258		-46.445711	12.276520	170.353526
01259		-45.286728	12.093490	170.700857
01260		-43.883405	12.041603	171.217322
01261		-42.257772	12.035318	171.837318
01262		-40.432744	11.982404	172.523193
01263		-38.446150	11.892896	173.251012
01264		-36.333366	11.718507	173.998698
01265		-34.133807	11.405412	174.749851
01266		-31.818748	10.955668	175.540735
01267		-29.373221	10.416940	176.355517
01268		-26.770861	9.801739	177.124284
01269		-24.039530	9.100959	177.861069
01270		-21.200376	8.277955	178.607796
01271		-18.282951	7.352905	179.272001
01272		-15.317498	6.317760	179.738136
01273		-12.389442	5.179107	179.959696
01274		-9.532849	3.902869	179.886177
01275		-6.772919	2.483788	179.607946
01276		-3.992263	1.086402	179.144086
01277		-1.117587	-0.208725	178.525799
01278		1.865704	-1.392525	177.852614
01279		4.930168	-2.439348	177.247165
01280		7.971266	-3.414904	176.927892
01281		10.810557	-4.431659	177.062318
01282		13.348005	-5.564636	177.471387
01283		15.658029	-6.730004	177.772175
01284		17.834795	-7.840575	177.804451
01285		19.869947	-8.861732	177.724757
01286		21.625434	-9.776155	177.810507
01287		22.834591	-10.350071	178.062645
01288		23.561342	-10.216918	177.932310
01289		23.758187	-9.635459	177.176919
01290		23.393111	-8.864723	176.123466
01291		22.550439	-8.078605	175.288328
01292		21.441030	-7.269130	174.983008
01293		20.227570	-6.415571	175.198937
01294		19.017933	-5.608535	176.083911
01295		18.132271	-4.984685	177.470780
01296		17.827963	-4.547635	178.844235
01297		17.698769	-4.253928	179.701457
01298		17.085139	-4.537153	-179.085048
01299		15.819913	-5.039495	-177.282885
01300		14.306172	-5.320822	-174.901849
01301		12.835231	-5.341143	-172.590982
01302		11.519695	-5.055068	-170.696203
01303		10.303864	-4.472519	-169.270711
01304		9.087135	-3.813070	-168.259837
01305		8.025255	-3.092379	-167.625773
01306		7.078851	-2.541811	-167.380296
01307		6.274831	-2.156072	-167.419125
01308		5.711862	-1.814865	-167.592032
01309		5.421794	-1.355593	-168.108633
01310		5.158730	-0.854925	-168.960775
01311		4.580363	-0.596823	-169.917074
01312		3.742129	-0.451615	-170.490850
01313		3.000627	-0.175973	-170.497786
01314		2.400012	0.126365	-170.016390
01315		1.953047	0.423457	-169.199404
01316		1.611942	0.772689	-168.278306
01317		1.321905	1.148470	-167.491975
01318		1.045196	1.496405	-167.007914
01319		0.746058	1.731480	-166.873654
01320		0.398284	1.868304	-167.019029
01321		0.045435	1.989371	-167.332892
01322		-0.323244	2.110144	-167.731937
01323		-0.702347	2.200373	-168.130587
01324		-1.070054	2.245754	-168.460807
01325		-1.383749	2.287558	-168.652454
01326		-1.665936	2.375553	-168.743309
01327		-1.924487	2.476100	-168.788423
01328		-2.182256	2.594246	-168.814310
01329		-2.436419	2.722308	-168.865766
01330		-2.714993	2.821598	-168.984787
01331		-3.006336	2.882911	-169.157891
01332		-3.328061	2.956228	-169.368692
01333		-3.666274	3.041825	-169.621891
01334		-4.032421	3.140767	-169.865688
01335		-4.403989	3.268181	-170.097167
01336		-4.803121	3.398944	-170.301220
01337		-5.206786	3.533790	-170.455915
01338		-5.635110	3.664428	-170.541444
01339		-6.065767	3.812425	-170.596774
01340		-6.506850	3.976433	-170.635737
01341		-6.947162	4.174855	-170.683819
01342		-7.421612	4.358520	-170.807619
01343		-7.918060	4.540520	-170.982709
01344		-8.463991	4.721016	-171.221775
01345		-9.069576	4.884334	-171.483010
01346		-9.764847	5.064671	-171.753620
01347		-10.523353	5.302463	-172.018582
01348		-11.355703	5.587785	-172.266928
01349		-12.273026	5.875856	-172.492025
01350		-13.275941	6.187600	-172.673996
01351		-14.340087	6.517010	-172.814573
01352		-15.461162	6.872692	-172.925371
01353		-16.619350	7.294681	-172.969125
01354		-17.819079	7.774321	-172.989757
01355		-19.099348	8.265659	-172.996816
01356		-20.409976	8.791893	-172.986749
01357		-21.782135	9.358688	-172.978099
01358		-23.226855	9.999393	-173.043904
01359		-24.744451	10.713975	-173.267028
01360		-26.324864	11.430948	-173.649318
01361		-27.975126	12.092859	-174.274356
01362		-29.749627	12.541254	-175.245537
01363		-31.598691	12.794399	-176.557609
01364		-33.372505	12.973470	-177.978407
01365		-35.052046	13.214041	-179.336034
01366		-36.637372	13.647880	179.456067
01367		-38.210056	14.220257	178.387195
01368		-39.783318	14.710812	177.316508
01369		-41.384535	14.884411	176.187940
01370		-42.970597	14.752484	175.100653
01371		-44.548540	14.487123	174.189965
01372		-46.004165	14.270051	173.717575
01373		-47.234880	13.983369	173.280529
01374		-48.135595	13.426562	172.657023
01375		-48.693616	12.651094	171.929057
01376		-48.888766	11.800621	171.169180
01377		-48.706700	11.061975	170.493582
01378		-48.155021	10.530188	170.111852
01379		-47.304899	10.264234	170.114455
01380		-46.197011	10.245512	170.462859
01381		-44.885576	10.397132	171.076150
01382		-43.356336	10.690477	171.855240
01383		-41.624973	11.055840	172.769699
01384		-39.695916	11.358460	173.796539
01385		-37.598560	11.570182	174.847467
01386		-35.386638	11.570392	175.913148
01387		-33.095142	11.315556	176.971812
01388		-30.686649	10.880889	178.069211
01389		-28.161427	10.359532	179.181977
01390		-25.508873	9.754552	-179.860387
01391		-22.754298	8.994726	-179.107707
01392		-19.917411	8.004801	-178.471583
01393		-17.012521	6.855911	-177.964720
01394		-14.112280	5.570204	-177.645136
01395		-11.359084	4.183367	-177.617514
01396		-8.757242	2.779156	-178.068499
01397		-6.194776	1.392264	-179.028497
01398		-3.543392	-0.000942	179.648140
01399		-0.724851	-1.320336	178.161273
01400		2.284924	-2.439771	176.828481
01401		5.377212	-3.299766	175.982922
01402		8.352206	-4.058985	175.770919
01403		11.083984	-4.990540	176.062578
01404		13.640240	-6.117018	176.525799
01405		16.046727	-7.278932	176.889584
01406		18.292916	-8.386235	176.984676
01407		20.416981	-9.320910	176.780278
01408		22.255084	-10.160690	176.564000
01409		23.653531	-10.560169	176.183048
01410		24.556801	-10.294796	175.178883
01411		24.945677	-9.560177	173.666054
01412		24.817620	-8.539357	172.135210
01413		24.248905	-7.431266	170.956372
01414		23.378159	-6.371334	170.244677
01415		22.334965	-5.527092	170.138749
01416		21.190342	-4.969119	170.699461
01417		19.882192	-4.701352	171.854564
01418		18.511358	-4.492249	173.684976
01419		17.406981	-4.207336	176.327858
01420		17.124217	-3.856851	178.929736
01421		17.372792	-3.919714	-179.287492
01422		17.189421	-4.235667	-178.296588
01423		16.268051	-4.439486	-177.355213
01424		14.916812	-4.690798	-176.173955
01425		13.601225	-4.672715	-174.886586
01426		12.532947	-4.159439	-173.766658
01427		11.473546	-3.586185	-173.034016
01428		10.327963	-3.117990	-172.580894
01429		9.309368	-2.610040	-171.945730
01430		8.372934	-2.170695	-171.049225
01431		7.491663	-1.846822	-170.315725
01432		6.843945	-1.518400	-169.809894
01433		6.457355	-1.225812	-169.553318
01434		6.231181	-0.745419	-169.604972
01435		5.818254	-0.319798	-170.015392
01436		5.138593	-0.051902	-170.492758
01437		4.458937	0.227037	-170.695088
01438		3.834792	0.471065	-170.537301
01439		3.338596	0.705153	-170.151287
01440		2.956565	0.940934	-169.652799
01441		2.648259	1.167448	-169.250255
01442		2.350426	1.400192	-169.044219
01443		2.039639	1.653258	-169.055958
01444		1.695438	1.824399	-169.272274
01445		1.358950	1.971602	-169.652889
01446		1.041322	2.119869	-170.098639
01447		0.743301	2.222351	-170.524616
01448		0.456579	2.305601	-170.882809
01449		0.173481	2.367877	-171.175259
01450		-0.102984	2.434261	-171.366469
01451		-0.361553	2.512490	-171.425718
01452		-0.618550	2.577519	-171.433805
01453		-0.858663	2.668520	-171.418450
01454		-1.138094	2.772447	-171.466775
01455		-1.460331	2.892765	-171.589242
01456		-1.847992	3.010503	-171.788550
01457		-2.260668	3.126148	-172.001692
01458		-2.701592	3.268594	-172.185928
01459		-3.159053	3.411516	-172.337528
01460		-3.618801	3.590485	-172.401429
01461		-4.071878	3.781103	-172.394775
01462		-4.543592	3.977572	-172.330999
01463		-5.016423	4.175929	-172.230242
01464		-5.496300	4.377816	-172.145757
01465		-5.970713	4.573333	-172.120313
01466		-6.452735	4.761596	-172.186746
01467		-6.966199	4.944318	-172.352392
01468		-7.544967	5.089285	-172.596773
01469		-8.166493	5.252072	-172.876946
01470		-8.842144	5.425769	-173.163908
01471		-9.561107	5.641674	-173.437221
01472		-10.338636	5.901314	-173.713578
01473		-11.188288	6.163638	-173.941555
01474		-12.114160	6.442488	-174.114970
01475		-13.082356	6.737313	-174.210758
01476		-14.083938	7.090609	-174.233997
01477		-15.110664	7.507263	-174.168913
01478		-16.173998	7.972741	-174.063974
01479		-17.262157	8.487774	-173.902190
01480		-18.386861	9.037522	-173.750572
01481		-19.557286	9.580685	-173.568138
01482		-20.742731	10.205754	-173.358635
01483		-22.007613	10.858458	-173.232255
01484		-23.352023	11.511871	-173.197860
01485		-24.775579	12.170951	-173.349391
01486		-26.289319	12.795767	-173.820633
01487		-27.911416	13.310309	-174.598779
01488		-29.652287	13.662011	-175.738172
01489		-31.458068	13.865252	-177.145186
01490		-33.197709	14.015252	-178.566758
01491		-34.860814	14.244756	-179.927679
01492		-36.460394	14.571171	178.728460
01493		-38.061153	14.862548	177.395119
01494		-39.619926	14.984118	176.084641
01495		-41.168689	14.801584	174.716672
01496		-42.658334	14.433785	173.580103
01497		-44.164980	14.052536	172.714593
01498		-45.623135	13.835157	172.083054
01499		-46.884224	13.801618	171.688160
01500		-47.765832	13.718072	171.300068
01501		-48.274192	13.394741	170.841437
01502		-48.450577	12.868199	170.316212
01503		-48.262816	12.375160	169.803928
01504		-47.679966	12.059365	169.494919
01505		-46.760874	11.929704	169.559596
01506		-45.552954	11.997753	169.996984
01507		-44.115354	12.240754	170.726933
01508		-42.449046	12.579127	171.617435
01509		-40.564368	12.918828	172.588697
01510		-38.481726	13.106545	173.624435
01511		-36.276401	13.117316	174.624250
01512		-34.051445	12.837512	175.524962
01513		-31.852517	12.213840	176.236981
01514		-29.585374	11.372684	176.732898
01515		-27.184725	10.423491	177.026435
01516		-24.598025	9.420129	177.226750
01517		-21.851792	8.360695	177.517515
01518		-18.975384	7.273336	177.883992
01519		-16.023669	6.212661	178.191900
01520		-13.063069	5.072841	178.345806
01521		-10.105953	3.805612	178.349825
01522		-7.220888	2.358544	178.375287
01523		-4.407783	0.950113	178.426759
01524		-1.525324	-0.255886	178.371964
01525		1.486050	-1.385099	178.163978
01526		4.612942	-2.488038	177.962042
01527		7.682482	-3.584262	178.005747
01528		10.498591	-4.756937	178.370865
01529		13.053671	-6.010780	178.762649
01530		15.449141	-7.269425	178.919474
01531		17.722982	-8.403863	178.789971
01532		19.887590	-9.374437	178.491655
01533		21.708332	-10.234729	178.366975
01534		23.044335	-10.553458	178.259238
01535		23.838277	-10.270075	177.704974
01536		24.058371	-9.604730	176.738612
01537		23.667136	-8.772511	175.757507
01538		22.777868	-7.938190	175.162771
01539		21.575216	-7.155599	175.241591
01540		20.195197	-6.504861	176.009269
01541		18.754021	-5.954809	177.441465
01542		17.609576	-5.514095	179.454957
01543		17.192818	-5.151970	-178.593301
01544		17.147876	-5.015184	-177.293136
01545		16.762660	-5.084911	-176.260782
01546		15.721073	-5.274786	-174.960184
01547		14.243181	-5.441203	-173.454407
01548		12.706018	-5.456780	-171.849448
01549		11.431746	-5.033882	-170.428193
01550		10.380787	-4.273818	-169.384373
01551		9.314281	-3.523811	-168.724420
01552		8.159902	-3.045938	-168.269457
01553		7.128256	-2.569084	-167.784558
01554		6.262084	-2.005162	-167.578488
01555		5.579893	-1.641754	-167.928987
01556		5.167979	-1.299754	-168.702682
01557		4.955649	-0.767808	-169.678169
01558		4.586614	-0.338891	-170.836150
01559		3.947490	-0.113662	-171.943793
01560		3.231231	0.068381	-172.649147
01561		2.546522	0.230161	-172.794961
01562		1.979769	0.522534	-172.504140
01563		1.512008	0.794399	-171.992791
01564		1.149461	1.090683	-171.251928
01565		0.855379	1.358400	-170.501106
01566		0.571749	1.589908	-169.872623
01567		0.270660	1.805776	-169.454822
01568		-0.060759	2.003748	-169.276367
01569		-0.398258	2.181943	-169.275279
01570		-0.741700	2.327272	-169.398415
01571		-1.064072	2.477314	-169.623107
01572		-1.418647	2.627857	-169.958876
01573		-1.771229	2.770590	-170.332021
01574		-2.106678	2.960314	-170.669206
01575		-2.469177	3.074096	-170.903379
01576		-2.813358	3.220807	-171.086845
01577		-3.136038	3.353192	-171.216731
01578		-3.462112	3.483418	-171.287026
01579		-3.781467	3.636642	-171.332906
01580		-4.142926	3.774136	-171.387484
01581		-4.508036	3.921825	-171.446384
01582		-4.903307	4.054134	-171.537465
01583		-5.306759	4.171578	-171.647584
01584		-5.717521	4.319345	-171.755124
01585		-6.116002	4.470265	-171.834205
01586		-6.516259	4.629284	-171.877966
01587		-6.896144	4.819416	-171.874957
01588		-7.293454	5.017903	-171.823497
01589		-7.712293	5.220158	-171.762541
01590		-8.169784	5.447388	-171.709370
01591		-8.658974	5.686578	-171.719974
01592		-9.218592	5.933637	-171.811793
01593		-9.849541	6.152953	-171.983576
01594		-10.556202	6.376029	-172.240827
01595		-11.334427	6.591255	-172.550928
01596		-12.193059	6.827056	-172.830433
01597		-13.112973	7.085356	-173.043627
01598		-14.103015	7.382212	-173.168513
01599		-15.149630	7.717721	-173.199383
01600		-16.247696	8.104794	-173.133787
01601		-17.386408	8.553840	-172.996700
01602		-18.570115	9.056523	-172.817337
01603		-19.783221	9.628120	-172.630639
01604		-21.071002	10.239079	-172.511646
01605		-22.407917	10.894316	-172.433523
01606		-23.824642	11.581351	-172.483855
01607		-25.347151	12.267021	-172.702414
01608		-26.960608	12.925246	-173.127167
01609		-28.657922	13.478165	-173.665680
01610		-30.443057	13.913734	-174.467275
01611		-32.258443	14.230900	-175.490660
01612		-33.979104	14.569543	-176.592734
01613		-35.606707	15.057936	-177.660425
01614		-37.169506	15.725891	-178.641305
01615		-38.752839	16.438495	-179.582970
01616		-40.420414	16.950576	179.408058
01617		-42.117362	17.270303	178.208330
01618		-43.798622	17.187499	176.790606
01619		-45.356377	16.906970	175.789830
01620		-46.674624	16.758232	175.443892
01621		-47.773461	16.712083	175.358020
01622		-48.519115	16.676937	175.143707
01623		-48.894230	16.387714	174.721050
01624		-48.967528	15.733202	174.143077
01625		-48.809610	14.885743	173.517416
01626		-48.358241	14.098501	173.033616
01627		-47.605491	13.492039	172.840663
01628		-46.540965	13.111673	172.984983
01629		-45.196947	12.966972	173.442354
01630		-43.584297	12.987889	174.147849
01631		-41.743069	13.085890	174.990293
01632		-39.657843	13.206685	175.917767
01633		-37.400934	13.243831	176.935457
01634		-35.022203	13.108234	177.938764
01635		-32.593912	12.770664	178.832854
01636		-30.123999	12.240776	179.580661
01637		-27.611842	11.531756	-179.857062
01638		-25.004482	10.641909	-179.416624
01639		-22.279389	9.621471	-178.950726
01640		-19.418994	8.521729	-178.441679
01641		-16.428690	7.413105	-177.993365
01642		-13.351021	6.247062	-177.674289
01643		-10.281334	4.963375	-177.498143
01644		-7.227906	3.588300	-177.493387
01645		-4.222787	2.147959	-177.590036
01646		-1.223012	0.704804	-177.726679
01647		1.872887	-0.700909	-177.887803
01648		5.110957	-2.111262	-177.954064
01649		8.378710	-3.485384	-177.865792
01650		11.454043	-4.823254	-177.571515
01651		14.170768	-6.184031	-177.234642
01652		16.596404	-7.596791	-177.189950
01653		18.910410	-8.855347	-177.566590
01654		21.184547	-9.879698	-178.180038
01655		23.045518	-10.747129	-178.644411
01656		24.297194	-10.853463	-179.247480
01657		24.894161	-10.173481	179.689919
01658		24.772531	-9.106985	178.264477
01659		23.910181	-8.131146	176.952978
01660		22.562002	-7.336684	176.415855
01661		21.064161	-6.645057	176.843564
01662		19.511348	-6.127615	178.073351
01663		17.979479	-5.689950	179.944121
01664		16.894246	-5.326066	-177.667214
01665		16.662894	-5.028668	-175.669494
01666		16.736938	-5.179476	-174.275594
01667		16.422452	-5.298891	-173.077259
01668		15.522793	-5.059519	-172.111150
01669		14.178402	-5.070005	-171.385732
01670		12.876783	-4.952794	-170.865524
01671		11.869555	-4.143520	-170.634111
01672		10.834085	-3.085586	-170.874292
01673		9.594285	-2.344527	-171.439731
01674		8.335225	-1.866637	-171.982252
01675		7.248970	-1.395320	-172.339023
01676		6.409680	-0.945714	-172.526806
01677		5.847552	-0.711048	-172.542577
01678		5.542824	-0.467410	-172.203469
01679		5.425426	0.069035	-172.014501
01680		5.165411	0.344294	-172.006206
01681		4.724750	0.461854	-171.999850
01682		4.211159	0.606323	-171.895019
01683		3.754209	0.808784	-171.666673
01684		3.332621	1.058568	-171.402445
01685		2.941442	1.292691	-171.228131
01686		2.550382	1.491613	-171.148246
01687		2.171076	1.644115	-171.177713
01688		1.791572	1.819905	-171.320399
01689		1.418674	1.954415	-171.659031
01690		1.075148	2.074837	-172.233557
01691		0.764578	2.259838	-172.900591
01692		0.428863	2.440005	-173.667873
01693		0.096826	2.584316	-174.540614
01694		-0.205146	2.760687	-175.335286
01695		-0.463226	2.937383	-175.922089
01696		-0.707806	3.115320	-176.298567
01697		-0.962844	3.219989	-176.510395
01698		-1.214144	3.304743	-176.569926
01699		-1.465957	3.368774	-176.516300
01700		-1.740370	3.442069	-176.441245
01701		-2.053630	3.506124	-176.377057
01702		-2.410881	3.579578	-176.353652
01703		-2.794810	3.652041	-176.388685
01704		-3.213186	3.724271	-176.470238
01705		-3.641318	3.820819	-176.561353
01706		-4.106667	3.930998	-176.645322
01707		-4.587791	4.075607	-176.708632
01708		-5.095785	4.230117	-176.743739
01709		-5.607299	4.394361	-176.727349
01710		-6.153856	4.559899	-176.709645
01711		-6.711592	4.747365	-176.687898
01712		-7.293089	4.950474	-176.702725
01713		-7.905620	5.129060	-176.771771
01714		-8.571851	5.323841	-176.903528
01715		-9.263545	5.529570	-177.083208
01716		-10.010333	5.718812	-177.296319
01717		-10.790763	5.912411	-177.496727
01718		-11.612619	6.107475	-177.653550
01719		-12.490350	6.297654	-177.712587
01720		-13.392518	6.565735	-177.658609
01721		-14.332952	6.864508	-177.397853
01722		-15.310354	7.211146	-177.079530
01723		-16.308814	7.621840	-176.731980
01724		-17.336461	8.116092	-176.386942
01725		-18.450808	8.607501	-176.101365
01726		-19.627159	9.128578	-175.967528
01727		-20.895606	9.622204	-175.913463
01728		-22.274083	10.113521	-176.065094
01729		-23.777748	10.550618	-176.399985
01730		-25.389723	10.909296	-176.945244
01731		-27.087623	11.161469	-177.571762
01732		-28.876398	11.351203	-178.261423
01733		-30.675856	11.582957	-179.030146
01734		-32.361700	11.925086	-179.749069
01735		-33.920169	12.528420	179.758418
01736		-35.418075	13.366283	179.598599
01737		-36.909648	14.399837	179.665335
01738		-38.383357	15.473241	179.689464
01739		-39.788864	16.501049	179.412969
01740		-41.135454	17.263234	178.882547
01741		-42.456287	17.692451	178.401210
01742		-43.577520	18.016435	178.383249
01743		-44.423968	18.439643	179.005229
01744		-45.108631	18.943887	179.736648
01745		-45.624979	19.662697	-179.675337
01746		-45.833188	20.398711	-179.311825
01747		-45.824763	20.698460	-179.159763
01748		-45.688923	20.388972	-179.189430
01749		-45.440607	19.737156	-179.331611
01750		-44.932976	18.965761	-179.418350
01751		-44.127013	18.161848	-179.263401
01752		-42.981546	17.394667	-178.821416
01753		-41.491122	16.757125	-178.169593
01754		-39.696854	16.189354	-177.447444
01755		-37.705014	15.610229	-176.879864
01756		-35.585310	14.921462	-176.504431
01757		-33.434109	13.945099	-176.280038
01758		-31.205521	12.794649	-176.196407
01759		-28.889998	11.586417	-176.178713
01760		-26.475834	10.380701	-176.167107
01761		-23.977647	9.234341	-176.135182
01762		-21.400028	8.141107	-176.075005
01763		-18.780726	7.029188	-176.047347
01764		-16.078413	5.795960	-176.149345
01765		-13.241549	4.485009	-176.352984
01766		-10.254356	3.235274	-176.539576
01767		-7.190057	2.120877	-176.707482
01768		-4.093882	1.027349	-176.964506
01769		-0.950420	-0.086852	-177.299614
01770		2.228109	-1.219635	-177.637415
01771		5.395391	-2.282626	-177.883462
01772		8.516754	-3.164336	-177.842501
01773		11.452270	-4.075265	-177.465810
01774		13.989251	-5.189920	-176.833218
01775		16.237640	-6.191883	-176.579921
01776		18.341219	-7.139687	-176.983337
01777		20.378078	-8.083824	-177.775043
01778		22.110139	-8.876647	-178.261510
01779		23.316477	-9.223390	-178.207496
01780		23.980734	-9.004235	-178.266385
01781		24.016081	-8.538373	-178.675063
01782		23.391927	-8.077305	-179.191017
01783		22.276276	-7.525520	-179.332747
01784		20.906183	-6.822719	-178.814023
01785		19.504188	-5.998944	-177.486275
01786		18.508164	-5.184453	-175.841732
01787		18.166002	-4.710629	-174.478835
01788		17.955974	-4.705024	-173.589495
01789		17.366697	-4.698213	-172.844347
01790		16.326982	-4.490745	-171.931008
01791		14.936387	-4.471325	-171.005123
01792		13.541426	-4.278368	-170.196722
01793		12.343124	-3.646814	-169.648967
01794		11.241423	-2.871305	-169.466222
01795		10.089670	-2.303766	-169.522730
01796		8.964381	-1.959451	-169.567758
01797		8.109449	-1.376076	-169.539136
01798		7.475696	-0.722511	-169.846953
01799		7.028668	-0.406008	-170.605284
01800		6.799725	-0.125687	-171.456691
01801		6.636173	0.337666	-172.128142
01802		6.303913	0.716072	-172.896327
01803		5.806433	0.981319	-173.766320
01804		5.239844	1.263554	-174.338295
01805		4.734087	1.609282	-174.600403
01806		4.272420	1.943278	-174.802625
01807		3.859340	2.197171	-175.079369
01808		3.473628	2.405288	-175.394719
01809		3.108152	2.565597	-175.737848
01810		2.742119	2.686502	-176.148899
01811		2.401499	2.822341	-176.544448
01812		2.065852	2.945012	-176.915571
01813		1.744170	3.029969	-177.285242
01814		1.409472	3.084956	-177.649274
01815		1.067573	3.128267	-177.995755
01816		0.708764	3.183798	-178.298135
01817		0.350884	3.218268	-178.534868
01818		-0.001844	3.258046	-178.673482
01819		-0.349320	3.310834	-178.742995
01820		-0.719157	3.369271	-178.813218
01821		-1.122545	3.426290	-178.908815
01822		-1.564978	3.507130	-179.035283
01823		-2.013017	3.599872	-179.169044
01824		-2.478915	3.697071	-179.276685
01825		-2.945554	3.807783	-179.327245
01826		-3.435175	3.918955	-179.309370
01827		-3.925033	4.047282	-179.200521
01828		-4.421465	4.201404	-178.999675
01829		-4.900769	4.382048	-178.732134
01830		-5.399688	4.560589	-178.488124
01831		-5.937283	4.741002	-178.282661
01832		-6.507218	4.932174	-178.165794
01833		-7.094068	5.103870	-178.138162
01834		-7.710381	5.252043	-178.181516
01835		-8.337974	5.385642	-178.251138
01836		-9.002008	5.505549	-178.309259
01837		-9.688407	5.625387	-178.248452
01838		-10.421064	5.722384	-178.127060
01839		-11.145038	5.877885	-177.946996
01840		-11.900906	6.080193	-177.670798
01841		-12.701571	6.329000	-177.382284
01842		-13.551132	6.638833	-177.049417
01843		-14.441045	6.978923	-176.737500
01844		-15.399055	7.320928	-176.447812
01845		-16.397635	7.695918	-176.197439
01846		-17.445032	8.085624	-175.950663
01847		-18.542346	8.480260	-175.741276
01848		-19.702726	8.906908	-175.591928
01849		-20.930635	9.326374	-175.534153
01850		-22.213836	9.758828	-175.531642
01851		-23.603036	10.186946	-175.662513
01852		-25.095838	10.620666	-175.949052
01853		-26.671979	11.022632	-176.402791
01854		-28.303383	11.350439	-176.948542
01855		-29.995434	11.663723	-177.500302
01856		-31.671586	12.075397	-178.019086
01857		-33.254534	12.728416	-178.383977
01858		-34.737481	13.656715	-178.459124
01859		-36.239142	14.776965	-178.313589
01860		-37.761696	15.988973	-178.193913
01861		-39.265815	17.032750	-178.375995
01862		-40.763804	17.652941	-178.846166
01863		-42.254403	17.998841	-179.552559
01864		-43.571518	18.290314	-179.927974
01865		-44.675976	18.528378	-179.681862
01866		-45.590672	18.919406	-179.068909
01867		-46.278258	19.630057	-178.565964
01868		-46.655205	20.318604	-178.416683
01869		-46.835609	20.472983	-178.547465
01870		-46.875352	20.019927	-178.841671
01871		-46.746466	19.257092	-179.156049
01872		-46.336275	18.399714	-179.376686
01873		-45.620807	17.599284	-179.422552
01874		-44.570608	16.940385	-179.213326
01875		-43.161415	16.496816	-178.777315
01876		-41.403655	16.164410	-178.210428
01877		-39.414737	15.759624	-177.597757
01878		-37.232329	15.231393	-176.957008
01879		-34.963775	14.543340	-176.376229
01880		-32.639303	13.696000	-175.954419
01881		-30.299736	12.688089	-175.694113
01882		-27.907847	11.561314	-175.566149
01883		-25.438712	10.347323	-175.546455
01884		-22.881658	9.009681	-175.544467
01885		-20.202483	7.628989	-175.563369
01886		-17.366000	6.256092	-175.580304
01887		-14.388091	4.921038	-175.573388
01888		-11.300753	3.674397	-175.604449
01889		-8.187775	2.446079	-175.645817
01890		-5.094697	1.101632	-175.663183
01891		-1.961358	-0.362035	-175.683014
01892		1.308471	-1.839454	-175.690032
01893		4.699400	-3.168829	-175.615382
01894		8.033320	-4.396651	-175.377813
01895		11.013942	-5.742818	-174.840897
01896		13.644157	-7.151790	-174.372061
01897		16.078976	-8.482646	-174.374163
01898		18.480605	-9.723052	-174.925075
01899		20.677748	-10.872490	-175.512290
01900		22.334457	-11.585405	-175.849303
01901		23.420783	-11.527741	-176.506129
01902		23.868593	-10.861000	-177.807520
01903		23.586770	-10.001156	-179.384918
01904		22.683596	-9.129944	179.371369
01905		21.480668	-8.166434	178.863939
01906		20.162518	-7.225952	179.071548
01907		18.837996	-6.388420	179.921469
01908		17.868626	-5.775673	-178.671708
01909		17.659956	-5.420384	-177.436534
01910		17.824065	-5.280810	-176.679957
01911		17.604076	-5.259670	-175.664591
01912		16.602007	-5.544348	-174.134196
01913		15.336964	-5.833536	-172.290548
01914		14.157333	-5.919183	-170.487494
01915		13.103781	-5.551147	-169.011113
01916		11.953148	-4.914920	-168.093969
01917		10.679796	-4.356273	-167.560127
01918		9.606678	-3.753732	-167.090849
01919		8.719723	-3.209798	-166.844847
01920		8.014162	-2.782473	-166.888642
01921		7.541752	-2.498466	-167.017949
01922		7.257696	-2.144584	-167.291652
01923		7.000801	-1.674710	-167.803750
01924		6.573952	-1.266136	-168.449310
01925		6.008456	-0.948669	-168.928662
01926		5.440900	-0.679030	-168.882473
01927		4.880303	-0.505568	-168.358339
01928		4.398061	-0.339673	-167.465549
01929		4.044305	-0.084861	-166.574817
01930		3.726144	0.162288	-165.951389
01931		3.398987	0.368127	-165.704505
01932		3.039988	0.520014	-165.867481
01933		2.670288	0.628714	-166.500921
01934		2.285218	0.776278	-167.589314
01935		1.870748	0.926117	-168.932656
01936		1.413513	1.080715	-170.388917
01937		1.015268	1.345357	-171.862558
01938		0.622983	1.485074	-172.964770
01939		0.303349	1.570707	-173.723067
01940		0.077786	1.710711	-174.005963
01941		-0.118155	1.796361	-173.827490
01942		-0.331017	1.877103	-173.457593
01943		-0.579184	2.013198	-172.899773
01944		-0.876128	2.174371	-172.323174
01945		-1.212806	2.322944	-171.813188
01946		-1.621743	2.453755	-171.391422
01947		-2.026617	2.641327	-171.057906
01948		-2.455686	2.846213	-170.747924
01949		-2.899223	3.063839	-170.442484
01950		-3.362065	3.264871	-170.138208
01951		-3.840769	3.465063	-169.824961
01952		-4.329593	3.685745	-169.494988
01953		-4.818601	3.904432	-169.176188
01954		-5.313115	4.142745	-168.918937
01955		-5.820309	4.377896	-168.792755
01956		-6.354937	4.615951	-168.810164
01957		-6.944691	4.803455	-168.969582
01958		-7.582515	4.987704	-169.227979
01959		-8.259303	5.167717	-169.551158
01960		-8.965433	5.351884	-169.872137
01961		-9.701040	5.557600	-170.150809
01962		-10.475793	5.798353	-170.344027
01963		-11.277528	6.072090	-170.454356
01964		-12.102545	6.383730	-170.469448
01965		-12.949460	6.724083	-170.426578
01966		-13.839541	7.093218	-170.342729
01967		-14.749641	7.505208	-170.251803
01968		-15.708335	7.939363	-170.206353
01969		-16.731379	8.370133	-170.245435
01970		-17.800705	8.799177	-170.353632
01971		-18.937383	9.205542	-170.458907
01972		-20.133774	9.654473	-170.638619
01973		-21.411631	10.099168	-170.848116
01974		-22.728760	10.544972	-171.084226
01975		-24.106539	11.025195	-171.350935
01976		-25.565065	11.594653	-171.762847
01977		-27.083554	12.210063	-172.364736
01978		-28.685545	12.748256	-173.263799
01979		-30.390314	13.069746	-174.531893
01980		-32.124006	13.194409	-175.966137
01981		-33.831516	13.296895	-177.332018
01982		-35.451707	13.504429	-178.499935
01983		-37.005440	13.834533	-179.511712
01984		-38.487624	14.133555	179.524690
01985		-39.876199	14.269532	178.516828
01986		-41.150176	14.211121	177.455420
01987		-42.387591	13.977131	176.528654
01988		-43.599357	13.687142	175.982602
01989		-44.714966	13.545511	175.687385
01990		-45.612269	13.554559	175.472132
01991		-46.189910	13.628568	175.192530
01992		-46.412856	13.591689	174.792051
01993		-46.369002	13.305039	174.324197
01994		-46.089094	12.804033	173.888651
01995		-45.554244	12.289372	173.542341
01996		-44.723506	11.908444	173.405802
01997		-43.661612	11.666994	173.551727
01998		-42.374039	11.567837	173.948040
01999		-40.885700	11.574493	174.475218
02000		-39.198072	11.596674	175.095887
02001		-37.346771	11.558255	175.778554
02002		-35.336245	11.399636	176.427547
02003		-33.241885	11.056239	177.038706
02004		-31.087055	10.508643	177.586452
02005		-28.860471	9.833150	178.043914
02006		-26.536667	9.034886	178.402907
02007		-24.122904	8.130189	178.712079
02008		-21.621746	7.149732	178.982565
02009		-19.046588	6.127653	179.158465
02010		-16.386264	5.076464	179.166505
02011		-13.711068	3.929891	179.044966
02012		-11.093814	2.687421	178.869270
02013		-8.477432	1.495280	178.548318
02014		-5.792199	0.368534	178.097536
02015		-3.024689	-0.769185	177.642530
02016		-0.164123	-1.916222	177.269080
02017		2.769181	-2.990073	176.998514
02018		5.692386	-4.002751	176.892891
02019		8.502370	-4.993515	177.026673
02020		11.105853	-6.003814	177.296450
02021		13.497684	-7.033340	177.451455
02022		15.754293	-8.067979	177.261321
02023		17.944136	-9.038319	176.669516
02024		20.089908	-9.885342	175.930016
02025		21.853562	-10.639167	175.441031
02026		23.136388	-10.739975	174.928987
02027		23.886986	-10.218248	174.019944
02028		24.072455	-9.333774	172.760415
02029		23.690429	-8.342136	171.385503
02030		22.859741	-7.348007	170.347695
02031		21.799919	-6.335348	169.958396
02032		20.630123	-5.435147	170.260086
02033		19.396548	-4.766975	171.156681
02034		18.211901	-4.269107	172.720688
02035		17.380480	-4.062012	174.790674
02036		17.124688	-4.009369	176.980580
02037		16.944097	-4.180268	178.967208
02038		16.427422	-4.539269	-179.027470
02039		15.513553	-4.900854	-177.029804
02040		14.277569	-5.273866	-174.928770
02041		12.929279	-5.444302	-172.973858
02042		11.707973	-5.068437	-171.412826
02043		10.623813	-4.236668	-170.445863
02044		9.486475	-3.538089	-169.996438
02045		8.413401	-3.063303	-169.741139
02046		7.529941	-2.492069	-169.619852
02047		6.731672	-2.093223	-169.686528
02048		6.084602	-1.839740	-169.878700
02049		5.686758	-1.414020	-170.201674
02050		5.386573	-0.894925	-170.662191
02051		4.909039	-0.588788	-171.272507
02052		4.252384	-0.300786	-171.651846
02053		3.621404	0.033195	-171.515035
02054		3.042193	0.319727	-170.930925
02055		2.538573	0.618793	-170.008419
02056		2.128238	0.975617	-169.058897
02057		1.758259	1.295953	-168.295192
02058		1.406794	1.608235	-167.832169
02059		1.029629	1.892749	-167.666844
02060		0.616853	2.103713	-167.851422
02061		0.204756	2.240606	-168.270811
02062		-0.220803	2.344496	-168.738782
02063		-0.637861	2.401341	-169.133947
02064		-1.008788	2.473007	-169.378540
02065		-1.331004	2.563450	-169.433858
02066		-1.627043	2.712462	-169.349192
02067		-1.904643	2.859456	-169.193661
02068		-2.186258	3.001985	-169.048550
02069		-2.468173	3.137235	-168.966998
02070		-2.785824	3.274385	-168.960707
02071		-3.123729	3.414157	-169.067526
02072		-3.480256	3.541150	-169.242908
02073		-3.830851	3.679683	-169.448444
02074		-4.209056	3.822148	-169.675549
02075		-4.609798	3.989602	-169.868447
02076		-5.035614	4.169839	-170.021161
02077		-5.461517	4.354625	-170.157441
02078		-5.907598	4.545561	-170.265151
02079		-6.344724	4.739890	-170.376709
02080		-6.795608	4.932714	-170.503490
02081		-7.258636	5.106030	-170.667871
02082		-7.746461	5.276049	-170.890077
02083		-8.264200	5.426282	-171.164455
02084		-8.844388	5.557037	-171.481569
02085		-9.450315	5.702008	-171.830941
02086		-10.100773	5.870209	-172.217763
02087		-10.818472	6.049401	-172.593899
02088		-11.626522	6.254817	-172.929330
02089		-12.493241	6.501244	-173.187038
02090		-13.423694	6.797412	-173.371836
02091		-14.419650	7.144694	-173.469047
02092		-15.467738	7.542619	-173.459150
02093		-16.555042	8.023589	-173.367885
02094		-17.669934	8.564647	-173.233922
02095		-18.822439	9.149402	-173.058502
02096		-20.001552	9.792573	-172.902296
02097		-21.234613	10.450807	-172.759478
02098		-22.509120	11.167915	-172.655366
02099		-23.872125	11.891959	-172.695918
02100		-25.315460	12.586819	-172.870291
02101		-26.832925	13.241909	-173.274594
02102		-28.419894	13.899652	-173.928987
02103		-30.145011	14.376006	-174.958191
02104		-31.878071	14.715651	-176.174446
02105		-33.503663	15.048831	-177.402224
02106		-35.045609	15.422959	-178.598378
02107		-36.589004	15.853289	-179.861979
02108		-38.195619	16.161902	178.798916
02109		-39.883163	16.142128	177.382243
02110		-41.593547	15.688028	175.766180
02111		-43.276518	14.994484	174.310064
02112		-44.829585	14.437629	173.354328
02113		-46.314347	14.114398	172.793728
02114		-47.562163	13.982005	172.400750
02115		-48.418679	13.890689	172.048142
02116		-48.823958	13.668797	171.760744
02117		-48.903116	13.307591	171.498012
02118		-48.641861	13.045549	171.241397
02119		-48.050282	12.964146	171.168030
02120		-47.140134	13.054040	171.419874
02121		-45.976878	13.313724	172.018557
02122		-44.572169	13.671691	172.899088
02123		-42.957630	14.040136	173.899947
02124		-41.114340	14.346580	174.908059
02125		-39.117408	14.443887	175.855875
02126		-36.980025	14.323616	176.708067
02127		-34.811077	13.922266	177.476397
02128		-32.588409	13.283451	178.161200
02129		-30.279560	12.494509	178.819118
02130		-27.825267	11.588545	179.460411
02131		-25.237267	10.574444	-179.908411
02132		-22.528845	9.452622	-179.289704
02133		-19.714922	8.297791	-178.722661
02134		-16.840870	7.077315	-178.216508
02135		-13.965861	5.734359	-177.787811
02136		-11.083786	4.193012	-177.479464
02137		-8.167736	2.494476	-177.263582
02138		-5.200197	0.788863	-177.059228
02139		-2.148257	-0.817047	-176.895309
02140		1.036533	-2.370022	-176.826287
02141		4.300464	-3.924710	-176.781203
02142		7.523601	-5.460980	-176.602766
02143		10.490102	-6.975441	-176.137872
02144		13.162355	-8.439023	-175.696869
02145		15.643908	-9.820199	-175.720661
02146		18.073036	-11.125288	-176.348610
02147		20.255083	-12.304404	-177.065624
02148		21.996565	-12.824732	-178.028069
02149		23.117703	-12.593065	-179.466672
02150		23.635444	-11.531865	178.723626
02151		23.419881	-10.232084	176.707241
02152		22.491864	-9.107944	174.973675
02153		21.232482	-7.969103	174.091800
02154		19.919503	-6.968304	174.276462
02155		18.621346	-6.275472	175.363173
02156		17.440562	-5.842234	177.215254
02157		16.745287	-5.573880	179.278174
02158		16.655699	-5.236631	-179.133938
02159		16.546444	-4.924770	-178.064131
02160		15.724484	-5.192121	-176.749611
02161		14.290307	-5.645119	-174.977713
02162		12.720019	-5.766806	-172.858124
02163		11.339162	-5.402879	-170.948057
02164		10.219347	-4.681254	-169.459934
02165		9.063603	-4.037788	-168.437289
02166		7.977457	-3.363090	-167.843754
02167		7.014860	-2.779224	-167.642820
02168		6.097481	-2.394635	-167.571126
02169		5.375546	-2.007784	-167.644098
02170		4.925500	-1.520219	-167.939491
02171		4.566312	-1.092265	-168.384012
02172		4.046101	-0.834564	-168.828469
02173		3.363979	-0.642005	-169.109978
02174		2.669433	-0.390249	-168.921771
02175		2.065089	-0.073949	-168.311727
02176		1.598038	0.319553	-167.536546
02177		1.246852	0.735323	-166.851753
02178		0.944512	1.080757	-166.462136
02179		0.650776	1.298401	-166.446217
02180		0.304537	1.465126	-166.816186
02181		-0.068107	1.681102	-167.496161
02182		-0.460887	1.911219	-168.282271
02183		-0.883909	2.032035	-169.052599
02184		-1.292754	2.068462	-169.760741
02185		-1.640266	2.117096	-170.321999
02186		-1.943865	2.221193	-170.644628
02187		-2.201616	2.361318	-170.756704
02188		-2.434703	2.538622	-170.711957
02189		-2.633877	2.717433	-170.602821
02190		-2.851733	2.884940	-170.497393
02191		-3.090562	3.034306	-170.447075
02192		-3.361499	3.197184	-170.491834
02193		-3.640678	3.359144	-170.693689
02194		-3.941364	3.480687	-171.053636
02195		-4.314613	3.468661	-171.517145
02196		-4.684781	3.524529	-171.965563
02197		-5.056475	3.606283	-172.376631
02198		-5.453550	3.696783	-172.704509
02199		-5.861318	3.780175	-172.916959
02200		-6.271247	3.897453	-173.019847
02201		-6.665541	4.032291	-173.046268
02202		-7.076421	4.187338	-173.039344
02203		-7.505594	4.356381	-173.057870
02204		-7.982830	4.520319	-173.152332
02205		-8.496119	4.659433	-173.363659
02206		-9.073706	4.788315	-173.637179
02207		-9.745892	4.875361	-173.931656
02208		-10.485286	4.985211	-174.250755
02209		-11.286146	5.127990	-174.520422
02210		-12.133631	5.317882	-174.705694
02211		-13.029234	5.581421	-174.777180
02212		-13.969584	5.912695	-174.717046
02213		-14.952998	6.290656	-174.569105
02214		-15.965591	6.735833	-174.338066
02215		-17.004345	7.221869	-174.083872
02216		-18.069597	7.747747	-173.821823
02217		-19.191507	8.292281	-173.642331
02218		-20.344455	8.830742	-173.476810
02219		-21.521910	9.441286	-173.363422
02220		-22.794881	10.051026	-173.332057
02221		-24.138872	10.703282	-173.423756
02222		-25.568840	11.323421	-173.654351
02223		-27.061487	11.916330	-174.089505
02224		-28.616885	12.402846	-174.731496
02225		-30.221323	12.789006	-175.612177
02226		-31.856593	13.077177	-176.705224
02227		-33.467743	13.393126	-177.829980
02228		-35.042388	13.814160	-178.930713
02229		-36.634790	14.337574	179.972669
02230		-38.244655	14.763711	178.895129
02231		-39.818011	14.945143	177.745895
02232		-41.340031	14.824595	176.432820
02233		-42.750429	14.648550	175.307131
02234		-44.030078	14.519280	174.731255
02235		-45.285638	14.373001	174.465344
02236		-46.372275	14.460524	174.324171
02237		-47.146132	14.663957	174.137944
02238		-47.544426	14.686650	173.836887
02239		-47.665482	14.417756	173.447227
02240		-47.481273	14.037989	173.085162
02241		-46.989291	13.717909	172.912636
02242		-46.187806	13.521046	173.014669
02243		-45.101698	13.482025	173.375277
02244		-43.730268	13.561764	173.965158
02245		-42.132475	13.634765	174.667947
02246		-40.302439	13.608550	175.404972
02247		-38.297043	13.427281	176.155993
02248		-36.149218	13.073771	176.887178
02249		-33.902691	12.544830	177.577225
02250		-31.527915	11.909902	178.237990
02251		-29.035965	11.178265	178.876317
02252		-26.424025	10.348529	179.497732
02253		-23.716755	9.405185	-179.879010
02254		-20.916408	8.356357	-179.295839
02255		-18.004358	7.253968	-178.817479
02256		-15.032486	6.029710	-178.312843
02257		-12.119969	4.651330	-177.797953
02258		-9.287759	3.203356	-177.431269
02259		-6.493405	1.735652	-177.328061
02260		-3.632593	0.237326	-177.496573
02261		-0.647372	-1.276184	-177.860060
02262		2.455989	-2.744847	-178.251008
02263		5.598180	-4.048173	-178.430258
02264		8.672507	-5.246091	-178.218124
02265		11.450667	-6.599340	-177.531282
02266		13.949670	-7.930429	-176.800946
02267		16.256587	-9.154416	-176.503634
02268		18.435916	-10.423247	-176.825395
02269		20.257100	-11.583054	-177.238298
02270		21.651405	-11.890733	-177.860318
02271		22.488192	-11.446703	-178.966517
02272		22.625901	-10.551032	179.700605
02273		22.048173	-9.626966	178.374604
02274		20.946840	-8.789616	177.511303
02275		19.622407	-7.924809	177.511778
02276		18.216893	-7.200236	178.313671
02277		16.815841	-6.602139	179.820227
02278		15.728369	-6.100769	-178.251938
02279		15.337569	-5.618278	-176.703353
02280		15.278863	-5.274438	-175.911358
02281		14.822319	-5.216559	-175.027769
02282		13.587754	-5.393353	-173.805660
02283		11.987679	-5.413398	-172.156222
02284		10.469281	-5.150521	-170.576669
02285		9.153800	-4.590408	-169.236400
02286		7.953089	-3.759858	-168.101958
02287		6.780886	-3.029681	-167.281624
02288		5.724932	-2.476471	-166.845211
02289		4.825518	-2.059427	-166.715015
02290		4.026554	-1.851547	-166.639173
02291		3.555765	-1.482238	-166.741942
02292		3.336541	-0.991227	-167.138832
02293		3.021742	-0.683941	-167.595354
02294		2.393519	-0.518974	-167.951207
02295		1.721209	-0.266245	-167.980429
02296		1.112382	0.064795	-167.646973
02297		0.646223	0.489426	-167.099793
02298		0.283714	0.962213	-166.572182
02299		-0.022800	1.363461	-166.221746
02300		-0.360850	1.667299	-166.257685
02301		-0.766184	1.814717	-166.657550
02302		-1.173018	1.963644	-167.225459
02303		-1.574098	2.118969	-167.799839
02304		-1.972604	2.253025	-168.343120
02305		-2.332459	2.398050	-168.770486
02306		-2.670126	2.508680	-168.984224
02307		-2.954128	2.623634	-168.982064
02308		-3.212571	2.763940	-168.808130
02309		-3.451590	2.931761	-168.539462
02310		-3.691259	3.127836	-168.260679
02311		-3.953995	3.291812	-168.000354
02312		-4.238518	3.409739	-167.808198
02313		-4.523389	3.510082	-167.723635
02314		-4.819031	3.591234	-167.749732
02315		-5.117050	3.687849	-167.857574
02316		-5.433226	3.812947	-168.031086
02317		-5.755103	3.947194	-168.244117
02318		-6.094826	4.058701	-168.454834
02319		-6.427250	4.191594	-168.643554
02320		-6.786753	4.339177	-168.806425
02321		-7.161275	4.481813	-168.950293
02322		-7.570478	4.627466	-169.102538
02323		-7.993803	4.772139	-169.255174
02324		-8.454677	4.936234	-169.439160
02325		-8.948287	5.128077	-169.692890
02326		-9.493717	5.328541	-170.037528
02327		-10.123966	5.481351	-170.447724
02328		-10.872310	5.605756	-170.874110
02329		-11.705521	5.754784	-171.257045
02330		-12.607347	5.980544	-171.539475
02331		-13.555725	6.294807	-171.688179
02332		-14.553557	6.679883	-171.699330
02333		-15.590852	7.133816	-171.586596
02334		-16.660820	7.654959	-171.377727
02335		-17.755815	8.229214	-171.118756
02336		-18.893062	8.837317	-170.823885
02337		-20.042053	9.472197	-170.557082
02338		-21.247044	10.094583	-170.311801
02339		-22.514458	10.739666	-170.144459
02340		-23.860907	11.432344	-170.205703
02341		-25.305253	12.149605	-170.545126
02342		-26.870375	12.782119	-171.138244
02343		-28.588023	13.200522	-172.031309
02344		-30.387996	13.420962	-173.209977
02345		-32.157970	13.546106	-174.497731
02346		-33.840431	13.713605	-175.723006
02347		-35.462566	14.057624	-176.860691
02348		-37.032150	14.554956	-177.878277
02349		-38.600492	15.050692	-178.904353
02350		-40.169544	15.376663	179.965565
02351		-41.745437	15.418279	178.784988
02352		-43.252583	15.195248	177.627674
02353		-44.656212	14.986146	176.906841
02354		-45.942496	14.930069	176.612573
02355		-47.021838	15.115315	176.539734
02356		-47.729467	15.425463	176.431305
02357		-48.097861	15.535702	176.146024
02358		-48.200398	15.268351	175.718007
02359		-48.092879	14.746303	175.272187
02360		-47.688173	14.201324	174.965542
02361		-47.010312	13.746741	174.914120
02362		-46.044579	13.454241	175.189743
02363		-44.808173	13.378228	175.737927
02364		-43.303749	13.462936	176.439205
02365		-41.578284	13.527324	177.195366
02366		-39.653207	13.446053	177.951556
02367		-37.607169	13.188857	178.674251
02368		-35.499707	12.673553	179.351785
02369		-33.305039	11.977002	179.980654
02370		-30.969613	11.151811	-179.474097
02371		-28.477538	10.259117	-178.971597
02372		-25.795942	9.343974	-178.431138
02373		-22.997481	8.367838	-177.863659
02374		-20.133557	7.291120	-177.375349
02375		-17.261980	6.097666	-177.072753
02376		-14.376728	4.765170	-176.968009
02377		-11.454334	3.377663	-177.030305
02378		-8.481213	2.000153	-177.248100
02379		-5.477778	0.624465	-177.584277
02380		-2.411897	-0.734689	-177.983635
02381		0.745108	-2.062224	-178.450627
02382		4.011589	-3.311683	-178.922320
02383		7.323170	-4.386593	-179.197734
02384		10.482970	-5.432822	-179.077536
02385		13.228596	-6.697029	-178.597690
02386		15.712493	-7.904885	-178.355307
02387		18.072560	-8.983768	-178.736595
02388		20.385265	-9.995520	-179.711202
02389		22.318211	-10.980999	179.405048
02390		23.744262	-11.212619	178.600711
02391		24.582633	-10.614944	177.502566
02392		24.733564	-9.481248	176.081177
02393		24.150726	-8.330385	174.436752
02394		23.016549	-7.267172	173.155338
02395		21.620782	-6.118493	172.691201
02396		20.122345	-5.053710	173.113841
02397		18.713880	-4.185968	174.415053
02398		17.786621	-3.716699	176.395153
02399		17.549141	-3.654352	178.474131
02400		17.341220	-4.122801	-179.404239
02401		16.837304	-4.570883	-176.920162
02402		15.933781	-4.471466	-174.747431
02403		14.620494	-4.775691	-172.791481
02404		13.241164	-5.044676	-170.827606
02405		12.041702	-4.460444	-168.919537
02406		10.873012	-3.535824	-167.773627
02407		9.826226	-2.612241	-167.714962
02408		8.772431	-1.777584	-168.349899
02409		7.663364	-1.198889	-169.429832
02410		6.658609	-0.853400	-170.465154
02411		6.050027	-0.458783	-171.359231
02412		5.691989	-0.097069	-172.365731
02413		5.364245	0.080341	-173.439979
02414		4.939042	0.234081	-174.034781
02415		4.393455	0.341506	-174.040344
02416		3.880646	0.401990	-173.555465
02417		3.544557	0.562139	-172.653513
02418		3.325093	0.839471	-171.679954
02419		3.141620	1.074064	-170.817502
02420		2.897000	1.192995	-170.101160
02421		2.613820	1.262306	-169.619984
02422		2.331509	1.327973	-169.393789
02423		2.066539	1.420973	-169.371878
02424		1.805250	1.525861	-169.468829
02425		1.545089	1.623125	-169.677177
02426		1.249236	1.654968	-169.939274
02427		0.983553	1.677303	-170.116631
02428		0.762764	1.770622	-170.160782
02429		0.569286	1.875498	-170.069360
02430		0.381333	1.979110	-169.878685
02431		0.215629	2.092362	-169.646442
02432		0.034373	2.227671	-169.440274
02433		-0.179474	2.373056	-169.331249
02434		-0.462647	2.527327	-169.326219
02435		-0.801953	2.649028	-169.391301
02436		-1.179712	2.732738	-169.479826
02437		-1.564465	2.876087	-169.548536
02438		-1.991976	3.052821	-169.578190
02439		-2.420552	3.264041	-169.529258
02440		-2.873855	3.481830	-169.448070
02441		-3.321932	3.730248	-169.299687
02442		-3.784895	3.988466	-169.102469
02443		-4.275782	4.268033	-168.908985
02444		-4.805072	4.546215	-168.751126
02445		-5.348421	4.819629	-168.708531
02446		-5.954816	5.052064	-168.900081
02447		-6.653993	5.228196	-169.416543
02448		-7.418779	5.420035	-170.103178
02449		-8.218132	5.686660	-170.812177
02450		-9.085037	5.817000	-171.611495
02451		-9.890658	6.001979	-172.138539
02452		-10.688437	6.241579	-172.474445
02453		-11.484557	6.561803	-172.535269
02454		-12.281914	6.934344	-172.391089
02455		-13.084843	7.334776	-172.129309
02456		-13.898685	7.782509	-171.879889
02457		-14.738714	8.271484	-171.702123
02458		-15.643684	8.717163	-171.623806
02459		-16.600270	9.146723	-171.662063
02460		-17.626033	9.577110	-171.769519
02461		-18.678782	10.016816	-171.923853
02462		-19.789551	10.465454	-172.062353
02463		-20.936423	10.975005	-172.238540
02464		-22.147139	11.494973	-172.434967
02465		-23.385617	12.058813	-172.612064
02466		-24.678625	12.662776	-172.843719
02467		-26.051303	13.303813	-173.228752
02468		-27.474187	13.931926	-173.749728
02469		-28.952730	14.512512	-174.511173
02470		-30.485595	14.996618	-175.476357
02471		-32.039982	15.460393	-176.553250
02472		-33.575285	15.958351	-177.650587
02473		-35.137096	16.487382	-178.735198
02474		-36.717132	16.988905	-179.877579
02475		-38.345978	17.232173	178.838029
02476		-39.968140	17.104670	177.301430
02477		-41.538641	16.634462	175.731618
02478		-42.960323	15.984680	174.595121
02479		-44.311248	15.386107	173.941004
02480		-45.509412	15.162958	173.599026
02481		-46.431273	15.289151	173.302405
02482		-46.992261	15.330856	172.898468
02483		-47.245952	15.020442	172.376198
02484		-47.218371	14.478242	171.818162
02485		-46.932288	13.896336	171.321824
02486		-46.301618	13.448826	171.062830
02487		-45.362743	13.192319	171.196277
02488		-44.125515	13.153049	171.707736
02489		-42.630069	13.289682	172.451584
02490		-40.911445	13.455653	173.322146
02491		-39.011607	13.539703	174.231852
02492		-36.960538	13.474860	175.133655
02493		-34.862903	13.219587	175.960081
02494		-32.759137	12.705809	176.664181
02495		-30.630468	12.009261	177.242565
02496		-28.434890	11.157307	177.728426
02497		-26.160504	10.178375	178.160611
02498		-23.767473	9.112796	178.555119
02499		-21.242626	7.991977	178.850735
02500		-18.585098	6.804410	179.090692
02501		-15.851779	5.539857	179.342192
02502		-13.041736	4.235742	179.549416
02503		-10.191068	2.906879	179.649154
02504		-7.314559	1.565803	179.677930
02505		-4.444413	0.219719	179.728822
02506		-1.530961	-1.076757	179.762524
02507		1.516173	-2.278378	179.750092
02508		4.664058	-3.419336	179.817023
02509		7.701951	-4.532620	-179.904843
02510		10.441887	-5.686865	-179.495333
02511		12.927626	-6.863252	-179.351406
02512		15.264223	-7.993510	-179.724920
02513		17.538560	-8.963502	179.370818
02514		19.685314	-9.747328	178.302956
02515		21.395481	-10.186862	177.425328
02516		22.587803	-10.011119	176.450067
02517		23.230310	-9.341523	175.220553
02518		23.255050	-8.361668	173.923035
02519		22.670549	-7.361023	172.739361
02520		21.662125	-6.402168	172.073487
02521		20.452978	-5.539369	172.149239
02522		19.212579	-4.802493	172.937620
02523		18.052421	-4.221977	174.497703
02524		17.213769	-3.859621	176.484739
02525		16.795031	-3.804468	178.676767
02526		16.509161	-3.905894	-179.294808
02527		15.883609	-4.292945	-177.157529
02528		14.796939	-4.690316	-174.857836
02529		13.401927	-5.047841	-172.126740
02530		12.037749	-5.149326	-169.420245
02531		10.869557	-4.717095	-167.086699
02532		9.681402	-4.010535	-165.413510
02533		8.600036	-3.133509	-164.668285
02534		7.550613	-2.392613	-164.665678
02535		6.548875	-1.786606	-165.007636
02536		5.688852	-1.297403	-165.560390
02537		5.106523	-0.774973	-166.309948
02538		4.666710	-0.310190	-167.290130
02539		4.215180	0.021322	-168.309645
02540		3.590757	0.257153	-168.947808
02541		2.928015	0.451041	-168.917762
02542		2.409087	0.694010	-168.351119
02543		2.043532	1.073119	-167.522422
02544		1.774096	1.498316	-166.755445
02545		1.547966	1.853693	-166.196910
02546		1.279242	2.148823	-165.902327
02547		0.932766	2.317742	-165.922520
02548		0.574489	2.453096	-166.178723
02549		0.232035	2.569167	-166.521644
02550		-0.126341	2.666442	-166.855453
02551		-0.472840	2.724849	-167.138092
02552		-0.789161	2.786208	-167.303753
02553		-1.051769	2.898436	-167.318035
02554		-1.289944	3.058023	-167.217725
02555		-1.508453	3.243895	-167.058135
02556		-1.741456	3.408246	-166.898458
02557		-1.971575	3.560405	-166.793917
02558		-2.224588	3.709226	-166.795374
02559		-2.506081	3.847775	-166.883793
02560		-2.811039	3.989148	-167.018545
02561		-3.127244	4.109478	-167.149673
02562		-3.465448	4.237098	-167.256348
02563		-3.805655	4.366752	-167.307892
02564		-4.145768	4.524300	-167.305099
02565		-4.499443	4.676325	-167.284011
02566		-4.869290	4.837691	-167.250471
02567		-5.232610	5.007316	-167.204697
02568		-5.599400	5.212488	-167.171287
02569		-5.991467	5.428904	-167.230265
02570		-6.425042	5.648547	-167.384658
02571		-6.916252	5.835281	-167.649733
02572		-7.473270	5.999744	-168.013361
02573		-8.115002	6.106321	-168.420938
02574		-8.808833	6.270848	-168.869175
02575		-9.556106	6.454685	-169.315322
02576		-10.350246	6.683755	-169.708146
02577		-11.174192	6.932255	-170.028250
02578		-12.043400	7.209042	-170.271501
02579		-12.943868	7.531546	-170.436313
02580		-13.880755	7.890207	-170.521181
02581		-14.838010	8.288892	-170.545947
02582		-15.830614	8.735301	-170.518717
02583		-16.849637	9.230296	-170.477729
02584		-17.894934	9.778210	-170.439122
02585		-18.981535	10.359080	-170.481589
02586		-20.098605	10.942420	-170.514357
02587		-21.280468	11.581374	-170.593044
02588		-22.545917	12.240033	-170.792225
02589		-23.869212	12.898173	-171.072220
02590		-25.203444	13.558873	-171.464894
02591		-26.617897	14.217317	-172.044221
02592		-28.122223	14.798569	-172.860138
02593		-29.711474	15.244318	-173.949788
02594		-31.338567	15.585203	-175.248564
02595		-32.941692	15.858205	-176.649716
02596		-34.503579	16.089328	-178.053117
02597		-36.090250	16.265408	-179.449010
02598		-37.713401	16.339445	179.125266
02599		-39.405058	16.181588	177.627958
02600		-41.087888	15.689663	175.937637
02601		-42.750478	14.855617	174.196562
02602		-44.260492	14.029483	172.897460
02603		-45.675841	13.625550	172.197092
02604		-46.940276	13.688373	171.828008
02605		-47.823703	13.988951	171.676576
02606		-48.201157	14.161549	171.594490
02607		-48.208814	14.035378	171.515520
02608		-47.941640	13.766975	171.424065
02609		-47.376070	13.661628	171.383445
02610		-46.483106	13.765798	171.660540
02611		-45.329432	14.013021	172.358277
02612		-43.913307	14.391837	173.390848
02613		-42.258182	14.817175	174.598883
02614		-40.365322	15.170812	175.852135
02615		-38.292974	15.330923	177.058046
02616		-36.102326	15.233644	178.127204
02617		-33.950919	14.781229	179.005841
02618		-31.838178	14.004175	179.705162
02619		-29.707424	13.025498	-179.775429
02620		-27.506776	11.869224	-179.431115
02621		-25.194359	10.628723	-179.264996
02622		-22.732153	9.311415	-179.225262
02623		-20.137784	7.907725	-179.250071
02624		-17.424507	6.475997	-179.276958
02625		-14.642411	5.061887	-179.327099
02626		-11.831563	3.669103	-179.390109
02627		-9.026113	2.313410	-179.448656
02628		-6.180443	1.009981	-179.495127
02629		-3.232115	-0.220912	-179.517088
02630		-0.153542	-1.420030	-179.466513
02631		3.019823	-2.597521	-179.292662
02632		6.225131	-3.775024	-178.907975
02633		9.224151	-5.075775	-178.146258
02634		11.860113	-6.398216	-177.315911
02635		14.176653	-7.704968	-176.978045
02636		16.353477	-8.975203	-177.372273
02637		18.543928	-10.043788	-178.266965
02638		20.586917	-10.887020	-179.144253
02639		22.125016	-11.308827	-179.744022
02640		23.150498	-11.032019	179.463488
02641		23.613398	-10.264898	178.268150
02642		23.445710	-9.301839	176.873753
02643		22.680210	-8.337887	175.567126
02644		21.561543	-7.344394	174.906987
02645		20.335303	-6.337139	175.263632
02646		19.154317	-5.509021	176.520362
02647		18.243877	-5.039047	178.504491
02648		17.889556	-4.673162	-179.663334
02649		17.613147	-4.254023	-178.542636
02650		16.550236	-4.654732	-177.276951
02651		14.852995	-5.326622	-175.204054
02652		13.098565	-5.472397	-172.694149
02653		11.368199	-5.248454	-170.402400
02654		9.868961	-4.689234	-168.437450
02655		8.624338	-4.029216	-166.807949
02656		7.608550	-3.348269	-165.769647
02657		6.710687	-2.753309	-165.223856
02658		5.833927	-2.412104	-164.937571
02659		5.184509	-2.059470	-164.898642
02660		4.885401	-1.446825	-165.222566
02661		4.801134	-0.815095	-165.944461
02662		4.345140	-0.553548	-166.828004
02663		3.455952	-0.525138	-167.526814
02664		2.646632	-0.395241	-167.639075
02665		2.035072	-0.146428	-167.252210
02666		1.561495	0.207693	-166.452951
02667		1.176861	0.638854	-165.595333
02668		0.833522	0.992803	-164.900249
02669		0.545759	1.301622	-164.476317
02670		0.272310	1.551950	-164.360652
02671		-0.024176	1.755989	-164.592766
02672		-0.363981	1.942933	-165.078790
02673		-0.732604	2.089980	-165.644819
02674		-1.119347	2.194627	-166.217743
02675		-1.461739	2.285611	-166.701254
02676		-1.756874	2.383538	-167.042787
02677		-1.998615	2.506099	-167.209046
02678		-2.212072	2.665087	-167.238143
02679		-2.411399	2.824949	-167.143444
02680		-2.616150	3.009665	-167.008546
02681		-2.833095	3.200974	-166.934824
02682		-3.102449	3.352924	-166.948588
02683		-3.394114	3.459469	-167.038629
02684		-3.711464	3.593274	-167.165467
02685		-4.053198	3.688646	-167.326456
02686		-4.426055	3.806448	-167.494084
02687		-4.828134	3.954238	-167.651527
02688		-5.264077	4.135949	-167.803329
02689		-5.713334	4.358424	-167.931303
02690		-6.188772	4.587318	-168.027850
02691		-6.685482	4.805248	-168.121105
02692		-7.208051	5.024637	-168.232342
02693		-7.731945	5.262273	-168.382496
02694		-8.289851	5.474052	-168.590841
02695		-8.864638	5.673528	-168.868813
02696		-9.483065	5.863754	-169.210099
02697		-10.138175	6.021517	-169.587365
02698		-10.833515	6.188916	-169.987669
02699		-11.576980	6.349660	-170.366406
02700		-12.392400	6.538678	-170.683038
02701		-13.259403	6.779999	-170.897641
02702		-14.188862	7.086937	-171.018734
02703		-15.176796	7.459715	-171.024198
02704		-16.217368	7.890900	-170.942861
02705		-17.294066	8.371169	-170.805660
02706		-18.400916	8.905467	-170.634611
02707		-19.559493	9.478329	-170.479889
02708		-20.773703	10.079949	-170.432971
02709		-22.047770	10.683647	-170.433095
02710		-23.385426	11.319857	-170.564605
02711		-24.831453	11.940677	-170.857638
02712		-26.352519	12.545153	-171.313969
02713		-27.947001	13.085128	-171.935978
02714		-29.614794	13.527187	-172.766176
02715		-31.397918	13.765490	-173.891688
02716		-33.172368	13.903323	-175.139340
02717		-34.853592	14.136235	-176.339243
02718		-36.438934	14.573197	-177.418194
02719		-38.019624	15.154571	-178.414631
02720		-39.611158	15.617394	-179.426034
02721		-41.213523	15.793437	179.476654
02722		-42.712100	15.711737	178.156738
02723		-44.146034	15.306529	176.845221
02724		-45.461575	14.676425	176.048913
02725		-46.643429	14.207813	175.744198
02726		-47.668608	14.153134	175.534072
02727		-48.398122	14.496061	175.246683
02728		-48.739178	14.836152	174.904839
02729		-48.785655	14.852706	174.560527
02730		-48.550246	14.531949	174.275635
02731		-48.054596	14.129544	174.075991
02732		-47.237099	13.826111	174.061605
02733		-46.120868	13.705268	174.342669
02734		-44.739907	13.766470	174.948268
02735		-43.093615	13.977729	175.787558
02736		-41.147241	14.255181	176.792340
02737		-38.958491	14.484433	177.858764
02738		-36.578204	14.547726	178.880881
02739		-34.137891	14.315872	179.781739
02740		-31.695800	13.747030	-179.488539
02741		-29.255098	12.962399	-178.944956
02742		-26.782210	12.018585	-178.519830
02743		-24.270467	10.967089	-178.142100
02744		-21.681558	9.831694	-177.830351
02745		-18.982714	8.635805	-177.676012
02746		-16.164719	7.321908	-177.600492
02747		-13.281924	5.901568	-177.513120
02748		-10.346457	4.408348	-177.503197
02749		-7.410716	2.887272	-177.614754
02750		-4.430022	1.418402	-177.807842
02751		-1.395383	-0.004098	-178.008884
02752		1.721694	-1.390185	-178.181849
02753		4.923049	-2.685455	-178.349382
02754		8.172024	-3.919808	-178.362505
02755		11.223795	-5.263993	-177.962649
02756		13.928889	-6.583662	-177.445065
02757		16.364215	-7.768292	-177.366564
02758		18.733535	-8.870822	-177.993718
02759		21.061625	-9.860549	-178.999850
02760		22.935038	-10.714975	-179.712548
02761		24.249846	-10.879095	179.795613
02762		24.973600	-10.368366	179.067853
02763		25.016009	-9.502676	178.007580
02764		24.289169	-8.752929	176.911723
02765		23.050892	-8.099442	176.372026
02766		21.634698	-7.397738	176.712942
02767		20.149546	-6.742683	177.772950
02768		18.713053	-6.121515	179.345865
02769		17.755795	-5.567184	-178.753920
02770		17.655352	-5.095705	-177.206675
02771		17.791229	-4.902459	-176.352799
02772		17.417927	-4.925280	-175.501567
02773		16.319073	-5.043178	-174.471776
02774		14.827229	-5.300574	-173.089642
02775		13.381069	-5.304102	-171.598881
02776		12.189044	-4.702066	-170.355151
02777		11.076015	-3.755834	-169.631380
02778		9.766804	-3.096776	-169.473156
02779		8.488029	-2.610328	-169.259464
02780		7.454241	-1.896915	-168.786676
02781		6.529816	-1.345192	-168.668957
02782		5.820235	-1.159949	-168.688543
02783		5.453598	-0.881845	-168.887145
02784		5.278895	-0.368199	-169.294106
02785		5.000864	0.026267	-169.694905
02786		4.399202	0.175898	-169.871819
02787		3.714575	0.309887	-169.619339
02788		3.108715	0.545787	-168.894476
02789		2.621381	0.881527	-167.918224
02790		2.216378	1.295571	-166.953076
02791		1.870128	1.691981	-166.190925
02792		1.514042	1.986423	-165.746931
02793		1.141983	2.209127	-165.697835
02794		0.738307	2.351547	-165.995727
02795		0.337874	2.423756	-166.501419
02796		-0.052628	2.493068	-167.056799
02797		-0.415255	2.583685	-167.544872
02798		-0.762623	2.657048	-167.902801
02799		-1.060801	2.724639	-168.068820
02800		-1.295431	2.847466	-168.053101
02801		-1.480101	2.979501	-167.925843
02802		-1.656348	3.127278	-167.741415
02803		-1.832251	3.267499	-167.563336
02804		-2.025308	3.391479	-167.458325
02805		-2.243749	3.470134	-167.495016
02806		-2.504047	3.560920	-167.684672
02807		-2.764467	3.699568	-167.959818
02808		-3.032337	3.855370	-168.283839
02809		-3.302116	4.010080	-168.664961
02810		-3.610427	4.104440	-169.040158
02811		-3.938828	4.127584	-169.368487
02812		-4.302892	4.122106	-169.603421
02813		-4.667165	4.157885	-169.776850
02814		-5.022926	4.266057	-169.944094
02815		-5.363121	4.426474	-170.096188
02816		-5.744352	4.571786	-170.277000
02817		-6.140919	4.721612	-170.503064
02818		-6.598805	4.861634	-170.755833
02819		-7.112442	5.008090	-171.032337
02820		-7.690130	5.152400	-171.346644
02821		-8.311908	5.309938	-171.726217
02822		-9.035346	5.448911	-172.168798
02823		-9.857804	5.567073	-172.677737
02824		-10.701461	5.783752	-172.977964
02825		-11.608807	5.966580	-173.255121
02826		-12.492494	6.254370	-173.345545
02827		-13.391713	6.609972	-173.274765
02828		-14.313656	7.028876	-173.022592
02829		-15.250109	7.508864	-172.690991
02830		-16.213253	8.007906	-172.374926
02831		-17.215783	8.538986	-172.120299
02832		-18.278804	9.034682	-172.006171
02833		-19.384873	9.514919	-171.939587
02834		-20.579388	9.990343	-171.993679
02835		-21.868948	10.469092	-172.196826
02836		-23.242634	10.929136	-172.505960
02837		-24.659204	11.403356	-172.884190
02838		-26.174254	11.880716	-173.398897
02839		-27.777274	12.314845	-174.067776
02840		-29.447688	12.658133	-174.934598
02841		-31.136485	12.907808	-176.071335
02842		-32.764841	13.140142	-177.214595
02843		-34.320346	13.539761	-178.284753
02844		-35.840530	14.110176	-179.206949
02845		-37.397960	14.736541	179.970075
02846		-38.963144	15.250532	179.073912
02847		-40.516714	15.483236	178.003733
02848		-42.006510	15.445918	176.945798
02849		-43.425913	15.299986	176.172617
02850		-44.754533	15.078757	175.703095
02851		-45.932933	14.859365	175.426584
02852		-46.809837	14.702256	175.133508
02853		-47.343322	14.506074	174.713347
02854		-47.559616	14.153613	174.219947
02855		-47.498080	13.699558	173.740957
02856		-47.135861	13.237540	173.407947
02857		-46.498079	12.866301	173.312080
02858		-45.603868	12.627171	173.502870
02859		-44.484057	12.554349	173.933086
02860		-43.143290	12.593982	174.523278
02861		-41.611432	12.666924	175.216158
02862		-39.884366	12.684690	175.969628
02863		-38.009823	12.582029	176.748215
02864		-36.022298	12.297777	177.533369
02865		-33.961786	11.851840	178.325755
02866		-31.805214	11.274789	179.145442
02867		-29.524110	10.629655	179.962648
02868		-27.102081	9.903342	-179.243304
02869		-24.558133	9.085151	-178.497300
02870		-21.898923	8.174173	-177.811938
02871		-19.175537	7.159366	-177.216066
02872		-16.399400	6.032508	-176.745921
02873		-13.569485	4.815658	-176.404121
02874		-10.687752	3.518465	-176.207626
02875		-7.820306	2.160175	-176.118164
02876		-4.953024	0.810901	-176.166051
02877		-2.043905	-0.508479	-176.376618
02878		0.965990	-1.864100	-176.718555
02879		4.095680	-3.203495	-177.160257
02880		7.275617	-4.414536	-177.640197
02881		10.333995	-5.458450	-178.064153
02882		13.158377	-6.412158	-178.498419
02883		15.778956	-7.396208	-179.231472
02884		18.318477	-8.293356	179.617708
02885		20.837259	-9.009566	178.162303
02886		23.087890	-9.678219	176.850536
02887		24.888526	-9.788468	175.627695
02888		26.020683	-9.172884	174.344129
02889		26.453837	-8.013818	173.022180
02890		26.141977	-6.806282	171.678680
02891		25.206226	-5.800635	170.657866
02892		24.027344	-4.899432	170.435839
02893		22.808254	-4.139930	171.100513
02894		21.452728	-3.714607	172.407694
02895		19.891317	-3.583276	174.202335
02896		18.285124	-3.495356	176.557882
02897		17.148174	-3.285069	179.608384
02898		17.031300	-3.205230	-177.574052
02899		17.456877	-3.522988	-175.697755
02900		17.297160	-3.969306	-174.317017
02901		16.280938	-4.116318	-173.135993
02902		14.837064	-4.340931	-171.925238
02903		13.513861	-4.334705	-170.853061
02904		12.508109	-3.722417	-169.937847
02905		11.493003	-2.768172	-169.636448
02906		10.217620	-2.110892	-169.977783
02907		9.010004	-1.482578	-170.409965
02908		8.025149	-0.771252	-170.867599
02909		7.208738	-0.299775	-171.383834
02910		6.687894	0.153059	-171.838424
02911		6.405835	0.636544	-172.287899
02912		6.169899	1.070120	-172.843963
02913		5.772488	1.365855	-173.697089
02914		5.158052	1.499381	-174.460354
02915		4.576112	1.771203	-174.819131
02916		4.059799	2.067773	-174.769809
02917		3.611597	2.306980	-174.399065
02918		3.195339	2.485690	-173.869459
02919		2.820501	2.608954	-173.282286
02920		2.459543	2.743099	-172.680969
02921		2.118997	2.895859	-172.149050
02922		1.797926	3.062926	-171.739050
02923		1.485763	3.198437	-171.432115
02924		1.177982	3.321570	-171.199729
02925		0.859219	3.418502	-171.071980
02926		0.485695	3.432918	-171.139515
02927		0.111333	3.432875	-171.251313
02928		-0.252001	3.468341	-171.472278
02929		-0.620355	3.544786	-171.883107
02930		-1.005034	3.680203	-172.390798
02931		-1.397377	3.837028	-172.825171
02932		-1.804197	3.970448	-173.319685
02933		-2.241889	3.987028	-173.758911
02934		-2.654731	4.049077	-174.083237
02935		-3.029153	4.174060	-174.297696
02936		-3.424072	4.283384	-174.459968
02937		-3.808973	4.394647	-174.548329
02938		-4.194739	4.500498	-174.582092
02939		-4.564270	4.596710	-174.548087
02940		-4.927449	4.741839	-174.461400
02941		-5.290452	4.893434	-174.330130
02942		-5.658502	5.039565	-174.144454
02943		-6.019976	5.181009	-173.966674
02944		-6.404337	5.345062	-173.829113
02945		-6.820048	5.536068	-173.754004
02946		-7.318148	5.725418	-173.772887
02947		-7.903768	5.892957	-173.906212
02948		-8.569103	6.090275	-174.089112
02949		-9.313521	6.287750	-174.317607
02950		-10.141758	6.491482	-174.550942
02951		-11.019592	6.738920	-174.771964
02952		-11.950157	7.018057	-175.004357
02953		-12.908052	7.335020	-175.197677
02954		-13.930313	7.647935	-175.342813
02955		-15.002288	7.947860	-175.420749
02956		-16.116100	8.278395	-175.428204
02957		-17.264742	8.672077	-175.367881
02958		-18.472355	9.135660	-175.251934
02959		-19.686890	9.652177	-175.101814
02960		-20.935135	10.223967	-174.934937
02961		-22.245483	10.875129	-174.770622
02962		-23.653661	11.559208	-174.745387
02963		-25.187404	12.189253	-174.873908
02964		-26.778010	12.783262	-175.206003
02965		-28.445418	13.269617	-175.764725
02966		-30.174254	13.635767	-176.560467
02967		-31.940583	13.882339	-177.616323
02968		-33.652779	14.092927	-178.753503
02969		-35.294812	14.435220	-179.916631
02970		-36.873263	14.938221	178.968415
02971		-38.458291	15.457982	177.974633
02972		-40.051772	15.836053	176.987339
02973		-41.658084	15.983808	175.830677
02974		-43.209335	15.877229	174.637447
02975		-44.664089	15.689823	173.839353
02976		-46.032530	15.545976	173.441025
02977		-47.240621	15.561883	173.293246
02978		-48.096579	15.669100	173.081620
02979		-48.596939	15.554612	172.702233
02980		-48.811434	15.061231	172.208101
02981		-48.800745	14.347313	171.655335
02982		-48.463072	13.687549	171.203048
02983		-47.805596	13.188132	171.049165
02984		-46.833044	12.878528	171.273838
02985		-45.577858	12.792645	171.807440
02986		-44.067614	12.834461	172.526262
02987		-42.342157	12.921468	173.338925
02988		-40.403701	12.953871	174.196278
02989		-38.323356	12.852493	175.071911
02990		-36.117429	12.598352	175.931985
02991		-33.861159	12.164775	176.745434
02992		-31.570200	11.502102	177.497586
02993		-29.203722	10.705527	178.197125
02994		-26.707924	9.810826	178.835601
02995		-24.079596	8.827929	179.411002
02996		-21.309422	7.772720	179.941750
02997		-18.423240	6.670955	-179.578917
02998		-15.417523	5.528652	-179.172610
02999		-12.361784	4.291192	-178.862479
03000		-9.309484	2.944432	-178.664338
03001		-6.346333	1.547157	-178.578249
03002		-3.413318	0.211488	-178.693103
03003		-0.372127	-1.037634	-178.989236
03004		2.818965	-2.266753	-179.365065
03005		6.051936	-3.479058	-179.699694
03006		9.131959	-4.635264	-179.941695
03007		11.933877	-5.721231	179.850110
03008		14.475861	-6.841068	179.467722
03009		16.832325	-7.969483	178.772512
03010		19.152938	-8.900783	177.807325
03011		21.342747	-9.673807	176.978938
03012		23.011979	-10.197317	176.580372
03013		24.041514	-10.054368	176.216390
03014		24.428281	-9.368201	175.512614
03015		24.125899	-8.542583	174.635625
03016		23.251052	-7.750627	174.088478
03017		22.031978	-7.052271	174.252228
03018		20.707661	-6.433551	175.186012
03019		19.365974	-5.959460	176.876504
03020		18.240073	-5.576580	179.036197
03021		17.692988	-5.244651	-178.715199
03022		17.596658	-4.683501	-177.432927
03023		17.009594	-4.471449	-176.670531
03024		15.504540	-4.928514	-175.520607
03025		13.705854	-5.140362	-173.736928
03026		11.898496	-5.104249	-171.755122
03027		10.308646	-4.725713	-169.819308
03028		8.966709	-4.184121	-168.125343
03029		7.790885	-3.514749	-166.909087
03030		6.745779	-2.800011	-166.222644
03031		5.760664	-2.325930	-165.898903
03032		5.006524	-1.903585	-165.923414
03033		4.625330	-1.304967	-166.362553
03034		4.490274	-0.631195	-167.124412
03035		4.274236	-0.314407	-167.966774
03036		3.616450	-0.312604	-168.728047
03037		2.805961	-0.227363	-168.998978
03038		2.152564	0.048305	-168.790622
03039		1.667472	0.386684	-168.212932
03040		1.307281	0.817714	-167.515605
03041		0.991779	1.199933	-166.915801
03042		0.686944	1.494510	-166.587618
03043		0.374661	1.731749	-166.563698
03044		0.025413	1.897066	-166.794809
03045		-0.332438	2.040803	-167.130128
03046		-0.715354	2.145070	-167.481636
03047		-1.096139	2.219912	-167.821259
03048		-1.465347	2.278599	-168.070718
03049		-1.777618	2.350978	-168.173691
03050		-2.051141	2.483261	-168.118427
03051		-2.297895	2.668893	-167.971276
03052		-2.546440	2.876834	-167.809705
03053		-2.801992	3.053178	-167.717995
03054		-3.082428	3.168666	-167.752895
03055		-3.377935	3.253450	-167.914566
03056		-3.697857	3.348014	-168.165530
03057		-4.041597	3.437036	-168.465844
03058		-4.405275	3.520756	-168.751550
03059		-4.755595	3.616734	-168.984710
03060		-5.118002	3.726578	-169.152996
03061		-5.486410	3.854810	-169.270750
03062		-5.870347	4.005870	-169.337876
03063		-6.255462	4.168688	-169.394608
03064		-6.660599	4.332191	-169.453812
03065		-7.091349	4.488705	-169.528092
03066		-7.567726	4.640835	-169.622170
03067		-8.060788	4.817150	-169.747555
03068		-8.590911	5.020213	-169.915165
03069		-9.173260	5.223699	-170.164111
03070		-9.816181	5.432585	-170.460692
03071		-10.535590	5.612929	-170.813875
03072		-11.339852	5.781561	-171.201211
03073		-12.217921	5.949550	-171.586609
03074		-13.167140	6.143867	-171.936791
03075		-14.168415	6.391341	-172.200422
03076		-15.227852	6.699775	-172.346657
03077		-16.326829	7.076090	-172.361148
03078		-17.465612	7.510388	-172.237463
03079		-18.631937	8.021594	-172.034621
03080		-19.819869	8.618900	-171.753447
03081		-21.061711	9.268497	-171.510517
03082		-22.341596	9.950438	-171.264956
03083		-23.635885	10.721521	-171.072909
03084		-25.027847	11.515887	-171.054057
03085		-26.520141	12.284178	-171.248304
03086		-28.082231	12.966920	-171.688982
03087		-29.706175	13.547079	-172.444456
03088		-31.440889	13.947033	-173.545169
03089		-33.255303	14.179947	-175.009268
03090		-34.972836	14.383408	-176.626614
03091		-36.640496	14.584951	-178.231793
03092		-38.313347	14.788113	-179.805343
03093		-40.054053	14.914389	178.667910
03094		-41.809158	14.804564	177.082695
03095		-43.598418	14.296286	175.383008
03096		-45.327125	13.629052	173.812303
03097		-46.949438	13.031135	172.654545
03098		-48.394819	12.593252	171.964898
03099		-49.592797	12.208383	171.270417
03100		-50.461746	11.699982	170.521036
03101		-51.000171	11.091667	169.810626
03102		-51.142247	10.548537	169.167829
03103		-50.879847	10.275130	168.725677
03104		-50.289847	10.274740	168.628726
03105		-49.441495	10.518031	168.898199
03106		-48.311741	11.015447	169.434487
03107		-46.953828	11.681461	170.161729
03108		-45.400459	12.378625	171.069429
03109		-43.685987	12.975833	172.024085
03110		-41.853316	13.337765	172.934290
03111		-39.961537	13.406530	173.757261
03112		-37.993911	13.196240	174.466365
03113		-35.946579	12.749870	175.019092
03114		-33.762488	12.126867	175.467352
03115		-31.423210	11.401713	175.915630
03116		-28.911980	10.612497	176.438759
03117		-26.269679	9.750859	176.967097
03118		-23.549359	8.807209	177.495621
03119		-20.822530	7.789310	177.918536
03120		-18.109474	6.664286	178.111323
03121		-15.429896	5.408037	178.094477
03122		-12.765421	4.065683	178.002782
03123		-10.107647	2.746110	177.860287
03124		-7.399592	1.491728	177.590450
03125		-4.600241	0.264182	177.250245
03126		-1.684499	-0.968778	177.030645
03127		1.297959	-2.223217	177.133155
03128		4.265252	-3.486607	177.645820
03129		7.172480	-4.705516	178.456801
03130		9.932760	-6.005722	179.444921
03131		12.423530	-7.458727	-179.589319
03132		14.664539	-8.921920	-178.920362
03133		16.776242	-10.222690	-178.771067
03134		18.884069	-11.319824	-179.102514
03135		20.776420	-12.228824	-179.569406
03136		22.207567	-12.534595	179.930014
03137		23.113128	-12.166162	179.098558
03138		23.435979	-11.373148	177.950164
03139		23.103628	-10.426446	176.875956
03140		22.188542	-9.616610	176.222770
03141		20.928344	-9.006878	176.365921
03142		19.560462	-8.475538	177.517585
03143		18.281926	-8.018861	179.567912
03144		17.609032	-7.562833	-178.311398
03145		17.623422	-6.948303	-177.269368
03146		17.357280	-6.741234	-176.501944
03147		16.162747	-7.134658	-175.327071
03148		14.500876	-7.352104	-173.527944
03149		12.816942	-7.352574	-171.750316
03150		11.317027	-7.085039	-170.309976
03151		10.032685	-6.496212	-169.345922
03152		8.854230	-5.715802	-168.821900
03153		7.725944	-4.946069	-168.499828
03154		6.644896	-4.372880	-168.240262
03155		5.767780	-3.840311	-167.899149
03156		5.186580	-3.352816	-167.770994
03157		4.954678	-2.919432	-168.132860
03158		4.982168	-2.372264	-169.001699
03159		4.881818	-1.923377	-169.983267
03160		4.264431	-1.780086	-170.807485
03161		3.510954	-1.602949	-171.058889
03162		2.873309	-1.357304	-170.760905
03163		2.399850	-1.079355	-170.129324
03164		2.036421	-0.712157	-169.277872
03165		1.718955	-0.319865	-168.358236
03166		1.373564	0.033746	-167.476145
03167		1.020869	0.368313	-166.753283
03168		0.671484	0.696929	-166.324844
03169		0.325523	0.944831	-166.184673
03170		-0.021822	1.103564	-166.265646
03171		-0.366266	1.191610	-166.469907
03172		-0.728984	1.253682	-166.689306
03173		-1.055955	1.324936	-166.882708
03174		-1.355722	1.424605	-166.989106
03175		-1.616938	1.568266	-166.972884
03176		-1.859397	1.723443	-166.859657
03177		-2.087675	1.897625	-166.695826
03178		-2.336965	2.090991	-166.551859
03179		-2.601267	2.277233	-166.495109
03180		-2.900231	2.436991	-166.576527
03181		-3.237150	2.557293	-166.759554
03182		-3.607140	2.671634	-166.980624
03183		-3.977468	2.813697	-167.200964
03184		-4.381285	2.963453	-167.392445
03185		-4.800444	3.117361	-167.533941
03186		-5.218523	3.303056	-167.610607
03187		-5.620232	3.496860	-167.650562
03188		-6.036890	3.707225	-167.673351
03189		-6.480737	3.911301	-167.739832
03190		-6.956772	4.096603	-167.870698
03191		-7.443466	4.297439	-168.063659
03192		-7.967551	4.499189	-168.344733
03193		-8.536574	4.683591	-168.690174
03194		-9.161119	4.893616	-169.075207
03195		-9.848109	5.080478	-169.486362
03196		-10.612600	5.268038	-169.898140
03197		-11.455239	5.454295	-170.291414
03198		-12.349274	5.715616	-170.635090
03199		-13.291426	6.048242	-170.925426
03200		-14.296460	6.406027	-171.138604
03201		-15.359405	6.793970	-171.275719
03202		-16.482644	7.207318	-171.340864
03203		-17.655878	7.657898	-171.356128
03204		-18.891032	8.157528	-171.287557
03205		-20.148227	8.724446	-171.182567
03206		-21.457713	9.326707	-171.043297
03207		-22.788144	10.042133	-170.848189
03208		-24.172540	10.856893	-170.702247
03209		-25.636486	11.694478	-170.640479
03210		-27.137292	12.548626	-170.751670
03211		-28.674710	13.356842	-171.078092
03212		-30.254208	14.032939	-171.712891
03213		-31.940104	14.494416	-172.718312
03214		-33.611565	14.838140	-173.983417
03215		-35.269273	15.073196	-175.315028
03216		-36.884153	15.316531	-176.577206
03217		-38.466984	15.586096	-177.803118
03218		-40.056798	15.665591	-179.089935
03219		-41.595579	15.462870	179.264093
03220		-43.099650	14.786371	177.467565
03221		-44.520487	13.827900	176.020936
03222		-45.787547	13.066986	175.141520
03223		-46.971169	12.780984	174.679479
03224		-47.839620	12.948727	174.347353
03225		-48.207509	13.032268	174.020450
03226		-48.105036	12.691915	173.721444
03227		-47.724340	12.016433	173.355115
03228		-47.022709	11.481030	172.985166
03229		-45.914498	11.329763	172.883886
03230		-44.470074	11.464404	173.312482
03231		-42.810580	11.825577	174.213480
03232		-40.936770	12.283619	175.355284
03233		-38.874447	12.702312	176.545779
03234		-36.612061	12.992383	177.716579
03235		-34.228216	13.049431	178.811763
03236		-31.862434	12.680661	179.711319
03237		-29.545452	11.942068	-179.651381
03238		-27.232456	10.936208	-179.248482
03239		-24.885589	9.775114	-179.020579
03240		-22.436827	8.536438	-178.975914
03241		-19.881732	7.208986	-179.073661
03242		-17.211765	5.827571	-179.236253
03243		-14.470584	4.450250	-179.464458
03244		-11.673082	3.110961	-179.806878
03245		-8.831956	1.777094	179.750182
03246		-5.941915	0.398150	179.376478
03247		-3.016873	-0.939720	179.148541
03248		0.013843	-2.123097	179.035179
03249		3.134849	-3.213653	179.034162
03250		6.293088	-4.281373	179.182444
03251		9.338981	-5.362503	179.536934
03252		12.102073	-6.486325	179.960727
03253		14.557361	-7.628433	-179.902564
03254		16.859613	-8.766589	179.695064
03255		19.100227	-9.770195	178.807872
03256		21.278750	-10.540023	177.822369
03257		23.126721	-10.995566	177.057221
03258		24.477052	-10.858919	176.193130
03259		25.220716	-10.201158	175.067707
03260		25.303050	-9.210997	173.784345
03261		24.782458	-8.203640	172.694169
03262		23.815063	-7.296770	172.146688
03263		22.634401	-6.429184	172.271813
03264		21.297222	-5.631115	172.899752
03265		19.762401	-5.059418	174.024220
03266		18.318287	-4.548464	175.960391
03267		17.452760	-4.181073	178.486863
03268		17.441513	-3.974646	-178.984730
03269		17.496295	-4.224783	-176.837762
03270		16.905832	-4.690240	-174.858915
03271		15.736853	-5.006876	-172.989327
03272		14.423522	-5.374388	-170.876761
03273		13.242561	-5.345060	-168.790750
03274		12.158458	-4.600775	-167.011303
03275		10.937145	-3.672093	-166.228199
03276		9.731297	-2.858117	-166.200057
03277		8.698368	-1.918054	-166.604699
03278		7.697166	-1.288948	-167.303983
03279		6.878242	-0.785328	-168.045914
03280		6.339758	-0.226073	-168.998106
03281		6.046459	0.397207	-170.361767
03282		5.797649	0.999444	-171.872272
03283		5.392347	1.515132	-173.143937
03284		4.761544	1.897232	-174.129199
03285		4.160656	2.157388	-174.875621
03286		3.687323	2.560013	-175.322607
03287		3.327962	3.046412	-175.608954
03288		2.949556	3.379347	-175.877589
03289		2.543883	3.474998	-176.141971
03290		2.115651	3.418109	-176.115008
03291		1.779626	3.416557	-176.066115
03292		1.483024	3.342820	-176.028989
03293		1.243769	3.340130	-175.764876
03294		1.010459	3.356052	-175.560640
03295		0.801357	3.369840	-175.284742
03296		0.599093	3.369390	-174.931619
03297		0.397535	3.324708	-174.546109
03298		0.185886	3.301408	-174.161587
03299		-0.009125	3.313178	-173.874587
03300		-0.226515	3.354698	-173.723862
03301		-0.481089	3.418420	-173.759501
03302		-0.774801	3.523414	-173.960130
03303		-1.101464	3.628940	-174.272448
03304		-1.493099	3.708856	-174.675882
03305		-1.895156	3.828569	-175.059642
03306		-2.327660	3.974046	-175.445944
03307		-2.803837	4.099762	-175.910538
03308		-3.318297	4.252426	-176.439451
03309		-3.815798	4.443308	-176.897348
03310		-4.316365	4.614205	-177.257190
03311		-4.801755	4.768602	-177.425001
03312		-5.317144	4.866933	-177.492711
03313		-5.808969	4.998519	-177.514293
03314		-6.321956	5.129937	-177.536794
03315		-6.844376	5.285395	-177.598950
03316		-7.422567	5.433758	-177.755787
03317		-8.041790	5.584878	-177.982579
03318		-8.688278	5.730976	-178.251009
03319		-9.377562	5.851148	-178.539969
03320		-10.103760	5.998310	-178.759128
03321		-10.820522	6.193763	-178.796115
03322		-11.569088	6.388359	-178.741419
03323		-12.331554	6.603531	-178.566623
03324		-13.121290	6.871140	-178.191613
03325		-13.927397	7.175821	-177.856597
03326		-14.777175	7.474563	-177.470880
03327		-15.654902	7.810987	-177.175024
03328		-16.587426	8.167183	-176.957806
03329		-17.548331	8.559839	-176.841304
03330		-18.585362	8.950123	-176.850125
03331		-19.695284	9.373554	-176.960230
03332		-20.876712	9.770018	-177.191583
03333		-22.103698	10.159858	-177.412599
03334		-23.434169	10.560989	-177.764779
03335		-24.847322	10.941504	-178.219552
03336		-26.321973	11.270513	-178.799621
03337		-27.850916	11.564035	-179.404362
03338		-29.444097	11.841548	179.931002
03339		-31.046343	12.162946	179.258139
03340		-32.619298	12.626921	178.629041
03341		-34.125637	13.356579	178.148412
03342		-35.621985	14.274185	177.914713
03343		-37.177443	15.348438	177.769775
03344		-38.737379	16.421514	177.597839
03345		-40.278287	17.234679	177.210337
03346		-41.761539	17.785230	176.537555
03347		-43.200225	18.075604	175.847062
03348		-44.490931	18.140723	175.535726
03349		-45.627538	18.193493	175.563376
03350		-46.575416	18.421820	175.737689
03351		-47.265428	18.795385	175.706329
03352		-47.691080	18.972177	175.381739
03353		-47.914454	18.713117	174.859729
03354		-47.942942	18.014275	174.309153
03355		-47.773636	17.084513	173.804008
03356		-47.313304	16.161503	173.469895
03357		-46.583040	15.380964	173.404214
03358		-45.560004	14.805010	173.599599
03359		-44.287213	14.382649	173.965495
03360		-42.800581	13.985973	174.403014
03361		-41.148023	13.552340	174.815081
03362		-39.358842	13.024138	175.244661
03363		-37.488863	12.376527	175.693571
03364		-35.520685	11.657072	176.143040
03365		-33.456989	10.905863	176.542181
03366		-31.281800	10.119021	176.880878
03367		-28.978167	9.299748	177.183932
03368		-26.528294	8.431146	177.526303
03369		-23.948709	7.520598	177.922035
03370		-21.247168	6.567365	178.281578
03371		-18.468090	5.549040	178.553597
03372		-15.615783	4.469354	178.724631
03373		-12.691571	3.366680	178.787221
03374		-9.742656	2.186651	178.807958
03375		-6.884011	0.899253	178.886927
03376		-4.011757	-0.275163	178.935638
03377		-1.048328	-1.300563	178.755586
03378		1.993656	-2.303808	178.340362
03379		5.042615	-3.323654	177.893573
03380		7.997512	-4.329090	177.687731
03381		10.767197	-5.292348	177.738454
03382		13.355436	-6.268685	177.666032
03383		15.799769	-7.289750	177.252660
03384		18.191905	-8.197142	176.565531
03385		20.530423	-8.981640	175.857449
03386		22.428532	-9.762524	175.490127
03387		23.844239	-9.879111	175.096686
03388		24.724955	-9.388780	174.177711
03389		25.019554	-8.583539	172.793677
03390		24.700907	-7.691426	171.386892
03391		23.916649	-6.752598	170.440190
03392		22.907799	-5.761991	170.161926
03393		21.810440	-4.908059	170.496060
03394		20.653630	-4.296715	171.513670
03395		19.513244	-4.013186	173.319690
03396		18.673807	-3.857521	175.729919
03397		18.310569	-3.731968	178.180041
03398		18.018861	-3.722170	-179.919704
03399		17.257533	-4.081410	-178.110834
03400		15.883377	-4.867411	-175.743437
03401		14.293823	-5.348937	-172.799050
03402		12.772706	-5.347375	-169.974281
03403		11.404801	-5.073708	-167.713533
03404		10.159470	-4.552421	-165.979852
03405		8.983928	-3.874066	-164.937349
03406		7.975810	-3.132383	-164.805655
03407		7.034872	-2.498177	-165.272383
03408		6.240753	-1.979100	-166.094220
03409		5.693172	-1.497380	-167.238951
03410		5.271777	-0.988728	-168.533638
03411		4.770691	-0.640911	-169.643149
03412		4.037860	-0.434046	-170.290629
03413		3.272772	-0.253297	-170.260172
03414		2.598363	-0.051379	-169.564859
03415		2.063533	0.245269	-168.481776
03416		1.630633	0.684449	-167.321230
03417		1.273096	1.125488	-166.416059
03418		0.926567	1.489155	-165.858926
03419		0.536051	1.780441	-165.693323
03420		0.100668	1.946413	-165.852606
03421		-0.312092	2.099947	-166.203152
03422		-0.748115	2.224923	-166.578608
03423		-1.183154	2.293090	-166.902154
03424		-1.611049	2.331830	-167.076921
03425		-1.991090	2.423602	-167.051000
03426		-2.318773	2.601045	-166.851484
03427		-2.604649	2.822111	-166.567548
03428		-2.880141	3.072512	-166.285096
03429		-3.158109	3.300838	-166.080795
03430		-3.462804	3.480743	-166.034069
03431		-3.792263	3.600535	-166.117944
03432		-4.146518	3.708395	-166.310959
03433		-4.490794	3.824094	-166.578921
03434		-4.840159	3.940400	-166.853833
03435		-5.186576	4.026733	-167.075542
03436		-5.541814	4.114113	-167.238996
03437		-5.873253	4.235545	-167.342467
03438		-6.208433	4.360562	-167.398119
03439		-6.527480	4.492559	-167.404960
03440		-6.843315	4.643737	-167.386282
03441		-7.155949	4.783731	-167.377479
03442		-7.491157	4.921943	-167.393109
03443		-7.840868	5.046366	-167.493174
03444		-8.233362	5.169381	-167.715246
03445		-8.689961	5.276594	-168.031206
03446		-9.243927	5.363309	-168.410001
03447		-9.871555	5.470521	-168.802236
03448		-10.574745	5.618670	-169.190098
03449		-11.337881	5.797391	-169.572419
03450		-12.167101	6.018046	-169.954673
03451		-13.052769	6.257753	-170.272725
03452		-14.010655	6.522023	-170.542061
03453		-15.024960	6.800022	-170.730424
03454		-16.091903	7.137287	-170.830637
03455		-17.195881	7.538673	-170.846381
03456		-18.343446	8.005967	-170.775786
03457		-19.532536	8.553939	-170.623870
03458		-20.753378	9.150558	-170.487293
03459		-22.039146	9.753536	-170.327909
03460		-23.379689	10.442206	-170.265318
03461		-24.813115	11.156099	-170.401113
03462		-26.312645	11.850464	-170.784754
03463		-27.912981	12.396509	-171.418270
03464		-29.593893	12.833813	-172.226467
03465		-31.325185	13.206469	-173.270981
03466		-32.996730	13.569731	-174.441188
03467		-34.584027	13.920555	-175.632576
03468		-36.076602	14.296252	-176.774800
03469		-37.575027	14.707602	-177.937852
03470		-39.119905	15.016607	-179.132551
03471		-40.717316	15.057553	179.550353
03472		-42.293641	14.716671	177.962315
03473		-43.808285	14.067155	176.419906
03474		-45.195699	13.374462	175.269215
03475		-46.528742	12.775340	174.439254
03476		-47.765685	12.211940	173.666936
03477		-48.730891	11.629510	172.828824
03478		-49.277502	11.031819	171.989117
03479		-49.472233	10.420458	171.203472
03480		-49.304630	9.911966	170.541409
03481		-48.734335	9.734879	170.228198
03482		-47.805673	9.993048	170.464028
03483		-46.648540	10.593081	171.137873
03484		-45.246137	11.402309	172.071765
03485		-43.614324	12.294841	173.137385
03486		-41.740878	13.133996	174.335426
03487		-39.676213	13.787142	175.731353
03488		-37.429371	14.196014	177.156725
03489		-35.117836	14.294108	178.338866
03490		-32.875604	13.978540	179.149173
03491		-30.695889	13.285697	179.585715
03492		-28.483369	12.311610	179.833824
03493		-26.184396	11.152776	-179.974287
03494		-23.774875	9.921102	-179.829159
03495		-21.278931	8.669362	-179.790937
03496		-18.688105	7.369161	-179.861481
03497		-16.015552	5.998245	-179.997370
03498		-13.263662	4.570178	179.882588
03499		-10.482983	3.119999	179.821178
03500		-7.774827	1.602664	179.875227
03501		-5.072139	0.163215	179.928170
03502		-2.227360	-1.153152	179.829479
03503		0.800734	-2.469085	179.638314
03504		3.960874	-3.814730	179.533671
03505		7.094877	-5.190574	179.717473
03506		10.002327	-6.645173	-179.584608
03507		12.547611	-8.064587	-178.642703
03508		14.820682	-9.397474	-178.138799
03509		17.010650	-10.690956	-178.405587
03510		19.238416	-11.868605	-179.252875
03511		21.132333	-12.738537	179.858022
03512		22.522888	-12.798858	178.678199
03513		23.360391	-12.127985	177.012073
03514		23.604044	-10.999095	175.083766
03515		23.214302	-9.801532	173.203498
03516		22.349641	-8.650761	171.880628
03517		21.292608	-7.601573	171.488064
03518		20.200202	-6.809235	172.106592
03519		19.022563	-6.395124	173.714902
03520		17.923487	-6.207327	175.951188
03521		17.330086	-5.900675	178.259087
03522		17.133360	-5.344385	179.798171
03523		16.536179	-5.310414	-178.995212
03524		15.193977	-5.970340	-177.431487
03525		13.597816	-6.257127	-175.318699
03526		12.054299	-6.000156	-173.386805
03527		10.752308	-5.325862	-172.162797
03528		9.656847	-4.493985	-171.572962
03529		8.608267	-3.783611	-171.455460
03530		7.615247	-3.109210	-171.499644
03531		6.771589	-2.349708	-171.794548
03532		6.079256	-1.799993	-172.584812
03533		5.613051	-1.584557	-173.639391
03534		5.416422	-1.209127	-174.761691
03535		5.195701	-0.781876	-175.954728
03536		4.705318	-0.586850	-177.077365
03537		4.130101	-0.437931	-177.823240
03538		3.622706	-0.179508	-178.035464
03539		3.175782	0.047799	-177.816934
03540		2.839760	0.348813	-177.264548
03541		2.553841	0.595427	-176.595790
03542		2.278075	0.766909	-175.852712
03543		2.022474	0.916948	-175.205070
03544		1.760465	1.057943	-174.655150
03545		1.532674	1.213446	-174.191500
03546		1.317458	1.413154	-173.923349
03547		1.052906	1.544396	-173.971376
03548		0.702371	1.583907	-174.298766
03549		0.335041	1.596978	-174.745602
03550		-0.020509	1.624094	-175.275654
03551		-0.347425	1.667258	-175.809520
03552		-0.691132	1.700734	-176.203709
03553		-1.019103	1.715965	-176.400949
03554		-1.293386	1.747510	-176.402699
03555		-1.512457	1.824107	-176.146873
03556		-1.754167	1.944236	-175.739382
03557		-2.036405	2.097998	-175.254339
03558		-2.359760	2.254846	-174.804372
03559		-2.684224	2.399077	-174.442296
03560		-3.065521	2.537660	-174.257690
03561		-3.489973	2.634929	-174.290390
03562		-3.982275	2.719980	-174.485989
03563		-4.547137	2.765264	-174.865913
03564		-5.188497	2.779221	-175.386239
03565		-5.852289	2.870420	-175.912590
03566		-6.540143	3.019682	-176.372355
03567		-7.215814	3.208724	-176.639197
03568		-7.934285	3.355663	-176.784442
03569		-8.659939	3.526353	-176.856473
03570		-9.418117	3.702084	-176.818728
03571		-10.194749	3.888082	-176.787887
03572		-10.989588	4.106067	-176.753551
03573		-11.817429	4.356976	-176.753444
03574		-12.698677	4.623127	-176.786138
03575		-13.610577	4.930442	-176.822886
03576		-14.571262	5.233844	-176.823673
03577		-15.583310	5.556894	-176.762113
03578		-16.644705	5.925979	-176.621795
03579		-17.733005	6.344023	-176.406334
03580		-18.856077	6.801450	-176.147380
03581		-20.054346	7.256097	-175.867840
03582		-21.271032	7.763032	-175.657593
03583		-22.566917	8.221452	-175.489326
03584		-23.906538	8.718201	-175.380021
03585		-25.320990	9.223251	-175.403987
03586		-26.805014	9.696511	-175.533508
03587		-28.381229	10.088513	-175.875129
03588		-30.066211	10.312484	-176.383689
03589		-31.784827	10.476207	-177.080012
03590		-33.416098	10.651772	-177.909428
03591		-34.955316	10.942308	-178.734383
03592		-36.422511	11.459836	-179.456373
03593		-37.872261	12.204997	-179.958235
03594		-39.314672	12.981965	179.718407
03595		-40.686434	13.707495	179.298686
03596		-41.960837	14.251327	178.598540
03597		-43.230725	14.439122	177.714182
03598		-44.417754	14.432234	177.090615
03599		-45.508549	14.450911	176.887117
03600		-46.514513	14.524490	176.906779
03601		-47.338121	14.766473	176.862037
03602		-47.815448	15.065914	176.689858
03603		-48.007043	15.116138	176.383303
03604		-47.984231	14.789814	175.984824
03605		-47.778449	14.256655	175.615484
03606		-47.262075	13.771553	175.400163
03607		-46.437121	13.437163	175.443213
03608		-45.299377	13.284737	175.831389
03609		-43.891556	13.323472	176.519549
03610		-42.222388	13.486074	177.387575
03611		-40.322303	13.682073	178.341009
03612		-38.199887	13.802973	179.309684
03613		-35.941264	13.715983	-179.768973
03614		-33.605286	13.377590	-178.978375
03615		-31.280283	12.741467	-178.356318
03616		-28.941897	11.877420	-177.904880
03617		-26.533164	10.903011	-177.614556
03618		-23.994738	9.814684	-177.449757
03619		-21.320620	8.630344	-177.333726
03620		-18.513129	7.391644	-177.270456
03621		-15.612689	6.137043	-177.314780
03622		-12.655091	4.861166	-177.528197
03623		-9.686534	3.550005	-177.946238
03624		-6.737201	2.193482	-178.467027
03625		-3.832911	0.870997	-179.002732
03626		-0.879861	-0.357042	-179.561277
03627		2.197045	-1.532555	179.889633
03628		5.392402	-2.687091	179.459703
03629		8.587372	-3.802830	179.323840
03630		11.607722	-4.923927	179.618074
03631		14.289702	-6.165281	-179.883675
03632		16.721068	-7.476344	-179.595999
03633		19.031218	-8.658952	-179.663622
03634		21.236822	-9.663410	-179.868938
03635		22.991612	-10.613795	-179.875339
03636		24.151706	-10.918246	-179.893033
03637		24.800473	-10.471277	179.392868
03638		24.860911	-9.615201	178.157833
03639		24.265320	-8.646933	176.919176
03640		23.165627	-7.701897	176.163233
03641		21.839719	-6.767491	176.196070
03642		20.500058	-5.889883	177.033682
03643		19.400544	-5.230414	178.531199
03644		18.872260	-4.817441	-179.731883
03645		18.740075	-4.627510	-178.256608
03646		18.373627	-4.560530	-177.123742
03647		17.390746	-4.824479	-175.562989
03648		15.929435	-5.283772	-173.526330
03649		14.357774	-5.510094	-171.249978
03650		12.901901	-5.300600	-169.210745
03651		11.637749	-4.757101	-167.601477
03652		10.471309	-4.113492	-166.431901
03653		9.339459	-3.515163	-165.685254
03654		8.343575	-2.807928	-165.096868
03655		7.491157	-1.989603	-164.801610
03656		6.795957	-1.361868	-165.262543
03657		6.371364	-0.914289	-166.345336
03658		6.159614	-0.304036	-167.807531
03659		5.820533	0.185679	-169.648804
03660		5.149433	0.313607	-171.703577
03661		4.448468	0.527519	-173.331279
03662		3.792793	0.877037	-174.246399
03663		3.244708	1.310672	-174.595098
03664		2.804031	1.741791	-174.534360
03665		2.437866	2.102833	-174.282971
03666		2.135871	2.429792	-174.023782
03667		1.862464	2.644271	-173.942495
03668		1.579259	2.744963	-174.046006
03669		1.341316	2.866419	-174.320334
03670		1.116128	3.046888	-174.765027
03671		0.852760	3.171684	-175.411327
03672		0.532991	3.215413	-176.182128
03673		0.207239	3.216657	-176.942512
03674		-0.113569	3.231671	-177.561843
03675		-0.405130	3.272401	-177.992941
03676		-0.701794	3.346821	-178.270128
03677		-0.996283	3.439277	-178.429935
03678		-1.318979	3.518574	-178.534205
03679		-1.656038	3.564248	-178.633273
03680		-2.017966	3.595710	-178.726772
03681		-2.394145	3.646754	-178.812000
03682		-2.814059	3.706260	-178.937412
03683		-3.249187	3.734625	-179.079952
03684		-3.693505	3.750741	-179.204542
03685		-4.129520	3.779583	-179.293202
03686		-4.585057	3.805108	-179.339035
03687		-5.052520	3.834215	-179.340268
03688		-5.543902	3.869608	-179.321949
03689		-6.037017	3.896712	-179.251892
03690		-6.529509	3.959680	-179.104433
03691		-7.044071	4.049618	-178.932059
03692		-7.616192	4.166504	-178.776951
03693		-8.213691	4.313724	-178.618465
03694		-8.854439	4.501342	-178.473808
03695		-9.540406	4.698677	-178.388300
03696		-10.273561	4.923850	-178.348126
03697		-11.065531	5.123500	-178.337448
03698		-11.888100	5.354108	-178.261738
03699		-12.732618	5.562423	-178.231175
03700		-13.633173	5.758718	-178.054753
03701		-14.550008	6.022823	-177.806825
03702		-15.497279	6.347675	-177.476728
03703		-16.488387	6.706129	-177.092518
03704		-17.503944	7.129935	-176.713896
03705		-18.558014	7.591531	-176.373196
03706		-19.675804	8.059743	-176.102523
03707		-20.825960	8.550037	-175.942349
03708		-22.077959	9.028854	-175.889203
03709		-23.425521	9.528723	-176.029092
03710		-24.893771	9.947519	-176.360454
03711		-26.443869	10.256871	-176.836987
03712		-28.071727	10.495244	-177.385236
03713		-29.741271	10.725102	-178.002177
03714		-31.395003	10.977460	-178.600533
03715		-32.976534	11.355796	-179.160977
03716		-34.482363	11.902272	-179.612784
03717		-35.984229	12.615054	-179.883167
03718		-37.527147	13.416138	-179.994524
03719		-39.052477	14.225247	179.904745
03720		-40.422112	15.009797	179.606418
03721		-41.724302	15.559778	179.097928
03722		-42.968420	15.829984	178.466019
03723		-44.084733	16.090022	178.189997
03724		-45.023914	16.420892	178.585055
03725		-45.811444	17.056096	179.380215
03726		-46.340702	18.042645	-179.937890
03727		-46.586989	18.948760	-179.621374
03728		-46.611679	19.249646	-179.547062
03729		-46.538260	18.898256	-179.660229
03730		-46.310638	18.246043	-179.876993
03731		-45.826074	17.530985	179.977966
03732		-45.063233	16.791479	-179.981588
03733		-43.995672	16.124099	-179.716404
03734		-42.575821	15.573062	-179.213118
03735		-40.872208	15.048348	-178.634254
03736		-38.927211	14.448318	-178.148459
03737		-36.834254	13.741520	-177.826833
03738		-34.681663	12.831112	-177.647400
03739		-32.518186	11.744097	-177.657777
03740		-30.338877	10.516363	-177.843535
03741		-28.109239	9.234030	-178.135374
03742		-25.763331	7.948447	-178.414675
03743		-23.275823	6.709404	-178.650874
03744		-20.615675	5.504380	-178.900739
03745		-17.824811	4.291668	-179.129955
03746		-14.920843	3.083261	-179.330326
03747		-11.927024	1.916324	-179.524658
03748		-8.849955	0.818372	-179.675147
03749		-5.731028	-0.242048	-179.748773
03750		-2.619131	-1.351704	-179.683965
03751		0.477250	-2.467617	-179.539159
03752		3.653238	-3.479426	-179.447561
03753		6.904286	-4.428008	-179.322161
03754		10.083230	-5.528720	-178.951446
03755		12.847219	-6.876317	-178.307335
03756		15.304285	-8.085355	-177.952008
03757		17.614574	-9.187044	-178.274482
03758		19.903802	-10.175662	-179.159103
03759		21.853681	-11.115258	-179.824680
03760		23.288927	-11.412732	179.929872
03761		24.177390	-10.984909	179.349130
03762		24.383606	-10.267708	178.297135
03763		23.881438	-9.513409	177.183736
03764		22.875670	-8.728586	176.537352
03765		21.660677	-7.831854	176.644154
03766		20.357936	-6.962877	177.291335
03767		19.096632	-6.192291	178.523819
03768		18.283851	-5.592729	179.989345
03769		18.118197	-5.203640	-178.850951
03770		18.034234	-5.022242	-178.170424
03771		17.382399	-5.139332	-177.162525
03772		16.093306	-5.439149	-175.752930
03773		14.552308	-5.640194	-174.053642
03774		13.115529	-5.425127	-172.642869
03775		11.959006	-4.679968	-171.806678
03776		10.881515	-3.866348	-171.472295
03777		9.765907	-3.303947	-171.427705
03778		8.669046	-2.957087	-171.406934
03779		7.762650	-2.476750	-171.299307
03780		7.075763	-1.945574	-171.395525
03781		6.634656	-1.537383	-171.870097
03782		6.430427	-1.098956	-172.626633
03783		6.282606	-0.605810	-173.524036
03784		5.885222	-0.285909	-174.333721
03785		5.279540	-0.125380	-174.913256
03786		4.715417	0.156672	-174.984688
03787		4.269157	0.472381	-174.707744
03788		3.873778	0.699176	-174.198184
03789		3.523376	0.944371	-173.503615
03790		3.192660	1.230499	-172.705523
03791		2.864244	1.452736	-171.998228
03792		2.548095	1.643765	-171.504421
03793		2.274658	1.859170	-171.285437
03794		1.982311	2.048109	-171.356237
03795		1.666416	2.194547	-171.787724
03796		1.323435	2.305659	-172.529240
03797		0.965112	2.381416	-173.480805
03798		0.567266	2.430969	-174.552228
03799		0.165571	2.468515	-175.628156
03800		-0.233499	2.519168	-176.573565
03801		-0.619306	2.568288	-177.291260
03802		-0.992448	2.645817	-177.775686
03803		-1.342838	2.718616	-178.042746
03804		-1.692296	2.799231	-178.133267
03805		-2.039521	2.875438	-178.110117
03806		-2.417841	2.958710	-178.018756
03807		-2.821290	3.021300	-177.952002
03808		-3.253553	3.073881	-177.961653
03809		-3.700134	3.103418	-178.057754
03810		-4.179720	3.132953	-178.208429
03811		-4.661433	3.162465	-178.373267
03812		-5.160737	3.207377	-178.497619
03813		-5.672138	3.287228	-178.541356
03814		-6.184722	3.421518	-178.507388
03815		-6.699796	3.565417	-178.359852
03816		-7.255006	3.720757	-178.146082
03817		-7.864044	3.871503	-177.955736
03818		-8.527502	4.023838	-177.761515
03819		-9.205550	4.227864	-177.575441
03820		-9.901646	4.455316	-177.455747
03821		-10.650194	4.672182	-177.336247
03822		-11.444700	4.914964	-177.246111
03823		-12.311987	5.141003	-177.134984
03824		-13.221912	5.395798	-177.027361
03825		-14.169913	5.685941	-176.881421
03826		-15.153647	6.021093	-176.700701
03827		-16.173246	6.404399	-176.486894
03828		-17.243353	6.823683	-176.221343
03829		-18.365745	7.260434	-175.948151
03830		-19.561956	7.728238	-175.668876
03831		-20.755461	8.264509	-175.447458
03832		-22.026851	8.805702	-175.262781
03833		-23.374076	9.417860	-175.207188
03834		-24.828439	9.998859	-175.358921
03835		-26.368318	10.479263	-175.677347
03836		-27.997362	10.809005	-176.208766
03837		-29.695164	11.006406	-176.878755
03838		-31.393850	11.226044	-177.650179
03839		-32.997398	11.590900	-178.409261
03840		-34.474161	12.167965	-179.045970
03841		-35.902357	12.920614	-179.514351
03842		-37.331880	13.744455	-179.885575
03843		-38.736720	14.566812	179.637818
03844		-40.057304	15.208752	178.971824
03845		-41.356165	15.466861	178.115638
03846		-42.563492	15.421738	177.331060
03847		-43.649934	15.269013	176.974750
03848		-44.586430	15.154191	176.995064
03849		-45.505841	15.076202	176.828774
03850		-46.253577	15.174686	176.504945
03851		-46.725243	15.288771	176.099526
03852		-46.946623	15.076585	175.621084
03853		-46.988855	14.463719	175.056414
03854		-46.797382	13.678229	174.500793
03855		-46.260823	12.957892	174.123248
03856		-45.360245	12.391261	174.057346
03857		-44.145950	12.039080	174.337545
03858		-42.631154	11.949230	174.904556
03859		-40.885961	12.018805	175.669710
03860		-38.923669	12.146123	176.538574
03861		-36.795281	12.217223	177.411523
03862		-34.533767	12.146270	178.222814
03863		-32.231343	11.844197	178.947259
03864		-29.928757	11.248752	179.572970
03865		-27.614725	10.463369	-179.956407
03866		-25.233598	9.541483	-179.631864
03867		-22.765683	8.533859	-179.408980
03868		-20.170397	7.463590	-179.285985
03869		-17.444443	6.304469	-179.293868
03870		-14.623507	5.011845	-179.377140
03871		-11.814014	3.642208	-179.572515
03872		-9.036176	2.345313	179.971534
03873		-6.270281	1.176426	179.268872
03874		-3.458791	0.045831	178.459582
03875		-0.543672	-1.051071	177.743354
03876		2.431734	-2.151178	177.238531
03877		5.436076	-3.192995	177.002127
03878		8.452184	-4.061786	177.090241
03879		11.243756	-4.944704	177.433260
03880		13.715159	-5.961566	177.643570
03881		16.006750	-6.988394	177.404816
03882		18.229108	-7.868963	176.700768
03883		20.393318	-8.533003	175.836161
03884		22.188894	-9.081311	175.210890
03885		23.546309	-8.977495	174.611203
03886		24.362336	-8.389228	173.646866
03887		24.577693	-7.568386	172.436676
03888		24.227249	-6.658590	171.268789
03889		23.459665	-5.788118	170.531134
03890		22.490258	-4.928601	170.415790
03891		21.413573	-4.153672	170.764183
03892		20.244939	-3.483888	171.565235
03893		19.149040	-3.014723	172.998685
03894		18.433054	-2.800380	174.934298
03895		18.222208	-2.686304	176.832486
03896		17.942110	-2.710487	178.382546
03897		17.022455	-3.297294	-179.838452
03898		15.589470	-3.987754	-177.568443
03899		14.057970	-4.293726	-175.087002
03900		12.665724	-4.177029	-172.950906
03901		11.524571	-3.665744	-171.373812
03902		10.495818	-2.968914	-170.468371
03903		9.442041	-2.349659	-170.153636
03904		8.342001	-1.928451	-169.991810
03905		7.382315	-1.384616	-169.975319
03906		6.627833	-0.903794	-170.316972
03907		6.153311	-0.555860	-170.898389
03908		5.936166	-0.013629	-171.855880
03909		5.657179	0.446677	-173.171569
03910		4.999057	0.591951	-174.178589
03911		4.194974	0.770494	-174.429212
03912		3.476846	1.080484	-173.947569
03913		2.871648	1.406312	-172.925353
03914		2.332731	1.685352	-171.569284
03915		1.906227	2.008562	-170.134648
03916		1.548266	2.314019	-168.923421
03917		1.265147	2.612703	-168.116573
03918		0.967183	2.908906	-167.793158
03919		0.600721	3.116257	-167.946361
03920		0.174239	3.221228	-168.474361
03921		-0.257792	3.248423	-169.158950
03922		-0.709194	3.204187	-169.817849
03923		-1.130588	3.171332	-170.318094
03924		-1.511651	3.199293	-170.578509
03925		-1.816143	3.268674	-170.581558
03926		-2.072263	3.396661	-170.431987
03927		-2.292751	3.548138	-170.247477
03928		-2.529728	3.694378	-170.105017
03929		-2.797931	3.802194	-170.042488
03930		-3.100362	3.887652	-170.070572
03931		-3.406720	3.962304	-170.166478
03932		-3.736411	4.061388	-170.313477
03933		-4.091379	4.159215	-170.520521
03934		-4.488853	4.233325	-170.741822
03935		-4.890544	4.323380	-170.939432
03936		-5.329369	4.431269	-171.100893
03937		-5.780319	4.532414	-171.218061
03938		-6.251763	4.693336	-171.269408
03939		-6.750967	4.889275	-171.313917
03940		-7.289548	5.097718	-171.393575
03941		-7.878371	5.289380	-171.522588
03942		-8.539595	5.454741	-171.704777
03943		-9.248305	5.647813	-171.955078
03944		-10.012987	5.858970	-172.233292
03945		-10.825487	6.100076	-172.511078
03946		-11.688860	6.364862	-172.779214
03947		-12.608816	6.644682	-173.031081
03948		-13.586385	6.942094	-173.269238
03949		-14.620780	7.251634	-173.442371
03950		-15.703351	7.597370	-173.535092
03951		-16.829536	7.980098	-173.527883
03952		-17.990005	8.430654	-173.453043
03953		-19.179507	8.965533	-173.291859
03954		-20.384748	9.579047	-173.123153
03955		-21.623961	10.207876	-172.940947
03956		-22.890618	10.918240	-172.788923
03957		-24.244605	11.651657	-172.799532
03958		-25.694101	12.326211	-172.964348
03959		-27.207269	12.933109	-173.285314
03960		-28.786254	13.480359	-173.884039
03961		-30.450920	13.966194	-174.822177
03962		-32.114952	14.355628	-176.033882
03963		-33.736539	14.640877	-177.375655
03964		-35.345366	14.853559	-178.705088
03965		-36.980503	15.057336	179.943958
03966		-38.634669	15.181717	178.504695
03967		-40.304627	15.065748	176.975136
03968		-41.932217	14.551774	175.213627
03969		-43.496329	13.673833	173.458426
03970		-44.928779	12.736891	172.109270
03971		-46.271045	12.177535	171.281432
03972		-47.482641	12.041886	170.802102
03973		-48.387066	12.126542	170.436541
03974		-48.849507	12.077651	170.087848
03975		-49.002183	11.726190	169.682066
03976		-48.882479	11.271744	169.249915
03977		-48.416459	11.025760	168.979716
03978		-47.572962	11.093497	169.113247
03979		-46.463212	11.400173	169.684412
03980		-45.062368	11.877393	170.524544
03981		-43.404160	12.426800	171.533240
03982		-41.496588	12.956300	172.623850
03983		-39.405922	13.326301	173.776489
03984		-37.195135	13.420684	174.890409
03985		-34.936456	13.287701	175.896201
03986		-32.712839	12.808734	176.719128
03987		-30.494365	12.057303	177.274188
03988		-28.217244	11.068118	177.603314
03989		-25.830687	9.930865	177.812676
03990		-23.307508	8.702750	177.972562
03991		-20.672897	7.435116	178.149528
03992		-17.966346	6.139893	178.302289
03993		-15.258770	4.789900	178.333859
03994		-12.595854	3.333211	178.237889
03995		-9.957106	1.840198	177.995840
03996		-7.309593	0.360443	177.691671
03997		-4.636018	-1.059333	177.463389
03998		-1.824977	-2.272035	177.302463
03999		1.117693	-3.337378	177.168452
04000		4.103191	-4.366360	177.184808
04001		7.022683	-5.370677	177.552144
04002		9.844697	-6.332765	178.310270
04003		12.418500	-7.496054	179.252963
04004		14.713097	-8.728241	-179.968926
04005		16.852351	-9.737193	-179.784706
04006		18.893591	-10.609138	179.667605
04007		20.749863	-11.405213	178.823947
04008		22.282173	-11.654402	178.037380
04009		23.373666	-11.245757	177.123828
04010		23.891603	-10.506840	176.089212
04011		23.801173	-9.652109	175.136026
04012		23.185298	-8.897208	174.504673
04013		22.240291	-8.275490	174.510246
04014		21.101660	-7.752534	175.258567
04015		19.765986	-7.357576	176.478603
04016		18.342379	-6.890601	178.126554
04017		17.238348	-6.331513	-179.744461
04018		16.999885	-5.754656	-178.067989
04019		17.190173	-5.400046	-177.538306
04020		16.814994	-5.534694	-176.944636
04021		15.636947	-5.860372	-175.801293
04022		14.133543	-5.925857	-174.099265
04023		12.697735	-5.728799	-172.391704
04024		11.570883	-5.180807	-170.995023
04025		10.533262	-4.509884	-169.938689
04026		9.384297	-3.966248	-169.212041
04027		8.293626	-3.428251	-168.513386
04028		7.327337	-2.806202	-167.816236
04029		6.475812	-2.210162	-167.572827
04030		5.849137	-1.792283	-167.916934
04031		5.545984	-1.340526	-168.723191
04032		5.356866	-0.821662	-169.892406
04033		4.960261	-0.536100	-171.348961
04034		4.365634	-0.373973	-172.465554
04035		3.793843	-0.073166	-173.052326
04036		3.201608	0.167757	-173.275419
04037		2.694741	0.426789	-173.107648
04038		2.246613	0.645560	-172.671547
04039		1.884967	0.857297	-172.103664
04040		1.566074	1.045642	-171.612896
04041		1.258711	1.196670	-171.330417
04042		0.909282	1.326522	-171.300368
04043		0.566329	1.478315	-171.487688
04044		0.224209	1.659415	-171.849906
04045		-0.089037	1.821346	-172.255372
04046		-0.423655	1.861559	-172.560747
04047		-0.737814	1.884349	-172.635174
04048		-1.034394	1.973799	-172.498249
04049		-1.296420	2.105113	-172.165797
04050		-1.547569	2.267104	-171.716438
04051		-1.784501	2.439841	-171.267324
04052		-2.066316	2.592791	-170.933330
04053		-2.384450	2.722381	-170.737704
04054		-2.744001	2.891769	-170.698483
04055		-3.144084	3.079456	-170.867936
04056		-3.595549	3.296175	-171.138264
04057		-4.064897	3.511568	-171.421501
04058		-4.572235	3.660531	-171.680111
04059		-5.069551	3.799387	-171.778157
04060		-5.560862	3.966638	-171.754447
04061		-6.031550	4.170282	-171.612140
04062		-6.501389	4.392581	-171.431458
04063		-6.953909	4.613866	-171.248518
04064		-7.410522	4.826893	-171.121802
04065		-7.888169	5.025335	-171.109573
04066		-8.416468	5.208521	-171.233135
04067		-9.003047	5.373161	-171.487248
04068		-9.647645	5.529522	-171.839644
04069		-10.345202	5.681478	-172.201499
04070		-11.104981	5.847442	-172.509791
04071		-11.921651	6.056472	-172.777805
04072		-12.797134	6.317562	-172.979781
04073		-13.720346	6.624102	-173.118340
04074		-14.693954	6.989785	-173.181743
04075		-15.706413	7.415675	-173.167876
04076		-16.761983	7.885432	-173.060574
04077		-17.848733	8.405823	-172.877745
04078		-18.975929	8.960670	-172.645062
04079		-20.124500	9.582193	-172.390635
04080		-21.323607	10.232546	-172.228799
04081		-22.575761	10.901200	-172.114162
04082		-23.883608	11.632889	-172.150636
04083		-25.304231	12.333833	-172.392038
04084		-26.820776	12.943507	-172.850383
04085		-28.407979	13.443984	-173.419321
04086		-30.079151	13.868672	-174.275363
04087		-31.795463	14.247437	-175.320155
04088		-33.453181	14.612773	-176.428307
04089		-35.056941	15.051379	-177.502458
04090		-36.634621	15.569487	-178.523027
04091		-38.224616	16.107589	-179.607692
04092		-39.876747	16.429552	179.143900
04093		-41.586309	16.419726	177.665817
04094		-43.297581	15.920022	175.863740
04095		-44.829856	15.243900	174.390332
04096		-46.003294	14.854886	173.869913
04097		-47.068147	14.684722	173.861424
04098		-47.892295	14.893180	173.850197
04099		-48.340163	15.133023	173.698646
04100		-48.429866	15.000710	173.426919
04101		-48.277864	14.539458	173.091200
04102		-47.860250	14.065175	172.805590
04103		-47.131808	13.756216	172.715730
04104		-46.087506	13.619181	172.959205
04105		-44.778079	13.626488	173.530015
04106		-43.180207	13.763634	174.321291
04107		-41.358511	13.917588	175.246321
04108		-39.352686	13.960465	176.163208
04109		-37.204754	13.818681	176.970757
04110		-34.966786	13.421353	177.628503
04111		-32.733245	12.776300	178.078268
04112		-30.499919	11.892280	178.314846
04113		-28.211222	10.898344	178.392086
04114		-25.827315	9.813455	178.505259
04115		-23.314624	8.693858	178.727116
04116		-20.667997	7.567140	178.932072
04117		-17.934540	6.418348	179.030980
04118		-15.128563	5.246618	179.002572
04119		-12.296076	4.036462	178.837566
04120		-9.461270	2.759273	178.596207
04121		-6.609172	1.466542	178.348272
04122		-3.776386	0.133687	178.196959
04123		-0.898632	-1.120675	178.148905
04124		2.129992	-2.220609	178.103531
04125		5.229839	-3.239604	178.147189
04126		8.258046	-4.289803	178.478115
04127		11.041501	-5.524537	179.150640
04128		13.499604	-6.878900	179.898813
04129		15.749722	-8.028890	-179.729498
04130		17.880997	-9.006190	-179.887255
04131		19.982515	-9.891738	179.587703
04132		21.718020	-10.814974	179.200316
04133		22.951081	-11.181130	179.033555
04134		23.724498	-10.790881	178.518801
04135		23.936136	-10.026203	177.526950
04136		23.562379	-9.202896	176.427512
04137		22.726155	-8.414075	175.709532
04138		21.638965	-7.606751	175.759085
04139		20.404986	-6.896465	176.508890
04140		19.106083	-6.295304	177.934802
04141		18.077020	-5.872855	179.798628
04142		17.679812	-5.548060	-178.382191
04143		17.599958	-5.318786	-177.191977
04144		17.149525	-5.262311	-176.243106
04145		16.081279	-5.496535	-175.009410
04146		14.693509	-5.686562	-173.491560
04147		13.293479	-5.636688	-171.932798
04148		12.101814	-5.239255	-170.629674
04149		11.088468	-4.560106	-169.718944
04150		10.049936	-3.807720	-169.337156
04151		8.958722	-3.169028	-169.279862
04152		7.962073	-2.505450	-169.256974
04153		7.089497	-1.870519	-169.564631
04154		6.408622	-1.430452	-170.424164
04155		5.996521	-1.036843	-171.601854
04156		5.718334	-0.577746	-172.822685
04157		5.334072	-0.252781	-174.002771
04158		4.810282	0.035696	-174.918198
04159		4.215032	0.222843	-175.448149
04160		3.603217	0.299439	-175.270218
04161		3.138574	0.505025	-174.481592
04162		2.774672	0.738930	-173.525065
04163		2.473285	0.965666	-172.462498
04164		2.172375	1.178665	-171.553904
04165		1.830543	1.281948	-170.866357
04166		1.481258	1.386805	-170.322009
04167		1.186365	1.526893	-169.962715
04168		0.898454	1.677905	-169.782654
04169		0.576515	1.790226	-169.798086
04170		0.214784	1.883994	-170.040986
04171		-0.159994	1.955531	-170.405794
04172		-0.506107	2.120525	-170.886625
04173		-0.857062	2.280966	-171.352786
04174		-1.247191	2.404826	-171.757989
04175		-1.581773	2.530365	-172.041640
04176		-1.908383	2.616300	-172.131335
04177		-2.202853	2.700303	-172.122172
04178		-2.506876	2.812146	-172.053793
04179		-2.810093	2.949166	-171.952623
04180		-3.130762	3.100673	-171.880795
04181		-3.465558	3.240007	-171.811675
04182		-3.824855	3.396520	-171.736509
04183		-4.195240	3.575275	-171.654436
04184		-4.589956	3.770820	-171.562899
04185		-4.989252	3.978911	-171.445755
04186		-5.424507	4.154520	-171.341735
04187		-5.891579	4.341803	-171.254322
04188		-6.384587	4.558226	-171.184680
04189		-6.908712	4.794399	-171.141273
04190		-7.484580	5.029511	-171.191607
04191		-8.118835	5.224046	-171.322280
04192		-8.815582	5.444964	-171.525514
04193		-9.559425	5.679159	-171.784429
04194		-10.364168	5.933809	-172.074472
04195		-11.235402	6.153102	-172.389049
04196		-12.148268	6.385142	-172.658411
04197		-13.091530	6.626076	-172.859331
04198		-14.097425	6.886375	-172.974202
04199		-15.131005	7.200992	-172.972853
04200		-16.189452	7.583645	-172.865337
04201		-17.273754	8.032590	-172.690792
04202		-18.382980	8.550188	-172.440274
04203		-19.533716	9.101923	-172.237299
04204		-20.730576	9.651274	-172.045964
04205		-21.967706	10.270743	-171.945144
04206		-23.322000	10.846248	-172.009127
04207		-24.777145	11.403739	-172.204772
04208		-26.330357	11.905130	-172.536423
04209		-27.975467	12.305556	-173.025129
04210		-29.672374	12.623404	-173.660657
04211		-31.375255	12.877332	-174.513322
04212		-33.024096	13.107627	-175.471079
04213		-34.634322	13.452551	-176.447804
04214		-36.179533	14.010646	-177.370384
04215		-37.683924	14.774299	-178.180072
04216		-39.185541	15.453567	-178.946964
04217		-40.717929	15.910848	-179.817084
04218		-42.235790	16.078560	178.988367
04219		-43.690032	15.959501	177.841058
04220		-44.988202	15.813889	177.348260
04221		-46.139415	15.794516	177.309936
04222		-47.039136	15.920756	177.331038
04223		-47.589878	16.038107	177.136140
04224		-47.813627	15.827357	176.727331
04225		-47.826817	15.206215	176.145135
04226		-47.615732	14.381722	175.535679
04227		-47.096911	13.673848	175.096655
04228		-46.289333	13.110462	174.954768
04229		-45.235590	12.706109	175.134013
04230		-43.918638	12.496370	175.570390
04231		-42.383732	12.434918	176.198611
04232		-40.629648	12.404556	176.939307
04233		-38.672136	12.316835	177.716061
04234		-36.536244	12.096513	178.517807
04235		-34.301396	11.693412	179.328796
04236		-31.972684	11.123343	-179.867923
04237		-29.574266	10.402652	-179.063186
04238		-27.049237	9.606622	-178.289754
04239		-24.369365	8.779399	-177.573838
04240		-21.536149	7.879112	-176.905118
04241		-18.604224	6.845648	-176.321589
04242		-15.577722	5.683028	-175.811117
04243		-12.519732	4.380151	-175.392236
04244		-9.481546	2.973074	-175.033935
04245		-6.489923	1.497861	-174.809393
04246		-3.494827	0.027010	-174.755593
04247		-0.422939	-1.476137	-174.898324
04248		2.802267	-3.074495	-175.185075
04249		6.096125	-4.673744	-175.354523
04250		9.240094	-6.106414	-175.223385
04251		12.004461	-7.379465	-174.843399
04252		14.381537	-8.698660	-174.595634
04253		16.627546	-9.981958	-174.837964
04254		18.845026	-11.058608	-175.540814
04255		20.719440	-11.908567	-176.107505
04256		21.976528	-12.152364	-176.536331
04257		22.619761	-11.552839	-177.366152
04258		22.613874	-10.536205	-178.758134
04259		21.853729	-9.552499	179.807952
04260		20.500997	-8.650982	179.080052
04261		18.920234	-7.723332	179.393261
04262		17.461768	-6.770602	-179.262864
04263		16.559163	-6.167678	-177.707287
04264		16.287794	-6.038502	-176.442832
04265		15.985883	-6.275087	-175.488376
04266		15.274343	-6.307149	-173.950041
04267		14.033973	-6.235190	-172.171766
04268		12.527298	-6.294372	-170.352805
04269		11.214235	-6.051611	-168.871045
04270		10.177081	-5.334136	-167.860653
04271		9.228636	-4.506173	-167.378519
04272		8.226946	-3.906455	-167.299448
04273		7.278156	-3.444234	-167.364554
04274		6.534964	-2.795158	-167.581947
04275		6.039882	-2.138151	-168.204224
04276		5.760716	-1.665404	-169.377757
04277		5.582737	-1.355094	-170.927704
04278		5.258799	-1.097374	-172.502994
04279		4.793743	-0.899647	-173.855084
04280		4.322970	-0.697163	-174.845487
04281		3.904633	-0.454756	-175.407067
04282		3.526905	-0.179608	-175.550341
04283		3.200312	0.098323	-175.421477
04284		2.882895	0.359153	-175.189796
04285		2.585368	0.578188	-175.073455
04286		2.292633	0.731925	-175.138373
04287		2.016101	0.844480	-175.307396
04288		1.761986	1.010979	-175.527527
04289		1.520411	1.176019	-175.804138
04290		1.260504	1.294169	-176.010848
04291		0.965477	1.344244	-175.988111
04292		0.678835	1.343469	-175.989738
04293		0.405388	1.244091	-175.762293
04294		0.151436	1.212144	-175.259137
04295		-0.090292	1.219249	-174.645449
04296		-0.336356	1.290756	-173.945401
04297		-0.618122	1.360796	-173.332209
04298		-0.955544	1.425398	-172.867672
04299		-1.322757	1.528707	-172.602873
04300		-1.726887	1.667644	-172.536007
04301		-2.165686	1.801359	-172.635739
04302		-2.637229	1.941431	-172.844042
04303		-3.101692	2.088757	-173.060931
04304		-3.581212	2.244642	-173.258455
04305		-4.033492	2.459968	-173.306371
04306		-4.516969	2.657151	-173.228871
04307		-5.011207	2.823469	-173.103554
04308		-5.521621	3.027778	-172.884362
04309		-6.040083	3.255271	-172.693949
04310		-6.607893	3.472760	-172.536002
04311		-7.200827	3.700523	-172.448772
04312		-7.839264	3.928139	-172.417227
04313		-8.507564	4.179230	-172.431684
04314		-9.225767	4.463838	-172.473468
04315		-9.984607	4.752628	-172.559625
04316		-10.801954	5.049805	-172.671556
04317		-11.645146	5.357957	-172.784380
04318		-12.538214	5.660835	-172.870533
04319		-13.459427	5.972359	-172.893963
04320		-14.415748	6.300363	-172.844955
04321		-15.399172	6.660421	-172.716853
04322		-16.407367	7.062628	-172.559885
04323		-17.448380	7.485811	-172.388688
04324		-18.539246	7.923804	-172.237017
04325		-19.643598	8.399253	-172.155308
04326		-20.816493	8.864610	-172.119292
04327		-22.057416	9.352789	-172.180938
04328		-23.392608	9.826265	-172.368705
04329		-24.813301	10.271724	-172.627004
04330		-26.325625	10.674881	-173.043115
04331		-27.926329	10.984400	-173.602698
04332		-29.551453	11.234460	-174.275905
04333		-31.218541	11.430396	-175.105763
04334		-32.825471	11.664211	-175.999337
04335		-34.361522	12.060899	-176.816589
04336		-35.826787	12.707117	-177.437052
04337		-37.275749	13.496982	-177.822923
04338		-38.686419	14.276709	-178.173173
04339		-40.032767	14.999963	-178.759539
04340		-41.317712	15.467026	-179.627787
04341		-42.566178	15.582004	179.451132
04342		-43.672766	15.644294	179.132063
04343		-44.625817	15.930691	179.502786
04344		-45.453697	16.422785	179.984148
04345		-46.033432	17.075779	-179.791213
04346		-46.260380	17.495088	-179.872399
04347		-46.275015	17.309507	179.873520
04348		-46.125187	16.626073	179.489666
04349		-45.732266	15.826845	179.066498
04350		-44.998262	15.073009	178.805145
04351		-43.955565	14.409012	178.793597
04352		-42.590801	13.878340	179.049384
04353		-40.929752	13.523381	179.528052
04354		-39.022854	13.229154	-179.855298
04355		-36.925588	12.925133	-179.230553
04356		-34.683457	12.536518	-178.670152
04357		-32.407741	11.957766	-178.183463
04358		-30.097310	11.183800	-177.769084
04359		-27.754572	10.273912	-177.420465
04360		-25.333705	9.281119	-177.133140
04361		-22.784436	8.298948	-176.913613
04362		-20.099181	7.262820	-176.703103
04363		-17.318843	6.104356	-176.456929
04364		-14.469499	4.803738	-176.200189
04365		-11.564532	3.410036	-176.001691
04366		-8.585794	1.987990	-175.902665
04367		-5.527345	0.612177	-175.951874
04368		-2.448649	-0.801826	-176.107959
04369		0.627007	-2.267203	-176.311374
04370		3.805861	-3.597814	-176.552172
04371		7.074036	-4.740545	-176.683965
04372		10.153284	-5.977959	-176.417417
04373		12.851561	-7.204325	-175.816308
04374		15.255721	-8.280501	-175.565968
04375		17.501005	-9.340782	-176.144673
04376		19.653618	-10.270296	-177.199514
04377		21.411545	-10.896946	-177.987481
04378		22.640600	-10.777659	-178.584080
04379		23.231347	-10.045280	-179.433318
04380		23.044628	-9.146505	179.449861
04381		22.129872	-8.366098	178.419950
04382		20.795868	-7.575693	178.217058
04383		19.294857	-6.828339	179.021519
04384		17.799381	-6.106060	-179.388928
04385		16.793581	-5.529551	-177.500201
04386		16.530137	-5.275093	-176.018456
04387		16.373249	-5.626332	-174.926019
04388		15.915943	-5.857739	-173.710621
04389		15.007693	-5.771689	-172.234398
04390		13.754197	-5.743997	-170.909949
04391		12.534607	-5.538735	-169.928300
04392		11.583233	-4.775843	-169.393389
04393		10.734839	-3.792716	-169.321410
04394		9.723221	-3.164390	-169.618982
04395		8.655487	-2.876655	-169.950571
04396		7.787000	-2.409685	-170.149965
04397		7.153793	-1.792130	-170.556855
04398		6.733453	-1.357366	-171.285145
04399		6.510010	-1.078117	-172.191946
04400		6.354956	-0.699529	-173.126375
04401		6.025949	-0.430761	-174.014240
04402		5.572893	-0.231530	-174.733308
04403		5.196499	0.025838	-175.193640
04404		4.875291	0.299950	-175.431128
04405		4.596602	0.553972	-175.524003
04406		4.311850	0.783847	-175.628611
04407		4.036586	0.965678	-175.863576
04408		3.756129	1.085503	-176.282086
04409		3.476112	1.170559	-176.814179
04410		3.196799	1.282688	-177.388971
04411		2.934394	1.411223	-178.010309
04412		2.646737	1.501477	-178.648860
04413		2.347590	1.545710	-179.278274
04414		2.031831	1.581822	-179.825932
04415		1.741073	1.624810	179.785750
04416		1.446242	1.659111	179.534479
04417		1.152782	1.694217	179.429409
04418		0.827809	1.722909	179.418914
04419		0.491448	1.769485	179.480849
04420		0.120458	1.816079	179.551343
04421		-0.276373	1.860572	179.619989
04422		-0.708156	1.948718	179.709409
04423		-1.152855	2.051118	179.807505
04424		-1.628242	2.155274	179.923437
04425		-2.120217	2.265364	-179.942255
04426		-2.634355	2.381871	-179.744628
04427		-3.162702	2.503503	-179.476545
04428		-3.695816	2.627224	-179.157186
04429		-4.206484	2.768833	-178.822429
04430		-4.709133	2.945913	-178.474380
04431		-5.241035	3.115000	-178.188248
04432		-5.806863	3.303448	-177.991340
04433		-6.399733	3.486381	-177.907264
04434		-7.041652	3.638953	-177.951292
04435		-7.706700	3.800683	-178.079793
04436		-8.411679	3.960543	-178.222706
04437		-9.132956	4.119578	-178.289925
04438		-9.879534	4.281757	-178.280114
04439		-10.622801	4.484781	-178.113917
04440		-11.389800	4.700521	-177.806219
04441		-12.177027	4.972005	-177.316100
04442		-12.969829	5.327190	-176.792087
04443		-13.791643	5.730012	-176.209997
04444		-14.656773	6.182730	-175.679003
04445		-15.557853	6.664239	-175.239746
04446		-16.510453	7.137220	-174.937286
04447		-17.504350	7.592065	-174.750079
04448		-18.584455	8.013967	-174.661686
04449		-19.709941	8.418596	-174.645965
04450		-20.909906	8.798301	-174.625632
04451		-22.172574	9.240496	-174.680505
04452		-23.517435	9.665838	-174.837195
04453		-24.924099	10.063815	-175.074755
04454		-26.402763	10.439006	-175.424950
04455		-27.992586	10.751566	-175.943351
04456		-29.617063	10.988132	-176.547462
04457		-31.229779	11.236096	-177.220641
04458		-32.771917	11.649405	-177.855780
04459		-34.260679	12.316881	-178.320161
04460		-35.728009	13.145800	-178.538557
04461		-37.241448	14.083349	-178.600959
04462		-38.715837	14.988502	-178.677752
04463		-40.085463	15.759478	-178.966711
04464		-41.327116	16.270412	-179.617392
04465		-42.466535	16.448224	179.765367
04466		-43.420604	16.493613	179.736154
04467		-44.240126	16.656423	-179.766776
04468		-44.953985	17.107111	-179.137162
04469		-45.510050	17.779908	-178.814069
04470		-45.785804	18.334234	-178.780119
04471		-45.852750	18.348301	-178.882199
04472		-45.733270	17.803666	-179.091676
04473		-45.406298	17.006052	-179.368074
04474		-44.707701	16.263128	-179.555856
04475		-43.692218	15.594848	-179.519555
04476		-42.354106	15.018929	-179.184255
04477		-40.720642	14.597865	-178.640708
04478		-38.811786	14.282170	-177.958426
04479		-36.677252	14.004879	-177.259579
04480		-34.367873	13.647755	-176.566168
04481		-31.999795	13.045833	-175.950425
04482		-29.592438	12.258792	-175.441874
04483		-27.203007	11.292539	-175.100585
04484		-24.826413	10.160506	-174.985203
04485		-22.422993	8.900693	-175.048702
04486		-19.925524	7.523744	-175.251044
04487		-17.301806	6.043667	-175.557966
04488		-14.525780	4.485575	-175.898920
04489		-11.614287	2.940409	-176.293585
04490		-8.640504	1.462740	-176.787068
04491		-5.652453	0.135832	-177.448700
04492		-2.652055	-1.062641	-178.251882
04493		0.396382	-2.159847	-179.058514
04494		3.586694	-3.173201	-179.669181
04495		6.839119	-4.131459	-179.753743
04496		9.962159	-5.110041	-179.277025
04497		12.720328	-6.262768	-178.483905
04498		15.156077	-7.276130	-177.961577
04499		17.309203	-8.232916	-178.134652
04500		19.356605	-9.120800	-178.984936
04501		21.158287	-9.838523	-179.858578
04502		22.469724	-10.046362	179.737956
04503		23.266153	-9.555405	179.283928
04504		23.365289	-8.868201	178.515799
04505		22.771581	-8.271950	177.707268
04506		21.693700	-7.735942	177.425640
04507		20.440714	-7.061924	177.894604
04508		19.104697	-6.355131	179.060289
04509		17.916509	-5.620072	-179.482269
04510		17.268581	-4.988592	-178.184394
04511		17.101867	-4.504889	-177.584573
04512		16.637206	-4.492074	-177.157879
04513		15.528397	-4.774111	-176.240009
04514		14.079238	-4.829952	-174.940807
04515		12.645140	-4.592557	-173.914249
04516		11.556433	-3.940851	-173.446235
04517		10.603166	-3.318867	-173.522530
04518		9.594764	-2.853313	-173.923644
04519		8.703837	-2.353280	-174.084864
04520		7.931596	-1.875908	-174.345623
04521		7.285765	-1.593285	-175.022584
04522		6.890501	-1.266111	-175.778056
04523		6.713249	-0.864955	-176.412784
04524		6.475565	-0.564182	-176.914796
04525		5.955878	-0.495952	-177.257912
04526		5.412210	-0.338692	-177.235251
04527		4.976781	-0.074534	-177.002675
04528		4.615588	0.213135	-176.681849
04529		4.273208	0.392565	-176.354444
04530		3.936912	0.474014	-176.086148
04531		3.636764	0.526585	-175.893638
04532		3.365020	0.614471	-175.767218
04533		3.130373	0.729619	-175.713525
04534		2.882420	0.837165	-175.808339
04535		2.598912	0.899177	-176.057315
04536		2.288648	0.927981	-176.424264
04537		1.978584	0.972498	-176.802924
04538		1.652738	1.025816	-177.164119
04539		1.305822	1.074174	-177.453797
04540		0.925448	1.114676	-177.585011
04541		0.529449	1.149965	-177.557790
04542		0.122435	1.216219	-177.406949
04543		-0.272262	1.313275	-177.104533
04544		-0.663818	1.445156	-176.631307
04545		-1.052792	1.608056	-176.021718
04546		-1.471919	1.799759	-175.315620
04547		-1.946122	1.978236	-174.539855
04548		-2.460875	2.220140	-173.825780
04549		-3.007315	2.468593	-173.183726
04550		-3.598025	2.755688	-172.598167
04551		-4.225908	3.052104	-172.184649
04552		-4.879693	3.326932	-171.876401
04553		-5.503772	3.640182	-171.599720
04554		-6.135268	3.930675	-171.379052
04555		-6.772708	4.220337	-171.157519
04556		-7.442909	4.501932	-170.974708
04557		-8.119062	4.805073	-170.833557
04558		-8.838008	5.109291	-170.819540
04559		-9.598009	5.399678	-170.887030
04560		-10.430635	5.638638	-170.990293
04561		-11.281162	5.871085	-171.148760
04562		-12.165188	6.137744	-171.300588
04563		-13.078680	6.432138	-171.438772
04564		-14.019339	6.761355	-171.538035
04565		-14.969569	7.117849	-171.556476
04566		-15.959295	7.506137	-171.507559
04567		-17.005378	7.900537	-171.439475
04568		-18.089128	8.324813	-171.340874
04569		-19.215102	8.789625	-171.255364
04570		-20.412728	9.246064	-171.248640
04571		-21.647065	9.703394	-171.272831
04572		-22.950817	10.171877	-171.370715
04573		-24.322891	10.649195	-171.534572
04574		-25.749040	11.143050	-171.770952
04575		-27.259125	11.586612	-172.148632
04576		-28.914865	11.901311	-172.815376
04577		-30.651777	12.068707	-173.727801
04578		-32.349778	12.220285	-174.742027
04579		-33.990514	12.485534	-175.772621
04580		-35.564832	12.983459	-176.638989
04581		-37.118040	13.767488	-177.303991
04582		-38.661556	14.590626	-177.818690
04583		-40.175961	15.291162	-178.450972
04584		-41.611303	15.754942	-179.338431
04585		-42.966777	15.908970	179.425539
04586		-44.204788	15.640694	178.353544
04587		-45.263947	15.187786	177.924168
04588		-46.128706	14.802210	177.957309
04589		-46.858888	14.670298	177.901646
04590		-47.329911	14.876688	177.676326
04591		-47.516097	15.036787	177.291410
04592		-47.454743	14.796708	176.798243
04593		-47.180787	14.210281	176.298692
04594		-46.602921	13.568341	175.919821
04595		-45.639448	13.053801	175.862832
04596		-44.319959	12.708090	176.201416
04597		-42.694889	12.574312	176.888007
04598		-40.765661	12.647813	177.821512
04599		-38.611231	12.807816	178.866098
04600		-36.270958	12.897338	179.873104
04601		-33.817197	12.813748	-179.295251
04602		-31.356250	12.398689	-178.681829
04603		-28.961781	11.603598	-178.349452
04604		-26.564080	10.560134	-178.214059
04605		-24.117056	9.366754	-178.142993
04606		-21.551931	8.133024	-178.085503
04607		-18.881200	6.895734	-178.119168
04608		-16.100037	5.638584	-178.353922
04609		-13.202246	4.326026	-178.784397
04610		-10.233213	2.914563	-179.189603
04611		-7.288283	1.428032	-179.457274
04612		-4.391243	-0.077419	-179.672846
04613		-1.440768	-1.471001	-179.913158
04614		1.660311	-2.761822	179.918449
04615		4.841436	-4.063403	-179.986837
04616		7.953100	-5.377981	-179.517918
04617		10.731300	-6.765071	-178.735661
04618		13.103587	-8.268863	-178.042915
04619		15.296356	-9.650990	-177.831586
04620		17.487806	-10.730776	-178.055673
04621		19.595476	-11.584560	-178.544280
04622		21.132355	-12.139593	-179.095433
04623		22.180722	-11.877123	179.913525
04624		22.782668	-10.950834	178.170931
04625		22.781250	-9.622074	175.960501
04626		22.083948	-8.270182	173.936109
04627		20.918612	-7.013665	172.762879
04628		19.631757	-5.867546	172.638542
04629		18.411158	-5.102457	173.646946
04630		17.499609	-4.777123	175.372972
04631		17.143195	-4.628964	177.238133
04632		16.933908	-4.530921	178.781683
04633		16.169707	-5.039216	-179.271026
04634		14.880915	-5.758410	-176.763117
04635		13.472302	-6.024364	-173.962454
04636		12.121126	-5.867794	-171.673688
04637		10.930104	-5.293119	-170.177544
04638		9.790728	-4.512786	-169.520396
04639		8.764325	-3.665008	-169.634640
04640		7.827432	-2.904875	-170.293464
04641		6.909167	-2.370440	-171.366835
04642		6.114470	-1.991389	-172.336216
04643		5.566263	-1.665288	-173.094466
04644		5.221407	-1.293021	-173.975395
04645		4.870851	-1.040765	-174.843717
04646		4.304917	-0.892554	-175.287090
04647		3.661225	-0.750484	-175.004649
04648		3.104642	-0.581203	-174.126471
04649		2.661851	-0.385210	-172.872978
04650		2.330822	-0.072336	-171.501947
04651		2.027917	0.256767	-170.241622
04652		1.680308	0.532170	-169.199411
04653		1.339250	0.784539	-168.411589
04654		1.003483	1.009753	-167.939378
04655		0.691277	1.207627	-167.788203
04656		0.349775	1.351277	-167.865599
04657		-0.004932	1.463861	-168.057771
04658		-0.376431	1.540504	-168.275242
04659		-0.724158	1.606829	-168.436705
04660		-1.042440	1.698805	-168.484766
04661		-1.325346	1.821344	-168.423515
04662		-1.605473	1.971735	-168.311300
04663		-1.879949	2.123384	-168.201867
04664		-2.167409	2.293285	-168.155693
04665		-2.482011	2.423245	-168.192994
04666		-2.835943	2.532025	-168.339259
04667		-3.208639	2.642057	-168.533714
04668		-3.601562	2.747552	-168.691151
04669		-3.974763	2.876406	-168.791219
04670		-4.361179	3.047239	-168.834971
04671		-4.759079	3.252398	-168.801130
04672		-5.190968	3.473115	-168.730076
04673		-5.650592	3.699038	-168.666342
04674		-6.157357	3.950626	-168.656341
04675		-6.709557	4.225513	-168.749519
04676		-7.308619	4.506159	-168.966711
04677		-7.964599	4.744872	-169.295004
04678		-8.678639	4.963664	-169.701346
04679		-9.458826	5.164344	-170.166735
04680		-10.295537	5.362514	-170.637688
04681		-11.166838	5.579606	-171.072689
04682		-12.083758	5.821639	-171.439872
04683		-13.037572	6.082063	-171.726871
04684		-14.025134	6.373883	-171.888632
04685		-15.033798	6.716269	-171.947781
04686		-16.056471	7.110918	-171.932266
04687		-17.101528	7.551117	-171.874064
04688		-18.180293	8.022333	-171.819816
04689		-19.282647	8.504730	-171.787812
04690		-20.406257	8.971628	-171.724120
04691		-21.577379	9.477912	-171.695729
04692		-22.838652	10.000722	-171.758510
04693		-24.173023	10.517878	-171.957642
04694		-25.580960	11.029619	-172.380454
04695		-27.086678	11.559375	-173.038989
04696		-28.701393	12.066415	-174.044952
04697		-30.468764	12.306692	-175.427477
04698		-32.315134	12.281673	-177.042094
04699		-34.059969	12.339549	-178.509340
04700		-35.629070	12.639603	-179.611335
04701		-37.115668	13.198156	179.538352
04702		-38.596542	13.841866	178.756557
04703		-40.118675	14.197000	177.848649
04704		-41.596612	14.170935	176.788174
04705		-43.032007	13.913346	175.796391
04706		-44.429256	13.592692	175.055368
04707		-45.746615	13.372968	174.651400
04708		-46.904834	13.192170	174.520317
04709		-47.816469	13.054373	174.365971
04710		-48.354706	12.989907	174.081470
04711		-48.571159	12.841244	173.733360
04712		-48.469157	12.558319	173.400134
04713		-48.088481	12.227746	173.150681
04714		-47.441987	11.935637	173.054413
04715		-46.588688	11.749292	173.169018
04716		-45.546013	11.648799	173.478926
04717		-44.310144	11.595132	173.932445
04718		-42.861036	11.510143	174.483285
04719		-41.197694	11.365549	175.055167
04720		-39.311625	11.109471	175.609049
04721		-37.253627	10.727329	176.161962
04722		-35.039874	10.258626	176.727747
04723		-32.697517	9.720211	177.204908
04724		-30.248591	9.065119	177.575785
04725		-27.709278	8.319647	177.911976
04726		-25.096559	7.447689	178.242968
04727		-22.447884	6.473136	178.546328
04728		-19.788564	5.415572	178.813462
04729		-17.132460	4.286322	178.967114
04730		-14.407563	3.103957	178.944339
04731		-11.599184	1.852858	178.795205
04732		-8.737070	0.525815	178.676263
04733		-5.845537	-0.807922	178.647427
04734		-2.883235	-2.064674	178.640768
04735		0.151555	-3.250313	178.607996
04736		3.174702	-4.462502	178.645179
04737		6.095993	-5.721637	178.909602
04738		8.864003	-6.971980	179.447337
04739		11.411786	-8.284697	179.988958
04740		13.760954	-9.652467	-179.846083
04741		16.075489	-10.881341	179.869707
04742		18.369053	-11.974758	179.363140
04743		20.195592	-12.849315	178.921484
04744		21.497405	-12.947679	178.166336
04745		22.311571	-12.350910	176.851874
04746		22.568398	-11.290412	175.137763
04747		22.191560	-10.145602	173.460122
04748		21.260850	-9.129403	172.359870
04749		20.058884	-8.202441	172.334813
04750		18.786531	-7.540239	173.531947
04751		17.584052	-7.157722	175.624972
04752		16.894292	-6.852742	177.745262
04753		16.741155	-6.126628	178.796857
04754		16.045074	-6.333349	179.918429
04755		14.530215	-7.118535	-178.123891
04756		12.795636	-7.329084	-175.390370
04757		11.044818	-7.336786	-172.911775
04758		9.539095	-6.987947	-170.853119
04759		8.288712	-6.411287	-169.193123
04760		7.204239	-5.636965	-167.915180
04761		6.308095	-4.842491	-167.339492
04762		5.489241	-4.291311	-167.388101
04763		4.780719	-3.889724	-167.669820
04764		4.310251	-3.385167	-168.224620
04765		4.024091	-2.841170	-169.162080
04766		3.659220	-2.507304	-170.266004
04767		3.017920	-2.370170	-171.120826
04768		2.233051	-2.181809	-171.415053
04769		1.545464	-1.968651	-171.049791
04770		0.997171	-1.707112	-170.147892
04771		0.576939	-1.345381	-168.947121
04772		0.232617	-0.864343	-167.730391
04773		-0.080653	-0.421433	-166.724293
04774		-0.375708	-0.017246	-166.096242
04775		-0.676058	0.300261	-165.897201
04776		-1.024826	0.522515	-166.047477
04777		-1.402957	0.653042	-166.381504
04778		-1.797089	0.725610	-166.783086
04779		-2.180773	0.762552	-167.128192
04780		-2.521562	0.825360	-167.354788
04781		-2.790840	0.968127	-167.404674
04782		-3.035801	1.155274	-167.307322
04783		-3.251116	1.356748	-167.131140
04784		-3.463226	1.537635	-166.960179
04785		-3.680103	1.680482	-166.879855
04786		-3.928358	1.796615	-166.935456
04787		-4.192514	1.905967	-167.106836
04788		-4.485800	2.026528	-167.369919
04789		-4.798417	2.122686	-167.663054
04790		-5.133921	2.214193	-167.906799
04791		-5.465800	2.315691	-168.110219
04792		-5.809044	2.419813	-168.287841
04793		-6.165099	2.536890	-168.412034
04794		-6.539372	2.690670	-168.482888
04795		-6.929117	2.869678	-168.527575
04796		-7.370165	3.074171	-168.597599
04797		-7.854207	3.286512	-168.707906
04798		-8.395704	3.501732	-168.888614
04799		-9.001787	3.691747	-169.133043
04800		-9.701723	3.875180	-169.451247
04801		-10.475368	4.065865	-169.834815
04802		-11.318776	4.283549	-170.251515
04803		-12.216763	4.526434	-170.668712
04804		-13.178409	4.783345	-171.048676
04805		-14.193669	5.055398	-171.324831
04806		-15.267437	5.358467	-171.487317
04807		-16.390677	5.722900	-171.526724
04808		-17.555945	6.165518	-171.483444
04809		-18.747216	6.688321	-171.316929
04810		-19.988586	7.285334	-171.116592
04811		-21.252101	7.934256	-170.833939
04812		-22.498749	8.703493	-170.486918
04813		-23.808723	9.547229	-170.230163
04814		-25.193647	10.431269	-170.127437
04815		-26.657340	11.253114	-170.291036
04816		-28.151899	11.946719	-170.765205
04817		-29.710736	12.526917	-171.555394
04818		-31.355068	12.985500	-172.790494
04819		-33.000650	13.335174	-174.286313
04820		-34.586224	13.573245	-175.866174
04821		-36.184482	13.767806	-177.552755
04822		-37.856175	13.849928	-179.244049
04823		-39.593267	13.743767	179.029630
04824		-41.327814	13.337308	177.222321
04825		-43.084135	12.666422	175.472458
04826		-44.783598	11.862918	174.123310
04827		-46.409934	11.090867	173.122362
04828		-47.840003	10.339195	172.051592
04829		-49.012369	9.481575	171.012421
04830		-49.781565	8.712204	170.137866
04831		-50.062871	8.308893	169.517772
04832		-49.869171	8.454554	169.290574
04833		-49.322139	9.045870	169.493628
04834		-48.414516	9.963435	170.082910
04835		-47.211206	11.049400	170.956530
04836		-45.750758	12.149907	172.011472
04837		-44.110643	13.108025	173.171397
04838		-42.301466	13.857461	174.397034
04839		-40.388231	14.396592	175.605264
04840		-38.445639	14.636684	176.754500
04841		-36.481504	14.568817	177.817978
04842		-34.431864	14.217344	178.778822
04843		-32.274721	13.628724	179.595244
04844		-29.982506	12.848314	-179.735039
04845		-27.583838	11.894878	-179.181600
04846		-25.067576	10.793120	-178.723210
04847		-22.455616	9.564253	-178.374104
04848		-19.787522	8.232346	-178.093638
04849		-17.160858	6.832462	-177.900451
04850		-14.631087	5.344386	-177.943075
04851		-12.167626	3.785347	-178.317148
04852		-9.630778	2.209615	-178.975429
04853		-6.962858	0.667853	-179.784597
04854		-4.131999	-0.748617	179.383282
04855		-1.144899	-1.981578	178.605307
04856		1.933629	-3.113318	178.015030
04857		5.002118	-4.208982	177.783791
04858		7.972598	-5.315137	177.979498
04859		10.754211	-6.492722	178.398032
04860		13.359816	-7.686267	178.667263
04861		15.822221	-8.855254	178.534666
04862		18.174385	-9.942468	177.908049
04863		20.455039	-10.777185	176.948193
04864		22.487172	-11.194966	175.964491
04865		23.987589	-11.035266	174.802543
04866		24.804627	-10.335353	173.342407
04867		24.968283	-9.183380	171.724200
04868		24.511075	-7.965891	170.352149
04869		23.562354	-6.954510	169.641053
04870		22.394448	-6.138819	169.795806
04871		21.129018	-5.494877	170.670656
04872		19.766573	-4.988829	172.057434
04873		18.508620	-4.578682	174.055807
04874		17.861650	-4.316765	176.326393
04875		17.858103	-4.207054	178.193052
04876		17.640361	-4.559580	179.950766
04877		16.838665	-4.955335	-177.867759
04878		15.496316	-5.331034	-175.242698
04879		14.028895	-5.531852	-172.449978
04880		12.776081	-5.306220	-170.149416
04881		11.683374	-4.630324	-168.560867
04882		10.422428	-3.907891	-167.525179
04883		9.231144	-3.182978	-166.994282
04884		8.185030	-2.460427	-166.989760
04885		7.219472	-1.835476	-167.365412
04886		6.442920	-1.418034	-168.019292
04887		5.973677	-0.973552	-168.852791
04888		5.655684	-0.499527	-169.726456
04889		5.265138	-0.157031	-170.481134
04890		4.656943	0.071408	-170.959808
04891		3.978528	0.277757	-170.962945
04892		3.370621	0.531188	-170.447902
04893		2.911407	0.868024	-169.696459
04894		2.561278	1.215248	-168.957139
04895		2.238634	1.465769	-168.418384
04896		1.889362	1.653314	-168.152352
04897		1.533164	1.818463	-168.154864
04898		1.183965	1.949216	-168.386726
04899		0.859610	2.082104	-168.756211
04900		0.541502	2.178261	-169.185365
04901		0.236135	2.225955	-169.573107
04902		-0.054508	2.302127	-169.887019
04903		-0.325165	2.371890	-170.121689
04904		-0.559900	2.482304	-170.218965
04905		-0.756351	2.604731	-170.239595
04906		-0.942196	2.718458	-170.252622
04907		-1.121610	2.812262	-170.285674
04908		-1.319236	2.905639	-170.421494
04909		-1.557564	2.948088	-170.751333
04910		-1.844515	2.981300	-171.322402
04911		-2.177604	3.011694	-172.038840
04912		-2.552803	3.098246	-172.845912
04913		-2.951861	3.228582	-173.663160
04914		-3.385391	3.323335	-174.306541
04915		-3.825099	3.349283	-174.698509
04916		-4.241831	3.393293	-174.936053
04917		-4.642090	3.468515	-174.951650
04918		-5.050872	3.595243	-174.819510
04919		-5.436223	3.787387	-174.600939
04920		-5.837874	3.964078	-174.423084
04921		-6.261856	4.128355	-174.375596
04922		-6.753335	4.286272	-174.494679
04923		-7.312702	4.448761	-174.779413
04924		-7.982750	4.559367	-175.224781
04925		-8.708575	4.696396	-175.601045
04926		-9.499848	4.830626	-175.919334
04927		-10.300305	5.079145	-176.063123
04928		-11.133441	5.398076	-176.087951
04929		-11.995874	5.769787	-175.967321
04930		-12.891440	6.163147	-175.751654
04931		-13.819912	6.586989	-175.519632
04932		-14.792941	7.062092	-175.283175
04933		-15.798169	7.583306	-175.091067
04934		-16.847538	8.108503	-174.946703
04935		-17.939964	8.655727	-174.849925
04936		-19.084208	9.204652	-174.862306
04937		-20.247257	9.772982	-174.833702
04938		-21.473949	10.416385	-174.875905
04939		-22.768323	11.099069	-175.054069
04940		-24.128871	11.751326	-175.349654
04941		-25.503332	12.409225	-175.724294
04942		-26.949623	13.082343	-176.216725
04943		-28.472578	13.752956	-176.882510
04944		-30.011896	14.393302	-177.701666
04945		-31.488622	15.033051	-178.613707
04946		-32.917919	15.645480	-179.540289
04947		-34.343459	16.251417	179.539502
04948		-35.803003	16.746067	178.604496
04949		-37.340534	17.025905	177.555107
04950		-38.906967	17.025431	176.318823
04951		-40.453072	16.695943	174.736827
04952		-41.952947	15.927058	173.176683
04953		-43.321436	14.959126	172.113475
04954		-44.493204	14.128326	171.707232
04955		-45.563591	13.665898	171.436212
04956		-46.401820	13.672376	171.116151
04957		-46.893571	13.798557	170.812884
04958		-47.047498	13.681545	170.538345
04959		-46.921514	13.338253	170.287733
04960		-46.520967	12.958154	170.118002
04961		-45.806935	12.703023	170.164852
04962		-44.773148	12.624520	170.563730
04963		-43.505702	12.714721	171.303806
04964		-41.992569	12.935612	172.263976
04965		-40.260211	13.196930	173.310358
04966		-38.304855	13.378905	174.370659
04967		-36.186126	13.384060	175.398043
04968		-33.956313	13.164029	176.334946
04969		-31.702304	12.666494	177.174092
04970		-29.427981	11.939441	177.884875
04971		-27.134019	11.051786	178.452321
04972		-24.786657	10.039632	178.897011
04973		-22.370319	8.926897	179.200538
04974		-19.840986	7.720308	179.428559
04975		-17.204677	6.423289	179.675887
04976		-14.464378	5.086791	179.934138
04977		-11.693459	3.717113	-179.911351
04978		-8.937603	2.306439	-179.922782
04979		-6.181853	0.914297	179.846847
04980		-3.379424	-0.466802	179.476156
04981		-0.476849	-1.795908	179.041527
04982		2.539983	-3.026114	178.603680
04983		5.637630	-4.127795	178.280609
04984		8.756649	-5.109497	178.265702
04985		11.738509	-6.128301	178.638882
04986		14.354774	-7.325563	179.209517
04987		16.775476	-8.439955	179.364245
04988		19.050722	-9.583251	178.732268
04989		21.016670	-10.910716	177.738330
04990		22.711401	-11.395496	176.655853
04991		23.899225	-10.841985	175.352258
04992		24.363782	-9.759065	173.857117
04993		24.018408	-8.658638	172.340339
04994		23.024375	-7.624337	171.147761
04995		21.753183	-6.665531	170.846741
04996		20.501555	-5.954284	171.654536
04997		19.222466	-5.587500	173.469023
04998		18.066628	-5.347193	175.882169
04999		17.370855	-5.138827	178.428438
05000		17.159696	-4.949992	-179.598697
05001		16.809629	-4.903279	-178.383610
05002		15.847983	-5.223736	-177.246732
05003		14.432531	-5.555847	-175.908412
05004		12.949140	-5.492381	-174.576562
05005		11.651251	-4.959839	-173.597853
05006		10.566133	-4.183159	-173.077899
05007		9.503887	-3.459060	-172.972292
05008		8.390853	-2.955778	-173.002000
05009		7.407442	-2.476040	-172.908434
05010		6.592485	-2.040687	-172.909998
05011		5.968876	-1.803816	-172.982106
05012		5.658257	-1.409903	-173.137895
05013		5.557749	-0.819564	-173.489049
05014		5.392137	-0.323424	-174.089923
05015		4.939315	-0.102440	-174.686471
05016		4.383730	0.071267	-174.887533
05017		3.868675	0.278706	-174.625569
05018		3.397249	0.545911	-174.039543
05019		3.010233	0.894476	-173.436416
05020		2.633256	1.116656	-172.907138
05021		2.311473	1.345466	-172.519323
05022		1.953198	1.530076	-172.425097
05023		1.559720	1.744079	-172.638678
05024		1.142823	1.963060	-173.178200
05025		0.750565	2.121972	-173.999253
05026		0.368792	2.225366	-174.950783
05027		0.006607	2.292640	-175.984668
05028		-0.370021	2.343010	-176.981656
05029		-0.698153	2.431657	-177.758784
05030		-1.018570	2.523040	-178.247252
05031		-1.324415	2.600749	-178.490273
05032		-1.612838	2.716654	-178.539128
05033		-1.896117	2.842820	-178.482955
05034		-2.198672	2.976059	-178.395601
05035		-2.519833	3.088935	-178.353084
05036		-2.877594	3.183584	-178.359209
05037		-3.262533	3.223935	-178.421384
05038		-3.677072	3.224858	-178.456742
05039		-4.068026	3.251294	-178.487617
05040		-4.464168	3.244496	-178.418144
05041		-4.850581	3.290116	-178.236246
05042		-5.284865	3.352939	-178.070427
05043		-5.772039	3.424309	-177.944737
05044		-6.307884	3.496117	-177.886372
05045		-6.838767	3.598517	-177.862151
05046		-7.379097	3.734923	-177.863434
05047		-7.936170	3.863896	-177.892624
05048		-8.515385	4.021236	-177.850810
05049		-9.158991	4.108640	-177.695458
05050		-9.797329	4.330867	-177.475964
05051		-10.457233	4.561399	-177.259993
05052		-11.157692	4.854852	-177.000003
05053		-11.915678	5.156734	-176.803449
05054		-12.747226	5.487847	-176.662902
05055		-13.636592	5.827009	-176.609644
05056		-14.603197	6.130061	-176.578556
05057		-15.625321	6.426137	-176.551614
05058		-16.686784	6.788224	-176.459537
05059		-17.787163	7.208073	-176.308157
05060		-18.921187	7.699830	-176.115822
05061		-20.126663	8.199342	-175.901936
05062		-21.348484	8.734331	-175.695287
05063		-22.627905	9.285344	-175.492709
05064		-23.946668	9.882054	-175.360265
05065		-25.335497	10.486866	-175.347133
05066		-26.803589	11.038586	-175.445716
05067		-28.353580	11.518634	-175.691479
05068		-29.986767	11.926747	-176.090548
05069		-31.661462	12.289708	-176.745202
05070		-33.278795	12.642217	-177.510176
05071		-34.830119	13.069778	-178.281645
05072		-36.330576	13.648498	-178.987299
05073		-37.847519	14.373749	-179.595365
05074		-39.363780	15.058484	179.802049
05075		-40.815027	15.651206	179.065144
05076		-42.186450	15.972280	178.052175
05077		-43.571029	15.792607	176.973461
05078		-44.755990	15.601411	176.366593
05079		-45.713853	15.699526	176.496933
05080		-46.582426	15.966511	176.732790
05081		-47.287302	16.418616	176.825781
05082		-47.624450	16.703615	176.773105
05083		-47.665835	16.497480	176.660450
05084		-47.488908	15.888233	176.496341
05085		-47.037635	15.247956	176.372321
05086		-46.212473	14.759609	176.524637
05087		-45.051823	14.476681	177.039559
05088		-43.516776	14.445827	177.868641
05089		-41.666199	14.608038	178.897359
05090		-39.567792	14.789820	-179.989880
05091		-37.297718	14.867595	-178.911045
05092		-34.945068	14.691033	-177.949401
05093		-32.633723	14.159294	-177.187539
05094		-30.339332	13.345498	-176.642034
05095		-28.033713	12.369197	-176.222002
05096		-25.673739	11.272253	-175.888479
05097		-23.230729	10.139206	-175.676729
05098		-20.686096	8.918898	-175.645539
05099		-18.040456	7.600156	-175.788412
05100		-15.314013	6.170377	-175.965658
05101		-12.529911	4.710791	-176.169654
05102		-9.652450	3.289525	-176.387265
05103		-6.767267	1.874400	-176.553356
05104		-3.929990	0.438329	-176.540386
05105		-1.053286	-0.867059	-176.428566
05106		1.953073	-2.044605	-176.314476
05107		5.067496	-3.232018	-176.237799
05108		8.244975	-4.467802	-176.049391
05109		11.285787	-5.789605	-175.554449
05110		13.985100	-7.110074	-174.897671
05111		16.359822	-8.282342	-174.601422
05112		18.562228	-9.368124	-174.958505
05113		20.746771	-10.317944	-175.852706
05114		22.663315	-11.040228	-176.734162
05115		24.079224	-11.071146	-177.410477
05116		24.936356	-10.491403	-178.360061
05117		25.125495	-9.638667	-179.526692
05118		24.631869	-8.762063	179.415976
05119		23.585444	-7.966960	178.845103
05120		22.277247	-7.135543	178.983276
05121		20.856324	-6.268552	179.857118
05122		19.521738	-5.514471	-178.599566
05123		18.687620	-5.019053	-176.810679
05124		18.508590	-4.491723	-175.741772
05125		18.118698	-4.333649	-174.886368
05126		16.816571	-4.936034	-173.281065
05127		15.072119	-5.206479	-170.806717
05128		13.309948	-5.049336	-168.486948
05129		11.835521	-4.485569	-166.863601
05130		10.592415	-3.701649	-165.780270
05131		9.402917	-2.975010	-165.140827
05132		8.286962	-2.300165	-164.681180
05133		7.392031	-1.464527	-164.481569
05134		6.672196	-0.738180	-164.883951
05135		6.213112	-0.226025	-165.887378
05136		6.053231	0.319069	-167.312094
05137		5.817509	0.735605	-168.946126
05138		5.160407	0.711331	-170.751528
05139		4.463679	0.789643	-172.166071
05140		3.845499	1.139023	-172.982960
05141		3.339505	1.554926	-173.428823
05142		2.896267	1.965438	-173.579651
05143		2.496335	2.329267	-173.511723
05144		2.124517	2.651648	-173.393716
05145		1.776146	2.861515	-173.450500
05146		1.486345	3.021532	-173.634396
05147		1.232320	3.211149	-173.905425
05148		0.928567	3.406477	-174.311480
05149		0.564550	3.541568	-174.893312
05150		0.158733	3.640292	-175.584082
05151		-0.226601	3.703025	-176.237527
05152		-0.600481	3.744529	-176.791337
05153		-0.976972	3.788362	-177.204734
05154		-1.366512	3.864674	-177.448917
05155		-1.741041	3.966816	-177.526715
05156		-2.105640	4.076390	-177.454871
05157		-2.451854	4.173227	-177.307457
05158		-2.818226	4.247805	-177.144305
05159		-3.214073	4.295440	-177.001332
05160		-3.635510	4.353524	-176.885821
05161		-4.059439	4.403064	-176.818655
05162		-4.486717	4.483881	-176.779911
05163		-4.923956	4.547016	-176.766938
05164		-5.384505	4.594900	-176.787021
05165		-5.883037	4.635850	-176.853667
05166		-6.442771	4.687674	-176.995249
05167		-7.051419	4.729596	-177.212579
05168		-7.714809	4.790626	-177.472988
05169		-8.407791	4.894479	-177.744770
05170		-9.166182	4.980776	-177.880776
05171		-9.962241	5.116563	-177.805233
05172		-10.756968	5.338581	-177.736010
05173		-11.604704	5.600323	-177.507480
05174		-12.491917	5.912929	-177.254790
05175		-13.428032	6.241281	-177.009506
05176		-14.404628	6.608519	-176.762693
05177		-15.426686	6.997498	-176.549311
05178		-16.506579	7.433495	-176.401608
05179		-17.632558	7.890613	-176.279610
05180		-18.803714	8.363725	-176.168941
05181		-20.028137	8.869066	-176.022656
05182		-21.282559	9.431382	-175.939035
05183		-22.590779	10.025082	-175.856605
05184		-23.976051	10.672736	-175.927983
05185		-25.491745	11.281745	-176.169609
05186		-27.110234	11.795086	-176.598859
05187		-28.841830	12.179537	-177.167811
05188		-30.620261	12.561387	-177.892138
05189		-32.355756	13.008668	-178.624063
05190		-34.011922	13.627346	-179.231709
05191		-35.628179	14.502263	-179.682235
05192		-37.211081	15.513061	-179.995511
05193		-38.798011	16.556863	179.689697
05194		-40.325499	17.520012	179.223801
05195		-41.823989	18.166617	178.471530
05196		-43.292370	18.342371	177.490230
05197		-44.610146	18.307425	177.026628
05198		-45.584391	18.419535	177.438071
05199		-46.403568	18.683374	178.001366
05200		-47.055735	19.171744	178.271079
05201		-47.462150	19.579010	178.261734
05202		-47.597422	19.525853	178.096416
05203		-47.550630	18.977624	177.806590
05204		-47.308550	18.174814	177.514808
05205		-46.770484	17.359350	177.368052
05206		-45.905640	16.627112	177.496375
05207		-44.742417	16.045478	177.910189
05208		-43.251693	15.639307	178.551911
05209		-41.485857	15.349362	179.325780
05210		-39.483686	15.025252	-179.856766
05211		-37.304282	14.594546	-179.131275
05212		-34.999349	13.996332	-178.524513
05213		-32.683622	13.152697	-178.034562
05214		-30.336301	12.137321	-177.623911
05215		-27.932704	11.073013	-177.240469
05216		-25.412510	10.000789	-176.856425
05217		-22.756655	8.925842	-176.494512
05218		-19.977197	7.797112	-176.177711
05219		-17.091129	6.633759	-175.885742
05220		-14.103194	5.408485	-175.627974
05221		-11.031504	4.083469	-175.348281
05222		-7.897783	2.672500	-174.992663
05223		-4.773341	1.222504	-174.607146
05224		-1.690398	-0.251885	-174.278436
05225		1.371856	-1.729986	-174.096998
05226		4.467886	-3.253991	-174.076410
05227		7.585843	-4.819428	-174.185863
05228		10.647283	-6.327574	-174.229826
05229		13.410877	-7.753877	-174.119594
05230		15.831251	-9.118394	-174.140862
05231		18.115150	-10.304891	-174.584018
05232		20.389172	-11.206451	-175.269808
05233		22.306293	-11.974800	-175.678221
05234		23.649778	-12.082028	-176.126140
05235		24.405179	-11.581657	-177.206566
05236		24.573578	-10.570809	-178.835806
05237		24.040085	-9.406279	179.495040
05238		22.889038	-8.307867	178.425597
05239		21.473899	-7.199656	178.287016
05240		20.069043	-6.175827	179.280432
05241		19.115902	-5.529734	-179.050736
05242		18.967351	-5.088172	-177.705249
05243		18.896142	-4.772402	-177.070845
05244		17.866955	-5.394752	-175.553644
05245		16.212667	-5.920998	-172.995776
05246		14.458865	-6.048282	-170.325884
05247		12.922884	-5.713912	-168.428719
05248		11.726154	-4.851346	-167.372438
05249		10.556604	-3.976846	-167.173851
05250		9.357059	-3.265199	-167.483429
05251		8.301097	-2.480181	-167.697664
05252		7.351657	-1.795562	-168.214832
05253		6.671498	-1.325096	-169.180114
05254		6.297023	-0.810078	-170.257110
05255		6.092362	-0.389225	-171.220113
05256		5.886631	-0.000131	-171.884565
05257		5.334945	0.221441	-172.167653
05258		4.589923	0.453320	-171.947130
05259		4.023169	0.838788	-171.441489
05260		3.607951	1.283521	-170.875633
05261		3.244159	1.602504	-170.426104
05262		2.898047	1.815706	-170.196639
05263		2.564799	2.005303	-170.296836
05264		2.226009	2.178598	-170.737223
05265		1.920861	2.356212	-171.437057
05266		1.607646	2.552364	-172.313545
05267		1.249092	2.686087	-173.278651
05268		0.856999	2.764323	-174.218909
05269		0.500546	2.865221	-174.988857
05270		0.151899	2.973584	-175.548856
05271		-0.175815	3.080305	-175.919718
05272		-0.499381	3.211230	-176.117993
05273		-0.814527	3.359291	-176.156578
05274		-1.155753	3.477550	-176.130579
05275		-1.516715	3.542800	-176.079445
05276		-1.926308	3.568361	-175.991737
05277		-2.336216	3.615542	-175.920769
05278		-2.769609	3.712084	-175.852152
05279		-3.232971	3.830119	-175.796119
05280		-3.721255	3.920088	-175.796588
05281		-4.217089	4.051748	-175.792464
05282		-4.741927	4.214878	-175.816920
05283		-5.288743	4.376641	-175.864436
05284		-5.866273	4.534124	-175.915627
05285		-6.448128	4.715039	-175.940201
05286		-7.042085	4.890569	-175.931753
05287		-7.646982	5.033246	-175.832237
05288		-8.256869	5.189121	-175.739532
05289		-8.878137	5.335653	-175.623896
05290		-9.522036	5.501547	-175.523972
05291		-10.183723	5.692662	-175.469625
05292		-10.899394	5.892154	-175.418272
05293		-11.649105	6.092954	-175.364596
05294		-12.443702	6.325985	-175.269487
05295		-13.272538	6.580758	-175.141281
05296		-14.158675	6.873769	-174.969595
05297		-15.081439	7.213284	-174.775423
05298		-16.056309	7.585586	-174.572756
05299		-17.049900	7.987568	-174.341493
05300		-18.119539	8.387732	-174.106609
05301		-19.224114	8.814581	-173.858915
05302		-20.353734	9.295039	-173.564413
05303		-21.517467	9.832030	-173.239586
05304		-22.735468	10.416464	-173.043405
05305		-24.044275	10.944599	-173.040755
05306		-25.432678	11.389260	-173.326434
05307		-26.940315	11.681565	-173.890622
05308		-28.553379	11.811536	-174.781258
05309		-30.212533	11.896624	-175.847864
05310		-31.819415	12.103589	-176.922960
05311		-33.368486	12.502761	-177.869955
05312		-34.840991	13.124646	-178.614088
05313		-36.259798	13.895370	-179.160348
05314		-37.707821	14.575002	-179.668041
05315		-39.165980	15.178800	179.721929
05316		-40.634486	15.581366	178.998158
05317		-42.066259	15.827391	178.387486
05318		-43.362566	16.046517	178.186080
05319		-44.545491	16.264478	178.212542
05320		-45.512812	16.525510	178.298427
05321		-46.175568	16.765054	178.279328
05322		-46.508866	16.812326	178.045356
05323		-46.641404	16.509137	177.622842
05324		-46.564292	15.938169	177.160299
05325		-46.239251	15.295131	176.865136
05326		-45.632001	14.714046	176.901695
05327		-44.736255	14.327166	177.270577
05328		-43.528444	14.125956	177.894729
05329		-42.068328	13.983926	178.673509
05330		-40.354563	13.838326	179.526283
05331		-38.480181	13.560056	-179.618520
05332		-36.458092	13.117244	-178.784274
05333		-34.326665	12.536641	-177.993513
05334		-32.072009	11.803283	-177.263475
05335		-29.711353	10.949950	-176.586983
05336		-27.233414	10.013782	-175.895161
05337		-24.659438	9.036189	-175.176412
05338		-21.972862	8.036959	-174.491060
05339		-19.201701	6.991345	-173.870966
05340		-16.347435	5.836330	-173.304550
05341		-13.442674	4.573259	-172.772959
05342		-10.484441	3.254637	-172.353532
05343		-7.613898	1.793452	-172.027264
05344		-4.823096	0.287633	-171.880689
05345		-1.980742	-1.074116	-172.101168
05346		0.977362	-2.373544	-172.712583
05347		4.077083	-3.623204	-173.525111
05348		7.249673	-4.880964	-174.199383
05349		10.234454	-6.182742	-174.440677
05350		12.930328	-7.344313	-174.392172
05351		15.278193	-8.325609	-174.404142
05352		17.399609	-9.260431	-174.767990
05353		19.435456	-10.098346	-175.391709
05354		21.217377	-10.826256	-175.863230
05355		22.500331	-11.199014	-175.870542
05356		23.306519	-10.981245	-176.065372
05357		23.531160	-10.433868	-176.842672
05358		23.099180	-9.726902	-177.733897
05359		22.096062	-8.930301	-178.179824
05360		20.776406	-7.944917	-177.984582
05361		19.381360	-6.789319	-177.036355
05362		18.461256	-5.720319	-175.736656
05363		18.479480	-4.677123	-175.324612
05364		18.225164	-4.327997	-175.048872
05365		16.766222	-5.024404	-173.611153
05366		14.806596	-5.255339	-170.819482
05367		12.818342	-5.257836	-167.947393
05368		11.154505	-4.983254	-165.453654
05369		9.840447	-4.316522	-163.417519
05370		8.649367	-3.476869	-161.937080
05371		7.471955	-2.794214	-160.889682
05372		6.491110	-2.032576	-160.159367
05373		5.831437	-1.112858	-160.062381
05374		5.479231	-0.258351	-160.913964
05375		5.394637	0.297101	-162.544598
05376		5.174953	0.491334	-164.666856
05377		4.611535	0.542103	-166.738983
05378		3.900227	0.745860	-168.401358
05379		3.227956	1.054434	-169.556520
05380		2.689682	1.456336	-170.102113
05381		2.231077	1.917186	-170.014296
05382		1.832122	2.335754	-169.606349
05383		1.538782	2.655276	-169.013137
05384		1.322067	2.945333	-168.315969
05385		1.158037	3.197163	-167.733171
05386		0.985509	3.397635	-167.463379
05387		0.772152	3.528870	-167.614706
05388		0.505307	3.654204	-168.154785
05389		0.215619	3.767466	-168.960677
05390		-0.096819	3.859539	-169.902596
05391		-0.381814	3.924057	-170.856140
05392		-0.652797	3.971365	-171.724183
05393		-0.908661	4.020185	-172.395733
05394		-1.172360	4.100043	-172.848920
05395		-1.425175	4.181656	-173.137709
05396		-1.669509	4.286984	-173.316471
05397		-1.921022	4.370867	-173.408890
05398		-2.192001	4.434174	-173.468660
05399		-2.485123	4.502471	-173.516102
05400		-2.824135	4.570145	-173.613670
05401		-3.190281	4.637120	-173.744999
05402		-3.588520	4.719755	-173.920582
05403		-3.999478	4.809987	-174.140166
05404		-4.447165	4.889800	-174.349978
05405		-4.913541	4.954905	-174.549938
05406		-5.388916	5.031301	-174.700706
05407		-5.866208	5.132582	-174.778189
05408		-6.383097	5.245533	-174.826024
05409		-6.926159	5.391651	-174.840201
05410		-7.521626	5.538133	-174.858134
05411		-8.145329	5.697069	-174.877220
05412		-8.826821	5.875107	-174.920218
05413		-9.560761	6.060910	-174.973744
05414		-10.353092	6.247016	-175.059597
05415		-11.177931	6.464780	-175.145900
05416		-12.031061	6.687003	-175.252581
05417		-12.927752	6.892730	-175.341919
05418		-13.834594	7.144310	-175.410088
05419		-14.770624	7.400983	-175.452614
05420		-15.711474	7.673648	-175.497385
05421		-16.673051	7.947234	-175.556821
05422		-17.671133	8.231870	-175.636802
05423		-18.702280	8.501562	-175.793669
05424		-19.732577	8.798107	-175.964221
05425		-20.819368	9.083203	-176.187994
05426		-21.968333	9.386600	-176.462652
05427		-23.165599	9.696856	-176.802618
05428		-24.392337	9.987305	-177.205331
05429		-25.669756	10.291738	-177.644579
05430		-27.010300	10.607437	-178.113380
05431		-28.384659	10.947534	-178.549416
05432		-29.735665	11.369334	-178.917231
05433		-31.064360	11.960794	-179.180020
05434		-32.367771	12.719877	-179.277509
05435		-33.663305	13.615969	-179.308083
05436		-34.952867	14.554732	-179.408374
05437		-36.231601	15.455177	-179.714339
05438		-37.515392	16.106241	179.674247
05439		-38.813327	16.408677	178.869638
05440		-40.035574	16.481879	178.026621
05441		-41.167797	16.374289	177.483669
05442		-42.231335	16.215900	177.173360
05443		-43.248357	16.144117	176.904939
05444		-44.072414	16.234571	176.653752
05445		-44.642931	16.279351	176.266908
05446		-44.911587	16.059662	175.736506
05447		-44.933797	15.563424	175.112447
05448		-44.691110	14.874870	174.525103
05449		-44.153989	14.187525	174.139367
05450		-43.344523	13.640300	174.074559
05451		-42.280969	13.273905	174.261607
05452		-40.972581	13.042795	174.601587
05453		-39.459445	12.860144	175.034918
05454		-37.766012	12.624574	175.561423
05455		-35.950659	12.282761	176.129515
05456		-34.025463	11.828926	176.708580
05457		-32.041973	11.262155	177.211877
05458		-30.023575	10.534861	177.597936
05459		-27.967395	9.669026	177.847831
05460		-25.832598	8.671513	177.980800
05461		-23.592814	7.596920	178.004817
05462		-21.244930	6.435822	177.952995
05463		-18.798156	5.234790	177.848230
05464		-16.236198	4.047117	177.710593
05465		-13.565427	2.902060	177.520768
05466		-10.850348	1.749557	177.337638
05467		-8.176147	0.575125	177.270320
05468		-5.521383	-0.539142	177.231553
05469		-2.848963	-1.626837	177.167121
05470		-0.122095	-2.730441	177.053121
05471		2.640532	-3.810364	176.936552
05472		5.371429	-4.827700	176.935575
05473		7.937243	-5.846582	176.984665
05474		10.288840	-6.927211	176.897781
05475		12.479999	-7.988090	176.553240
05476		14.615819	-8.876264	176.004277
05477		16.698395	-9.576636	175.382734
05478		18.532175	-10.188720	174.862240
05479		19.906336	-10.610665	174.491804
05480		20.875035	-10.580369	173.858049
05481		21.416400	-10.206778	172.838831
05482		21.463041	-9.652255	171.742960
05483		21.036327	-9.051416	170.909162
05484		20.295096	-8.423280	170.516042
05485		19.362820	-7.836732	170.654762
05486		18.282834	-7.372909	171.272044
05487		17.056612	-7.046676	172.281519
05488		15.703147	-6.828840	173.669527
05489		14.323667	-6.603816	175.397398
05490		13.159921	-6.170271	177.396810
05491		12.676577	-5.698428	179.584338
05492		13.306255	-5.506983	-179.032302
05493		14.107289	-5.888540	-178.767787
05494		14.025212	-6.697357	-178.353442
05495		13.411952	-6.820632	-177.517884
05496		12.776085	-6.520044	-177.043477
05497		12.278156	-6.217389	-177.078160
05498		11.991627	-5.612519	-177.099204
05499		11.611253	-4.994637	-177.125377
05500		10.970979	-4.760910	-177.031594
05501		10.264569	-4.799304	-176.807166
05502		9.838653	-4.526969	-176.495657
05503		9.591257	-4.230011	-176.276388
05504		9.384132	-4.104763	-175.983666
05505		9.180255	-3.934604	-175.662420
05506		8.976261	-3.739162	-175.510516
05507		8.836052	-3.492877	-175.508726
05508		8.760609	-3.154445	-175.550711
05509		8.708524	-2.835316	-175.629336
05510		8.642119	-2.605578	-175.654036
05511		8.573686	-2.464667	-175.500254
05512		8.506448	-2.371882	-175.119294
05513		8.440912	-2.284727	-174.563336
05514		8.363192	-2.184731	-173.943484
05515		8.256644	-2.095191	-173.371086
05516		8.123264	-2.011459	-172.898534
05517		7.975525	-1.945884	-172.563260
05518		7.839781	-1.892141	-172.343411
05519		7.746727	-1.788456	-172.282983
05520		7.655455	-1.703993	-172.435066
05521		7.550258	-1.671389	-172.719859
05522		7.459630	-1.634719	-173.018009
05523		7.412542	-1.611869	-173.280228
05524		7.393990	-1.617313	-173.489026
05525		7.409968	-1.624794	-173.673677
05526		7.445732	-1.617274	-173.870479
05527		7.495990	-1.618435	-174.091842
05528		7.555516	-1.624453	-174.372149
05529		7.621034	-1.621848	-174.689845
05530		7.688514	-1.606255	-175.004907
05531		7.751505	-1.591949	-175.265348
05532		7.790621	-1.603984	-175.401779
05533		7.807111	-1.632324	-175.395616
05534		7.805940	-1.681899	-175.272795
05535		7.778437	-1.743432	-175.089227
05536		7.735930	-1.796300	-174.886429
05537		7.683206	-1.819921	-174.782211
05538		7.615579	-1.833289	-174.825402
05539		7.535266	-1.846585	-175.025529
05540		7.439739	-1.858176	-175.371065
05541		7.312888	-1.873390	-175.814076
05542		7.159701	-1.881069	-176.281439
05543		7.008624	-1.883925	-176.714930
05544		6.859154	-1.907783	-177.106096
05545		6.714726	-1.950231	-177.429318
05546		6.589915	-1.984093	-177.722132
05547		6.439825	-2.064721	-177.976770
05548		6.278145	-2.134883	-178.213856
05549		6.181492	-2.161119	-178.523283
05550		6.123638	-2.218979	-179.037041
05551		6.101667	-2.253392	-179.644776
05552		6.104126	-2.259901	179.621413
05553		6.130016	-2.290224	178.792714
05554		6.199769	-2.241087	177.908589
05555		6.258070	-2.190357	177.011710
05556		6.282691	-2.131222	176.146107
05557		6.258411	-2.071069	175.404228
05558		6.190789	-1.972535	174.860129
05559		6.075616	-1.846052	174.533716
05560		5.867288	-1.685779	174.349127
05561		5.534618	-1.484674	174.189409
05562		5.079644	-1.258342	174.084806
05563		4.569595	-0.969475	174.099915
05564		4.033336	-0.681206	174.194952
05565		3.397254	-0.412317	174.314191
05566		2.605730	-0.054322	174.518778
05567		1.648138	0.468426	174.678627
05568		0.533206	1.015525	174.736258
05569		-0.720606	1.526495	174.789068
05570		-2.087408	2.012765	175.041552
05571		-3.526386	2.492279	175.491215
05572		-4.979137	2.936640	176.156758
05573		-6.309443	3.447433	176.902252
05574		-7.523699	3.907247	177.525974
05575		-8.631783	4.166822	178.007750
05576		-9.638005	4.098718	178.386128
05577		-10.385634	3.806639	178.830619
05578		-10.738060	3.419050	179.265909
05579		-10.711252	2.870671	179.632431
05580		-10.333989	2.292305	179.884514
05581		-9.814859	1.604571	179.925993
05582		-8.959194	1.307560	179.505487
05583		-7.791121	0.995412	179.234280
05584		-6.263568	0.646228	179.019096
05585		-5.142153	0.209821	178.898396
05586		-4.563280	0.034372	179.298429
05587		-4.097851	0.231828	179.644304
05588		-3.532088	0.087037	179.257867
05589		-3.046416	-0.507015	178.407737
05590		-2.788026	-0.869281	177.742088
05591		-2.601430	-0.829184	177.646417
05592		-2.410183	-0.668184	177.990947
05593		-2.211061	-0.486606	178.698233
05594		-2.015547	-0.354766	179.632514
05595		-1.783861	-0.273251	-179.496656
05596		-1.582561	-0.217171	-178.788075
05597		-1.448431	-0.121983	-178.230807
05598		-1.354018	0.020344	-177.938304
05599		-1.270852	0.127083	-178.040781
05600		-1.179128	0.177018	-178.419762
05601		-1.062202	0.215130	-178.840806
05602		-0.971107	0.178106	-179.221681
05603		-0.935257	0.115067	-179.366522
05604		-0.915143	0.100985	-179.223060
05605		-0.866883	0.133693	-178.876463
05606		-0.784850	0.194570	-178.466939
05607		-0.686475	0.263388	-178.113653
05608		-0.605674	0.310473	-177.916649
05609		-0.557828	0.319379	-177.868836
05610		-0.548625	0.287440	-177.946627
05611		-0.566113	0.229026	-178.095903
05612		-0.586651	0.183918	-178.289078
05613		-0.609188	0.146115	-178.510792
05614		-0.659411	0.102950	-178.715578
05615		-0.723132	0.053226	-178.871900
05616		-0.778642	-0.037938	-178.933217
05617		-0.791124	-0.121913	-178.921910
05618		-0.783714	-0.219244	-178.843831
05619		-0.791867	-0.302655	-178.753014
05620		-0.799344	-0.306004	-178.683870
05621		-0.827101	-0.296622	-178.738021
05622		-0.866749	-0.326341	-178.895845
05623		-0.904316	-0.379615	-179.127763
05624		-0.951443	-0.424194	-179.337213
05625		-1.026266	-0.469404	-179.541033
05626		-1.102606	-0.529322	-179.624479
05627		-1.132335	-0.561420	-179.622173
05628		-1.147199	-0.594228	-179.582833
05629		-1.193168	-0.651202	-179.527570
05630		-1.275394	-0.725131	-179.480608
05631		-1.367248	-0.812410	-179.437378
05632		-1.431024	-0.896403	-179.377437
05633		-1.484998	-0.999484	-179.274564
05634		-1.528726	-1.127660	-179.086157
05635		-1.546107	-1.285981	-178.892141
05636		-1.541057	-1.510511	-178.736149
05637		-1.525820	-1.802264	-178.613585
05638		-1.472189	-2.074489	-178.529153
05639		-1.404505	-2.349497	-178.503053
05640		-1.325094	-2.635514	-178.595283
05641		-1.253168	-2.915543	-178.804908
05642		-1.213369	-3.109163	-179.092522
05643		-1.218087	-3.281398	-179.446793
05644		-1.215147	-3.450929	-179.857000
05645		-1.202336	-3.609715	179.800299
05646		-1.187214	-3.719102	179.553886
05647		-1.165439	-3.795613	179.406943
05648		-1.149286	-3.860488	179.373275
05649		-1.109333	-3.842499	179.395463
05650		-0.999385	-3.686424	179.461149
05651		-0.918098	-3.646192	179.514554
05652		-0.859580	-3.591195	179.544286
05653		-0.855460	-3.562706	179.614419
05654		-0.883671	-3.567711	179.692870
05655		-0.908957	-3.547457	179.736215
05656		-0.961949	-3.543187	179.819695
05657		-1.001743	-3.473932	179.929580
05658		-1.031652	-3.416476	-179.945597
05659		-1.050493	-3.370976	-179.763771
05660		-1.085804	-3.334042	-179.533716
05661		-1.130215	-3.320847	-179.312484
05662		-1.168064	-3.330848	-179.173965
05663		-1.189666	-3.359430	-179.113336
05664		-1.213552	-3.407702	-179.121597
05665		-1.245203	-3.500566	-179.284005
05666		-1.291326	-3.628629	-179.528047
05667		-1.322202	-3.758116	-179.818460
05668		-1.363723	-3.947913	179.910599
05669		-1.407575	-4.105275	179.686543
05670		-1.418654	-4.306298	179.449967
05671		-1.420422	-4.511557	179.227956
05672		-1.439346	-4.682777	178.995495
05673		-1.471506	-4.794603	178.754803
05674		-1.468064	-4.901204	178.451019
05675		-1.430648	-5.029371	178.127591
05676		-1.382964	-5.109107	177.872044
05677		-1.357525	-5.182765	177.705428
05678		-1.321634	-5.247929	177.629386
05679		-1.275731	-5.299534	177.655722
05680		-1.231258	-5.347036	177.750562
05681		-1.192751	-5.395978	177.864715
05682		-1.150299	-5.434503	177.965220
05683		-1.102582	-5.454929	178.018117
05684		-1.056823	-5.472226	178.012394
05685		-1.026485	-5.486601	177.963391
05686		-1.012238	-5.487693	177.875142
05687		-1.001640	-5.494981	177.753968
05688		-0.999676	-5.530300	177.622224
05689		-0.997457	-5.583564	177.518437
05690		-0.978783	-5.634500	177.433707
05691		-0.937956	-5.684602	177.357420
05692		-0.910451	-5.745713	177.300535
05693		-0.894365	-5.788128	177.241196
05694		-0.877985	-5.826664	177.169869
05695		-0.850241	-5.866602	177.064446
05696		-0.824338	-5.895362	176.935558
05697		-0.807043	-5.916436	176.813083
05698		-0.793140	-5.931576	176.705215
05699		-0.785176	-5.938578	176.609544
05700		-0.776544	-5.942821	176.526472
05701		-0.779088	-5.941110	176.473045
05702		-0.789171	-5.954566	176.448214
05703		-0.790098	-5.963841	176.443292
05704		-0.774507	-5.970219	176.468542
05705		-0.759648	-5.977275	176.535429
05706		-0.757485	-5.978175	176.620804
05707		-0.758251	-5.973855	176.705232
05708		-0.752304	-5.971269	176.781950
05709		-0.737794	-5.962596	176.840133
05710		-0.723123	-5.950517	176.867614
05711		-0.705514	-5.922799	176.877811
05712		-0.684554	-5.879518	176.850522
05713		-0.666284	-5.862936	176.799073
05714		-0.657407	-5.852059	176.739901
05715		-0.648457	-5.825129	176.686393
05716		-0.629209	-5.800346	176.629721
05717		-0.611996	-5.781528	176.568084
05718		-0.590568	-5.767290	176.511494
05719		-0.567078	-5.751696	176.472609
05720		-0.547095	-5.737034	176.440632
05721		-0.532049	-5.727420	176.415897
05722		-0.511102	-5.719102	176.398565
05723		-0.489549	-5.709339	176.380968
05724		-0.469932	-5.705545	176.365183
05725		-0.462395	-5.699083	176.343355
05726		-0.460828	-5.698996	176.317121
05727		-0.452624	-5.704714	176.285181
05728		-0.435094	-5.702496	176.265574
05729		-0.411253	-5.700080	176.255048
05730		-0.393465	-5.702226	176.260522
05731		-0.374644	-5.706572	176.270615
05732		-0.349297	-5.708266	176.268594
05733		-0.325415	-5.706446	176.251262
05734		-0.302414	-5.706374	176.211108
05735		-0.280319	-5.698901	176.159972
05736		-0.260581	-5.684032	176.103005
05737		-0.241218	-5.666531	176.051381
05738		-0.228728	-5.648217	176.009416
05739		-0.225531	-5.630426	175.978395
05740		-0.214826	-5.602129	175.943944
05741		-0.166767	-5.483008	175.889914
05742		-0.080254	-5.288083	175.842385
05743		0.005861	-5.122510	175.851735
05744		0.029452	-5.008191	175.838777
05745		-0.014280	-4.915720	175.919912
05746		-0.078534	-4.839396	176.082864
05747		-0.131025	-4.776156	176.237348
05748		-0.172605	-4.722423	176.379707
05749		-0.206175	-4.697693	176.521651
05750		-0.221050	-4.670489	176.655425
05751		-0.233697	-4.649630	176.771728
05752		-0.255450	-4.664591	176.847174
05753		-0.277852	-4.681749	176.877961
05754		-0.300833	-4.711138	176.848610
05755		-0.321984	-4.752749	176.758845
05756		-0.341619	-4.791378	176.646434
05757		-0.370986	-4.838054	176.527975
05758		-0.402228	-4.910183	176.412496
05759		-0.417641	-4.979018	176.291090
05760		-0.426298	-5.038152	176.197882
05761		-0.433617	-5.085349	176.123975
05762		-0.439999	-5.114838	176.064692
05763		-0.448623	-5.127935	176.035198
05764		-0.449658	-5.150220	176.030417
05765		-0.444695	-5.180109	176.037251
05766		-0.445423	-5.201249	176.066724
05767		-0.452314	-5.212296	176.104998
05768		-0.462977	-5.221687	176.132881
05769		-0.472003	-5.231678	176.143728
05770		-0.471388	-5.241403	176.136104
05771		-0.471287	-5.246327	176.131611
05772		-0.471522	-5.249429	176.131230
05773		-0.473945	-5.245483	176.137643
05774		-0.484622	-5.241654	176.147163
05775		-0.494886	-5.244168	176.155778
05776		-0.506965	-5.262145	176.170189
05777		-0.513084	-5.272623	176.198239
05778		-0.508627	-5.274436	176.226412
05779		-0.494264	-5.266565	176.242820
05780		-0.482539	-5.247513	176.249684
05781		-0.462863	-5.250483	176.233753
05782		-0.446860	-5.259069	176.206052
05783		-0.431804	-5.255128	176.167797
05784		-0.424485	-5.259429	176.140749
05785		-0.418748	-5.259291	176.134607
05786		-0.414006	-5.261013	176.132632
05787		-0.417848	-5.267032	176.138946
05788		-0.421934	-5.264535	176.140792
05789		-0.424533	-5.258238	176.149378
05790		-0.433317	-5.253661	176.157881
05791		-0.445734	-5.247274	176.171087
05792		-0.456391	-5.240434	176.186423
05793		-0.468227	-5.237240	176.206938
05794		-0.482751	-5.231249	176.234283
05795		-0.495633	-5.227024	176.259186
05796		-0.510965	-5.223399	176.276369
05797		-0.531418	-5.212252	176.283150
05798		-0.544855	-5.197124	176.281918
05799		-0.562717	-5.177232	176.280016
05800		-0.584933	-5.163007	176.279007
05801		-0.609709	-5.163896	176.292101
05802		-0.625183	-5.172079	176.317439
05803		-0.628117	-5.185317	176.333545
