// General information: 
//  MT Manager version: 2021.4.0 
//  XDA version: 2021.4.0 build 6323 rev 112641 built on 2021-09-28
// Device information: 
//  DeviceId: 00B43856
//  ProductCode: MTW2-3A7G6
//  Firmware Version: 4.3.4
//  Hardware Version: 1.1.0
// Device settings: 
//  Filter Profile: human(46.1)
//  Option Flags: Orientation Smoother Disabled, Position/Velocity Smoother Disabled, Continuous Zero Rotation Update Disabled, AHS Disabled, ICC Disabled
// Coordinate system: ENU
PacketCounter	Roll	Pitch	Yaw
10544	15.055493	-11.712129	19.952770
10545	14.660156	-11.466095	21.245468
10546	14.588560	-12.066295	22.560820
10547	14.825441	-12.454969	23.919990
10548	14.966192	-12.450759	25.051648
10549	14.732738	-12.185484	25.729648
10550	14.164065	-11.665615	26.134556
10551	13.418693	-11.057405	26.345403
10552	12.708395	-10.401205	26.527432
10553	12.140721	-9.730398	26.805464
10554	11.704345	-9.095749	27.186006
10555	11.361474	-8.519981	27.689132
10556	11.044603	-8.074744	28.285665
10557	10.703533	-7.686218	28.798491
10558	10.384140	-7.206279	29.100456
10559	10.083367	-6.658523	29.080277
10560	9.766064	-6.132031	28.822002
10561	9.456374	-5.710451	28.328886
10562	9.215004	-5.412009	27.763790
10563	9.119838	-5.389276	27.237444
10564	9.219461	-5.718445	26.761250
10565	9.500671	-6.467252	26.261362
10566	9.928795	-7.636326	25.650909
10567	10.579042	-9.038996	25.007580
10568	11.409925	-10.606954	24.207335
10569	12.440103	-12.316473	23.337301
10570	13.702655	-14.235277	22.454642
10571	15.110097	-16.257817	21.597148
10572	16.765918	-17.849699	20.451282
10573	18.698194	-18.900602	19.260018
10574	20.685695	-19.940376	18.004061
10575	22.451159	-21.273160	16.702283
10576	24.229260	-22.734408	15.455755
10577	26.204032	-24.012244	14.318865
10578	28.252912	-25.098640	13.359972
10579	30.363187	-25.973905	12.516633
10580	32.335034	-26.641145	11.626886
10581	34.019343	-27.185325	10.769467
10582	35.506497	-27.581099	10.098278
10583	36.640217	-27.866864	9.607268
10584	37.466662	-28.227741	9.349823
10585	38.104876	-28.613959	9.470234
10586	38.585156	-28.974967	9.919888
10587	38.803842	-29.400451	10.628442
10588	38.727355	-29.813065	11.405219
10589	38.441771	-30.033033	12.006423
10590	38.014845	-29.833548	12.240332
10591	37.437252	-29.210703	12.138459
10592	36.675505	-28.448307	11.874275
10593	35.658934	-27.749470	11.639089
10594	34.380190	-26.978586	11.548107
10595	32.954877	-26.176906	11.561254
10596	31.454829	-25.368970	11.723808
10597	29.858709	-24.511506	12.092484
10598	28.111052	-23.522884	12.709153
10599	26.342910	-22.408372	13.469243
10600	24.814332	-21.422025	14.488661
10601	23.309699	-20.337101	16.065267
10602	21.725345	-18.780128	18.092140
10603	20.442471	-17.056949	19.596725
10604	20.541263	-16.065535	20.270864
10605	20.576919	-15.451521	21.230425
10606	20.608370	-16.555000	22.577994
10607	20.395911	-18.018187	24.481015
10608	20.871996	-18.144416	26.174742
10609	22.152058	-17.641606	26.895091
10610	22.746593	-17.236140	25.731473
10611	21.992541	-17.152252	22.783309
10612	20.487913	-16.038781	20.043740
10613	18.604356	-14.131377	18.864974
10614	16.836584	-12.533230	19.734615
10615	16.641916	-12.293424	21.332581
10616	16.799598	-13.033591	22.517003
10617	17.133622	-13.435183	23.626605
10618	17.281150	-13.421261	24.602274
10619	16.921322	-13.107445	25.159300
10620	16.221069	-12.691170	25.203919
10621	15.402116	-12.183264	25.149859
10622	14.654983	-11.570211	25.197465
10623	14.028497	-10.923200	25.422153
10624	13.531185	-10.386505	25.831827
10625	13.108290	-9.923165	26.430484
10626	12.742695	-9.559494	27.138686
10627	12.401275	-9.288728	27.746167
10628	12.087575	-8.938019	28.137951
10629	11.781437	-8.474693	28.279885
10630	11.467472	-8.032470	28.133593
10631	11.137938	-7.672143	27.681844
10632	10.899360	-7.371249	27.176531
10633	10.816618	-7.297024	26.707534
10634	10.900883	-7.552238	26.239727
10635	11.142761	-8.186379	25.773544
10636	11.557236	-9.287166	25.320742
10637	12.232769	-10.679853	24.951603
10638	13.079339	-12.405040	24.462752
10639	14.095175	-14.347799	23.989644
10640	15.344443	-16.326549	23.419072
10641	17.033281	-17.838207	22.334070
10642	18.871455	-18.813431	21.173780
10643	20.761683	-19.780651	19.990949
10644	22.529756	-20.991210	18.292380
10645	24.254244	-22.394315	16.308031
10646	26.059002	-23.726452	14.511301
10647	27.885129	-25.001875	13.090075
10648	29.821882	-25.988683	11.951916
10649	31.767563	-26.591963	10.811853
10650	33.506515	-27.006221	9.750468
10651	35.004730	-27.343905	8.845097
10652	36.308986	-27.643395	8.042595
10653	37.426732	-27.818796	7.401242
10654	38.283977	-27.977286	6.998693
10655	38.922383	-28.217183	6.996335
10656	39.410413	-28.455940	7.324646
10657	39.736773	-28.639998	7.823338
10658	39.841097	-28.801085	8.469984
10659	39.673136	-28.925554	9.168480
10660	39.280690	-28.923675	9.752475
10661	38.718598	-28.711123	10.146493
10662	38.001857	-28.263223	10.260658
10663	37.103952	-27.556398	10.179067
10664	36.024010	-26.733360	10.001733
10665	34.786216	-25.863402	9.816794
10666	33.424550	-24.997410	9.705021
10667	31.987617	-24.179422	9.769808
10668	30.495285	-23.323490	10.143273
10669	28.991053	-22.394189	10.704873
10670	27.556807	-21.449104	11.402486
10671	26.131340	-20.583857	12.409983
10672	24.625070	-19.527167	13.703410
10673	23.196428	-18.111939	14.841983
10674	22.530965	-16.691832	15.939841
10675	22.417216	-15.770906	17.221246
10676	22.600374	-16.156960	18.076836
10677	22.662689	-17.485867	19.324493
10678	22.980114	-17.965626	20.504349
10679	23.791063	-17.537769	21.459191
10680	24.686204	-16.899824	21.457880
10681	24.741120	-16.354918	19.894682
10682	23.859090	-15.879184	17.728807
10683	22.353702	-14.901086	16.665981
10684	20.450181	-14.065140	17.048422
10685	19.313556	-13.573021	18.497474
10686	19.389616	-13.759519	19.699097
10687	19.798378	-13.769678	20.348811
10688	20.174938	-13.694529	20.881486
10689	20.062470	-13.541045	21.197452
10690	19.477818	-13.314891	21.321521
10691	18.768023	-13.088900	21.286801
10692	18.051415	-12.846862	21.226537
10693	17.294483	-12.521057	21.364353
10694	16.592700	-12.224253	21.733172
10695	16.006107	-11.996271	22.293195
10696	15.503572	-11.733498	23.025363
10697	15.067088	-11.526497	23.672825
10698	14.682446	-11.125535	24.260809
10699	14.246258	-10.691839	24.611057
10700	13.739123	-10.149754	24.803274
10701	13.271191	-9.438658	24.867461
10702	12.873117	-8.747222	24.893164
10703	12.525551	-8.189278	24.922594
10704	12.211559	-7.785039	24.956450
10705	11.946435	-7.556547	24.952475
10706	11.753334	-7.464022	24.883145
10707	11.635053	-7.453252	24.701038
10708	11.598500	-7.613524	24.354664
10709	11.691908	-8.039313	23.751545
10710	11.992529	-8.799495	22.942786
10711	12.588432	-9.833075	22.182964
10712	13.475001	-11.325302	21.435060
10713	14.704324	-13.084829	20.788896
10714	16.244620	-14.870577	20.179308
10715	17.892004	-16.525595	19.424063
10716	19.453065	-17.990909	18.313145
10717	21.214084	-19.278314	16.651799
10718	23.195119	-20.458504	14.808755
10719	25.371976	-21.648716	13.037414
10720	27.535721	-22.749166	11.413740
10721	29.555596	-23.622794	10.017694
10722	31.437783	-24.211324	8.817525
10723	33.206288	-24.680669	7.737782
10724	34.733245	-25.153699	6.810118
10725	36.070805	-25.616253	6.128006
10726	37.255640	-26.079187	5.789603
10727	38.227974	-26.648233	5.859392
10728	38.956749	-27.326935	6.409347
10729	39.439939	-28.011728	7.288524
10730	39.647792	-28.617248	8.307232
10731	39.517873	-29.050113	9.346791
10732	39.139961	-29.180794	10.283656
10733	38.632334	-28.940441	10.911467
10734	37.998008	-28.375962	11.172224
10735	37.178992	-27.612888	11.165100
10736	36.118706	-26.862682	11.161627
10737	34.769879	-26.135800	11.410809
10738	33.255847	-25.466164	11.908441
10739	31.642336	-24.850398	12.467332
10740	29.949885	-24.141772	13.152739
10741	28.083680	-23.220551	14.129885
10742	26.239029	-22.109145	15.306410
10743	24.601396	-21.076295	16.800485
10744	23.007314	-19.942972	18.839851
10745	21.383766	-18.416676	21.009508
10746	20.395372	-17.159393	22.483654
10747	20.863073	-16.170779	22.768265
10748	21.116479	-15.146730	23.557247
10749	20.898407	-16.150541	24.336329
10750	20.499247	-17.583531	25.907156
10751	21.048885	-17.716071	27.418699
10752	22.389740	-17.405788	27.649917
10753	22.854750	-17.179880	25.981269
10754	21.875061	-17.001034	22.778135
10755	20.443492	-15.716930	20.099566
10756	18.735003	-14.016524	19.060099
10757	17.176870	-12.568798	20.098142
10758	16.927438	-12.497246	21.650521
10759	17.050357	-13.306585	22.739746
10760	17.455407	-13.801419	23.706790
10761	17.747917	-13.921428	24.530320
10762	17.571971	-13.731739	25.034977
10763	16.948915	-13.429558	25.276687
10764	16.164959	-13.048964	25.277773
10765	15.440180	-12.587898	25.184927
10766	14.773783	-12.084364	25.195063
10767	14.235834	-11.534446	25.434028
10768	13.789265	-11.080385	25.870994
10769	13.380032	-10.757697	26.495692
10770	12.976629	-10.542156	27.149722
10771	12.594901	-10.237009	27.668852
10772	12.203007	-9.800820	27.959645
10773	11.745858	-9.347800	27.870241
10774	11.258049	-8.766106	27.542492
10775	10.821908	-8.170714	27.095611
10776	10.501104	-7.720019	26.556501
10777	10.337618	-7.502925	25.978488
10778	10.363911	-7.700303	25.388242
10779	10.638779	-8.395624	24.664903
10780	11.257691	-9.505443	23.895445
10781	12.203332	-10.976214	23.296592
10782	13.324054	-12.876333	22.728437
10783	14.610526	-15.050307	22.203107
10784	16.131063	-17.113125	21.591149
10785	17.932027	-18.662532	20.544856
10786	19.707510	-19.596992	18.850632
10787	21.434728	-20.427233	16.518350
10788	23.438029	-21.086669	14.125240
10789	25.711838	-21.724257	12.009358
10790	27.966181	-22.611289	10.383048
10791	30.161096	-23.565745	9.274358
10792	32.303660	-24.307260	8.515497
10793	34.128971	-24.961629	8.037740
10794	35.647687	-25.718076	7.795930
10795	36.941093	-26.532695	7.754565
10796	37.969662	-27.287702	7.921567
10797	38.750564	-27.979107	8.254034
10798	39.395572	-28.587335	8.803301
10799	39.846149	-29.040442	9.449984
10800	40.003247	-29.250634	10.049241
10801	39.865096	-29.169566	10.448494
10802	39.496680	-28.848889	10.575381
10803	38.886200	-28.326832	10.418861
10804	38.045212	-27.591206	10.013120
10805	36.930554	-26.712613	9.563737
10806	35.611477	-25.837497	9.233479
10807	34.161986	-24.916350	9.061106
10808	32.640479	-24.013309	9.101010
10809	31.004783	-23.190846	9.495223
10810	29.208081	-22.279627	10.306731
10811	27.493771	-21.432060	11.550470
10812	26.004698	-20.708278	13.210739
10813	24.508830	-19.535284	15.415481
10814	23.076811	-17.501877	17.854878
10815	22.673674	-16.010362	19.536197
10816	23.032220	-15.670636	20.345134
10817	23.077018	-16.392335	21.324817
10818	22.986133	-18.099811	22.885474
10819	23.481659	-18.707448	24.438293
10820	24.693062	-18.364059	25.301850
10821	25.572404	-17.824497	24.746256
10822	25.319111	-17.661222	22.134183
10823	24.147989	-17.248596	18.910203
10824	22.365139	-15.835612	17.398806
10825	20.273174	-14.645970	17.925417
10826	19.424333	-13.938593	19.876977
10827	19.848314	-14.577225	21.222052
10828	20.405972	-15.264516	21.932992
10829	20.856032	-15.451145	22.722316
10830	20.857564	-15.375229	23.411562
10831	20.355445	-15.186438	23.706810
10832	19.575324	-14.961743	23.703016
10833	18.768166	-14.664788	23.731727
10834	18.024448	-14.257298	23.986628
10835	17.432926	-13.863121	24.401549
10836	16.982298	-13.536488	24.953244
10837	16.588770	-13.291075	25.646376
10838	16.233161	-13.085009	26.301370
10839	15.898812	-12.798068	26.757938
10840	15.505493	-12.414089	27.008495
10841	15.035180	-11.951683	26.981967
10842	14.504500	-11.581504	26.478093
10843	14.066180	-11.122141	25.871609
10844	13.719374	-10.697877	25.198066
10845	13.412676	-10.423544	24.416601
10846	13.166145	-10.325045	23.530682
10847	13.057925	-10.422103	22.537184
10848	13.205839	-10.823429	21.416312
10849	13.598422	-11.538949	20.257803
10850	14.214577	-12.560837	19.341535
10851	15.099266	-13.812883	18.631641
10852	16.310122	-15.135983	17.909996
10853	17.711268	-16.403318	17.018492
10854	19.207551	-17.634396	15.878406
10855	20.757249	-18.764828	14.367922
10856	22.325891	-19.637008	12.562940
10857	24.019086	-20.175466	10.729273
10858	25.903684	-20.297116	9.101374
10859	27.812094	-20.551253	7.813704
10860	29.496575	-21.088556	6.901443
10861	31.019181	-21.743190	6.298784
10862	32.398601	-22.295593	5.933671
10863	33.637968	-22.980458	5.844453
10864	34.814397	-23.763887	6.130775
10865	35.973153	-24.678827	6.707273
10866	37.053671	-25.797030	7.455122
10867	37.908445	-26.873199	8.326278
10868	38.522679	-27.810490	9.131044
10869	38.823868	-28.519341	9.807348
10870	38.788711	-28.759430	10.260153
10871	38.463953	-28.430024	10.360089
10872	37.917130	-27.656233	10.067963
10873	37.192418	-26.604056	9.555355
10874	36.323712	-25.507999	8.987506
10875	35.270641	-24.548160	8.475191
10876	33.976297	-23.855825	8.238316
10877	32.424191	-23.443180	8.418408
10878	30.629312	-23.206425	9.105523
10879	28.629885	-22.954742	10.296915
10880	26.474071	-22.510932	12.017359
10881	24.286656	-21.875621	14.179517
10882	22.443982	-21.142680	16.405182
10883	20.839543	-20.188587	18.695471
10884	19.250480	-18.786788	21.161731
10885	17.752194	-17.288009	23.490652
10886	16.621545	-16.181940	24.875059
10887	16.473369	-14.817691	24.468730
10888	16.471650	-13.415610	24.483852
10889	16.401513	-13.316087	25.262572
10890	16.187986	-14.720481	26.487854
10891	16.562079	-15.069718	27.588424
10892	17.373779	-14.959924	27.812249
10893	17.820922	-14.893797	26.435642
10894	17.017341	-14.514019	23.515391
10895	15.630775	-13.119237	20.311513
10896	14.017735	-11.160867	18.569881
10897	12.450522	-9.132336	18.977486
10898	12.041583	-8.597928	20.310345
10899	11.767485	-9.359354	21.642888
10900	11.904468	-9.885220	23.219346
10901	12.152405	-9.944887	24.694225
10902	11.930873	-9.765426	25.669229
10903	11.218726	-9.390329	26.237810
10904	10.356100	-8.848608	26.513554
10905	9.577491	-8.115333	26.633843
10906	8.968658	-7.290824	26.796091
10907	8.463038	-6.506592	27.053743
10908	8.032907	-5.786911	27.452344
10909	7.660077	-5.222530	27.934382
10910	7.323256	-4.689261	28.514568
10911	7.040335	-4.062139	28.870039
10912	6.709061	-3.458253	28.741898
10913	6.388030	-2.798453	28.343353
10914	6.114392	-2.262433	27.731740
10915	5.874817	-1.966753	27.082986
10916	5.805506	-1.970100	26.576270
10917	5.903660	-2.354962	26.146205
10918	6.161811	-3.106909	25.717416
10919	6.581189	-4.276242	25.310638
10920	7.240098	-5.884435	24.914204
10921	8.116418	-7.883916	24.353417
10922	9.235553	-9.923008	23.782635
10923	10.662286	-12.054633	23.246893
10924	12.313044	-14.227424	22.653811
10925	14.163990	-16.191215	21.713460
10926	16.399917	-17.512116	20.220160
10927	18.798822	-18.573087	18.236202
10928	20.911519	-19.643814	16.358924
10929	22.935187	-20.741028	14.949197
10930	25.128058	-21.816855	13.818589
10931	27.380828	-22.877643	12.735949
10932	29.644582	-23.944587	11.705554
10933	31.852639	-24.892546	10.803981
10934	33.791170	-25.783518	9.831368
10935	35.447810	-26.510591	8.982192
10936	36.869385	-27.069261	8.327169
10937	37.949351	-27.493773	7.905102
10938	38.745050	-27.762948	7.824222
10939	39.446261	-27.990817	8.024666
10940	39.997666	-28.328820	8.377638
10941	40.279349	-28.649016	8.734213
10942	40.215969	-28.649048	8.913827
10943	39.834473	-28.116554	8.809516
10944	39.198919	-27.194888	8.491609
10945	38.260051	-26.223105	8.163268
10946	37.041732	-25.507219	7.917469
10947	35.575485	-25.023661	7.712114
10948	33.920303	-24.702874	7.640370
10949	32.086522	-24.451969	7.924313
10950	30.095622	-24.035562	8.735947
10951	27.890060	-23.487121	10.030550
10952	25.669352	-22.860715	11.469874
10953	23.830287	-21.927751	13.041680
10954	22.226726	-20.623681	14.967226
10955	20.855464	-19.297314	16.859024
10956	19.440780	-18.158507	18.460006
10957	18.865122	-16.554044	19.351454
10958	19.126344	-14.846534	21.122156
10959	19.117419	-15.523833	23.455536
10960	18.965061	-17.569561	25.357672
10961	19.611403	-18.069836	26.737827
10962	20.747344	-18.195277	26.021308
10963	20.862632	-18.246869	23.101226
10964	19.856278	-17.553255	18.948210
10965	18.795516	-15.706370	15.515969
10966	17.512305	-13.470628	14.296901
10967	16.380556	-11.517332	15.815760
10968	16.672884	-11.228219	18.014182
10969	16.520497	-12.670727	19.285425
10970	16.739745	-13.781371	20.852369
10971	17.088057	-14.085863	22.145262
10972	16.968503	-13.862060	23.017908
10973	16.264828	-13.605181	23.385406
10974	15.437729	-13.248616	23.522231
10975	14.723901	-12.719553	23.586140
10976	14.107838	-12.056998	23.648587
10977	13.563165	-11.379896	23.780929
10978	13.067018	-10.786017	23.994111
10979	12.594993	-10.266759	24.300504
10980	12.183158	-9.839133	24.589989
10981	11.740193	-9.399124	24.722265
10982	11.270015	-8.841849	24.737847
10983	10.822856	-8.364857	24.458776
10984	10.457599	-8.012445	23.865394
10985	10.371115	-7.784428	22.967779
10986	10.541963	-8.008109	21.909068
10987	10.983242	-8.900965	20.760036
10988	11.756385	-10.250062	19.828924
10989	12.885647	-11.966458	19.111522
10990	14.232526	-13.985599	18.548185
10991	15.648851	-16.106869	18.005378
10992	17.293727	-18.032977	17.107004
10993	19.415824	-19.229777	15.638780
10994	21.937908	-19.747428	13.816077
10995	24.254079	-20.374475	11.926568
10996	26.373111	-21.322777	10.095494
10997	28.501649	-22.240839	8.582705
10998	30.629499	-23.069442	7.564206
10999	32.896041	-23.891171	6.855667
11000	35.028572	-24.591660	6.225235
11001	36.966207	-25.138961	5.700498
11002	38.579644	-25.680723	5.401295
11003	39.823529	-26.318006	5.358458
11004	40.724137	-27.079507	5.574541
11005	41.362198	-27.886811	6.019081
11006	41.814427	-28.626572	6.543217
11007	42.088776	-29.130599	6.899148
11008	42.216149	-29.198980	6.986576
11009	42.112320	-28.787685	6.887791
11010	41.730110	-27.996528	6.554497
11011	41.061838	-26.926963	6.008247
11012	40.027289	-25.742353	5.412601
11013	38.665784	-24.716107	4.845515
11014	37.053022	-23.946621	4.493380
11015	35.220411	-23.495218	4.611236
11016	33.240292	-23.206681	5.220199
11017	31.036895	-22.975040	6.320918
11018	28.673227	-22.721243	7.790022
11019	26.354089	-22.111000	9.647399
11020	24.250497	-20.920126	11.960318
11021	22.417288	-19.125046	14.618372
11022	20.998349	-17.857312	16.996708
11023	20.246446	-17.118121	18.518149
11024	20.725080	-15.511946	19.574678
11025	21.205161	-14.278635	21.201339
11026	21.008029	-15.881994	22.864495
11027	20.894837	-17.246710	24.808073
11028	21.578032	-17.218907	25.877160
11029	22.691531	-16.927200	25.439479
11030	23.272637	-16.764298	23.284826
11031	22.380170	-16.670086	19.565953
11032	20.933875	-15.548957	16.322374
11033	19.014376	-13.761504	15.213261
11034	17.102133	-12.240398	16.601206
11035	17.169572	-11.708223	19.004335
11036	17.559561	-12.647059	20.494664
11037	18.060769	-13.530069	21.686025
11038	18.561630	-13.854278	22.951916
11039	18.557671	-13.799331	23.928448
11040	17.924001	-13.594286	24.474364
11041	17.056084	-13.243200	24.729838
11042	16.227369	-12.773782	24.911740
11043	15.469336	-12.152257	25.069604
11044	14.811752	-11.582729	25.065259
11045	14.281811	-10.988749	25.282292
11046	13.865771	-10.456681	25.659157
11047	13.489032	-9.969753	26.044094
11048	13.081201	-9.542481	26.195747
11049	12.642230	-8.999328	26.256163
11050	12.201336	-8.384688	26.264043
11051	11.807384	-7.801344	26.209142
11052	11.603603	-7.370821	26.023241
11053	11.563891	-7.213639	25.597637
11054	11.607373	-7.430478	24.942064
11055	11.869366	-8.015924	24.141140
11056	12.498725	-9.073691	23.521081
11057	13.352288	-10.720881	23.099236
11058	14.335358	-12.692960	22.708960
11059	15.666191	-14.603793	22.222168
11060	17.427314	-16.198872	21.384490
11061	19.474328	-17.412499	20.211448
11062	21.442412	-18.452989	18.667886
11063	23.089095	-19.649416	16.679339
11064	24.919610	-20.858642	14.536319
11065	27.085596	-21.884164	12.556433
11066	29.296648	-22.831915	10.946911
11067	31.362632	-23.548361	9.682242
11068	33.368162	-24.000882	8.543388
11069	35.187474	-24.376322	7.590818
11070	36.894524	-24.847005	6.860708
11071	38.451066	-25.479468	6.407048
11072	39.751922	-26.287929	6.272250
11073	40.725405	-27.175104	6.476398
11074	41.414954	-28.058672	6.997205
11075	41.878980	-28.885823	7.623358
11076	42.161222	-29.499782	8.165912
11077	42.273220	-29.690590	8.521061
11078	42.205275	-29.438948	8.632739
11079	41.861330	-28.828309	8.539441
11080	41.200269	-28.005706	8.280402
11081	40.217190	-27.065693	7.955295
11082	39.003538	-26.100115	7.528993
11083	37.600807	-25.225802	7.130287
11084	36.035181	-24.504704	7.078585
11085	34.346493	-24.013576	7.405035
11086	32.488523	-23.596559	8.040434
11087	30.395911	-23.059665	8.936668
11088	28.164395	-22.303067	10.084997
11089	25.956888	-21.218221	11.565285
11090	23.970348	-19.917855	13.454253
11091	22.551771	-18.335567	15.771109
11092	21.696668	-17.416002	17.574021
11093	21.449695	-16.480763	18.656265
11094	21.850981	-15.009876	19.985705
11095	21.998620	-15.085747	21.704540
11096	21.627894	-16.819897	23.955780
11097	21.732210	-17.181427	25.919073
11098	22.778741	-16.776769	26.640442
11099	23.655816	-16.445166	25.407588
11100	23.160569	-16.350536	22.302314
11101	21.975097	-15.600679	19.113321
11102	20.410416	-14.012445	17.513878
11103	18.457411	-12.584382	18.057339
11104	17.574843	-11.794657	20.200682
11105	17.681612	-12.467318	21.809711
11106	18.074365	-13.149313	22.883100
11107	18.620965	-13.439574	23.931782
11108	18.730735	-13.357147	24.705081
11109	18.279874	-13.064521	25.165912
11110	17.505700	-12.819553	25.340885
11111	16.619690	-12.578510	25.269273
11112	15.786143	-12.097153	25.316190
11113	15.070329	-11.464969	25.446560
11114	14.497634	-10.872254	25.666422
11115	13.999899	-10.348307	26.001216
11116	13.541318	-9.942202	26.340747
11117	13.109371	-9.556444	26.668339
11118	12.725864	-9.060197	26.960893
11119	12.308456	-8.564400	27.053006
11120	11.789754	-8.051860	26.988434
11121	11.308451	-7.439244	26.784551
11122	10.950114	-6.794664	26.497844
11123	10.673856	-6.296515	26.146017
11124	10.466063	-6.087083	25.731815
11125	10.405742	-6.216601	25.183215
11126	10.586938	-6.792815	24.494457
11127	11.065085	-7.874742	23.740994
11128	11.866634	-9.246352	23.237688
11129	12.913697	-11.037414	22.845043
11130	14.119243	-13.091475	22.560785
11131	15.577672	-15.158172	22.169909
11132	17.346123	-16.778139	21.311913
11133	19.242661	-17.819636	19.899187
11134	21.066250	-18.603720	17.968332
11135	23.101874	-19.505391	15.944981
11136	25.416140	-20.660400	14.183421
11137	27.736289	-21.964708	12.784920
11138	30.041441	-23.086733	11.628778
11139	32.221397	-23.779619	10.599076
11140	34.143985	-24.200683	9.661454
11141	35.788686	-24.682175	8.830103
11142	37.216211	-25.229936	8.181094
11143	38.412580	-25.688009	7.618042
11144	39.345155	-26.082519	7.237158
11145	40.070742	-26.319981	7.110372
11146	40.628343	-26.375938	7.159564
11147	40.993855	-26.405345	7.382655
11148	41.066354	-26.443508	7.729831
11149	40.811493	-26.321006	8.037083
11150	40.306337	-25.933948	8.192038
11151	39.534620	-25.258541	8.152095
11152	38.560739	-24.386429	7.914395
11153	37.361766	-23.439605	7.637748
11154	35.945349	-22.662810	7.396372
11155	34.366282	-22.055641	7.315769
11156	32.664273	-21.550781	7.457248
11157	30.771560	-21.063210	8.051598
11158	28.678839	-20.508246	9.175000
11159	26.516914	-19.856581	11.007873
11160	24.420919	-18.874042	13.576077
11161	22.588940	-17.286292	16.860916
11162	21.162714	-16.220739	19.538485
11163	21.148536	-15.443610	20.446555
11164	21.756234	-14.067915	21.624235
11165	21.614839	-14.137933	23.314647
11166	21.042176	-16.223012	25.391386
11167	21.244060	-16.805798	27.609543
11168	22.522721	-16.521601	28.546469
11169	23.605532	-16.048547	27.724850
11170	23.229025	-16.051663	24.693961
11171	21.670797	-15.569399	20.783857
11172	19.817790	-13.829328	18.355469
11173	17.604973	-12.325056	18.305799
11174	16.457976	-11.235729	20.211053
11175	16.773163	-11.636437	21.681399
11176	17.178685	-12.329272	22.639729
11177	17.685201	-12.578244	23.626558
11178	17.876054	-12.487259	24.472443
11179	17.568828	-12.271647	25.070917
11180	16.866806	-12.056319	25.315884
11181	16.017709	-11.696856	25.464718
11182	15.260611	-11.183696	25.673176
11183	14.606472	-10.636907	25.980923
11184	14.101453	-10.125075	26.370369
11185	13.719127	-9.661734	26.903272
11186	13.393192	-9.304719	27.527203
11187	13.079684	-8.901735	28.069065
11188	12.756886	-8.431380	28.498205
11189	12.384079	-7.966971	28.726971
11190	11.954223	-7.578602	28.640168
11191	11.563935	-7.120777	28.412116
11192	11.262507	-6.708515	28.083561
11193	11.022123	-6.425963	27.686441
11194	10.843342	-6.368432	27.214681
11195	10.709429	-6.567022	26.678390
11196	10.725745	-6.974655	26.032778
11197	10.936092	-7.605201	25.236655
11198	11.416295	-8.498980	24.534409
11199	12.086669	-9.851306	23.998044
11200	12.939485	-11.637356	23.657311
11201	13.966265	-13.729978	23.392994
11202	15.271814	-15.709030	22.971065
11203	16.905840	-17.172357	21.989651
11204	18.402208	-18.270983	20.296358
11205	19.864176	-19.368131	17.875465
11206	21.628003	-20.198036	15.253150
11207	23.687859	-20.846330	12.797639
11208	25.879066	-21.292528	10.734678
11209	27.920705	-21.841686	9.220937
11210	29.922099	-22.341862	8.104449
11211	31.834519	-22.851153	7.258504
11212	33.585441	-23.389337	6.570487
11213	35.094894	-23.985688	6.079785
11214	36.295937	-24.780039	5.882486
11215	37.239202	-25.666334	6.018041
11216	37.950674	-26.548908	6.567841
11217	38.490431	-27.420376	7.260931
11218	38.878965	-28.100991	7.791814
11219	39.053612	-28.413694	8.056923
11220	39.005002	-28.319291	8.085974
11221	38.676268	-27.828573	7.878318
11222	38.109796	-27.040008	7.424699
11223	37.322859	-26.035374	6.808309
11224	36.370923	-24.988300	6.126471
11225	35.201625	-23.909820	5.596735
11226	33.821975	-22.964115	5.307344
11227	32.256636	-22.325837	5.410187
11228	30.483082	-22.004405	5.967011
11229	28.416307	-21.620938	7.084239
11230	26.199613	-21.004601	8.674333
11231	23.973222	-20.212759	10.712839
11232	21.716223	-18.939063	13.551698
11233	19.754624	-17.259299	17.057796
11234	18.274365	-16.548503	19.745465
11235	17.649343	-16.200338	21.168147
11236	17.765199	-14.908426	21.644446
11237	17.690601	-13.709819	22.494676
11238	17.232089	-13.857762	23.825344
11239	16.842820	-14.934394	25.355195
11240	17.155470	-14.972400	26.691577
11241	17.805862	-14.934142	26.772722
11242	17.742559	-14.946536	25.017208
11243	16.612173	-14.428001	21.940468
11244	15.457033	-12.887757	19.328650
11245	14.238645	-11.059932	18.314980
11246	13.053297	-9.327805	19.157243
11247	12.563210	-8.918255	20.567760
11248	11.991142	-9.646081	21.842812
11249	12.063751	-9.975302	23.331215
11250	12.453973	-9.905096	24.584604
11251	12.499453	-9.549043	25.396661
11252	11.949599	-9.178884	25.904541
11253	11.096134	-8.746491	26.240698
11254	10.340284	-8.185726	26.478897
11255	9.768258	-7.500122	26.698524
11256	9.334763	-6.765658	26.988722
11257	8.969402	-6.147925	27.422743
11258	8.647133	-5.671460	27.969807
11259	8.365384	-5.248036	28.503268
11260	8.108316	-4.863878	28.827787
11261	7.852448	-4.494612	28.879891
11262	7.606584	-4.215575	28.714680
11263	7.426128	-4.109577	28.337298
11264	7.251590	-4.244269	27.868976
11265	7.208471	-4.608358	27.279587
11266	7.324127	-5.244388	26.583950
11267	7.628428	-6.311391	25.706626
11268	8.229748	-7.645967	24.776718
11269	9.045590	-9.187362	23.892175
11270	10.104789	-10.986687	23.046611
11271	11.385365	-12.910892	22.237363
11272	12.851566	-14.803560	21.441759
11273	14.530677	-16.428442	20.363721
11274	16.512795	-17.491804	18.843582
11275	18.526422	-18.286445	17.404377
11276	20.268625	-19.303361	16.380770
11277	22.066399	-20.459027	15.507697
11278	24.040963	-21.733754	14.629113
11279	26.071773	-22.817864	13.860535
11280	28.146039	-23.562708	13.087844
11281	29.933389	-24.192012	12.183842
11282	31.522360	-24.791533	11.273408
11283	32.916177	-25.248811	10.508494
11284	34.032482	-25.698665	9.916435
11285	34.897605	-26.141383	9.664374
11286	35.620591	-26.527365	9.792791
11287	36.199929	-26.888758	10.139466
11288	36.577717	-27.253400	10.555021
11289	36.691262	-27.502605	10.916254
11290	36.618208	-27.490618	11.055350
11291	36.413433	-27.127788	10.958187
11292	36.023638	-26.574372	10.740897
11293	35.336444	-25.979928	10.564644
11294	34.323949	-25.397764	10.484621
11295	33.034274	-24.700935	10.439845
11296	31.575883	-23.894716	10.398109
11297	29.950907	-23.022775	10.451645
11298	28.215917	-22.235797	10.676746
11299	26.404568	-21.326379	11.097959
11300	24.744276	-20.184734	11.870861
11301	23.189091	-19.110310	13.308695
11302	21.588197	-17.780677	15.588747
11303	20.161916	-16.126697	18.287087
11304	19.319588	-14.897576	20.034919
11305	19.770931	-13.879283	20.989689
11306	19.854252	-12.879645	22.388909
11307	19.681284	-14.120553	23.557126
11308	19.447701	-15.650537	25.337011
11309	20.079766	-15.871486	27.120134
11310	21.303681	-15.342865	27.729693
11311	21.733441	-15.086276	26.325399
11312	20.774444	-15.128825	22.881378
11313	19.232528	-14.039348	19.756436
11314	17.443526	-12.279689	18.581813
11315	15.880936	-10.957732	19.457506
11316	15.717059	-10.885639	20.964466
11317	15.977081	-11.526289	22.101442
11318	16.465724	-11.967863	23.027852
11319	16.762789	-11.986653	23.883505
11320	16.562724	-11.772445	24.485192
11321	16.002449	-11.440606	24.871963
11322	15.261423	-11.162253	24.983381
11323	14.540253	-10.731596	25.104894
11324	13.918215	-10.258348	25.296366
11325	13.369108	-9.821238	25.572792
11326	12.910249	-9.417110	25.926038
11327	12.501388	-9.059942	26.310467
11328	12.103411	-8.762013	26.608852
11329	11.664559	-8.373422	26.786824
11330	11.185877	-7.908298	26.815824
11331	10.664516	-7.415049	26.629215
11332	10.169504	-6.927919	26.332227
11333	9.844439	-6.406947	25.933631
11334	9.685601	-6.073952	25.301708
11335	9.694371	-6.198274	24.521290
11336	9.949165	-6.897671	23.667716
11337	10.531918	-8.084412	22.812782
11338	11.422681	-9.586641	22.160956
11339	12.518373	-11.404146	21.669875
11340	13.745633	-13.383163	21.275813
11341	15.187279	-15.204099	20.662608
11342	16.804153	-16.486795	19.613170
11343	18.403755	-17.412320	18.208399
11344	20.081231	-18.319148	16.566760
11345	22.021226	-19.388014	14.991865
11346	24.101395	-20.650406	13.587563
11347	26.181831	-21.877980	12.471397
11348	28.203755	-22.872508	11.712163
11349	30.150672	-23.598966	10.986434
11350	31.854941	-24.263061	10.262786
11351	33.360962	-24.902360	9.610946
11352	34.613510	-25.526092	9.053906
11353	35.558553	-26.133421	8.644692
11354	36.258043	-26.752661	8.443020
11355	36.834997	-27.301895	8.423218
11356	37.322890	-27.661696	8.505093
11357	37.684898	-27.805320	8.692389
11358	37.796567	-27.740151	8.955254
11359	37.583406	-27.491160	9.148338
11360	37.109762	-27.015468	9.113396
11361	36.344981	-26.235794	8.886340
11362	35.299289	-25.322724	8.545767
11363	33.984393	-24.411029	8.337411
11364	32.515027	-23.626125	8.344530
11365	30.886791	-22.948654	8.571822
11366	29.089590	-22.376510	9.120390
11367	27.138200	-21.703817	10.116628
11368	25.147246	-20.991660	11.849154
11369	23.122456	-20.035605	14.309682
11370	21.316434	-18.695671	17.239126
11371	19.867881	-17.188930	19.974883
11372	19.606975	-16.180755	21.031369
11373	20.276358	-15.030603	22.046954
11374	20.416841	-14.549549	23.117298
11375	19.969317	-16.411170	24.816401
11376	19.938515	-17.225699	26.427719
11377	21.132340	-16.842577	27.490580
11378	22.389064	-16.231649	26.792324
11379	22.277340	-16.164490	23.963179
11380	20.956004	-16.173009	19.907275
11381	19.092165	-14.973784	17.095494
11382	16.833229	-13.453076	16.738583
11383	15.295167	-12.024440	18.567028
11384	15.827459	-11.986223	20.436398
11385	16.176670	-13.008582	21.325893
11386	16.563262	-13.503211	22.228479
11387	16.734497	-13.568082	23.222115
11388	16.471569	-13.483224	23.933275
11389	15.786925	-13.321980	24.316881
11390	14.979110	-13.074293	24.526585
11391	14.185224	-12.702485	24.797082
11392	13.470966	-12.275103	25.130738
11393	12.883028	-11.823174	25.473440
11394	12.435569	-11.506501	25.802043
11395	12.092983	-11.152324	26.331056
11396	11.767950	-10.727903	26.818669
11397	11.399725	-10.210938	27.191712
11398	10.899036	-9.793242	27.214181
11399	10.341465	-9.251346	27.004781
11400	9.832168	-8.608821	26.582076
11401	9.431972	-7.985536	26.097199
11402	9.166052	-7.530864	25.573105
11403	9.063481	-7.329780	25.033460
11404	9.128475	-7.520203	24.451790
11405	9.414413	-8.151700	23.708813
11406	10.032990	-9.171588	23.009161
11407	10.963080	-10.735510	22.333046
11408	12.165827	-12.783079	21.832739
11409	13.462208	-15.072356	21.454219
11410	14.893959	-17.176626	20.897959
11411	16.652541	-18.727926	19.587841
11412	18.607469	-19.618734	17.567022
11413	20.597887	-20.393141	15.076128
11414	22.629758	-21.354613	12.549806
11415	24.798563	-22.321929	10.238522
11416	27.065250	-23.150310	8.368215
11417	29.175670	-23.770361	6.834349
11418	31.189762	-24.107994	5.549009
11419	33.019906	-24.426504	4.573137
11420	34.662773	-24.838224	3.855861
11421	36.063921	-25.287694	3.407866
11422	37.250901	-25.939415	3.218379
11423	38.254665	-26.733633	3.266083
11424	39.131859	-27.424589	3.511727
11425	39.801871	-27.937648	3.893418
11426	40.179650	-28.237897	4.385644
11427	40.169725	-28.322347	4.927981
11428	39.813376	-28.177237	5.406049
11429	39.168218	-27.695898	5.740836
11430	38.279538	-27.007356	5.892121
11431	37.120194	-26.177183	5.920185
11432	35.744926	-25.247541	5.856531
11433	34.164487	-24.348075	5.754491
11434	32.496966	-23.512770	5.785183
11435	30.759749	-22.840540	6.008766
11436	28.874821	-22.199625	6.528290
11437	26.704403	-21.431531	7.533412
11438	24.413896	-20.566826	9.062010
11439	22.283227	-19.489889	11.096154
11440	20.238063	-17.849877	13.699050
11441	18.334326	-15.642076	16.693118
11442	17.354370	-14.295337	18.495465
11443	18.704030	-13.023227	19.911920
11444	19.631252	-11.643027	21.458318
11445	19.099033	-13.498388	23.722268
11446	18.559979	-15.408794	25.322995
11447	19.243470	-15.219928	26.642465
11448	20.754724	-14.642760	26.554312
11449	21.344309	-14.173749	24.267562
11450	20.426951	-14.266868	20.374068
11451	18.846231	-13.267839	17.249726
11452	16.661400	-11.771424	16.346594
11453	14.057159	-10.417892	18.029914
11454	14.263743	-9.138036	20.951224
11455	15.114383	-10.177809	22.507995
11456	15.503260	-10.877517	23.587980
11457	15.695181	-10.970380	24.786938
11458	15.453637	-10.783981	25.826246
11459	14.767346	-10.454763	26.522231
11460	13.851279	-10.130329	26.819261
11461	12.865266	-9.711711	27.030876
11462	11.970647	-9.145583	27.304946
11463	11.254868	-8.538079	27.728331
11464	10.770729	-7.952785	28.347974
11465	10.401271	-7.418082	29.126273
11466	10.018834	-7.081827	29.819881
11467	9.640538	-6.575430	30.415678
11468	9.221134	-5.989767	30.664232
11469	8.665865	-5.349836	30.529584
11470	8.080219	-4.579198	30.018791
11471	7.669528	-3.715005	29.407546
11472	7.330863	-3.086915	28.784968
11473	7.073092	-2.735650	28.228492
11474	7.009412	-2.748319	27.685801
11475	7.147979	-3.211538	27.122775
11476	7.529606	-4.164854	26.609559
11477	8.254644	-5.466325	26.258170
11478	9.171274	-7.140253	25.848174
11479	10.207452	-9.091277	25.489534
11480	11.328326	-11.213472	25.103528
11481	12.554564	-13.288124	24.500021
11482	14.152996	-14.889555	23.350266
11483	16.230929	-15.806925	21.750469
11484	18.508797	-16.457581	20.011211
11485	20.402066	-17.512949	18.375615
11486	22.371632	-18.680495	17.007284
11487	24.451674	-19.777231	15.835934
11488	26.482499	-20.895281	14.972503
11489	28.770593	-21.745901	14.246617
11490	30.799462	-22.472238	13.557847
11491	32.574754	-23.127381	12.935123
11492	34.066414	-23.692992	12.457917
11493	35.222037	-24.244938	12.032546
11494	36.106614	-24.751449	11.741310
11495	36.875149	-25.138233	11.468737
11496	37.589947	-25.299314	11.173127
11497	38.157644	-25.241587	10.975985
11498	38.399431	-25.046036	10.843964
11499	38.259494	-24.728968	10.660533
11500	37.820161	-24.192696	10.329917
11501	37.116195	-23.397712	9.839806
11502	36.153110	-22.464517	9.246426
11503	34.911551	-21.506663	8.672598
11504	33.439553	-20.783963	8.282800
11505	31.769440	-20.516893	8.255857
11506	29.895912	-20.456346	8.680372
11507	27.786415	-20.101533	9.600983
11508	25.612834	-19.416510	11.189424
11509	23.384720	-18.263026	13.650746
11510	21.482313	-16.829040	16.799301
11511	20.231073	-15.519376	19.495977
11512	19.568952	-15.194688	20.885834
11513	19.418080	-14.038012	21.346977
11514	19.522285	-12.515812	22.179011
11515	19.529051	-11.702778	23.779967
11516	19.278982	-12.822980	24.971151
11517	19.161474	-13.612718	26.188612
11518	19.920972	-13.144883	26.821858
11519	20.849642	-12.684113	26.108004
11520	20.572430	-12.560002	23.657588
11521	18.947567	-12.261560	20.457834
11522	17.032782	-10.844221	18.623437
11523	14.923248	-9.425332	18.496239
11524	13.637358	-8.460774	19.896071
11525	13.762752	-8.448383	21.528408
11526	14.033775	-8.879585	22.849669
11527	14.319483	-9.197359	24.086448
11528	14.498668	-9.158800	25.327762
11529	14.311656	-8.937184	26.363949
11530	13.718456	-8.753445	27.159665
11531	12.973989	-8.439429	27.834946
11532	12.293353	-8.005981	28.476543
11533	11.708828	-7.483260	29.032781
11534	11.236536	-6.942735	29.474489
11535	10.819155	-6.508035	29.716440
11536	10.523557	-6.000018	30.017849
11537	10.233810	-5.503935	30.183259
11538	9.925344	-4.982114	30.157155
11539	9.544640	-4.472879	29.944978
11540	9.186689	-3.981264	29.644833
11541	8.919661	-3.535675	29.317697
11542	8.726133	-3.144961	28.945251
11543	8.636475	-2.921052	28.631214
11544	8.624564	-3.028077	28.440896
11545	8.711987	-3.473181	28.242819
11546	8.915488	-4.303788	27.860243
11547	9.363071	-5.357375	27.503896
11548	10.016133	-6.753597	27.012352
11549	10.920081	-8.529962	26.393940
11550	12.044008	-10.510535	25.675507
11551	13.352392	-12.446677	24.847959
11552	14.836258	-14.164437	23.741509
11553	16.726178	-15.422409	22.196523
11554	18.843031	-16.378902	20.391735
11555	20.865434	-17.538823	18.616892
11556	22.918377	-18.903122	16.764997
11557	25.100076	-20.118814	15.004586
11558	27.319193	-21.181910	13.387386
11559	29.554226	-21.961361	11.935340
11560	31.687320	-22.592822	10.548928
11561	33.616205	-23.212111	9.245457
11562	35.505827	-23.666134	8.098779
11563	37.254125	-24.084065	7.135828
11564	38.703145	-24.557374	6.399690
11565	39.779015	-24.992015	5.996420
11566	40.604697	-25.429633	5.928194
11567	41.208905	-25.872421	6.063123
11568	41.570541	-26.233861	6.255286
11569	41.678645	-26.414037	6.419144
11570	41.503485	-26.224263	6.414303
11571	41.067269	-25.646798	6.255741
11572	40.459309	-24.805556	5.954073
11573	39.626478	-23.819566	5.628893
11574	38.490595	-22.843761	5.234311
11575	37.027854	-21.968224	4.973768
11576	35.360684	-21.319668	5.056880
11577	33.559903	-20.801800	5.526739
11578	31.632483	-20.336261	6.450381
11579	29.522742	-19.906787	7.907916
11580	27.332314	-19.446914	9.789602
11581	25.261202	-18.777858	12.089900
11582	23.332695	-17.814345	14.788475
11583	21.486961	-16.291939	17.954575
11584	19.971241	-14.919468	20.605280
11585	19.161202	-14.208503	21.757612
11586	19.321440	-12.608247	22.436016
11587	19.819444	-11.107752	24.062903
11588	19.686944	-11.809545	25.439111
11589	19.502210	-13.044695	26.531530
11590	20.102462	-12.999775	27.319487
11591	21.074520	-12.692432	26.795487
11592	21.093043	-12.519527	24.553247
11593	19.668477	-12.324225	20.875211
11594	17.857887	-10.919336	17.857573
11595	15.875740	-9.115085	17.310308
11596	14.405105	-7.735947	19.179470
11597	14.576606	-7.737677	21.266183
11598	14.711824	-8.570310	22.626723
11599	15.025278	-9.118100	23.848110
11600	15.244081	-9.157846	24.924522
11601	14.973778	-8.836380	25.622534
11602	14.250137	-8.465181	25.952038
11603	13.265282	-8.105530	26.013881
11604	12.349921	-7.571779	26.182267
11605	11.599096	-6.926601	26.521840
11606	11.033033	-6.296092	27.009924
11607	10.592778	-5.718888	27.582804
11608	10.271840	-5.178714	28.204528
11609	10.000494	-4.670446	28.761096
11610	9.671963	-4.195802	29.005289
11611	9.222188	-3.714359	28.914925
11612	8.767664	-3.261002	28.493696
11613	8.377696	-2.843974	27.723836
11614	8.155605	-2.566307	26.862486
11615	8.158974	-2.611465	26.133517
11616	8.362025	-3.119273	25.493005
11617	8.856874	-4.039649	24.972788
11618	9.656954	-5.374899	24.558750
11619	10.663946	-7.116717	24.203510
11620	11.799740	-9.185063	23.928611
11621	13.061024	-11.399113	23.687914
11622	14.511243	-13.559632	23.332535
11623	16.213060	-15.331068	22.521507
11624	18.103109	-16.531663	21.051446
11625	20.043319	-17.462103	18.967910
11626	21.962317	-18.238009	16.834169
11627	24.064087	-19.315863	15.068630
11628	26.269297	-20.750349	13.595902
11629	28.567450	-22.167386	12.142340
11630	31.028662	-23.050548	10.780379
11631	33.193926	-23.735475	9.433217
11632	35.047906	-24.426978	8.450624
11633	36.596458	-25.023097	7.876530
11634	37.794806	-25.631725	7.466058
11635	38.724388	-26.312737	7.234256
11636	39.538027	-26.943555	7.184586
11637	40.221779	-27.344170	7.289162
11638	40.644647	-27.485152	7.657258
11639	40.692287	-27.514810	8.086997
11640	40.403007	-27.391130	8.355714
11641	39.883275	-26.961005	8.473955
11642	39.178255	-26.237328	8.428037
11643	38.273384	-25.344845	8.337600
11644	37.133280	-24.483025	8.180192
11645	35.709557	-23.762956	8.070243
11646	34.037044	-23.350425	8.118197
11647	32.106942	-23.151681	8.489978
11648	29.948229	-22.988937	9.433697
11649	27.626621	-22.563006	10.862159
11650	25.288198	-21.800878	12.654322
11651	23.003313	-20.413637	15.128119
11652	21.136483	-18.475264	18.307965
11653	19.734268	-17.174953	21.105728
11654	18.853879	-16.756708	22.571349
11655	18.182023	-15.533483	23.185862
11656	17.755309	-13.867038	23.434451
11657	17.596935	-12.215418	24.595435
11658	17.379185	-12.583461	26.690901
11659	17.146878	-14.056110	28.610037
11660	17.671410	-14.283883	29.984498
11661	18.574225	-14.404422	29.531512
11662	18.527310	-14.778445	26.514194
11663	17.207394	-14.608202	22.454504
11664	15.887700	-13.004860	19.084499
11665	14.453350	-10.858556	17.530182
11666	13.242992	-8.885238	18.108658
11667	13.656356	-7.963116	19.965864
11668	13.375123	-9.132206	21.325822
11669	13.463914	-10.253949	23.090140
11670	14.005943	-10.747584	24.820812
11671	14.267255	-10.724473	26.076090
11672	13.793891	-10.596049	26.781499
11673	12.951407	-10.334651	27.101693
11674	12.113498	-9.906280	27.233285
11675	11.343514	-9.271165	27.281033
11676	10.680959	-8.543985	27.335223
11677	10.145227	-7.912585	27.499555
11678	9.679067	-7.382698	27.820659
11679	9.230965	-6.851104	28.257152
11680	8.752098	-6.420037	28.488033
11681	8.263951	-5.811357	28.597132
11682	7.787527	-5.068175	28.496119
11683	7.390408	-4.211455	28.302394
11684	7.063598	-3.380728	28.061958
11685	6.730059	-2.782873	27.809912
11686	6.517339	-2.525335	27.533349
11687	6.485002	-2.655835	27.183329
11688	6.637108	-3.290446	26.805830
11689	6.984579	-4.528943	26.401397
11690	7.601810	-6.108765	26.038456
11691	8.430996	-7.962107	25.567262
11692	9.382930	-10.062341	25.159453
11693	10.404841	-12.304080	24.770055
11694	11.652894	-14.424963	24.101217
11695	13.352515	-16.014989	22.937657
11696	15.369965	-16.922205	21.341226
11697	17.140328	-17.651509	19.231515
11698	18.848513	-18.470289	16.952319
11699	20.902048	-19.291573	14.998247
11700	22.986776	-20.017896	13.274399
11701	24.976286	-20.721705	11.618514
11702	27.169089	-21.139888	10.229802
11703	29.215654	-21.440028	9.034666
11704	31.048443	-21.851514	7.967061
11705	32.665887	-22.333749	7.220742
11706	33.943021	-22.965852	6.978393
11707	34.923546	-23.769304	7.231113
11708	35.699055	-24.702360	7.867750
11709	36.260409	-25.651493	8.722983
11710	36.585898	-26.433986	9.551836
11711	36.710592	-26.896667	10.244339
11712	36.632061	-27.009996	10.636632
11713	36.391189	-26.708780	10.713223
11714	36.005950	-26.105179	10.550666
11715	35.424598	-25.352876	10.240817
11716	34.623542	-24.458616	9.832253
11717	33.568085	-23.502429	9.370499
11718	32.293190	-22.555241	8.993227
11719	30.908106	-21.689962	8.787864
11720	29.451524	-20.925159	8.750127
11721	27.835908	-20.320326	9.018807
11722	25.964532	-19.848706	9.766476
11723	23.916781	-19.268827	11.028470
11724	21.804878	-18.376480	12.903205
11725	19.737685	-16.822223	15.690612
11726	18.163522	-14.919845	19.100190
11727	17.041520	-14.271346	21.259234
11728	16.947116	-13.051944	21.717557
11729	17.837728	-10.687487	23.996458
11730	17.926260	-11.652008	26.651458
11731	17.515052	-13.495416	28.879966
11732	18.359496	-13.658977	30.483172
11733	19.832030	-13.248915	30.063798
11734	19.964331	-13.264685	26.872579
11735	18.588291	-13.335808	22.115919
11736	17.042934	-11.648399	18.257746
11737	15.107136	-9.513994	17.073589
11738	13.238412	-7.875112	18.974471
11739	14.072365	-7.496477	21.888504
11740	14.403952	-8.883114	23.346244
11741	14.737099	-9.828049	24.740984
11742	15.039229	-9.939015	25.940114
11743	14.765544	-9.552517	26.618231
11744	13.928166	-9.138333	26.827145
11745	12.888113	-8.647772	26.809757
11746	11.888522	-8.104148	26.680604
11747	11.003456	-7.381839	26.732099
11748	10.272775	-6.707803	26.948487
11749	9.642545	-6.155323	27.278843
11750	9.138900	-5.735871	27.722792
11751	8.695373	-5.358656	28.139263
11752	8.227691	-4.914424	28.279565
11753	7.679111	-4.298779	28.047419
11754	7.076246	-3.669332	27.424670
11755	6.546650	-3.349415	26.443312
11756	6.338173	-3.311600	25.328366
11757	6.430745	-3.671435	24.167418
11758	6.853694	-4.553620	23.045340
11759	7.641823	-5.835619	22.187322
11760	8.672614	-7.410755	21.648531
11761	9.711421	-9.210737	21.399915
11762	10.688825	-11.153768	21.175748
11763	11.808547	-13.012880	20.595548
11764	13.361029	-14.416372	19.468757
11765	15.660888	-15.025280	18.114672
11766	18.221991	-15.380836	16.861481
11767	20.470394	-16.181950	15.668522
11768	22.570235	-17.432740	14.702529
11769	24.772471	-18.524058	14.232062
11770	26.876881	-19.593072	14.027563
11771	28.990455	-20.806594	13.986235
11772	30.896755	-21.986198	13.797631
11773	32.609522	-23.139225	13.371103
11774	34.108171	-24.121406	12.851815
11775	35.233415	-24.914725	12.398331
11776	36.019239	-25.466518	12.061367
11777	36.606864	-25.848552	11.812365
11778	37.090713	-26.059395	11.466799
11779	37.431668	-26.001794	10.836381
11780	37.604879	-25.573001	10.061650
11781	37.579130	-24.818905	9.276263
11782	37.243278	-23.905628	8.649299
11783	36.531509	-23.007308	8.176052
11784	35.474836	-22.123446	7.791699
11785	34.091816	-21.369353	7.656531
11786	32.485355	-20.923539	7.792339
11787	30.729163	-20.806866	8.211859
11788	28.821499	-20.810961	8.950045
11789	26.776007	-20.594941	10.128906
11790	24.621746	-20.002030	11.886970
11791	22.455493	-18.848826	14.261022
11792	20.828365	-17.347781	16.847368
11793	19.707322	-16.189394	19.005793
11794	18.836629	-15.489289	20.376076
11795	18.089162	-14.447129	21.788876
11796	17.785996	-13.406089	22.845170
11797	17.977997	-12.420476	24.093843
11798	18.055792	-12.815182	25.537500
11799	17.999392	-13.613722	27.024916
11800	18.572590	-13.560676	27.740116
11801	19.099390	-13.508662	27.067872
11802	18.470483	-13.489650	24.498821
11803	17.144056	-12.859841	21.374359
11804	15.855789	-11.354630	19.281298
11805	14.426686	-9.667562	18.648357
11806	13.614362	-8.473286	19.497676
11807	13.394265	-8.565060	20.741110
11808	13.326990	-9.173970	21.997258
11809	13.570220	-9.536228	23.270345
11810	13.823754	-9.405105	24.206069
11811	13.579795	-9.025289	24.842846
11812	12.805683	-8.678663	25.261824
11813	11.872170	-8.274312	25.644372
11814	11.083392	-7.774374	26.014558
11815	10.480882	-7.174848	26.391717
11816	10.021632	-6.571911	26.780688
11817	9.575987	-6.006264	27.170587
11818	9.080471	-5.612614	27.462497
11819	8.617525	-5.187127	27.770714
11820	8.179433	-4.717673	27.811110
11821	7.787951	-4.180853	27.600817
11822	7.433432	-3.841585	27.164747
11823	7.319702	-3.729479	26.673549
11824	7.416633	-4.019759	26.129932
11825	7.800024	-4.794355	25.527415
11826	8.545359	-5.955802	24.938062
11827	9.635792	-7.474831	24.478539
11828	10.879550	-9.305435	24.205390
11829	12.190514	-11.297733	23.885490
11830	13.675342	-13.232851	23.274820
11831	15.472852	-14.789366	22.353512
11832	17.550853	-15.709974	21.109263
11833	19.515014	-16.355357	19.618023
11834	21.340311	-17.317158	18.096481
11835	23.369599	-18.604717	16.849515
11836	25.566874	-19.894324	15.981985
11837	27.786138	-21.020841	15.125899
11838	30.152543	-21.947551	14.335255
11839	32.296122	-22.734198	13.684542
11840	34.113569	-23.500839	13.030409
11841	35.714358	-24.159673	12.440063
11842	36.975656	-24.701778	11.828417
11843	37.823076	-25.205397	11.379156
11844	38.462270	-25.654086	11.168053
11845	39.031432	-25.905466	11.087917
11846	39.490922	-25.893722	11.054212
11847	39.730961	-25.690105	11.059725
11848	39.653948	-25.331180	11.004929
11849	39.262820	-24.707185	10.847810
11850	38.588460	-23.840329	10.566556
11851	37.654945	-22.790105	10.158892
11852	36.457652	-21.604498	9.705327
11853	34.952301	-20.443137	9.338932
11854	33.219229	-19.635934	9.183711
11855	31.341620	-19.246022	9.277166
11856	29.312799	-18.998025	9.725374
11857	27.063479	-18.541504	10.818063
11858	24.699606	-17.799939	12.570196
11859	22.351141	-16.928836	14.939025
11860	20.171744	-15.372328	18.013440
11861	18.440206	-13.664411	21.395671
11862	17.204565	-13.203625	23.679166
11863	17.137559	-11.773557	23.979382
11864	18.160847	-9.343652	25.103585
11865	17.958427	-9.725125	26.930040
11866	17.550675	-11.946923	28.915584
11867	17.789851	-12.752431	30.318784
11868	19.185969	-12.715482	30.359528
11869	19.995920	-12.669449	27.844112
11870	18.805596	-13.027541	23.244280
11871	17.257741	-12.223940	18.432585
11872	15.723140	-10.026698	16.088605
11873	13.613004	-7.886096	17.413969
11874	13.606219	-6.285864	21.112624
11875	14.344365	-7.536699	23.009242
11876	14.517817	-9.045938	24.035447
11877	15.038468	-9.601827	25.353684
11878	15.255281	-9.527168	26.410905
11879	14.765949	-9.284576	27.041426
11880	13.852845	-9.031589	27.354050
11881	12.924009	-8.649633	27.515212
11882	12.146547	-8.110588	27.620942
11883	11.533034	-7.518340	27.763757
11884	11.049993	-6.984284	27.924135
11885	10.637343	-6.566175	28.044710
11886	10.140710	-6.334762	27.987256
11887	9.677102	-5.927642	27.905365
11888	9.173660	-5.402334	27.581129
11889	8.627531	-4.756737	27.027110
11890	8.134377	-4.052048	26.405195
11891	7.771985	-3.404073	25.888799
11892	7.663875	-3.044149	25.559383
11893	7.676389	-3.166666	25.349700
11894	7.821391	-3.794126	25.218620
11895	8.248041	-4.802264	25.224372
11896	8.918486	-6.202311	25.288334
11897	9.809746	-7.881219	25.392050
11898	10.758610	-9.711280	25.530705
11899	11.770846	-11.664558	25.506876
11900	12.979829	-13.315354	24.933976
11901	14.549972	-14.409054	23.938112
11902	16.328564	-15.142060	22.766918
11903	18.029797	-15.980829	21.352312
11904	19.537011	-16.981730	19.763428
11905	21.040792	-17.815873	18.185205
11906	22.433511	-18.322479	16.858668
11907	23.818766	-18.970247	15.557225
11908	25.494335	-19.770621	14.545871
11909	27.221703	-20.759820	13.633912
11910	28.849601	-21.617643	12.695842
11911	30.225024	-22.322192	12.282650
11912	31.272813	-23.172892	12.561930
11913	32.082273	-24.165595	13.204663
11914	32.708437	-25.001965	13.885890
11915	33.220844	-25.753450	14.624603
11916	33.713254	-26.470629	15.409263
11917	34.248917	-27.108672	15.992359
11918	34.832726	-27.628126	16.270189
11919	35.281453	-27.934592	16.352825
11920	35.370428	-28.096003	16.335175
11921	35.093728	-28.290529	16.298235
11922	34.576601	-28.550734	16.240728
11923	33.902872	-28.657343	16.073208
11924	33.122942	-28.459909	15.797691
11925	32.290391	-27.930775	15.460213
11926	31.489164	-27.250876	15.061356
11927	30.728146	-26.502668	14.693635
11928	29.898944	-25.528543	14.496560
11929	29.001975	-24.502687	14.583442
11930	28.071552	-23.655745	14.909918
11931	27.123118	-22.854530	15.224298
11932	26.114965	-21.875296	15.594450
11933	24.864258	-20.893872	16.238138
11934	23.362580	-19.960966	17.387905
11935	21.776126	-18.768416	18.700258
11936	20.252694	-17.230926	19.943670
11937	18.999422	-15.755020	20.820595
11938	17.999364	-14.552012	21.094449
11939	17.822416	-12.802695	22.087229
11940	18.458182	-12.402061	23.792113
11941	18.417476	-14.254947	25.775281
11942	18.998248	-14.793931	28.270030
11943	20.295153	-14.195021	28.702467
11944	20.773411	-13.916336	26.535577
11945	19.727230	-13.705341	22.597154
11946	17.994987	-12.559427	18.811279
11947	16.071880	-10.654665	16.868019
11948	14.488162	-8.830531	17.430987
11949	14.538169	-8.332222	19.123562
11950	14.328110	-9.243095	20.567318
11951	14.249051	-10.193478	22.157783
11952	14.555093	-10.463518	23.594413
11953	14.528816	-10.365967	24.564681
11954	13.878506	-10.255732	25.145604
11955	13.036040	-10.087531	25.556073
11956	12.280654	-9.867796	25.885732
11957	11.624959	-9.566761	26.109868
11958	11.028296	-9.202286	26.267368
11959	10.461472	-8.819177	26.414631
11960	9.911084	-8.383626	26.574238
11961	9.406166	-7.885077	26.656041
11962	8.952451	-7.327503	26.507137
11963	8.465515	-6.757666	26.109183
11964	7.928790	-6.297836	25.510161
11965	7.511630	-5.906292	24.694276
11966	7.356561	-5.821687	23.721812
11967	7.559015	-6.300147	22.635349
11968	8.206735	-7.287846	21.584863
11969	9.354759	-8.690657	20.836786
11970	10.764022	-10.406097	20.350786
11971	12.341334	-12.131833	19.726758
11972	14.188943	-13.739088	18.815040
11973	16.201025	-15.218048	17.547736
11974	18.307076	-16.312639	15.992713
11975	20.652440	-16.889979	14.337140
11976	23.057233	-17.287130	12.941436
11977	25.240132	-18.031942	12.014827
11978	27.323816	-19.130019	11.516195
11979	29.501611	-20.201927	11.170136
11980	31.595763	-21.093345	10.939991
11981	33.521937	-22.143531	10.714120
11982	35.274790	-23.216746	10.674139
11983	36.799849	-24.258388	10.843094
11984	37.993593	-25.175576	11.153533
11985	38.857731	-25.973257	11.536885
11986	39.400299	-26.515194	11.845569
11987	39.671522	-26.657671	11.937581
11988	39.727164	-26.369290	11.832894
11989	39.582484	-25.740953	11.564809
11990	39.195652	-24.866411	11.241361
11991	38.519340	-23.916262	10.831810
11992	37.545247	-22.985171	10.413284
11993	36.264837	-22.177924	10.182423
11994	34.744430	-21.525172	10.184149
11995	33.022683	-20.933230	10.439351
11996	31.176656	-20.520450	10.907780
11997	29.197111	-20.406442	11.561597
11998	27.002162	-20.212844	12.585296
11999	24.715804	-19.620411	13.979647
12000	22.516403	-18.620899	15.760234
12001	20.542085	-17.218868	18.215047
12002	19.126941	-15.728185	20.793618
12003	17.808154	-14.983724	22.577691
12004	16.961031	-14.140066	23.766062
12005	16.276212	-13.038694	25.018195
12006	15.774036	-12.247049	26.392680
12007	15.776812	-11.585966	26.818444
12008	15.897815	-10.855639	27.128817
12009	15.784253	-11.043039	27.394742
12010	15.767149	-11.267295	27.539718
12011	15.839773	-11.348587	27.218902
12012	15.596459	-11.175875	25.808153
12013	14.921334	-10.525756	23.534222
12014	14.136051	-9.347445	21.587796
12015	13.271579	-7.888401	20.634992
12016	12.552468	-6.772873	20.401788
12017	12.125346	-6.401624	20.836364
12018	11.830938	-6.520287	21.983857
12019	11.747383	-6.742643	23.413606
12020	11.726741	-6.707377	24.711156
12021	11.423577	-6.452046	25.708394
12022	10.737278	-6.102928	26.468997
12023	9.905531	-5.676048	27.147117
12024	9.107125	-5.159987	27.710273
12025	8.453539	-4.564992	28.159585
12026	7.914364	-3.994170	28.468021
12027	7.429485	-3.488371	28.621737
12028	6.956331	-3.124037	28.623611
12029	6.529724	-2.970746	28.504561
12030	6.189629	-3.020994	28.203358
12031	6.170782	-3.369943	27.564523
12032	6.506323	-4.148876	26.676999
12033	7.106656	-5.298765	25.600023
12034	7.961114	-6.683408	24.581262
12035	8.994460	-8.366875	23.705184
12036	10.191053	-10.211511	22.997839
12037	11.603697	-12.135062	22.273579
12038	13.308953	-13.685198	21.405812
12039	15.417766	-14.682355	20.283494
12040	17.500505	-15.316600	18.870561
12041	19.484899	-16.052994	17.421698
12042	21.526219	-16.921711	16.323016
12043	23.623957	-17.943896	15.510407
12044	25.793329	-19.088437	14.860781
12045	27.942792	-20.382155	14.338892
12046	30.104639	-21.445563	13.946492
12047	31.956746	-22.468143	13.314483
12048	33.535571	-23.364817	12.698082
12049	34.851791	-24.197279	12.099401
12050	35.951710	-24.936444	11.629103
12051	36.881281	-25.578122	11.339577
12052	37.653954	-26.107569	11.215293
12053	38.181783	-26.462908	11.114832
12054	38.458382	-26.574589	10.866507
12055	38.470035	-26.410078	10.585138
12056	38.183954	-26.024260	10.351359
12057	37.653424	-25.419993	10.122298
12058	36.914823	-24.639945	9.790178
12059	35.924514	-23.780835	9.363426
12060	34.656243	-23.051785	9.016205
12061	33.140098	-22.605594	8.963662
12062	31.476094	-22.333844	9.308046
12063	29.697473	-22.011816	10.093751
12064	27.827976	-21.676459	11.264383
12065	25.865861	-21.264871	12.812418
12066	23.897458	-20.681981	14.764818
12067	22.120142	-19.749423	17.066757
12068	20.653030	-18.406693	19.481195
12069	19.480775	-17.192068	21.434062
12070	18.644231	-16.106387	22.498838
12071	18.283073	-14.664203	22.709308
12072	18.599660	-12.938711	23.487566
12073	19.042924	-12.774011	24.996715
12074	18.932136	-14.394648	26.664267
12075	19.389987	-14.701515	28.574940
12076	20.579525	-14.596025	28.808587
12077	20.953213	-14.582915	26.432748
12078	19.950220	-14.399238	22.738285
12079	18.545946	-13.176066	19.360402
12080	16.992527	-11.312847	17.782801
12081	15.691693	-9.451980	18.645322
12082	15.592680	-9.129386	20.259848
12083	15.614140	-9.990361	21.438815
12084	16.072888	-10.721785	22.683514
12085	16.644369	-10.891395	23.972387
12086	16.648517	-10.858655	24.922909
12087	16.016798	-10.768696	25.546624
12088	15.216366	-10.644594	25.934838
12089	14.478340	-10.363129	26.157867
12090	13.817710	-9.909734	26.302565
12091	13.236273	-9.419943	26.452990
12092	12.708170	-8.997131	26.664333
12093	12.190487	-8.578834	26.919669
12094	11.683116	-8.144274	27.145685
12095	11.172584	-7.647770	27.258111
12096	10.643989	-7.071544	27.254545
12097	10.054214	-6.526676	27.004268
12098	9.560628	-5.901427	26.751732
12099	9.116684	-5.290803	26.484048
12100	8.732010	-4.829822	26.244977
12101	8.414459	-4.627567	25.993098
12102	8.186503	-4.776287	25.680225
12103	8.191335	-5.275745	25.277342
12104	8.490546	-6.191037	24.716834
12105	9.108655	-7.372495	24.158678
12106	9.963207	-8.837549	23.648458
12107	11.020099	-10.547506	23.253512
12108	12.220210	-12.263137	22.757755
12109	13.646925	-13.872065	21.929386
12110	15.268878	-15.252287	20.629355
12111	17.078390	-16.140948	18.966780
12112	18.963223	-16.694205	17.000227
12113	20.922481	-17.189848	15.077406
12114	22.928579	-17.843303	13.519044
12115	24.955371	-18.767538	12.439079
12116	27.008746	-19.666357	11.712480
12117	29.116093	-20.335751	11.107114
12118	31.024847	-20.895374	10.649493
12119	32.692287	-21.551410	10.279781
12120	34.135973	-22.318478	10.015338
12121	35.377540	-23.176642	9.835264
12122	36.421093	-23.989064	9.848664
12123	37.272893	-24.777973	10.184364
12124	37.966356	-25.471337	10.741911
12125	38.409736	-26.070124	11.413752
12126	38.578817	-26.559512	12.050506
12127	38.484842	-26.776449	12.464254
12128	38.210100	-26.603051	12.462897
12129	37.750667	-25.899924	12.093490
12130	37.052704	-24.844763	11.506535
12131	36.023408	-23.799458	10.818413
12132	34.695293	-22.859159	10.240252
12133	33.150841	-22.016436	9.922004
12134	31.458323	-21.273097	9.973905
12135	29.586250	-20.614436	10.484626
12136	27.534756	-20.047654	11.591584
12137	25.313180	-19.487239	13.234030
12138	23.195188	-18.488025	15.304982
12139	21.440323	-17.015412	17.959637
12140	20.222419	-15.504801	21.044508
12141	19.169199	-14.883933	23.083377
12142	18.825961	-13.729374	23.564259
12143	19.276662	-11.862777	25.197171
12144	19.543520	-12.475447	26.754128
12145	19.344982	-14.509664	28.818202
12146	20.099288	-14.724184	30.454441
12147	21.478334	-14.515088	30.234773
12148	21.727882	-14.473748	27.283477
12149	20.630770	-14.206057	22.832357
12150	19.342636	-12.754311	18.794685
12151	17.603972	-10.583444	17.529575
12152	16.113230	-8.630948	19.588195
12153	16.690054	-8.503040	22.259822
12154	16.687390	-10.055038	23.373688
12155	17.152304	-11.105796	24.441759
12156	17.759945	-11.140075	25.496668
12157	17.506650	-10.764875	26.171362
12158	16.470094	-10.431041	26.504066
12159	15.361475	-10.087562	26.696450
12160	14.466089	-9.567024	26.862311
12161	13.738502	-8.905064	27.095610
12162	13.113325	-8.254901	27.384215
12163	12.456133	-7.853295	27.590851
12164	11.803776	-7.412051	27.924051
12165	11.182240	-6.852508	28.208554
12166	10.469131	-6.250717	28.250106
12167	9.679217	-5.454775	28.128216
12168	9.006651	-4.689306	27.705885
12169	8.511292	-4.157176	27.026434
12170	8.287837	-3.823170	26.122997
12171	8.398273	-4.107656	25.061643
12172	8.836624	-5.040108	24.061900
12173	9.665202	-6.314384	23.356906
12174	10.802731	-7.916074	22.894496
12175	12.049265	-9.803651	22.511814
12176	13.482662	-11.717673	21.945316
12177	15.145761	-13.460946	20.975550
12178	17.071067	-14.678030	19.598456
12179	19.060482	-15.378915	17.979254
12180	20.865292	-15.930538	16.104798
12181	22.815636	-16.578640	14.360800
12182	24.897469	-17.422206	13.109580
12183	27.025785	-18.454939	12.289737
12184	29.028750	-19.476533	11.722435
12185	30.994816	-20.381163	11.297954
12186	32.739632	-21.177209	10.962400
12187	34.265362	-22.070359	10.612061
12188	35.627284	-22.993877	10.337540
12189	36.788861	-23.933567	10.145277
12190	37.743531	-24.810997	10.002567
12191	38.535753	-25.486920	9.937412
12192	39.093112	-25.859353	9.831460
12193	39.430749	-25.959743	9.597307
12194	39.532101	-25.857518	9.388819
12195	39.365472	-25.679204	9.260439
12196	38.951176	-25.317014	9.045551
12197	38.289384	-24.718469	8.665383
12198	37.384834	-23.926490	8.184541
12199	36.261591	-23.121216	7.642413
12200	34.942321	-22.417344	7.169070
12201	33.460335	-21.806444	7.028943
12202	31.891791	-21.378824	7.313814
12203	30.201048	-21.073517	8.055547
12204	28.372322	-20.716536	9.161250
12205	26.522357	-20.184289	10.497422
12206	24.706161	-19.400130	12.262370
12207	22.944634	-18.268206	14.550460
12208	21.381713	-16.762346	17.115272
12209	20.136904	-15.563385	19.190140
12210	19.412962	-14.919151	20.166257
12211	19.086257	-13.643152	20.634027
12212	19.451014	-12.347199	21.766660
12213	19.503574	-12.497674	23.500766
12214	19.385551	-14.012404	25.647331
12215	19.719729	-14.387115	27.558496
12216	20.854946	-13.986402	28.134218
12217	21.588243	-13.654272	26.502483
12218	21.012634	-13.679253	23.114407
12219	19.611391	-13.093379	19.596782
12220	17.925108	-11.467757	17.721694
12221	16.060690	-9.699597	18.138215
12222	15.711287	-8.862501	19.876395
12223	15.846817	-9.445587	21.071753
12224	16.113524	-10.185901	22.069106
12225	16.570748	-10.294773	23.307449
12226	16.604869	-10.130362	24.294895
12227	15.963750	-9.947916	24.981640
12228	15.063776	-9.763121	25.474414
12229	14.202136	-9.481218	25.877257
12230	13.452434	-9.072741	26.290084
12231	12.830730	-8.611862	26.712688
12232	12.296744	-8.184415	27.165492
12233	11.813624	-7.796123	27.646480
12234	11.404860	-7.378385	28.130564
12235	11.023827	-6.959770	28.523863
12236	10.619735	-6.520204	28.738235
12237	10.171065	-6.049817	28.705118
12238	9.720559	-5.523977	28.542619
12239	9.311029	-5.012613	28.201517
12240	8.978327	-4.565841	27.632893
12241	8.782050	-4.478665	26.906006
12242	8.739949	-4.932629	26.091958
12243	9.018170	-5.840271	25.141620
12244	9.702498	-7.052065	24.174380
12245	10.730944	-8.580379	23.301470
12246	11.872382	-10.400495	22.567347
12247	13.047209	-12.372398	21.833298
12248	14.369456	-14.230530	20.871060
12249	15.947150	-15.704818	19.439059
12250	17.810568	-16.538830	17.603591
12251	19.740952	-16.947617	15.586855
12252	21.574294	-17.552608	13.742398
12253	23.627890	-18.549454	12.155599
12254	25.864605	-19.651551	10.865996
12255	28.134833	-20.635227	9.884998
12256	30.196889	-21.381262	9.111532
12257	31.957106	-21.949071	8.593234
12258	33.499196	-22.618948	8.152433
12259	34.845467	-23.386230	7.912728
12260	35.900207	-24.190912	7.849346
12261	36.661762	-24.903544	8.038492
12262	37.206550	-25.485485	8.441335
12263	37.648918	-26.013018	8.963850
12264	37.963809	-26.436660	9.513182
12265	38.071555	-26.717707	9.945503
12266	37.980887	-26.729684	10.096099
12267	37.665090	-26.287051	9.940193
12268	37.109952	-25.462569	9.577445
12269	36.284976	-24.548353	9.135388
12270	35.190527	-23.711310	8.707949
12271	33.875878	-22.897502	8.384069
12272	32.441586	-22.130643	8.234294
12273	30.864795	-21.421456	8.351417
12274	29.150144	-20.699953	8.771267
12275	27.354710	-19.879758	9.480052
12276	25.560585	-19.018316	10.715023
12277	23.581978	-18.101345	12.665899
12278	21.627665	-16.789045	15.304120
12279	20.159258	-15.249446	17.936388
12280	19.546672	-14.285298	18.990728
12281	19.971884	-13.239114	19.461486
12282	20.451055	-12.383049	20.713961
12283	20.335390	-13.910010	22.317108
12284	20.220690	-15.097114	24.536800
12285	21.226944	-14.606491	26.241811
12286	22.758511	-13.953444	25.542479
12287	23.089457	-13.950307	22.478820
12288	22.037813	-13.951456	18.121564
12289	20.300136	-12.628618	15.109842
12290	17.877079	-11.107766	15.015016
12291	16.314855	-10.076115	17.363326
12292	17.135831	-10.313400	19.880914
12293	17.637399	-11.261848	20.930391
12294	18.126827	-11.664279	21.898041
12295	18.248385	-11.388607	22.885745
12296	17.645672	-10.934029	23.543812
12297	16.694194	-10.533517	23.810324
12298	15.675447	-10.237632	23.803021
12299	14.755436	-9.698076	23.956566
12300	14.025624	-9.004450	24.446937
12301	13.383969	-8.437767	25.106071
12302	12.714512	-8.025545	25.818478
12303	12.037146	-7.553605	26.443039
12304	11.341077	-6.968643	26.857793
12305	10.452591	-6.344974	26.801414
12306	9.690164	-5.602247	26.480661
12307	9.092165	-5.059236	25.796804
12308	8.740621	-4.900471	24.834334
12309	8.753676	-5.313565	23.762051
12310	9.149692	-6.256328	22.704363
12311	9.958750	-7.490109	21.828032
12312	11.026266	-8.894594	21.079791
12313	12.275382	-10.476590	20.263787
12314	13.731067	-12.052819	19.191673
12315	15.419383	-13.396310	17.696992
12316	17.262185	-14.271034	15.893065
12317	19.296999	-14.508675	14.085786
12318	21.275974	-14.321966	12.638584
12319	22.933065	-14.752234	11.568416
12320	24.481727	-15.887750	10.956112
12321	26.148987	-17.127475	10.721228
12322	27.973480	-18.203971	10.790970
12323	29.933513	-19.199779	10.973813
12324	31.711269	-20.133752	11.164080
12325	33.235226	-21.187362	11.299587
12326	34.536160	-22.303601	11.526809
12327	35.613109	-23.439348	11.842460
12328	36.508306	-24.557663	12.207897
12329	37.265168	-25.514067	12.535554
12330	37.880642	-26.282179	12.744545
12331	38.335281	-26.840536	12.819286
12332	38.643102	-27.181185	12.742776
12333	38.727797	-27.249170	12.617292
12334	38.531275	-26.992261	12.415969
12335	38.018894	-26.427171	12.103993
12336	37.205496	-25.659801	11.748350
12337	36.161423	-24.766636	11.374401
12338	34.967238	-23.856617	10.964450
12339	33.633018	-23.026903	10.630586
12340	32.117227	-22.322058	10.554491
12341	30.355154	-21.808734	10.758843
12342	28.359003	-21.402297	11.284306
12343	26.124701	-21.005097	12.221440
12344	23.870205	-20.309167	13.390157
12345	21.777377	-19.099361	14.849575
12346	19.788818	-17.488458	16.853033
12347	18.108605	-15.897889	19.109227
12348	16.796783	-14.828472	20.835855
12349	15.817763	-13.844286	21.854217
12350	15.338737	-12.168666	22.236411
12351	15.550691	-10.292747	23.533860
12352	15.682376	-10.381025	25.352867
12353	15.418148	-12.136234	27.156229
12354	15.949616	-12.633972	28.691661
12355	16.846382	-12.700505	28.492987
12356	16.619618	-12.854731	25.645991
12357	15.369780	-12.343969	21.782185
12358	14.058115	-10.831088	18.371001
12359	12.660794	-8.622617	17.001256
12360	11.637380	-6.295331	18.122096
12361	11.618004	-5.957432	19.754972
12362	11.238643	-7.020280	21.076921
12363	11.352826	-7.734019	22.777109
12364	11.828890	-7.672792	24.409549
12365	11.794993	-7.366180	25.713408
12366	10.953716	-7.219673	26.592649
12367	9.952477	-6.915044	27.285631
12368	9.155228	-6.432745	27.793493
12369	8.566160	-5.758500	28.160728
12370	8.137498	-4.995533	28.504816
12371	7.774392	-4.306856	28.877372
12372	7.456334	-3.717804	29.297036
12373	7.173954	-3.258601	29.661481
12374	6.827844	-2.746175	29.865722
12375	6.418995	-2.226056	29.676355
12376	6.091342	-1.863194	29.152654
12377	5.988404	-1.803285	28.464005
12378	6.002100	-2.127624	27.670012
12379	6.287304	-2.865982	26.806390
12380	6.967122	-4.026700	25.959325
12381	7.957182	-5.552252	25.122043
12382	9.110590	-7.335773	24.514222
12383	10.389243	-9.445898	24.201490
12384	11.782776	-11.514220	23.760124
12385	13.480543	-13.125848	23.047604
12386	15.385915	-14.203220	22.073747
12387	17.253734	-14.967944	21.017407
12388	18.895852	-15.922978	19.997010
12389	20.567696	-17.304750	18.950073
12390	22.454386	-18.760235	17.950613
12391	24.465052	-20.061271	17.113531
12392	26.360910	-21.242967	16.269301
12393	28.273965	-22.139958	15.302454
12394	30.044054	-22.781575	14.353134
12395	31.528220	-23.266761	13.502105
12396	32.751018	-23.749454	12.687533
12397	33.705185	-24.246461	11.973465
12398	34.357032	-24.765184	11.553162
12399	34.788237	-25.285549	11.493716
12400	35.112800	-25.810450	11.623288
12401	35.415565	-26.277916	11.819380
12402	35.657039	-26.499473	11.975287
12403	35.720900	-26.336582	12.058001
12404	35.576381	-25.751489	11.973091
12405	35.115023	-24.886048	11.818293
12406	34.298988	-24.030681	11.624482
12407	33.172606	-23.192429	11.506773
12408	31.849385	-22.486943	11.479432
12409	30.350010	-21.861438	11.635941
12410	28.674107	-21.379027	12.089697
12411	26.844776	-20.987381	12.847623
12412	25.072672	-20.338293	13.808880
12413	23.151651	-19.337225	15.350168
12414	21.117046	-17.831940	17.650881
12415	19.513077	-16.180919	20.137763
12416	18.439828	-15.187822	21.811503
12417	17.740825	-14.377036	22.336263
12418	17.843158	-12.801103	22.542415
12419	18.480497	-10.820381	24.543743
12420	18.275185	-12.203477	26.216287
12421	18.034676	-13.573165	28.144273
12422	19.079508	-13.317521	29.528655
12423	20.204092	-12.997546	28.848101
12424	19.886869	-13.154247	25.530486
12425	18.305471	-12.899324	21.577572
12426	16.594589	-11.281527	19.015965
12427	14.561512	-9.387916	18.733529
12428	13.713259	-7.873223	20.695257
12429	14.064192	-8.173724	22.463803
12430	14.140024	-9.093294	23.577181
12431	14.334221	-9.576061	25.003069
12432	14.384121	-9.472531	26.189340
12433	13.902981	-9.140511	26.965742
12434	13.003749	-8.892014	27.434267
12435	12.077631	-8.632724	27.759981
12436	11.263038	-8.220440	28.074294
12437	10.561939	-7.702719	28.397171
12438	9.955638	-7.230018	28.734802
12439	9.382924	-6.801877	29.064530
12440	8.838034	-6.338932	29.362654
12441	8.340215	-5.808180	29.517877
12442	7.840467	-5.295477	29.335340
12443	7.406174	-4.809689	28.839025
12444	7.064568	-4.551551	28.056122
12445	6.983583	-4.570443	27.170384
12446	7.103511	-4.997459	26.222397
12447	7.487766	-5.888451	25.192092
12448	8.263122	-7.070785	24.269044
12449	9.385499	-8.486016	23.542262
12450	10.663374	-10.162474	23.006391
12451	12.030414	-11.996002	22.449439
12452	13.538517	-13.753216	21.659073
12453	15.257889	-15.142628	20.592023
12454	17.156914	-16.024061	19.273870
12455	18.959836	-16.711057	17.815905
12456	20.742006	-17.548697	16.559796
12457	22.620181	-18.592055	15.675550
12458	24.576959	-19.736725	14.879699
12459	26.602884	-20.795327	14.131390
12460	28.587252	-21.571115	13.339396
12461	30.421104	-22.146200	12.535147
12462	32.075763	-22.742855	11.703228
12463	33.568416	-23.338497	11.061509
12464	34.862050	-23.945369	10.577305
12465	35.905292	-24.586577	10.340948
12466	36.732591	-25.179998	10.438832
12467	37.365746	-25.753080	10.800491
12468	37.781595	-26.248512	11.320240
12469	37.938333	-26.621830	11.885313
12470	37.827640	-26.735228	12.312414
12471	37.470072	-26.415851	12.461913
12472	36.901363	-25.721585	12.363453
12473	36.136172	-24.939628	12.013532
12474	35.112206	-23.999371	11.491730
12475	33.808835	-22.889771	11.062991
12476	32.316270	-21.891206	10.810391
12477	30.671941	-21.227289	10.779725
12478	28.846281	-20.795341	11.032272
12479	26.821606	-20.197761	11.609945
12480	24.776675	-19.238850	12.440665
12481	22.767185	-17.975194	13.839023
12482	20.780506	-16.393417	15.953803
12483	19.058545	-14.529200	18.583519
12484	17.836889	-13.408145	20.785837
12485	17.206651	-12.724968	21.944103
12486	17.319728	-11.378912	22.471213
12487	17.813676	-9.817060	24.693142
12488	17.291685	-11.286393	26.719662
12489	16.954177	-12.770575	28.710950
12490	18.005903	-12.768586	29.728283
12491	19.086029	-12.571598	28.371320
12492	18.646510	-12.900968	24.598167
12493	17.034258	-12.613849	20.204847
12494	15.488205	-10.818824	16.994558
12495	13.655606	-8.771272	16.524030
12496	12.796225	-7.009920	18.764063
12497	13.434642	-7.229359	20.837208
12498	13.366989	-8.528025	21.993688
12499	13.680974	-9.147370	23.306648
12500	13.989240	-9.097683	24.364677
12501	13.652488	-8.746084	25.075309
12502	12.700701	-8.423238	25.529690
12503	11.649962	-8.086196	25.866359
12504	10.748576	-7.613146	26.211063
12505	10.048104	-7.039779	26.611614
12506	9.490208	-6.546576	27.093883
12507	9.022146	-6.189505	27.660728
12508	8.645265	-5.796394	28.250611
12509	8.302158	-5.353770	28.681550
12510	7.947726	-4.882369	28.736888
12511	7.630548	-4.461959	28.354973
12512	7.402032	-4.341084	27.525936
12513	7.392566	-4.533301	26.542639
12514	7.658637	-5.129912	25.591677
12515	8.212432	-6.160139	24.717856
12516	9.038677	-7.618249	24.038910
12517	10.096575	-9.327510	23.576253
12518	11.305471	-11.208029	23.210005
12519	12.659465	-13.201797	22.712114
12520	14.167621	-15.138530	21.893026
12521	15.923385	-16.637315	20.770099
12522	17.908414	-17.566114	19.222100
12523	19.711089	-18.104063	17.472271
12524	21.358737	-18.750201	16.012466
12525	23.140983	-19.747700	15.025912
12526	25.030610	-21.059349	14.235714
12527	27.186220	-22.194313	13.428988
12528	29.220367	-23.083382	12.634972
12529	30.962980	-23.877380	11.838747
12530	32.475379	-24.500193	11.178252
12531	33.743221	-25.054788	10.564594
12532	34.739774	-25.666219	10.018937
12533	35.410625	-26.204143	9.684524
12534	35.910853	-26.552547	9.624654
12535	36.303438	-26.841656	9.828981
12536	36.591495	-27.108610	10.159729
12537	36.730598	-27.261485	10.545093
12538	36.709094	-27.236126	10.866333
12539	36.505771	-26.951958	10.991435
12540	36.069977	-26.306783	10.915383
12541	35.365074	-25.515983	10.675943
12542	34.362560	-24.656334	10.420576
12543	33.064069	-23.817991	10.224240
12544	31.548881	-22.975642	10.200014
12545	29.907733	-22.240689	10.426666
12546	28.183012	-21.684618	10.824066
12547	26.434644	-21.050331	11.423136
12548	24.826595	-20.080520	12.214436
12549	23.353146	-18.806111	13.435474
12550	21.769772	-17.543471	15.210054
12551	20.121286	-16.052911	17.183962
12552	18.743122	-14.302401	18.935322
12553	18.257153	-13.101008	19.455014
12554	18.936032	-11.555663	20.973832
12555	19.251632	-10.943462	22.560079
12556	18.840029	-12.915862	23.954111
12557	18.642637	-14.009523	26.119176
12558	20.176565	-13.659035	27.748807
12559	21.448576	-13.142714	26.919421
12560	21.004671	-13.322159	23.632110
12561	19.349487	-12.952670	19.591060
12562	17.353762	-11.158320	16.880806
12563	14.983054	-9.746723	16.695137
12564	14.380159	-8.691138	18.832513
12565	15.260994	-9.288785	20.894974
12566	15.630359	-10.299643	22.268735
12567	15.964560	-10.776648	23.632798
12568	15.879525	-10.641886	24.573207
12569	15.283722	-10.210469	25.072189
12570	14.453419	-9.753710	25.227289
12571	13.588184	-9.396194	25.113329
12572	12.806472	-8.835103	25.131635
12573	12.167705	-8.245341	25.366192
12574	11.573813	-7.777066	25.733972
12575	11.006037	-7.407844	26.180834
12576	10.487015	-7.067091	26.565629
12577	9.971327	-6.666073	26.735843
12578	9.426142	-6.070286	26.730250
12579	8.804052	-5.500389	26.541132
12580	8.226569	-5.141139	26.163663
12581	7.906046	-4.993098	25.697347
12582	7.930188	-5.169658	25.144856
12583	8.321517	-5.820337	24.493137
12584	9.062321	-6.968654	23.824785
12585	10.075138	-8.423194	23.375649
12586	11.219634	-10.178295	23.045413
12587	12.464759	-12.035087	22.600534
12588	13.893050	-13.798278	21.879509
12589	15.594213	-15.261807	20.820201
12590	17.521908	-16.293137	19.482991
12591	19.377952	-17.073016	17.913280
12592	21.123405	-17.849513	16.261004
12593	22.922078	-18.619402	14.903976
12594	24.707536	-19.501225	13.910316
12595	26.550996	-20.545456	13.157930
12596	28.519911	-21.354069	12.516154
12597	30.353251	-21.958041	11.894025
12598	31.990523	-22.540278	11.323230
12599	33.397294	-23.153477	10.902897
12600	34.500567	-23.825912	10.648497
12601	35.343067	-24.574844	10.608698
12602	35.956622	-25.336448	10.821600
12603	36.450147	-26.054132	11.239753
12604	36.782136	-26.678113	11.716810
12605	36.924723	-27.120807	12.146211
12606	36.902565	-27.296684	12.415331
12607	36.694051	-27.052252	12.431364
12608	36.335221	-26.289229	12.103503
12609	35.804064	-25.178756	11.512308
12610	34.996053	-23.824422	10.758152
12611	33.861606	-22.427709	9.953883
12612	32.487381	-21.285368	9.279890
12613	30.907668	-20.610719	8.871992
12614	29.125032	-20.153841	8.987563
12615	27.122411	-19.741773	9.744904
12616	25.015916	-19.161495	11.038885
12617	22.974886	-18.341836	12.885257
12618	21.090471	-16.983564	15.454149
12619	19.309501	-15.303462	18.443992
12620	17.669757	-13.979066	20.931500
12621	16.459329	-13.404280	22.425007
12622	15.833397	-12.174113	23.227061
12623	15.915051	-10.238324	23.884870
12624	16.033724	-9.003173	26.005536
12625	15.639263	-10.523643	27.691803
12626	15.608226	-11.506275	29.252795
12627	16.590484	-11.251630	29.807657
12628	17.326123	-11.340790	28.475263
12629	16.326371	-11.662393	25.180705
12630	14.328027	-10.984352	21.132511
12631	12.407459	-9.268343	17.959921
12632	10.506127	-7.154543	17.028788
12633	9.621097	-4.919970	18.851274
12634	10.092916	-4.614228	20.861250
12635	9.715385	-5.857500	22.162586
12636	9.922988	-6.407943	23.864970
12637	10.402960	-6.295832	25.390065
12638	10.323692	-6.102177	26.563879
12639	9.532922	-6.031917	27.383571
12640	8.645534	-5.734364	27.976960
12641	8.016583	-5.196154	28.434436
12642	7.601882	-4.565002	28.811508
12643	7.289317	-3.995807	29.117896
12644	7.014371	-3.536549	29.467217
12645	6.787062	-3.164416	29.855645
12646	6.559479	-2.861721	30.148903
12647	6.302819	-2.554460	30.214171
12648	6.036389	-2.240611	30.002839
12649	5.713597	-1.968559	29.525207
12650	5.363319	-1.777186	28.818672
12651	5.112435	-1.713553	28.070068
12652	5.001717	-1.869691	27.408752
12653	4.991150	-2.355134	26.764025
12654	5.179804	-3.221424	26.123887
12655	5.696201	-4.431437	25.533023
12656	6.506624	-5.949049	24.848603
12657	7.582457	-7.681106	24.306699
12658	8.792468	-9.583827	23.930597
12659	10.039684	-11.612267	23.543827
12660	11.437648	-13.542516	22.776011
12661	13.077925	-15.160740	21.500699
12662	15.049371	-16.415531	19.714738
12663	17.247211	-17.112354	17.631669
12664	19.357303	-17.453800	15.867274
12665	21.263968	-18.025563	14.426138
12666	23.223250	-18.985627	13.214985
12667	25.362767	-20.049324	12.171940
12668	27.618584	-20.931741	11.415339
12669	29.596351	-21.675368	10.709801
12670	31.323034	-22.429613	10.250577
12671	32.812326	-23.170569	10.071374
12672	34.017039	-24.078172	10.055718
12673	34.876135	-25.007474	10.303191
12674	35.487975	-25.816478	10.766988
12675	35.899232	-26.498419	11.391619
12676	36.149211	-27.017824	11.979974
12677	36.241999	-27.300470	12.301124
12678	36.211406	-27.183648	12.211468
12679	36.036947	-26.490821	11.658156
12680	35.678329	-25.417623	10.748292
12681	35.049016	-24.178350	9.654721
12682	34.129303	-22.840672	8.613380
12683	32.970625	-21.732776	7.807754
12684	31.540239	-21.080316	7.477418
12685	29.798395	-20.843641	7.826151
12686	27.831484	-20.745090	8.685972
12687	25.795362	-20.268620	10.074285
12688	23.764384	-19.422935	12.071382
12689	21.821123	-18.221651	14.524498
12690	20.357134	-16.573927	17.163360
12691	19.238430	-15.641413	19.161141
12692	18.454045	-14.781725	19.834708
12693	18.150023	-13.081190	20.519591
12694	18.646292	-11.661116	22.429596
12695	18.467021	-13.074904	23.916622
12696	18.388038	-14.209451	25.687021
12697	19.422702	-13.883282	26.760054
12698	20.370169	-13.708497	25.649472
12699	19.891217	-13.929660	22.032645
12700	18.342327	-13.442010	17.853349
12701	16.636353	-11.645047	15.061183
12702	14.639206	-9.640576	14.794078
12703	14.113640	-8.086135	16.983998
12704	14.370673	-8.651051	18.749177
12705	14.279335	-9.844476	19.980086
12706	14.661700	-10.448749	21.448481
12707	14.898899	-10.282188	22.668301
12708	14.438237	-9.903820	23.605313
12709	13.494025	-9.549638	24.263890
12710	12.579967	-9.195615	24.830462
12711	11.877160	-8.681885	25.244038
12712	11.343345	-7.982363	25.512767
12713	10.860723	-7.300985	25.650235
12714	10.320127	-6.803646	25.671103
12715	9.808926	-6.372384	25.628778
12716	9.332147	-5.984192	25.415063
12717	8.931605	-5.662235	24.985061
12718	8.741960	-5.577534	24.456396
12719	8.919822	-5.930797	23.920982
12720	9.409916	-6.781800	23.332300
12721	10.157847	-7.982267	22.732809
12722	11.155279	-9.427596	22.178108
12723	12.378601	-11.093713	21.633861
12724	13.814313	-12.877199	20.973788
12725	15.438566	-14.581766	20.098046
12726	17.264438	-15.899872	18.943395
12727	19.379789	-16.687158	17.661491
12728	21.493286	-17.346588	16.485701
12729	23.438134	-18.413418	15.416721
12730	25.498108	-19.751178	14.560509
12731	27.757913	-21.022674	13.810737
12732	29.962422	-22.163093	12.993407
12733	32.076227	-23.121442	12.230077
12734	33.906835	-23.868611	11.631413
12735	35.440258	-24.580903	10.997504
12736	36.729596	-25.212770	10.357575
12737	37.744954	-25.806305	9.727294
12738	38.494862	-26.348646	9.212489
12739	39.064686	-26.753112	8.825252
12740	39.465950	-26.990480	8.569397
12741	39.707516	-27.135772	8.422405
12742	39.788293	-27.202385	8.302782
12743	39.683157	-27.019390	8.137675
12744	39.308596	-26.506472	7.976544
12745	38.668114	-25.942523	7.825619
12746	37.782432	-25.442164	7.742999
12747	36.622238	-25.016262	7.735681
12748	35.145553	-24.742684	7.808582
12749	33.395527	-24.533466	8.038559
12750	31.446676	-24.162332	8.586781
12751	29.351486	-23.690452	9.427822
12752	27.221557	-23.043114	10.490878
12753	25.282076	-22.012488	11.506746
12754	23.620655	-20.654110	12.595581
12755	22.075445	-18.910057	14.159959
12756	20.575330	-16.980996	16.011926
12757	19.183011	-15.319082	17.701486
12758	18.386545	-14.340559	18.273486
12759	18.708384	-12.900479	18.288656
12760	18.959228	-10.730973	19.680970
12761	18.747211	-11.738839	20.970654
12762	18.366588	-13.422990	22.345077
12763	18.775577	-13.637171	24.154524
12764	20.061010	-13.060963	24.869679
12765	20.519804	-12.611498	23.255067
12766	19.350063	-12.724963	20.103220
12767	17.452233	-11.804617	17.310341
12768	15.344629	-10.127565	16.504029
12769	13.499149	-8.792372	17.684145
12770	13.468716	-8.354795	19.576883
12771	13.657411	-8.995702	20.841440
12772	13.924143	-9.399646	22.132449
12773	14.031926	-9.441386	23.381471
12774	13.736878	-9.192011	24.289983
12775	13.166427	-8.819485	24.939711
12776	12.465310	-8.515208	25.435935
12777	11.758698	-8.219267	25.836416
12778	11.143501	-7.856719	26.243838
12779	10.647379	-7.481024	26.661992
12780	10.271546	-7.146008	27.038401
12781	9.970543	-6.914781	27.302194
12782	9.716443	-6.722714	27.584416
12783	9.503409	-6.477994	27.687544
12784	9.265824	-6.267379	27.508413
12785	9.027061	-6.077269	27.185966
12786	8.824264	-5.975234	26.718246
12787	8.679246	-5.961014	26.128788
12788	8.579512	-6.071165	25.467028
12789	8.576660	-6.325356	24.777892
12790	8.718113	-6.849183	24.031968
12791	9.103556	-7.603840	23.290375
12792	9.920415	-8.495245	22.774986
12793	11.084951	-9.839626	22.401735
12794	12.443824	-11.519740	22.184421
12795	13.992690	-13.151329	21.900955
12796	15.712953	-14.437730	21.214997
12797	17.313918	-15.487388	19.927108
12798	18.832511	-16.548609	18.270807
12799	20.648228	-17.630724	16.486497
12800	22.774798	-18.719885	14.766361
12801	24.975189	-19.747181	13.193644
12802	27.178023	-20.700134	11.950127
12803	29.387407	-21.321772	10.986177
12804	31.349027	-21.720552	10.210989
12805	33.002616	-22.116080	9.568060
12806	34.434225	-22.614382	9.010063
12807	35.668720	-23.218649	8.609699
12808	36.724553	-24.035048	8.540429
12809	37.666405	-24.955667	8.758340
12810	38.437965	-25.810404	9.228338
12811	38.947401	-26.488766	9.866655
12812	39.156134	-26.913860	10.553439
12813	39.073226	-27.059858	11.113777
12814	38.747146	-26.874780	11.445180
12815	38.252260	-26.324037	11.484785
12816	37.604751	-25.487917	11.234444
12817	36.727476	-24.481450	10.717064
12818	35.617385	-23.338788	10.096707
12819	34.348056	-22.298963	9.611844
12820	32.944834	-21.542291	9.458168
12821	31.325394	-20.993136	9.711507
12822	29.448460	-20.384358	10.426579
12823	27.524765	-19.572496	11.701723
12824	25.553053	-18.614115	13.748051
12825	23.708157	-17.131257	16.424923
12826	22.080521	-15.280296	19.302070
12827	20.996710	-14.007349	21.158936
12828	21.175267	-13.115032	21.167577
12829	21.633661	-10.846688	22.660500
12830	21.636475	-11.611371	24.148572
12831	21.043077	-13.996457	25.702158
12832	21.505186	-14.569953	27.553868
12833	23.365988	-13.968615	28.390205
12834	23.952915	-13.582147	26.338502
12835	22.820732	-13.857731	22.143043
12836	21.088884	-12.895581	18.045082
12837	19.186475	-11.049478	16.332000
12838	17.009610	-9.489437	17.726270
12839	17.449502	-8.745939	20.640073
12840	18.212987	-9.893237	22.221907
12841	18.480252	-10.999579	23.201861
12842	18.739516	-11.337006	24.329747
12843	18.616043	-11.096543	25.212026
12844	17.950730	-10.828661	25.779491
12845	17.114506	-10.642290	26.109427
12846	16.296415	-10.364853	26.343052
12847	15.555506	-9.982769	26.606295
12848	14.921556	-9.568151	26.945291
12849	14.402736	-9.207615	27.282979
12850	13.975500	-8.896979	27.583472
12851	13.577587	-8.640548	27.752424
12852	13.162064	-8.318065	27.665196
12853	12.680556	-7.837860	27.324081
12854	12.036653	-7.427530	26.559689
12855	11.422823	-6.931503	25.392476
12856	10.952714	-6.577895	23.880841
12857	10.751482	-6.687570	22.280117
12858	10.980077	-7.274266	20.758696
12859	11.753330	-8.117318	19.488592
12860	12.909602	-9.211679	18.590973
12861	14.231071	-10.644789	17.982236
12862	15.702149	-12.171484	17.266629
12863	17.361596	-13.545963	16.109931
12864	19.151820	-14.506968	14.644381
12865	21.027834	-14.908439	13.115609
12866	22.758169	-14.923290	11.805822
12867	24.427924	-15.590733	10.725885
12868	26.145531	-16.613667	10.045462
12869	27.965911	-17.641423	9.670875
12870	29.938665	-18.489635	9.551935
12871	31.862527	-19.045981	9.510652
12872	33.556490	-19.729932	9.405546
12873	34.980980	-20.782218	9.435243
12874	36.171311	-22.077180	9.619209
12875	37.194511	-23.346028	9.939537
12876	38.093372	-24.531183	10.338922
12877	38.909070	-25.526934	10.684937
12878	39.585759	-26.271321	10.854829
12879	40.055624	-26.686423	10.785220
12880	40.212703	-26.612769	10.510270
12881	40.062045	-26.194851	10.009618
12882	39.643469	-25.636103	9.345381
12883	39.012280	-25.009875	8.637117
12884	38.159771	-24.308132	7.913593
12885	37.116369	-23.480381	7.112728
12886	35.906735	-22.406693	6.293342
12887	34.482735	-21.304371	5.663416
12888	32.839945	-20.491041	5.399942
12889	30.965681	-19.977615	5.597518
12890	28.865547	-19.438023	6.463123
12891	26.704020	-18.879047	8.028214
12892	24.731848	-18.348675	9.999830
12893	22.972101	-17.544895	12.500891
12894	21.327557	-16.272401	15.532974
12895	19.742475	-15.179990	18.579864
12896	18.513383	-14.275940	20.949868
12897	17.994308	-13.188414	22.070103
12898	18.282022	-11.865510	23.279285
12899	18.771996	-11.465580	24.968542
12900	18.703475	-12.881890	26.284821
12901	19.495908	-13.104041	27.625209
12902	20.996607	-12.846451	27.329318
12903	21.632439	-12.735020	24.632210
12904	20.388061	-12.802550	20.236310
12905	18.444450	-11.507577	15.875784
12906	16.607635	-9.226148	13.950362
12907	14.897092	-7.110299	15.335464
12908	15.507704	-6.198898	18.351210
12909	15.434013	-7.851553	19.733567
12910	15.529803	-9.182615	21.548139
12911	16.220153	-9.518048	23.316006
12912	16.327336	-9.308362	24.655218
12913	15.400147	-9.094296	25.304106
12914	14.317363	-8.815862	25.654658
12915	13.405948	-8.401686	25.806263
12916	12.654671	-7.792898	25.857010
12917	11.943185	-7.195837	25.840747
12918	11.353795	-6.559239	25.995502
12919	10.792185	-6.122829	26.121127
12920	10.313823	-5.760159	26.313920
12921	9.863261	-5.395794	26.387206
12922	9.418769	-5.005847	26.130224
12923	9.035147	-4.742735	25.421310
12924	8.944406	-4.620140	24.553113
12925	9.105822	-4.936998	23.616367
12926	9.480643	-5.785764	22.579395
12927	10.276796	-6.922642	21.670004
12928	11.452504	-8.354083	20.954358
12929	12.777560	-10.073970	20.328770
12930	14.208619	-11.900092	19.675295
12931	15.777891	-13.660332	18.752194
12932	17.482263	-15.031887	17.521497
12933	19.399091	-15.902780	16.167092
12934	21.311793	-16.453497	14.761894
12935	23.101300	-17.079917	13.473387
12936	24.946944	-18.016505	12.472301
12937	26.889813	-19.138391	11.767300
12938	28.849985	-20.222241	11.167203
12939	30.758193	-21.153262	10.705203
12940	32.385285	-21.928541	10.458666
12941	33.768946	-22.778528	10.213001
12942	34.970653	-23.634587	10.026549
12943	36.044559	-24.508564	9.878644
12944	36.945221	-25.446236	9.864265
12945	37.620998	-26.326862	10.029768
12946	38.115798	-27.061707	10.269986
12947	38.431346	-27.553692	10.467135
12948	38.608356	-27.743836	10.509482
12949	38.677264	-27.626188	10.343205
12950	38.627776	-27.212966	10.061744
12951	38.389491	-26.572151	9.812244
12952	37.876074	-25.836671	9.634105
12953	37.080249	-25.128520	9.501367
12954	36.052075	-24.421445	9.372221
12955	34.802409	-23.649975	9.326290
12956	33.369605	-22.808076	9.553424
12957	31.800934	-22.051634	10.074337
12958	30.152291	-21.363973	10.772669
12959	28.457707	-20.556392	11.504389
12960	26.844755	-19.476262	12.172257
12961	25.215155	-18.284856	13.124511
12962	23.442788	-16.970762	14.694316
12963	21.563034	-15.462140	16.766729
12964	19.984313	-13.703371	18.770269
12965	19.438511	-12.725853	19.595236
12966	20.027344	-11.345427	20.853590
12967	20.416101	-10.755958	22.420933
12968	20.276750	-12.842649	24.112722
12969	20.364341	-13.942474	26.190238
12970	21.630877	-13.480602	27.888913
12971	22.834168	-12.678023	26.692969
12972	22.583450	-12.526761	23.079993
12973	21.098755	-12.681995	18.573979
12974	19.145446	-11.483485	15.442605
12975	16.803607	-9.943204	15.009975
12976	15.322383	-8.370623	17.343899
12977	16.140445	-8.244809	19.511598
12978	16.671939	-9.272659	20.220324
12979	17.030465	-9.916391	20.819998
12980	17.189883	-9.963301	21.757344
12981	16.806989	-9.701221	22.582832
12982	16.011493	-9.521291	23.237187
12983	15.129815	-9.349995	23.771572
12984	14.323907	-9.054762	24.370715
12985	13.620749	-8.671439	25.048912
12986	13.059284	-8.303728	25.709076
12987	12.643518	-7.968972	26.342815
12988	12.306022	-7.625709	26.880998
12989	11.952836	-7.303149	27.196258
12990	11.464220	-6.987216	27.152528
12991	10.882775	-6.557022	26.871359
12992	10.275068	-6.021568	26.412354
12993	9.749871	-5.389849	25.918011
12994	9.443791	-4.757308	25.420438
12995	9.330881	-4.461765	24.906499
12996	9.354236	-4.656727	24.500319
12997	9.579009	-5.407554	24.098483
12998	10.062462	-6.610614	23.687349
12999	10.900891	-7.933926	23.443796
13000	12.013530	-9.607518	23.265536
13001	13.261338	-11.476060	22.974117
13002	14.589677	-13.193732	22.366939
13003	15.999166	-14.600540	21.348505
13004	17.519226	-15.466073	19.787007
13005	18.992782	-15.989515	17.884384
13006	20.446857	-16.567433	15.913645
13007	22.214787	-17.251991	13.985469
13008	24.302342	-17.937297	12.260710
13009	26.445881	-18.671911	10.898065
13010	28.446648	-19.218684	9.850174
13011	30.285552	-19.498452	9.055826
13012	31.862959	-19.680426	8.544434
13013	33.139045	-20.013080	8.248651
13014	34.145894	-20.708922	8.150849
13015	34.976381	-21.678975	8.245649
13016	35.657022	-22.732075	8.559420
13017	36.189453	-23.647695	9.093024
13018	36.495277	-24.291427	9.735359
13019	36.564310	-24.677348	10.380658
13020	36.418898	-24.878502	10.926128
13021	36.110138	-24.868287	11.180439
13022	35.703837	-24.544161	11.007563
13023	35.187563	-23.856382	10.453689
13024	34.490403	-22.970093	9.704248
13025	33.588970	-22.133481	8.852932
13026	32.496915	-21.381635	8.049888
13027	31.150226	-20.644122	7.643909
13028	29.578232	-20.064013	7.833379
13029	27.771121	-19.580383	8.583669
13030	25.862997	-18.981538	9.696101
13031	23.950943	-18.345873	11.372266
13032	21.983140	-17.498501	13.725504
13033	20.101238	-16.117625	16.608705
13034	18.619723	-14.631221	19.309888
13035	17.789836	-14.091659	20.654134
13036	17.663569	-12.845338	20.791229
13037	18.185166	-10.900264	22.358018
13038	18.445292	-11.147564	23.898105
13039	18.275249	-13.061831	25.692341
13040	18.659691	-13.406821	27.480308
13041	19.991157	-12.946287	28.207019
13042	20.700396	-12.429197	26.380759
13043	19.960054	-12.692059	22.547443
13044	18.390908	-12.473716	18.513394
13045	16.524950	-11.059996	16.379260
13046	14.305245	-9.544701	16.843344
13047	13.741170	-8.353794	19.126927
13048	14.494966	-8.785845	20.765879
13049	14.923612	-9.593278	21.795031
13050	15.193662	-9.970738	22.835753
13051	15.174784	-9.788231	23.860353
13052	14.640101	-9.426697	24.614861
13053	13.756119	-9.177047	25.155242
13054	12.854221	-8.894539	25.630334
13055	12.045643	-8.443790	26.125158
13056	11.408126	-7.921687	26.622729
13057	10.879459	-7.450325	27.097897
13058	10.346935	-7.047383	27.556219
13059	9.798309	-6.622559	27.970975
13060	9.306480	-6.065412	28.142946
13061	8.729473	-5.643208	27.758535
13062	8.205183	-5.315536	27.011935
13063	7.882942	-5.153789	26.039676
13064	8.004777	-5.444471	24.902528
13065	8.503545	-6.329166	23.710735
13066	9.321797	-7.573061	22.599822
13067	10.497755	-8.944446	21.725612
13068	11.891689	-10.473014	20.945261
13069	13.397210	-12.200723	20.092281
13070	15.007908	-13.917135	19.008623
13071	16.708827	-15.134557	17.726034
13072	18.560644	-15.688272	16.449639
13073	20.302329	-16.112369	15.278026
13074	21.999454	-17.020927	14.284284
13075	23.797130	-18.159740	13.537277
13076	25.769610	-19.190993	13.069846
13077	27.800439	-20.141700	12.752225
13078	29.659004	-20.974104	12.530023
13079	31.314844	-21.821375	12.303350
13080	32.765335	-22.694840	12.085175
13081	34.003794	-23.585525	11.887246
13082	35.010718	-24.515279	11.718200
13083	35.830114	-25.425863	11.722519
13084	36.499743	-26.257829	11.875442
13085	37.006982	-26.971547	12.118331
13086	37.301983	-27.497963	12.309893
13087	37.382292	-27.748644	12.307457
13088	37.271988	-27.711380	12.141572
13089	36.970538	-27.410289	11.869363
13090	36.472212	-26.967286	11.440539
13091	35.740321	-26.356010	10.802951
13092	34.759644	-25.439460	10.074399
13093	33.556954	-24.497817	9.334328
13094	32.195814	-23.690799	8.732771
13095	30.681043	-22.958577	8.563724
13096	29.047155	-22.270179	8.832932
13097	27.327421	-21.482868	9.481516
13098	25.616669	-20.606080	10.356579
13099	24.006662	-19.644450	11.519849
13100	22.373241	-18.523575	13.198352
13101	20.726574	-17.012216	15.335379
13102	19.063611	-15.457382	17.408406
13103	17.919451	-14.168965	18.343254
13104	18.186699	-13.148761	18.909638
13105	18.816455	-11.913194	19.951222
13106	18.769882	-13.012294	21.217469
13107	18.689873	-14.162315	22.560833
13108	19.422097	-13.912605	23.799018
13109	20.724528	-13.244056	23.720756
13110	21.204243	-12.721099	21.411844
13111	20.155227	-12.920697	17.487680
13112	18.226285	-12.193068	14.322515
13113	15.891218	-10.649376	13.979681
13114	13.908223	-9.327485	15.887087
13115	14.088123	-9.164998	18.149016
13116	14.462625	-9.823063	19.400199
13117	14.882037	-10.251799	20.618333
13118	14.942608	-10.147355	21.878180
13119	14.477357	-9.771047	22.845066
13120	13.650859	-9.405757	23.481882
13121	12.696364	-9.260152	23.810639
13122	11.817787	-8.958679	24.228479
13123	11.066428	-8.512621	24.778838
13124	10.446812	-8.111476	25.378915
13125	9.930835	-7.730356	25.943540
13126	9.499182	-7.369390	26.424568
13127	9.109454	-7.054347	26.781307
13128	8.736357	-6.753768	26.919446
13129	8.406395	-6.561762	26.786402
13130	8.092517	-6.659276	26.338509
13131	7.960443	-6.941295	25.692524
13132	8.002641	-7.450952	24.956136
13133	8.224086	-8.206490	24.144712
13134	8.721770	-9.262118	23.248516
13135	9.578197	-10.465117	22.409225
13136	10.767064	-11.766096	21.708555
13137	12.167427	-13.235451	20.964719
13138	13.667133	-14.680836	19.992613
13139	15.197589	-15.947800	18.810565
13140	16.789856	-16.955501	17.477830
13141	18.435741	-17.701433	16.095733
13142	20.104292	-18.200016	14.908285
13143	21.753699	-18.685259	14.024156
13144	23.368743	-19.476164	13.346428
13145	25.087764	-20.547275	12.835153
13146	26.900467	-21.534232	12.350015
13147	28.735311	-22.230100	11.920183
13148	30.378791	-22.682835	11.572444
13149	31.839211	-23.118706	11.350263
13150	33.043779	-23.633612	11.366982
13151	34.026718	-24.365196	11.580555
13152	34.779266	-25.244998	12.056949
13153	35.313054	-26.091992	12.725334
13154	35.665594	-26.687186	13.335025
13155	35.854416	-26.843295	13.635732
13156	35.981925	-26.549500	13.565121
13157	36.051524	-25.969146	13.258865
13158	36.023868	-25.289384	12.798816
13159	35.774993	-24.494387	12.268517
13160	35.239787	-23.481347	11.734715
13161	34.440390	-22.436064	11.265326
13162	33.406361	-21.546626	10.878439
13163	32.197431	-20.908547	10.515380
13164	30.818115	-20.319390	10.347271
13165	29.293878	-19.719585	10.492569
13166	27.654648	-19.069359	10.896899
13167	25.874036	-18.421538	11.543164
13168	24.106385	-17.577924	12.254304
13169	22.269035	-16.531355	13.250172
13170	20.279878	-15.103595	14.897295
13171	18.408479	-13.287200	17.085196
13172	17.034881	-11.872131	19.185608
13173	16.441981	-11.096248	20.239294
13174	16.938214	-9.531049	21.350747
13175	17.755175	-8.235191	23.315775
13176	17.643382	-9.984222	25.098411
13177	17.605889	-11.328339	27.260839
13178	18.791658	-11.023026	28.817306
13179	19.941760	-10.440008	28.042870
13180	19.520340	-10.555441	24.561424
13181	17.756656	-10.497664	19.985078
13182	15.840267	-9.073944	16.770602
13183	13.719136	-7.397138	16.325524
13184	12.821086	-5.903487	18.450278
13185	13.659458	-6.142416	20.454533
13186	14.042931	-7.034906	21.642292
13187	14.365216	-7.510904	22.826578
13188	14.393568	-7.271373	23.838122
13189	13.794495	-6.761301	24.565507
13190	12.781662	-6.386537	25.059936
13191	11.762384	-5.962787	25.438223
13192	10.873841	-5.381721	25.693698
13193	10.180165	-4.575100	26.039546
13194	9.592393	-3.825016	26.355967
13195	8.974606	-3.244887	26.565831
13196	8.305746	-2.866725	26.494158
13197	7.725398	-2.393405	26.331689
13198	7.294769	-2.051012	26.033759
13199	7.146876	-1.996792	25.601136
13200	7.323719	-2.349891	25.035839
13201	7.892157	-3.141929	24.453554
13202	8.644573	-4.382487	24.012081
13203	9.508578	-6.015554	23.619074
13204	10.546486	-7.826810	23.313033
13205	11.757225	-9.662206	23.080116
13206	13.128379	-11.514070	22.491155
13207	14.791653	-13.054073	21.466558
13208	16.690732	-14.313003	20.495067
13209	18.637688	-15.428474	19.662090
13210	20.336767	-16.325386	18.906399
13211	21.794799	-17.247584	18.220306
13212	23.350314	-18.372413	17.656252
13213	25.103610	-19.559604	17.098429
13214	27.008773	-20.779952	16.387673
13215	28.904023	-21.969413	15.652463
13216	30.585270	-22.973420	14.880047
13217	32.042208	-23.673591	14.180489
13218	33.216434	-24.159037	13.434523
13219	34.104212	-24.686433	12.750275
13220	34.736760	-25.259837	12.369648
13221	35.209162	-25.828292	12.255290
13222	35.546305	-26.362414	12.256254
13223	35.794443	-26.749576	12.214601
13224	35.954747	-26.895273	12.031382
13225	36.019987	-26.757391	11.673185
13226	35.930034	-26.332477	11.245749
13227	35.590757	-25.734210	10.879647
13228	35.007975	-25.150127	10.550576
13229	34.145804	-24.557224	10.294070
13230	33.075828	-23.833053	10.052729
13231	31.883337	-23.015974	9.808501
13232	30.638152	-22.274177	9.650936
13233	29.313728	-21.575038	9.641002
13234	27.910770	-20.932386	9.869201
13235	26.395673	-20.252143	10.269077
13236	24.833328	-19.370894	10.938570
13237	23.190365	-18.362275	12.133004
13238	21.654617	-17.141700	13.705980
13239	20.254065	-15.580536	15.587016
13240	19.471271	-13.994265	17.137516
13241	19.677830	-13.040267	18.124465
13242	20.169499	-11.859296	19.852057
13243	20.285561	-12.997628	21.596576
13244	20.336007	-14.357801	23.782325
13245	21.221095	-14.330447	25.789122
13246	22.349964	-13.640693	25.945932
13247	22.631414	-13.297967	23.641893
13248	21.706046	-13.255016	19.997836
13249	20.088760	-12.520756	16.740355
13250	18.200876	-11.260555	15.728735
13251	16.589783	-10.252053	16.826096
13252	16.564653	-10.237378	18.427955
13253	17.009331	-10.681301	19.442756
13254	17.487941	-10.969782	20.411928
13255	17.587193	-10.910942	21.368271
13256	17.156870	-10.608056	22.120725
13257	16.425256	-10.278649	22.626026
13258	15.621371	-10.101231	22.843250
13259	14.841312	-9.809146	23.144052
13260	14.140265	-9.463496	23.672569
13261	13.539611	-9.194740	24.277496
13262	13.005189	-8.921016	24.868061
13263	12.499534	-8.613408	25.345437
13264	11.925074	-8.355612	25.502000
13265	11.294525	-7.917502	25.456713
13266	10.636590	-7.388661	25.256534
13267	9.983817	-6.764747	25.016231
13268	9.360253	-6.214771	24.565420
13269	8.886402	-5.606186	23.964931
13270	8.629814	-5.185895	23.149256
13271	8.533128	-5.244765	22.283618
13272	8.674467	-5.838124	21.358036
13273	9.121896	-6.822918	20.381911
13274	9.933767	-8.004405	19.619730
13275	11.042686	-9.330947	19.046486
13276	12.324972	-10.801036	18.489406
13277	13.843684	-12.213901	17.717749
13278	15.691905	-13.252375	16.524056
13279	17.649242	-13.862091	15.070008
13280	19.488186	-14.419717	13.593715
13281	21.324465	-15.176602	12.304037
13282	23.242507	-16.053854	11.216004
13283	25.176607	-16.906337	10.335100
13284	27.086049	-17.639813	9.784891
13285	28.980523	-18.280638	9.458574
13286	30.743234	-18.908683	9.264439
13287	32.363567	-19.705427	9.126107
13288	33.798549	-20.639613	9.182226
13289	35.056569	-21.713332	9.471989
13290	36.242507	-22.935776	9.872213
13291	37.372073	-24.107227	10.325451
13292	38.439345	-25.224730	10.779161
13293	39.302995	-26.203866	11.180490
13294	39.762898	-26.895766	11.442645
13295	39.775261	-27.175909	11.440937
13296	39.440959	-27.068612	11.167776
13297	38.890959	-26.727358	10.638991
13298	38.185771	-26.277411	9.964288
13299	37.337055	-25.736244	9.188654
13300	36.371446	-25.092414	8.451580
13301	35.201139	-24.274500	7.975149
13302	33.837844	-23.472171	7.852625
13303	32.316034	-22.738369	8.109953
13304	30.667762	-22.023117	8.720079
13305	28.874356	-21.284994	9.633138
13306	27.057342	-20.440946	10.776502
13307	25.400884	-19.519206	12.200407
13308	23.822661	-18.631786	14.059827
13309	22.294564	-17.512114	16.302828
13310	20.884805	-16.263189	18.317168
13311	20.544363	-14.848592	18.969820
13312	20.961625	-13.880754	19.690354
13313	21.084527	-13.771366	20.660050
13314	21.036823	-15.372030	21.946689
13315	21.582630	-15.905926	23.361006
13316	22.990236	-15.674733	23.557489
13317	23.925802	-15.129225	21.755285
13318	23.533176	-14.992022	18.124980
13319	22.230653	-14.392655	14.158501
13320	20.559517	-12.924132	12.194462
13321	18.774548	-11.246638	13.354907
13322	18.616026	-10.525177	15.455706
13323	19.005499	-11.498465	16.307793
13324	19.289737	-12.310115	17.091631
13325	19.600064	-12.437524	18.431945
13326	19.417187	-12.317572	19.605416
13327	18.760075	-12.172815	20.389223
13328	17.972360	-12.065082	20.877359
13329	17.178719	-11.816761	21.225768
13330	16.460083	-11.384774	21.565195
13331	15.815049	-10.939461	21.987172
13332	15.216087	-10.562037	22.454546
13333	14.678658	-10.203485	22.979366
13334	14.166085	-9.923092	23.325548
13335	13.646368	-9.621624	23.529739
13336	13.108146	-9.296639	23.607777
13337	12.545120	-8.932892	23.620016
13338	11.943079	-8.603088	23.427852
13339	11.375479	-8.273369	23.102594
13340	10.895160	-7.984934	22.666505
13341	10.499702	-7.876022	22.069252
13342	10.285044	-8.110362	21.336113
13343	10.354590	-8.635050	20.498759
13344	10.786455	-9.299192	19.606160
13345	11.623954	-10.162113	18.727081
13346	12.800723	-11.120562	17.887594
13347	14.217416	-12.132694	16.800133
13348	15.761636	-13.034520	15.409580
13349	17.431059	-13.561440	13.912377
13350	19.086870	-13.615901	12.683389
13351	20.650852	-13.927410	11.757350
13352	22.204973	-14.619504	11.170577
13353	23.844996	-15.467770	10.813775
13354	25.541657	-16.305415	10.588836
13355	27.272785	-16.931030	10.381236
13356	28.876629	-17.370111	10.201716
13357	30.238727	-17.901898	10.131351
13358	31.312674	-18.715802	10.234026
13359	32.245876	-19.718409	10.593062
13360	33.128828	-20.710456	11.218783
13361	33.983705	-21.760978	11.970059
13362	34.729796	-22.799621	12.732571
13363	35.298008	-23.775647	13.405359
13364	35.548179	-24.420139	13.907837
13365	35.478955	-24.589244	14.097708
13366	35.214911	-24.409502	13.944634
13367	34.816289	-24.054768	13.506942
13368	34.268448	-23.658145	12.929299
13369	33.545806	-23.277029	12.240916
13370	32.631828	-22.857270	11.537918
13371	31.465779	-22.429597	11.008832
13372	30.027419	-21.998715	10.813966
13373	28.312886	-21.560376	11.045587
13374	26.417281	-21.102376	11.648641
13375	24.449815	-20.417316	12.584757
13376	22.567499	-19.467627	13.681387
13377	20.950642	-18.236613	14.753269
13378	19.453099	-16.934552	16.009932
13379	17.953107	-15.440379	17.709759
13380	16.517559	-14.116746	19.468971
13381	15.477965	-13.188623	20.686224
13382	14.953650	-12.197318	20.747567
13383	14.804222	-10.706442	21.086815
13384	15.257920	-9.431484	22.315710
13385	15.082757	-10.685760	23.384177
13386	15.131761	-11.643693	24.811559
13387	16.310902	-11.518066	25.937496
13388	17.382745	-11.293186	25.189402
13389	16.951514	-11.234898	22.691190
13390	15.284290	-10.947745	19.212261
13391	13.413188	-9.476627	16.817353
13392	11.516538	-7.763539	16.621528
13393	10.730624	-6.633044	18.078679
13394	10.608830	-6.985236	19.506204
13395	10.674144	-7.478586	20.958693
13396	10.906787	-7.678110	22.414269
13397	10.923654	-7.566816	23.538398
13398	10.420804	-7.183034	24.435269
13399	9.581113	-6.792972	25.176428
13400	8.717303	-6.394888	25.770874
13401	7.991479	-5.913303	26.277852
13402	7.437904	-5.403341	26.759708
13403	7.000304	-4.949993	27.203960
13404	6.637825	-4.585160	27.534544
13405	6.357386	-4.284929	27.724660
13406	6.116447	-4.055240	27.758654
13407	5.854292	-3.985284	27.551229
13408	5.598509	-4.018907	27.182357
13409	5.456336	-4.146400	26.663611
13410	5.477764	-4.390331	26.099927
13411	5.671333	-4.949121	25.403603
13412	6.111949	-5.967111	24.595372
13413	6.930095	-7.281301	23.947094
13414	8.114606	-8.761217	23.486639
13415	9.696835	-10.406678	23.142138
13416	11.493524	-12.063608	22.600751
13417	13.340699	-13.562813	21.843308
13418	15.105064	-14.755514	20.701863
13419	16.844297	-15.525350	19.230526
13420	18.694319	-16.122517	17.758892
13421	20.632561	-17.141315	16.743958
13422	22.708936	-18.554049	15.943371
13423	25.049331	-20.025612	15.297900
13424	27.420613	-21.270579	14.742574
13425	29.572697	-22.191516	14.121592
13426	31.460108	-22.879706	13.515394
13427	33.069824	-23.533547	12.942882
13428	34.408741	-24.135716	12.282064
13429	35.410971	-24.614044	11.590362
13430	36.115763	-25.015227	11.178000
13431	36.692311	-25.464803	11.119883
13432	37.219167	-25.925842	11.289823
13433	37.668396	-26.397847	11.605976
13434	37.940230	-26.829345	11.924641
13435	38.013728	-26.943428	11.997836
13436	37.922016	-26.487738	11.708966
13437	37.579289	-25.428083	11.095184
13438	36.927865	-23.994925	10.238083
13439	35.984662	-22.560174	9.286994
13440	34.811295	-21.479711	8.345311
13441	33.487513	-20.759845	7.617942
13442	31.918118	-20.148539	7.552714
13443	30.015073	-19.671419	8.301420
13444	27.890029	-19.215005	9.663828
13445	25.766980	-18.529585	11.668620
13446	23.692809	-17.827968	14.086252
13447	21.866209	-16.448775	16.787761
13448	20.394320	-14.865613	19.301635
13449	19.547843	-13.889702	20.212961
13450	20.118433	-12.421220	21.358805
13451	20.896183	-11.105038	23.177135
13452	20.678196	-13.004462	24.177626
13453	20.599385	-14.299393	25.882295
13454	21.987908	-13.860399	27.187470
13455	23.493185	-13.067687	26.266731
13456	23.280122	-12.895811	22.430787
13457	21.626548	-13.017813	17.592615
13458	19.571896	-11.793995	14.528664
13459	17.184962	-10.148359	15.190440
13460	16.209632	-8.730106	18.188986
13461	17.218391	-9.350175	20.018401
13462	17.674111	-10.559006	20.765516
13463	17.824874	-11.044800	21.746203
13464	17.670559	-10.752687	22.817291
13465	16.875526	-10.341927	23.592641
13466	15.779564	-10.119487	24.124463
13467	14.643274	-9.950286	24.499531
13468	13.706042	-9.607876	24.917942
13469	13.023338	-9.103473	25.439395
13470	12.430045	-8.648892	25.944607
13471	11.825702	-8.227451	26.325433
13472	11.242928	-7.794971	26.530952
13473	10.636566	-7.416599	26.438525
13474	10.092405	-6.902570	26.110173
13475	9.725545	-6.449836	25.539353
13476	9.598664	-6.333396	24.762817
13477	9.646728	-6.806734	23.750970
13478	9.921907	-7.674877	22.737716
13479	10.509910	-8.813148	21.856126
13480	11.442779	-10.076854	21.159807
13481	12.652954	-11.467788	20.522802
13482	13.977882	-13.011602	19.698763
13483	15.349610	-14.560551	18.640038
13484	16.873541	-15.866432	17.209211
13485	18.706334	-16.674345	15.596725
13486	20.786130	-17.005356	13.964194
13487	22.724186	-17.190936	12.613040
13488	24.452130	-17.799648	11.472476
13489	26.334718	-18.713383	10.487283
13490	28.382509	-19.747354	9.688679
13491	30.491099	-20.640881	9.132381
13492	32.410061	-21.420865	8.902244
13493	34.046645	-22.192305	8.745384
13494	35.452350	-23.000071	8.722161
13495	36.558652	-23.908741	8.821063
13496	37.361614	-24.962241	9.059360
13497	37.955699	-25.970321	9.450596
13498	38.331273	-26.807881	9.979292
13499	38.475557	-27.439588	10.497099
13500	38.395672	-27.832909	10.894012
13501	38.145004	-27.932897	11.092758
13502	37.763982	-27.683508	11.010880
13503	37.267133	-27.072114	10.636594
13504	36.624306	-26.052884	10.007322
13505	35.766306	-24.762700	9.269270
13506	34.677211	-23.520671	8.548669
13507	33.289687	-22.612141	8.011325
13508	31.635491	-21.966096	7.823283
13509	29.775360	-21.453892	8.263228
13510	27.798550	-20.916135	9.252087
13511	25.882892	-20.280705	10.712506
13512	23.902217	-19.527226	12.927578
13513	21.957955	-18.316406	15.799513
13514	20.035630	-16.726031	18.912307
13515	18.475683	-15.469224	21.262909
13516	17.762130	-14.802108	22.099624
13517	18.145112	-13.538401	22.325013
13518	18.583563	-12.155400	23.414552
13519	18.425582	-12.912873	24.454453
13520	18.374477	-14.447005	25.537316
13521	18.898934	-14.575299	26.583481
13522	19.978804	-14.194061	26.580690
13523	20.722135	-13.764109	24.591828
13524	20.341095	-13.689756	21.320729
13525	18.881082	-13.374932	17.706065
13526	17.030561	-12.193659	16.104438
13527	14.984657	-11.052820	16.756658
13528	14.462412	-10.214770	18.714125
13529	15.027347	-10.738264	19.936833
13530	15.556620	-11.409776	20.532424
13531	15.934821	-11.449275	21.588535
13532	15.937828	-11.366816	22.624204
13533	15.474901	-11.220104	23.255317
13534	14.771443	-11.052290	23.621709
13535	13.991005	-10.718584	23.937836
13536	13.223373	-10.298746	24.314941
13537	12.546878	-9.876046	24.722203
13538	12.000698	-9.528679	25.164150
13539	11.586335	-9.178511	25.730494
13540	11.239430	-8.803282	26.352939
13541	10.880911	-8.455609	26.847631
13542	10.492247	-8.080322	27.157902
13543	10.065231	-7.682723	27.218980
13544	9.683696	-7.237849	27.118821
13545	9.346725	-6.854734	26.889106
13546	9.083155	-6.632710	26.496158
13547	8.941915	-6.660318	25.857738
13548	9.014063	-6.942586	25.254616
13549	9.370587	-7.639312	24.636995
13550	10.070192	-8.620284	24.096687
13551	11.086613	-9.829743	23.788238
13552	12.236320	-11.379333	23.569343
13553	13.451945	-13.103131	23.277887
13554	14.861459	-14.447985	22.681507
13555	16.505677	-15.258012	21.564319
13556	18.043236	-15.810807	20.093884
13557	19.559918	-16.613121	18.758276
13558	21.314130	-17.536650	17.682630
13559	23.298103	-18.537787	16.836162
13560	25.304799	-19.586385	16.230337
13561	27.208302	-20.500041	15.834234
13562	28.977606	-21.222063	15.623265
13563	30.544805	-21.889745	15.675281
13564	31.811749	-22.629028	15.800131
13565	32.831199	-23.583104	15.922230
13566	33.676451	-24.603939	16.015765
13567	34.449059	-25.618159	16.156333
13568	35.173943	-26.570132	16.435203
13569	35.868621	-27.274662	16.722408
13570	36.470657	-27.687246	16.962648
13571	36.790806	-27.724040	17.071553
13572	36.834408	-27.336196	16.883141
13573	36.703971	-26.648043	16.278958
13574	36.399718	-25.725475	15.286682
13575	35.800445	-24.618497	14.100634
13576	34.895663	-23.520708	12.969947
13577	33.694517	-22.561461	12.032237
13578	32.177294	-21.857559	11.589006
13579	30.424912	-21.348378	11.665296
13580	28.550711	-20.777516	12.156605
13581	26.599703	-19.951571	13.051804
13582	24.718749	-18.893431	14.206330
13583	22.914055	-17.873602	15.701238
13584	21.100663	-16.665164	17.623738
13585	19.295888	-14.944764	19.935305
13586	17.910892	-13.413065	21.609321
13587	18.294404	-12.321083	22.533043
13588	19.413385	-11.302720	23.474654
13589	19.449863	-12.569291	23.720545
13590	19.354063	-13.950584	23.885141
13591	20.065542	-13.849243	24.579398
13592	21.560261	-13.047061	24.174143
13593	22.130430	-12.409985	21.782140
13594	21.030071	-12.705474	17.965674
13595	18.951604	-12.227742	14.583409
13596	16.464887	-10.892648	14.316854
13597	14.546214	-9.430631	16.956986
13598	15.173545	-9.040654	19.552449
13599	15.796523	-10.092573	20.679759
13600	16.309870	-10.542392	21.755542
13601	16.316765	-10.344562	22.912312
13602	15.677792	-9.863339	23.718095
13603	14.748052	-9.440401	24.172412
13604	13.854054	-9.098248	24.438162
13605	12.895729	-8.784864	24.598552
13606	11.988101	-8.326380	24.925626
13607	11.253065	-7.866140	25.493313
13608	10.651920	-7.462496	26.230190
13609	10.134084	-7.063120	27.056411
13610	9.686605	-6.620226	27.878595
13611	9.229657	-6.111028	28.427852
13612	8.749103	-5.553667	28.605426
13613	8.222014	-5.116515	28.402296
13614	7.841658	-4.739835	27.970567
13615	7.545786	-4.580522	27.442261
13616	7.445496	-4.863981	26.835027
13617	7.700452	-5.642545	26.189230
13618	8.289911	-6.832964	25.479613
13619	9.218057	-8.199027	24.868374
13620	10.339544	-9.760705	24.380809
13621	11.508163	-11.534180	23.854480
13622	12.709063	-13.330277	23.101787
13623	14.104905	-15.012625	22.096883
13624	15.765501	-16.434946	20.794467
13625	17.570216	-17.526803	19.218522
13626	19.363474	-18.054021	17.524958
13627	20.975737	-18.369308	16.113814
13628	22.530883	-19.047588	15.175954
13629	24.287687	-20.096500	14.602803
13630	26.234254	-21.175879	14.133325
13631	28.122341	-22.020299	13.645175
13632	29.746213	-22.784698	13.171660
13633	31.121954	-23.418512	12.881721
13634	32.277325	-24.071997	12.703716
13635	33.251033	-24.937037	12.629107
13636	34.055236	-25.814241	12.702768
13637	34.691900	-26.531077	12.927377
13638	35.140053	-27.067866	13.268017
13639	35.362776	-27.398966	13.620759
13640	35.414916	-27.480551	13.903103
13641	35.304893	-27.275722	14.028497
13642	35.055818	-26.778024	13.909238
13643	34.652932	-26.044139	13.560671
13644	34.054937	-25.147547	13.090725
13645	33.204184	-24.158385	12.526853
13646	32.124608	-23.131746	12.035064
13647	30.783462	-22.262596	11.809481
13648	29.194663	-21.654807	11.801892
13649	27.359743	-21.081181	12.064539
13650	25.463657	-20.236569	12.666709
13651	23.551679	-19.291170	14.058714
13652	21.428658	-18.082110	16.307844
13653	19.318388	-16.388013	18.907451
13654	17.742662	-14.647756	21.161046
13655	16.932756	-13.963548	22.343111
13656	16.664142	-12.990900	23.009198
13657	16.546724	-11.381129	23.771168
13658	16.854757	-10.004328	25.642981
13659	16.591582	-11.552085	27.120775
13660	16.374578	-13.025508	28.736524
13661	17.116872	-12.557383	29.715986
13662	18.252039	-11.934216	29.211335
13663	18.451102	-11.615307	26.275825
13664	17.137094	-11.961461	22.424521
13665	15.266652	-11.468107	18.957177
13666	13.076432	-10.157555	17.853992
13667	11.153615	-8.223235	19.359577
13668	11.589778	-7.236217	21.543592
13669	11.789373	-7.902972	22.560945
13670	11.848752	-8.646927	23.489046
13671	11.944674	-8.674697	24.800527
13672	11.753762	-8.262999	25.945611
13673	10.993733	-7.858051	26.843812
13674	9.978301	-7.452941	27.544074
13675	9.067915	-6.923829	28.203917
13676	8.416235	-6.278349	28.735119
13677	7.987063	-5.651672	29.171315
13678	7.639680	-5.196871	29.516418
13679	7.326930	-4.817116	29.825180
13680	6.950049	-4.523029	29.940032
13681	6.527358	-4.256715	29.730853
13682	6.180615	-4.095345	29.197060
13683	6.014777	-4.249432	28.487746
13684	6.074078	-4.716011	27.689025
13685	6.457499	-5.501071	26.953437
13686	6.969550	-6.689030	26.284370
13687	7.643462	-8.046474	25.756615
13688	8.579789	-9.501270	25.456047
13689	9.851663	-11.066989	25.221531
13690	11.359392	-12.589882	24.785682
13691	12.959707	-13.951778	24.206424
13692	14.565742	-15.157229	23.549668
13693	16.084277	-16.280097	22.803928
13694	17.602630	-17.303745	22.154743
13695	19.093802	-18.267981	21.631835
13696	20.495188	-19.284336	21.199617
13697	22.043839	-20.426182	20.586263
13698	23.813436	-21.557124	19.775496
13699	25.787814	-22.533329	18.960013
13700	27.576856	-23.177511	18.054777
13701	29.145717	-23.662768	17.091185
13702	30.522046	-24.081038	16.257280
13703	31.647668	-24.442574	15.449812
13704	32.465313	-24.832117	14.668699
13705	33.006774	-25.164853	14.095404
13706	33.380654	-25.405190	13.736565
13707	33.632208	-25.569336	13.557272
13708	33.800110	-25.631579	13.473476
13709	33.910045	-25.548286	13.507947
13710	33.899643	-25.224815	13.489707
13711	33.736628	-24.636674	13.348638
13712	33.344043	-23.820408	13.219417
13713	32.717892	-22.978585	13.103977
13714	31.904955	-22.263741	12.951890
13715	30.907236	-21.462755	12.914155
13716	29.746325	-20.620866	13.149082
13717	28.395619	-19.900305	13.681203
13718	26.914695	-19.257773	14.324918
13719	25.391973	-18.440607	15.122178
13720	23.622873	-17.636842	16.599328
13721	21.649345	-16.624514	18.421853
13722	19.759816	-14.912286	20.199696
13723	18.330067	-13.358696	21.419643
13724	17.811636	-12.231448	21.055817
13725	18.379480	-10.736278	21.362639
13726	18.718203	-9.698509	22.824473
13727	18.455550	-11.595189	23.939377
13728	18.339100	-12.462063	25.433056
13729	19.638717	-11.938096	26.386596
13730	20.877211	-11.251241	25.158418
13731	20.463247	-11.129016	22.202157
13732	18.750171	-10.972949	18.636616
13733	16.507352	-9.962627	16.560383
13734	14.099309	-8.720778	17.085271
13735	13.515109	-7.301037	19.547117
13736	14.057736	-7.404979	21.243466
13737	14.318376	-8.072097	22.341198
13738	14.303527	-8.347902	23.518266
13739	13.948874	-8.083232	24.633378
13740	13.198525	-7.595103	25.491864
13741	12.271940	-7.207544	26.106076
13742	11.339590	-6.947567	26.506173
13743	10.387131	-6.702581	26.759908
13744	9.549353	-6.276562	27.149763
13745	8.837839	-5.806172	27.623396
13746	8.268069	-5.309474	28.192975
13747	7.812342	-4.829162	28.717545
13748	7.429604	-4.397379	29.040607
13749	7.036670	-3.963996	29.016090
13750	6.638865	-3.574593	28.730505
13751	6.284809	-3.441171	28.203801
13752	6.017452	-3.536365	27.650642
13753	5.838316	-3.826485	27.103710
13754	5.836411	-4.294813	26.603787
13755	6.123483	-5.054893	26.040945
13756	6.824548	-6.084345	25.480601
13757	7.819088	-7.379907	25.002894
13758	8.944899	-8.888936	24.670530
13759	10.184899	-10.567027	24.335696
13760	11.539204	-12.213460	23.683323
13761	13.115355	-13.540594	22.818144
13762	14.910075	-14.367384	21.877811
13763	16.773755	-14.969187	21.106038
13764	18.407598	-15.773862	20.542766
13765	20.015397	-17.019066	19.881997
13766	21.793759	-18.368030	19.147671
13767	23.581769	-19.658120	18.464010
13768	25.434587	-20.685624	17.923517
13769	27.092490	-21.417596	17.424670
13770	28.559987	-22.026174	16.920396
13771	29.799197	-22.648760	16.376138
13772	30.848279	-23.331025	15.836930
13773	31.619853	-23.977427	15.441208
13774	32.232482	-24.555355	15.314752
13775	32.725720	-25.102799	15.477945
13776	33.104146	-25.564821	15.774359
13777	33.416201	-25.905715	16.025873
13778	33.624468	-26.075632	16.159310
13779	33.698774	-26.059790	16.033693
13780	33.649283	-25.715523	15.578837
13781	33.388753	-24.865800	14.910376
13782	32.877465	-23.732186	14.057198
13783	32.141855	-22.559293	13.141522
13784	31.192858	-21.645447	12.302273
13785	30.018254	-20.985590	11.704025
13786	28.585942	-20.302206	11.454055
13787	26.869965	-19.460922	11.732184
13788	25.054721	-18.577773	12.522903
13789	23.145594	-17.730793	13.877420
13790	21.188924	-16.586084	15.881962
13791	19.419510	-14.982231	18.077021
13792	18.317213	-13.400944	19.370345
13793	18.889103	-12.546766	19.622024
13794	19.574688	-11.583770	20.520180
13795	19.135169	-13.103470	21.943030
13796	18.733943	-14.500367	23.779086
13797	19.762142	-14.494477	25.163513
13798	21.417184	-13.689462	24.644586
13799	21.786849	-13.475800	21.872332
13800	20.634294	-13.831130	17.577605
13801	18.610627	-12.842916	14.118432
13802	16.111923	-11.424079	13.361884
13803	14.433944	-10.026502	15.327534
13804	15.209352	-9.873847	17.647984
13805	15.717775	-11.023412	18.661698
13806	16.045401	-11.617733	19.776029
13807	16.011095	-11.460944	20.887867
13808	15.350704	-10.982101	21.760057
13809	14.359913	-10.476806	22.229193
13810	13.400589	-9.992020	22.431396
13811	12.421578	-9.481852	22.476865
13812	11.510179	-8.854506	22.682132
13813	10.685300	-8.252054	23.099807
13814	9.878441	-7.883510	23.569584
13815	9.173595	-7.474707	24.265006
13816	8.581474	-6.993231	24.984491
13817	7.951032	-6.359717	25.558058
13818	7.287740	-5.615769	25.918140
13819	6.732460	-4.944969	25.986138
13820	6.326769	-4.389326	25.827381
13821	6.050518	-4.078374	25.485448
13822	5.969126	-4.202364	25.073592
13823	6.152440	-4.898381	24.645491
13824	6.620989	-5.990014	24.195475
13825	7.345149	-7.313212	23.837708
13826	8.280132	-8.843304	23.555883
13827	9.412870	-10.395140	23.285397
13828	10.625023	-11.967626	22.806456
13829	12.077594	-13.499382	22.051732
13830	13.745907	-14.774631	20.972359
13831	15.616870	-15.514841	19.651496
13832	17.440383	-16.037591	18.393461
13833	19.054362	-16.870988	17.345758
13834	20.662080	-17.866708	16.530471
13835	22.341308	-18.913091	15.827339
13836	24.073577	-19.812390	15.191036
13837	25.882109	-20.559931	14.595528
13838	27.582539	-21.230943	14.024846
13839	29.143404	-21.851906	13.478305
13840	30.517148	-22.505899	12.982053
13841	31.711733	-23.179169	12.541972
13842	32.721624	-23.808001	12.223196
13843	33.544081	-24.329890	12.121282
13844	34.133179	-24.769090	12.231910
13845	34.511243	-25.171125	12.544223
13846	34.746590	-25.522163	12.986225
13847	34.819712	-25.794783	13.470563
13848	34.652573	-25.806898	13.848102
13849	34.250595	-25.497106	13.994455
13850	33.718152	-24.859866	13.799369
13851	33.049892	-24.037800	13.313529
13852	32.222303	-23.028010	12.652855
13853	31.224980	-22.009163	12.120617
13854	30.047390	-21.254900	11.839463
13855	28.620432	-20.436946	11.909749
13856	26.997795	-19.516542	12.312736
13857	25.236534	-18.771660	13.220687
13858	23.277025	-17.804023	14.830980
13859	21.308457	-16.630582	17.084019
13860	19.663649	-14.931936	19.449607
13861	18.407971	-13.491533	20.917540
13862	18.413184	-12.603071	20.789253
13863	18.923085	-11.135769	22.001555
13864	18.908383	-10.858892	23.316085
13865	18.265733	-12.736564	23.991326
13866	18.386321	-13.418369	25.122302
13867	19.714656	-12.868880	25.980740
13868	20.733291	-12.280427	25.064721
13869	20.115576	-12.119682	22.509103
13870	18.346378	-12.057813	19.426291
13871	16.219036	-10.855127	18.164862
13872	14.029595	-9.599660	18.917369
13873	13.280105	-8.836896	20.692786
13874	13.294386	-9.033037	21.820468
13875	13.598799	-9.525791	22.847085
13876	13.963961	-9.718542	24.033856
13877	13.853517	-9.570419	25.152380
13878	13.224984	-9.312949	25.984616
13879	12.443126	-9.108315	26.510900
13880	11.738289	-8.821242	26.865589
13881	11.159898	-8.399778	27.252048
13882	10.674516	-8.043417	27.689424
13883	10.254348	-7.831122	28.127886
13884	9.938694	-7.652475	28.545554
13885	9.734110	-7.493618	28.859552
13886	9.537181	-7.344899	29.019869
13887	9.262055	-7.175157	28.982349
13888	8.953524	-7.054282	28.777056
13889	8.617386	-6.968318	28.324244
13890	8.338566	-6.867572	27.676376
13891	8.143046	-6.923556	26.838677
13892	8.104781	-7.152674	26.004452
13893	8.323850	-7.698227	25.169124
13894	8.935416	-8.503991	24.459452
13895	9.953083	-9.589407	24.011293
13896	11.284604	-11.019236	23.729601
13897	12.760071	-12.585595	23.456227
13898	14.253326	-14.136333	22.998852
13899	15.766529	-15.523688	22.291436
13900	17.376905	-16.496504	21.464178
13901	19.056128	-17.110809	20.788689
13902	20.605332	-17.958353	20.339039
13903	22.079010	-19.303715	19.839317
13904	23.802937	-20.743273	19.193382
13905	25.740546	-21.922822	18.380125
13906	27.667229	-22.627864	17.412906
13907	29.386283	-22.958884	16.360231
13908	30.811708	-23.242349	15.390018
13909	32.004700	-23.581617	14.555929
13910	33.046795	-23.866450	13.762578
13911	33.812943	-24.080106	13.155660
13912	34.370027	-24.146252	12.762120
13913	34.847066	-24.063899	12.601164
13914	35.240643	-23.977365	12.816140
13915	35.457426	-24.039150	13.367351
13916	35.382692	-24.158488	14.047542
13917	35.085550	-24.142993	14.600066
13918	34.671097	-23.775927	14.853583
13919	34.184271	-23.046005	14.854687
13920	33.561304	-22.179584	14.743028
13921	32.705934	-21.444188	14.506503
13922	31.625135	-20.758020	14.274553
13923	30.337748	-20.034872	14.183027
13924	28.895118	-19.283210	14.190366
13925	27.303197	-18.353860	14.374606
13926	25.706888	-17.419920	15.065259
13927	23.973151	-16.671957	16.373282
13928	22.328565	-15.410271	17.966833
13929	20.607553	-13.738535	19.456736
13930	19.426720	-12.309761	20.026092
13931	19.671881	-11.279060	20.876241
13932	20.313305	-9.826185	22.016827
13933	20.153703	-11.580201	22.739475
13934	19.961647	-12.860353	23.490207
13935	21.218873	-12.624932	24.658315
13936	22.945908	-11.704836	24.444805
13937	22.877507	-11.227441	21.789543
13938	21.409986	-11.320318	17.854075
13939	19.095170	-10.587427	15.518123
13940	16.438513	-9.423874	16.145416
13941	15.034790	-8.200952	18.532041
13942	15.661775	-8.201674	20.265458
13943	16.254450	-8.810144	20.815494
13944	16.536285	-8.860689	21.571186
13945	16.254753	-8.504893	22.488251
13946	15.359135	-8.025487	23.217243
13947	14.247375	-7.677663	23.818026
13948	13.106715	-7.533416	24.234659
13949	12.030160	-7.300886	24.697751
13950	11.116420	-6.805979	25.353198
13951	10.347853	-6.299158	26.105806
13952	9.680584	-5.835232	26.788762
13953	9.156485	-5.250810	27.367933
13954	8.732236	-4.669652	27.783115
13955	8.294725	-4.069175	27.917976
13956	7.924095	-3.511555	27.673722
13957	7.655634	-3.315123	27.074877
13958	7.399482	-3.522071	26.408779
13959	7.364374	-4.081608	25.781649
13960	7.699190	-5.102025	25.037831
13961	8.439082	-6.464110	24.296969
13962	9.419198	-8.025499	23.594620
13963	10.533658	-9.658766	23.020430
13964	11.749570	-11.347137	22.438163
13965	13.123542	-12.939246	21.729167
13966	14.795256	-14.090867	20.858112
13967	16.622169	-14.709115	19.899470
13968	18.299840	-15.176580	19.163066
13969	19.933848	-16.237328	18.742208
13970	21.652073	-17.628621	18.325520
13971	23.523408	-18.836361	17.912317
13972	25.316608	-20.019272	17.552864
13973	27.128018	-21.078516	17.309427
13974	28.709864	-21.946512	17.123735
13975	30.016640	-22.698743	16.872372
13976	31.100451	-23.384983	16.457215
13977	31.981499	-24.005514	15.850018
13978	32.638147	-24.468822	15.312754
13979	33.153705	-24.755990	14.962039
13980	33.583441	-24.862838	14.777600
13981	33.922997	-24.862272	14.737289
13982	34.162880	-24.786132	14.747767
13983	34.213614	-24.560084	14.753021
13984	34.040511	-24.161371	14.621366
13985	33.652942	-23.516606	14.335370
13986	33.029329	-22.771170	13.980757
13987	32.134352	-22.124620	13.587550
13988	31.017826	-21.434043	13.236589
13989	29.716738	-20.720452	13.107288
13990	28.191857	-20.207199	13.182603
13991	26.466831	-19.567377	13.445443
13992	24.684887	-18.552006	14.017365
13993	22.897878	-17.675640	15.353451
13994	21.073489	-16.563103	17.416325
13995	19.362415	-14.850516	19.853485
13996	18.034085	-13.335552	21.774067
13997	17.328708	-12.576095	22.389969
13998	17.450928	-11.568622	22.114511
13999	17.864751	-9.783066	23.691706
14000	17.780303	-10.310101	24.903568
14001	17.272960	-12.057153	26.315747
14002	17.887782	-11.968205	27.671183
14003	19.508610	-11.313955	27.657688
14004	20.230208	-10.903910	25.405650
14005	19.149210	-11.270172	21.651428
14006	16.958712	-10.786290	17.932330
14007	14.527180	-9.331219	16.743749
14008	12.454921	-7.773769	18.148062
14009	12.717369	-7.017810	20.274131
14010	13.157601	-7.902021	21.194841
14011	13.372991	-8.573336	22.316549
14012	13.496349	-8.461703	23.808362
14013	13.260437	-8.132788	25.063541
14014	12.528930	-7.749761	26.010928
14015	11.598468	-7.427004	26.713319
14016	10.728178	-7.046356	27.325427
14017	10.005604	-6.538374	27.884354
14018	9.402762	-6.043021	28.406527
14019	8.895931	-5.588540	28.850745
14020	8.477667	-5.106452	29.235417
14021	8.069122	-4.632668	29.491512
14022	7.616852	-4.110595	29.566113
14023	7.105024	-3.573024	29.403251
14024	6.557393	-2.996761	29.180616
14025	6.025685	-2.447038	28.852591
14026	5.629513	-1.926428	28.468580
14027	5.447678	-1.650539	28.084551
14028	5.409223	-1.860879	27.730892
14029	5.594531	-2.675137	27.338284
14030	6.069965	-3.894163	26.947886
14031	6.795411	-5.338216	26.586110
14032	7.739393	-6.997048	26.266431
14033	8.910288	-8.754743	26.025563
14034	10.293956	-10.362762	25.656666
14035	11.935561	-11.604584	24.980586
14036	13.488845	-12.579895	23.911341
14037	14.902392	-13.666189	22.604890
14038	16.460838	-14.950545	21.400025
14039	18.260121	-16.175045	20.164685
14040	20.189792	-17.179341	18.971578
14041	21.870907	-18.042926	17.878263
14042	23.501693	-18.841782	16.875434
14043	25.190394	-19.496281	16.015898
14044	26.851691	-20.127255	15.207430
14045	28.466963	-20.776066	14.321418
14046	29.952648	-21.488225	13.428925
14047	31.231798	-22.220558	12.768867
14048	32.307334	-23.019341	12.473636
14049	33.181609	-23.839361	12.442690
14050	33.815249	-24.503299	12.539888
14051	34.195282	-24.926863	12.668787
14052	34.378810	-25.111807	12.804762
14053	34.422296	-25.169558	12.972804
14054	34.320975	-25.140478	13.057162
14055	34.050830	-24.912049	12.915347
14056	33.645657	-24.311583	12.410773
14057	33.076725	-23.278919	11.718314
14058	32.334968	-22.196245	11.057299
14059	31.461944	-21.352587	10.600551
14060	30.384157	-20.704076	10.458583
14061	29.079346	-19.880366	10.592947
14062	27.678764	-18.780912	11.015435
14063	26.049946	-17.983925	12.078067
14064	24.281707	-17.020496	13.850016
14065	22.626255	-15.614715	15.438966
14066	22.075783	-13.963510	16.770471
14067	22.919528	-12.374690	18.074676
14068	22.906373	-12.857773	18.843917
14069	22.559040	-14.654290	19.961223
14070	23.027951	-14.962086	20.993235
14071	24.439439	-14.513893	21.652406
14072	25.303283	-13.916687	20.713619
14073	24.731315	-13.511868	18.112049
14074	23.276155	-13.157074	15.448706
14075	21.141351	-12.498059	14.446806
14076	19.015801	-11.904947	15.198788
14077	18.304376	-11.511842	16.855471
14078	18.729114	-11.620909	18.138855
14079	19.142952	-11.487326	18.785557
14080	19.233123	-11.151529	19.476865
14081	18.693675	-10.749812	20.139779
14082	17.782068	-10.522790	20.639929
14083	16.910640	-10.307688	21.048459
14084	16.054269	-9.975767	21.444599
14085	15.203453	-9.519739	22.079597
14086	14.383985	-9.091755	22.947781
14087	13.567843	-8.854907	23.822771
14088	12.745922	-8.739880	24.539355
14089	12.020358	-8.448947	25.150064
14090	11.384167	-7.894406	25.649039
14091	10.754421	-7.139028	26.032677
14092	10.112741	-6.341126	26.271804
14093	9.466308	-5.555328	26.397146
14094	8.943494	-4.745838	26.375505
14095	8.582599	-4.197247	26.161996
14096	8.357689	-4.092729	25.740601
14097	8.192570	-4.618278	24.884602
14098	8.424534	-5.421661	23.915945
14099	8.993546	-6.428146	22.953681
14100	9.860157	-7.670354	22.069204
14101	10.948589	-9.031034	21.331214
14102	12.140532	-10.517002	20.783104
14103	13.545926	-12.018291	20.201621
14104	15.330055	-13.140426	19.347852
14105	17.294655	-13.810880	18.287061
14106	19.113984	-14.622743	17.232392
14107	20.953234	-15.837613	16.303591
14108	22.866610	-17.122482	15.646874
14109	24.861244	-18.257613	15.270200
14110	26.778822	-19.329414	15.181467
14111	28.682922	-20.493372	15.283960
14112	30.454038	-21.643771	15.592046
14113	31.949357	-22.827826	15.773230
14114	33.245273	-24.013281	15.819227
14115	34.363750	-25.181293	15.763720
14116	35.208408	-26.261192	15.687344
14117	35.941020	-27.049729	15.492842
14118	36.612914	-27.395857	15.065468
14119	37.181493	-27.267694	14.438728
14120	37.592117	-26.867597	13.789700
14121	37.735491	-26.415371	13.140313
14122	37.605551	-25.868366	12.292826
14123	37.229329	-25.057880	11.346567
14124	36.593714	-24.100213	10.393053
14125	35.705222	-23.116551	9.479049
14126	34.574346	-22.195798	8.714315
14127	33.167905	-21.567382	8.345659
14128	31.473751	-21.165807	8.625417
14129	29.563188	-20.819860	9.543295
14130	27.693061	-20.304053	10.829989
14131	25.848016	-19.618357	12.467416
14132	23.855205	-18.558295	14.568685
14133	21.946441	-17.122744	16.866351
14134	20.418216	-15.767021	18.588985
14135	19.847633	-14.622198	18.542454
14136	20.261076	-13.323165	18.867423
14137	20.792685	-11.837690	20.075843
14138	20.446071	-13.445115	21.041472
14139	20.219828	-14.767850	22.076131
14140	21.197114	-14.570370	23.241509
14141	22.667614	-13.762718	22.998790
14142	22.993162	-13.294687	20.597346
14143	21.942194	-13.431676	16.975949
14144	20.028731	-12.790677	14.425836
14145	17.699861	-11.839105	14.332470
14146	16.014234	-10.665568	16.359989
14147	16.283056	-10.482160	18.051810
14148	16.791796	-10.984641	18.883413
14149	17.209495	-11.370604	19.961776
14150	17.122525	-11.309565	21.094675
14151	16.501729	-11.035606	22.022928
14152	15.646083	-10.715248	22.639777
14153	14.869055	-10.455105	23.036087
14154	14.122948	-10.076661	23.406846
14155	13.359918	-9.614525	23.862002
14156	12.652228	-9.206878	24.415434
14157	12.090055	-8.866512	25.015631
14158	11.569057	-8.694874	25.465252
14159	11.053361	-8.493738	25.781968
14160	10.455759	-8.131294	25.893331
14161	9.823923	-7.629947	25.785420
14162	9.246572	-7.079398	25.588974
14163	8.698569	-6.344047	25.372191
14164	8.193667	-5.618474	25.172139
14165	7.716890	-5.068431	24.919392
14166	7.416277	-4.661496	24.685580
14167	7.318490	-4.565653	24.450187
14168	7.486116	-4.887842	24.154634
14169	7.935991	-5.755492	23.785973
14170	8.657468	-7.034591	23.439664
14171	9.627176	-8.603150	23.036878
14172	10.757300	-10.303942	22.635833
14173	12.033577	-12.021690	22.225418
14174	13.625725	-13.421216	21.513372
14175	15.586460	-14.329677	20.407688
14176	17.441385	-15.004036	18.925331
14177	19.173104	-15.910769	17.229764
14178	21.088406	-16.957902	15.561014
14179	23.239134	-18.081102	14.201651
14180	25.364502	-19.154949	13.166210
14181	27.441026	-19.947012	12.387776
14182	29.424673	-20.447784	11.846665
14183	31.181849	-20.997348	11.405252
14184	32.652114	-21.690815	11.039187
14185	33.864026	-22.617240	10.724267
14186	34.818645	-23.631969	10.608644
14187	35.632166	-24.567086	10.796932
14188	36.298766	-25.327618	11.173596
14189	36.781787	-25.824242	11.556909
14190	37.059925	-26.082175	11.820099
14191	37.128984	-26.127364	11.869640
14192	36.997036	-25.930543	11.683173
14193	36.664910	-25.445971	11.232833
14194	36.127604	-24.593793	10.570709
14195	35.378931	-23.521171	9.752683
14196	34.434837	-22.487422	8.899914
14197	33.227365	-21.562140	8.308559
14198	31.778755	-20.843447	8.163359
14199	30.130874	-20.320208	8.411485
14200	28.277219	-19.719744	9.108407
14201	26.331993	-18.867604	10.350654
14202	24.533980	-18.045068	12.342842
14203	22.741416	-17.154637	15.015799
14204	20.938892	-15.737805	18.217138
14205	19.329301	-14.348126	21.204849
14206	18.520045	-13.881999	22.699421
14207	18.991895	-12.903310	22.885475
14208	19.471021	-11.558279	24.317528
14209	19.437809	-12.741388	25.471100
14210	19.399584	-14.147714	26.869724
14211	20.337916	-13.899126	28.172281
14212	21.758493	-13.329702	27.627027
14213	22.200792	-12.984257	24.590502
14214	20.992775	-13.458060	20.042582
14215	18.858468	-12.544558	15.900276
14216	16.556915	-10.749918	14.697133
14217	14.881101	-8.841501	16.831931
14218	15.701012	-8.452001	19.493640
14219	15.870187	-9.767128	20.438517
14220	16.016868	-10.537754	21.489772
14221	16.112522	-10.512246	22.892297
14222	15.534411	-10.159933	24.016182
14223	14.384172	-9.853912	24.752872
14224	13.169982	-9.470904	25.255130
14225	12.082659	-8.896840	25.612790
14226	11.204220	-8.064801	26.025593
14227	10.462080	-7.225809	26.568717
14228	9.816667	-6.486657	27.219152
14229	9.246569	-5.785851	27.879048
14230	8.657855	-5.141502	28.297444
14231	8.103006	-4.366411	28.557573
14232	7.547684	-3.663160	28.439594
14233	7.242000	-3.019020	28.078764
14234	7.185767	-2.654979	27.514438
14235	7.247717	-2.689208	26.922364
14236	7.393572	-3.266736	26.378698
14237	7.710611	-4.338590	25.866475
14238	8.261989	-5.654587	25.348107
14239	9.058695	-7.177929	24.719622
14240	9.975882	-8.779475	24.104750
14241	10.961433	-10.498924	23.600442
14242	12.111038	-12.189232	23.004895
14243	13.533994	-13.649795	22.116244
14244	15.264714	-14.785060	20.928409
14245	17.233038	-15.529114	19.621035
14246	19.175338	-15.826726	18.662186
14247	20.853913	-16.400328	18.049187
14248	22.549844	-17.653035	17.651907
14249	24.353839	-19.195788	17.271096
14250	26.390991	-20.591327	16.849938
14251	28.479122	-21.540168	16.652258
14252	30.209225	-22.355241	16.308497
14253	31.681295	-23.128514	16.015741
