// General information: 
//  MT Manager version: 2021.4.0 
//  XDA version: 2021.4.0 build 6323 rev 112641 built on 2021-09-28
// Device information: 
//  DeviceId: 00B437E8
//  ProductCode: MTW2-3A7G6
//  Firmware Version: 4.3.4
//  Hardware Version: 1.1.0
// Device settings: 
//  Filter Profile: human(46.1)
//  Option Flags: Orientation Smoother Disabled, Position/Velocity Smoother Disabled, Continuous Zero Rotation Update Disabled, AHS Disabled, ICC Disabled
// Coordinate system: ENU
PacketCounter	Roll	Pitch	Yaw
48825	0.006246	0.012465	-0.035884
48826	0.006603	0.011517	-0.036517
48827	0.005141	0.012335	-0.036014
48828	0.005272	0.012719	-0.035399
48829	0.005214	0.012871	-0.036145
48830	0.005313	0.013271	-0.035463
48831	0.004815	0.012468	-0.035473
48832	0.004957	0.013545	-0.036885
48833	0.005270	0.012576	-0.034937
48834	0.001988	0.012225	-0.038088
48835	0.003474	0.013391	-0.036333
48836	0.003605	0.012952	-0.037594
48837	0.002364	0.013153	-0.037688
48838	0.001506	0.012931	-0.037084
48839	0.001963	0.012691	-0.037150
48840	0.001849	0.012289	-0.038094
48841	0.001787	0.012440	-0.038841
48842	0.002619	0.013232	-0.039422
48843	0.002851	0.013607	-0.038891
48844	0.003145	0.013384	-0.038781
48845	0.003082	0.013535	-0.039528
48846	0.002324	0.013335	-0.038924
48847	0.002037	0.014100	-0.039073
48848	0.002080	0.012914	-0.038398
48849	0.001569	0.014294	-0.037949
48850	0.002333	0.014944	-0.038800
48851	0.003226	0.015659	-0.039601
48852	0.002030	0.015206	-0.040287
48853	0.000488	0.015181	-0.041661
48854	-0.000407	0.004486	-0.037633
48855	-0.000914	0.003667	-0.037643
48856	-0.000845	0.003175	-0.038956
48857	-0.000539	0.002189	-0.037008
48858	0.000008	0.004247	-0.036403
48859	-0.002272	0.003030	-0.038317
48860	-0.001600	0.004391	-0.038443
48861	-0.002851	0.004577	-0.038536
48862	-0.003325	0.005318	-0.038564
48863	-0.003322	0.006293	-0.037432
48864	-0.002241	0.008627	-0.038222
48865	-0.001489	0.006411	-0.037472
48866	0.000070	0.007550	-0.035896
48867	-0.002214	0.006332	-0.037812
48868	-0.000964	0.006583	-0.037973
48869	-0.001035	0.006719	-0.038718
48870	-0.001325	0.006090	-0.038503
48871	-0.002579	0.006275	-0.038596
48872	-0.001928	0.007706	-0.038484
48873	-0.003918	0.006710	-0.039122
48874	-0.003084	0.007519	-0.039622
48875	-0.002861	0.007878	-0.039089
48876	-0.002373	0.007727	-0.038935
48877	-0.002223	0.007249	-0.040279
48878	-0.003547	0.007431	-0.040363
48879	-0.003029	0.008012	-0.038552
48880	-0.003352	0.008798	-0.038621
48881	-0.000686	0.007712	-0.037982
48882	-0.001901	0.008552	-0.037700
48883	-0.001017	0.009254	-0.038500
48884	-0.002543	0.007949	-0.038249
48885	-0.003059	0.007127	-0.038262
48886	-0.003356	0.007890	-0.038413
48887	-0.003649	0.006454	-0.039026
48888	-0.004888	0.006580	-0.039360
48889	-0.005411	0.007943	-0.038908
48890	-0.001938	0.007364	-0.038363
48891	-0.001056	0.008066	-0.039163
48892	-0.002354	0.009020	-0.038492
48893	-0.000953	0.009330	-0.038614
48894	-0.001890	0.009078	-0.038005
48895	-0.002632	0.008868	-0.037420
48896	-0.001515	0.009220	-0.034571
48897	-0.003892	0.009350	-0.037902
48898	-0.003150	0.010124	-0.038382
48899	-0.002487	0.009253	-0.039051
48900	-0.002760	0.008727	-0.037551
48901	-0.002320	0.008469	-0.037620
48902	-0.002583	0.009319	-0.037552
48903	-0.001921	0.008448	-0.038221
48904	-0.002024	0.007896	-0.036997
48905	-0.000185	0.009164	-0.037851
48906	-0.000681	0.009157	-0.036075
48907	-0.001723	0.008724	-0.036770
48908	-0.001332	0.008536	-0.036600
48909	-0.001415	0.008670	-0.037348
48910	-0.001740	0.009528	-0.037206
48911	-0.001303	0.009270	-0.037276
48912	0.000214	0.009629	-0.037439
48913	0.000509	0.008632	-0.035498
48914	0.001196	0.009282	-0.036257
48915	0.000368	0.010421	-0.037083
48916	0.000334	0.008524	-0.036970
48917	0.000249	0.008658	-0.037719
48918	0.000477	0.010456	-0.038476
48919	0.000391	0.010589	-0.039225
48920	0.000895	0.010467	-0.039025
48921	0.000146	0.010253	-0.038442
48922	0.000776	0.009489	-0.038820
48923	0.002029	0.009058	-0.036933
48924	0.000608	0.009862	-0.036547
48925	-0.000663	0.010039	-0.036643
48926	-0.000348	0.010540	-0.035845
48927	-0.001321	0.010938	-0.034661
48928	-0.000768	0.010047	-0.035336
48929	-0.003224	0.010269	-0.034778
48930	-0.002130	0.011035	-0.035640
48931	-0.004070	0.013050	-0.033933
48932	-0.004535	0.012278	-0.033909
48933	-0.004325	0.012630	-0.033380
48934	-0.004563	0.012213	-0.031615
48935	-0.003692	0.012913	-0.032417
48936	-0.003564	0.013296	-0.031732
48937	-0.004317	0.013080	-0.031151
48938	-0.003871	0.012228	-0.031586
48939	-0.001958	0.012142	-0.031033
48940	-0.003492	0.011489	-0.032844
48941	-0.004769	0.011665	-0.032941
48942	-0.003392	0.012019	-0.032922
48943	-0.004669	0.012194	-0.033019
48944	-0.006995	0.011810	-0.032985
48945	-0.004720	0.011853	-0.035043
48946	-0.005355	0.011834	-0.033088
48947	-0.003443	0.011748	-0.032535
48948	-0.004784	0.011882	-0.032711
48949	-0.004357	0.011620	-0.032784
48950	-0.005204	0.011438	-0.032060
48951	-0.004777	0.011176	-0.032134
48952	-0.004494	0.009392	-0.032040
48953	-0.002883	0.009086	-0.032768
48954	-0.005356	0.009289	-0.033280
48955	-0.006859	0.010075	-0.032775
48956	-0.005709	0.011075	-0.032093
48957	-0.006991	0.011248	-0.032191
48958	-0.006470	0.011025	-0.032312
48959	-0.007753	0.011198	-0.032410
48960	-0.009522	0.011156	-0.031010
48961	-0.007913	0.010849	-0.031738
48962	-0.008255	0.012443	-0.029845
48963	-0.008655	0.012354	-0.031877
48964	-0.007754	0.011741	-0.031133
48965	-0.006809	0.011084	-0.030531
48966	-0.006048	0.011059	-0.029360
48967	-0.005185	0.011757	-0.030164
48968	-0.005355	0.012732	-0.028878
48969	-0.005456	0.012861	-0.029630
48970	-0.004950	0.011998	-0.030155
48971	-0.004751	0.012345	-0.029628
48972	-0.005894	0.011934	-0.030179
48973	-0.005474	0.011670	-0.030255
48974	-0.005603	0.012030	-0.029379
48975	-0.004220	0.012335	-0.029507
48976	-0.003421	0.013023	-0.030322
48977	-0.004186	0.012800	-0.029744
48978	-0.004028	0.013115	-0.029319
48979	-0.005096	0.012675	-0.030021
48980	-0.004770	0.013296	-0.027900
48981	-0.004573	0.013642	-0.027373
48982	-0.004368	0.013342	-0.027358
48983	-0.005658	0.013512	-0.027457
48984	-0.003809	0.013462	-0.026782
48985	-0.004134	0.012016	-0.027410
48986	-0.006050	0.011167	-0.026772
48987	-0.005636	0.013087	-0.026372
48988	-0.004682	0.014028	-0.025656
48989	-0.004488	0.014373	-0.025130
48990	-0.004321	0.014712	-0.024632
48991	-0.004650	0.015451	-0.024783
48992	-0.003176	0.015787	-0.024974
48993	-0.004165	0.013987	-0.024273
48994	-0.002108	0.015457	-0.023879
48995	-0.001087	0.013440	-0.021876
48996	-0.002115	0.014498	-0.022783
48997	-0.003410	0.014667	-0.022883
48998	-0.003753	0.014802	-0.023409
48999	-0.005049	0.014970	-0.023509
49000	-0.004406	0.015600	-0.024299
49001	-0.006889	0.015809	-0.023745
49002	-0.005732	0.015318	-0.025544
49003	-0.005322	0.017236	-0.025143
49004	-0.005945	0.016480	-0.024888
49005	-0.005533	0.016212	-0.024967
49006	-0.004174	0.016621	-0.024837
49007	-0.005169	0.017004	-0.023658
49008	-0.004935	0.017350	-0.023186
49009	-0.005049	0.017477	-0.023941
49010	-0.006209	0.015521	-0.024526
49011	-0.005800	0.017438	-0.024125
49012	-0.005757	0.017736	-0.024584
49013	-0.006533	0.017508	-0.024009
49014	-0.006741	0.017809	-0.023210
49015	-0.005367	0.018111	-0.023340
49016	-0.005991	0.018719	-0.024592
49017	-0.007430	0.018135	-0.022686
49018	-0.003965	0.017646	-0.021905
49019	-0.006757	0.017634	-0.022632
49020	-0.005022	0.017475	-0.023146
49021	-0.005360	0.018211	-0.023298
49022	-0.005036	0.017936	-0.023327
49023	-0.004629	0.017666	-0.023408
49024	-0.003879	0.017678	-0.022109
49025	-0.003556	0.016583	-0.024075
49026	-0.006142	0.016737	-0.024599
49027	-0.002976	0.017430	-0.022825
49028	-0.003215	0.017599	-0.023377
49029	-0.003995	0.017369	-0.022803
49030	-0.003419	0.017196	-0.022826
49031	-0.002710	0.017141	-0.021627
49032	-0.003211	0.017105	-0.019817
49033	-0.004602	0.016443	-0.021804
49034	-0.000963	0.015924	-0.021295
49035	-0.003762	0.015911	-0.022022
49036	-0.002447	0.016185	-0.022189
49037	-0.003009	0.015343	-0.022221
49038	-0.001988	0.014674	-0.021773
49039	-0.000924	0.014760	-0.023186
49040	-0.001612	0.013952	-0.020406
49041	-0.001515	0.015652	-0.021284
49042	-0.002698	0.015140	-0.022092
49043	-0.002737	0.013903	-0.021449
49044	-0.000921	0.016132	-0.019992
49045	-0.000519	0.015861	-0.020075
49046	-0.000892	0.016693	-0.019968
49047	-0.001458	0.015850	-0.020000
49048	-0.002169	0.017194	-0.019414
49049	-0.003566	0.016531	-0.021403
49050	-0.002890	0.017149	-0.022288
49051	-0.003372	0.017129	-0.020436
49052	-0.002121	0.017497	-0.020288
49053	-0.001637	0.018048	-0.018485
49054	-0.002019	0.013962	-0.022275
49055	-0.001842	0.014294	-0.021758
49056	-0.001389	0.014794	-0.023737
49057	0.000806	0.014907	-0.021920
49058	-0.000882	0.015588	-0.021497
49059	-0.000045	0.016277	-0.022310
49060	-0.002053	0.015964	-0.022421
49061	-0.001437	0.015077	-0.023115
49062	-0.002099	0.014223	-0.023102
49063	-0.001483	0.015521	-0.023309
49064	-0.001044	0.015456	-0.021885
49065	-0.001175	0.015574	-0.022649
49066	-0.003128	0.017525	-0.024725
49067	-0.003175	0.016279	-0.024090
49068	-0.001978	0.016620	-0.023942
49069	-0.001804	0.016950	-0.023425
49070	-0.002000	0.017868	-0.022241
49071	-0.002575	0.017017	-0.022281
49072	-0.002774	0.016411	-0.023700
49073	-0.003348	0.017745	-0.023252
49074	-0.001741	0.016075	-0.022556
49075	-0.000908	0.016763	-0.023370
49076	-0.002390	0.017539	-0.022936
49077	-0.002967	0.016687	-0.022977
49078	-0.003250	0.017479	-0.023057
49079	-0.003386	0.017595	-0.023823
49080	-0.002850	0.018233	-0.024462
49081	-0.002593	0.017198	-0.022549
49082	-0.003429	0.016885	-0.023240
49083	-0.002599	0.017574	-0.024055
49084	-0.003438	0.018052	-0.025426
49085	-0.003269	0.018380	-0.024910
49086	-0.001674	0.018686	-0.025310
49087	-0.001504	0.019013	-0.024795
49088	-0.002378	0.018805	-0.026709
49089	-0.002123	0.017768	-0.024797
49090	-0.002973	0.018919	-0.025611
49091	-0.003465	0.018886	-0.023766
49092	-0.003338	0.018623	-0.023546
49093	-0.002202	0.019523	-0.023081
49094	-0.003203	0.019320	-0.022224
49095	-0.002069	0.018035	-0.022249
49096	-0.002500	0.018041	-0.020399
49097	-0.000266	0.018086	-0.022478
49098	-0.003589	0.019275	-0.021961
49099	-0.003645	0.018024	-0.021331
49100	-0.001755	0.017970	-0.020706
49101	-0.002339	0.017115	-0.020750
49102	-0.002099	0.016835	-0.020708
49103	-0.001494	0.018130	-0.020916
49104	-0.001091	0.017952	-0.020782
49105	-0.000180	0.017273	-0.020201
49106	0.000331	0.019204	-0.019892
49107	-0.002060	0.017959	-0.021843
49108	-0.002026	0.018213	-0.021417
49109	-0.002612	0.017357	-0.021462
49110	-0.002343	0.017142	-0.021289
49111	-0.003149	0.016893	-0.020726
49112	-0.003020	0.015806	-0.018835
49113	-0.002506	0.016281	-0.020933
49114	-0.001490	0.015764	-0.018997
49115	-0.002385	0.016881	-0.019830
49116	-0.002517	0.016337	-0.021132
49117	-0.001827	0.016264	-0.019945
49118	-0.001878	0.016486	-0.020570
49119	-0.001279	0.015594	-0.021273
49120	-0.001878	0.015525	-0.019449
49121	-0.003744	0.016067	-0.020234
49122	-0.001384	0.016261	-0.021043
49123	-0.002942	0.017014	-0.020547
49124	-0.002716	0.016651	-0.020728
49125	-0.003308	0.015793	-0.020775
49126	-0.005147	0.016404	-0.020400
49127	-0.003800	0.016693	-0.020545
49128	-0.004698	0.015825	-0.020279
49129	-0.004453	0.014780	-0.018373
49130	-0.003863	0.015493	-0.018900
49131	-0.000709	0.016169	-0.017139
49132	-0.003612	0.016054	-0.018060
49133	-0.002485	0.016949	-0.017597
49134	-0.002346	0.017338	-0.016923
49135	-0.004217	0.017879	-0.017709
49136	-0.003251	0.018846	-0.016901
49137	-0.001688	0.018528	-0.017655
49138	-0.003280	0.019292	-0.017139
49139	-0.003125	0.019613	-0.016628
49140	-0.003450	0.018313	-0.015850
49141	-0.003077	0.018027	-0.015947
49142	-0.003561	0.018726	-0.016066
49143	-0.004159	0.017865	-0.016116
49144	-0.005386	0.018127	-0.015029
49145	-0.003825	0.017808	-0.015784
49146	-0.003876	0.018111	-0.015134
49147	-0.003723	0.018430	-0.014623
49148	-0.001593	0.017714	-0.014782
49149	-0.003600	0.017491	-0.013566
49150	-0.003767	0.016994	-0.014732
49151	-0.003838	0.015735	-0.014110
49152	-0.003398	0.015520	-0.014139
49153	-0.002498	0.014835	-0.013565
49154	-0.000094	0.014990	-0.014538
49155	-0.000166	0.013730	-0.013916
49156	0.000601	0.014502	-0.014495
49157	-0.000531	0.014036	-0.015219
49158	-0.000788	0.014104	-0.016029
49159	-0.000638	0.014423	-0.015519
49160	-0.000636	0.014654	-0.015102
49161	-0.000798	0.014763	-0.015874
49162	-0.000357	0.013896	-0.016393
49163	-0.001928	0.014642	-0.015897
49164	-0.000453	0.012943	-0.015128
49165	-0.000086	0.012654	-0.015228
49166	-0.000934	0.011738	-0.015197
49167	-0.002070	0.011271	-0.015921
49168	-0.002148	0.011591	-0.015192
49169	-0.002313	0.011699	-0.015964
49170	-0.003429	0.011369	-0.016388
49171	-0.000903	0.011624	-0.017193
49172	-0.002687	0.012298	-0.016695
49173	-0.002853	0.012405	-0.017467
49174	-0.002590	0.012242	-0.016090
49175	-0.001255	0.012527	-0.016238
49176	-0.003098	0.011724	-0.015532
49177	-0.001981	0.012614	-0.015070
49178	-0.003195	0.012200	-0.015613
49179	-0.002391	0.012883	-0.016434
49180	-0.001492	0.012218	-0.015850
49181	-0.002320	0.011958	-0.015293
49182	-0.002102	0.011671	-0.015267
49183	-0.002401	0.011012	-0.014038
49184	-0.002590	0.011073	-0.014939
49185	-0.003420	0.010812	-0.014383
49186	-0.001605	0.010707	-0.013825
49187	-0.001251	0.008231	-0.014429
49188	-0.000750	0.009576	-0.014449
49189	-0.000833	0.008311	-0.013832
49190	-0.000475	0.008898	-0.011790
49191	-0.002280	0.008061	-0.011187
49192	-0.002117	0.007752	-0.011160
49193	-0.001004	0.008641	-0.010698
49194	0.000888	0.010059	-0.010226
49195	0.000803	0.008793	-0.009610
49196	-0.001268	0.009230	-0.010487
49197	-0.002102	0.008967	-0.009932
49198	-0.002004	0.009310	-0.009332
49199	-0.002179	0.009416	-0.010106
49200	-0.001615	0.008529	-0.010813
49201	-0.001790	0.008635	-0.011587
49202	-0.001689	0.009007	-0.010914
49203	-0.002838	0.008536	-0.011641
49204	-0.001704	0.007315	-0.011544
49205	-0.002226	0.007258	-0.009707
49206	-0.002756	0.007998	-0.009683
49207	-0.002088	0.007911	-0.008505
49208	-0.004383	0.007576	-0.007291
49209	-0.002839	0.007254	-0.008053
49210	-0.004151	0.006808	-0.008581
49211	-0.004226	0.009908	-0.006957
49212	-0.003037	0.008006	-0.007506
49213	-0.003344	0.007342	-0.006282
49214	-0.003967	0.008052	-0.006237
49215	-0.003833	0.008363	-0.005730
49216	-0.005372	0.007699	-0.003907
49217	-0.003830	0.007377	-0.004670
49218	-0.003736	0.007750	-0.003999
49219	-0.004232	0.007648	-0.006057
49220	-0.003379	0.007041	-0.005267
49221	-0.003246	0.007351	-0.004760
49222	-0.003303	0.007609	-0.004208
49223	-0.002737	0.006710	-0.004925
49224	-0.003417	0.006666	-0.002905
49225	-0.001652	0.007924	-0.003774
49226	-0.003006	0.007374	-0.004522
49227	-0.004164	0.006900	-0.005252
49228	-0.005454	0.006508	-0.004576
49229	-0.006388	0.007614	-0.005411
49230	-0.004939	0.007269	-0.006161
49231	-0.005874	0.008375	-0.006996
49232	-0.006193	0.006969	-0.007615
49233	-0.005090	0.007854	-0.007156
49234	-0.006148	0.009022	-0.007731
49235	-0.006678	0.008958	-0.005896
49236	-0.005789	0.009120	-0.007014
49237	-0.004785	0.009195	-0.008450
49238	-0.005424	0.008307	-0.008571
49239	-0.004322	0.009191	-0.008111
49240	-0.004337	0.008668	-0.009546
49241	-0.002170	0.008754	-0.007747
49242	-0.005339	0.008685	-0.008265
49243	-0.004779	0.007784	-0.008985
49244	-0.004748	0.008079	-0.008439
49245	-0.005380	0.007204	-0.008501
49246	-0.006709	0.006634	-0.009329
49247	-0.005609	0.007518	-0.008870
49248	-0.006442	0.006546	-0.009001
49249	-0.006200	0.005439	-0.011005
49250	-0.007163	0.006635	-0.011608
49251	-0.007698	0.006567	-0.009774
49252	-0.008443	0.005787	-0.009502
49253	-0.007787	0.005693	-0.008327
49254	-0.012364	0.015092	-0.012762
49255	-0.012129	0.013993	-0.014770
49256	-0.013566	0.013455	-0.015449
49257	-0.014198	0.014771	-0.015004
49258	-0.011219	0.015359	-0.013347
49259	-0.013686	0.014108	-0.015320
49260	-0.012073	0.013933	-0.014762
49261	-0.011956	0.014246	-0.014262
49262	-0.012188	0.014336	-0.015088
49263	-0.012389	0.014444	-0.015871
49264	-0.014336	0.014978	-0.016658
49265	-0.012177	0.015069	-0.014865
49266	-0.015038	0.015104	-0.015467
49267	-0.015149	0.013834	-0.014865
49268	-0.013412	0.015010	-0.015992
49269	-0.014057	0.014139	-0.016060
49270	-0.013344	0.014089	-0.014884
49271	-0.013763	0.014800	-0.015054
49272	-0.013259	0.014653	-0.013918
49273	-0.015189	0.015185	-0.014712
49274	-0.015000	0.012783	-0.015031
49275	-0.013593	0.013876	-0.013294
49276	-0.013687	0.012675	-0.012551
49277	-0.013893	0.012782	-0.013334
49278	-0.013544	0.012560	-0.012240
49279	-0.014625	0.012895	-0.011081
49280	-0.015161	0.012874	-0.009173
49281	-0.016662	0.012198	-0.011195
49282	-0.013389	0.011616	-0.010533
49283	-0.015005	0.012349	-0.010043
49284	-0.015073	0.012564	-0.009642
49285	-0.014747	0.012270	-0.009757
49286	-0.014716	0.011875	-0.009871
49287	-0.015049	0.011206	-0.008658
49288	-0.015699	0.011854	-0.008782
49289	-0.017862	0.010802	-0.009477
49290	-0.014543	0.010273	-0.008711
49291	-0.015730	0.009800	-0.009450
49292	-0.015211	0.011164	-0.009452
49293	-0.015864	0.010291	-0.009522
49294	-0.015055	0.011000	-0.010355
49295	-0.016902	0.010150	-0.009767
49296	-0.017233	0.008869	-0.008994
49297	-0.017218	0.010555	-0.009879
49298	-0.018198	0.008852	-0.011715
49299	-0.016138	0.010318	-0.011307
49300	-0.016913	0.009437	-0.011291
49301	-0.016272	0.009345	-0.010125
49302	-0.016966	0.008469	-0.010186
49303	-0.016646	0.008173	-0.010303
49304	-0.015590	0.008953	-0.011198
49305	-0.014962	0.006675	-0.010548
49306	-0.015952	0.007681	-0.011655
49307	-0.015417	0.006782	-0.012387
49308	-0.015216	0.007960	-0.009836
49309	-0.016625	0.008086	-0.009962
49310	-0.015688	0.007452	-0.009353
49311	-0.014392	0.007736	-0.009516
49312	-0.014116	0.008995	-0.009549
49313	-0.013489	0.006716	-0.008901
49314	-0.016467	0.006603	-0.009779
49315	-0.015067	0.007690	-0.008043
49316	-0.015805	0.006776	-0.008164
49317	-0.015489	0.006479	-0.008283
49318	-0.015978	0.006646	-0.008654
49319	-0.015877	0.006951	-0.008158
49320	-0.015480	0.007435	-0.010251
49321	-0.015287	0.006359	-0.008373
49322	-0.018234	0.006286	-0.009180
49323	-0.018362	0.005008	-0.008587
49324	-0.017301	0.005851	-0.008253
49325	-0.016771	0.004951	-0.008988
49326	-0.017716	0.004667	-0.008426
49327	-0.018369	0.005973	-0.007982
49328	-0.017952	0.005099	-0.008561
49329	-0.016875	0.005982	-0.008109
49330	-0.020052	0.005861	-0.008809
49331	-0.020182	0.004581	-0.008217
49332	-0.019026	0.004753	-0.008558
49333	-0.018179	0.004053	-0.008011
49334	-0.018460	0.004236	-0.008557
49335	-0.018807	0.003557	-0.007349
49336	-0.019753	0.004741	-0.008038
49337	-0.019978	0.004843	-0.008826
49338	-0.019178	0.004217	-0.006981
49339	-0.018425	0.004899	-0.007814
49340	-0.019529	0.004567	-0.007218
49341	-0.020293	0.005069	-0.008674
49342	-0.020362	0.005252	-0.009432
49343	-0.020589	0.005353	-0.010221
49344	-0.020257	0.005049	-0.010401
49345	-0.019184	0.005931	-0.009950
49346	-0.017728	0.007039	-0.008229
49347	-0.018279	0.006940	-0.010302
49348	-0.018126	0.005856	-0.008424
49349	-0.017818	0.005555	-0.008546
49350	-0.017920	0.005785	-0.008066
49351	-0.019023	0.006106	-0.006912
49352	-0.018146	0.006910	-0.006490
49353	-0.016874	0.005006	-0.007179
49354	-0.016712	0.006824	-0.006813
49355	-0.016849	0.005541	-0.006225
49356	-0.018865	0.006199	-0.006642
49357	-0.019312	0.006899	-0.006815
49358	-0.020508	0.006533	-0.006215
49359	-0.019667	0.005830	-0.005671
49360	-0.020280	0.004972	-0.005773
49361	-0.020943	0.006273	-0.005329
49362	-0.021877	0.004550	-0.007286
49363	-0.021789	0.004849	-0.006793
49364	-0.022446	0.005465	-0.006999
49365	-0.022681	0.005563	-0.007790
49366	-0.023658	0.005290	-0.007167
49367	-0.023356	0.004988	-0.007291
49368	-0.022891	0.004142	-0.007859
49369	-0.021823	0.005021	-0.007410
49370	-0.023352	0.002969	-0.007969
49371	-0.023037	0.004850	-0.007570
49372	-0.022039	0.003570	-0.007547
49373	-0.021953	0.003868	-0.007055
49374	-0.022791	0.002897	-0.007225
49375	-0.023029	0.002995	-0.008016
49376	-0.021211	0.002830	-0.007651
49377	-0.021679	0.001344	-0.008350
49378	-0.019981	0.001231	-0.007732
49379	-0.018164	0.001107	-0.007235
49380	-0.019933	0.001858	-0.006564
49381	-0.019635	0.001554	-0.006689
49382	-0.020034	0.002287	-0.006855
49383	-0.018755	0.002565	-0.007024
49384	-0.019336	0.003241	-0.007153
49385	-0.019148	0.002138	-0.009181
49386	-0.019803	0.002089	-0.007205
49387	-0.020797	0.003188	-0.008046
49388	-0.020851	0.000609	-0.008619
49389	-0.020555	0.000304	-0.008746
49390	-0.019747	-0.000395	-0.008185
49391	-0.020529	0.000103	-0.009644
49392	-0.020625	0.000356	-0.009107
49393	-0.021527	0.000068	-0.008572
49394	-0.018901	0.000450	-0.009268
49395	-0.019051	-0.000840	-0.008686
49396	-0.019763	-0.000225	-0.009939
49397	-0.019145	-0.000333	-0.008782
49398	-0.019398	-0.000307	-0.009770
49399	-0.017799	0.000167	-0.008656
49400	-0.018374	0.000903	-0.008639
49401	-0.020584	-0.000167	-0.009347
49402	-0.018853	0.001158	-0.008999
49403	-0.019006	-0.000134	-0.008418
49404	-0.019715	0.001173	-0.007934
49405	-0.018442	0.001449	-0.008105
49406	-0.018630	0.002420	-0.006768
49407	-0.018878	0.002515	-0.007562
49408	-0.018346	0.001632	-0.008302
49409	-0.017716	0.003705	-0.006617
49410	-0.018875	0.003301	-0.007252
49411	-0.017065	0.003174	-0.006757
49412	-0.019525	0.002708	-0.006825
49413	-0.019451	0.003000	-0.006336
49414	-0.018801	0.002971	-0.005033
49415	-0.018941	0.003861	-0.003924
49416	-0.021273	0.003422	-0.004053
49417	-0.019790	0.003098	-0.004844
49418	-0.018986	0.003829	-0.005639
49419	-0.018262	0.004514	-0.002580
49420	-0.020310	0.005048	-0.003288
49421	-0.019485	0.004337	-0.002753
49422	-0.020023	0.004247	-0.003759
49423	-0.020394	0.003552	-0.002563
49424	-0.019098	0.003969	-0.001315
49425	-0.020009	0.003676	-0.000784
49426	-0.021832	0.002852	-0.000174
49427	-0.021104	0.003529	-0.001012
49428	-0.020958	0.003904	-0.000404
49429	-0.022197	0.003414	-0.001158
49430	-0.022488	0.004267	-0.000019
49431	-0.022418	0.004556	0.000469
49432	-0.022394	0.005672	-0.000803
49433	-0.023966	0.004990	0.001054
49434	-0.022007	0.006459	0.001543
49435	-0.023906	0.005581	0.002116
49436	-0.022577	0.005793	0.001697
49437	-0.022065	0.007067	0.001477
49438	-0.021145	0.006477	0.002201
49439	-0.020324	0.005764	0.002734
49440	-0.020171	0.006066	0.003147
49441	-0.021088	0.005770	0.003677
49442	-0.021065	0.006071	0.004217
49443	-0.022735	0.006777	0.004701
49444	-0.023270	0.006010	0.005856
49445	-0.022991	0.005699	0.005723
49446	-0.022232	0.006332	0.004713
49447	-0.021953	0.006021	0.004580
49448	-0.020735	0.007743	0.004221
49449	-0.022311	0.007058	0.006076
49450	-0.021107	0.006476	0.003761
49451	-0.019075	0.007931	0.004164
49452	-0.020709	0.006563	0.005432
49453	-0.019661	0.007434	0.005877
49454	-0.022904	0.014148	-0.003623
49455	-0.023498	0.014051	-0.001819
49456	-0.024383	0.013769	-0.001321
49457	-0.024419	0.015451	-0.002215
49458	-0.021443	0.016086	-0.000428
49459	-0.024432	0.016016	-0.001197
49460	-0.023040	0.015724	-0.001873
49461	-0.022226	0.015013	-0.001352
49462	-0.023840	0.015022	-0.001637
49463	-0.023123	0.015702	-0.002487
49464	-0.022432	0.015564	-0.001511
49465	-0.024439	0.016077	-0.002322
49466	-0.022754	0.015971	-0.001710
49467	-0.020725	0.017430	-0.001317
49468	-0.022438	0.017413	-0.001581
49469	-0.022380	0.017703	-0.001105
49470	-0.022102	0.017397	-0.001268
49471	-0.021059	0.018271	-0.000834
49472	-0.021064	0.018573	-0.000294
49473	-0.022649	0.017889	-0.002346
49474	-0.020462	0.019416	-0.001934
49475	-0.021719	0.018927	-0.002702
49476	-0.021836	0.019192	-0.002149
49477	-0.022224	0.018492	-0.000968
49478	-0.021950	0.018184	-0.001133
49479	-0.021238	0.018863	-0.001984
49480	-0.020973	0.019310	-0.000222
49481	-0.021015	0.020991	-0.001115
49482	-0.020504	0.018553	-0.001921
49483	-0.018477	0.020010	-0.001528
49484	-0.018421	0.020378	-0.000868
49485	-0.019352	0.020081	-0.000352
49486	-0.020796	0.020197	-0.000521
49487	-0.021072	0.020291	-0.001331
49488	-0.020538	0.020155	-0.000207
49489	-0.019306	0.018246	-0.000933
49490	-0.019025	0.020092	-0.000629
49491	-0.020289	0.019600	-0.001399
49492	-0.020233	0.019938	-0.000810
49493	-0.020181	0.020224	-0.000336
49494	-0.020403	0.020275	-0.001320
49495	-0.019907	0.021551	-0.001550
49496	-0.019826	0.021181	-0.001699
49497	-0.020954	0.023662	-0.000023
49498	-0.019476	0.021965	0.000652
49499	-0.022483	0.021888	-0.000120
49500	-0.020671	0.022526	-0.001644
49501	-0.021820	0.022823	-0.000508
49502	-0.023626	0.022846	-0.000580
49503	-0.023577	0.023131	-0.000107
49504	-0.021554	0.023774	-0.001805
49505	-0.021407	0.022665	0.000036
49506	-0.022102	0.022594	-0.001935
49507	-0.020736	0.023657	-0.000217
49508	-0.021212	0.022222	-0.000844
49509	-0.021164	0.022506	-0.000371
49510	-0.021985	0.021579	-0.000488
49511	-0.021607	0.022055	0.001270
49512	-0.022575	0.022559	-0.000075
49513	-0.022430	0.021448	0.001765
49514	-0.022199	0.023356	0.002273
49515	-0.023472	0.022861	0.001500
49516	-0.023572	0.023783	0.002627
49517	-0.023315	0.023470	0.002477
49518	-0.024117	0.024058	0.002292
49519	-0.023105	0.022744	0.002182
49520	-0.022913	0.023134	0.003872
49521	-0.024519	0.022447	0.001814
49522	-0.025990	0.021882	0.001028
49523	-0.023972	0.023336	0.001420
49524	-0.023874	0.022895	0.001068
49525	-0.023619	0.022581	0.000917
49526	-0.024871	0.022067	0.000052
49527	-0.024617	0.021752	-0.000100
49528	-0.024747	0.021225	-0.001556
49529	-0.025460	0.022508	-0.001125
49530	-0.025265	0.020097	-0.001574
49531	-0.022161	0.020741	0.000142
49532	-0.022170	0.021058	0.000734
49533	-0.022785	0.020944	0.002530
49534	-0.021371	0.021246	0.002234
49535	-0.021331	0.021527	0.002705
49536	-0.022685	0.020419	0.001516
49537	-0.020993	0.021668	0.004518
49538	-0.020739	0.023548	0.004946
49539	-0.023342	0.022273	0.002925
49540	-0.022186	0.022539	0.002782
49541	-0.022692	0.023223	0.002590
49542	-0.022397	0.022934	0.002456
49543	-0.022903	0.023618	0.002264
49544	-0.022766	0.025488	0.002773
49545	-0.022207	0.023179	0.003361
49546	-0.021790	0.025031	0.003563
49547	-0.023074	0.024533	0.002786
49548	-0.022941	0.024802	0.003131
49549	-0.022693	0.024485	0.002976
49550	-0.021815	0.025385	0.003611
49551	-0.022768	0.025077	0.004120
49552	-0.022373	0.024835	0.005110
49553	-0.024416	0.025336	0.004295
49554	-0.025941	0.024759	0.003520
49555	-0.025907	0.025037	0.003989
49556	-0.025324	0.024218	0.004424
49557	-0.025834	0.024901	0.004231
49558	-0.025718	0.024589	0.004191
49559	-0.025262	0.023675	0.003411
49560	-0.023843	0.023342	0.002577
49561	-0.026544	0.023445	0.003086
49562	-0.026338	0.023966	0.002265
49563	-0.028051	0.024656	0.002735
49564	-0.025671	0.023539	0.003422
49565	-0.025195	0.024808	0.003189
49566	-0.023917	0.025108	0.003020
49567	-0.024876	0.024797	0.003527
49568	-0.026581	0.025541	0.004110
49569	-0.025373	0.023627	0.003366
49570	-0.026551	0.024588	0.002287
49571	-0.026287	0.026451	0.002678
49572	-0.025462	0.025076	0.002557
49573	-0.025978	0.025757	0.002363
49574	-0.025965	0.025387	0.002271
49575	-0.025936	0.025662	0.002738
49576	-0.026787	0.024765	0.002727
49577	-0.025114	0.026026	0.001831
49578	-0.024738	0.024984	0.000773
49579	-0.026457	0.025671	0.001242
49580	-0.025846	0.026393	0.000563
49581	-0.025164	0.027066	-0.000295
49582	-0.024758	0.026930	0.000960
49583	-0.025066	0.027014	0.000141
49584	-0.024457	0.026914	0.001299
49585	-0.023440	0.027776	0.001727
49586	-0.024759	0.027256	0.000912
49587	-0.024078	0.027929	0.000053
49588	-0.025767	0.027989	-0.000034
49589	-0.025531	0.027667	-0.000193
49590	-0.025606	0.027983	0.000460
49591	-0.025917	0.028067	-0.000360
49592	-0.027676	0.028807	0.000276
49593	-0.024915	0.029256	0.000700
49594	-0.026690	0.029947	0.001220
49595	-0.024498	0.028619	0.000433
49596	-0.028354	0.029526	-0.000349
49597	-0.028331	0.029798	0.000116
49598	-0.027458	0.030637	0.000603
49599	-0.027772	0.030720	-0.000218
49600	-0.029173	0.030308	-0.000688
49601	-0.028160	0.031168	-0.000261
49602	-0.027610	0.031870	-0.000937
49603	-0.028917	0.031364	-0.001720
49604	-0.027221	0.031190	-0.001287
49605	-0.028192	0.030871	-0.000783
49606	-0.027963	0.030492	-0.001102
49607	-0.029037	0.031575	-0.001958
49608	-0.030769	0.031593	-0.002112
49609	-0.028683	0.031665	-0.004262
49610	-0.029216	0.031590	-0.002440
49611	-0.027449	0.031449	-0.001980
49612	-0.028960	0.031502	-0.002245
49613	-0.028942	0.031771	-0.001781
49614	-0.028602	0.031526	-0.001855
49615	-0.028375	0.031202	-0.002017
49616	-0.029775	0.031355	-0.001012
49617	-0.027692	0.031428	-0.003163
49618	-0.028930	0.030937	-0.003987
49619	-0.030008	0.032018	-0.004844
49620	-0.029580	0.031857	-0.003665
49621	-0.028362	0.032120	-0.003866
49622	-0.029687	0.031626	-0.004615
49623	-0.029017	0.032296	-0.005477
49624	-0.027806	0.033262	-0.004975
49625	-0.030533	0.033350	-0.004470
49626	-0.028142	0.033600	-0.005353
49627	-0.031207	0.033501	-0.006134
49628	-0.029432	0.033444	-0.005486
49629	-0.028216	0.033707	-0.005687
49630	-0.028563	0.033776	-0.006531
49631	-0.029543	0.033453	-0.006030
49632	-0.031836	0.033150	-0.004736
49633	-0.028662	0.032410	-0.005569
49634	-0.030688	0.031420	-0.005188
49635	-0.028690	0.032866	-0.004801
49636	-0.029191	0.032892	-0.005618
49637	-0.029415	0.031568	-0.005085
49638	-0.029447	0.031840	-0.004576
49639	-0.029984	0.032512	-0.004774
49640	-0.028997	0.032759	-0.004824
49641	-0.029325	0.032838	-0.005648
49642	-0.028885	0.031947	-0.006390
49643	-0.027780	0.031398	-0.004609
49644	-0.028637	0.031077	-0.004230
49645	-0.028628	0.031342	-0.003768
49646	-0.027901	0.030649	-0.003147
49647	-0.028886	0.030323	-0.002648
49648	-0.028174	0.031025	-0.003483
49649	-0.029814	0.030294	-0.001660
49650	-0.029199	0.030973	-0.002473
49651	-0.025689	0.030418	-0.002022
49652	-0.027268	0.030560	-0.002000
49653	-0.027052	0.030231	-0.002167
49654	-0.025415	0.019303	0.001760
49655	-0.025957	0.019963	0.001562
49656	-0.026808	0.019715	0.002131
49657	-0.027796	0.019376	0.002629
49658	-0.027185	0.019962	0.001616
49659	-0.026761	0.019028	0.000822
49660	-0.027786	0.020243	0.001416
49661	-0.027572	0.019902	0.001250
49662	-0.028142	0.019139	0.002477
49663	-0.027928	0.018798	0.002310
49664	-0.028326	0.018032	0.003358
49665	-0.029996	0.017322	0.001282
49666	-0.028667	0.016854	0.003049
49667	-0.027591	0.016326	0.000930
49668	-0.028444	0.016054	0.001440
49669	-0.028990	0.016711	0.001242
49670	-0.029184	0.016842	0.000417
49671	-0.030177	0.016501	0.000914
49672	-0.030888	0.015595	0.000755
49673	-0.028794	0.015621	0.002496
49674	-0.029089	0.018658	0.004275
49675	-0.031758	0.017356	0.002234
49676	-0.029155	0.018475	0.003435
49677	-0.029392	0.017133	0.003962
49678	-0.029348	0.017370	0.004322
49679	-0.029139	0.017027	0.004153
49680	-0.029376	0.017247	0.004762
49681	-0.029481	0.018902	0.003868
49682	-0.028455	0.018284	0.005567
49683	-0.027802	0.018939	0.004703
49684	-0.028439	0.018119	0.004689
49685	-0.028441	0.018367	0.005148
49686	-0.029243	0.018083	0.005572
49687	-0.029245	0.018331	0.006031
49688	-0.029056	0.019524	0.004728
49689	-0.030710	0.018772	0.006547
49690	-0.029948	0.019423	0.005540
49691	-0.027544	0.019671	0.004669
49692	-0.029122	0.019800	0.004682
49693	-0.029126	0.020047	0.005141
49694	-0.028808	0.019731	0.004907
49695	-0.029362	0.020386	0.004707
49696	-0.029259	0.020032	0.004594
49697	-0.027169	0.020054	0.006332
49698	-0.030033	0.018712	0.004360
49699	-0.026948	0.019326	0.006062
49700	-0.027510	0.017829	0.005331
49701	-0.028066	0.018482	0.005131
49702	-0.028757	0.019093	0.004934
49703	-0.027559	0.019339	0.004727
49704	-0.027145	0.019129	0.005834
49705	-0.028832	0.018416	0.003753
49706	-0.027867	0.017825	0.005585
49707	-0.027459	0.016887	0.004784
49708	-0.026630	0.017673	0.005217
49709	-0.026981	0.017735	0.004387
49710	-0.026681	0.017419	0.004168
49711	-0.027449	0.018663	0.004597
49712	-0.026580	0.018668	0.002920
49713	-0.029342	0.018726	0.003420
49714	-0.026120	0.019406	0.005130
49715	-0.027231	0.020466	0.004271
49716	-0.027025	0.019437	0.003418
49717	-0.026590	0.020681	0.003181
49718	-0.025959	0.019835	0.002362
49719	-0.026313	0.019896	0.001531
49720	-0.025337	0.019969	-0.000088
49721	-0.022834	0.018807	0.000388
49722	-0.026102	0.018655	-0.000322
49723	-0.024359	0.018491	0.000126
49724	-0.023092	0.018839	0.000083
49725	-0.023105	0.019081	0.000539
49726	-0.024561	0.018565	-0.000128
49727	-0.024575	0.018807	0.000328
49728	-0.023119	0.019210	0.001406
49729	-0.022822	0.019681	-0.000749
49730	-0.024261	0.019094	-0.001616
49731	-0.022281	0.020521	-0.001232
49732	-0.023056	0.021738	-0.000883
49733	-0.022864	0.021388	-0.001058
49734	-0.022465	0.022600	-0.001365
49735	-0.023821	0.022066	-0.002162
49736	-0.023285	0.022703	-0.002979
49737	-0.025640	0.021576	-0.003741
49738	-0.023685	0.020195	-0.004461
49739	-0.024356	0.020023	-0.002683
49740	-0.024221	0.019601	-0.003004
49741	-0.024685	0.018839	-0.001857
49742	-0.023940	0.017401	-0.002045
49743	-0.023751	0.017050	-0.002221
49744	-0.024288	0.018459	-0.000445
49745	-0.026408	0.018922	-0.001269
49746	-0.025671	0.019635	-0.002109
49747	-0.025929	0.018281	-0.001593
49748	-0.024328	0.019374	-0.002870
49749	-0.024140	0.019023	-0.003047
49750	-0.024523	0.019045	-0.003972
49751	-0.024888	0.019102	-0.004806
49752	-0.025936	0.019579	-0.006155
49753	-0.023854	0.019592	-0.004423
49754	-0.024456	0.019468	-0.002610
49755	-0.024478	0.019706	-0.002157
49756	-0.025910	0.019204	-0.002819
49757	-0.024726	0.019445	-0.003032
49758	-0.024685	0.018996	-0.003333
49759	-0.024707	0.019232	-0.002880
49760	-0.025399	0.019106	-0.000980
49761	-0.027526	0.019567	-0.001805
49762	-0.026601	0.018921	-0.004138
49763	-0.025105	0.017160	-0.003635
49764	-0.026060	0.018348	-0.003176
49765	-0.025877	0.017994	-0.003355
49766	-0.026640	0.018632	-0.003406
49767	-0.026905	0.017275	-0.002894
49768	-0.027383	0.017298	-0.003724
49769	-0.028169	0.018531	-0.003297
49770	-0.028260	0.018711	-0.002936
49771	-0.026113	0.017364	-0.003758
49772	-0.027819	0.018024	-0.003343
49773	-0.027639	0.017669	-0.003523
49774	-0.027230	0.017355	-0.003854
49775	-0.028257	0.016995	-0.003368
49776	-0.028233	0.017245	-0.002950
49777	-0.028606	0.017299	-0.003787
49778	-0.028691	0.017595	-0.003138
49779	-0.028719	0.017829	-0.002687
49780	-0.028977	0.018629	-0.001666
49781	-0.028799	0.018273	-0.001847
49782	-0.029803	0.017972	-0.001252
49783	-0.028833	0.018800	-0.000835
49784	-0.027398	0.018495	-0.001642
49785	-0.027775	0.018549	-0.002479
49786	-0.027972	0.018703	-0.002082
49787	-0.028003	0.018936	-0.001631
49788	-0.027179	0.017497	-0.001915
49789	-0.026003	0.017735	-0.002131
49790	-0.027336	0.017211	-0.002958
49791	-0.026608	0.016445	-0.002485
49792	-0.028538	0.017047	-0.001994
49793	-0.029158	0.015506	-0.002775
49794	-0.026896	0.015792	-0.003449
49795	-0.027170	0.014430	-0.002942
49796	-0.028117	0.015661	-0.002373
49797	-0.027704	0.016897	-0.002612
49798	-0.027539	0.016537	-0.002815
49799	-0.027920	0.016590	-0.003654
49800	-0.025321	0.017030	-0.003094
49801	-0.026357	0.016666	-0.002610
49802	-0.027845	0.016062	-0.003482
49803	-0.026119	0.015890	-0.003044
49804	-0.027503	0.015365	-0.003817
49805	-0.027127	0.014419	-0.004634
49806	-0.027765	0.015021	-0.004910
49807	-0.027595	0.014662	-0.005094
49808	-0.027735	0.014836	-0.004703
49809	-0.026771	0.015661	-0.004288
49810	-0.028295	0.013535	-0.005136
49811	-0.030095	0.014166	-0.004676
49812	-0.029314	0.014987	-0.004102
49813	-0.028145	0.015224	-0.004321
49814	-0.027779	0.014872	-0.004711
49815	-0.027960	0.014334	-0.006184
49816	-0.027753	0.013972	-0.006441
49817	-0.030969	0.015183	-0.004680
49818	-0.028496	0.015416	-0.005718
49819	-0.028537	0.015644	-0.005270
49820	-0.027564	0.013622	-0.006119
49821	-0.028159	0.014260	-0.006326
49822	-0.027585	0.014899	-0.007199
49823	-0.027627	0.015126	-0.006752
49824	-0.028624	0.014150	-0.006810
49825	-0.027252	0.013797	-0.007664
49826	-0.027135	0.014030	-0.007389
49827	-0.028940	0.014658	-0.006929
49828	-0.027616	0.015018	-0.005823
49829	-0.028357	0.014889	-0.007953
49830	-0.028533	0.015052	-0.007554
49831	-0.027816	0.014280	-0.007086
49832	-0.026385	0.014624	-0.006131
49833	-0.027020	0.013078	-0.006919
49834	-0.027279	0.013320	-0.006230
49835	-0.029087	0.013947	-0.005771
49836	-0.027814	0.013385	-0.004160
49837	-0.027654	0.013023	-0.004348
49838	-0.027702	0.012579	-0.004555
49839	-0.028304	0.013215	-0.004763
49840	-0.026103	0.014108	-0.004910
49841	-0.027153	0.013736	-0.004431
49842	-0.027160	0.013893	-0.004220
49843	-0.026965	0.015712	-0.003828
49844	-0.025574	0.013869	-0.003461
49845	-0.026177	0.014504	-0.003670
49846	-0.026781	0.015247	-0.003618
49847	-0.026830	0.015471	-0.003173
49848	-0.027450	0.013934	-0.003979
49849	-0.025143	0.015527	-0.002311
49850	-0.026937	0.016129	-0.001950
49851	-0.024811	0.014778	-0.002788
49852	-0.028016	0.014667	-0.003465
49853	-0.028066	0.014890	-0.003020
49854	-0.029228	0.019166	-0.001867
49855	-0.029075	0.018806	-0.002055
49856	-0.028650	0.018694	-0.000698
49857	-0.027699	0.019518	-0.000284
49858	-0.029148	0.018961	-0.001097
49859	-0.026783	0.019209	-0.001986
49860	-0.027464	0.020446	-0.001678
49861	-0.027868	0.020497	-0.002521
49862	-0.026484	0.020895	-0.001382
49863	-0.026538	0.021121	-0.000936
49864	-0.027249	0.021779	-0.001004
49865	-0.026953	0.022180	0.000731
49866	-0.025171	0.023498	0.000996
49867	-0.027937	0.022178	-0.001071
49868	-0.026290	0.022113	-0.000298
49869	-0.026793	0.021330	0.000833
49870	-0.026623	0.021050	0.000822
49871	-0.027235	0.021686	0.000614
49872	-0.028889	0.021762	0.000558
49873	-0.025765	0.021012	-0.000314
49874	-0.027238	0.018873	-0.001265
49875	-0.027053	0.020693	-0.000871
49876	-0.026453	0.019830	-0.000558
49877	-0.026306	0.019467	-0.000749
49878	-0.026335	0.019780	-0.000115
49879	-0.026189	0.019417	-0.000306
49880	-0.026505	0.018068	0.000248
49881	-0.024907	0.019312	-0.000661
49882	-0.026491	0.018716	-0.001442
49883	-0.025898	0.019362	-0.002319
49884	-0.026179	0.020110	-0.001400
49885	-0.025477	0.019336	-0.000939
49886	-0.025740	0.019444	-0.000607
49887	-0.026154	0.019492	-0.001452
49888	-0.025699	0.019288	-0.000371
49889	-0.023693	0.019360	-0.002552
49890	-0.024469	0.019128	-0.000821
49891	-0.023468	0.018602	-0.002970
49892	-0.024159	0.019925	-0.001234
49893	-0.025022	0.018963	-0.001395
49894	-0.024951	0.019282	-0.000845
49895	-0.025572	0.019915	-0.001054
49896	-0.026678	0.019549	-0.000529
49897	-0.025084	0.020793	-0.001438
49898	-0.024700	0.022595	-0.001309
49899	-0.026366	0.020447	-0.002076
49900	-0.025932	0.021093	-0.002811
49901	-0.025140	0.021153	-0.004325
49902	-0.024002	0.022080	-0.003844
49903	-0.023619	0.023311	-0.004086
49904	-0.023323	0.022374	-0.004847
49905	-0.025754	0.021222	-0.005631
49906	-0.022781	0.021768	-0.003998
49907	-0.024207	0.021215	-0.004813
49908	-0.024336	0.021365	-0.004509
49909	-0.024757	0.021411	-0.005356
49910	-0.024721	0.021661	-0.004955
49911	-0.024584	0.021294	-0.005150
49912	-0.024240	0.022591	-0.005193
49913	-0.022186	0.022584	-0.003478
49914	-0.022988	0.022357	-0.001701
49915	-0.024173	0.023400	-0.002565
49916	-0.024237	0.022880	-0.004173
49917	-0.023300	0.023697	-0.003763
49918	-0.023117	0.023425	-0.003770
49919	-0.024193	0.023044	-0.003298
49920	-0.024535	0.021603	-0.002964
49921	-0.021830	0.022021	-0.002571
49922	-0.023604	0.022631	-0.002213
49923	-0.022614	0.022105	-0.004368
49924	-0.022691	0.021743	-0.004350
49925	-0.023415	0.021533	-0.002589
49926	-0.023967	0.022208	-0.002773
49927	-0.022474	0.022612	-0.001711
49928	-0.021906	0.022590	-0.003241
49929	-0.022742	0.023803	-0.002815
49930	-0.021522	0.023167	-0.001341
49931	-0.022306	0.023039	-0.003480
49932	-0.021789	0.023784	-0.004040
49933	-0.021304	0.023587	-0.002948
49934	-0.022860	0.022943	-0.003893
49935	-0.022172	0.022162	-0.003439
49936	-0.020479	0.022864	-0.004789
49937	-0.022214	0.022051	-0.002998
49938	-0.023486	0.021534	-0.003900
49939	-0.022199	0.022520	-0.002202
49940	-0.021154	0.022023	-0.004361
49941	-0.020467	0.021240	-0.003907
49942	-0.020837	0.021276	-0.004856
49943	-0.020914	0.021490	-0.004417
49944	-0.019746	0.021056	-0.005339
49945	-0.022603	0.021067	-0.004852
49946	-0.022742	0.019740	-0.004422
49947	-0.020397	0.019985	-0.005321
49948	-0.022164	0.019949	-0.005563
49949	-0.023047	0.018977	-0.005732
49950	-0.022700	0.018734	-0.004636
49951	-0.021568	0.018963	-0.004866
49952	-0.019881	0.018852	-0.004261
49953	-0.021682	0.018122	-0.006372
49954	-0.021268	0.018765	-0.007100
49955	-0.021348	0.018978	-0.006661
49956	-0.021769	0.017458	-0.006461
49957	-0.022656	0.016485	-0.006631
49958	-0.022257	0.017705	-0.006939
49959	-0.022941	0.016148	-0.007748
49960	-0.023868	0.015837	-0.007254
49961	-0.024714	0.017045	-0.006829
49962	-0.021705	0.017621	-0.005146
49963	-0.022747	0.015893	-0.007245
49964	-0.022972	0.016042	-0.006844
49965	-0.021395	0.017283	-0.007757
49966	-0.020768	0.016461	-0.007364
49967	-0.021301	0.015658	-0.006245
49968	-0.022100	0.016284	-0.006307
49969	-0.022542	0.016323	-0.007160
49970	-0.019654	0.016864	-0.005445
49971	-0.021757	0.015872	-0.004948
49972	-0.022373	0.016426	-0.005395
49973	-0.021247	0.016653	-0.005627
49974	-0.020792	0.015797	-0.005150
49975	-0.020115	0.015009	-0.004701
49976	-0.019948	0.015520	-0.006737
49977	-0.022411	0.014357	-0.007530
49978	-0.021939	0.015048	-0.008195
49979	-0.022679	0.014825	-0.006439
49980	-0.019966	0.015274	-0.005994
49981	-0.021064	0.014881	-0.005527
49982	-0.020933	0.014512	-0.005745
49983	-0.021225	0.015303	-0.004670
49984	-0.020952	0.015630	-0.003103
49985	-0.021400	0.015668	-0.003958
49986	-0.022015	0.015623	-0.006078
49987	-0.020737	0.016602	-0.004382
49988	-0.019601	0.015396	-0.003207
49989	-0.019489	0.015020	-0.003411
49990	-0.021029	0.014460	-0.004155
49991	-0.022131	0.014065	-0.003690
49992	-0.022456	0.012710	-0.003147
49993	-0.022660	0.014345	-0.004042
49994	-0.023130	0.012916	-0.003546
49995	-0.023223	0.013122	-0.003111
49996	-0.024518	0.014081	-0.004109
49997	-0.024408	0.013704	-0.004314
49998	-0.024705	0.013805	-0.003962
49999	-0.024799	0.014011	-0.003528
50000	-0.024449	0.013790	-0.002370
50001	-0.025150	0.012228	-0.003187
50002	-0.024774	0.012864	-0.003906
50003	-0.026645	0.013463	-0.003452
50004	-0.026174	0.013336	-0.002168
50005	-0.026270	0.013541	-0.001734
50006	-0.026587	0.014426	-0.000390
50007	-0.024706	0.013654	-0.000616
50008	-0.024352	0.014870	-0.000890
50009	-0.025055	0.013308	-0.001707
50010	-0.025287	0.013417	-0.001402
50011	-0.024733	0.014055	-0.002288
50012	-0.025824	0.013046	-0.002362
50013	-0.025923	0.013249	-0.001929
50014	-0.026136	0.013460	-0.001372
50015	-0.026392	0.012913	-0.002869
50016	-0.025447	0.013780	-0.002348
50017	-0.024535	0.014585	-0.001944
50018	-0.026305	0.013715	-0.001481
50019	-0.023977	0.013958	-0.002387
50020	-0.025332	0.014161	-0.001195
50021	-0.024871	0.013950	-0.000113
50022	-0.024303	0.013151	0.000401
50023	-0.023392	0.013956	0.000804
50024	-0.025748	0.012804	-0.000090
50025	-0.024838	0.013608	0.000313
50026	-0.025100	0.012289	0.000886
50027	-0.024551	0.012925	-0.000000
50028	-0.024398	0.012588	-0.000161
50029	-0.024299	0.012208	-0.000370
50030	-0.022145	0.013061	-0.000607
50031	-0.023463	0.013241	0.000495
50032	-0.024322	0.013121	-0.001592
50033	-0.025439	0.012719	-0.001131
50034	-0.023644	0.014088	-0.000739
50035	-0.023996	0.012689	-0.000271
50036	-0.024581	0.013386	-0.000367
50037	-0.024485	0.013004	-0.000576
50038	-0.023997	0.012049	-0.001616
50039	-0.024103	0.012249	-0.001185
50040	-0.024368	0.012372	-0.000808
50041	-0.025083	0.010805	-0.001631
50042	-0.025361	0.010904	-0.001305
50043	-0.026594	0.011932	-0.002172
50044	-0.024189	0.013000	-0.000876
50045	-0.025310	0.012596	-0.000416
50046	-0.025254	0.012259	-0.000478
50047	-0.025363	0.012457	-0.000047
50048	-0.024051	0.012178	-0.000725
50049	-0.025173	0.011773	-0.000266
50050	-0.025990	0.011594	0.001688
50051	-0.027227	0.012621	0.000821
50052	-0.026172	0.012902	0.000783
50053	-0.026644	0.012933	-0.000077
50054	-0.030960	0.019604	-0.001850
50055	-0.030874	0.019227	-0.002062
50056	-0.029850	0.019496	-0.002127
50057	-0.030329	0.019534	-0.002987
50058	-0.031753	0.019060	-0.003647
50059	-0.031870	0.019264	-0.003217
50060	-0.031306	0.019913	-0.004119
50061	-0.031988	0.020531	-0.004338
50062	-0.031772	0.019495	-0.005337
50063	-0.033669	0.020090	-0.004886
50064	-0.035870	0.019735	-0.003723
50065	-0.034975	0.020542	-0.003322
50066	-0.034466	0.021171	-0.004231
50067	-0.036365	0.021765	-0.003780
50068	-0.034044	0.022068	-0.004563
50069	-0.033962	0.021689	-0.004777
50070	-0.033358	0.020808	-0.004542
50071	-0.033478	0.021010	-0.004113
50072	-0.035338	0.020991	-0.004243
50073	-0.032665	0.021405	-0.003865
50074	-0.034465	0.019271	-0.004531
50075	-0.034338	0.021072	-0.004136
50076	-0.033838	0.020903	-0.002999
50077	-0.033759	0.020524	-0.003214
50078	-0.033417	0.019576	-0.004108
50079	-0.033540	0.019777	-0.003680
50080	-0.031427	0.019985	-0.004519
50081	-0.032566	0.019581	-0.004064
50082	-0.034660	0.018615	-0.003530
50083	-0.031624	0.019194	-0.001862
50084	-0.032453	0.019787	-0.002015
50085	-0.033229	0.019548	-0.000269
50086	-0.034016	0.018661	-0.000345
50087	-0.033375	0.017866	0.000088
50088	-0.033357	0.019625	0.000468
50089	-0.035226	0.018889	-0.001659
50090	-0.035005	0.020792	-0.001088
50091	-0.033350	0.020601	-0.000684
50092	-0.036274	0.019911	-0.000914
50093	-0.035951	0.021130	-0.001162
50094	-0.036531	0.021083	-0.002160
50095	-0.035643	0.021887	-0.001761
50096	-0.035136	0.022542	-0.002600
50097	-0.036280	0.022135	-0.002146
50098	-0.036546	0.022337	-0.001579
50099	-0.038457	0.022925	-0.001130
50100	-0.037387	0.021664	-0.000058
50101	-0.036501	0.022467	0.000341
50102	-0.037078	0.022446	-0.000594
50103	-0.037008	0.022063	-0.000812
50104	-0.036883	0.022387	0.000907
50105	-0.036728	0.022861	-0.001277
50106	-0.035838	0.022189	0.000444
50107	-0.037351	0.021616	-0.000394
50108	-0.037168	0.022164	-0.001208
50109	-0.037750	0.021339	-0.000108
50110	-0.039359	0.020778	-0.000833
50111	-0.039291	0.020395	-0.001052
50112	-0.039737	0.020459	-0.001890
50113	-0.040237	0.020491	-0.002756
50114	-0.041789	0.019919	-0.003566
50115	-0.040140	0.019725	-0.003166
50116	-0.039711	0.020378	-0.003939
50117	-0.040412	0.020989	-0.004161
50118	-0.039188	0.020587	-0.005115
50119	-0.039123	0.020202	-0.005335
50120	-0.039657	0.020296	-0.006009
50121	-0.037243	0.019106	-0.005606
50122	-0.038585	0.020134	-0.006399
50123	-0.039372	0.019886	-0.004657
50124	-0.039163	0.018885	-0.005565
50125	-0.038934	0.019242	-0.003850
50126	-0.039398	0.019256	-0.004806
50127	-0.039902	0.019286	-0.005674
50128	-0.041394	0.020209	-0.006608
50129	-0.039382	0.020177	-0.004917
50130	-0.040735	0.019642	-0.005829
50131	-0.040874	0.019835	-0.005405
50132	-0.040764	0.019539	-0.005440
50133	-0.041470	0.020147	-0.005663
50134	-0.041679	0.020930	-0.004702
50135	-0.041619	0.020543	-0.004924
50136	-0.042335	0.020367	-0.003058
50137	-0.040408	0.020451	-0.005269
50138	-0.041342	0.020253	-0.007540
50139	-0.042134	0.020001	-0.005800
50140	-0.041095	0.020316	-0.005759
50141	-0.040019	0.020535	-0.006008
50142	-0.040063	0.020110	-0.006239
50143	-0.041024	0.019115	-0.006435
50144	-0.040618	0.019744	-0.007252
50145	-0.040645	0.018495	-0.005511
50146	-0.042243	0.017924	-0.006270
50147	-0.041736	0.018558	-0.007165
50148	-0.043571	0.018470	-0.007501
50149	-0.043148	0.018244	-0.006433
50150	-0.043162	0.018421	-0.006181
50151	-0.042908	0.017453	-0.007050
50152	-0.042662	0.016508	-0.007857
50153	-0.043575	0.017692	-0.007436
50154	-0.042786	0.017182	-0.009483
50155	-0.041797	0.016539	-0.007770
50156	-0.041921	0.016762	-0.007287
50157	-0.040481	0.017141	-0.006246
50158	-0.041605	0.016068	-0.006502
50159	-0.040985	0.015262	-0.006080
50160	-0.040799	0.015599	-0.004378
50161	-0.043102	0.016012	-0.005223
50162	-0.040148	0.016533	-0.003628
50163	-0.041433	0.017553	-0.004499
50164	-0.041721	0.015610	-0.004490
50165	-0.041220	0.016243	-0.005387
50166	-0.040668	0.015411	-0.004978
50167	-0.039599	0.015628	-0.005229
50168	-0.039583	0.016079	-0.007374
50169	-0.039617	0.014825	-0.005637
50170	-0.040602	0.014658	-0.007795
50171	-0.041803	0.015554	-0.004766
50172	-0.040582	0.015128	-0.005798
50173	-0.039767	0.013742	-0.006025
50174	-0.041315	0.013861	-0.004871
50175	-0.041070	0.012891	-0.005744
50176	-0.041752	0.012683	-0.004003
50177	-0.039098	0.013090	-0.003635
50178	-0.042500	0.012844	-0.004521
50179	-0.041265	0.013798	-0.002835
50180	-0.042128	0.014286	-0.003230
50181	-0.042283	0.014471	-0.002811
50182	-0.042778	0.014617	-0.002172
50183	-0.042934	0.014802	-0.001753
50184	-0.041177	0.015296	-0.000727
50185	-0.041703	0.015320	-0.001600
50186	-0.042589	0.015077	-0.004068
50187	-0.042746	0.015261	-0.003650
50188	-0.042959	0.015330	-0.003487
50189	-0.042917	0.014936	-0.003716
50190	-0.043683	0.014881	-0.004574
50191	-0.043841	0.015064	-0.004156
50192	-0.043831	0.014629	-0.004475
50193	-0.044360	0.014652	-0.005349
50194	-0.047728	0.014465	-0.006114
50195	-0.046496	0.015416	-0.004430
50196	-0.046857	0.014827	-0.006022
50197	-0.047189	0.014271	-0.007544
50198	-0.048566	0.014422	-0.006468
50199	-0.048528	0.014026	-0.006698
50200	-0.048590	0.014290	-0.006166
50201	-0.048870	0.015914	-0.007064
50202	-0.047972	0.015423	-0.009187
50203	-0.048784	0.015155	-0.007453
50204	-0.047929	0.015309	-0.007670
50205	-0.047323	0.014496	-0.007256
50206	-0.048280	0.014121	-0.006898
50207	-0.049266	0.013116	-0.007104
50208	-0.049566	0.014732	-0.008011
50209	-0.049612	0.013469	-0.006281
50210	-0.049213	0.013990	-0.007397
50211	-0.050518	0.015005	-0.008270
50212	-0.049351	0.014591	-0.009224
50213	-0.048494	0.015380	-0.008833
50214	-0.047420	0.014047	-0.007952
50215	-0.048155	0.014644	-0.008181
50216	-0.046002	0.014803	-0.009225
50217	-0.047190	0.014373	-0.008786
50218	-0.047229	0.014613	-0.008341
50219	-0.047396	0.014792	-0.007926
50220	-0.049330	0.015315	-0.007622
50221	-0.049299	0.014917	-0.007855
50222	-0.050229	0.013873	-0.008234
50223	-0.050967	0.014468	-0.008464
50224	-0.049984	0.014682	-0.008654
50225	-0.052966	0.014634	-0.008188
50226	-0.050729	0.014763	-0.009405
50227	-0.049107	0.014556	-0.009019
50228	-0.051544	0.014978	-0.009719
50229	-0.050945	0.014162	-0.009309
50230	-0.050091	0.014283	-0.009622
50231	-0.049611	0.014911	-0.010524
50232	-0.050764	0.015228	-0.007975
50233	-0.049516	0.014862	-0.008881
50234	-0.049743	0.015028	-0.008444
50235	-0.049773	0.012449	-0.009307
50236	-0.051060	0.013511	-0.008842
50237	-0.051034	0.013111	-0.009077
50238	-0.050514	0.013780	-0.009915
50239	-0.050037	0.014408	-0.010817
50240	-0.050482	0.015186	-0.009617
50241	-0.049887	0.014368	-0.009209
50242	-0.051900	0.013368	-0.008836
50243	-0.051425	0.013995	-0.009740
50244	-0.049601	0.013249	-0.009908
50245	-0.049776	0.013424	-0.009495
50246	-0.049910	0.013643	-0.009006
50247	-0.050085	0.013817	-0.008594
50248	-0.050881	0.014421	-0.008750
50249	-0.051686	0.012833	-0.009611
50250	-0.049377	0.013119	-0.010480
50251	-0.047760	0.012910	-0.010097
50252	-0.048896	0.013366	-0.011554
50253	-0.047852	0.013574	-0.011815
50254	-0.042313	0.014260	-0.007419
50255	-0.042485	0.014436	-0.007001
50256	-0.042438	0.014020	-0.007301
50257	-0.043380	0.015189	-0.006878
50258	-0.043746	0.013805	-0.006395
50259	-0.041870	0.015202	-0.006025
50260	-0.042071	0.015370	-0.005606
50261	-0.042244	0.015545	-0.005189
50262	-0.043011	0.016034	-0.005670
50263	-0.043185	0.016208	-0.005253
50264	-0.041243	0.015512	-0.005420
50265	-0.043842	0.014307	-0.006249
50266	-0.042131	0.014151	-0.005829
50267	-0.039862	0.014397	-0.006758
50268	-0.042108	0.014001	-0.005630
50269	-0.043112	0.012988	-0.005840
50270	-0.042401	0.012232	-0.005389
50271	-0.042577	0.012405	-0.004973
50272	-0.041122	0.013610	-0.005946
50273	-0.042974	0.012717	-0.004192
50274	-0.043187	0.011336	-0.003842
50275	-0.041314	0.012732	-0.003473
50276	-0.041239	0.012322	-0.003792
50277	-0.042563	0.013331	-0.004662
50278	-0.042711	0.013509	-0.004273
50279	-0.044488	0.013488	-0.004478
50280	-0.041939	0.013842	-0.004155
50281	-0.042888	0.015007	-0.003733
50282	-0.043118	0.015214	-0.003184
50283	-0.043554	0.013781	-0.002754
50284	-0.044136	0.013841	-0.003490
50285	-0.043547	0.013019	-0.003084
50286	-0.043476	0.014158	-0.003304
50287	-0.043460	0.013755	-0.003540
50288	-0.042934	0.012919	-0.003109
50289	-0.042090	0.013701	-0.002718
50290	-0.044248	0.014227	-0.002158
50291	-0.042635	0.014017	-0.001775
50292	-0.043852	0.014424	-0.003282
50293	-0.044412	0.014439	-0.004161
50294	-0.043363	0.014698	-0.004306
50295	-0.042974	0.014449	-0.003250
50296	-0.043068	0.014086	-0.003281
50297	-0.041833	0.013719	-0.004191
50298	-0.042829	0.013455	-0.002248
50299	-0.041218	0.013244	-0.001866
50300	-0.042839	0.012637	-0.002712
50301	-0.044052	0.012194	-0.002276
50302	-0.044509	0.012976	-0.002300
50303	-0.045722	0.012532	-0.001864
50304	-0.043447	0.013410	-0.002220
50305	-0.044267	0.011818	-0.003086
50306	-0.043063	0.012735	-0.001429
50307	-0.043901	0.012445	0.000298
50308	-0.045408	0.011847	-0.000644
50309	-0.045853	0.010410	-0.000218
50310	-0.045220	0.011074	0.000068
50311	-0.045787	0.011087	-0.000812
50312	-0.042977	0.011514	-0.000559
50313	-0.043937	0.012674	-0.000137
50314	-0.043793	0.011651	-0.001085
50315	-0.042186	0.011437	-0.000705
50316	-0.043668	0.012397	-0.001554
50317	-0.043663	0.011990	-0.001793
50318	-0.042216	0.011774	-0.001269
50319	-0.041833	0.011521	-0.000216
50320	-0.041491	0.010644	-0.000966
50321	-0.043103	0.011344	0.000770
50322	-0.041512	0.011175	0.001279
50323	-0.044909	0.010953	0.000452
50324	-0.044068	0.011762	0.000919
50325	-0.043038	0.011967	0.000656
50326	-0.042522	0.012581	-0.000341
50327	-0.042716	0.012745	0.000070
50328	-0.041752	0.012907	-0.000237
50329	-0.042974	0.012458	0.000196
50330	-0.042436	0.013110	-0.000714
50331	-0.041982	0.013734	-0.001618
50332	-0.043577	0.013799	-0.000520
50333	-0.043576	0.013390	-0.000762
50334	-0.043641	0.012937	-0.001048
50335	-0.043384	0.014134	-0.001300
50336	-0.044929	0.013520	-0.002252
50337	-0.042948	0.013458	-0.000582
50338	-0.042544	0.014115	-0.001356
50339	-0.042742	0.014278	-0.000946
50340	-0.041033	0.014976	-0.002472
50341	-0.042002	0.016131	-0.002051
50342	-0.041747	0.015773	-0.002418
50343	-0.040917	0.016549	-0.002030
50344	-0.040447	0.017182	-0.002926
50345	-0.040524	0.015891	-0.001214
50346	-0.042035	0.016820	-0.002110
50347	-0.042235	0.016982	-0.001701
50348	-0.042943	0.017512	-0.002127
50349	-0.043143	0.017674	-0.001718
50350	-0.042936	0.017410	-0.000527
50351	-0.042942	0.016998	-0.000771
50352	-0.042698	0.016649	0.000172
50353	-0.040069	0.017045	0.000526
50354	-0.043282	0.016849	-0.000425
50355	-0.041683	0.016631	-0.000050
50356	-0.041066	0.016667	-0.001627
50357	-0.041074	0.016255	-0.001871
50358	-0.041559	0.016278	-0.001538
50359	-0.040537	0.016480	-0.001804
50360	-0.041108	0.015627	-0.000775
50361	-0.041435	0.017240	-0.001669
50362	-0.040961	0.017922	-0.002446
50363	-0.039365	0.017703	-0.002073
50364	-0.038513	0.018506	-0.001641
50365	-0.038338	0.018818	0.000059
50366	-0.038929	0.018787	-0.000934
50367	-0.037714	0.018416	-0.001854
50368	-0.038342	0.018409	-0.002734
50369	-0.038426	0.017112	-0.001026
50370	-0.037129	0.017992	0.000445
50371	-0.038099	0.017846	-0.001735
50372	-0.037810	0.017628	-0.000502
50373	-0.037368	0.018249	-0.001410
50374	-0.038692	0.018394	-0.000363
50375	-0.038706	0.017980	-0.000610
50376	-0.037284	0.019877	-0.000804
50377	-0.037370	0.018579	0.000903
50378	-0.038474	0.018361	-0.001340
50379	-0.035469	0.018907	0.000304
50380	-0.036700	0.018426	0.000663
50381	-0.036715	0.018011	0.000416
50382	-0.035809	0.018095	-0.000052
50383	-0.035825	0.017680	-0.000300
50384	-0.035573	0.017452	0.000944
50385	-0.035013	0.016616	0.001336
50386	-0.034780	0.017094	0.000261
50387	-0.034344	0.017713	-0.000647
50388	-0.035305	0.018302	-0.000693
50389	-0.034941	0.018037	0.000352
50390	-0.035142	0.017583	0.000180
50391	-0.034583	0.016747	0.000571
50392	-0.035067	0.017422	0.001569
50393	-0.037078	0.016660	-0.000592
50394	-0.035341	0.015236	-0.001455
50395	-0.033493	0.016621	-0.001091
50396	-0.033515	0.016862	-0.000652
50397	-0.033730	0.017016	-0.000248
50398	-0.032482	0.017268	0.000672
50399	-0.033081	0.017272	-0.000217
50400	-0.033237	0.016840	-0.000365
50401	-0.033837	0.016843	-0.001254
50402	-0.032761	0.017745	0.000494
50403	-0.031435	0.015915	0.000868
50404	-0.033733	0.016381	0.001416
50405	-0.034406	0.015497	0.002479
50406	-0.033711	0.016274	0.002994
50407	-0.034508	0.016847	0.002759
50408	-0.033255	0.017937	0.001664
50409	-0.035156	0.017008	0.003401
50410	-0.034723	0.017750	0.002803
50411	-0.034943	0.017902	0.003206
50412	-0.033925	0.018072	0.002849
50413	-0.033951	0.017653	0.002598
50414	-0.034441	0.018346	0.003649
50415	-0.035696	0.017881	0.004071
50416	-0.034578	0.018103	0.003749
50417	-0.032611	0.018028	0.005410
50418	-0.033336	0.017826	0.007265
50419	-0.036782	0.017586	0.006429
50420	-0.034145	0.018031	0.006893
50421	-0.034368	0.018182	0.007296
50422	-0.034536	0.017689	0.006992
50423	-0.035215	0.016801	0.008052
50424	-0.034685	0.017445	0.007108
50425	-0.034787	0.016136	0.008807
50426	-0.034650	0.017893	0.009106
50427	-0.038100	0.017652	0.008270
50428	-0.036035	0.018455	0.007907
50429	-0.036067	0.018034	0.007653
50430	-0.034490	0.017822	0.008048
50431	-0.036523	0.018346	0.008486
50432	-0.036550	0.017049	0.010140
50433	-0.036902	0.018657	0.009245
50434	-0.035729	0.016843	0.009803
50435	-0.037115	0.017834	0.008928
50436	-0.035257	0.017692	0.009241
50437	-0.035292	0.017270	0.008987
50438	-0.035792	0.017383	0.009568
50439	-0.035828	0.016961	0.009313
50440	-0.035690	0.017340	0.011224
50441	-0.038112	0.017713	0.010368
50442	-0.035168	0.018153	0.011804
50443	-0.038625	0.017909	0.010967
50444	-0.036384	0.018793	0.010642
50445	-0.038229	0.018744	0.010423
50446	-0.036878	0.019092	0.011480
50447	-0.036917	0.018669	0.011224
50448	-0.037694	0.018635	0.010408
50449	-0.038313	0.018633	0.009514
50450	-0.036265	0.017073	0.012452
50451	-0.035850	0.017688	0.011539
50452	-0.035634	0.018886	0.011319
50453	-0.034254	0.019227	0.012338
50454	-0.039231	0.018387	0.000218
50455	-0.039471	0.018529	0.000604
50456	-0.039107	0.018251	0.001605
50457	-0.041542	0.018618	0.000733
50458	-0.039597	0.017212	-0.000317
50459	-0.041646	0.017727	0.000105
50460	-0.039951	0.017485	0.000304
50461	-0.039351	0.017526	-0.001280
50462	-0.039302	0.017193	-0.001397
50463	-0.039351	0.016764	-0.001669
50464	-0.040535	0.015658	-0.001987
50465	-0.040004	0.014807	-0.001621
50466	-0.039489	0.015448	-0.002576
50467	-0.037923	0.015215	-0.002229
50468	-0.039398	0.015296	-0.001196
50469	-0.039449	0.014867	-0.001468
50470	-0.040087	0.015604	-0.001446
50471	-0.040332	0.015743	-0.001062
50472	-0.038826	0.016308	-0.002790
50473	-0.040494	0.016967	-0.001075
50474	-0.039830	0.017646	-0.002072
50475	-0.038267	0.017412	-0.001726
50476	-0.040188	0.017959	-0.001343
50477	-0.039206	0.018147	-0.001635
50478	-0.039426	0.018313	-0.001206
50479	-0.039481	0.017882	-0.001480
50480	-0.039646	0.018066	-0.001058
50481	-0.038471	0.017685	-0.002008
50482	-0.039978	0.017103	-0.002942
50483	-0.039964	0.018849	-0.002557
50484	-0.039325	0.018051	-0.002163
50485	-0.039766	0.018757	-0.001124
50486	-0.039710	0.018378	-0.001369
50487	-0.039767	0.017947	-0.001644
50488	-0.040584	0.017053	-0.000478
50489	-0.041871	0.016571	-0.000078
50490	-0.041596	0.017109	-0.001078
50491	-0.043658	0.017617	-0.000658
50492	-0.041581	0.018459	-0.000935
50493	-0.040671	0.017751	0.000721
50494	-0.040951	0.017898	0.001156
50495	-0.041396	0.018602	0.002195
50496	-0.040779	0.019339	0.002672
50497	-0.038184	0.019722	0.002997
50498	-0.038065	0.018687	0.001986
50499	-0.040130	0.019194	0.002406
50500	-0.036497	0.018677	0.002697
50501	-0.037789	0.018194	0.003095
50502	-0.038051	0.018317	0.003452
50503	-0.037657	0.018925	0.002521
50504	-0.038320	0.017442	0.003013
50505	-0.037538	0.018195	0.003377
50506	-0.038834	0.016438	0.001187
50507	-0.038441	0.017045	0.000256
50508	-0.036370	0.016362	0.001233
50509	-0.035715	0.018579	0.000306
50510	-0.036126	0.017153	0.000709
50511	-0.036773	0.017141	-0.000205
50512	-0.037069	0.016457	0.002302
50513	-0.035904	0.016074	0.001348
50514	-0.035576	0.016703	0.000533
50515	-0.035450	0.015700	-0.000403
50516	-0.036041	0.016299	0.000502
50517	-0.036883	0.016854	0.000246
50518	-0.037490	0.016825	-0.000752
50519	-0.037168	0.016534	0.000264
50520	-0.037211	0.016147	0.000087
50521	-0.038511	0.015659	0.000484
50522	-0.038691	0.013081	-0.000331
50523	-0.038688	0.014822	0.000054
50524	-0.036756	0.014697	0.001614
50525	-0.036826	0.014260	0.001334
50526	-0.035771	0.014512	0.001133
50527	-0.035451	0.014220	0.002147
50528	-0.035418	0.013810	0.001836
50529	-0.036072	0.013795	0.000920
50530	-0.037907	0.013158	0.000148
50531	-0.037906	0.014899	0.000533
50532	-0.035079	0.014667	0.000036
50533	-0.035734	0.014652	-0.000880
50534	-0.034861	0.014826	-0.001112
50535	-0.035126	0.014956	-0.000734
50536	-0.035391	0.015149	-0.000189
50537	-0.034618	0.015899	0.000172
50538	-0.034963	0.015975	0.000489
50539	-0.033798	0.016869	0.002145
50540	-0.034535	0.017467	0.001899
50541	-0.034611	0.017029	0.001618
50542	-0.034358	0.017609	0.000742
50543	-0.033394	0.017791	0.000444
50544	-0.033202	0.017493	0.001567
50545	-0.034510	0.017001	0.001961
50546	-0.032897	0.018274	0.002248
50547	-0.031351	0.018033	0.002584
50548	-0.032263	0.017959	0.001756
50549	-0.032341	0.017520	0.001474
50550	-0.032165	0.018701	0.001237
50551	-0.032244	0.018262	0.000955
50552	-0.032248	0.017888	0.000772
50553	-0.033294	0.019005	0.001173
50554	-0.033556	0.019128	0.001533
50555	-0.032012	0.018886	0.001869
50556	-0.033118	0.020100	0.002581
50557	-0.032615	0.019237	0.002932
50558	-0.031610	0.019420	0.002595
50559	-0.031883	0.019545	0.002971
50560	-0.029894	0.020358	0.002696
50561	-0.031209	0.019863	0.003088
50562	-0.030912	0.018902	0.002082
50563	-0.031302	0.021771	0.003787
50564	-0.030632	0.020327	0.003466
50565	-0.031491	0.020876	0.003207
50566	-0.030481	0.021135	0.003063
50567	-0.031606	0.020073	0.002795
50568	-0.030934	0.020876	0.003394
50569	-0.030053	0.018878	0.002424
50570	-0.030051	0.020602	0.002766
50571	-0.030594	0.019115	0.003132
50572	-0.030616	0.020882	0.003609
50573	-0.030893	0.021006	0.003984
50574	-0.029920	0.021202	0.003710
50575	-0.030007	0.020759	0.003424
50576	-0.029771	0.019828	0.002551
50577	-0.031473	0.020461	0.004262
50578	-0.029355	0.022019	0.004804
50579	-0.028605	0.021490	0.002547
50580	-0.028845	0.021664	0.003019
50581	-0.028934	0.021221	0.002733
50582	-0.029234	0.021324	0.003075
50583	-0.029121	0.021588	0.004744
50584	-0.029035	0.022720	0.004463
50585	-0.031794	0.021456	0.003573
50586	-0.030785	0.020732	0.005104
50587	-0.030419	0.021334	0.004167
50588	-0.030781	0.021418	0.004520
50589	-0.031331	0.019928	0.004883
50590	-0.031466	0.019450	0.004549
50591	-0.031558	0.019005	0.004261
50592	-0.030770	0.019812	0.004757
50593	-0.030278	0.018943	0.005103
50594	-0.032669	0.017801	0.005480
50595	-0.029697	0.018318	0.007090
50596	-0.031711	0.018223	0.006899
50597	-0.031805	0.017778	0.006611
50598	-0.032060	0.017322	0.006451
50599	-0.032156	0.016876	0.006162
50600	-0.032794	0.016885	0.005278
50601	-0.030866	0.016778	0.006903
50602	-0.032602	0.016142	0.006026
50603	-0.032241	0.016742	0.005088
50604	-0.031306	0.016901	0.004750
50605	-0.031594	0.017020	0.005122
50606	-0.031708	0.017283	0.005703
50607	-0.031996	0.017401	0.006075
50608	-0.030856	0.017958	0.003328
50609	-0.031017	0.016605	0.004981
50610	-0.032176	0.016406	0.002746
50611	-0.033113	0.016041	0.004428
50612	-0.031484	0.014564	0.003450
50613	-0.031585	0.014116	0.003160
50614	-0.030809	0.014877	0.003550
50615	-0.030056	0.015617	0.003906
50616	-0.029631	0.015342	0.004870
50617	-0.027059	0.015716	0.005183
50618	-0.028730	0.015052	0.004171
50619	-0.030731	0.012793	0.003248
50620	-0.028972	0.013511	0.002940
50621	-0.029661	0.013486	0.002016
50622	-0.031139	0.012956	0.002479
50623	-0.030199	0.013130	0.002173
50624	-0.031690	0.014055	0.001200
50625	-0.031208	0.013181	0.001542
50626	-0.033140	0.012492	0.000718
50627	-0.031994	0.013371	0.002368
50628	-0.031545	0.013414	0.000885
50629	-0.031651	0.012964	0.000593
50630	-0.032151	0.013019	-0.000309
50631	-0.031861	0.012709	0.000694
50632	-0.031199	0.011286	0.000422
50633	-0.031246	0.011743	-0.001813
50634	-0.030792	0.012365	-0.002789
50635	-0.031738	0.011995	-0.001110
50636	-0.030632	0.011537	-0.002232
50637	-0.031389	0.010602	-0.001216
50638	-0.030437	0.010744	-0.001620
50639	-0.030547	0.010292	-0.001913
50640	-0.030738	0.011344	-0.003453
50641	-0.031435	0.011317	-0.004379
50642	-0.030477	0.010677	-0.002571
50643	-0.031952	0.011638	-0.003467
50644	-0.030954	0.011226	-0.004366
50645	-0.030020	0.011398	-0.004675
50646	-0.030365	0.010897	-0.004864
50647	-0.030666	0.011008	-0.004496
50648	-0.031518	0.010823	-0.005687
50649	-0.029221	0.009580	-0.005394
50650	-0.031432	0.010005	-0.005028
50651	-0.031735	0.010115	-0.004660
50652	-0.032908	0.009058	-0.004872
50653	-0.034259	0.008544	-0.004490
50654	-0.036115	0.013038	-0.002207
50655	-0.034998	0.012650	-0.003176
50656	-0.033547	0.013842	-0.004264
50657	-0.037104	0.014823	-0.002507
50658	-0.033845	0.014128	-0.002358
50659	-0.034154	0.014242	-0.001987
50660	-0.032988	0.013887	-0.002917
50661	-0.033697	0.013862	-0.003842
50662	-0.033287	0.014479	-0.004797
50663	-0.033010	0.014168	-0.003794
50664	-0.032977	0.015308	-0.004020
50665	-0.032511	0.014433	-0.003681
50666	-0.033548	0.014288	-0.005918
50667	-0.032413	0.015164	-0.004266
50668	-0.031196	0.014855	-0.005121
50669	-0.031908	0.014829	-0.006047
50670	-0.032773	0.015351	-0.006375
50671	-0.032309	0.014474	-0.006037
50672	-0.032339	0.014029	-0.005087
50673	-0.032405	0.014490	-0.007322
50674	-0.031682	0.013679	-0.005740
50675	-0.031349	0.014278	-0.006679
50676	-0.031820	0.014941	-0.005693
50677	-0.033372	0.014990	-0.004646
50678	-0.033226	0.014654	-0.003576
50679	-0.032306	0.014828	-0.003884
50680	-0.032595	0.014987	-0.003415
50681	-0.032934	0.013834	-0.005670
50682	-0.034449	0.014788	-0.006551
50683	-0.032940	0.014536	-0.006228
50684	-0.032426	0.015164	-0.007256
50685	-0.032744	0.015274	-0.006887
50686	-0.033052	0.016078	-0.005700
50687	-0.032134	0.016251	-0.006009
50688	-0.032170	0.015247	-0.006846
50689	-0.033266	0.016344	-0.006444
50690	-0.030289	0.016877	-0.004801
50691	-0.031787	0.017837	-0.005696
50692	-0.031582	0.017597	-0.004428
50693	-0.031902	0.017706	-0.004060
50694	-0.031707	0.016831	-0.003467
50695	-0.031250	0.015951	-0.003133
50696	-0.031990	0.014986	-0.002212
50697	-0.030616	0.016210	-0.003166
50698	-0.030520	0.016704	-0.004143
50699	-0.034119	0.016411	-0.005012
50700	-0.033334	0.016559	-0.005255
50701	-0.032207	0.017429	-0.003605
50702	-0.033439	0.017023	-0.003060
50703	-0.032985	0.016142	-0.002727
50704	-0.033426	0.016827	-0.001716
50705	-0.034424	0.015183	-0.002666
50706	-0.033041	0.014907	-0.002283
50707	-0.032187	0.014162	-0.000655
50708	-0.033120	0.014712	-0.000846
50709	-0.032396	0.015444	-0.000492
50710	-0.032789	0.015576	0.000014
50711	-0.031288	0.015321	0.000333
50712	-0.030521	0.015389	-0.000093
50713	-0.031897	0.014869	0.000286
50714	-0.032276	0.014897	0.000508
50715	-0.034431	0.015364	0.000921
50716	-0.032881	0.015138	0.001273
50717	-0.033209	0.015244	0.001639
50718	-0.031973	0.015490	0.002546
50719	-0.032302	0.015594	0.002912
50720	-0.033819	0.015665	0.003995
50721	-0.032723	0.015273	0.003017
50722	-0.031073	0.016604	0.003402
50723	-0.031029	0.015585	0.002436
50724	-0.031138	0.015104	0.002053
50725	-0.031281	0.014646	0.001753
50726	-0.031097	0.015859	0.001571
50727	-0.031241	0.015401	0.001270
50728	-0.030800	0.014554	0.001702
50729	-0.032183	0.014030	0.002078
50730	-0.032623	0.014091	0.002444
50731	-0.033763	0.013923	0.000217
50732	-0.031928	0.013768	0.001807
50733	-0.032074	0.013309	0.001506
50734	-0.031803	0.012980	0.002479
50735	-0.032269	0.014562	0.001572
50736	-0.033022	0.013102	0.002197
50737	-0.034409	0.012576	0.002573
50738	-0.032702	0.013929	0.002966
50739	-0.036323	0.013628	0.002094
50740	-0.034463	0.014380	0.001749
50741	-0.035017	0.013785	0.000151
50742	-0.034797	0.014367	-0.000727
50743	-0.035322	0.015029	0.000302
50744	-0.034207	0.015240	0.001240
50745	-0.035597	0.014712	0.001615
50746	-0.035087	0.015382	0.000677
50747	-0.037529	0.014226	0.001064
50748	-0.036633	0.014382	0.000731
50749	-0.036326	0.014975	-0.000214
50750	-0.036953	0.015571	0.000753
50751	-0.037293	0.015670	0.001115
50752	-0.035124	0.015924	0.000145
50753	-0.038348	0.015755	0.000567
50754	-0.036416	0.017121	0.000777
50755	-0.036657	0.014483	-0.000220
50756	-0.036593	0.015015	-0.001083
50757	-0.036748	0.014552	-0.001388
50758	-0.035903	0.015320	-0.001047
50759	-0.036464	0.014723	-0.002648
50760	-0.037491	0.015908	-0.002077
50761	-0.036409	0.015513	-0.003060
50762	-0.034788	0.016741	-0.002899
50763	-0.034111	0.016212	-0.005179
50764	-0.036119	0.016738	-0.004741
50765	-0.037330	0.015646	-0.005036
50766	-0.036095	0.015974	-0.003910
50767	-0.037306	0.014881	-0.004205
50768	-0.036417	0.015037	-0.004533
50769	-0.038463	0.014010	-0.002854
50770	-0.036420	0.014204	-0.003859
50771	-0.034935	0.013941	-0.003548
50772	-0.035440	0.012501	-0.003116
50773	-0.036567	0.013583	-0.002717
50774	-0.036092	0.013580	-0.004398
50775	-0.036034	0.013809	-0.002742
50776	-0.035186	0.013983	-0.002979
50777	-0.036588	0.013449	-0.002608
50778	-0.036473	0.012436	-0.003642
50779	-0.036548	0.014146	-0.003254
50780	-0.036840	0.014276	-0.002855
50781	-0.035764	0.013879	-0.003841
50782	-0.034173	0.013647	-0.003544
50783	-0.034337	0.013181	-0.003852
50784	-0.032204	0.014003	-0.004277
50785	-0.035443	0.013825	-0.003858
50786	-0.033750	0.015173	-0.003468
50787	-0.035288	0.016121	-0.004366
50788	-0.033614	0.015363	-0.004557
50789	-0.032913	0.016086	-0.004208
50790	-0.032663	0.017320	-0.004402
50791	-0.033017	0.017413	-0.004043
50792	-0.033067	0.017566	-0.003815
50793	-0.031994	0.017168	-0.004803
50794	-0.030250	0.018529	-0.004428
50795	-0.029691	0.016151	-0.002843
50796	-0.029892	0.017190	-0.004453
50797	-0.029786	0.018338	-0.004733
50798	-0.030011	0.018519	-0.004258
50799	-0.030314	0.019535	-0.005835
50800	-0.029696	0.020889	-0.004727
50801	-0.031107	0.020350	-0.004359
50802	-0.029350	0.021844	-0.003655
50803	-0.029982	0.020318	-0.003327
50804	-0.029868	0.021486	-0.003561
50805	-0.029579	0.022075	-0.004510
50806	-0.030324	0.021146	-0.003481
50807	-0.030221	0.022293	-0.003762
50808	-0.030177	0.021936	-0.002639
50809	-0.031591	0.021396	-0.002272
50810	-0.029830	0.022737	-0.001963
50811	-0.031929	0.020448	-0.002924
50812	-0.030605	0.020741	-0.001971
50813	-0.031835	0.019641	-0.002273
50814	-0.031549	0.018718	-0.001882
50815	-0.030855	0.019438	-0.001535
50816	-0.029274	0.019244	-0.001138
50817	-0.030321	0.017585	-0.002109
50818	-0.030371	0.017755	-0.001844
50819	-0.030734	0.017843	-0.001487
50820	-0.031704	0.018400	-0.001632
50821	-0.030826	0.018559	-0.001955
50822	-0.031292	0.018659	-0.001461
50823	-0.032251	0.019174	-0.001733
50824	-0.031526	0.020777	-0.003404
50825	-0.033594	0.019734	-0.001732
50826	-0.030582	0.020268	-0.000102
50827	-0.032138	0.021210	-0.001001
50828	-0.031885	0.020330	-0.000468
50829	-0.031010	0.020489	-0.000791
50830	-0.030089	0.021314	-0.000389
50831	-0.030456	0.021401	-0.000034
50832	-0.028481	0.022248	-0.000252
50833	-0.028714	0.020848	0.001367
50834	-0.030412	0.021758	0.000526
50835	-0.028296	0.021989	-0.000477
50836	-0.029392	0.021539	0.001178
50837	-0.028980	0.020638	0.001490
50838	-0.027451	0.021958	0.000615
50839	-0.027820	0.022043	0.000969
50840	-0.027109	0.022705	0.001162
50841	-0.026328	0.020688	0.000134
50842	-0.028522	0.021172	0.000646
50843	-0.029714	0.020996	-0.001594
50844	-0.028160	0.021416	-0.000532
50845	-0.027565	0.019956	-0.000891
50846	-0.027897	0.020065	-0.000508
50847	-0.027622	0.020650	-0.001460
50848	-0.027505	0.019589	-0.002636
50849	-0.025628	0.019448	-0.001038
50850	-0.026795	0.018971	0.000620
50851	-0.026522	0.019556	-0.000333
50852	-0.027906	0.021235	0.000921
50853	-0.028557	0.019701	0.001240
50854	-0.030722	0.019019	0.002526
50855	-0.030319	0.018113	0.002836
50856	-0.030106	0.018645	0.001818
50857	-0.030351	0.017237	0.003433
50858	-0.030356	0.018951	0.003772
50859	-0.029720	0.018417	0.001479
50860	-0.030473	0.018396	0.000578
50861	-0.032097	0.018401	0.001609
50862	-0.032275	0.017938	0.001310
50863	-0.031597	0.018648	0.001653
50864	-0.031313	0.019245	0.000718
50865	-0.031560	0.017835	0.002331
50866	-0.033078	0.018821	0.001498
50867	-0.031989	0.019661	0.003137
50868	-0.031533	0.018890	0.003740
50869	-0.031732	0.018410	0.003421
50870	-0.030827	0.018531	0.002963
50871	-0.030380	0.018554	0.001338
50872	-0.029737	0.019916	0.002462
50873	-0.032005	0.019103	0.000228
50874	-0.031698	0.019738	-0.000625
50875	-0.032730	0.019312	0.001031
50876	-0.031478	0.019544	0.001895
50877	-0.030804	0.020253	0.002237
50878	-0.030690	0.021362	0.001846
50879	-0.031077	0.021438	0.002196
50880	-0.030807	0.022063	0.001356
50881	-0.031059	0.020650	0.002966
50882	-0.032598	0.021633	0.002151
50883	-0.033264	0.020091	0.002464
50884	-0.032558	0.020771	0.002710
50885	-0.032070	0.022036	0.003723
50886	-0.032488	0.022068	0.004003
50887	-0.032693	0.021586	0.003681
50888	-0.031510	0.022740	0.002706
50889	-0.031765	0.021325	0.004314
50890	-0.035398	0.020996	0.003368
50891	-0.034593	0.020213	0.004968
50892	-0.034367	0.019904	0.006040
50893	-0.033977	0.018993	0.006343
50894	-0.034174	0.019165	0.006759
50895	-0.034382	0.018682	0.006436
50896	-0.032058	0.020229	0.008109
50897	-0.032218	0.020680	0.005856
50898	-0.033779	0.018943	0.003789
50899	-0.033065	0.020890	0.006769
50900	-0.032483	0.021045	0.005333
50901	-0.032876	0.021118	0.005681
50902	-0.032701	0.021656	0.004703
50903	-0.033095	0.021728	0.005051
50904	-0.034446	0.021725	0.005812
50905	-0.034977	0.023288	0.004901
50906	-0.031644	0.022681	0.005169
50907	-0.034162	0.021486	0.005531
50908	-0.033805	0.021470	0.003888
50909	-0.032542	0.021746	0.004853
50910	-0.031722	0.022459	0.005065
50911	-0.032119	0.022530	0.005412
50912	-0.030900	0.020678	0.005726
50913	-0.031434	0.022240	0.004815
50914	-0.030944	0.022882	0.003795
50915	-0.028879	0.024302	0.005424
50916	-0.029501	0.023579	0.005095
50917	-0.029400	0.023948	0.005438
50918	-0.029137	0.023597	0.006378
50919	-0.030097	0.023333	0.006728
50920	-0.029376	0.022623	0.007104
50921	-0.029839	0.021203	0.007408
50922	-0.030194	0.021604	0.005325
50923	-0.028264	0.022943	0.006955
50924	-0.029872	0.021709	0.006857
50925	-0.029374	0.021650	0.006525
50926	-0.030022	0.020710	0.007429
50927	-0.029523	0.020652	0.007098
50928	-0.029351	0.021024	0.007374
50929	-0.029046	0.019941	0.008971
50930	-0.030058	0.021107	0.007859
50931	-0.030022	0.018533	0.008115
50932	-0.029627	0.020279	0.009483
50933	-0.029126	0.020222	0.009151
50934	-0.030261	0.019836	0.009362
50935	-0.029761	0.019779	0.009029
50936	-0.030030	0.018429	0.009315
50937	-0.030488	0.017014	0.009616
50938	-0.030889	0.017399	0.007519
50939	-0.026835	0.020005	0.009135
50940	-0.027832	0.017548	0.008695
50941	-0.027531	0.018948	0.007107
50942	-0.027276	0.018520	0.007855
50943	-0.027934	0.018560	0.006900
50944	-0.028573	0.017685	0.007957
50945	-0.028667	0.019514	0.007043
50946	-0.027087	0.019117	0.008560
50947	-0.028803	0.018526	0.007611
50948	-0.027175	0.019137	0.007293
50949	-0.026963	0.018785	0.008260
50950	-0.026764	0.019203	0.008629
50951	-0.026360	0.019878	0.007668
50952	-0.028488	0.018673	0.009111
50953	-0.026258	0.020314	0.009438
50954	-0.027196	0.020066	0.009791
50955	-0.027557	0.020409	0.007533
50956	-0.027009	0.020376	0.007204
50957	-0.027561	0.019692	0.006874
50958	-0.027223	0.020276	0.005745
50959	-0.028068	0.019293	0.006717
50960	-0.028354	0.018858	0.004979
50961	-0.027678	0.021023	0.005360
50962	-0.028716	0.020852	0.006001
50963	-0.028872	0.019742	0.004995
50964	-0.029553	0.020310	0.004595
50965	-0.028942	0.019533	0.004885
50966	-0.029557	0.018769	0.004416
50967	-0.030004	0.017361	0.004711
50968	-0.029138	0.018426	0.002501
50969	-0.030935	0.016086	0.004103
50970	-0.029053	0.017401	0.005723
50971	-0.029410	0.017749	0.003464
50972	-0.029938	0.016328	0.003809
50973	-0.029325	0.015553	0.004097
50974	-0.029161	0.016013	0.004594
50975	-0.028153	0.014811	0.004207
50976	-0.027694	0.016228	0.002493
50977	-0.028926	0.015677	0.004137
50978	-0.027778	0.015502	0.001870
50979	-0.027952	0.015583	0.003509
50980	-0.026984	0.015930	0.001948
50981	-0.026471	0.015884	0.001610
50982	-0.026958	0.015189	0.001178
50983	-0.026341	0.014416	0.001465
50984	-0.025437	0.014745	-0.000084
50985	-0.026666	0.014195	0.001560
50986	-0.025430	0.015218	0.001863
50987	-0.024813	0.014446	0.002149
50988	-0.025763	0.015000	0.001976
50989	-0.024585	0.016014	0.002307
50990	-0.025063	0.015344	0.001921
50991	-0.025604	0.014670	0.001587
50992	-0.027144	0.014744	0.002544
50993	-0.024908	0.016390	0.002869
50994	-0.025696	0.014984	0.000503
50995	-0.025864	0.015067	0.002140
50996	-0.025341	0.014231	0.002356
50997	-0.025880	0.013558	0.002021
50998	-0.025608	0.014246	0.001209
50999	-0.025090	0.014204	0.000868
51000	-0.025967	0.013941	0.001113
51001	-0.026048	0.015784	0.000198
51002	-0.026184	0.014729	-0.000707
51003	-0.024421	0.016349	-0.002979
51004	-0.025638	0.015850	-0.001220
51005	-0.023959	0.015711	-0.000941
51006	-0.025098	0.015994	0.000148
51007	-0.024972	0.016380	0.000483
51008	-0.025512	0.015672	0.000058
51009	-0.023274	0.017320	0.000383
51010	-0.023484	0.016139	-0.000780
51011	-0.022860	0.015371	-0.000497
51012	-0.024232	0.015696	-0.002077
51013	-0.024104	0.016084	-0.001743
51014	-0.023245	0.015643	-0.002643
51015	-0.022826	0.016335	-0.003609
51016	-0.024182	0.016529	-0.002527
51017	-0.024053	0.016918	-0.002193
51018	-0.022815	0.016810	-0.004409
51019	-0.022976	0.016896	-0.002774
51020	-0.022739	0.016595	-0.001723
51021	-0.021718	0.015404	-0.002118
51022	-0.022297	0.014660	-0.002604
51023	-0.021772	0.014624	-0.002947
51024	-0.021360	0.015307	-0.003929
51025	-0.022574	0.014764	-0.002290
51026	-0.021197	0.013128	-0.003371
51027	-0.021563	0.014674	-0.002984
51028	-0.022232	0.013794	-0.001950
51029	-0.023051	0.012826	-0.000989
51030	-0.022531	0.013647	-0.001729
51031	-0.023349	0.012680	-0.000768
51032	-0.024534	0.011357	0.001451
51033	-0.024608	0.013208	0.000537
51034	-0.023220	0.013103	-0.001829
51035	-0.023376	0.013192	-0.000195
51036	-0.024600	0.013458	0.000937
51037	-0.024466	0.013851	0.001269
51038	-0.023064	0.014926	0.001517
51039	-0.023032	0.016049	0.001226
51040	-0.025371	0.014764	0.002647
51041	-0.023335	0.017876	0.001724
51042	-0.023991	0.015057	0.000752
51043	-0.025695	0.015672	0.002443
51044	-0.024171	0.016265	0.002139
51045	-0.024695	0.015605	0.001797
51046	-0.024940	0.016370	0.002664
51047	-0.025070	0.015286	0.001644
51048	-0.024710	0.015007	0.002626
51049	-0.024780	0.016862	0.001711
51050	-0.025858	0.015386	-0.000593
51051	-0.024458	0.014951	0.000980
51052	-0.024292	0.015317	0.001207
51053	-0.024814	0.014660	0.000864
51054	-0.025818	0.017760	0.000729
51055	-0.025843	0.015952	0.000331
51056	-0.024975	0.015257	0.000540
51057	-0.026387	0.016184	0.000929
51058	-0.024928	0.015788	0.002542
51059	-0.023714	0.015644	0.000216
51060	-0.023307	0.016193	0.000669
51061	-0.024776	0.014182	0.000951
51062	-0.024475	0.013856	0.001855
51063	-0.024231	0.013527	0.002808
51064	-0.025089	0.013310	0.003125
51065	-0.022821	0.013797	0.000795
51066	-0.022799	0.013939	0.002386
51067	-0.022370	0.014647	0.001415
51068	-0.022719	0.015409	0.002365
51069	-0.022578	0.015812	0.002695
51070	-0.021775	0.015102	0.002926
51071	-0.021899	0.014029	0.001902
51072	-0.019840	0.013480	0.001512
51073	-0.021801	0.012627	0.001847
51074	-0.022693	0.012401	0.002167
51075	-0.021498	0.013433	0.002493
51076	-0.022572	0.013877	0.002100
51077	-0.022428	0.014281	0.002429
51078	-0.021958	0.014235	0.002084
51079	-0.021708	0.013909	0.003035
51080	-0.023359	0.012402	0.003985
51081	-0.023192	0.011638	0.001659
51082	-0.021254	0.013329	-0.000657
51083	-0.021950	0.011646	0.000918
51084	-0.020832	0.013375	0.000503
51085	-0.020952	0.012306	-0.000523
51086	-0.020593	0.012032	0.000457
51087	-0.020053	0.012014	0.000107
51088	-0.019446	0.011929	-0.000486
51089	-0.018745	0.014117	-0.000103
51090	-0.021391	0.010017	-0.001291
51091	-0.020978	0.011899	0.000392
51092	-0.020177	0.011411	-0.000626
51093	-0.020028	0.011818	-0.000299
51094	-0.019636	0.011557	0.000677
51095	-0.019592	0.012695	0.000384
51096	-0.018683	0.013742	-0.002007
51097	-0.020635	0.012895	-0.001675
51098	-0.020424	0.011599	0.001234
51099	-0.019987	0.012315	0.000261
51100	-0.020629	0.013182	-0.001279
51101	-0.021242	0.013271	-0.002250
51102	-0.020614	0.011747	-0.001362
51103	-0.021513	0.011529	-0.001033
51104	-0.019946	0.012858	-0.002131
51105	-0.021131	0.012333	-0.000503
51106	-0.020002	0.012166	-0.002838
51107	-0.020899	0.011949	-0.002510
51108	-0.020702	0.012369	-0.002202
51109	-0.021599	0.012152	-0.001874
51110	-0.021031	0.012136	-0.002260
51111	-0.021641	0.012228	-0.003232
51112	-0.020794	0.012556	-0.004810
51113	-0.022760	0.012877	-0.001824
51114	-0.021578	0.012709	-0.004223
51115	-0.022473	0.012493	-0.003896
51116	-0.020590	0.013188	-0.004335
51117	-0.020435	0.013600	-0.004009
51118	-0.020377	0.012608	-0.005030
51119	-0.019830	0.012598	-0.005384
51120	-0.020957	0.012110	-0.003723
51121	-0.018702	0.013775	-0.003401
51122	-0.019335	0.010958	-0.004466
51123	-0.018893	0.011680	-0.005441
51124	-0.018463	0.011435	-0.004474
51125	-0.017257	0.012474	-0.004151
51126	-0.016915	0.012916	-0.003937
51127	-0.017806	0.012703	-0.003611
51128	-0.016138	0.013310	-0.004067
51129	-0.015217	0.014041	-0.002444
51130	-0.015808	0.012365	-0.000960
51131	-0.015364	0.013089	-0.001936
51132	-0.016043	0.013181	-0.002854
51133	-0.015099	0.012752	-0.003891
51134	-0.015029	0.013085	-0.003689
51135	-0.015918	0.012874	-0.003363
51136	-0.016751	0.012746	-0.002885
51137	-0.014707	0.015877	-0.003803
51138	-0.015571	0.014447	-0.006300
51139	-0.015695	0.014553	-0.004677
51140	-0.016159	0.013156	-0.004434
51141	-0.015606	0.013150	-0.004791
51142	-0.015530	0.014349	-0.004978
51143	-0.014976	0.014344	-0.005335
51144	-0.016121	0.014615	-0.004315
51145	-0.016172	0.016497	-0.005230
51146	-0.016960	0.013619	-0.006313
51147	-0.016532	0.015505	-0.004630
51148	-0.015981	0.014764	-0.004264
51149	-0.015425	0.014760	-0.004622
51150	-0.013677	0.015399	-0.005082
51151	-0.014560	0.015192	-0.004758
51152	-0.015470	0.015001	-0.004362
51153	-0.015285	0.014262	-0.006700
51154	-0.013212	0.014536	-0.007629
51155	-0.013546	0.016109	-0.007245
51156	-0.013235	0.014960	-0.005886
51157	-0.012785	0.015691	-0.006864
51158	-0.013349	0.015086	-0.007090
51159	-0.013839	0.014460	-0.007449
51160	-0.013713	0.014697	-0.005733
51161	-0.011452	0.016367	-0.005413
51162	-0.012311	0.014973	-0.007841
51163	-0.012428	0.015083	-0.006221
51164	-0.011925	0.015804	-0.007274
51165	-0.012413	0.015180	-0.007633
51166	-0.012533	0.015228	-0.006169
51167	-0.010927	0.015854	-0.006530
51168	-0.009422	0.017202	-0.007548
51169	-0.011132	0.014909	-0.005990
51170	-0.011989	0.016296	-0.006811
51171	-0.011869	0.013786	-0.006616
51172	-0.011686	0.015002	-0.006875
51173	-0.011232	0.015737	-0.007854
51174	-0.011987	0.015564	-0.007584
51175	-0.012188	0.015254	-0.009244
51176	-0.011608	0.016047	-0.010202
51177	-0.013529	0.015221	-0.009881
51178	-0.014642	0.016472	-0.010815
51179	-0.012426	0.015213	-0.010623
51180	-0.012605	0.016866	-0.010189
51181	-0.013087	0.016245	-0.010550
51182	-0.012545	0.016262	-0.010861
51183	-0.013027	0.015642	-0.011223
51184	-0.015650	0.013809	-0.011437
51185	-0.015477	0.014234	-0.011118
51186	-0.014843	0.013380	-0.011162
51187	-0.014931	0.012341	-0.012206
51188	-0.013614	0.013386	-0.012006
51189	-0.013048	0.013392	-0.012369
51190	-0.014553	0.012945	-0.013319
51191	-0.013441	0.014728	-0.013618
51192	-0.012968	0.013663	-0.012214
51193	-0.013555	0.013778	-0.013194
51194	-0.012333	0.014860	-0.012792
51195	-0.013202	0.014663	-0.012473
51196	-0.013294	0.013658	-0.013425
51197	-0.013879	0.013775	-0.014405
51198	-0.013288	0.013738	-0.014910
51199	-0.013765	0.013123	-0.015274
51200	-0.014214	0.013207	-0.016479
51201	-0.014037	0.013635	-0.016161
51202	-0.013071	0.012919	-0.016177
51203	-0.011067	0.013132	-0.017224
51204	-0.011348	0.013163	-0.015655
51205	-0.010387	0.012753	-0.016702
51206	-0.010241	0.013177	-0.016361
51207	-0.009953	0.012873	-0.015427
51208	-0.009319	0.013021	-0.015486
51209	-0.007813	0.014388	-0.016467
51210	-0.009331	0.013894	-0.017534
51211	-0.009412	0.012862	-0.018582
51212	-0.008533	0.014331	-0.017637
51213	-0.007961	0.014342	-0.018002
51214	-0.007385	0.014405	-0.018242
51215	-0.007856	0.013793	-0.018608
51216	-0.007537	0.014301	-0.018224
51217	-0.006811	0.016508	-0.017840
51218	-0.007410	0.014838	-0.016368
51219	-0.008488	0.016114	-0.017284
51220	-0.008691	0.015045	-0.018318
51221	-0.008117	0.015058	-0.018685
51222	-0.008311	0.013023	-0.017772
51223	-0.008236	0.014189	-0.018072
51224	-0.008576	0.013605	-0.018496
51225	-0.008936	0.012262	-0.018248
51226	-0.008354	0.011427	-0.018207
51227	-0.009212	0.011237	-0.017892
51228	-0.008048	0.013024	-0.018244
51229	-0.008515	0.012416	-0.018613
51230	-0.008774	0.013302	-0.017477
51231	-0.008850	0.012276	-0.018529
51232	-0.009748	0.012892	-0.018718
51233	-0.008238	0.014265	-0.019700
51234	-0.008766	0.012647	-0.018164
51235	-0.010384	0.012152	-0.019150
51236	-0.009608	0.014356	-0.018828
51237	-0.009421	0.014791	-0.018513
51238	-0.009024	0.015556	-0.019383
51239	-0.008727	0.015257	-0.018453
51240	-0.007497	0.017054	-0.018855
51241	-0.009393	0.016245	-0.018543
51242	-0.010254	0.016025	-0.018318
51243	-0.008023	0.014779	-0.018139
51244	-0.007788	0.014518	-0.017044
51245	-0.008251	0.013914	-0.017415
51246	-0.007825	0.013943	-0.017598
51247	-0.008787	0.014492	-0.017901
51248	-0.007983	0.015582	-0.020187
51249	-0.009657	0.013306	-0.018647
51250	-0.010604	0.014745	-0.019276
51251	-0.010454	0.012256	-0.019101
51252	-0.009159	0.014080	-0.019499
51253	-0.008577	0.014100	-0.019869
51254	-0.014362	0.015624	-0.010086
51255	-0.014067	0.015331	-0.009147
51256	-0.015123	0.015798	-0.009594
51257	-0.014938	0.016240	-0.009270
51258	-0.016598	0.015845	-0.009974
51259	-0.014371	0.014604	-0.009787
51260	-0.015274	0.015891	-0.010888
51261	-0.016129	0.015712	-0.010566
51262	-0.016144	0.016806	-0.010983
51263	-0.016218	0.015793	-0.012029
51264	-0.015227	0.017499	-0.012432
51265	-0.017121	0.016699	-0.012113
51266	-0.017952	0.016535	-0.011760
51267	-0.015943	0.016766	-0.012804
51268	-0.017328	0.016928	-0.011876
51269	-0.016749	0.016955	-0.012237
51270	-0.015962	0.017015	-0.012736
51271	-0.015663	0.016724	-0.011799
51272	-0.016090	0.016883	-0.012880
51273	-0.014581	0.018267	-0.013854
51274	-0.015222	0.016568	-0.012423
51275	-0.016293	0.017863	-0.013331
51276	-0.016728	0.017310	-0.013600
51277	-0.016538	0.017755	-0.013279
51278	-0.016340	0.018259	-0.012804
51279	-0.015869	0.019024	-0.013780
51280	-0.015121	0.019080	-0.014236
51281	-0.017009	0.018285	-0.013919
51282	-0.017827	0.018120	-0.013602
51283	-0.018135	0.019719	-0.013210
51284	-0.016676	0.017973	-0.013006
51285	-0.017522	0.017800	-0.012687
51286	-0.017034	0.018366	-0.012357
51287	-0.018919	0.017573	-0.012041
51288	-0.019669	0.017481	-0.011612
51289	-0.019697	0.019401	-0.012518
51290	-0.018826	0.018754	-0.012295
51291	-0.016813	0.018990	-0.013341
51292	-0.017090	0.019859	-0.012233
51293	-0.016394	0.019156	-0.011984
51294	-0.016178	0.018842	-0.011037
51295	-0.015592	0.018875	-0.011402
51296	-0.016671	0.019405	-0.011648
51297	-0.015917	0.020493	-0.013923
51298	-0.016073	0.020523	-0.012491
51299	-0.016155	0.020654	-0.010873
51300	-0.014175	0.020822	-0.012082
51301	-0.013978	0.021272	-0.011762
51302	-0.014880	0.021081	-0.011448
51303	-0.015722	0.020912	-0.011131
51304	-0.015875	0.022613	-0.010637
51305	-0.014137	0.022533	-0.010388
51306	-0.015545	0.020577	-0.010170
51307	-0.014308	0.021649	-0.009848
51308	-0.014309	0.021497	-0.011377
51309	-0.013999	0.021214	-0.010445
51310	-0.014867	0.021804	-0.010776
51311	-0.015706	0.021636	-0.010460
51312	-0.015033	0.021695	-0.010862
51313	-0.014833	0.022148	-0.010543
51314	-0.015343	0.020454	-0.009267
51315	-0.015105	0.023831	-0.008799
51316	-0.015172	0.023579	-0.010537
51317	-0.016008	0.023413	-0.010222
51318	-0.015756	0.023853	-0.009995
51319	-0.016203	0.023272	-0.010365
51320	-0.016746	0.023410	-0.011396
51321	-0.016543	0.023865	-0.011078
51322	-0.017363	0.023680	-0.010818
51323	-0.016122	0.024755	-0.010497
51324	-0.017307	0.022980	-0.010036
51325	-0.017474	0.022721	-0.011705
51326	-0.017745	0.023561	-0.010702
51327	-0.017541	0.024017	-0.010385
51328	-0.017727	0.025663	-0.009993
51329	-0.019373	0.023408	-0.008460
51330	-0.019673	0.025017	-0.008059
51331	-0.021041	0.023083	-0.007823
51332	-0.020464	0.026025	-0.008054
51333	-0.020259	0.026483	-0.007738
51334	-0.020978	0.025551	-0.006906
51335	-0.020383	0.025594	-0.007275
51336	-0.020104	0.026776	-0.007758
51337	-0.018360	0.026701	-0.007513
51338	-0.018954	0.025113	-0.005885
51339	-0.019784	0.024953	-0.005573
51340	-0.019478	0.024588	-0.004856
51341	-0.019919	0.024013	-0.005230
51342	-0.021843	0.023960	-0.005607
51343	-0.021358	0.024742	-0.006589
51344	-0.020612	0.024832	-0.006984
51345	-0.022476	0.024054	-0.006677
51346	-0.019543	0.024641	-0.006479
51347	-0.020906	0.022712	-0.006247
51348	-0.021107	0.024319	-0.005971
51349	-0.020785	0.024042	-0.005045
51350	-0.021689	0.024659	-0.005271
51351	-0.021366	0.024383	-0.004345
51352	-0.022988	0.022957	-0.003332
51353	-0.021465	0.024359	-0.004310
51354	-0.022317	0.024194	-0.003984
51355	-0.022607	0.025808	-0.003594
51356	-0.021779	0.024377	-0.002754
51357	-0.021567	0.024840	-0.002440
51358	-0.022055	0.023553	-0.001988
51359	-0.022878	0.023398	-0.001678
51360	-0.024503	0.021892	-0.000874
51361	-0.024290	0.022356	-0.000560
51362	-0.022746	0.021983	0.000965
51363	-0.023793	0.023303	0.000054
51364	-0.023547	0.021605	-0.000523
51365	-0.022945	0.021655	-0.000896
51366	-0.022310	0.021685	-0.001344
51367	-0.022096	0.022150	-0.001030
51368	-0.020727	0.022518	-0.000044
51369	-0.020513	0.022983	0.000269
51370	-0.022842	0.023278	0.000389
51371	-0.022660	0.020823	0.000544
51372	-0.021373	0.022660	0.000146
51373	-0.021044	0.022388	0.001069
51374	-0.020209	0.021704	0.001188
51375	-0.019993	0.022170	0.001501
51376	-0.019680	0.022656	0.001759
51377	-0.019463	0.023123	0.002072
51378	-0.018164	0.022670	0.003635
51379	-0.019741	0.022226	0.002641
51380	-0.018901	0.023703	0.003598
51381	-0.017908	0.023342	0.002536
51382	-0.017962	0.024223	0.003416
51383	-0.019538	0.023780	0.002421
51384	-0.018500	0.024549	0.003991
51385	-0.017279	0.022715	0.004147
51386	-0.018178	0.024079	0.003193
51387	-0.018234	0.024223	0.004802
51388	-0.018448	0.023151	0.003642
51389	-0.019489	0.024478	0.002730
51390	-0.018816	0.024538	0.002285
51391	-0.018596	0.025007	0.002596
51392	-0.017081	0.025420	0.003545
51393	-0.017620	0.025597	0.002554
51394	-0.019040	0.023601	0.002652
51395	-0.016783	0.022386	0.002811
51396	-0.016665	0.023516	0.002316
51397	-0.017089	0.022956	0.001934
51398	-0.016703	0.023699	0.000902
51399	-0.016594	0.024907	0.000604
51400	-0.015458	0.026724	0.000296
51401	-0.017074	0.024485	0.001813
51402	-0.016557	0.023753	0.002107
51403	-0.015528	0.026318	0.001205
51404	-0.016989	0.023603	0.002087
51405	-0.016880	0.024813	0.001788
51406	-0.017450	0.024731	0.002009
51407	-0.017985	0.024912	0.001017
51408	-0.018422	0.025134	0.000016
51409	-0.017970	0.024130	0.001542
51410	-0.018648	0.024069	0.001919
51411	-0.018453	0.021623	0.002064
51412	-0.017720	0.024592	0.001723
51413	-0.017107	0.024652	0.001344
51414	-0.017519	0.024050	0.000804
51415	-0.017293	0.024524	0.001113
51416	-0.016693	0.026203	-0.000334
51417	-0.018303	0.023968	0.001179
51418	-0.015901	0.025860	-0.000001
51419	-0.016706	0.025718	0.000302
51420	-0.016120	0.025816	0.000041
51421	-0.016537	0.025262	-0.000344
51422	-0.017107	0.025431	-0.001338
51423	-0.016377	0.024755	-0.001110
51424	-0.018095	0.024056	-0.000784
51425	-0.015802	0.025764	-0.000464
51426	-0.017232	0.023794	-0.000315
51427	-0.015441	0.026652	0.000086
51428	-0.015572	0.025381	0.000185
51429	-0.015987	0.024830	-0.000202
51430	-0.016114	0.024364	-0.000653
51431	-0.016643	0.024552	-0.001647
51432	-0.018506	0.023812	-0.001278
51433	-0.016742	0.023754	-0.001046
51434	-0.015365	0.024877	-0.000775
51435	-0.017698	0.025274	-0.000398
51436	-0.016454	0.023361	-0.000498
51437	-0.016222	0.023839	-0.000191
51438	-0.015060	0.024869	0.000058
51439	-0.015586	0.025059	-0.000937
51440	-0.014859	0.024315	-0.000910
51441	-0.014855	0.026271	-0.001818
51442	-0.015610	0.024647	-0.000137
51443	-0.016936	0.022745	0.000075
51444	-0.016055	0.024238	0.001023
51445	-0.015821	0.024718	0.001330
51446	-0.015044	0.024504	0.001933
51447	-0.014810	0.024984	0.002239
51448	-0.014451	0.025545	0.002620
51449	-0.014745	0.024260	0.002837
51450	-0.015682	0.024054	0.003104
51451	-0.014944	0.023384	0.003328
51452	-0.014267	0.023464	0.002917
51453	-0.014418	0.024356	0.003912
51454	-0.010301	0.015066	-0.004877
51455	-0.010589	0.013770	-0.004673
51456	-0.009782	0.014901	-0.006995
51457	-0.010597	0.011840	-0.006881
51458	-0.010997	0.013519	-0.006206
51459	-0.011242	0.014032	-0.008511
51460	-0.010944	0.014577	-0.008089
51461	-0.010958	0.013611	-0.009182
51462	-0.010759	0.014036	-0.008976
51463	-0.010788	0.014178	-0.007387
51464	-0.011670	0.013835	-0.005653
51465	-0.009122	0.012949	-0.006816
51466	-0.009214	0.013067	-0.005237
51467	-0.010758	0.012639	-0.006254
51468	-0.011076	0.014294	-0.005735
51469	-0.010445	0.014355	-0.006132
51470	-0.010144	0.014903	-0.005710
51471	-0.010542	0.014351	-0.006114
51472	-0.009024	0.015774	-0.007070
51473	-0.008020	0.016532	-0.005475
51474	-0.008830	0.015267	-0.007888
51475	-0.010155	0.014467	-0.005012
51476	-0.010183	0.013447	-0.006261
51477	-0.009936	0.013921	-0.005969
51478	-0.009011	0.013570	-0.006977
51479	-0.009909	0.014170	-0.007298
51480	-0.008811	0.014624	-0.009050
51481	-0.008332	0.013619	-0.007548
51482	-0.008352	0.013689	-0.006180
51483	-0.007834	0.014494	-0.007184
51484	-0.008207	0.013974	-0.007544
51485	-0.007572	0.014039	-0.007943
51486	-0.009285	0.012519	-0.007129
51487	-0.009795	0.012711	-0.008140
51488	-0.006916	0.014010	-0.008722
51489	-0.011028	0.014615	-0.006988
51490	-0.009738	0.014678	-0.009172
51491	-0.010285	0.013060	-0.007679
51492	-0.009840	0.013566	-0.007529
51493	-0.011376	0.013147	-0.008549
51494	-0.010745	0.013235	-0.008896
51495	-0.011406	0.012358	-0.008009
51496	-0.011399	0.011358	-0.009256
51497	-0.013203	0.010609	-0.008982
51498	-0.012106	0.013141	-0.010067
51499	-0.010594	0.012752	-0.008560
51500	-0.012471	0.013511	-0.009607
51501	-0.012335	0.014730	-0.009922
51502	-0.011732	0.014845	-0.010172
51503	-0.012507	0.014711	-0.009890
51504	-0.012254	0.015211	-0.009551
51505	-0.011461	0.016353	-0.011852
51506	-0.012080	0.013638	-0.012955
51507	-0.012853	0.013505	-0.012674
51508	-0.011194	0.014188	-0.013070
51509	-0.010939	0.014668	-0.012781
51510	-0.011058	0.015569	-0.011797
51511	-0.010417	0.015640	-0.012199
51512	-0.010758	0.015112	-0.012634
51513	-0.009978	0.017355	-0.012250
51514	-0.010467	0.015839	-0.010559
51515	-0.008645	0.017597	-0.012852
51516	-0.009324	0.016671	-0.012102
51517	-0.010095	0.016539	-0.011822
51518	-0.008645	0.016157	-0.010241
51519	-0.009415	0.016026	-0.009961
51520	-0.008969	0.015763	-0.009172
51521	-0.008697	0.015147	-0.011569
51522	-0.008666	0.015312	-0.010005
51523	-0.007906	0.014645	-0.009804
51524	-0.006477	0.016806	-0.011427
51525	-0.005950	0.017622	-0.012434
51526	-0.005707	0.018126	-0.012080
51527	-0.006475	0.017997	-0.011801
51528	-0.005474	0.016826	-0.012412
51529	-0.007516	0.018663	-0.010662
51530	-0.006064	0.019830	-0.010362
51531	-0.006816	0.018605	-0.012770
51532	-0.005077	0.019313	-0.013196
51533	-0.006483	0.018164	-0.013618
51534	-0.006915	0.017617	-0.014018
51535	-0.006772	0.018844	-0.014334
51536	-0.006331	0.019588	-0.015461
51537	-0.008135	0.019944	-0.012505
51538	-0.008725	0.018739	-0.015051
51539	-0.006915	0.021598	-0.014658
51540	-0.008098	0.019645	-0.014787
51541	-0.008861	0.019519	-0.014510
51542	-0.008291	0.020410	-0.015376
51543	-0.008550	0.019135	-0.015188
51544	-0.008539	0.019350	-0.013464
51545	-0.008262	0.018743	-0.015865
51546	-0.009250	0.018552	-0.015538
51547	-0.007203	0.019929	-0.013940
51548	-0.006458	0.019984	-0.014527
51549	-0.006834	0.019452	-0.014943
51550	-0.006384	0.020000	-0.014705
51551	-0.005616	0.019338	-0.014509
51552	-0.006553	0.018855	-0.013120
51553	-0.006274	0.018250	-0.015522
51554	-0.006910	0.018172	-0.015270
51555	-0.005098	0.021033	-0.014876
51556	-0.006584	0.019842	-0.015358
51557	-0.006839	0.018570	-0.015172
51558	-0.007315	0.018815	-0.016128
51559	-0.006663	0.018897	-0.016535
51560	-0.006183	0.017873	-0.015116
51561	-0.005903	0.017271	-0.017520
51562	-0.006415	0.017257	-0.017227
51563	-0.006936	0.015652	-0.015748
51564	-0.005449	0.017065	-0.016742
51565	-0.006205	0.016944	-0.016467
51566	-0.005890	0.017384	-0.016392
51567	-0.006764	0.018006	-0.016719
51568	-0.006215	0.017858	-0.015733
51569	-0.005696	0.015775	-0.016934
51570	-0.003721	0.017213	-0.015100
51571	-0.003941	0.017764	-0.017414
51572	-0.003524	0.018339	-0.017076
51573	-0.003508	0.017407	-0.018187
51574	-0.002903	0.017477	-0.018591
51575	-0.003656	0.017358	-0.018317
51576	-0.005609	0.017104	-0.017411
51577	-0.003040	0.016245	-0.018595
51578	-0.004140	0.017606	-0.019428
51579	-0.003378	0.018038	-0.016547
51580	-0.003919	0.018214	-0.017634
51581	-0.004670	0.018097	-0.017361
51582	-0.005017	0.017474	-0.018088
51583	-0.004626	0.017225	-0.017204
51584	-0.004578	0.017422	-0.015573
51585	-0.004541	0.019401	-0.016493
51586	-0.005186	0.016645	-0.017751
51587	-0.003370	0.019509	-0.017356
51588	-0.004717	0.018446	-0.017648
51589	-0.004058	0.018535	-0.018058
51590	-0.004812	0.018341	-0.018011
51591	-0.004271	0.019173	-0.019023
51592	-0.005188	0.018721	-0.017571
51593	-0.005150	0.020702	-0.018491
51594	-0.005030	0.019806	-0.019637
51595	-0.005008	0.018880	-0.020752
51596	-0.005197	0.018367	-0.021357
51597	-0.004654	0.019200	-0.022369
51598	-0.004582	0.019639	-0.022036
51599	-0.004943	0.019120	-0.022458
51600	-0.007208	0.019551	-0.022103
51601	-0.004635	0.018698	-0.023292
51602	-0.004767	0.018792	-0.021753
51603	-0.006269	0.018407	-0.022786
51604	-0.007765	0.018056	-0.023741
51605	-0.007102	0.018149	-0.024153
51606	-0.007164	0.017181	-0.025310
51607	-0.005744	0.017546	-0.024419
51608	-0.006968	0.016992	-0.022930
51609	-0.004632	0.017626	-0.025320
51610	-0.004799	0.019278	-0.025012
51611	-0.006059	0.017409	-0.024846
51612	-0.005683	0.018251	-0.025668
51613	-0.005403	0.018750	-0.025387
51614	-0.006635	0.019852	-0.024870
51615	-0.006235	0.019608	-0.023990
51616	-0.004369	0.020604	-0.025733
51617	-0.005374	0.020157	-0.024170
51618	-0.005767	0.018586	-0.022766
51619	-0.003696	0.018886	-0.023863
51620	-0.005305	0.018251	-0.023551
51621	-0.004639	0.018347	-0.023965
51622	-0.005082	0.017815	-0.024357
51623	-0.005701	0.016964	-0.023489
51624	-0.005364	0.016720	-0.022562
51625	-0.005320	0.018708	-0.023482
51626	-0.004957	0.016311	-0.023496
51627	-0.005165	0.016880	-0.025815
51628	-0.005664	0.016054	-0.025024
51629	-0.004239	0.016422	-0.024135
51630	-0.003805	0.016484	-0.024406
51631	-0.004542	0.016378	-0.024138
51632	-0.003159	0.015341	-0.024848
51633	-0.002358	0.017602	-0.024463
51634	-0.002851	0.014917	-0.025729
51635	-0.003070	0.016569	-0.025355
51636	-0.001901	0.015473	-0.026002
51637	-0.001615	0.015977	-0.025724
51638	-0.002235	0.015171	-0.024747
51639	-0.001565	0.015270	-0.025163
51640	-0.000641	0.015666	-0.026996
51641	-0.001638	0.015222	-0.025435
51642	-0.002198	0.015214	-0.025104
51643	-0.000638	0.013762	-0.026312
51644	-0.000380	0.014265	-0.026017
51645	-0.000728	0.013758	-0.026445
51646	-0.001399	0.013709	-0.026103
51647	-0.001747	0.013202	-0.026531
51648	-0.003764	0.012130	-0.025050
51649	-0.001435	0.013853	-0.024750
51650	-0.001956	0.012237	-0.023336
51651	-0.003443	0.011867	-0.024375
51652	-0.003152	0.012387	-0.024074
51653	-0.002479	0.012490	-0.024492
51654	-0.004439	0.012438	-0.017417
51655	-0.005171	0.012339	-0.017143
51656	-0.004029	0.012081	-0.018237
51657	-0.003741	0.012590	-0.017952
51658	-0.003738	0.012698	-0.016539
51659	-0.003942	0.013281	-0.018852
51660	-0.004664	0.012381	-0.018031
51661	-0.004254	0.012147	-0.017149
51662	-0.005177	0.012023	-0.016748
51663	-0.004503	0.012130	-0.017159
51664	-0.005887	0.011048	-0.017509
51665	-0.003560	0.012775	-0.017200
51666	-0.004212	0.010045	-0.018438
51667	-0.004426	0.011704	-0.018056
51668	-0.005863	0.009565	-0.016537
51669	-0.005188	0.009674	-0.016948
51670	-0.006459	0.009836	-0.016219
51671	-0.007186	0.009741	-0.015946
51672	-0.006888	0.008681	-0.014450
51673	-0.006585	0.008120	-0.016862
51674	-0.007527	0.009603	-0.017580
51675	-0.006742	0.010041	-0.014698
51676	-0.007124	0.010397	-0.015519
51677	-0.008868	0.009696	-0.015259
51678	-0.008598	0.010188	-0.015017
51679	-0.007921	0.010299	-0.015429
51680	-0.007755	0.010171	-0.017356
51681	-0.007218	0.009196	-0.015878
51682	-0.006035	0.011777	-0.016995
51683	-0.005235	0.011144	-0.016810
51684	-0.007919	0.010724	-0.016998
51685	-0.007502	0.010494	-0.016119
51686	-0.007625	0.010046	-0.016664
51687	-0.008348	0.009955	-0.016394
51688	-0.008695	0.009486	-0.016754
51689	-0.005597	0.010411	-0.017838
51690	-0.006134	0.010328	-0.017763
51691	-0.004820	0.011451	-0.017468
51692	-0.005137	0.009668	-0.019264
51693	-0.004840	0.010185	-0.018982
51694	-0.005518	0.010225	-0.018405
51695	-0.005854	0.009732	-0.018831
51696	-0.006260	0.009904	-0.020152
51697	-0.005719	0.008932	-0.018676
51698	-0.006601	0.010291	-0.019817
51699	-0.006564	0.010466	-0.018243
51700	-0.006892	0.010769	-0.019284
51701	-0.006332	0.011630	-0.020295
51702	-0.006510	0.011225	-0.020663
51703	-0.006723	0.009990	-0.020495
51704	-0.005953	0.011740	-0.022073
51705	-0.006677	0.008751	-0.022018
51706	-0.007301	0.008705	-0.021748
51707	-0.005228	0.010094	-0.020148
51708	-0.006571	0.009015	-0.020563
51709	-0.006148	0.008789	-0.019686
51710	-0.006321	0.010393	-0.019530
51711	-0.007036	0.010307	-0.019263
51712	-0.007863	0.010228	-0.018859
51713	-0.008316	0.010485	-0.019884
51714	-0.008930	0.010468	-0.019547
51715	-0.006856	0.011858	-0.017948
51716	-0.006889	0.011767	-0.019574
51717	-0.006464	0.011543	-0.018698
51718	-0.005600	0.010864	-0.018744
51719	-0.006312	0.010779	-0.018477
51720	-0.005207	0.011802	-0.018251
51721	-0.006935	0.011112	-0.017997
51722	-0.005914	0.010533	-0.017936
51723	-0.005349	0.011400	-0.018949
51724	-0.005342	0.012625	-0.019201
51725	-0.006053	0.012542	-0.018935
51726	-0.004954	0.011416	-0.019645
51727	-0.004527	0.011193	-0.018770
51728	-0.006500	0.011004	-0.017710
51729	-0.004919	0.012478	-0.018710
51730	-0.003396	0.011043	-0.019904
51731	-0.002074	0.012172	-0.019612
51732	-0.003030	0.010750	-0.020576
51733	-0.003356	0.010267	-0.021008
51734	-0.003474	0.009800	-0.021642
51735	-0.003167	0.010325	-0.021363
51736	-0.003654	0.010509	-0.022585
51737	-0.003100	0.009541	-0.021116
51738	-0.004088	0.010932	-0.022070
51739	-0.004040	0.011113	-0.020500
51740	-0.003201	0.012077	-0.021561
51741	-0.003142	0.011196	-0.022692
51742	-0.002647	0.011031	-0.021747
51743	-0.003352	0.010951	-0.021482
51744	-0.003409	0.010856	-0.023116
51745	-0.001579	0.010840	-0.022927
51746	-0.002067	0.010917	-0.022478
51747	-0.001753	0.014343	-0.021980
51748	-0.001417	0.012017	-0.021837
51749	-0.001106	0.012544	-0.021559
51750	-0.001803	0.013219	-0.022025
51751	-0.001232	0.014092	-0.023039
51752	-0.002555	0.012977	-0.023602
51753	-0.000214	0.014714	-0.023296
51754	-0.001072	0.014604	-0.022968
51755	-0.002282	0.012775	-0.022823
51756	-0.003293	0.013369	-0.023175
51757	-0.002980	0.013898	-0.022898
51758	-0.003848	0.013763	-0.022623
51759	-0.003153	0.013891	-0.023044
51760	-0.002428	0.014848	-0.024013
51761	-0.003895	0.012675	-0.022577
51762	-0.002485	0.013821	-0.022356
51763	-0.002420	0.012946	-0.023490
51764	-0.001204	0.013819	-0.021842
51765	-0.001645	0.014091	-0.022871
51766	-0.001833	0.012901	-0.022650
51767	-0.002149	0.012427	-0.023087
51768	-0.001992	0.013704	-0.023379
51769	-0.003703	0.013026	-0.023132
51770	-0.002893	0.012336	-0.023170
51771	-0.001564	0.013472	-0.022880
51772	-0.002508	0.012062	-0.023854
51773	-0.001810	0.012194	-0.024276
51774	-0.001314	0.012038	-0.023313
51775	-0.002268	0.011619	-0.021760
51776	0.000632	0.012244	-0.021542
51777	-0.001077	0.011568	-0.021296
51778	-0.001827	0.011539	-0.020869
51779	-0.002015	0.013218	-0.020488
51780	-0.000929	0.011133	-0.019092
51781	-0.001118	0.009916	-0.018937
51782	-0.001906	0.010638	-0.019187
51783	-0.002601	0.010568	-0.018926
51784	-0.003162	0.009724	-0.018180
51785	-0.003091	0.011752	-0.019090
51786	-0.004543	0.011411	-0.020188
51787	-0.002457	0.012805	-0.018592
51788	-0.003291	0.010638	-0.019005
51789	-0.002971	0.011173	-0.018730
51790	-0.002461	0.011021	-0.017778
51791	-0.002389	0.010154	-0.018916
51792	-0.003014	0.010204	-0.018407
51793	-0.003447	0.010484	-0.019439
51794	-0.002806	0.009742	-0.019456
51795	-0.002227	0.010626	-0.020473
51796	-0.002169	0.011549	-0.019682
51797	-0.002859	0.011482	-0.019423
51798	-0.001953	0.011638	-0.020038
51799	-0.002643	0.011571	-0.019779
51800	-0.002347	0.012141	-0.019393
51801	-0.004047	0.011472	-0.019150
51802	-0.004859	0.011407	-0.018763
51803	-0.007065	0.011885	-0.018413
51804	-0.005557	0.010114	-0.018606
51805	-0.005358	0.011400	-0.018925
51806	-0.006015	0.011357	-0.018649
51807	-0.006827	0.012040	-0.018983
51808	-0.008553	0.011347	-0.018798
51809	-0.008982	0.011632	-0.019831
51810	-0.007988	0.011082	-0.019700
51811	-0.008674	0.011019	-0.019442
51812	-0.008057	0.010772	-0.018884
51813	-0.007855	0.012060	-0.019203
51814	-0.007553	0.012634	-0.018821
51815	-0.007857	0.012173	-0.019264
51816	-0.007563	0.013474	-0.019662
51817	-0.009258	0.012809	-0.019421
51818	-0.006277	0.013489	-0.019153
51819	-0.007465	0.011678	-0.019020
51820	-0.006580	0.011865	-0.019533
51821	-0.005241	0.013009	-0.019246
51822	-0.005089	0.012868	-0.021300
51823	-0.004761	0.013409	-0.021029
51824	-0.004440	0.014281	-0.021827
51825	-0.005882	0.012122	-0.020404
51826	-0.006695	0.012012	-0.020159
51827	-0.006614	0.011156	-0.021303
51828	-0.004513	0.012621	-0.019538
51829	-0.004183	0.013164	-0.019266
51830	-0.004037	0.012364	-0.020344
51831	-0.004211	0.011158	-0.020198
51832	-0.004479	0.009939	-0.020003
51833	-0.004903	0.010230	-0.021038
51834	-0.004061	0.011290	-0.021890
51835	-0.005494	0.010980	-0.022942
51836	-0.004359	0.012596	-0.021959
51837	-0.005037	0.012538	-0.021704
51838	-0.005812	0.012436	-0.021480
51839	-0.006490	0.012379	-0.021226
51840	-0.005433	0.012691	-0.021588
51841	-0.003584	0.012692	-0.021411
51842	-0.004762	0.010958	-0.021100
51843	-0.004935	0.012649	-0.020720
51844	-0.004729	0.011877	-0.021789
51845	-0.005024	0.011424	-0.022235
51846	-0.004682	0.011192	-0.021346
51847	-0.005357	0.011136	-0.021092
51848	-0.004174	0.010902	-0.022296
51849	-0.005355	0.011992	-0.021932
51850	-0.003788	0.011647	-0.020442
51851	-0.004965	0.009845	-0.020316
51852	-0.005553	0.010645	-0.020600
51853	-0.006352	0.011340	-0.020937
51854	-0.002288	0.014071	-0.018668
51855	-0.002575	0.013624	-0.019112
51856	-0.001546	0.013146	-0.018838
51857	-0.001205	0.013697	-0.018566
51858	-0.001959	0.013660	-0.018193
51859	-0.002627	0.013611	-0.017937
51860	-0.002911	0.013197	-0.018312
51861	-0.003449	0.014249	-0.019937
51862	-0.002826	0.014338	-0.020460
51863	-0.003112	0.013893	-0.020906
51864	-0.002554	0.014776	-0.021955
51865	-0.004228	0.014126	-0.021717
51866	-0.002121	0.015595	-0.019953
51867	-0.003038	0.017045	-0.020877
51868	-0.002233	0.016403	-0.020821
51869	-0.002898	0.016356	-0.020566
51870	-0.003422	0.016364	-0.020323
51871	-0.004086	0.016318	-0.020069
51872	-0.002956	0.016097	-0.021193
51873	-0.003614	0.013159	-0.021180
51874	-0.004572	0.014588	-0.022135
51875	-0.004221	0.012252	-0.022105
51876	-0.002883	0.014207	-0.022399
51877	-0.003546	0.014161	-0.022145
51878	-0.004848	0.013914	-0.023212
51879	-0.005510	0.013869	-0.022959
51880	-0.003577	0.014650	-0.023551
51881	-0.005245	0.014005	-0.023315
51882	-0.005903	0.013941	-0.023146
51883	-0.003788	0.014307	-0.024261
51884	-0.005566	0.015769	-0.023055
51885	-0.005845	0.015330	-0.023504
51886	-0.004693	0.015048	-0.024832
51887	-0.005226	0.014256	-0.023991
51888	-0.004652	0.014179	-0.022935
51889	-0.005057	0.014490	-0.023972
51890	-0.005664	0.014423	-0.023864
51891	-0.003808	0.017327	-0.023447
51892	-0.005078	0.014730	-0.022657
51893	-0.005355	0.014292	-0.023107
51894	-0.006049	0.014200	-0.022975
51895	-0.005446	0.015113	-0.023996
51896	-0.005992	0.015097	-0.023807
51897	-0.004382	0.016611	-0.024810
51898	-0.004818	0.015078	-0.023338
51899	-0.005727	0.016537	-0.024263
51900	-0.007036	0.015499	-0.024729
51901	-0.006178	0.014914	-0.024574
51902	-0.006305	0.014565	-0.024958
51903	-0.005826	0.014375	-0.024102
51904	-0.006118	0.013998	-0.024387
51905	-0.006265	0.012814	-0.024250
51906	-0.007109	0.014331	-0.025103
51907	-0.006748	0.012003	-0.025081
51908	-0.007627	0.013462	-0.026061
51909	-0.008280	0.013424	-0.025811
51910	-0.008221	0.012290	-0.025780
51911	-0.007867	0.012852	-0.025512
51912	-0.007955	0.011733	-0.025268
51913	-0.006342	0.013250	-0.026273
51914	-0.008184	0.011286	-0.027367
51915	-0.007078	0.013948	-0.028257
51916	-0.007122	0.012865	-0.027968
51917	-0.007645	0.012078	-0.027131
51918	-0.007823	0.011718	-0.027501
51919	-0.007467	0.012281	-0.027233
51920	-0.006449	0.011786	-0.027029
51921	-0.004835	0.013305	-0.028033
51922	-0.006012	0.013061	-0.029259
51923	-0.005645	0.010736	-0.029241
51924	-0.004323	0.012695	-0.029527
51925	-0.004844	0.011910	-0.028691
51926	-0.004458	0.012526	-0.028326
51927	-0.004100	0.013091	-0.028060
51928	-0.004200	0.011867	-0.028114
51929	-0.004851	0.013690	-0.030329
51930	-0.003961	0.013135	-0.030153
51931	-0.004602	0.012070	-0.032618
51932	-0.004545	0.013915	-0.032092
51933	-0.004058	0.013731	-0.031239
51934	-0.004453	0.014069	-0.032257
51935	-0.005350	0.013680	-0.030720
51936	-0.004903	0.015387	-0.032206
51937	-0.005040	0.014210	-0.032075
51938	-0.004439	0.015153	-0.033040
51939	-0.004827	0.013620	-0.031620
51940	-0.004506	0.015035	-0.031777
51941	-0.005657	0.016148	-0.031414
51942	-0.005197	0.016023	-0.030382
51943	-0.004077	0.015803	-0.031522
51944	-0.002550	0.017309	-0.032504
51945	-0.003940	0.015178	-0.031104
51946	-0.003341	0.016093	-0.032157
51947	-0.003481	0.016778	-0.034489
51948	-0.003430	0.014973	-0.033501
51949	-0.003067	0.015541	-0.033236
51950	-0.003277	0.015206	-0.033512
51951	-0.002534	0.015382	-0.033950
51952	-0.004241	0.013727	-0.031712
51953	-0.002126	0.016995	-0.032581
51954	-0.002613	0.015428	-0.031165
51955	-0.002751	0.016115	-0.033497
51956	-0.002976	0.015008	-0.033090
51957	-0.004251	0.016876	-0.033312
51958	-0.003457	0.017115	-0.033644
51959	-0.004603	0.018232	-0.033280
51960	-0.005215	0.018225	-0.033030
51961	-0.005106	0.020299	-0.033936
51962	-0.005094	0.016250	-0.034203
51963	-0.003725	0.017419	-0.033919
51964	-0.003977	0.019915	-0.034070
51965	-0.004235	0.019496	-0.034528
51966	-0.003412	0.018849	-0.034562
51967	-0.003045	0.019421	-0.034298
51968	-0.004695	0.018840	-0.033956
51969	-0.004065	0.016885	-0.035237
51970	-0.005015	0.019484	-0.033133
51971	-0.002886	0.019870	-0.034257
51972	-0.002806	0.019038	-0.035456
51973	-0.003311	0.018262	-0.034627
51974	-0.004102	0.018205	-0.034323
51975	-0.003354	0.018386	-0.034763
51976	-0.004216	0.018054	-0.033129
51977	-0.003842	0.017605	-0.035582
51978	-0.003918	0.017754	-0.034011
51979	-0.005303	0.017493	-0.035076
51980	-0.003544	0.018248	-0.035589
51981	-0.003552	0.019215	-0.034622
51982	-0.003433	0.019702	-0.034354
51983	-0.003062	0.020277	-0.034091
51984	-0.000964	0.020695	-0.035116
51985	-0.002597	0.020075	-0.034893
51986	-0.002425	0.020374	-0.033185
51987	-0.003550	0.018611	-0.033081
51988	-0.001664	0.018758	-0.032610
51989	-0.001043	0.019694	-0.033636
51990	-0.001630	0.019645	-0.033553
51991	-0.003391	0.019779	-0.033914
51992	-0.002425	0.020381	-0.035463
51993	-0.003797	0.018260	-0.034072
51994	-0.001940	0.021187	-0.033628
51995	-0.003321	0.020930	-0.034694
51996	-0.002522	0.020337	-0.034548
51997	-0.002148	0.020914	-0.034286
51998	-0.001706	0.019416	-0.034921
51999	-0.001332	0.019994	-0.034659
52000	-0.000901	0.019813	-0.033782
52001	-0.000522	0.019371	-0.036238
52002	-0.001132	0.019402	-0.035894
52003	-0.001266	0.021124	-0.035511
52004	-0.001089	0.021371	-0.033958
52005	-0.001715	0.021354	-0.033717
52006	-0.001288	0.021959	-0.033470
52007	-0.000783	0.021787	-0.032625
52008	0.000380	0.022463	-0.034176
52009	-0.000986	0.020345	-0.032789
52010	-0.001045	0.022104	-0.032415
52011	-0.000160	0.021541	-0.032276
52012	0.000497	0.022460	-0.033419
52013	0.000382	0.021301	-0.033300
52014	0.001027	0.021415	-0.033869
52015	0.000404	0.021400	-0.033629
52016	-0.000079	0.020708	-0.032610
52017	0.002300	0.022483	-0.032308
52018	0.000006	0.019779	-0.031026
52019	0.001882	0.021679	-0.033321
52020	0.002146	0.021499	-0.032245
52021	0.001524	0.021485	-0.032005
52022	0.000980	0.020661	-0.031320
52023	0.001737	0.020853	-0.031765
52024	0.001453	0.020740	-0.033407
52025	0.001829	0.022339	-0.030427
52026	0.001206	0.019715	-0.031718
52027	0.001078	0.021441	-0.031336
52028	-0.000605	0.020757	-0.031279
52029	-0.001472	0.020383	-0.029752
52030	-0.000850	0.020578	-0.030051
52031	-0.001978	0.021710	-0.029690
52032	-0.001193	0.020993	-0.032594
52033	-0.000551	0.020072	-0.031170
52034	-0.000422	0.020357	-0.029461
52035	-0.001792	0.020113	-0.030531
52036	-0.001543	0.020673	-0.030214
52037	-0.001783	0.020272	-0.030682
52038	-0.001812	0.019211	-0.030412
52039	-0.002429	0.019201	-0.030174
52040	-0.001158	0.021095	-0.030652
52041	-0.002022	0.020723	-0.029126
52042	-0.002306	0.018180	-0.030582
52043	-0.002170	0.018404	-0.029035
52044	-0.002811	0.018328	-0.028980
52045	-0.003049	0.017929	-0.029448
52046	-0.002583	0.018584	-0.029108
52047	-0.002820	0.018186	-0.029576
52048	-0.001980	0.017697	-0.029224
52049	-0.003103	0.018832	-0.028862
52050	-0.001379	0.017511	-0.030205
52051	-0.002486	0.016777	-0.027392
52052	-0.001911	0.017802	-0.028164
52053	-0.001148	0.018000	-0.028612
52054	-0.001463	0.014171	-0.017309
52055	0.000560	0.013458	-0.016562
52056	-0.000252	0.014250	-0.016696
52057	0.000134	0.014838	-0.016427
52058	-0.000198	0.013342	-0.015013
52059	0.000696	0.012787	-0.014869
52060	-0.000125	0.013499	-0.015214
52061	-0.000737	0.013493	-0.014967
52062	-0.000416	0.014153	-0.014434
52063	-0.000029	0.014742	-0.014165
52064	0.000797	0.015261	-0.015815
52065	-0.000549	0.013154	-0.014427
52066	-0.000619	0.014937	-0.013985
52067	0.000277	0.014384	-0.013843
52068	-0.000468	0.015170	-0.014089
52069	0.000051	0.015006	-0.013241
52070	-0.000149	0.014532	-0.013968
52071	0.000863	0.015098	-0.015694
52072	0.001842	0.014603	-0.015526
52073	0.000725	0.015742	-0.015154
52074	0.002313	0.015467	-0.013510
52075	0.001216	0.013727	-0.013412
52076	0.001522	0.015120	-0.013679
52077	0.001292	0.014728	-0.014140
52078	0.002258	0.014183	-0.014081
52079	0.002648	0.014775	-0.013814
52080	0.000691	0.013794	-0.012250
52081	0.003079	0.014568	-0.014662
52082	0.002278	0.016111	-0.015556
52083	0.000429	0.015150	-0.014046
52084	0.000327	0.014786	-0.014598
52085	0.000964	0.015744	-0.015619
52086	0.001630	0.015743	-0.014516
52087	0.002400	0.015948	-0.014957
52088	0.003430	0.016559	-0.016615
52089	0.002581	0.016193	-0.015084
52090	0.002450	0.013761	-0.016423
52091	0.001846	0.013761	-0.016178
52092	0.003794	0.013883	-0.015897
52093	0.003059	0.014637	-0.016232
52094	0.003775	0.014845	-0.016601
52095	0.003794	0.014823	-0.018351
52096	0.001660	0.014631	-0.017247
52097	0.002321	0.012713	-0.018545
52098	0.002281	0.014513	-0.018087
52099	0.001945	0.012003	-0.019408
52100	0.002425	0.012953	-0.020294
52101	0.001823	0.012955	-0.020051
52102	0.000142	0.013140	-0.020454
52103	0.000915	0.013348	-0.020895
52104	-0.000881	0.012417	-0.019399
52105	-0.000218	0.010502	-0.020699
52106	-0.000191	0.012296	-0.020348
52107	0.001956	0.012711	-0.021475
52108	-0.000157	0.011128	-0.022177
52109	0.000373	0.010971	-0.021332
52110	0.001220	0.011220	-0.021772
52111	0.000999	0.010836	-0.022237
52112	-0.000908	0.009905	-0.020589
52113	-0.001040	0.013521	-0.022641
52114	-0.001336	0.010967	-0.024150
52115	0.000058	0.012158	-0.023863
52116	-0.000447	0.012130	-0.023842
52117	-0.000534	0.010994	-0.023729
52118	-0.000304	0.012432	-0.023782
52119	-0.000524	0.012051	-0.024249
52120	-0.000347	0.011331	-0.025336
52121	-0.001938	0.010745	-0.025117
52122	-0.000445	0.011874	-0.025155
52123	-0.001040	0.011881	-0.024913
52124	-0.001480	0.011896	-0.024866
52125	-0.002450	0.012291	-0.023917
52126	-0.001880	0.012482	-0.024208
52127	-0.002097	0.012103	-0.024675
52128	-0.003806	0.012242	-0.025158
52129	-0.001148	0.012519	-0.023692
52130	-0.001846	0.011463	-0.026246
52131	-0.001687	0.011697	-0.024696
52132	-0.002731	0.010796	-0.025209
52133	-0.003565	0.009438	-0.026408
52134	-0.003139	0.010035	-0.026225
52135	-0.003353	0.009658	-0.026693
52136	-0.002446	0.009101	-0.026651
52137	-0.003278	0.007745	-0.027851
52138	-0.003818	0.007821	-0.027505
52139	-0.004142	0.006321	-0.026109
52140	-0.003775	0.008020	-0.027652
52141	-0.002860	0.007481	-0.027520
52142	-0.001973	0.007724	-0.028043
52143	-0.001434	0.007572	-0.027202
52144	0.000030	0.007017	-0.029006
52145	-0.001553	0.006436	-0.028790
52146	-0.001170	0.006736	-0.027334
52147	-0.002243	0.005014	-0.027249
52148	-0.001739	0.006759	-0.028810
52149	-0.001199	0.006609	-0.027970
52150	-0.001569	0.005936	-0.027096
52151	-0.001295	0.007296	-0.027411
52152	-0.000874	0.007932	-0.027090
52153	-0.000467	0.008537	-0.026828
52154	-0.000588	0.007177	-0.025300
52155	0.000062	0.008151	-0.026324
52156	0.000915	0.008419	-0.026726
52157	0.000706	0.008047	-0.027197
52158	0.000936	0.006528	-0.027773
52159	0.000485	0.005787	-0.026958
52160	0.000554	0.006068	-0.025194
52161	0.000696	0.008186	-0.026087
52162	0.000010	0.008216	-0.025708
52163	-0.001058	0.006498	-0.025626
52164	-0.000192	0.006818	-0.025921
52165	-0.000399	0.006448	-0.026392
52166	-0.000506	0.006076	-0.027012
52167	-0.000471	0.007070	-0.026041
52168	-0.000657	0.005856	-0.026069
52169	-0.002500	0.006793	-0.027009
52170	-0.001250	0.007004	-0.029270
52171	-0.001563	0.005510	-0.027880
52172	-0.000102	0.007524	-0.028244
52173	-0.000307	0.007156	-0.028716
52174	-0.000334	0.008058	-0.027923
52175	-0.000539	0.007691	-0.028396
52176	-0.000317	0.008236	-0.028124
52177	0.000096	0.008845	-0.027864
52178	0.001543	0.009034	-0.030443
52179	0.001714	0.009273	-0.028897
52180	0.000726	0.007632	-0.028727
52181	0.000763	0.008628	-0.027758
52182	0.000220	0.008657	-0.027554
52183	-0.000117	0.009047	-0.028604
52184	0.002184	0.008726	-0.029173
52185	0.000344	0.010657	-0.027385
52186	-0.000393	0.009653	-0.029827
52187	-0.000702	0.008162	-0.028440
52188	-0.000502	0.010407	-0.029081
52189	-0.001079	0.010427	-0.028846
52190	-0.000739	0.011012	-0.028597
52191	0.000052	0.011240	-0.029048
52192	-0.000073	0.011937	-0.026706
52193	0.000343	0.011561	-0.029177
52194	-0.000403	0.011529	-0.028902
52195	-0.000978	0.011551	-0.028668
52196	-0.000491	0.012182	-0.028463
52197	-0.000825	0.012576	-0.029515
52198	-0.000499	0.011105	-0.030069
52199	-0.000082	0.011718	-0.029810
52200	0.000563	0.012026	-0.029920
52201	-0.000521	0.013190	-0.029552
52202	-0.000217	0.010885	-0.029563
52203	-0.001271	0.009178	-0.029489
52204	-0.000089	0.011902	-0.030420
52205	-0.000662	0.011926	-0.030187
52206	-0.000380	0.012967	-0.029403
52207	-0.000577	0.012607	-0.029880
52208	0.000818	0.013855	-0.029487
52209	-0.002458	0.010596	-0.028178
52210	-0.002909	0.010603	-0.028152
52211	-0.000747	0.012026	-0.026559
52212	-0.001693	0.011426	-0.028408
52213	-0.001889	0.011068	-0.028885
52214	-0.002189	0.010671	-0.029388
52215	-0.001633	0.010530	-0.028555
52216	-0.003293	0.009924	-0.028403
52217	-0.001161	0.013234	-0.029246
52218	-0.002251	0.013133	-0.030381
52219	-0.002549	0.011646	-0.029000
52220	-0.003341	0.013190	-0.030015
52221	-0.003909	0.013218	-0.029783
52222	-0.003664	0.014600	-0.030065
52223	-0.004367	0.015385	-0.030408
52224	-0.004970	0.015477	-0.029978
52225	-0.005026	0.014366	-0.029883
52226	-0.005779	0.014444	-0.029307
52227	-0.006346	0.014474	-0.029076
52228	-0.007017	0.012462	-0.029543
52229	-0.006353	0.013455	-0.030572
52230	-0.006366	0.012361	-0.030479
52231	-0.006557	0.012007	-0.030960
52232	-0.007032	0.012110	-0.030674
52233	-0.005107	0.012179	-0.030530
52234	-0.006518	0.011981	-0.031570
52235	-0.006811	0.010498	-0.030192
52236	-0.006308	0.010388	-0.029264
52237	-0.005882	0.011008	-0.029008
52238	-0.005392	0.011716	-0.028640
52239	-0.005581	0.011365	-0.029121
52240	-0.006600	0.009999	-0.030218
52241	-0.004466	0.013314	-0.031059
52242	-0.004652	0.011864	-0.029723
52243	-0.005693	0.010167	-0.029657
52244	-0.005309	0.011645	-0.029850
52245	-0.004371	0.011127	-0.029732
52246	-0.004006	0.012499	-0.030176
52247	-0.004193	0.012150	-0.030658
52248	-0.005783	0.010398	-0.028864
52249	-0.002899	0.012948	-0.031127
52250	-0.004010	0.012817	-0.032350
52251	-0.003549	0.010571	-0.032397
52252	-0.002621	0.012920	-0.032049
52253	-0.002192	0.013544	-0.031795
52254	-0.000251	0.012704	-0.021760
52255	-0.000809	0.012741	-0.021520
52256	-0.002044	0.011799	-0.022014
52257	-0.001885	0.013940	-0.022894
52258	-0.002767	0.012263	-0.022982
52259	-0.000596	0.012713	-0.024114
52260	-0.001628	0.012343	-0.022442
52261	-0.002184	0.012381	-0.022203
52262	-0.002459	0.012051	-0.022568
52263	-0.002640	0.011708	-0.023041
52264	-0.003549	0.011655	-0.022663
52265	-0.003593	0.010554	-0.022563
52266	-0.002966	0.011687	-0.023238
52267	-0.002292	0.013667	-0.021522
52268	-0.002690	0.012050	-0.023293
52269	-0.001745	0.011539	-0.023167
52270	-0.002041	0.012007	-0.024126
52271	-0.001606	0.012635	-0.023861
52272	-0.001264	0.014116	-0.023956
52273	-0.003556	0.013357	-0.025055
52274	-0.003128	0.011124	-0.025066
52275	-0.004430	0.010953	-0.026139
52276	-0.003418	0.012167	-0.027009
52277	-0.002845	0.012039	-0.026172
52278	-0.003699	0.012481	-0.025275
52279	-0.002888	0.012729	-0.025723
52280	-0.003633	0.013180	-0.024918
52281	-0.001696	0.013258	-0.024767
52282	-0.003754	0.013925	-0.024233
52283	-0.003553	0.014179	-0.022685
52284	-0.003198	0.012753	-0.023215
52285	-0.003510	0.013173	-0.024262
52286	-0.003667	0.014026	-0.023499
52287	-0.003229	0.014658	-0.023235
52288	-0.004782	0.014190	-0.022773
52289	-0.002368	0.015997	-0.022456
52290	-0.004035	0.015127	-0.020981
52291	-0.003833	0.015382	-0.019433
52292	-0.003582	0.014753	-0.020460
52293	-0.003006	0.014627	-0.019625
52294	-0.003105	0.013591	-0.019277
52295	-0.003278	0.013256	-0.019753
52296	-0.003580	0.011840	-0.018227
52297	-0.003414	0.013991	-0.019107
52298	-0.004460	0.012476	-0.018586
52299	-0.003983	0.010244	-0.018632
52300	-0.003652	0.011737	-0.018735
52301	-0.003073	0.011613	-0.017901
52302	-0.002635	0.012344	-0.017400
52303	-0.003180	0.012391	-0.017164
52304	-0.004323	0.012213	-0.018483
52305	-0.004155	0.014365	-0.019362
52306	-0.004347	0.012937	-0.017985
52307	-0.003192	0.015677	-0.018837
52308	-0.003906	0.014362	-0.020193
52309	-0.003836	0.015378	-0.019218
52310	-0.004388	0.014693	-0.018172
52311	-0.004082	0.016088	-0.018481
52312	-0.003931	0.014239	-0.017906
52313	-0.003487	0.014876	-0.017643
52314	-0.003034	0.014255	-0.018911
52315	-0.004326	0.014097	-0.019988
52316	-0.005877	0.015699	-0.018672
52317	-0.005432	0.016337	-0.018411
52318	-0.005585	0.015973	-0.019020
52319	-0.005890	0.016403	-0.020069
52320	-0.006765	0.014842	-0.019882
52321	-0.007069	0.015272	-0.020932
52322	-0.006059	0.014859	-0.020655
52323	-0.004903	0.017602	-0.021506
52324	-0.006183	0.015885	-0.021281
52325	-0.006210	0.014798	-0.021190
52326	-0.005565	0.015539	-0.020923
52327	-0.005868	0.015971	-0.021973
52328	-0.006976	0.014315	-0.021770
52329	-0.006804	0.016473	-0.022649
52330	-0.005743	0.016000	-0.022582
52331	-0.006754	0.014328	-0.022520
52332	-0.006317	0.014981	-0.022229
52333	-0.005496	0.015241	-0.022682
52334	-0.005344	0.015083	-0.023106
52335	-0.004383	0.014585	-0.022989
52336	-0.004102	0.016879	-0.023645
52337	-0.004126	0.015795	-0.023557
52338	-0.005428	0.015599	-0.024773
52339	-0.004940	0.013377	-0.024828
52340	-0.004276	0.015357	-0.023061
52341	-0.004437	0.015034	-0.023543
52342	-0.004863	0.014414	-0.022519
52343	-0.003900	0.013917	-0.022403
52344	-0.002538	0.015143	-0.022030
52345	-0.002837	0.015580	-0.023081
52346	-0.004544	0.014762	-0.021389
52347	-0.004331	0.014061	-0.022585
52348	-0.004092	0.015123	-0.021712
52349	-0.004252	0.014801	-0.022195
52350	-0.003855	0.015400	-0.021964
52351	-0.003402	0.016043	-0.021704
52352	-0.004369	0.014376	-0.021726
52353	-0.002697	0.015986	-0.022722
52354	-0.003009	0.016098	-0.022643
52355	-0.002790	0.016361	-0.021100
52356	-0.002510	0.015646	-0.022431
52357	-0.001545	0.015152	-0.022317
52358	-0.002103	0.015141	-0.022251
52359	-0.001276	0.015407	-0.022706
52360	-0.002649	0.014090	-0.022015
52361	-0.000505	0.017426	-0.022837
52362	-0.000929	0.015851	-0.021587
52363	-0.002208	0.015707	-0.022668
52364	-0.001708	0.016407	-0.022353
52365	-0.002613	0.015886	-0.024149
52366	-0.003071	0.015233	-0.023171
52367	-0.001120	0.015326	-0.023030
52368	-0.000626	0.016253	-0.024127
52369	-0.001859	0.014209	-0.022789
52370	-0.001185	0.015220	-0.023880
52371	-0.002736	0.017559	-0.023358
52372	-0.001354	0.016690	-0.024037
52373	-0.001741	0.015992	-0.023240
52374	-0.001300	0.016621	-0.023048
52375	-0.001826	0.016684	-0.022819
52376	-0.001085	0.015835	-0.021370
52377	-0.000627	0.016483	-0.021113
52378	-0.000226	0.017388	-0.022138
52379	-0.000751	0.017451	-0.021909
52380	-0.001377	0.018274	-0.022328
52381	-0.001389	0.017200	-0.022246
52382	-0.000865	0.017918	-0.021877
52383	-0.000033	0.018189	-0.022335
52384	-0.000113	0.017036	-0.022361
52385	0.000346	0.017685	-0.022104
52386	-0.000198	0.017762	-0.021836
52387	-0.000721	0.017827	-0.021608
52388	0.000399	0.017437	-0.021382
52389	-0.000124	0.017503	-0.021155
52390	-0.000643	0.017531	-0.021050
52391	0.000189	0.017804	-0.021508
52392	-0.001240	0.016506	-0.020674
52393	0.000436	0.018124	-0.021671
52394	0.001390	0.017616	-0.021633
52395	0.000119	0.017482	-0.022717
52396	0.000155	0.018484	-0.021759
52397	-0.000976	0.017590	-0.022276
52398	-0.000932	0.018619	-0.021281
52399	-0.001220	0.019070	-0.022337
52400	0.000088	0.021118	-0.022467
52401	-0.001134	0.019080	-0.021135
52402	-0.002049	0.020566	-0.022215
52403	-0.001544	0.018358	-0.022286
52404	-0.003047	0.020702	-0.021842
52405	-0.003566	0.020771	-0.021616
52406	-0.004253	0.020753	-0.021415
52407	-0.003417	0.021029	-0.021875
52408	-0.005103	0.019687	-0.020977
52409	-0.002676	0.021508	-0.020663
52410	-0.001024	0.021183	-0.019311
52411	-0.001821	0.022775	-0.020219
52412	-0.002493	0.020719	-0.020901
52413	-0.003619	0.019829	-0.021421
52414	-0.002784	0.020045	-0.022036
52415	-0.003300	0.020116	-0.021810
52416	-0.002846	0.021870	-0.023442
52417	-0.004063	0.019836	-0.022114
52418	-0.001481	0.022040	-0.022995
52419	-0.002465	0.020390	-0.022950
52420	-0.002255	0.021765	-0.023225
52421	-0.002539	0.022222	-0.024283
52422	-0.002864	0.021615	-0.023370
52423	-0.003007	0.021311	-0.023861
52424	-0.004609	0.019694	-0.021714
52425	-0.002929	0.021319	-0.022712
52426	-0.001963	0.020785	-0.022788
52427	-0.002757	0.022381	-0.023696
52428	-0.002951	0.022078	-0.024135
52429	-0.003092	0.021776	-0.024627
52430	-0.003679	0.021844	-0.024355
52431	-0.003070	0.021740	-0.023535
52432	-0.003452	0.021088	-0.022681
52433	-0.003264	0.023269	-0.023559
52434	-0.003719	0.021796	-0.022016
52435	-0.002551	0.024561	-0.022864
52436	-0.003660	0.022134	-0.022033
52437	-0.004170	0.022210	-0.021810
52438	-0.004407	0.022729	-0.022778
52439	-0.004546	0.022429	-0.023272
52440	-0.004092	0.023101	-0.022953
52441	-0.004557	0.020320	-0.023063
52442	-0.005220	0.021977	-0.023981
52443	-0.004704	0.019779	-0.024060
52444	-0.004259	0.023345	-0.023395
52445	-0.003787	0.024005	-0.023143
52446	-0.002905	0.023513	-0.022974
52447	-0.003785	0.023966	-0.022035
52448	-0.003533	0.025352	-0.022372
52449	-0.003528	0.024293	-0.022302
52450	-0.004471	0.022623	-0.022374
52451	-0.004235	0.021951	-0.023585
52452	-0.004073	0.022974	-0.022710
52453	-0.003600	0.023635	-0.022458
52454	-0.001048	0.013765	-0.017937
52455	-0.000342	0.014804	-0.018964
52456	0.001330	0.015394	-0.017929
52457	0.001057	0.015851	-0.018986
52458	0.000425	0.015925	-0.018604
52459	0.000198	0.013525	-0.019997
52460	0.001441	0.015566	-0.020107
52461	0.000797	0.016399	-0.020447
52462	0.001967	0.015986	-0.020417
52463	0.002208	0.015307	-0.021627
52464	0.000625	0.014805	-0.021331
52465	0.002778	0.018147	-0.022143
52466	0.002425	0.016669	-0.020724
52467	0.001457	0.015022	-0.020685
52468	0.000729	0.016602	-0.021721
52469	0.000229	0.016674	-0.021498
52470	0.000770	0.017366	-0.021247
52471	0.001391	0.017259	-0.020429
52472	0.001599	0.018680	-0.020579
52473	0.000121	0.018171	-0.020387
52474	0.003140	0.018912	-0.020206
52475	0.001892	0.018792	-0.021296
52476	0.001173	0.019646	-0.021523
52477	0.001511	0.021064	-0.021833
52478	0.001418	0.019956	-0.021791
52479	0.002270	0.020237	-0.022255
52480	0.002430	0.018429	-0.021613
52481	0.002161	0.018892	-0.022672
52482	0.002382	0.019117	-0.021228
52483	0.001419	0.017473	-0.021191
52484	0.000844	0.018374	-0.021472
52485	0.001468	0.018269	-0.020655
52486	0.001931	0.018970	-0.020262
52487	0.001577	0.018283	-0.019477
52488	0.001404	0.017953	-0.020057
52489	0.001422	0.016893	-0.019990
52490	0.000950	0.017091	-0.019542
52491	0.000920	0.018886	-0.019135
52492	0.002387	0.017208	-0.019270
52493	0.002870	0.017866	-0.019018
52494	0.002728	0.017576	-0.019519
52495	0.002092	0.018417	-0.019861
52496	0.002374	0.017774	-0.021064
52497	0.001368	0.018988	-0.020689
52498	0.000982	0.017575	-0.019080
52499	0.001979	0.017098	-0.018983
52500	0.001432	0.017898	-0.019594
52501	0.003407	0.018002	-0.019466
52502	0.003296	0.016916	-0.019348
52503	0.003924	0.016813	-0.018533
52504	0.002198	0.015936	-0.016987
52505	0.002960	0.014133	-0.018359
52506	0.003909	0.016845	-0.019071
52507	0.004167	0.017116	-0.017538
52508	0.005542	0.015990	-0.016902
52509	0.004681	0.016444	-0.015964
52510	0.004074	0.016477	-0.015743
52511	0.005074	0.016002	-0.015647
52512	0.006321	0.018853	-0.016411
52513	0.005603	0.018545	-0.014911
52514	0.005312	0.018702	-0.014755
52515	0.004823	0.018784	-0.014536
52516	0.004846	0.018580	-0.014983
52517	0.004727	0.018290	-0.015483
52518	0.004204	0.018324	-0.015365
52519	0.003716	0.018407	-0.015146
52520	0.003756	0.018330	-0.012268
52521	0.003496	0.018804	-0.013330
52522	0.002852	0.019808	-0.010227
52523	0.001615	0.019702	-0.011321
52524	0.002545	0.020049	-0.011755
52525	0.002572	0.018997	-0.011694
52526	0.002106	0.019023	-0.011663
52527	0.001620	0.019108	-0.011445
52528	0.001762	0.020087	-0.010664
52529	0.002244	0.019818	-0.013164
52530	0.002375	0.020087	-0.011522
52531	0.003379	0.019616	-0.011429
52532	0.003217	0.019376	-0.011795
52533	0.004078	0.019669	-0.012264
52534	0.002477	0.019144	-0.011997
52535	0.003338	0.019438	-0.012466
52536	0.003156	0.019070	-0.013079
52537	0.003935	0.018209	-0.011706
52538	0.003236	0.018261	-0.011375
52539	0.002752	0.018348	-0.011158
52540	0.004064	0.020266	-0.011662
52541	0.003725	0.019589	-0.010885
52542	0.003213	0.019654	-0.010711
52543	0.004076	0.019950	-0.011181
52544	0.002717	0.018741	-0.010300
52545	0.003201	0.018477	-0.012803
52546	0.002736	0.018660	-0.012397
52547	0.003004	0.018936	-0.010868
52548	0.002544	0.018309	-0.009859
52549	0.002802	0.017654	-0.011081
52550	0.002557	0.017017	-0.010352
52551	0.002908	0.018450	-0.010664
52552	0.003709	0.018663	-0.011283
52553	0.000765	0.018730	-0.010974
52554	0.002358	0.020024	-0.010766
52555	0.000668	0.018213	-0.012056
52556	0.000030	0.019096	-0.012356
52557	0.000896	0.019394	-0.012827
52558	0.000222	0.020159	-0.013401
52559	-0.000718	0.018536	-0.013378
52560	0.001166	0.019462	-0.013782
52561	-0.001775	0.019532	-0.013474
52562	-0.001961	0.018055	-0.012273
52563	-0.000037	0.020091	-0.014553
52564	-0.000740	0.018908	-0.015710
52565	-0.000848	0.018629	-0.016216
52566	-0.000613	0.017614	-0.016317
52567	-0.000719	0.017336	-0.016823
52568	-0.000304	0.018028	-0.016405
52569	-0.001754	0.017543	-0.016224
52570	-0.001609	0.017819	-0.014586
52571	-0.002834	0.017727	-0.015685
52572	-0.001350	0.018159	-0.014860
52573	-0.002943	0.018439	-0.015240
52574	-0.002914	0.017431	-0.015137
52575	-0.003901	0.018661	-0.014763
52576	-0.003603	0.018020	-0.016004
52577	-0.004762	0.016007	-0.014704
52578	-0.004843	0.017865	-0.014098
52579	-0.003829	0.017404	-0.014012
52580	-0.003855	0.016325	-0.014028
52581	-0.004328	0.016421	-0.013816
52582	-0.004929	0.016466	-0.013589
52583	-0.005177	0.016957	-0.014656
52584	-0.005649	0.016796	-0.013103
52585	-0.005436	0.019001	-0.013975
52586	-0.006264	0.017459	-0.013898
52587	-0.006735	0.017557	-0.013686
52588	-0.006967	0.018013	-0.014889
52589	-0.007293	0.017346	-0.014118
52590	-0.007370	0.017120	-0.014566
52591	-0.007841	0.017218	-0.014355
52592	-0.006776	0.018756	-0.016647
52593	-0.007930	0.016747	-0.015351
52594	-0.007591	0.016958	-0.014100
52595	-0.007611	0.017846	-0.016448
52596	-0.007972	0.017155	-0.015733
52597	-0.008441	0.017255	-0.015522
52598	-0.006873	0.018543	-0.015337
52599	-0.006972	0.018273	-0.015846
52600	-0.006756	0.018605	-0.014124
52601	-0.006251	0.019283	-0.013879
52602	-0.006807	0.019449	-0.013391
52603	-0.006537	0.018810	-0.014622
52604	-0.007317	0.018579	-0.012886
52605	-0.007784	0.018681	-0.012675
52606	-0.007996	0.018406	-0.013125
52607	-0.008831	0.018878	-0.012193
52608	-0.009791	0.017239	-0.012241
52609	-0.009574	0.019450	-0.013114
52610	-0.007751	0.019234	-0.011650
52611	-0.008965	0.019155	-0.012753
52612	-0.008967	0.018973	-0.013206
52613	-0.009287	0.018311	-0.012438
52614	-0.009415	0.020102	-0.011957
52615	-0.009366	0.019071	-0.011910
52616	-0.008722	0.019838	-0.011598
52617	-0.008214	0.020519	-0.011355
52618	-0.008582	0.019777	-0.013847
52619	-0.008296	0.020062	-0.012325
52620	-0.010132	0.020822	-0.011905
52621	-0.009109	0.020369	-0.011825
52622	-0.008770	0.021062	-0.011370
52623	-0.009232	0.021167	-0.011161
52624	-0.010672	0.021920	-0.009480
52625	-0.010453	0.024134	-0.010352
52626	-0.010975	0.023391	-0.012693
52627	-0.010687	0.023677	-0.011171
52628	-0.012027	0.023320	-0.010870
52629	-0.011516	0.024003	-0.010627
52630	-0.011275	0.022966	-0.010834
52631	-0.011735	0.023073	-0.010626
52632	-0.011415	0.023436	-0.008954
52633	-0.010625	0.021671	-0.010353
52634	-0.010428	0.023526	-0.010150
52635	-0.010150	0.022896	-0.011386
52636	-0.010410	0.021479	-0.009957
52637	-0.010723	0.020821	-0.009193
52638	-0.010350	0.021523	-0.008769
52639	-0.011779	0.021056	-0.008597
52640	-0.011355	0.022536	-0.008920
52641	-0.010842	0.023222	-0.008678
52642	-0.011068	0.021789	-0.007338
52643	-0.011525	0.021899	-0.007131
52644	-0.011081	0.021334	-0.008402
52645	-0.011684	0.022211	-0.008752
52646	-0.011631	0.021974	-0.009418
52647	-0.012455	0.022454	-0.008489
52648	-0.011771	0.022392	-0.007678
52649	-0.011268	0.022164	-0.010194
52650	-0.010981	0.022403	-0.008840
52651	-0.011893	0.020804	-0.008834
52652	-0.011131	0.021936	-0.009786
52653	-0.010469	0.021858	-0.008988
52654	-0.005345	0.019702	-0.011644
52655	-0.006162	0.020180	-0.010720
52656	-0.006161	0.020005	-0.011178
52657	-0.007580	0.019539	-0.011011
52658	-0.005397	0.020966	-0.009437
52659	-0.006594	0.020899	-0.010548
52660	-0.006184	0.021639	-0.010057
52661	-0.007234	0.020806	-0.010612
52662	-0.007724	0.020891	-0.010441
52663	-0.007949	0.021401	-0.011517
52664	-0.006754	0.023042	-0.010580
52665	-0.005950	0.021284	-0.011990
52666	-0.005661	0.023310	-0.011430
52667	-0.004623	0.022863	-0.011359
52668	-0.004893	0.023372	-0.012402
52669	-0.005485	0.024251	-0.012757
52670	-0.006101	0.024037	-0.011197
52671	-0.006178	0.023783	-0.011718
52672	-0.005073	0.023314	-0.011808
52673	-0.003812	0.023268	-0.013016
52674	-0.004307	0.025051	-0.013906
52675	-0.002518	0.024782	-0.012523
52676	-0.002616	0.025374	-0.013551
52677	-0.002913	0.024721	-0.012795
52678	-0.001929	0.024995	-0.013563
52679	-0.002372	0.025109	-0.013362
52680	-0.002118	0.025364	-0.011912
52681	-0.001150	0.026854	-0.014232
52682	-0.001578	0.026053	-0.016858
52683	-0.001271	0.026343	-0.015345
52684	-0.002647	0.025870	-0.015315
52685	-0.002119	0.026561	-0.015079
52686	-0.002263	0.026320	-0.015546
52687	-0.002483	0.026836	-0.016624
52688	-0.002326	0.026640	-0.017312
52689	-0.003441	0.024647	-0.016038
52690	-0.001532	0.027671	-0.015428
52691	-0.004659	0.026463	-0.016615
52692	-0.003639	0.025999	-0.016598
52693	-0.002375	0.025958	-0.017809
52694	-0.002915	0.026053	-0.017588
52695	-0.002986	0.025804	-0.018113
52696	-0.001788	0.027524	-0.017010
52697	-0.003489	0.028601	-0.017956
52698	-0.001685	0.027428	-0.019362
52699	-0.001669	0.029255	-0.018959
52700	-0.002721	0.028161	-0.018183
52701	-0.002190	0.028855	-0.017949
52702	-0.002129	0.029918	-0.016906
52703	-0.001904	0.028136	-0.016322
52704	0.000999	0.029665	-0.016733
52705	-0.000392	0.030116	-0.013811
52706	-0.000939	0.030208	-0.013597
52707	-0.000641	0.029595	-0.014846
52708	-0.000305	0.030689	-0.014044
52709	-0.000373	0.030443	-0.014570
52710	-0.000440	0.030208	-0.015083
52711	0.001576	0.030344	-0.014982
52712	0.000941	0.031250	-0.015271
52713	0.003410	0.033094	-0.014964
52714	0.001320	0.029629	-0.016542
52715	0.003117	0.029364	-0.015164
52716	0.003450	0.029978	-0.014938
52717	0.003164	0.029332	-0.014188
52718	0.003588	0.030052	-0.013807
52719	0.003154	0.030174	-0.013610
52720	0.003711	0.031724	-0.013954
52721	0.003059	0.031444	-0.012480
52722	0.002653	0.030604	-0.015270
52723	0.002673	0.032435	-0.014866
52724	0.002614	0.031026	-0.013678
52725	0.002182	0.031150	-0.013482
52726	0.001925	0.030556	-0.012636
52727	0.001860	0.030315	-0.013164
52728	0.002159	0.029687	-0.014496
52729	0.003444	0.030556	-0.012949
52730	0.002233	0.030509	-0.014054
52731	0.002099	0.029098	-0.012752
52732	0.002878	0.030185	-0.013900
52733	0.002448	0.030310	-0.013705
52734	0.002489	0.030953	-0.014811
52735	0.002208	0.030311	-0.014063
52736	0.002379	0.030468	-0.015900
52737	0.001732	0.030191	-0.014428
52738	0.001289	0.029419	-0.017041
52739	0.001157	0.028009	-0.015741
52740	0.001296	0.029943	-0.015241
52741	0.001234	0.029705	-0.015770
52742	0.000484	0.030171	-0.014971
52743	0.001172	0.030104	-0.014187
52744	0.002102	0.030458	-0.014681
52745	0.001005	0.028476	-0.013419
52746	0.001082	0.030308	-0.013106
52747	-0.001729	0.027584	-0.013195
52748	-0.000386	0.029615	-0.013573
52749	-0.000445	0.029379	-0.014104
52750	-0.002032	0.029390	-0.013210
52751	-0.002972	0.030653	-0.012844
52752	-0.000576	0.030847	-0.014521
52753	-0.001670	0.028867	-0.013260
52754	-0.001646	0.030623	-0.013104
52755	-0.001338	0.030024	-0.014360
52756	-0.001583	0.029406	-0.013618
52757	-0.001423	0.029576	-0.015426
52758	-0.001692	0.028915	-0.014794
52759	-0.002482	0.029410	-0.013876
52760	-0.004129	0.028606	-0.012344
52761	-0.003883	0.030848	-0.013218
52762	-0.003962	0.029543	-0.011738
52763	-0.003652	0.028947	-0.012995
52764	-0.004275	0.028973	-0.012854
52765	-0.004846	0.029874	-0.013213
52766	-0.004892	0.029708	-0.013602
52767	-0.003981	0.030049	-0.014097
52768	-0.003495	0.031972	-0.015469
52769	-0.004584	0.029995	-0.014212
52770	-0.005459	0.031676	-0.014939
52771	-0.005582	0.030272	-0.013645
52772	-0.005778	0.030793	-0.014811
52773	-0.005084	0.030731	-0.014031
52774	-0.005674	0.030796	-0.013819
52775	-0.005728	0.030567	-0.014352
52776	-0.007365	0.029679	-0.012978
52777	-0.006537	0.027954	-0.014411
52778	-0.006315	0.029912	-0.013965
52779	-0.006733	0.030048	-0.013774
52780	-0.006562	0.029103	-0.013756
52781	-0.005866	0.029042	-0.012976
52782	-0.004815	0.028644	-0.012882
52783	-0.005382	0.029549	-0.013242
52784	-0.006757	0.029155	-0.013005
52785	-0.004279	0.031008	-0.012700
52786	-0.005312	0.031017	-0.013937
52787	-0.006162	0.030343	-0.011195
52788	-0.006369	0.030969	-0.012085
52789	-0.006420	0.030743	-0.012620
52790	-0.006765	0.030963	-0.012331
52791	-0.006815	0.030737	-0.012866
52792	-0.005864	0.031974	-0.013840
52793	-0.008724	0.032101	-0.013551
52794	-0.009695	0.030452	-0.013701
52795	-0.009661	0.032295	-0.013298
52796	-0.010781	0.032291	-0.014432
52797	-0.010231	0.033002	-0.014204
52798	-0.010425	0.032848	-0.014402
52799	-0.010539	0.031449	-0.013112
52800	-0.011775	0.030248	-0.012442
52801	-0.009296	0.032103	-0.012137
52802	-0.011318	0.029600	-0.010881
52803	-0.011299	0.030554	-0.013244
52804	-0.011007	0.029657	-0.013226
52805	-0.011053	0.029435	-0.013763
52806	-0.010752	0.030869	-0.014111
52807	-0.011014	0.030240	-0.013372
52808	-0.010059	0.030526	-0.014116
52809	-0.011716	0.032525	-0.012300
52810	-0.011017	0.030397	-0.012634
52811	-0.010697	0.029814	-0.013898
52812	-0.011950	0.029318	-0.014099
52813	-0.012145	0.029868	-0.015187
52814	-0.012357	0.030368	-0.016403
52815	-0.012617	0.029741	-0.015666
52816	-0.011736	0.030061	-0.016235
52817	-0.010734	0.032479	-0.015794
52818	-0.013168	0.031428	-0.015741
52819	-0.010919	0.031989	-0.016929
52820	-0.012265	0.031567	-0.016865
52821	-0.013272	0.030778	-0.017443
52822	-0.013731	0.031677	-0.017991
52823	-0.012660	0.031261	-0.017943
52824	-0.012684	0.029923	-0.016650
52825	-0.012429	0.032179	-0.017522
52826	-0.013088	0.031394	-0.019982
52827	-0.012747	0.031702	-0.018481
52828	-0.012740	0.030699	-0.018397
52829	-0.013147	0.030845	-0.018211
52830	-0.012438	0.031173	-0.018545
52831	-0.013593	0.031156	-0.019674
52832	-0.013353	0.032290	-0.018655
52833	-0.012796	0.033007	-0.018430
52834	-0.012928	0.030763	-0.019837
52835	-0.011106	0.030511	-0.018475
52836	-0.011588	0.031370	-0.019133
52837	-0.011245	0.031679	-0.017633
52838	-0.011146	0.032736	-0.016667
52839	-0.011186	0.032522	-0.017208
52840	-0.012055	0.031844	-0.017694
52841	-0.011049	0.034265	-0.017252
52842	-0.012903	0.030914	-0.018903
52843	-0.012859	0.032764	-0.018500
52844	-0.013638	0.034124	-0.018116
52845	-0.014638	0.033342	-0.018698
52846	-0.014751	0.033091	-0.019260
52847	-0.015002	0.032470	-0.018527
52848	-0.014990	0.032254	-0.019174
52849	-0.012952	0.032412	-0.019089
52850	-0.013243	0.032659	-0.018818
52851	-0.012914	0.032087	-0.020087
52852	-0.013239	0.032271	-0.019926
52853	-0.012099	0.033041	-0.021705
52854	-0.006901	0.020180	-0.012740
52855	-0.007893	0.019388	-0.013316
52856	-0.008166	0.018807	-0.012478
52857	-0.007599	0.019517	-0.012247
52858	-0.007888	0.019728	-0.012052
52859	-0.008282	0.019868	-0.011862
52860	-0.008040	0.020016	-0.013866
52861	-0.008219	0.020566	-0.014950
52862	-0.008485	0.019924	-0.014226
52863	-0.008514	0.019704	-0.014764
52864	-0.008622	0.019425	-0.015367
52865	-0.009531	0.020698	-0.014997
52866	-0.010279	0.019074	-0.015341
52867	-0.010225	0.020917	-0.014931
52868	-0.008830	0.019733	-0.014574
52869	-0.009221	0.019875	-0.014384
52870	-0.009211	0.019573	-0.015225
52871	-0.009603	0.019715	-0.015036
52872	-0.009472	0.021567	-0.014754
52873	-0.009347	0.020579	-0.014745
52874	-0.010051	0.019104	-0.014760
52875	-0.007790	0.019666	-0.015947
52876	-0.009489	0.019620	-0.015079
52877	-0.008705	0.020744	-0.016125
52878	-0.008316	0.019354	-0.016855
52879	-0.007380	0.019708	-0.017354
52880	-0.006729	0.019644	-0.016539
52881	-0.005731	0.021180	-0.018859
52882	-0.005706	0.019847	-0.017629
52883	-0.006842	0.019834	-0.018756
52884	-0.006546	0.020872	-0.018042
52885	-0.006569	0.020657	-0.018582
52886	-0.006839	0.020805	-0.018564
52887	-0.007075	0.020179	-0.017830
52888	-0.008230	0.019282	-0.018517
52889	-0.008101	0.018297	-0.018511
52890	-0.007035	0.017814	-0.018637
52891	-0.007725	0.019503	-0.019542
52892	-0.006055	0.017943	-0.019827
52893	-0.007340	0.018704	-0.021501
52894	-0.006905	0.019045	-0.020047
52895	-0.006775	0.018061	-0.020042
52896	-0.009869	0.018974	-0.020203
52897	-0.007818	0.019129	-0.020117
52898	-0.008247	0.019253	-0.019978
52899	-0.008188	0.021100	-0.019568
52900	-0.006684	0.020325	-0.020376
52901	-0.006552	0.019343	-0.020372
52902	-0.005723	0.020475	-0.021508
52903	-0.006471	0.020982	-0.020593
52904	-0.005322	0.020526	-0.020761
52905	-0.005188	0.019545	-0.020758
52906	-0.005451	0.019694	-0.020768
52907	-0.005105	0.019125	-0.022039
52908	-0.006377	0.020654	-0.021233
52909	-0.006759	0.020804	-0.021048
52910	-0.007023	0.020926	-0.021125
52911	-0.007405	0.021076	-0.020940
52912	-0.009248	0.019783	-0.021573
52913	-0.008670	0.020502	-0.021347
52914	-0.009841	0.020475	-0.022521
52915	-0.009917	0.019083	-0.021246
52916	-0.010431	0.020031	-0.021602
52917	-0.010811	0.020183	-0.021417
52918	-0.011305	0.020189	-0.021493
52919	-0.011168	0.019211	-0.021492
52920	-0.010634	0.021053	-0.023148
52921	-0.012414	0.018940	-0.023230
52922	-0.013614	0.018883	-0.024445
52923	-0.013245	0.019190	-0.022946
52924	-0.013177	0.018160	-0.023030
52925	-0.013919	0.018672	-0.022117
52926	-0.013916	0.018494	-0.022635
52927	-0.013182	0.018444	-0.021865
52928	-0.013845	0.018943	-0.021130
52929	-0.013706	0.017967	-0.021131
52930	-0.013993	0.018035	-0.021316
52931	-0.013928	0.019888	-0.020907
52932	-0.012300	0.019134	-0.021817
52933	-0.013635	0.018722	-0.021675
52934	-0.011806	0.020412	-0.022860
52935	-0.011818	0.020210	-0.023407
52936	-0.012936	0.019860	-0.023402
52937	-0.012794	0.018885	-0.023405
52938	-0.013094	0.019060	-0.023299
52939	-0.013027	0.020913	-0.022891
52940	-0.012263	0.019702	-0.023680
52941	-0.012274	0.019501	-0.024227
52942	-0.012786	0.019558	-0.024157
52943	-0.012643	0.018585	-0.024160
52944	-0.011958	0.019339	-0.024006
52945	-0.010647	0.019349	-0.025241
52946	-0.010651	0.019540	-0.025442
52947	-0.010738	0.017286	-0.026947
52948	-0.010142	0.018015	-0.026747
52949	-0.010151	0.017816	-0.027295
52950	-0.011413	0.017367	-0.027386
52951	-0.011422	0.017168	-0.027935
52952	-0.011325	0.016156	-0.028010
52953	-0.010319	0.017713	-0.030334
52954	-0.010284	0.016296	-0.029315
52955	-0.011095	0.014758	-0.029362
52956	-0.011626	0.016428	-0.030572
52957	-0.012226	0.015307	-0.031893
52958	-0.012386	0.015533	-0.031827
52959	-0.011282	0.015130	-0.031791
52960	-0.010970	0.015416	-0.030325
52961	-0.011129	0.015993	-0.031418
52962	-0.012878	0.016723	-0.031214
52963	-0.012500	0.017034	-0.029719
52964	-0.012240	0.016389	-0.031172
52965	-0.011882	0.015837	-0.032453
52966	-0.011762	0.015688	-0.033051
52967	-0.012130	0.015850	-0.032871
52968	-0.013749	0.015857	-0.031965
52969	-0.010519	0.017005	-0.033120
52970	-0.012028	0.016214	-0.031710
52971	-0.011669	0.015663	-0.032991
52972	-0.009838	0.016197	-0.032353
52973	-0.009248	0.016926	-0.032132
52974	-0.009070	0.016792	-0.032773
52975	-0.008919	0.015826	-0.032782
52976	-0.009362	0.016022	-0.032447
52977	-0.008045	0.016040	-0.033687
52978	-0.007530	0.016418	-0.032223
52979	-0.008643	0.016433	-0.033360
52980	-0.009292	0.017356	-0.033637
52981	-0.008338	0.017731	-0.034147
52982	-0.007215	0.017331	-0.034178
52983	-0.006622	0.018062	-0.033957
52984	-0.007111	0.018144	-0.033862
52985	-0.006518	0.018875	-0.033641
52986	-0.007020	0.018997	-0.033444
52987	-0.006636	0.019311	-0.031951
52988	-0.007150	0.018148	-0.033529
52989	-0.007073	0.020009	-0.033121
52990	-0.007223	0.019394	-0.032522
52991	-0.005749	0.018641	-0.033222
52992	-0.005132	0.019329	-0.033169
52993	-0.005416	0.016672	-0.033413
52994	-0.004212	0.016297	-0.033482
52995	-0.006923	0.013638	-0.033622
52996	-0.006384	0.014327	-0.033486
52997	-0.005789	0.015060	-0.033267
52998	-0.006328	0.014765	-0.032008
52999	-0.005371	0.015143	-0.032520
53000	-0.006409	0.014338	-0.033181
53001	-0.003902	0.016203	-0.032877
53002	-0.005491	0.015351	-0.031503
53003	-0.005103	0.015667	-0.030011
53004	-0.006230	0.014809	-0.030706
53005	-0.005710	0.013494	-0.031451
53006	-0.006004	0.013653	-0.031421
53007	-0.005845	0.012693	-0.031435
53008	-0.004971	0.013924	-0.032404
53009	-0.005975	0.011981	-0.031189
53010	-0.005028	0.013159	-0.032372
53011	-0.005823	0.011635	-0.032429
53012	-0.005768	0.011394	-0.033211
53013	-0.006873	0.011419	-0.034351
53014	-0.007229	0.011539	-0.034341
53015	-0.007223	0.011355	-0.034897
53016	-0.006204	0.013839	-0.034317
53017	-0.006043	0.012882	-0.034333
53018	-0.006837	0.011308	-0.034557
53019	-0.006446	0.011626	-0.033067
53020	-0.005604	0.011596	-0.032417
53021	-0.005597	0.011414	-0.032974
53022	-0.005898	0.011194	-0.033291
53023	-0.006253	0.011366	-0.033117
53024	-0.005960	0.012432	-0.032323
53025	-0.006107	0.013024	-0.033421
53026	-0.006209	0.011519	-0.032477
53027	-0.007310	0.011548	-0.033619
53028	-0.007982	0.011303	-0.032061
53029	-0.007381	0.012041	-0.031844
53030	-0.006747	0.012765	-0.031730
53031	-0.007101	0.012940	-0.031556
53032	-0.007424	0.013095	-0.031503
53033	-0.007259	0.012142	-0.031521
53034	-0.005861	0.011832	-0.031663
53035	-0.006650	0.010314	-0.031725
53036	-0.006821	0.010905	-0.032836
53037	-0.006811	0.010727	-0.033395
53038	-0.006881	0.010562	-0.033840
53039	-0.007388	0.011512	-0.034207
53040	-0.007524	0.010882	-0.033674
53041	-0.006197	0.010915	-0.034921
53042	-0.006439	0.009402	-0.033832
53043	-0.004882	0.010707	-0.033572
53044	-0.006433	0.009101	-0.034822
53045	-0.005830	0.009842	-0.034606
53046	-0.006202	0.010016	-0.034446
53047	-0.006034	0.009065	-0.034467
53048	-0.005937	0.009741	-0.035680
53049	-0.003426	0.011611	-0.035376
53050	-0.003404	0.010236	-0.034233
53051	-0.004065	0.011964	-0.035140
53052	-0.003837	0.010977	-0.035362
53053	-0.002353	0.010238	-0.036071
53054	-0.003373	0.016677	-0.027874
53055	-0.004313	0.015946	-0.028468
53056	-0.004907	0.016492	-0.027708
53057	-0.002831	0.016679	-0.027632
53058	-0.003261	0.016777	-0.027641
53059	-0.004044	0.015272	-0.027697
53060	-0.003613	0.016841	-0.027922
53061	-0.005119	0.016044	-0.026513
53062	-0.005246	0.015833	-0.027051
53063	-0.005593	0.016022	-0.026870
53064	-0.004774	0.016736	-0.026989
53065	-0.004915	0.017347	-0.028079
53066	-0.005518	0.015922	-0.028174
53067	-0.004829	0.013855	-0.028381
53068	-0.004224	0.014586	-0.028221
53069	-0.003099	0.014211	-0.028190
53070	-0.002687	0.015681	-0.028612
53071	-0.002671	0.015518	-0.029164
53072	-0.004332	0.014573	-0.027969
53073	-0.004036	0.016877	-0.028821
53074	-0.004752	0.015423	-0.028857
53075	-0.004661	0.017305	-0.028438
53076	-0.004129	0.015961	-0.029347
53077	-0.004834	0.016504	-0.028434
53078	-0.005272	0.016619	-0.028350
53079	-0.005459	0.016035	-0.027633
53080	-0.004451	0.016441	-0.028225
53081	-0.004276	0.015505	-0.028241
53082	-0.003253	0.015147	-0.028094
53083	-0.004343	0.015199	-0.029230
53084	-0.005434	0.016058	-0.027688
53085	-0.004306	0.015686	-0.027660
53086	-0.003790	0.015974	-0.026417
53087	-0.002819	0.016378	-0.026927
53088	-0.003955	0.015173	-0.026448
53089	-0.004501	0.014943	-0.024999
53090	-0.005185	0.016626	-0.026039
53091	-0.004778	0.016959	-0.024545
53092	-0.004481	0.016363	-0.025996
53093	-0.005412	0.015643	-0.026596
53094	-0.004519	0.015626	-0.026018
53095	-0.004859	0.015821	-0.025840
53096	-0.005795	0.015858	-0.027247
53097	-0.003279	0.017741	-0.026935
53098	-0.003412	0.016339	-0.025727
53099	-0.004498	0.016396	-0.026865
53100	-0.004327	0.017477	-0.025918
53101	-0.004509	0.016897	-0.025204
53102	-0.004451	0.016748	-0.025815
53103	-0.005223	0.015254	-0.025879
53104	-0.005345	0.014665	-0.025277
53105	-0.005165	0.013735	-0.025297
53106	-0.005091	0.014753	-0.027761
53107	-0.004681	0.015088	-0.026268
53108	-0.005394	0.013895	-0.027789
53109	-0.004418	0.014303	-0.028301
53110	-0.003277	0.014024	-0.028077
53111	-0.003816	0.013797	-0.026630
53112	-0.003708	0.013673	-0.027221
53113	-0.003093	0.014434	-0.026999
53114	-0.002863	0.014635	-0.025671
53115	-0.002477	0.014131	-0.026962
53116	-0.003285	0.014675	-0.025964
53117	-0.003102	0.013747	-0.025985
53118	-0.004699	0.014032	-0.026574
53119	-0.004876	0.013455	-0.025862
53120	-0.005715	0.012687	-0.026727
53121	-0.003197	0.014573	-0.026415
53122	-0.003074	0.013211	-0.025374
53123	-0.001506	0.014535	-0.025107
53124	-0.001943	0.012660	-0.025987
53125	-0.002277	0.012860	-0.025812
53126	-0.002823	0.013483	-0.024910
53127	-0.002277	0.012207	-0.025667
53128	-0.001608	0.013805	-0.026096
53129	-0.002575	0.011892	-0.024894
53130	-0.000227	0.012534	-0.026138
53131	-0.000847	0.015126	-0.024251
53132	-0.000147	0.013045	-0.024570
53133	-0.000839	0.013598	-0.023661
53134	-0.000771	0.013295	-0.024690
53135	0.000006	0.013283	-0.023934
53136	0.001077	0.012096	-0.023293
53137	-0.000203	0.011738	-0.023165
53138	0.000041	0.012020	-0.021653
53139	0.000116	0.013076	-0.024019
53140	-0.000255	0.012521	-0.023068
53141	-0.000225	0.012375	-0.023628
53142	-0.000130	0.011754	-0.023341
53143	-0.000460	0.011959	-0.023167
53144	-0.000195	0.012246	-0.025049
53145	-0.000726	0.012024	-0.023605
53146	0.001048	0.013381	-0.023518
53147	-0.001611	0.010776	-0.023682
53148	0.000327	0.013747	-0.023231
53149	0.000877	0.012476	-0.023992
53150	0.001689	0.013675	-0.025022
53151	0.001722	0.013531	-0.025584
53152	0.002599	0.014742	-0.026674
53153	0.002070	0.014521	-0.025232
53154	0.002114	0.012363	-0.026833
53155	0.001788	0.012570	-0.026660
53156	0.003603	0.013540	-0.027048
53157	0.003637	0.013397	-0.027610
53158	0.003101	0.013535	-0.027415
53159	0.003136	0.013393	-0.027977
53160	0.004224	0.013788	-0.028701
53161	0.003266	0.011881	-0.027506
53162	0.003452	0.012948	-0.030011
53163	0.004622	0.013422	-0.027207
53164	0.004052	0.014457	-0.027386
53165	0.003728	0.014665	-0.027214
53166	0.003760	0.014387	-0.028153
53167	0.004544	0.014380	-0.027401
53168	0.003503	0.013214	-0.026953
53169	0.003811	0.015538	-0.027804
53170	0.003754	0.014099	-0.026772
53171	0.003721	0.011924	-0.028319
53172	0.004075	0.013336	-0.028871
53173	0.004271	0.012420	-0.028901
53174	0.004591	0.012711	-0.027447
53175	0.005217	0.013482	-0.027230
53176	0.003548	0.013466	-0.026400
53177	0.004464	0.011853	-0.027901
53178	0.004196	0.012136	-0.027631
53179	0.004305	0.014033	-0.027212
53180	0.004529	0.012278	-0.026751
53181	0.005156	0.013049	-0.026534
53182	0.004509	0.013154	-0.026319
53183	0.004936	0.013498	-0.024833
53184	0.004898	0.013255	-0.025614
53185	0.006273	0.014158	-0.024081
53186	0.005758	0.013410	-0.026886
53187	0.006185	0.013753	-0.025400
53188	0.004996	0.013455	-0.025264
53189	0.004676	0.013669	-0.025094
53190	0.003822	0.013044	-0.025611
53191	0.003703	0.013687	-0.026710
53192	0.002538	0.012571	-0.026002
53193	0.004633	0.012778	-0.025942
53194	0.004239	0.012919	-0.025896
53195	0.006245	0.015938	-0.025383
53196	0.005023	0.015580	-0.025365
53197	0.005224	0.014669	-0.025399
53198	0.006202	0.014245	-0.025398
53199	0.004578	0.014248	-0.024541
53200	0.005954	0.013452	-0.025402
53201	0.005008	0.011552	-0.024215
53202	0.005232	0.013451	-0.023960
53203	0.005315	0.014527	-0.026329
53204	0.005148	0.013961	-0.025654
53205	0.005191	0.013830	-0.026222
53206	0.005489	0.013206	-0.027815
53207	0.005173	0.013423	-0.027647
53208	0.003717	0.012629	-0.026339
53209	0.004748	0.014266	-0.028661
53210	0.004442	0.011935	-0.030379
53211	0.004875	0.012281	-0.028895
53212	0.005827	0.011824	-0.028963
53213	0.004925	0.011135	-0.029579
53214	0.004695	0.011376	-0.029480
53215	0.004580	0.012024	-0.030582
53216	0.004812	0.012358	-0.032345
53217	0.003552	0.012017	-0.032225
53218	0.004058	0.012368	-0.030827
53219	0.004035	0.010208	-0.032385
53220	0.004497	0.011738	-0.032783
53221	0.004544	0.011610	-0.033353
53222	0.004897	0.010803	-0.033330
53223	0.005890	0.011234	-0.033852
53224	0.006812	0.011622	-0.034440
53225	0.003661	0.010165	-0.034417
53226	0.003875	0.012054	-0.034163
53227	0.005029	0.011707	-0.034154
53228	0.004962	0.011175	-0.033516
53229	0.004651	0.011396	-0.033350
53230	0.004853	0.011240	-0.034189
53231	0.004184	0.011808	-0.033286
53232	0.002119	0.010448	-0.034048
53233	0.002755	0.011228	-0.033834
53234	0.002439	0.011454	-0.033678
53235	0.002848	0.010983	-0.034986
53236	0.002551	0.011165	-0.034960
53237	0.003707	0.010820	-0.034952
53238	0.004585	0.010914	-0.034085
53239	0.004277	0.011136	-0.033920
53240	0.002677	0.011134	-0.033136
53241	0.002888	0.010232	-0.033177
53242	0.005227	0.011661	-0.031718
53243	0.005316	0.012749	-0.034090
53244	0.004195	0.011557	-0.033633
53245	0.004834	0.012339	-0.033421
53246	0.004742	0.012107	-0.034139
53247	0.004237	0.011898	-0.032707
53248	0.005063	0.011032	-0.031556
53249	0.005381	0.013372	-0.032406
53250	0.005474	0.012068	-0.031219
53251	0.004742	0.010610	-0.031310
53252	0.005797	0.011120	-0.031745
53253	0.004386	0.011566	-0.032160
53254	-0.001349	0.013586	-0.034519
53255	-0.002768	0.014035	-0.034936
53256	-0.001712	0.013306	-0.033675
53257	-0.001079	0.014092	-0.033465
53258	-0.001633	0.013394	-0.036182
53259	-0.001197	0.013746	-0.034705
53260	-0.000813	0.012001	-0.034445
53261	-0.001322	0.011796	-0.033017
53262	-0.001146	0.010898	-0.033060
53263	-0.002563	0.011348	-0.033478
53264	-0.001221	0.011425	-0.034802
53265	-0.002445	0.011912	-0.031899
53266	-0.002678	0.011309	-0.034712
53267	-0.002241	0.011663	-0.033236
53268	-0.002205	0.011502	-0.033938
53269	-0.001569	0.012290	-0.033730
53270	-0.000958	0.010619	-0.033507
53271	-0.001267	0.010850	-0.033347
53272	-0.000121	0.010464	-0.033490
53273	-0.000627	0.010261	-0.032063
53274	-0.000844	0.008123	-0.033445
53275	0.001162	0.011150	-0.032931
53276	0.000411	0.010524	-0.033617
53277	0.000103	0.010756	-0.033457
53278	0.000195	0.010579	-0.034272
53279	0.000474	0.011713	-0.033327
53280	-0.001377	0.011642	-0.032491
53281	-0.000448	0.010060	-0.034016
53282	-0.000044	0.010386	-0.032605
53283	-0.001098	0.010496	-0.033762
53284	0.000306	0.011738	-0.033624
53285	0.000358	0.011627	-0.034203
53286	-0.000275	0.011310	-0.032969
53287	-0.000742	0.012323	-0.033340
53288	-0.000450	0.011435	-0.033490
53289	0.000157	0.011415	-0.036075
53290	-0.000076	0.011624	-0.036079
53291	0.000043	0.013539	-0.035663
53292	-0.000910	0.012485	-0.035062
53293	-0.001214	0.012720	-0.034904
53294	-0.001505	0.012948	-0.034798
53295	-0.001451	0.012839	-0.035379
53296	-0.001755	0.012733	-0.033935
53297	-0.001115	0.013525	-0.033728
53298	-0.001624	0.012842	-0.036501
53299	-0.000787	0.014070	-0.037562
53300	-0.002006	0.012828	-0.037182
53301	-0.001008	0.013276	-0.037714
53302	-0.000779	0.013280	-0.038208
53303	-0.001863	0.012181	-0.037572
53304	-0.001999	0.012475	-0.037462
53305	-0.001358	0.013268	-0.037256
53306	-0.003589	0.011536	-0.040130
53307	-0.002395	0.012014	-0.037342
53308	-0.002671	0.012241	-0.037267
53309	-0.002452	0.011355	-0.037321
53310	-0.003349	0.012569	-0.037286
53311	-0.004073	0.011127	-0.037390
53312	-0.004297	0.011719	-0.038623
53313	-0.005540	0.011401	-0.038516
53314	-0.005929	0.011571	-0.038476
53315	-0.005481	0.011930	-0.037005
53316	-0.005914	0.012192	-0.036680
53317	-0.006213	0.012432	-0.036525
53318	-0.006267	0.011929	-0.035852
53319	-0.006956	0.011706	-0.037752
53320	-0.006093	0.012905	-0.038950
53321	-0.006586	0.012709	-0.037528
53322	-0.006563	0.010572	-0.039195
53323	-0.006113	0.010932	-0.037724
53324	-0.004661	0.010144	-0.038732
53325	-0.004601	0.010042	-0.039317
53326	-0.004802	0.009386	-0.038895
53327	-0.005098	0.009628	-0.038741
53328	-0.004003	0.010428	-0.040698
53329	-0.004917	0.008554	-0.039538
53330	-0.004803	0.010404	-0.039320
53331	-0.003637	0.010078	-0.039328
53332	-0.003336	0.009178	-0.039538
53333	-0.003794	0.010201	-0.039912
53334	-0.004743	0.009487	-0.040655
53335	-0.004681	0.009387	-0.041240
53336	-0.002767	0.010318	-0.041927
53337	-0.005887	0.008895	-0.041923
53338	-0.004384	0.010292	-0.041501
53339	-0.003931	0.010653	-0.040032
