// General information: 
//  MT Manager version: 2021.4.0 
//  XDA version: 2021.4.0 build 6323 rev 112641 built on 2021-09-28
// Device information: 
//  DeviceId: 00B43856
//  ProductCode: MTW2-3A7G6
//  Firmware Version: 4.3.4
//  Hardware Version: 1.1.0
// Device settings: 
//  Filter Profile: human(46.1)
//  Option Flags: Orientation Smoother Disabled, Position/Velocity Smoother Disabled, Continuous Zero Rotation Update Disabled, AHS Disabled, ICC Disabled
// Coordinate system: ENU
PacketCounter	SampleTimeFine	Roll	Pitch	Yaw
18566		35.684232	-19.003286	2.475794
18567		35.036195	-18.347066	3.363133
18568		34.277639	-17.620461	4.628308
18569		33.674131	-17.083469	5.624321
18570		33.435449	-16.832279	6.033366
18571		33.736455	-16.493901	5.967397
18572		34.190510	-16.451742	5.800904
18573		34.549553	-16.709720	6.282348
18574		34.625017	-16.963675	7.061075
18575		34.409178	-16.854470	7.617486
18576		33.963699	-16.457586	7.908771
18577		33.319634	-15.889040	8.106851
18578		32.512167	-15.220802	8.183184
18579		31.639549	-14.448198	8.190725
18580		30.809546	-13.612781	8.147431
18581		30.038171	-12.840936	8.073814
18582		29.345716	-12.151643	8.029724
18583		28.735938	-11.584525	8.042648
18584		28.189170	-11.142244	8.174247
18585		27.659762	-10.743902	8.422192
18586		27.115098	-10.330576	8.672332
18587		26.526084	-9.861009	8.866564
18588		25.870618	-9.325956	8.952963
18589		25.130862	-8.742206	8.903332
18590		24.315061	-8.103161	8.714883
18591		23.433754	-7.424950	8.401062
18592		22.544680	-6.716936	7.997708
18593		21.688577	-6.015216	7.526884
18594		20.874944	-5.364089	7.030640
18595		20.092865	-4.774429	6.574053
18596		19.341471	-4.235735	6.180242
18597		18.601012	-3.755357	5.827103
18598		17.881820	-3.313333	5.505649
18599		17.167136	-2.915432	5.221990
18600		16.443534	-2.570730	4.949053
18601		15.713391	-2.248949	4.681761
18602		14.991810	-1.946106	4.439380
18603		14.269800	-1.668735	4.185869
18604		13.573358	-1.394254	3.916630
18605		12.896644	-1.145307	3.663922
18606		12.234894	-0.917882	3.426128
18607		11.581515	-0.710294	3.197919
18608		10.952064	-0.521818	3.004326
18609		10.352161	-0.329198	2.857126
18610		9.772609	-0.145535	2.754916
18611		9.198131	0.025164	2.690801
18612		8.633575	0.189857	2.672542
18613		8.083430	0.357350	2.692279
18614		7.557566	0.546866	2.763450
18615		7.054088	0.755161	2.882971
18616		6.582817	0.987730	3.049231
18617		6.135760	1.251190	3.253887
18618		5.712200	1.534163	3.505564
18619		5.288602	1.830146	3.795137
18620		4.862367	2.145408	4.106246
18621		4.428151	2.454538	4.436086
18622		3.991679	2.760940	4.786203
18623		3.542238	3.061706	5.107223
18624		3.085688	3.360369	5.383339
18625		2.624775	3.655946	5.621590
18626		2.158669	3.940485	5.826941
18627		1.678736	4.214927	5.985467
18628		1.195787	4.503829	6.095021
18629		0.709639	4.804900	6.134743
18630		0.237724	5.080751	6.105687
18631		-0.226563	5.327790	5.994013
18632		-0.673106	5.572923	5.821134
18633		-1.103501	5.806976	5.608055
18634		-1.514932	6.005911	5.376471
18635		-1.915294	6.153217	5.101401
18636		-2.300435	6.250066	4.813906
18637		-2.649612	6.314492	4.552166
18638		-2.923744	6.340117	4.329936
18639		-3.089789	6.321179	4.172169
18640		-3.128670	6.259862	4.102276
18641		-3.053072	6.110157	4.108489
18642		-2.885798	5.864478	4.122737
18643		-2.650316	5.525905	4.086011
18644		-2.380099	5.076791	3.957194
18645		-2.076905	4.516890	3.752474
18646		-1.744149	3.844104	3.490124
18647		-1.376115	3.061544	3.178015
18648		-0.968070	2.193670	2.812617
18649		-0.504095	1.274879	2.404601
18650		0.025609	0.317988	1.957755
18651		0.594650	-0.708385	1.456195
18652		1.205187	-1.765265	0.916220
18653		1.851238	-2.825468	0.332411
18654		2.514152	-3.890808	-0.282635
18655		3.193220	-4.938607	-0.919417
18656		3.886846	-5.937834	-1.573782
18657		4.609363	-6.892841	-2.245494
18658		5.363625	-7.816551	-2.895294
18659		6.152531	-8.685842	-3.490680
18660		6.966912	-9.479056	-4.004965
18661		7.796842	-10.243660	-4.495134
18662		8.679306	-10.959702	-5.002453
18663		9.643237	-11.598361	-5.507297
18664		10.661283	-12.165838	-5.979282
18665		11.712845	-12.658011	-6.378878
18666		12.764627	-13.092327	-6.659127
18667		13.807299	-13.508163	-6.835813
18668		14.834292	-13.941219	-6.950057
18669		15.861899	-14.387380	-7.037114
18670		16.907293	-14.811926	-7.102102
18671		17.989996	-15.204232	-7.141367
18672		19.097176	-15.577624	-7.158347
18673		20.224208	-15.926423	-7.161565
18674		21.360676	-16.233879	-7.153962
18675		22.510839	-16.469923	-7.156089
18676		23.639628	-16.654914	-7.164065
18677		24.729242	-16.824876	-7.157671
18678		25.767242	-16.985300	-7.132142
18679		26.757984	-17.117031	-7.096151
18680		27.705994	-17.194404	-7.058217
18681		28.611163	-17.211589	-7.025821
18682		29.475181	-17.167348	-7.016715
18683		30.297079	-17.065506	-7.042190
18684		31.069873	-16.906563	-7.101711
18685		31.797016	-16.707621	-7.183450
18686		32.478983	-16.494265	-7.259210
18687		33.116713	-16.295260	-7.307733
18688		33.698852	-16.127876	-7.310125
18689		34.202846	-16.013664	-7.263826
18690		34.622594	-15.961312	-7.155134
18691		34.963541	-15.991151	-6.971779
18692		35.257159	-16.110797	-6.686613
18693		35.464686	-16.319166	-6.298376
18694		35.569501	-16.628273	-5.842132
18695		35.606773	-16.984726	-5.280100
18696		35.601420	-17.385597	-4.581390
18697		35.544453	-17.826467	-3.822308
18698		35.474637	-18.282395	-3.049602
18699		35.423324	-18.696089	-2.262236
18700		35.402345	-18.999661	-1.494311
18701		35.403863	-19.174841	-0.763526
18702		35.436708	-19.209768	-0.032905
18703		35.504538	-19.154165	0.720474
18704		35.597069	-19.062880	1.437018
18705		35.710872	-18.953453	2.078459
18706		35.823272	-18.823290	2.646703
18707		35.907390	-18.578780	3.198315
18708		35.878025	-18.246231	3.790792
18709		35.583946	-17.903579	4.480905
18710		35.137150	-17.522238	5.349885
18711		34.745102	-17.148446	6.403013
18712		34.501596	-16.925539	7.316435
18713		34.548198	-16.676175	7.847034
18714		34.810840	-16.446783	8.111933
18715		34.948077	-16.536137	8.480709
18716		34.765003	-16.735623	9.060876
18717		34.269784	-16.617069	9.608081
18718		33.613588	-16.123858	9.852640
18719		32.862482	-15.498059	9.833601
18720		32.056193	-14.844011	9.744868
18721		31.264429	-14.200842	9.739632
18722		30.582404	-13.568461	9.674753
18723		30.009822	-12.911307	9.465757
18724		29.443460	-12.329229	9.313521
18725		28.843541	-11.842005	9.372776
18726		28.242793	-11.444373	9.594632
18727		27.652605	-11.105849	9.879864
18728		27.064033	-10.748746	10.145138
18729		26.440324	-10.341566	10.346368
18730		25.757022	-9.870043	10.450232
18731		25.024331	-9.336394	10.418173
18732		24.277028	-8.764848	10.270505
18733		23.546684	-8.155590	10.031424
18734		22.837974	-7.526838	9.711355
18735		22.119252	-6.912816	9.348565
18736		21.393909	-6.293713	8.977147
18737		20.659212	-5.666273	8.611668
18738		19.919604	-5.040353	8.265168
18739		19.175092	-4.422593	7.947665
18740		18.433423	-3.840537	7.643037
18741		17.697601	-3.322050	7.348544
18742		16.997831	-2.843690	7.071047
18743		16.312015	-2.428217	6.809364
18744		15.640048	-2.046654	6.578324
18745		14.958307	-1.684284	6.389544
18746		14.271682	-1.330821	6.220501
18747		13.578330	-1.013086	6.048554
18748		12.904882	-0.708125	5.861665
18749		12.239775	-0.428680	5.627174
18750		11.594243	-0.158315	5.351468
18751		10.955643	0.088451	5.063736
18752		10.325121	0.308233	4.772588
18753		9.701461	0.516313	4.470877
18754		9.087839	0.700315	4.162938
18755		8.489264	0.893259	3.871996
18756		7.900135	1.082050	3.609439
18757		7.320206	1.278846	3.400426
18758		6.757254	1.463298	3.272043
18759		6.197773	1.661472	3.223888
18760		5.651237	1.886801	3.250571
18761		5.121260	2.155680	3.353305
18762		4.617790	2.448558	3.542987
18763		4.146500	2.782861	3.828842
18764		3.695661	3.155446	4.191114
18765		3.232931	3.520001	4.588628
18766		2.772539	3.855402	4.976589
18767		2.340824	4.183350	5.332785
18768		1.940436	4.469498	5.650980
18769		1.562938	4.709668	5.936506
18770		1.208466	4.946232	6.174193
18771		0.880131	5.182575	6.363576
18772		0.571154	5.392039	6.496099
18773		0.269675	5.585205	6.547182
18774		-0.029418	5.759399	6.499816
18775		-0.330048	5.918047	6.343410
18776		-0.620208	6.042629	6.116609
18777		-0.915490	6.127572	5.805050
18778		-1.199862	6.173655	5.449752
18779		-1.445556	6.164053	5.123015
18780		-1.620053	6.110092	4.855836
18781		-1.688004	6.025034	4.685016
18782		-1.644905	5.907506	4.617296
18783		-1.493020	5.687402	4.616038
18784		-1.234493	5.350461	4.610228
18785		-0.877781	4.898463	4.562783
18786		-0.450519	4.307118	4.466537
18787		0.023268	3.555302	4.301582
18788		0.535008	2.665810	4.058648
18789		1.094149	1.689282	3.733761
18790		1.685856	0.630993	3.313335
18791		2.323905	-0.471519	2.802174
18792		2.993618	-1.593960	2.214092
18793		3.675521	-2.728446	1.525734
18794		4.361839	-3.850698	0.727516
18795		5.073004	-4.937188	-0.145685
18796		5.817835	-5.971841	-1.044912
18797		6.614570	-6.906546	-1.949261
18798		7.466235	-7.741595	-2.845503
18799		8.382441	-8.435469	-3.746417
18800		9.346473	-9.042920	-4.647571
18801		10.344358	-9.658979	-5.576142
18802		11.402079	-10.262649	-6.482148
18803		12.531864	-10.815180	-7.257048
18804		13.706645	-11.332471	-7.803578
18805		14.902526	-11.842005	-8.116217
18806		16.088906	-12.395504	-8.241565
18807		17.265639	-13.010604	-8.217214
18808		18.430003	-13.681794	-8.039932
18809		19.573814	-14.421301	-7.707322
18810		20.696412	-15.210369	-7.250862
18811		21.815646	-16.014351	-6.734807
18812		22.954129	-16.757793	-6.236477
18813		24.110087	-17.390251	-5.817445
18814		25.269830	-17.912812	-5.518375
18815		26.408745	-18.342571	-5.350156
18816		27.511145	-18.684225	-5.326779
18817		28.578934	-18.917130	-5.450356
18818		29.611598	-19.006227	-5.711743
18819		30.600441	-18.931072	-6.084167
18820		31.521875	-18.703635	-6.541091
18821		32.358085	-18.340404	-7.051467
18822		33.096178	-17.887022	-7.560861
18823		33.740406	-17.380875	-8.018387
18824		34.287035	-16.858702	-8.420032
18825		34.729529	-16.357227	-8.776218
18826		35.070830	-15.894916	-9.053420
18827		35.314948	-15.505438	-9.204588
18828		35.479532	-15.219683	-9.225009
18829		35.578158	-15.064000	-9.094344
18830		35.564928	-15.108446	-8.805840
18831		35.453119	-15.341261	-8.361148
18832		35.272710	-15.717378	-7.708990
18833		35.046021	-16.281289	-6.864980
18834		34.855580	-17.039141	-5.830102
18835		34.731871	-17.918861	-4.595599
18836		34.663349	-18.782812	-3.206965
18837		34.606200	-19.532065	-1.714325
18838		34.565877	-20.098041	-0.249012
18839		34.618434	-20.462755	1.028132
18840		34.771735	-20.577615	2.038819
18841		34.984433	-20.459954	2.752584
18842		35.156485	-20.173024	3.350452
18843		35.144340	-19.844268	4.045513
18844		34.868575	-19.523660	5.014510
18845		34.473740	-19.052779	6.171721
18846		34.099088	-18.592419	6.980861
18847		33.924416	-18.082377	7.306240
18848		33.944217	-17.482412	7.223978
18849		33.892263	-17.162307	7.206449
18850		33.674775	-16.808245	7.588768
18851		33.317049	-16.314451	8.006659
18852		32.850681	-15.766973	8.201970
18853		32.271887	-15.173716	8.296969
18854		31.565716	-14.570951	8.426749
18855		30.817425	-13.962329	8.505823
18856		30.109710	-13.300973	8.491434
18857		29.416909	-12.682864	8.422936
18858		28.743680	-12.116352	8.338965
18859		28.086348	-11.599631	8.312986
18860		27.419542	-11.110767	8.343742
18861		26.736723	-10.603545	8.375281
18862		26.032008	-10.071113	8.354715
18863		25.296478	-9.513474	8.237601
18864		24.549118	-8.907465	8.020909
18865		23.774478	-8.281747	7.713452
18866		22.955298	-7.645557	7.311235
18867		22.100221	-6.996751	6.842722
18868		21.236276	-6.338355	6.312272
18869		20.371997	-5.697343	5.737236
18870		19.530319	-5.072838	5.125768
18871		18.703303	-4.480373	4.496070
18872		17.886762	-3.954930	3.922238
18873		17.073178	-3.485251	3.421878
18874		16.272720	-3.081714	2.968385
18875		15.489790	-2.724506	2.519935
18876		14.736445	-2.394105	2.105403
18877		14.005857	-2.085025	1.734480
18878		13.278583	-1.809055	1.385470
18879		12.552127	-1.555505	1.079670
18880		11.832608	-1.331819	0.819316
18881		11.128265	-1.138466	0.597567
18882		10.472084	-0.943952	0.405119
18883		9.872191	-0.727467	0.242289
18884		9.316923	-0.499313	0.127079
18885		8.778580	-0.253806	0.061614
18886		8.231857	-0.036638	0.022437
18887		7.685339	0.160094	-0.003054
18888		7.167278	0.338856	0.005636
18889		6.679682	0.496779	0.039669
18890		6.234344	0.664813	0.098046
18891		5.792056	0.858352	0.186002
18892		5.330465	1.064690	0.277933
18893		4.861360	1.275934	0.377444
18894		4.411220	1.498926	0.505424
18895		3.968161	1.736293	0.649194
18896		3.534917	1.967247	0.841889
18897		3.108850	2.199064	1.099613
18898		2.702420	2.451342	1.412841
18899		2.308646	2.715903	1.757852
18900		1.925965	2.982045	2.120470
18901		1.558257	3.256721	2.501176
18902		1.214611	3.558860	2.874537
18903		0.895353	3.878205	3.233416
18904		0.586571	4.187586	3.545762
18905		0.289501	4.505428	3.793639
18906		0.001974	4.792925	3.964566
18907		-0.289003	5.047400	4.030831
18908		-0.583040	5.272078	3.990426
18909		-0.881346	5.447540	3.847902
18910		-1.175789	5.550086	3.636636
18911		-1.451972	5.606471	3.405186
18912		-1.687964	5.591239	3.195534
18913		-1.842344	5.558815	3.072309
18914		-1.900582	5.504157	3.069805
18915		-1.844609	5.370135	3.180092
18916		-1.680443	5.113583	3.346673
18917		-1.422690	4.726869	3.490237
18918		-1.091645	4.174063	3.574705
18919		-0.694110	3.442402	3.580276
18920		-0.244391	2.530711	3.456150
18921		0.271217	1.495888	3.185595
18922		0.853249	0.381582	2.781294
18923		1.482120	-0.787730	2.260366
18924		2.133340	-1.963444	1.649582
18925		2.796947	-3.128560	0.931626
18926		3.464500	-4.281824	0.119494
18927		4.148864	-5.441623	-0.699110
18928		4.858359	-6.563335	-1.453220
18929		5.617175	-7.565641	-2.178812
18930		6.421642	-8.443904	-2.922776
18931		7.286371	-9.208751	-3.707799
18932		8.224510	-9.857970	-4.484568
18933		9.222321	-10.412987	-5.203399
18934		10.265624	-10.941549	-5.858408
18935		11.366746	-11.466469	-6.396138
18936		12.527155	-11.945590	-6.759579
18937		13.737856	-12.384213	-6.914804
18938		14.971934	-12.823661	-6.903728
18939		16.204793	-13.305307	-6.761286
18940		17.404051	-13.872706	-6.498338
18941		18.571155	-14.519016	-6.113420
18942		19.723052	-15.189131	-5.615845
18943		20.871606	-15.872607	-5.072471
18944		22.035494	-16.517267	-4.509363
18945		23.214920	-17.087157	-3.945563
18946		24.366159	-17.600344	-3.416775
18947		25.474309	-18.058952	-2.959971
18948		26.549986	-18.438391	-2.614625
18949		27.605366	-18.720816	-2.405284
18950		28.633785	-18.902776	-2.335338
18951		29.634949	-18.986313	-2.393095
18952		30.596075	-18.956114	-2.559899
18953		31.501255	-18.784258	-2.847284
18954		32.336381	-18.466444	-3.226159
18955		33.085085	-18.045774	-3.642253
18956		33.753808	-17.599077	-4.036314
18957		34.336731	-17.173807	-4.369918
18958		34.797555	-16.813858	-4.675239
18959		35.148577	-16.546657	-4.944355
18960		35.421005	-16.379619	-5.086049
18961		35.591723	-16.298535	-5.069026
18962		35.665462	-16.360028	-4.903959
18963		35.614479	-16.606558	-4.520792
18964		35.473396	-17.013094	-3.881461
18965		35.302191	-17.527787	-2.993029
18966		35.155221	-18.181553	-1.918139
18967		35.048394	-18.956215	-0.706448
18968		34.988647	-19.698298	0.606185
18969		35.014096	-20.297791	1.927918
18970		35.114210	-20.729089	3.151297
18971		35.314090	-20.890563	4.146593
18972		35.562404	-20.799915	4.772087
18973		35.746594	-20.590011	5.073985
18974		35.751560	-20.280606	5.326393
18975		35.480261	-19.724654	5.891307
18976		34.902854	-18.895642	6.764509
18977		34.191832	-17.959814	7.491247
18978		33.584109	-17.160240	7.792651
18979		33.264510	-16.517744	7.717284
18980		33.236034	-16.015204	7.455410
18981		33.300946	-15.769524	7.382491
18982		33.298973	-15.696776	7.604979
18983		33.097768	-15.648370	7.925244
18984		32.742867	-15.381020	8.176091
18985		32.270015	-14.970233	8.398047
18986		31.656487	-14.516217	8.612678
18987		30.922364	-13.975406	8.777343
18988		30.115102	-13.326968	8.828896
18989		29.273564	-12.652558	8.830457
18990		28.445538	-11.989589	8.851867
18991		27.686868	-11.359571	8.885472
18992		27.020858	-10.781289	8.901126
18993		26.413869	-10.260166	8.927918
18994		25.823997	-9.767749	9.010053
18995		25.208589	-9.272527	9.078253
18996		24.561962	-8.724106	9.063354
18997		23.861408	-8.134583	8.940092
18998		23.107006	-7.506472	8.688213
18999		22.291059	-6.856446	8.318456
19000		21.428327	-6.173075	7.861937
19001		20.527992	-5.480852	7.342782
19002		19.610595	-4.825253	6.789854
19003		18.709995	-4.200451	6.217033
19004		17.865902	-3.599844	5.662065
19005		17.057276	-3.060224	5.169121
19006		16.264759	-2.567323	4.730170
19007		15.477189	-2.110385	4.345967
19008		14.692581	-1.710505	4.025851
19009		13.902784	-1.363218	3.724271
19010		13.126491	-1.053601	3.403739
19011		12.369159	-0.797693	3.091794
19012		11.632367	-0.585357	2.810521
19013		10.907200	-0.394131	2.533361
19014		10.211592	-0.226906	2.274795
19015		9.554582	-0.056222	2.043333
19016		8.945825	0.124572	1.855993
19017		8.388477	0.330480	1.746149
19018		7.866681	0.539217	1.736945
19019		7.362201	0.743213	1.812100
19020		6.865624	0.938361	1.945322
19021		6.384695	1.149592	2.098027
19022		5.931569	1.375031	2.264057
19023		5.495760	1.615016	2.455366
19024		5.068927	1.860222	2.665312
19025		4.639485	2.099822	2.882914
19026		4.218071	2.362422	3.084570
19027		3.791652	2.636267	3.289574
19028		3.364869	2.934266	3.525080
19029		2.920481	3.256571	3.777892
19030		2.463385	3.596059	4.029264
19031		1.999828	3.933554	4.265988
19032		1.547985	4.260951	4.439298
19033		1.104612	4.578549	4.517473
19034		0.668603	4.889956	4.494746
19035		0.237355	5.153007	4.419657
19036		-0.178372	5.383910	4.284331
19037		-0.585592	5.556839	4.098022
19038		-0.986470	5.666974	3.855588
19039		-1.366634	5.748507	3.585407
19040		-1.724574	5.799499	3.280804
19041		-2.062372	5.811916	2.956002
19042		-2.357441	5.796614	2.660601
19043		-2.562520	5.764793	2.445105
19044		-2.642834	5.688652	2.360270
19045		-2.603377	5.512490	2.370138
19046		-2.462519	5.221533	2.375311
19047		-2.215098	4.825612	2.306066
19048		-1.890866	4.313543	2.115792
19049		-1.516014	3.668741	1.842085
19050		-1.113902	2.903364	1.498000
19051		-0.658056	2.094950	1.129368
19052		-0.139377	1.263071	0.762571
19053		0.423541	0.387627	0.377351
19054		1.008810	-0.526669	-0.027347
19055		1.638261	-1.466899	-0.417804
19056		2.307502	-2.444527	-0.789119
19057		3.010309	-3.439190	-1.188735
19058		3.726771	-4.464040	-1.611804
19059		4.449964	-5.464308	-2.066085
19060		5.181426	-6.420780	-2.552691
19061		5.921913	-7.369885	-3.044365
19062		6.675060	-8.294984	-3.525624
19063		7.457340	-9.146740	-3.956029
19064		8.256197	-9.931923	-4.356138
19065		9.082076	-10.687142	-4.790745
19066		9.959839	-11.388255	-5.259251
19067		10.910063	-12.007777	-5.729198
19068		11.913467	-12.541998	-6.156328
19069		12.941826	-13.014313	-6.487758
19070		13.985380	-13.434425	-6.711486
19071		15.027936	-13.843223	-6.864151
19072		16.057047	-14.276278	-6.998389
19073		17.117391	-14.655693	-7.130463
19074		18.231758	-14.943448	-7.266376
19075		19.384703	-15.173121	-7.396215
19076		20.553574	-15.371795	-7.491300
19077		21.704226	-15.554919	-7.532561
19078		22.821818	-15.722231	-7.517412
19079		23.900648	-15.868143	-7.435193
19080		24.925361	-16.026490	-7.279402
19081		25.889867	-16.200887	-7.057047
19082		26.802389	-16.380041	-6.788576
19083		27.673791	-16.533687	-6.500295
19084		28.499109	-16.645291	-6.216439
19085		29.270274	-16.714258	-5.953333
19086		29.987245	-16.734664	-5.711466
19087		30.649721	-16.707925	-5.491004
19088		31.257914	-16.661669	-5.299562
19089		31.826310	-16.609561	-5.108451
19090		32.339755	-16.570698	-4.903270
19091		32.807089	-16.575425	-4.681263
19092		33.232162	-16.619754	-4.396344
19093		33.582325	-16.735025	-4.083857
19094		33.849547	-16.911687	-3.765796
19095		34.048385	-17.128694	-3.394091
19096		34.166495	-17.393055	-2.937781
19097		34.224089	-17.725181	-2.409252
19098		34.231646	-18.134533	-1.796080
19099		34.192454	-18.583112	-1.101997
19100		34.149209	-18.963449	-0.368271
19101		34.144435	-19.273253	0.340599
19102		34.178675	-19.536583	1.035850
19103		34.230153	-19.754489	1.723484
19104		34.295972	-19.886394	2.372806
19105		34.397765	-19.867961	2.909268
19106		34.537218	-19.705556	3.273573
19107		34.673215	-19.417213	3.521526
19108		34.771973	-18.989459	3.722178
19109		34.797856	-18.445342	3.917540
19110		34.663867	-17.808090	4.221778
19111		34.349933	-17.024350	4.670399
19112		33.916344	-16.367958	5.287246
19113		33.539875	-15.978646	6.081792
19114		33.422462	-15.758984	6.553750
19115		33.634383	-15.620562	6.678469
19116		33.987394	-15.699356	6.937763
19117		34.191485	-15.995456	7.580690
19118		34.105569	-16.113030	8.352834
19119		33.753726	-15.859044	8.845037
19120		33.211477	-15.361691	9.087415
19121		32.507928	-14.741783	9.278167
19122		31.676492	-14.096692	9.422050
19123		30.800627	-13.392429	9.470721
19124		29.990030	-12.625870	9.393307
19125		29.228440	-11.910845	9.273990
19126		28.500362	-11.265574	9.188048
19127		27.828783	-10.703669	9.139059
19128		27.210050	-10.249708	9.161683
19129		26.598090	-9.837149	9.253337
19130		25.963790	-9.416644	9.341472
19131		25.273619	-8.970101	9.372831
19132		24.517678	-8.486676	9.325138
19133		23.705630	-7.946670	9.137397
19134		22.874378	-7.362071	8.811395
19135		22.030276	-6.720288	8.374318
19136		21.191453	-6.025315	7.843598
19137		20.353803	-5.321388	7.271168
19138		19.519188	-4.648273	6.707831
19139		18.687615	-4.022022	6.188392
19140		17.875736	-3.473192	5.727000
19141		17.085573	-2.983400	5.328913
19142		16.325110	-2.531301	4.976296
19143		15.568300	-2.134235	4.652133
19144		14.818802	-1.779423	4.365456
19145		14.086039	-1.439985	4.104466
19146		13.375188	-1.129533	3.884267
19147		12.683126	-0.826011	3.691784
19148		12.009845	-0.558082	3.498904
19149		11.351231	-0.302805	3.281598
19150		10.713585	-0.087687	3.066894
19151		10.093380	0.108758	2.852687
19152		9.488040	0.301123	2.642368
19153		8.888166	0.506909	2.442160
19154		8.289914	0.701512	2.252375
19155		7.700909	0.884837	2.080629
19156		7.151455	1.070680	1.959449
19157		6.636457	1.269527	1.909147
19158		6.156029	1.482239	1.922567
19159		5.692500	1.698500	1.985802
19160		5.245812	1.949372	2.095847
19161		4.794866	2.225718	2.236170
19162		4.335696	2.536825	2.396236
19163		3.871512	2.853087	2.609602
19164		3.402521	3.166624	2.899884
19165		2.929361	3.475468	3.246868
19166		2.464622	3.794170	3.615969
19167		2.005584	4.140857	3.986170
19168		1.541051	4.491149	4.344486
19169		1.068018	4.880456	4.688443
19170		0.601896	5.283190	5.022692
19171		0.158685	5.685056	5.312488
19172		-0.253425	6.071044	5.506928
19173		-0.655182	6.415852	5.577986
19174		-1.036603	6.717181	5.540271
19175		-1.409129	6.982492	5.384759
19176		-1.762785	7.186401	5.141302
19177		-2.096533	7.315071	4.831390
19178		-2.408925	7.398221	4.503857
19179		-2.677189	7.455291	4.233700
19180		-2.876383	7.444199	4.019843
19181		-2.959653	7.370472	3.888645
19182		-2.900115	7.265323	3.847322
19183		-2.704204	7.089991	3.862340
19184		-2.385930	6.811144	3.906727
19185		-1.973513	6.401271	3.917652
19186		-1.522449	5.831386	3.839502
19187		-1.047536	5.110387	3.663115
19188		-0.569645	4.206502	3.379791
19189		-0.086064	3.142484	2.981516
19190		0.430316	1.999591	2.502099
19191		0.993329	0.807600	1.940983
19192		1.588393	-0.435452	1.286086
19193		2.226348	-1.685040	0.559612
19194		2.887350	-2.944865	-0.211857
19195		3.565754	-4.203014	-1.005540
19196		4.269851	-5.434908	-1.790654
19197		5.025929	-6.611248	-2.549111
19198		5.837961	-7.711328	-3.252236
19199		6.703465	-8.746698	-3.896888
19200		7.629161	-9.665328	-4.462689
19201		8.601691	-10.451316	-4.947796
19202		9.575175	-11.190194	-5.392559
19203		10.572945	-11.936581	-5.803036
19204		11.626568	-12.631955	-6.110659
19205		12.749739	-13.238774	-6.281348
19206		13.919907	-13.784272	-6.342766
19207		15.123581	-14.293207	-6.338596
19208		16.335471	-14.821805	-6.304360
19209		17.544768	-15.390700	-6.253607
19210		18.767921	-15.956616	-6.177218
19211		20.025869	-16.472554	-6.095172
19212		21.314226	-16.938285	-6.015750
19213		22.609242	-17.366162	-5.924553
19214		23.880186	-17.743649	-5.829120
19215		25.103192	-18.052184	-5.734390
19216		26.254681	-18.296706	-5.622308
19217		27.319144	-18.491792	-5.466692
19218		28.293621	-18.643229	-5.272884
19219		29.193393	-18.743062	-5.061887
19220		30.014065	-18.787383	-4.858959
19221		30.758320	-18.768620	-4.679588
19222		31.426651	-18.691918	-4.541827
19223		32.031512	-18.572016	-4.450165
19224		32.574258	-18.425448	-4.383498
19225		33.038366	-18.265428	-4.331303
19226		33.411478	-18.103514	-4.295744
19227		33.690108	-17.980912	-4.258405
19228		33.901754	-17.922898	-4.154158
19229		34.018916	-17.951737	-3.957134
19230		34.042065	-18.081943	-3.691274
19231		34.004622	-18.273977	-3.290404
19232		33.915618	-18.510512	-2.680944
19233		33.786110	-18.806705	-1.892261
19234		33.650138	-19.222980	-0.962249
19235		33.506607	-19.786719	0.073347
19236		33.354424	-20.418209	1.122674
19237		33.250345	-20.943868	2.093722
19238		33.230098	-21.237173	2.920619
19239		33.324778	-21.191883	3.540139
19240		33.528620	-20.838433	3.871420
19241		33.781781	-20.219450	3.994302
19242		33.998606	-19.440780	4.067787
19243		34.109841	-18.594997	4.230905
19244		33.907661	-17.890195	4.623847
19245		33.262521	-17.496916	5.419872
19246		32.428817	-17.185594	6.797149
19247		31.710198	-17.001592	8.259453
19248		31.437728	-17.120696	9.113936
19249		32.008050	-16.888916	9.333818
19250		32.784082	-16.801967	9.318466
19251		33.222212	-17.317877	9.933966
19252		33.234748	-17.770617	10.993730
19253		32.894326	-17.668657	11.739264
19254		32.347560	-17.182048	12.053091
19255		31.640999	-16.501649	12.052012
19256		30.811841	-15.668748	11.784676
19257		29.979404	-14.713520	11.364809
19258		29.266490	-13.693005	10.864553
19259		28.633706	-12.726612	10.317458
19260		27.994711	-11.878477	9.796921
19261		27.378570	-11.225902	9.536375
19262		26.836765	-10.772793	9.609052
19263		26.367202	-10.392385	9.879898
19264		25.887835	-10.032673	10.209154
19265		25.342012	-9.632167	10.535111
19266		24.710326	-9.170562	10.824952
19267		24.010773	-8.633378	11.011455
19268		23.274779	-8.035892	11.052187
19269		22.521358	-7.395961	10.958465
19270		21.769559	-6.735476	10.751663
19271		21.011977	-6.059986	10.477023
19272		20.241314	-5.387892	10.158676
19273		19.450974	-4.735826	9.841371
19274		18.672962	-4.120875	9.586786
19275		17.914919	-3.568441	9.408720
19276		17.196882	-3.088047	9.286515
19277		16.512822	-2.670774	9.201408
19278		15.838038	-2.299078	9.160521
19279		15.133233	-1.969477	9.128956
19280		14.409521	-1.654103	9.095356
19281		13.664079	-1.349840	9.047109
19282		12.905171	-1.063327	8.964975
19283		12.149702	-0.780117	8.844830
19284		11.402126	-0.506438	8.712217
19285		10.665652	-0.248870	8.545822
19286		9.967655	0.006159	8.328601
19287		9.326440	0.280340	8.088284
19288		8.701341	0.535967	7.835028
19289		8.075396	0.804386	7.568411
19290		7.443557	1.062382	7.341254
19291		6.814701	1.329495	7.168185
19292		6.199789	1.579166	7.058714
19293		5.609428	1.814116	7.017476
19294		5.056255	2.036836	7.037193
19295		4.524155	2.249894	7.106882
19296		4.010081	2.480701	7.216475
19297		3.515378	2.746715	7.388441
19298		3.042540	3.026590	7.695391
19299		2.592792	3.341428	8.107706
19300		2.173267	3.669002	8.555241
19301		1.787806	4.002198	9.017576
19302		1.427061	4.348439	9.488609
19303		1.090911	4.716730	9.972169
19304		0.794942	5.073613	10.451325
19305		0.524950	5.392097	10.866962
19306		0.264998	5.672109	11.142025
19307		-0.003704	5.896791	11.256384
19308		-0.288605	6.092959	11.199915
19309		-0.591395	6.263338	11.008524
19310		-0.891834	6.405521	10.768758
19311		-1.162683	6.486068	10.504654
19312		-1.357821	6.515052	10.236790
19313		-1.476795	6.476405	9.977878
19314		-1.502494	6.348499	9.716401
19315		-1.428560	6.091175	9.429716
19316		-1.251441	5.672413	9.098186
19317		-0.960125	5.074971	8.732105
19318		-0.558856	4.297113	8.343621
19319		-0.069002	3.353032	7.897131
19320		0.477891	2.305360	7.348553
19321		1.080196	1.206879	6.695170
19322		1.728972	0.077409	5.948308
19323		2.427908	-1.019038	5.124064
19324		3.167517	-2.083269	4.270165
19325		3.918690	-3.158763	3.422695
19326		4.662464	-4.218866	2.591702
19327		5.410966	-5.260733	1.814099
19328		6.184550	-6.250995	1.105347
19329		7.007539	-7.146414	0.415814
19330		7.888303	-7.947384	-0.304490
19331		8.833502	-8.683306	-1.054599
19332		9.822034	-9.390000	-1.772962
19333		10.845250	-10.136967	-2.430682
19334		11.906721	-10.932269	-3.004370
19335		13.019239	-11.701738	-3.447565
19336		14.149143	-12.412717	-3.752277
19337		15.255487	-13.108774	-3.945471
19338		16.320114	-13.802641	-4.042083
19339		17.369200	-14.491134	-4.091975
19340		18.407878	-15.198673	-4.113347
19341		19.453653	-15.929984	-4.084813
19342		20.547686	-16.617769	-4.029032
19343		21.696483	-17.222145	-4.017523
19344		22.877086	-17.719430	-4.097114
19345		24.065296	-18.090498	-4.295894
19346		25.235295	-18.325091	-4.615811
19347		26.360895	-18.450194	-5.046221
19348		27.430299	-18.467628	-5.556640
19349		28.443298	-18.367304	-6.125754
19350		29.393407	-18.138052	-6.742870
19351		30.265705	-17.774832	-7.396730
19352		31.036586	-17.295145	-8.031817
19353		31.675811	-16.757772	-8.596052
19354		32.175332	-16.223051	-9.066430
19355		32.550965	-15.702804	-9.420022
19356		32.811399	-15.207487	-9.653955
19357		32.985967	-14.772603	-9.804331
19358		33.123645	-14.410629	-9.818017
19359		33.204134	-14.198802	-9.686062
19360		33.223740	-14.231309	-9.452397
19361		33.212292	-14.507696	-9.062572
19362		33.178780	-14.961039	-8.497176
19363		33.114981	-15.525894	-7.795995
19364		33.040300	-16.215105	-6.937141
19365		32.969158	-16.962483	-5.891569
19366		32.924451	-17.647048	-4.753592
19367		32.934507	-18.172054	-3.613034
19368		32.997916	-18.466331	-2.471396
19369		33.110864	-18.512181	-1.408234
19370		33.269288	-18.358203	-0.574821
19371		33.447066	-18.111418	0.004287
19372		33.608745	-17.781096	0.439420
19373		33.719403	-17.290579	0.934459
19374		33.680335	-16.688405	1.639962
19375		33.440370	-16.064986	2.637237
19376		33.098446	-15.578886	3.894759
19377		32.900301	-15.335576	5.120295
19378		33.004096	-15.353849	6.006324
19379		33.447993	-15.426268	6.540550
19380		33.856868	-15.731082	7.194658
19381		33.939718	-16.237635	8.179628
19382		33.700595	-16.330507	9.259530
19383		33.248120	-15.931336	9.952536
19384		32.665698	-15.232529	10.249641
19385		31.887895	-14.504196	10.274231
19386		30.996092	-13.716871	10.145843
19387		30.148909	-12.853382	9.907658
19388		29.452041	-11.958862	9.509375
19389		28.808179	-11.128697	8.984410
19390		28.177796	-10.412287	8.480197
19391		27.530548	-9.879223	8.232173
19392		26.865447	-9.481515	8.236546
19393		26.188929	-9.079753	8.314593
19394		25.479237	-8.646356	8.380079
19395		24.713687	-8.169547	8.407456
19396		23.893017	-7.666680	8.383436
19397		23.031959	-7.131264	8.286300
19398		22.165817	-6.565005	8.085955
19399		21.319248	-5.954127	7.772066
19400		20.501606	-5.302048	7.356956
19401		19.696595	-4.629161	6.883183
19402		18.902723	-3.983651	6.393921
19403		18.100656	-3.370100	5.924386
19404		17.306088	-2.773812	5.476956
19405		16.510680	-2.219129	5.071611
19406		15.729207	-1.712964	4.698784
19407		14.967238	-1.244308	4.359075
19408		14.218019	-0.800909	4.060145
19409		13.450142	-0.398832	3.804280
19410		12.678353	-0.028078	3.580091
19411		11.911289	0.303201	3.394040
19412		11.182572	0.609163	3.239989
19413		10.500214	0.875774	3.119646
19414		9.877395	1.113096	3.053015
19415		9.300094	1.351095	3.018762
19416		8.738370	1.572073	2.983790
19417		8.188719	1.787918	2.917717
19418		7.664811	2.001611	2.811997
19419		7.143118	2.204236	2.654780
19420		6.612917	2.396481	2.473308
19421		6.063949	2.578368	2.288866
19422		5.506102	2.746584	2.129151
19423		4.945836	2.912183	2.011081
19424		4.396517	3.069462	1.914839
19425		3.875665	3.223269	1.852282
19426		3.394372	3.398607	1.830899
19427		2.949036	3.578760	1.857792
19428		2.545003	3.749287	1.982805
19429		2.157870	3.925301	2.197775
19430		1.784374	4.120228	2.467285
19431		1.431934	4.368842	2.777294
19432		1.104111	4.661631	3.123328
19433		0.789530	4.985075	3.497321
19434		0.481308	5.309856	3.858932
19435		0.195678	5.646715	4.204386
19436		-0.073605	5.979516	4.515549
19437		-0.343412	6.278881	4.749531
19438		-0.620750	6.543721	4.852722
19439		-0.894553	6.778579	4.812535
19440		-1.188238	6.936300	4.604999
19441		-1.523219	7.025212	4.264927
19442		-1.845851	7.041857	3.907908
19443		-2.107750	6.965877	3.579084
19444		-2.261155	6.835086	3.339989
19445		-2.300024	6.654359	3.216259
19446		-2.232854	6.397175	3.168255
19447		-2.044687	6.043019	3.157336
19448		-1.734110	5.564252	3.167828
19449		-1.320416	4.960655	3.157456
19450		-0.839860	4.210678	3.096557
19451		-0.302792	3.312099	2.952494
19452		0.275815	2.313734	2.702514
19453		0.878342	1.217813	2.338044
19454		1.501158	0.086435	1.888238
19455		2.145757	-1.053271	1.388402
19456		2.792699	-2.193676	0.833830
19457		3.439157	-3.333384	0.234480
19458		4.097958	-4.462451	-0.366562
19459		4.787328	-5.551746	-1.010692
19460		5.526832	-6.575925	-1.742444
19461		6.329063	-7.535126	-2.552448
19462		7.183261	-8.413480	-3.413657
19463		8.085052	-9.229969	-4.292626
19464		9.033837	-10.007849	-5.157769
19465		10.050355	-10.702001	-5.967191
19466		11.120172	-11.291880	-6.688985
19467		12.228421	-11.804191	-7.282430
19468		13.344728	-12.276767	-7.728618
19469		14.453184	-12.726232	-8.044285
19470		15.558085	-13.181351	-8.252646
19471		16.683655	-13.665813	-8.363243
19472		17.848483	-14.141780	-8.370979
19473		19.064513	-14.580126	-8.268911
19474		20.312627	-15.018891	-8.056012
19475		21.568078	-15.481057	-7.777192
19476		22.824550	-15.921340	-7.473010
19477		24.055765	-16.302942	-7.190718
19478		25.218861	-16.640331	-6.938817
19479		26.292009	-16.947116	-6.708190
19480		27.278549	-17.207000	-6.516242
19481		28.202017	-17.389939	-6.386456
19482		29.073700	-17.474556	-6.320341
19483		29.892139	-17.455014	-6.316247
19484		30.653568	-17.343975	-6.352425
19485		31.351951	-17.153074	-6.421158
19486		31.990273	-16.922465	-6.516224
19487		32.588435	-16.657377	-6.611901
19488		33.157233	-16.369886	-6.706374
19489		33.718371	-16.100074	-6.804809
19490		34.255427	-15.860268	-6.883570
19491		34.685536	-15.716110	-6.951703
19492		34.980935	-15.667397	-6.938185
19493		35.140437	-15.696468	-6.722227
19494		35.166233	-15.827062	-6.271331
19495		35.077672	-16.063995	-5.633700
19496		34.918076	-16.410735	-4.839815
19497		34.737790	-16.846456	-3.883772
19498		34.538710	-17.338711	-2.831388
19499		34.375597	-17.802601	-1.786421
19500		34.305797	-18.137584	-0.813838
19501		34.347421	-18.265882	0.071312
19502		34.453157	-18.257718	0.806586
19503		34.557383	-18.125527	1.369375
19504		34.619719	-17.854378	1.794108
19505		34.578786	-17.471241	2.283980
19506		34.363433	-17.025364	2.994874
19507		33.971211	-16.595551	3.959740
19508		33.606089	-16.301396	5.092229
19509		33.523808	-15.951666	5.850912
19510		33.780919	-15.683693	5.889709
19511		34.227058	-15.421379	5.694457
19512		34.448374	-15.542357	5.811409
19513		34.302861	-15.665594	6.266219
19514		33.834909	-15.357249	6.475703
19515		33.126846	-14.882570	6.381620
19516		32.237544	-14.328267	6.290454
19517		31.258302	-13.793763	6.236440
19518		30.355532	-13.260750	6.116531
19519		29.638994	-12.644362	5.866281
19520		28.991949	-12.014437	5.533632
19521		28.296549	-11.435819	5.299590
19522		27.555595	-10.932519	5.239628
19523		26.814915	-10.489590	5.309549
19524		26.108610	-10.055121	5.460615
19525		25.408452	-9.628319	5.649419
19526		24.701695	-9.187580	5.804232
19527		23.974558	-8.714594	5.863735
19528		23.231112	-8.198152	5.800157
19529		22.456494	-7.630942	5.602701
19530		21.655504	-7.028129	5.304077
19531		20.837862	-6.400857	4.927220
19532		20.013004	-5.795142	4.508510
19533		19.193341	-5.234084	4.071567
19534		18.410632	-4.713020	3.631350
19535		17.660545	-4.221617	3.206979
19536		16.940308	-3.753852	2.788602
19537		16.234246	-3.341844	2.397343
19538		15.542170	-2.996780	2.038514
19539		14.862219	-2.683231	1.711655
19540		14.180264	-2.388368	1.410574
19541		13.494510	-2.090550	1.114910
19542		12.802205	-1.823180	0.808885
19543		12.124195	-1.567037	0.505342
19544		11.468616	-1.335482	0.219057
19545		10.846642	-1.096105	-0.047624
19546		10.268416	-0.853418	-0.282644
19547		9.701864	-0.633039	-0.497147
19548		9.154632	-0.427759	-0.728425
19549		8.634470	-0.202948	-0.945699
19550		8.127357	0.007513	-1.113361
19551		7.628602	0.208763	-1.230932
19552		7.149509	0.405206	-1.289258
19553		6.680856	0.572362	-1.280524
19554		6.228683	0.724050	-1.216008
19555		5.788473	0.895040	-1.120260
19556		5.363541	1.084457	-0.997561
19557		4.942946	1.288028	-0.857765
19558		4.534177	1.512249	-0.699579
19559		4.128900	1.737847	-0.503545
19560		3.733009	1.981195	-0.269530
19561		3.344180	2.265051	0.003737
19562		2.957635	2.569381	0.324420
19563		2.559049	2.867907	0.681736
19564		2.155760	3.170368	1.058661
19565		1.753403	3.475709	1.425942
19566		1.359353	3.779985	1.775365
19567		0.969759	4.085264	2.131736
19568		0.587392	4.391156	2.489932
19569		0.212660	4.698243	2.802202
19570		-0.140645	5.011951	3.060738
19571		-0.477357	5.303348	3.261770
19572		-0.808969	5.565518	3.384012
19573		-1.146571	5.762817	3.405936
19574		-1.492888	5.905239	3.297794
19575		-1.823858	6.001518	3.139109
19576		-2.106999	6.063527	3.007382
19577		-2.318237	6.095952	2.934683
19578		-2.438186	6.110871	2.953351
19579		-2.445599	6.080198	3.052041
19580		-2.334208	5.946419	3.173391
19581		-2.103291	5.704643	3.256611
19582		-1.785295	5.314827	3.261165
19583		-1.422083	4.747078	3.157085
19584		-1.029945	4.004020	2.942715
19585		-0.597654	3.104389	2.649602
19586		-0.119117	2.100837	2.299736
19587		0.406109	1.045831	1.869737
19588		0.951957	-0.050033	1.332738
19589		1.528669	-1.152676	0.713885
19590		2.130825	-2.269976	0.036996
19591		2.747393	-3.434078	-0.651569
19592		3.373104	-4.616445	-1.354101
19593		4.033902	-5.756799	-2.086572
19594		4.742774	-6.818553	-2.846254
19595		5.514298	-7.801650	-3.571483
19596		6.350386	-8.697325	-4.231758
19597		7.247214	-9.492341	-4.827373
19598		8.181933	-10.178530	-5.335036
19599		9.144564	-10.810129	-5.755586
19600		10.123432	-11.472924	-6.079667
19601		11.152762	-12.140391	-6.266082
19602		12.245370	-12.760302	-6.303265
19603		13.392411	-13.336019	-6.235170
19604		14.567012	-13.872094	-6.080971
19605		15.745318	-14.407113	-5.846606
19606		16.910855	-15.001956	-5.538988
19607		18.091816	-15.634605	-5.164038
19608		19.302600	-16.249820	-4.744704
19609		20.537307	-16.830459	-4.315476
19610		21.779512	-17.360136	-3.874484
19611		23.008426	-17.852693	-3.438149
19612		24.204839	-18.294577	-3.060750
19613		25.367373	-18.667708	-2.766606
19614		26.491966	-18.949591	-2.558031
19615		27.581635	-19.140128	-2.412981
19616		28.614729	-19.242856	-2.319497
19617		29.572768	-19.267539	-2.287962
19618		30.445888	-19.207475	-2.316325
19619		31.241278	-19.052541	-2.390323
19620		31.962556	-18.834314	-2.504170
19621		32.616378	-18.584078	-2.651962
19622		33.196161	-18.325464	-2.844341
19623		33.707070	-18.071824	-3.061617
19624		34.140240	-17.851811	-3.263174
19625		34.478786	-17.694705	-3.405719
19626		34.711341	-17.607286	-3.490556
19627		34.830368	-17.598413	-3.508486
19628		34.809552	-17.688766	-3.414151
19629		34.686671	-17.843057	-3.156267
19630		34.517158	-18.049773	-2.642799
19631		34.354464	-18.350738	-1.889971
19632		34.234329	-18.759889	-1.005851
19633		34.175332	-19.186842	-0.004243
19634		34.155452	-19.534424	1.089692
19635		34.157282	-19.771579	2.178496
19636		34.189257	-19.823872	3.042771
19637		34.263581	-19.625340	3.589104
19638		34.316210	-19.252029	3.896391
19639		34.254118	-18.718901	4.146157
19640		33.973411	-17.932037	4.643254
19641		33.430876	-17.229022	5.523756
19642		32.922490	-16.471860	6.476566
19643		32.659793	-16.017887	6.998068
19644		32.785099	-15.895650	7.236295
19645		33.229748	-15.985706	7.302622
19646		33.721074	-16.270574	7.602734
19647		34.097649	-16.557364	8.340882
19648		34.133319	-16.686333	9.059551
19649		33.857849	-16.460803	9.505110
19650		33.361134	-15.990104	9.754922
19651		32.677807	-15.386846	9.805028
19652		31.824610	-14.668866	9.642475
19653		30.916934	-13.833436	9.383208
19654		30.036244	-13.004976	9.087752
19655		29.240899	-12.238006	8.778931
19656		28.560227	-11.569918	8.460928
19657		27.975911	-11.036927	8.220749
19658		27.436958	-10.622003	8.174837
19659		26.886108	-10.259360	8.286794
19660		26.290171	-9.894380	8.438252
19661		25.623374	-9.459492	8.563268
19662		24.865514	-8.990017	8.614312
19663		24.035453	-8.435929	8.559532
19664		23.149125	-7.812988	8.374710
19665		22.215409	-7.135570	8.071896
19666		21.285647	-6.420277	7.670480
19667		20.374669	-5.720055	7.213286
19668		19.485971	-5.064487	6.750817
19669		18.615437	-4.464816	6.319538
19670		17.778127	-3.915152	5.954008
19671		16.969663	-3.421187	5.661762
19672		16.181405	-2.967623	5.416594
19673		15.379991	-2.564688	5.205607
19674		14.569415	-2.172618	4.983462
19675		13.731981	-1.791622	4.745315
19676		12.883686	-1.438927	4.498172
19677		12.036466	-1.103189	4.231872
19678		11.209640	-0.808514	3.953552
19679		10.413336	-0.542787	3.674197
19680		9.665164	-0.312286	3.436405
19681		8.963835	-0.089256	3.249509
19682		8.297437	0.104873	3.094190
19683		7.668856	0.326954	2.939145
19684		7.077276	0.594594	2.816733
19685		6.493714	0.870981	2.798150
19686		5.907219	1.153171	2.901143
19687		5.306484	1.424823	3.102609
19688		4.709022	1.682105	3.357912
19689		4.136555	1.956446	3.636329
19690		3.598243	2.240854	3.969580
19691		3.085309	2.530838	4.362548
19692		2.594078	2.847791	4.807242
19693		2.124705	3.203826	5.293300
19694		1.681248	3.588992	5.811473
19695		1.252472	3.996811	6.355459
19696		0.834173	4.412482	6.913602
19697		0.424305	4.832001	7.434239
19698		0.040844	5.237178	7.881013
19699		-0.307378	5.639115	8.197901
19700		-0.626052	6.024241	8.396427
19701		-0.941917	6.358533	8.460071
19702		-1.271161	6.622639	8.352774
19703		-1.591970	6.808585	8.108475
19704		-1.901925	6.928131	7.723841
19705		-2.196020	6.948294	7.272356
19706		-2.465721	6.860818	6.809421
19707		-2.671010	6.720417	6.385221
19708		-2.772166	6.541835	6.067744
19709		-2.759563	6.342147	5.871595
19710		-2.642128	6.077184	5.749637
19711		-2.419111	5.727083	5.629540
19712		-2.090431	5.288200	5.491424
19713		-1.672300	4.722798	5.342144
19714		-1.181221	4.016855	5.170607
19715		-0.629377	3.163870	4.963155
19716		-0.045642	2.180976	4.678873
19717		0.577778	1.133369	4.300790
19718		1.232591	0.031981	3.814933
19719		1.910252	-1.101706	3.202590
19720		2.595542	-2.242356	2.491296
19721		3.269345	-3.403739	1.743180
19722		3.924766	-4.572069	0.996001
19723		4.591010	-5.711978	0.260027
19724		5.286215	-6.763863	-0.457389
19725		6.033385	-7.731309	-1.160360
19726		6.822831	-8.637894	-1.855366
19727		7.671140	-9.439296	-2.547688
19728		8.578861	-10.123256	-3.198606
19729		9.528378	-10.776511	-3.806740
19730		10.519762	-11.411453	-4.362876
19731		11.567662	-11.990310	-4.815666
19732		12.650889	-12.511903	-5.146636
19733		13.749551	-13.004196	-5.395942
19734		14.842945	-13.486890	-5.583898
19735		15.929429	-13.974246	-5.706907
19736		17.002539	-14.480317	-5.743510
19737		18.071692	-15.013128	-5.674629
19738		19.154122	-15.553600	-5.531338
19739		20.263099	-16.069578	-5.338309
19740		21.395147	-16.521289	-5.116659
19741		22.540041	-16.887861	-4.907236
19742		23.667120	-17.201313	-4.742568
19743		24.761822	-17.461451	-4.635279
19744		25.818773	-17.651980	-4.603323
19745		26.845262	-17.753906	-4.638185
19746		27.829727	-17.777221	-4.707775
19747		28.769188	-17.724213	-4.779704
19748		29.646483	-17.610560	-4.863135
19749		30.470825	-17.433808	-4.966347
19750		31.230494	-17.197995	-5.066116
19751		31.910547	-16.940522	-5.171369
19752		32.523107	-16.707610	-5.256930
19753		33.067064	-16.503600	-5.292870
19754		33.530107	-16.351209	-5.313583
19755		33.913798	-16.243231	-5.290961
19756		34.193725	-16.192061	-5.167485
19757		34.354005	-16.198853	-4.936628
19758		34.399363	-16.259680	-4.594868
19759		34.332548	-16.376561	-4.105795
19760		34.164928	-16.569476	-3.471425
19761		33.937559	-16.826104	-2.667643
19762		33.707024	-17.131318	-1.705587
19763		33.494373	-17.480222	-0.706028
19764		33.355418	-17.825297	0.289454
19765		33.321667	-18.093623	1.267940
19766		33.355537	-18.230647	2.192738
19767		33.409150	-18.263920	3.012224
19768		33.453326	-18.220061	3.720375
19769		33.466174	-18.122622	4.283697
19770		33.430729	-17.855155	4.682975
19771		33.355246	-17.350471	4.969905
19772		33.199213	-16.836900	5.418710
19773		32.989864	-16.500589	6.234385
19774		32.851675	-16.135863	7.079065
19775		32.810687	-15.998900	7.611056
19776		32.931574	-15.920618	7.910854
19777		33.062153	-16.026626	8.241493
19778		33.039177	-16.182033	8.784779
19779		32.849190	-16.069750	9.366807
19780		32.514048	-15.731482	9.676157
19781		32.057124	-15.162684	9.776945
19782		31.437742	-14.523838	9.813484
19783		30.694629	-13.841471	9.839541
19784		29.917714	-13.117119	9.791170
19785		29.188388	-12.373042	9.682573
19786		28.504723	-11.674349	9.544583
19787		27.851635	-11.065278	9.436872
19788		27.235930	-10.556293	9.462760
19789		26.628138	-10.152953	9.611622
19790		26.027580	-9.760248	9.798106
19791		25.401617	-9.355312	9.963649
19792		24.729932	-8.916475	10.069667
19793		23.992847	-8.438315	10.086336
19794		23.228459	-7.881785	9.941922
19795		22.438009	-7.258125	9.645070
19796		21.614015	-6.575022	9.228457
19797		20.751061	-5.846128	8.715256
19798		19.873071	-5.111038	8.177188
19799		18.990711	-4.420735	7.659005
19800		18.126555	-3.787193	7.178767
19801		17.288129	-3.198058	6.747269
19802		16.472860	-2.660224	6.363446
19803		15.682592	-2.159019	6.040973
19804		14.912374	-1.717638	5.773589
19805		14.143919	-1.319807	5.566024
19806		13.373321	-0.983189	5.414606
19807		12.596970	-0.674500	5.265686
19808		11.819865	-0.403047	5.087817
19809		11.045852	-0.163310	4.883122
19810		10.292890	0.034855	4.667963
19811		9.559103	0.195956	4.462199
19812		8.863252	0.367143	4.257334
19813		8.190276	0.576679	4.025753
19814		7.538326	0.805067	3.769946
19815		6.900705	1.027650	3.535379
19816		6.295638	1.255395	3.356146
19817		5.710114	1.464066	3.246231
19818		5.148548	1.651109	3.199232
19819		4.612746	1.828951	3.201613
19820		4.096967	1.965700	3.265476
19821		3.606953	2.091880	3.385504
19822		3.146982	2.230277	3.555310
19823		2.715426	2.394224	3.811276
19824		2.322899	2.611637	4.200415
19825		1.947272	2.875464	4.718201
19826		1.594250	3.185535	5.289547
19827		1.275984	3.545852	5.852973
19828		0.992236	3.916023	6.411571
19829		0.733898	4.278269	6.978358
19830		0.501856	4.632839	7.497828
19831		0.297004	4.987633	7.901795
19832		0.106444	5.325467	8.175914
19833		-0.080898	5.632090	8.332913
19834		-0.271207	5.883345	8.371808
19835		-0.484893	6.080116	8.284249
19836		-0.712448	6.199270	8.095338
19837		-0.911782	6.233369	7.890591
19838		-1.052714	6.144257	7.707209
19839		-1.125074	5.947469	7.525735
19840		-1.118353	5.690115	7.355017
19841		-1.021730	5.366370	7.193849
19842		-0.838777	4.946194	6.998145
19843		-0.552846	4.411722	6.809809
19844		-0.181746	3.757003	6.634441
19845		0.260987	2.948089	6.421458
19846		0.757105	2.012925	6.118462
19847		1.313212	0.994201	5.710147
19848		1.914108	-0.099927	5.210548
19849		2.551440	-1.215988	4.633138
19850		3.201103	-2.308328	3.970120
19851		3.858206	-3.380075	3.267721
19852		4.516408	-4.423067	2.590959
19853		5.183881	-5.428984	1.955796
19854		5.885067	-6.351051	1.351870
19855		6.639503	-7.191293	0.752942
19856		7.445648	-7.966315	0.130953
19857		8.306850	-8.664660	-0.537632
19858		9.219402	-9.289100	-1.216342
19859		10.181434	-9.907687	-1.883172
19860		11.195938	-10.541325	-2.475918
19861		12.283769	-11.128251	-2.952777
19862		13.427233	-11.644974	-3.304584
19863		14.579727	-12.147510	-3.547162
19864		15.706799	-12.675710	-3.673248
19865		16.801924	-13.289591	-3.686757
19866		17.888215	-13.960125	-3.583936
19867		18.992376	-14.642295	-3.386080
19868		20.106745	-15.329522	-3.107630
19869		21.243976	-16.000201	-2.760827
19870		22.398857	-16.625210	-2.363818
19871		23.549394	-17.193986	-1.979856
19872		24.665231	-17.702868	-1.670921
19873		25.738536	-18.137672	-1.461696
19874		26.760523	-18.484696	-1.353896
19875		27.738307	-18.719368	-1.358590
19876		28.667820	-18.827296	-1.465396
19877		29.543149	-18.793109	-1.672748
19878		30.347794	-18.624028	-1.988989
19879		31.065281	-18.323621	-2.397053
19880		31.689687	-17.923102	-2.870773
19881		32.230898	-17.458921	-3.385514
19882		32.691847	-16.975674	-3.909285
19883		33.068030	-16.535103	-4.420727
19884		33.378830	-16.203334	-4.886983
19885		33.629065	-15.974284	-5.236369
19886		33.776723	-15.871473	-5.497252
19887		33.823231	-15.867435	-5.637898
19888		33.780183	-15.918152	-5.588041
19889		33.683690	-16.027682	-5.329871
19890		33.586198	-16.269733	-4.823599
19891		33.478357	-16.739419	-4.070512
19892		33.384584	-17.305353	-3.161046
19893		33.344523	-17.812907	-2.205582
19894		33.350743	-18.215681	-1.221968
19895		33.376444	-18.507866	-0.230612
19896		33.401493	-18.675881	0.746524
19897		33.439473	-18.701542	1.600488
19898		33.492371	-18.566665	2.311662
19899		33.519073	-18.239207	2.945925
19900		33.453710	-17.810850	3.573599
19901		33.287106	-17.468248	4.402129
19902		33.185911	-17.136605	5.306927
19903		33.256656	-16.827862	5.893470
19904		33.452167	-16.736887	6.165904
19905		33.693050	-16.787655	6.389691
19906		33.776537	-16.930210	6.823067
19907		33.594269	-16.777001	7.441424
19908		33.192011	-16.338198	7.889646
19909		32.638481	-15.800185	8.103441
19910		31.943826	-15.194373	8.211060
19911		31.162774	-14.526546	8.286371
19912		30.385402	-13.869940	8.284344
19913		29.700072	-13.191997	8.165134
19914		29.087402	-12.509239	8.000493
19915		28.486503	-11.908807	7.876538
19916		27.898852	-11.389471	7.884675
19917		27.296051	-10.961021	8.030624
19918		26.681890	-10.550331	8.252007
19919		26.031857	-10.115658	8.442639
19920		25.332082	-9.658287	8.551401
19921		24.594002	-9.150623	8.560812
19922		23.827285	-8.611415	8.458265
19923		23.034871	-8.020583	8.224501
19924		22.227343	-7.383232	7.867819
19925		21.407851	-6.679178	7.405279
19926		20.586293	-5.945627	6.894422
19927		19.745219	-5.229943	6.392879
19928		18.900196	-4.542762	5.899300
19929		18.059836	-3.899465	5.449050
19930		17.237582	-3.309100	5.051999
19931		16.424893	-2.770723	4.684959
19932		15.625241	-2.299438	4.359743
19933		14.827466	-1.879110	4.087888
19934		14.025900	-1.514505	3.847847
19935		13.218870	-1.193092	3.620082
19936		12.415603	-0.891148	3.357989
19937		11.611198	-0.615507	3.067678
19938		10.808462	-0.367205	2.763654
19939		10.004818	-0.150117	2.437449
19940		9.225947	0.050326	2.110728
19941		8.479912	0.236498	1.773305
19942		7.764617	0.412670	1.421099
19943		7.071466	0.581080	1.065360
19944		6.407982	0.738313	0.753839
19945		5.771796	0.882354	0.538240
19946		5.164076	1.020619	0.419339
19947		4.563935	1.161515	0.350976
19948		3.991712	1.341412	0.309864
19949		3.444036	1.551293	0.320570
19950		2.936384	1.787472	0.405189
19951		2.460978	2.052881	0.570421
19952		2.010761	2.340486	0.805303
19953		1.581488	2.631095	1.110508
19954		1.166409	2.894106	1.487660
19955		0.768494	3.148647	1.934355
19956		0.407531	3.437974	2.414908
19957		0.093090	3.781374	2.870164
19958		-0.165975	4.145682	3.309983
19959		-0.390808	4.500006	3.712278
19960		-0.594032	4.833467	4.036437
19961		-0.780268	5.130308	4.289828
19962		-0.967035	5.355016	4.442344
19963		-1.162073	5.483233	4.481702
19964		-1.393044	5.533627	4.367093
19965		-1.643147	5.538570	4.141901
19966		-1.859516	5.482384	3.891218
19967		-1.997044	5.354791	3.653583
19968		-2.035088	5.179828	3.477167
19969		-1.973959	4.951146	3.355934
19970		-1.832155	4.604157	3.233394
19971		-1.582688	4.144664	3.092085
19972		-1.222508	3.569722	2.962062
19973		-0.763086	2.870470	2.847935
19974		-0.222433	2.044895	2.736644
19975		0.389288	1.116909	2.594304
19976		1.041777	0.096984	2.343153
19977		1.728680	-0.983449	1.959088
19978		2.429812	-2.110242	1.482629
19979		3.125473	-3.267949	0.952094
19980		3.798316	-4.398695	0.336793
19981		4.481576	-5.475367	-0.382798
19982		5.194669	-6.478273	-1.180803
19983		5.951934	-7.409903	-2.015715
19984		6.752241	-8.280310	-2.875751
19985		7.609357	-9.059821	-3.780468
19986		8.522800	-9.729984	-4.717781
19987		9.503705	-10.335680	-5.662173
19988		10.556834	-10.892994	-6.579359
19989		11.678725	-11.371533	-7.403217
19990		12.834786	-11.780854	-8.102505
19991		13.996064	-12.143167	-8.671031
19992		15.142360	-12.454510	-9.100608
19993		16.270790	-12.738289	-9.369312
19994		17.358220	-13.085797	-9.452354
19995		18.404885	-13.563107	-9.357765
19996		19.460209	-14.110279	-9.097145
19997		20.556891	-14.669599	-8.711684
19998		21.684826	-15.227263	-8.230722
19999		22.837339	-15.744032	-7.683666
20000		23.973462	-16.213940	-7.125879
20001		25.048210	-16.663661	-6.567195
20002		26.035421	-17.104662	-6.011944
20003		26.948961	-17.521048	-5.486794
20004		27.810911	-17.871950	-5.027334
20005		28.632073	-18.129654	-4.623275
20006		29.412274	-18.294731	-4.274060
20007		30.152216	-18.372270	-4.001280
20008		30.849441	-18.360341	-3.829949
20009		31.519256	-18.264379	-3.759947
20010		32.155707	-18.121550	-3.778980
20011		32.757876	-17.958410	-3.868776
20012		33.303664	-17.793528	-4.010216
20013		33.777165	-17.636651	-4.183796
20014		34.170912	-17.466913	-4.347510
20015		34.467836	-17.307484	-4.451717
20016		34.663598	-17.210234	-4.471272
20017		34.760579	-17.195469	-4.372413
20018		34.775882	-17.237284	-4.143327
20019		34.739651	-17.363575	-3.776682
20020		34.682228	-17.619937	-3.259905
20021		34.589715	-18.010461	-2.624998
20022		34.507657	-18.492798	-1.914970
20023		34.471482	-19.005863	-1.129373
20024		34.486688	-19.447687	-0.316716
20025		34.558223	-19.748667	0.439812
20026		34.672627	-19.892039	1.071152
20027		34.813173	-19.851248	1.569406
20028		34.936386	-19.656148	1.935786
20029		35.048432	-19.313087	2.230988
20030		35.136721	-18.785778	2.524546
20031		35.124355	-18.088353	2.962247
20032		34.939831	-17.452093	3.617852
20033		34.636784	-17.132220	4.431937
20034		34.433090	-16.869292	5.275317
20035		34.387791	-16.704179	5.825471
20036		34.451444	-16.660479	6.229701
20037		34.477265	-16.811954	6.832611
20038		34.320139	-16.959054	7.619836
20039		33.949239	-16.832273	8.373667
20040		33.438956	-16.365751	8.867537
20041		32.793553	-15.767449	9.105532
20042		32.015841	-15.150875	9.260755
20043		31.215042	-14.442950	9.391368
20044		30.482402	-13.651591	9.433998
20045		29.824823	-12.815992	9.362216
20046		29.218245	-11.997796	9.200562
20047		28.612711	-11.298575	9.041053
20048		27.993386	-10.703119	9.002434
20049		27.357396	-10.183216	9.065371
20050		26.734277	-9.654889	9.126908
20051		26.084329	-9.120620	9.144982
20052		25.394634	-8.558015	9.127563
20053		24.635978	-7.965606	9.054622
20054		23.804798	-7.352173	8.891957
20055		22.917489	-6.711350	8.667919
20056		22.010161	-6.036831	8.385429
20057		21.104182	-5.364584	8.059936
20058		20.225640	-4.711783	7.721387
20059		19.372534	-4.088583	7.377953
20060		18.549716	-3.517529	7.064528
20061		17.750850	-3.003594	6.812588
20062		16.958633	-2.536147	6.593874
20063		16.162871	-2.099266	6.381995
20064		15.359889	-1.691509	6.172133
20065		14.546022	-1.297612	5.932366
20066		13.729920	-0.924839	5.645216
20067		12.912886	-0.592553	5.343811
20068		12.105661	-0.269645	5.038351
20069		11.307603	0.036588	4.725126
20070		10.536983	0.310320	4.409635
20071		9.815433	0.571948	4.116003
20072		9.145479	0.832783	3.861604
20073		8.488785	1.074546	3.642967
20074		7.841398	1.306690	3.464587
20075		7.202317	1.536780	3.332278
20076		6.582265	1.730630	3.275726
20077		5.980317	1.899826	3.287575
20078		5.408127	2.061861	3.363479
20079		4.859834	2.237328	3.524698
20080		4.348149	2.449582	3.785406
20081		3.860638	2.703360	4.172982
20082		3.392612	2.977801	4.663808
20083		2.944356	3.275642	5.188375
20084		2.541030	3.595784	5.720169
20085		2.192223	3.936435	6.278573
20086		1.888044	4.301487	6.818285
20087		1.624967	4.689674	7.272192
20088		1.394551	5.076998	7.639414
20089		1.202932	5.443851	7.949538
20090		1.029972	5.758688	8.158290
20091		0.821860	5.971990	8.151039
20092		0.555780	6.100550	7.932657
20093		0.265751	6.189298	7.612590
20094		-0.000101	6.227414	7.294403
20095		-0.198286	6.201889	7.007444
20096		-0.300836	6.093089	6.782811
20097		-0.316456	5.922163	6.617223
20098		-0.261974	5.676734	6.441207
20099		-0.119055	5.357249	6.246638
20100		0.113816	4.943558	6.097021
20101		0.421232	4.411286	6.001802
20102		0.783152	3.753699	5.905592
20103		1.192008	2.977759	5.754305
20104		1.642219	2.110048	5.519279
20105		2.122356	1.136636	5.167500
20106		2.629742	0.099819	4.714936
20107		3.168120	-0.964198	4.177463
20108		3.716966	-2.046624	3.552280
20109		4.286009	-3.118454	2.848857
20110		4.871285	-4.147029	2.052288
20111		5.483857	-5.146647	1.196073
20112		6.133306	-6.111052	0.372125
20113		6.824826	-7.021595	-0.405266
20114		7.561105	-7.846125	-1.169087
20115		8.345202	-8.583439	-1.956837
20116		9.158243	-9.261008	-2.757611
20117		10.013627	-9.925993	-3.573748
20118		10.920878	-10.562965	-4.360432
20119		11.882067	-11.117862	-5.054781
20120		12.869160	-11.598893	-5.620751
20121		13.864984	-12.033796	-6.028471
20122		14.844388	-12.450309	-6.283495
20123		15.803524	-12.908228	-6.425942
20124		16.745796	-13.444549	-6.497838
20125		17.705276	-14.009499	-6.530512
20126		18.706106	-14.534022	-6.526900
20127		19.746115	-15.017005	-6.473623
20128		20.800426	-15.488701	-6.369237
20129		21.860155	-15.954967	-6.237926
20130		22.919606	-16.367128	-6.122806
20131		23.967916	-16.711398	-6.078179
20132		24.974042	-17.003210	-6.096160
20133		25.944518	-17.223795	-6.156008
20134		26.875904	-17.358920	-6.251367
20135		27.765578	-17.397546	-6.378415
20136		28.609684	-17.364630	-6.528631
20137		29.410242	-17.265590	-6.690576
20138		30.167005	-17.102525	-6.870154
20139		30.875136	-16.885323	-7.067655
20140		31.534803	-16.643056	-7.288546
20141		32.171457	-16.401249	-7.496091
20142		32.757713	-16.175498	-7.675210
20143		33.271006	-15.998932	-7.829198
20144		33.705107	-15.895023	-7.888477
20145		34.032392	-15.884431	-7.807275
20146		34.252445	-15.983061	-7.586588
20147		34.366434	-16.186152	-7.203204
20148		34.386277	-16.501612	-6.637439
20149		34.353802	-16.919415	-5.908438
20150		34.277551	-17.423436	-5.040946
20151		34.177255	-17.981402	-4.068443
20152		34.096727	-18.551667	-3.010846
20153		34.070293	-19.092048	-1.890179
20154		34.099939	-19.568178	-0.736660
20155		34.160739	-19.919559	0.414733
20156		34.245242	-20.105952	1.373030
20157		34.377090	-20.122401	2.030951
20158		34.512880	-19.987684	2.490902
20159		34.600022	-19.702529	2.848049
20160		34.593508	-19.195844	3.227561
20161		34.424087	-18.529694	3.700856
20162		34.059444	-17.763322	4.286856
20163		33.693798	-16.981139	4.961472
20164		33.433854	-16.526581	5.571961
20165		33.447898	-16.126800	5.953147
20166		33.713637	-15.740960	5.981999
20167		34.027960	-15.633106	5.975996
20168		34.177150	-15.794382	6.301005
20169		34.062015	-15.898046	6.870706
20170		33.709294	-15.713229	7.366366
20171		33.169764	-15.296889	7.665599
20172		32.457160	-14.783957	7.855879
20173		31.660826	-14.177522	7.996707
20174		30.852805	-13.546113	8.072666
20175		30.099291	-12.866981	8.089901
20176		29.404428	-12.191136	8.077118
20177		28.761504	-11.568361	8.051589
20178		28.186272	-11.037031	8.109986
20179		27.667670	-10.574832	8.276766
20180		27.159057	-10.125483	8.478956
20181		26.613126	-9.634442	8.633990
20182		26.013218	-9.089078	8.723392
20183		25.349344	-8.469559	8.705688
20184		24.614912	-7.816103	8.548249
20185		23.816848	-7.135265	8.264820
20186		22.993774	-6.426103	7.888660
20187		22.159923	-5.717174	7.453676
20188		21.345425	-5.024644	6.981201
20189		20.546551	-4.380290	6.518909
20190		19.771894	-3.785704	6.100464
20191		19.005768	-3.232293	5.755128
20192		18.233692	-2.729789	5.444279
20193		17.455206	-2.281422	5.142005
20194		16.687793	-1.876491	4.861443
20195		15.909721	-1.516971	4.588227
20196		15.123710	-1.185508	4.316042
20197		14.320722	-0.881074	4.016254
20198		13.525058	-0.580714	3.700227
20199		12.726332	-0.310541	3.379305
20200		11.938063	-0.069659	3.066156
20201		11.177671	0.165733	2.754417
20202		10.466721	0.382804	2.433748
20203		9.818490	0.594064	2.130313
20204		9.224880	0.794792	1.873140
20205		8.653822	0.981241	1.662191
20206		8.102928	1.152469	1.511686
20207		7.560088	1.318878	1.411649
20208		7.034065	1.497667	1.338536
20209		6.521336	1.691811	1.269857
20210		6.024159	1.900006	1.222622
20211		5.534922	2.111418	1.210667
20212		5.068453	2.320485	1.240507
20213		4.637144	2.544728	1.332276
20214		4.244549	2.783163	1.502488
20215		3.871870	3.039986	1.768150
20216		3.506673	3.316660	2.103296
20217		3.143891	3.604120	2.479914
20218		2.785700	3.895363	2.867128
20219		2.415821	4.194508	3.231515
20220		2.039679	4.515984	3.548679
20221		1.649417	4.856147	3.807444
20222		1.251226	5.201396	3.987741
20223		0.849743	5.534277	4.082228
20224		0.454871	5.828963	4.112483
20225		0.067960	6.101954	4.068532
20226		-0.306725	6.339632	3.972271
20227		-0.652095	6.546070	3.870329
20228		-0.910473	6.680091	3.810770
20229		-1.065800	6.762164	3.785003
20230		-1.127705	6.795965	3.821891
20231		-1.101626	6.768925	3.907867
20232		-0.993824	6.626784	3.969800
20233		-0.801512	6.369260	3.979803
20234		-0.542193	5.997403	3.930363
20235		-0.217276	5.514775	3.819901
20236		0.171751	4.922343	3.664245
20237		0.622837	4.191598	3.451392
20238		1.117181	3.314163	3.136712
20239		1.643296	2.303081	2.702134
20240		2.191503	1.189710	2.156579
20241		2.757375	-0.003426	1.496116
20242		3.328250	-1.237737	0.720336
20243		3.912450	-2.457982	-0.132812
20244		4.500825	-3.638513	-1.019567
20245		5.119513	-4.766243	-1.907864
20246		5.779103	-5.825970	-2.771088
20247		6.493142	-6.806331	-3.616005
20248		7.269521	-7.681244	-4.421268
20249		8.110165	-8.473014	-5.165789
20250		9.022259	-9.168746	-5.867251
20251		10.014252	-9.758091	-6.478018
20252		11.053586	-10.321102	-6.973988
20253		12.123279	-10.932253	-7.378133
20254		13.235643	-11.560107	-7.646966
20255		14.402081	-12.178194	-7.761643
20256		15.601029	-12.789791	-7.757240
20257		16.837974	-13.380358	-7.653070
20258		18.077997	-13.979535	-7.445225
20259		19.289457	-14.651355	-7.123183
20260		20.467270	-15.410348	-6.689613
20261		21.612523	-16.235016	-6.172533
20262		22.741192	-17.077016	-5.624965
20263		23.886383	-17.822125	-5.103374
20264		25.042226	-18.416668	-4.670867
20265		26.169172	-18.878753	-4.338654
20266		27.224603	-19.243433	-4.081854
20267		28.210147	-19.516289	-3.909140
20268		29.135988	-19.704166	-3.832279
20269		30.011828	-19.805995	-3.838449
20270		30.823404	-19.817630	-3.933534
20271		31.571140	-19.722316	-4.103159
20272		32.234910	-19.518629	-4.308649
20273		32.808364	-19.238661	-4.537025
20274		33.311834	-18.920052	-4.763785
20275		33.733711	-18.587185	-4.977362
20276		34.013888	-18.307280	-5.209153
20277		34.146301	-18.082402	-5.416840
20278		34.174259	-17.817849	-5.531587
20279		34.087974	-17.504578	-5.524565
20280		33.867809	-17.213312	-5.306208
20281		33.543616	-17.069067	-4.769951
20282		33.168974	-17.234321	-3.936137
20283		32.803825	-17.709445	-2.887346
20284		32.545147	-18.269032	-1.707668
20285		32.404331	-18.777461	-0.518303
20286		32.357005	-19.093454	0.629778
20287		32.362881	-19.140663	1.683561
20288		32.419851	-18.976396	2.575238
20289		32.468019	-18.711253	3.388179
20290		32.405435	-18.584938	4.286833
20291		32.454274	-18.342476	5.056358
20292		32.665914	-17.953702	5.412786
20293		32.941307	-17.718805	5.446288
20294		33.157931	-17.578715	5.357341
20295		33.280948	-17.320643	5.419569
20296		33.239449	-16.945521	5.622145
20297		33.033960	-16.526763	5.784296
20298		32.627786	-16.129054	5.819709
20299		32.081801	-15.669039	5.896458
20300		31.450457	-15.183904	6.094439
20301		30.789459	-14.667247	6.239680
20302		30.177125	-14.093784	6.298051
20303		29.586735	-13.548807	6.368289
20304		29.000526	-13.048541	6.503783
20305		28.403056	-12.588041	6.775553
20306		27.802257	-12.148370	7.118274
20307		27.206547	-11.705379	7.495558
20308		26.628571	-11.230012	7.843409
20309		26.043682	-10.711197	8.112244
20310		25.422824	-10.169675	8.298790
20311		24.746728	-9.608611	8.410436
20312		24.027598	-9.027203	8.432840
20313		23.278959	-8.417221	8.370855
20314		22.524316	-7.776577	8.233966
20315		21.763714	-7.131513	8.044957
20316		21.006904	-6.512127	7.842715
20317		20.254606	-5.940867	7.652933
20318		19.518101	-5.404503	7.506281
20319		18.795654	-4.888888	7.423798
20320		18.075924	-4.417663	7.403427
20321		17.355577	-3.963477	7.433736
20322		16.626609	-3.542556	7.494584
20323		15.887489	-3.136802	7.580577
20324		15.130261	-2.760742	7.646421
20325		14.361163	-2.390480	7.664941
20326		13.586616	-2.039947	7.622933
20327		12.802613	-1.700743	7.498082
20328		12.034974	-1.365952	7.299933
20329		11.278842	-1.063686	7.045798
20330		10.548329	-0.784311	6.744241
20331		9.834819	-0.509002	6.390662
20332		9.140479	-0.247102	6.004231
20333		8.452291	-0.016877	5.637336
20334		7.778129	0.197203	5.292833
20335		7.099200	0.386264	4.952890
20336		6.431945	0.564503	4.644659
20337		5.771106	0.743930	4.406703
20338		5.133703	0.941224	4.254999
20339		4.517992	1.155053	4.212128
20340		3.944653	1.401425	4.279917
20341		3.412598	1.687162	4.478756
20342		2.907048	1.981041	4.799124
20343		2.417036	2.276316	5.202492
20344		1.950757	2.575821	5.663436
20345		1.496384	2.875380	6.161192
20346		1.050489	3.180822	6.697882
20347		0.612742	3.515962	7.241574
20348		0.205597	3.895637	7.730590
20349		-0.161869	4.285199	8.137468
20350		-0.492454	4.640267	8.433434
20351		-0.805273	4.945268	8.582262
20352		-1.110800	5.191765	8.601432
20353		-1.428407	5.383682	8.500490
20354		-1.753860	5.506628	8.319673
20355		-2.051054	5.563583	8.101057
20356		-2.289475	5.555678	7.874062
20357		-2.425136	5.500733	7.719960
20358		-2.450550	5.427055	7.660594
20359		-2.362179	5.281229	7.646558
20360		-2.158664	5.027814	7.629931
20361		-1.848630	4.665628	7.600757
20362		-1.450188	4.200394	7.582678
20363		-0.974687	3.623148	7.566410
20364		-0.451613	2.912405	7.490328
20365		0.110864	2.090757	7.313031
20366		0.707973	1.207359	7.048779
20367		1.338153	0.252068	6.704771
20368		1.984588	-0.757951	6.275303
20369		2.636493	-1.801951	5.742737
20370		3.291580	-2.832471	5.129240
20371		3.957441	-3.830966	4.448939
20372		4.640286	-4.794511	3.724147
20373		5.361101	-5.699731	2.970960
20374		6.114049	-6.539007	2.199382
20375		6.907829	-7.308345	1.413638
20376		7.738784	-7.996561	0.603176
20377		8.611557	-8.638047	-0.212945
20378		9.524439	-9.279669	-1.023423
20379		10.496949	-9.903594	-1.792380
20380		11.526807	-10.464911	-2.491658
20381		12.604970	-10.952070	-3.087619
20382		13.691481	-11.384604	-3.540012
20383		14.760564	-11.821915	-3.835694
20384		15.791077	-12.350396	-3.978078
20385		16.808389	-12.944777	-3.993045
20386		17.827621	-13.562420	-3.905447
20387		18.855964	-14.200796	-3.734196
20388		19.911018	-14.812295	-3.492794
20389		21.001580	-15.397718	-3.213253
20390		22.114185	-15.935124	-2.947363
20391		23.234522	-16.411010	-2.758157
20392		24.332719	-16.830413	-2.646066
20393		25.385419	-17.196078	-2.601273
20394		26.397833	-17.493465	-2.613658
20395		27.374720	-17.703071	-2.659649
20396		28.303839	-17.815459	-2.735420
20397		29.176581	-17.831600	-2.839649
20398		29.979674	-17.779246	-2.976664
20399		30.714271	-17.672206	-3.142452
20400		31.383030	-17.520600	-3.331939
20401		31.988813	-17.328851	-3.562620
20402		32.549960	-17.099578	-3.819368
20403		33.069383	-16.860484	-4.074516
20404		33.545913	-16.653208	-4.293871
20405		33.948294	-16.510058	-4.451137
20406		34.251424	-16.467292	-4.542576
20407		34.468832	-16.535580	-4.545308
20408		34.609621	-16.706465	-4.396821
20409		34.670755	-16.964755	-4.106275
20410		34.680997	-17.268933	-3.724032
20411		34.681318	-17.567002	-3.226764
20412		34.700692	-17.893465	-2.571951
20413		34.765002	-18.257988	-1.765536
20414		34.858995	-18.626116	-0.830073
20415		34.954640	-18.936454	0.176804
20416		35.057550	-19.167093	1.110788
20417		35.166272	-19.319119	1.929700
20418		35.234231	-19.373712	2.666264
20419		35.233908	-19.354196	3.302187
20420		35.090071	-19.318172	3.918878
20421		34.749359	-19.142401	4.709875
20422		34.233628	-18.845776	5.591964
20423		33.726865	-18.495487	6.247911
20424		33.464702	-18.014906	6.488057
20425		33.443894	-17.530505	6.394000
20426		33.510797	-17.196162	6.153181
20427		33.574898	-17.014639	6.040797
20428		33.576986	-16.826732	6.116024
20429		33.447524	-16.590987	6.260389
20430		33.103141	-16.317797	6.339892
20431		32.598069	-15.840174	6.341368
20432		31.973950	-15.180273	6.328211
20433		31.217877	-14.436418	6.218848
20434		30.402364	-13.578075	6.035102
20435		29.566315	-12.731854	5.879296
20436		28.714035	-11.985854	5.830083
20437		27.854543	-11.330381	5.979704
20438		27.027719	-10.799260	6.258530
20439		26.277830	-10.339566	6.596156
20440		25.589472	-9.903565	6.947674
20441		24.891236	-9.474460	7.264890
20442		24.159396	-8.990461	7.505379
20443		23.361614	-8.447587	7.651482
20444		22.502902	-7.815844	7.678638
20445		21.581440	-7.142664	7.555329
20446		20.621693	-6.428360	7.310950
20447		19.638128	-5.674891	6.948176
20448		18.652646	-4.909581	6.485730
20449		17.675558	-4.174219	5.973272
20450		16.717231	-3.491651	5.455474
20451		15.780432	-2.888212	4.983500
20452		14.872496	-2.384027	4.582929
20453		13.989750	-1.964875	4.252815
20454		13.143841	-1.622726	3.985058
20455		12.329987	-1.307160	3.785046
20456		11.534525	-1.002075	3.602608
20457		10.749199	-0.709247	3.422674
20458		9.984204	-0.435619	3.262981
20459		9.246042	-0.176639	3.095063
20460		8.542086	0.069315	2.900557
20461		7.877157	0.293180	2.715118
20462		7.239442	0.495361	2.557366
20463		6.628090	0.709011	2.418260
20464		6.043448	0.912498	2.312293
20465		5.474912	1.120675	2.224743
20466		4.928664	1.334452	2.165912
20467		4.391630	1.531284	2.162560
20468		3.850198	1.693230	2.209087
20469		3.310329	1.859931	2.267013
20470		2.786498	2.066815	2.321234
20471		2.277246	2.301255	2.384688
20472		1.791961	2.553469	2.483697
20473		1.332148	2.823544	2.682179
20474		0.886250	3.097773	2.996217
20475		0.458696	3.387179	3.411015
20476		0.054287	3.696353	3.870324
20477		-0.330804	4.022954	4.278818
20478		-0.672601	4.368450	4.640565
20479		-0.976951	4.713085	4.984492
20480		-1.256406	5.066109	5.287853
20481		-1.517424	5.422668	5.500195
20482		-1.764839	5.738885	5.622642
20483		-2.036220	5.966422	5.643470
20484		-2.363740	6.085409	5.530188
20485		-2.705596	6.133463	5.275994
20486		-2.998465	6.135306	4.996000
20487		-3.205395	6.101398	4.721905
20488		-3.317002	6.011740	4.505425
20489		-3.329929	5.830258	4.376951
20490		-3.247795	5.538938	4.285095
20491		-3.055308	5.130740	4.177374
20492		-2.751793	4.604888	4.030386
20493		-2.342408	3.960243	3.874156
20494		-1.852643	3.231668	3.719119
20495		-1.295793	2.434687	3.550942
20496		-0.675906	1.596110	3.393148
20497		-0.021377	0.684577	3.196561
20498		0.655163	-0.266167	2.948729
20499		1.371035	-1.224055	2.654887
20500		2.103404	-2.186970	2.288764
20501		2.847813	-3.195707	1.874354
20502		3.591701	-4.200625	1.376726
20503		4.351530	-5.181122	0.764709
20504		5.144114	-6.133632	0.081542
20505		5.990590	-7.050391	-0.632064
20506		6.889443	-7.868606	-1.346954
20507		7.842614	-8.589719	-2.088872
20508		8.832783	-9.263602	-2.865642
20509		9.875475	-9.873539	-3.624430
20510		10.979861	-10.357705	-4.307689
20511		12.120425	-10.724108	-4.913269
20512		13.249507	-11.040015	-5.427028
20513		14.348253	-11.362242	-5.842590
20514		15.408376	-11.725772	-6.162477
20515		16.460345	-12.098710	-6.426347
20516		17.537061	-12.407895	-6.635893
20517		18.645107	-12.677877	-6.760371
20518		19.764701	-12.959299	-6.793057
20519		20.899557	-13.221262	-6.737827
20520		22.012817	-13.467375	-6.624678
20521		23.075446	-13.735974	-6.454897
20522		24.083585	-14.015627	-6.229862
20523		25.043140	-14.315348	-5.978822
20524		25.964769	-14.618779	-5.719661
20525		26.856378	-14.905346	-5.459357
20526		27.706084	-15.167522	-5.212818
20527		28.504280	-15.411255	-5.006142
20528		29.254679	-15.622354	-4.860241
20529		29.971924	-15.778689	-4.768200
20530		30.665090	-15.869950	-4.727479
20531		31.336878	-15.898464	-4.713763
20532		31.965441	-15.886492	-4.697343
20533		32.549600	-15.863685	-4.671814
20534		33.086918	-15.848963	-4.609263
20535		33.579685	-15.867360	-4.492279
20536		33.999285	-15.933300	-4.329474
20537		34.331908	-16.085995	-4.113553
20538		34.584964	-16.318265	-3.802002
20539		34.765016	-16.612695	-3.398727
20540		34.905032	-16.911691	-2.933148
20541		35.025433	-17.189931	-2.438468
20542		35.141896	-17.428049	-1.931291
20543		35.257340	-17.634889	-1.420703
20544		35.355424	-17.792314	-0.906293
20545		35.428591	-17.846550	-0.386137
20546		35.460757	-17.775553	0.063898
20547		35.441182	-17.639718	0.400986
20548		35.371066	-17.489812	0.656381
20549		35.274803	-17.298643	0.938834
20550		35.144890	-17.064855	1.288038
20551		34.959586	-16.740910	1.735279
20552		34.608000	-16.327018	2.408244
20553		33.994306	-15.905915	3.380279
20554		33.312214	-15.446355	4.518491
20555		32.780457	-15.134454	5.478638
20556		32.580470	-15.011275	6.076912
20557		32.786459	-14.932968	6.376095
20558		33.160628	-14.929606	6.671760
20559		33.459651	-14.993216	7.282890
20560		33.461326	-15.166279	7.916678
20561		33.156399	-15.188423	8.286348
20562		32.649337	-14.862535	8.370183
20563		31.995270	-14.304855	8.270784
20564		31.226215	-13.647090	8.058432
20565		30.418696	-12.926756	7.780569
20566		29.665411	-12.162519	7.470319
20567		28.954126	-11.462553	7.157400
20568		28.260918	-10.838045	6.927809
20569		27.597050	-10.339455	6.844016
20570		27.004129	-9.946381	6.942097
20571		26.443603	-9.600926	7.162729
20572		25.855226	-9.258916	7.416741
20573		25.200844	-8.858879	7.667686
20574		24.477333	-8.355466	7.853168
20575		23.682979	-7.775294	7.923132
20576		22.840299	-7.143022	7.877708
20577		21.964452	-6.453958	7.711552
20578		21.078949	-5.747185	7.436888
20579		20.196094	-5.063684	7.091390
20580		19.348855	-4.411870	6.691517
20581		18.531874	-3.797900	6.288984
20582		17.719994	-3.259841	5.898956
20583		16.906078	-2.755743	5.530298
20584		16.097419	-2.267521	5.207988
20585		15.283037	-1.809943	4.894680
20586		14.449602	-1.425907	4.609581
20587		13.604967	-1.089634	4.349894
20588		12.767179	-0.781413	4.106428
20589		11.948197	-0.491661	3.891914
20590		11.162790	-0.221799	3.728985
20591		10.415407	0.029881	3.631176
20592		9.711407	0.244211	3.604411
20593		9.048332	0.442672	3.640469
20594		8.423845	0.645549	3.693049
20595		7.833026	0.851420	3.729433
20596		7.292185	1.057529	3.758447
20597		6.790801	1.281010	3.794316
20598		6.306669	1.502799	3.832734
20599		5.824998	1.735185	3.868487
20600		5.345844	1.967308	3.864490
20601		4.886524	2.198474	3.816301
20602		4.475570	2.456418	3.773360
20603		4.098914	2.747707	3.792889
20604		3.737008	3.062115	3.883376
20605		3.367132	3.374292	4.029973
20606		2.989951	3.681118	4.231087
20607		2.601857	4.003724	4.474201
20608		2.205255	4.345945	4.758942
20609		1.796882	4.699707	5.102383
20610		1.377448	5.062795	5.475313
20611		0.952683	5.419321	5.816301
20612		0.533545	5.752039	6.078719
20613		0.139926	6.074737	6.254765
20614		-0.246774	6.376269	6.323582
20615		-0.636688	6.654492	6.253092
20616		-1.027936	6.879339	6.047474
20617		-1.426095	7.031381	5.723445
20618		-1.820626	7.124072	5.324988
20619		-2.183764	7.172768	4.926430
20620		-2.489607	7.169818	4.542389
20621		-2.688863	7.104691	4.200171
20622		-2.761923	6.970441	3.936601
20623		-2.692855	6.778730	3.741954
20624		-2.479386	6.485011	3.589584
20625		-2.137894	6.058924	3.441514
20626		-1.701606	5.512186	3.272966
20627		-1.191025	4.852505	3.080148
20628		-0.618711	4.090923	2.880442
20629		0.003638	3.222422	2.644815
20630		0.666137	2.298120	2.352040
20631		1.368969	1.324605	1.988831
20632		2.085417	0.296570	1.535982
20633		2.811308	-0.760560	0.999087
20634		3.527579	-1.828866	0.376222
20635		4.234788	-2.916108	-0.306811
20636		4.925069	-3.994437	-1.030910
20637		5.633246	-4.997626	-1.754639
20638		6.379112	-5.897749	-2.468294
20639		7.174969	-6.732941	-3.210204
20640		8.016475	-7.540720	-4.000846
20641		8.913232	-8.291997	-4.810994
20642		9.864989	-8.976347	-5.608368
20643		10.867079	-9.638937	-6.349653
20644		11.923214	-10.246263	-6.977268
20645		13.027921	-10.798201	-7.470150
20646		14.150593	-11.317097	-7.816099
20647		15.275783	-11.824389	-8.032921
20648		16.392346	-12.350651	-8.143850
20649		17.503222	-12.909507	-8.159594
20650		18.610844	-13.510934	-8.061296
20651		19.726439	-14.157740	-7.855439
20652		20.863361	-14.821435	-7.586695
20653		22.026378	-15.438579	-7.304481
20654		23.199362	-15.977312	-7.041568
20655		24.349120	-16.458731	-6.805548
20656		25.453308	-16.895012	-6.621341
20657		26.518810	-17.261935	-6.498752
20658		27.544217	-17.540274	-6.440329
20659		28.526869	-17.724561	-6.431934
20660		29.446492	-17.817089	-6.462469
20661		30.297748	-17.824619	-6.538346
20662		31.074415	-17.751026	-6.657577
20663		31.781845	-17.598956	-6.819657
20664		32.418215	-17.369604	-7.024936
20665		32.983172	-17.089111	-7.263880
20666		33.475316	-16.788889	-7.503085
20667		33.893006	-16.499719	-7.699187
20668		34.256911	-16.270563	-7.845853
20669		34.584764	-16.120288	-7.927537
20670		34.819179	-16.102715	-7.929878
20671		34.942646	-16.258864	-7.828127
20672		34.974673	-16.552350	-7.530944
20673		34.918154	-16.910808	-7.015068
20674		34.802173	-17.329233	-6.294317
20675		34.673002	-17.872101	-5.381179
20676		34.560686	-18.538032	-4.326430
20677		34.504990	-19.186273	-3.256730
20678		34.526998	-19.685235	-2.294194
20679		34.647323	-19.949426	-1.440998
20680		34.824221	-20.004081	-0.694520
20681		35.025903	-19.914972	-0.120828
20682		35.223517	-19.681116	0.299851
20683		35.361322	-19.324307	0.606296
20684		35.350204	-18.791504	0.906430
20685		35.071597	-18.162958	1.412320
20686		34.490017	-17.539431	2.296570
20687		33.815014	-16.803296	3.259690
20688		33.245057	-16.196463	3.865366
20689		32.917795	-15.846606	4.196255
20690		32.926245	-15.592572	4.482899
20691		33.063569	-15.629679	4.821568
20692		33.185399	-15.751911	5.260253
20693		33.185151	-15.851310	5.803399
20694		32.982901	-15.773937	6.274084
20695		32.563385	-15.407972	6.547444
20696		31.945547	-14.880545	6.668298
20697		31.194846	-14.250466	6.663543
20698		30.373592	-13.534912	6.567224
20699		29.521738	-12.800452	6.436644
20700		28.707809	-12.094348	6.306355
20701		27.966528	-11.458608	6.171988
20702		27.323402	-10.859527	6.045893
20703		26.730265	-10.328290	6.020530
20704		26.137190	-9.844981	6.130852
20705		25.527247	-9.357283	6.322053
20706		24.891670	-8.840502	6.505542
20707		24.203439	-8.295802	6.615123
20708		23.459532	-7.712630	6.612392
20709		22.660070	-7.101758	6.477781
20710		21.827374	-6.459694	6.210798
20711		20.985088	-5.804019	5.828426
20712		20.167424	-5.144647	5.351049
20713		19.365013	-4.497964	4.825742
20714		18.562987	-3.897561	4.309043
20715		17.756628	-3.341775	3.840569
20716		16.956861	-2.853691	3.427011
20717		16.167021	-2.408135	3.070427
20718		15.387625	-1.994680	2.761229
20719		14.602084	-1.664198	2.512463
20720		13.828321	-1.383021	2.308630
20721		13.069522	-1.131672	2.121155
20722		12.324675	-0.910412	1.971008
20723		11.600934	-0.703131	1.871530
20724		10.915287	-0.498114	1.825102
20725		10.262397	-0.303144	1.822820
20726		9.646467	-0.128504	1.836073
20727		9.074840	0.064539	1.848571
20728		8.545137	0.278315	1.880725
20729		8.035546	0.506287	1.954859
20730		7.527100	0.723818	2.049202
20731		7.018145	0.951044	2.129008
20732		6.526621	1.183663	2.202994
20733		6.039643	1.427156	2.262826
20734		5.556727	1.668419	2.310605
20735		5.069519	1.914780	2.363501
20736		4.596315	2.179314	2.456134
20737		4.144577	2.445807	2.635897
20738		3.718786	2.694893	2.903901
20739		3.312516	2.946541	3.229742
20740		2.921538	3.225520	3.587722
20741		2.523738	3.536213	3.988469
20742		2.118320	3.888208	4.401143
20743		1.710282	4.261255	4.775191
20744		1.309122	4.636711	5.083726
20745		0.900826	5.003859	5.297328
20746		0.504760	5.342699	5.416364
20747		0.106272	5.620944	5.397130
20748		-0.286414	5.828769	5.259853
20749		-0.654233	5.978400	5.048706
20750		-1.003923	6.074218	4.831496
20751		-1.319014	6.121442	4.659893
20752		-1.578289	6.103870	4.537948
20753		-1.745901	6.054742	4.507451
20754		-1.812414	5.979416	4.583792
20755		-1.768537	5.857235	4.729885
20756		-1.613862	5.663329	4.889038
20757		-1.346025	5.379615	5.030388
20758		-0.973605	4.988016	5.133123
20759		-0.501398	4.467042	5.195205
20760		0.038698	3.802877	5.161042
20761		0.625562	2.990014	4.992206
20762		1.234622	2.051096	4.681133
20763		1.869744	1.045942	4.261401
20764		2.509710	-0.007982	3.733823
20765		3.154524	-1.081864	3.092628
20766		3.792346	-2.167007	2.364748
20767		4.422210	-3.253857	1.570761
20768		5.046371	-4.339279	0.759827
20769		5.687756	-5.402824	-0.030843
20770		6.367714	-6.425669	-0.769687
20771		7.097370	-7.399127	-1.467564
20772		7.872717	-8.314893	-2.138825
20773		8.698236	-9.190586	-2.781858
20774		9.563916	-9.981716	-3.408968
20775		10.463467	-10.687654	-3.997037
20776		11.374251	-11.388036	-4.536623
20777		12.322853	-12.071270	-4.998274
20778		13.330954	-12.666125	-5.339767
20779		14.391415	-13.187334	-5.560826
20780		15.481329	-13.674657	-5.712407
20781		16.585567	-14.160803	-5.804365
20782		17.699700	-14.655356	-5.845298
20783		18.831307	-15.156864	-5.856822
20784		19.994091	-15.632496	-5.849495
20785		21.203691	-16.050442	-5.820500
20786		22.436191	-16.413255	-5.766932
20787		23.672386	-16.700932	-5.712247
20788		24.861378	-16.942533	-5.688956
20789		25.985050	-17.143418	-5.689705
20790		27.043404	-17.298029	-5.707492
20791		28.045656	-17.399718	-5.737913
20792		28.993591	-17.446818	-5.769393
20793		29.886827	-17.440221	-5.791611
20794		30.713208	-17.394392	-5.807055
20795		31.466229	-17.314648	-5.824069
20796		32.145849	-17.194075	-5.833486
20797		32.762346	-17.053726	-5.848998
20798		33.336453	-16.908300	-5.865247
20799		33.862522	-16.774166	-5.883398
20800		34.332757	-16.673047	-5.909403
20801		34.733920	-16.624509	-5.918256
20802		35.084148	-16.616820	-5.874587
20803		35.355610	-16.665750	-5.769244
20804		35.523370	-16.793745	-5.588375
20805		35.576839	-17.022569	-5.305570
20806		35.541260	-17.301625	-4.892612
20807		35.449558	-17.568338	-4.361869
20808		35.348143	-17.862857	-3.709600
20809		35.264298	-18.242180	-2.920482
20810		35.212263	-18.665369	-2.004673
20811		35.190528	-19.042904	-0.971683
20812		35.198279	-19.293572	0.103836
20813		35.249058	-19.444151	1.029627
20814		35.321097	-19.510263	1.748380
20815		35.391888	-19.442991	2.354548
20816		35.430699	-19.197669	2.871093
20817		35.372584	-18.752800	3.419264
20818		35.045861	-18.247396	4.120456
20819		34.446966	-17.705842	4.992997
20820		33.837305	-17.066456	5.895015
20821		33.440962	-16.448825	6.502574
20822		33.270632	-15.985854	6.659875
20823		33.312147	-15.548439	6.470533
20824		33.377834	-15.338050	6.316129
20825		33.314738	-15.283970	6.495625
20826		33.034585	-15.200756	6.864048
20827		32.580124	-14.919760	7.130609
20828		32.010660	-14.477446	7.240175
20829		31.341868	-13.980672	7.322193
20830		30.584969	-13.456385	7.441981
20831		29.819338	-12.877099	7.521211
20832		29.087512	-12.275385	7.554027
20833		28.377117	-11.674496	7.621530
20834		27.680773	-11.088497	7.737917
20835		27.027751	-10.548542	7.937431
20836		26.430815	-10.076372	8.199034
20837		25.868091	-9.605487	8.430906
20838		25.294483	-9.113923	8.583336
20839		24.675320	-8.580078	8.642300
20840		23.984882	-8.032857	8.599695
20841		23.228507	-7.444478	8.420413
20842		22.424144	-6.821381	8.121588
20843		21.573666	-6.160765	7.749298
20844		20.709672	-5.480596	7.324259
20845		19.849195	-4.814595	6.874925
20846		19.010811	-4.192192	6.424090
20847		18.194467	-3.608205	5.994308
20848		17.388388	-3.075435	5.610139
20849		16.583417	-2.581459	5.257426
20850		15.782966	-2.126896	4.940207
20851		14.973788	-1.721194	4.653356
20852		14.158511	-1.360487	4.388540
20853		13.333309	-1.035006	4.140927
20854		12.502806	-0.746949	3.899105
20855		11.675363	-0.493979	3.652274
20856		10.887950	-0.253229	3.403892
20857		10.146343	-0.015573	3.176628
20858		9.450437	0.199495	3.020550
20859		8.779209	0.398190	2.921056
20860		8.147459	0.628870	2.855382
20861		7.539319	0.890192	2.838554
20862		6.953559	1.160721	2.859263
20863		6.389033	1.410018	2.913450
20864		5.855341	1.640199	3.009085
20865		5.338402	1.859854	3.133719
20866		4.834218	2.080690	3.251979
20867		4.348305	2.316104	3.366374
20868		3.878149	2.597177	3.489373
20869		3.410815	2.902787	3.642046
20870		2.936412	3.214679	3.843595
20871		2.455951	3.536354	4.093639
20872		1.983189	3.872534	4.388945
20873		1.527611	4.233946	4.700737
20874		1.084840	4.598644	4.960450
20875		0.660296	4.960256	5.157856
20876		0.250198	5.320711	5.290653
20877		-0.155447	5.658970	5.326219
20878		-0.561710	5.972291	5.257391
20879		-0.945502	6.238494	5.137478
20880		-1.302121	6.465174	4.978412
20881		-1.618197	6.657571	4.799973
20882		-1.879255	6.781627	4.604033
20883		-2.063312	6.839351	4.400794
20884		-2.141360	6.801709	4.223422
20885		-2.092300	6.635033	4.074041
20886		-1.923478	6.382021	3.986722
20887		-1.668811	6.048383	3.925383
20888		-1.358704	5.609037	3.809978
20889		-1.001983	5.050729	3.603643
20890		-0.604308	4.417520	3.347696
20891		-0.170181	3.696349	3.088897
20892		0.285405	2.862629	2.875796
20893		0.774794	1.939604	2.706071
20894		1.309620	0.970875	2.533569
20895		1.897665	-0.052829	2.287522
20896		2.532703	-1.089981	1.937387
20897		3.219495	-2.111091	1.536182
20898		3.931992	-3.121557	1.127497
20899		4.648064	-4.151524	0.737554
20900		5.366922	-5.171632	0.376069
20901		6.115222	-6.130157	0.024022
20902		6.890146	-7.062903	-0.303077
20903		7.698738	-7.986482	-0.593452
20904		8.536450	-8.851293	-0.877608
20905		9.399034	-9.646744	-1.171049
20906		10.284833	-10.417147	-1.505249
20907		11.224505	-11.175851	-1.915000
20908		12.246470	-11.863682	-2.354489
20909		13.337341	-12.481590	-2.779405
20910		14.469286	-13.041682	-3.161428
20911		15.635843	-13.548718	-3.498723
20912		16.804670	-14.035024	-3.795020
20913		17.955820	-14.528862	-4.052987
20914		19.085569	-15.052354	-4.267645
20915		20.226635	-15.595842	-4.455343
20916		21.400062	-16.099051	-4.641223
20917		22.614183	-16.510441	-4.845675
20918		23.839525	-16.840673	-5.072785
20919		25.053205	-17.114248	-5.325314
20920		26.249604	-17.337976	-5.600999
20921		27.423284	-17.497836	-5.892915
20922		28.550024	-17.596287	-6.208545
20923		29.632214	-17.608286	-6.528536
20924		30.652263	-17.548734	-6.797683
20925		31.599661	-17.442320	-7.005851
20926		32.456421	-17.296639	-7.164319
20927		33.231847	-17.114917	-7.291241
20928		33.938644	-16.921426	-7.393478
20929		34.575806	-16.735830	-7.464132
20930		35.124295	-16.594079	-7.519329
20931		35.579648	-16.510167	-7.535517
20932		35.927880	-16.479842	-7.480140
20933		36.167747	-16.490291	-7.359162
20934		36.312628	-16.546143	-7.158842
20935		36.356711	-16.687658	-6.851513
20936		36.310510	-16.932293	-6.428419
20937		36.211123	-17.174933	-5.887735
20938		36.088507	-17.408432	-5.256929
20939		35.965804	-17.698287	-4.528884
20940		35.843257	-18.103236	-3.692408
20941		35.744349	-18.560298	-2.746711
20942		35.677355	-18.967161	-1.720941
20943		35.645726	-19.232067	-0.741137
20944		35.660466	-19.315836	0.040414
20945		35.705802	-19.210434	0.637223
20946		35.733977	-18.870265	1.093273
20947		35.694365	-18.285734	1.398675
20948		35.510010	-17.465637	1.621285
20949		35.045325	-16.613371	1.970604
20950		34.368985	-15.917081	2.561484
20951		33.731022	-15.231277	3.293565
20952		33.307040	-14.641039	4.016482
20953		33.117872	-14.254279	4.579913
20954		33.238145	-13.830627	4.843702
20955		33.490014	-13.617939	4.937224
20956		33.669626	-13.750532	5.324037
20957		33.645449	-14.103373	5.995013
20958		33.335230	-14.250506	6.649025
20959		32.812791	-14.073088	7.040806
20960		32.161604	-13.692254	7.258104
20961		31.398141	-13.223982	7.333673
20962		30.576230	-12.654929	7.330799
20963		29.776360	-12.059235	7.297784
20964		29.025142	-11.474119	7.255600
20965		28.312089	-10.856235	7.150414
20966		27.659771	-10.266752	7.021810
20967		27.075782	-9.770554	6.991570
20968		26.528278	-9.317698	7.057588
20969		25.953536	-8.867900	7.143542
20970		25.318568	-8.389111	7.232146
20971		24.610097	-7.885495	7.283196
20972		23.849629	-7.354514	7.250858
20973		23.047300	-6.792873	7.111072
20974		22.230601	-6.200436	6.900009
20975		21.400132	-5.580370	6.646255
20976		20.568524	-4.951712	6.354269
20977		19.744491	-4.343435	6.059267
20978		18.939899	-3.760587	5.771023
20979		18.149312	-3.202914	5.504015
20980		17.373909	-2.688810	5.261450
20981		16.602130	-2.223038	5.011325
20982		15.839019	-1.802345	4.729790
20983		15.064309	-1.451929	4.439204
20984		14.273959	-1.154988	4.173615
20985		13.460674	-0.890632	3.923571
20986		12.655013	-0.633765	3.671019
20987		11.874009	-0.373266	3.443106
20988		11.131643	-0.111509	3.250259
20989		10.414545	0.151895	3.105488
20990		9.723161	0.418501	3.029955
20991		9.058953	0.684023	3.041859
20992		8.437712	0.942300	3.141722
20993		7.858995	1.184378	3.321654
20994		7.337130	1.415418	3.549346
20995		6.873011	1.664770	3.801468
20996		6.451112	1.915593	4.054504
20997		6.027748	2.146731	4.288447
20998		5.596935	2.389993	4.465907
20999		5.160150	2.645583	4.575849
21000		4.734700	2.902912	4.656304
21001		4.314122	3.170276	4.715627
21002		3.889979	3.444245	4.766951
21003		3.458477	3.740222	4.819087
21004		3.009928	4.054025	4.857767
21005		2.552863	4.383085	4.888116
21006		2.095075	4.704024	4.913452
21007		1.627358	5.015314	4.913653
21008		1.154270	5.312130	4.907741
21009		0.674359	5.609806	4.878575
21010		0.210353	5.882613	4.817636
21011		-0.238093	6.145380	4.707287
21012		-0.683966	6.386177	4.525422
21013		-1.124323	6.579589	4.263558
21014		-1.551012	6.721225	3.942195
21015		-1.953999	6.837753	3.588973
21016		-2.334137	6.936593	3.231875
21017		-2.692324	7.011564	2.871105
21018		-3.018322	7.047693	2.541061
21019		-3.289063	7.042684	2.287026
21020		-3.480074	6.990234	2.108566
21021		-3.563143	6.905595	2.033080
21022		-3.526784	6.798535	2.046767
21023		-3.368408	6.626967	2.125699
21024		-3.103146	6.355465	2.191160
21025		-2.737257	5.977126	2.214885
21026		-2.285926	5.485491	2.193937
21027		-1.762022	4.846618	2.103525
21028		-1.200655	4.042695	1.910564
21029		-0.603481	3.116581	1.616651
21030		0.033033	2.129830	1.275059
21031		0.710089	1.122251	0.919795
21032		1.394678	0.064506	0.509318
21033		2.083647	-0.996290	0.015915
21034		2.775036	-2.056190	-0.532847
21035		3.473244	-3.145723	-1.090298
21036		4.175564	-4.251921	-1.639818
21037		4.895412	-5.337941	-2.222139
21038		5.645213	-6.364141	-2.844783
21039		6.431328	-7.358313	-3.451178
21040		7.239033	-8.323733	-4.007799
21041		8.072414	-9.217596	-4.509934
21042		8.934401	-9.995411	-4.990753
21043		9.822049	-10.725183	-5.508094
21044		10.747254	-11.431374	-6.049670
21045		11.723227	-12.082893	-6.531949
21046		12.740008	-12.652069	-6.902120
21047		13.789733	-13.146937	-7.146897
21048		14.861091	-13.606015	-7.302123
21049		15.938151	-14.087766	-7.401634
21050		17.023254	-14.592128	-7.451441
21051		18.141804	-15.072812	-7.467813
21052		19.303645	-15.521446	-7.471414
21053		20.529852	-15.895171	-7.471311
21054		21.777470	-16.198140	-7.485877
21055		23.005459	-16.449518	-7.500939
21056		24.184008	-16.651689	-7.501100
21057		25.311774	-16.805777	-7.478240
21058		26.391328	-16.919447	-7.427905
21059		27.427131	-16.999183	-7.346924
21060		28.414432	-17.045831	-7.247322
21061		29.344744	-17.066924	-7.134742
21062		30.202034	-17.072538	-7.000087
21063		30.987247	-17.061672	-6.851381
21064		31.702252	-17.027775	-6.696847
21065		32.354064	-16.979731	-6.549645
21066		32.963479	-16.943707	-6.416946
21067		33.548278	-16.908226	-6.275834
21068		34.098965	-16.886664	-6.140089
21069		34.612289	-16.893142	-5.989244
21070		35.072816	-16.937167	-5.797865
21071		35.440812	-17.037054	-5.572058
21072		35.705391	-17.190099	-5.303941
21073		35.875908	-17.390406	-4.957375
21074		35.967868	-17.653346	-4.494748
21075		35.997015	-18.007137	-3.904015
21076		35.990082	-18.422826	-3.217383
21077		35.969707	-18.821307	-2.468077
21078		35.953603	-19.151916	-1.695128
21079		35.957419	-19.399993	-0.918446
21080		35.987663	-19.524462	-0.179681
21081		36.054602	-19.486096	0.443325
21082		36.139671	-19.318504	0.906337
21083		36.194353	-19.072820	1.272452
21084		36.165662	-18.754163	1.594560
21085		36.038519	-18.271988	1.914981
21086		35.740320	-17.616175	2.332191
21087		35.184391	-17.002371	3.048871
21088		34.433076	-16.568820	4.161036
21089		33.746798	-16.088933	5.415847
21090		33.178135	-15.914245	6.439594
21091		32.815135	-16.027664	7.271869
21092		32.781152	-16.196841	8.030190
21093		32.869131	-16.489206	8.815554
21094		32.890847	-16.750501	9.698512
21095		32.698863	-16.795237	10.517924
21096		32.285042	-16.490594	10.999990
21097		31.714470	-15.870358	11.167192
21098		31.017223	-15.100093	11.095334
21099		30.223044	-14.233856	10.850273
21100		29.370152	-13.380725	10.529895
21101		28.526466	-12.505845	10.138822
21102		27.768596	-11.608987	9.664237
21103		27.091632	-10.843639	9.174761
21104		26.501845	-10.215487	8.806724
21105		25.963091	-9.694530	8.649948
21106		25.425010	-9.238475	8.675526
21107		24.850395	-8.788543	8.806730
21108		24.234962	-8.325191	8.976660
21109		23.566143	-7.809327	9.119520
21110		22.832815	-7.244592	9.167843
21111		22.048169	-6.604461	9.116380
21112		21.228587	-5.903311	8.963336
21113		20.377856	-5.185978	8.714007
21114		19.537607	-4.465226	8.401938
21115		18.705737	-3.783620	8.042202
21116		17.908965	-3.139864	7.657808
21117		17.128556	-2.580635	7.258834
21118		16.369309	-2.081053	6.854949
21119		15.601956	-1.642182	6.440254
21120		14.819374	-1.263409	6.033882
21121		14.011975	-0.905922	5.660720
21122		13.169831	-0.578230	5.308986
21123		12.292293	-0.274120	4.981237
21124		11.406845	0.017239	4.702903
21125		10.547227	0.318511	4.475776
21126		9.741486	0.613793	4.333510
21127		8.981868	0.864327	4.320447
21128		8.275999	1.109065	4.448967
21129		7.613103	1.378765	4.671657
21130		6.994100	1.654784	4.996156
21131		6.401847	1.921316	5.413161
21132		5.830865	2.184675	5.883020
21133		5.276609	2.478002	6.330526
21134		4.732257	2.815875	6.711637
21135		4.188279	3.174609	7.045983
21136		3.648469	3.532601	7.345633
21137		3.111709	3.893557	7.579780
21138		2.575471	4.229948	7.756525
21139		2.037709	4.563131	7.876347
21140		1.502519	4.900678	7.975822
21141		0.967921	5.252139	8.007912
21142		0.426805	5.580567	7.931740
21143		-0.108742	5.878692	7.776061
21144		-0.623634	6.149542	7.543912
21145		-1.093657	6.368214	7.250721
21146		-1.526423	6.561232	6.904506
21147		-1.920806	6.736578	6.540812
21148		-2.278561	6.879430	6.165350
21149		-2.596036	6.990392	5.787465
21150		-2.878281	7.077132	5.435045
21151		-3.123626	7.157522	5.113902
21152		-3.333930	7.226232	4.851502
21153		-3.498978	7.305489	4.659044
21154		-3.607209	7.346120	4.525542
21155		-3.648960	7.312538	4.434881
21156		-3.582078	7.265199	4.432067
21157		-3.402846	7.171146	4.515404
21158		-3.147122	6.962895	4.580578
21159		-2.807299	6.639751	4.607244
21160		-2.387070	6.200287	4.612484
21161		-1.898748	5.633484	4.576656
21162		-1.348702	4.916129	4.483030
21163		-0.731671	4.030575	4.336546
21164		-0.069922	3.010897	4.099798
21165		0.644611	1.926637	3.792393
21166		1.398240	0.797244	3.428804
21167		2.162194	-0.388309	2.998817
21168		2.927989	-1.574478	2.482379
21169		3.702059	-2.762124	1.884393
21170		4.473616	-3.938873	1.213934
21171		5.256486	-5.107173	0.512672
21172		6.042104	-6.249390	-0.192861
21173		6.857487	-7.328905	-0.890223
21174		7.709222	-8.352471	-1.594717
21175		8.614595	-9.302030	-2.295796
21176		9.571777	-10.153433	-2.963893
21177		10.565739	-10.954218	-3.630154
21178		11.614462	-11.719481	-4.293283
21179		12.742741	-12.414442	-4.888398
21180		13.918028	-13.031752	-5.351777
21181		15.110703	-13.599920	-5.672645
21182		16.310070	-14.129184	-5.889702
21183		17.505976	-14.639690	-6.038055
21184		18.695185	-15.153562	-6.122815
21185		19.872323	-15.718515	-6.176412
21186		21.074005	-16.255865	-6.240898
21187		22.336504	-16.672142	-6.332919
21188		23.622855	-17.006733	-6.456020
21189		24.899440	-17.277657	-6.600386
21190		26.133096	-17.473840	-6.756455
21191		27.301557	-17.597151	-6.911568
21192		28.379629	-17.668995	-7.043635
21193		29.370978	-17.690454	-7.133885
21194		30.272522	-17.668080	-7.189305
21195		31.094444	-17.607937	-7.219947
21196		31.839893	-17.513162	-7.243213
21197		32.533392	-17.392936	-7.240809
21198		33.171099	-17.260213	-7.218576
21199		33.753806	-17.141065	-7.201508
21200		34.282426	-17.036272	-7.166463
21201		34.727154	-16.969088	-7.106507
21202		35.099543	-16.908364	-7.020938
21203		35.396951	-16.837698	-6.879190
21204		35.592238	-16.828000	-6.666669
21205		35.680055	-16.896650	-6.331443
21206		35.670449	-17.016474	-5.833236
21207		35.597812	-17.197704	-5.158757
21208		35.500428	-17.526038	-4.328269
21209		35.421897	-18.006951	-3.355367
21210		35.399892	-18.542331	-2.279828
21211		35.440422	-19.013193	-1.207153
21212		35.532103	-19.334586	-0.274834
21213		35.650360	-19.453145	0.460741
21214		35.767320	-19.358930	0.992317
21215		35.873471	-19.103081	1.358878
21216		35.927889	-18.710963	1.666344
21217		35.828449	-18.190424	2.020631
21218		35.428355	-17.656847	2.627903
21219		34.763485	-17.044095	3.562461
21220		34.047167	-16.242733	4.463090
21221		33.381798	-15.616485	5.053818
21222		32.865638	-15.289851	5.539857
21223		32.679748	-15.101280	5.998550
21224		32.805906	-15.045046	6.342117
21225		32.985456	-15.178916	6.803092
21226		33.032199	-15.498103	7.521063
21227		32.857346	-15.769889	8.229134
21228		32.482596	-15.682581	8.709104
21229		31.931027	-15.268306	8.940879
21230		31.214528	-14.692429	8.966786
21231		30.386255	-13.991880	8.841553
21232		29.496857	-13.212841	8.617201
21233		28.601006	-12.424711	8.360551
21234		27.780071	-11.671914	8.138432
21235		27.074766	-10.996923	7.928393
21236		26.471566	-10.404982	7.754658
21237		25.921957	-9.889574	7.725052
21238		25.362810	-9.457695	7.883756
21239		24.784876	-9.037201	8.147841
21240		24.186512	-8.567431	8.402241
21241		23.518890	-8.058164	8.594075
21242		22.768027	-7.497688	8.697128
21243		21.940954	-6.890604	8.681836
21244		21.086668	-6.248581	8.527475
21245		20.240504	-5.576223	8.269924
21246		19.411188	-4.916866	7.930738
21247		18.599397	-4.284114	7.548465
21248		17.817889	-3.690316	7.172210
21249		17.050843	-3.146145	6.808559
21250		16.289246	-2.663342	6.481424
21251		15.531374	-2.218225	6.183277
21252		14.773264	-1.809500	5.926633
21253		13.993503	-1.453038	5.713357
21254		13.198993	-1.142767	5.550607
21255		12.399534	-0.868361	5.443534
21256		11.614363	-0.622693	5.377643
21257		10.862848	-0.371767	5.347367
21258		10.163742	-0.106855	5.374975
21259		9.497939	0.145445	5.485624
21260		8.867280	0.405696	5.657675
21261		8.270932	0.695779	5.875080
21262		7.704368	0.988969	6.136120
21263		7.164442	1.281837	6.453163
21264		6.655944	1.570155	6.811136
21265		6.165586	1.864897	7.141501
21266		5.673969	2.154840	7.423975
21267		5.192883	2.462641	7.675835
21268		4.719510	2.772610	7.916076
21269		4.247548	3.109390	8.157420
21270		3.774528	3.479200	8.408633
21271		3.293370	3.873733	8.710043
21272		2.804061	4.280005	9.056715
21273		2.308796	4.692439	9.391768
21274		1.824334	5.114104	9.663029
21275		1.366014	5.527646	9.870463
21276		0.914278	5.893635	9.957231
21277		0.468681	6.198623	9.893583
21278		0.023714	6.470260	9.667039
21279		-0.404828	6.700954	9.372274
21280		-0.805756	6.896932	9.081394
21281		-1.185091	7.078470	8.763193
21282		-1.547130	7.244405	8.395962
21283		-1.900011	7.375335	7.987266
21284		-2.261311	7.455309	7.549819
21285		-2.618250	7.495241	7.121392
21286		-2.928081	7.465771	6.690253
21287		-3.117394	7.381408	6.371077
21288		-3.170358	7.248784	6.219345
21289		-3.106649	7.044317	6.152406
21290		-2.929237	6.745102	6.086501
21291		-2.623487	6.348656	6.027453
21292		-2.201556	5.865189	5.964557
21293		-1.693654	5.272513	5.854186
21294		-1.116975	4.549779	5.659121
21295		-0.474491	3.671970	5.396052
21296		0.210406	2.651127	5.043785
21297		0.942100	1.563915	4.590091
21298		1.720593	0.469055	4.063529
21299		2.522952	-0.643392	3.466175
21300		3.310589	-1.770394	2.796668
21301		4.091260	-2.876764	2.062615
21302		4.853558	-3.966987	1.287917
21303		5.618026	-5.041253	0.484087
21304		6.397876	-6.081502	-0.314843
21305		7.208739	-7.048374	-1.118029
21306		8.072169	-7.887436	-1.953618
21307		8.989016	-8.630190	-2.812456
21308		9.945515	-9.316749	-3.694005
21309		10.931884	-10.031991	-4.606354
21310		11.963074	-10.756323	-5.499664
21311		13.053652	-11.421715	-6.250853
21312		14.169771	-12.044619	-6.803642
21313		15.312207	-12.637718	-7.204759
21314		16.476814	-13.183343	-7.514736
21315		17.639649	-13.695684	-7.756721
21316		18.783040	-14.198345	-7.941053
21317		19.917260	-14.706085	-8.061783
21318		21.056513	-15.215144	-8.106565
21319		22.205503	-15.729967	-8.088635
21320		23.364477	-16.234552	-8.030495
21321		24.539458	-16.648224	-7.972911
21322		25.699068	-16.956515	-7.960804
21323		26.810550	-17.199306	-7.982288
21324		27.862838	-17.395811	-8.004781
21325		28.861752	-17.548292	-8.025487
21326		29.812119	-17.648645	-8.052723
21327		30.717741	-17.679706	-8.061934
21328		31.570961	-17.659368	-8.038370
21329		32.368167	-17.607750	-7.985124
21330		33.112963	-17.531056	-7.910534
21331		33.805889	-17.417474	-7.833184
21332		34.427286	-17.268282	-7.769186
21333		34.981029	-17.085189	-7.710370
21334		35.461987	-16.892181	-7.637461
21335		35.866592	-16.726649	-7.543506
21336		36.186167	-16.608962	-7.413106
21337		36.400950	-16.573620	-7.248464
21338		36.506202	-16.645133	-7.017419
21339		36.498289	-16.826231	-6.643395
21340		36.399763	-17.063917	-6.080344
21341		36.247973	-17.290145	-5.353422
21342		36.071591	-17.532078	-4.527617
21343		35.880745	-17.834576	-3.607038
21344		35.706180	-18.142162	-2.597357
21345		35.561461	-18.337976	-1.601814
21346		35.446881	-18.345810	-0.803229
21347		35.351601	-18.211184	-0.248631
21348		35.230463	-18.015289	0.169326
21349		35.105453	-17.759273	0.517429
21350		34.983289	-17.361507	0.832415
21351		34.777347	-16.750056	1.229884
21352		34.403992	-15.996425	1.807158
21353		33.910017	-15.378018	2.706288
21354		33.462485	-14.922227	3.819467
21355		33.162861	-14.632421	4.736331
21356		33.041450	-14.667457	5.359995
21357		33.170154	-14.811176	5.746261
21358		33.410152	-15.161601	6.153068
21359		33.616982	-15.582855	6.851919
21360		33.602642	-15.879400	7.673557
21361		33.302541	-15.854918	8.271079
21362		32.772438	-15.513080	8.540463
21363		32.048336	-14.989024	8.601777
21364		31.197842	-14.306317	8.550207
21365		30.283937	-13.557655	8.412687
21366		29.394731	-12.779079	8.240580
21367		28.579445	-12.021011	8.059700
21368		27.880336	-11.288644	7.827545
21369		27.285407	-10.630738	7.589580
21370		26.784561	-10.069598	7.503519
21371		26.304648	-9.599709	7.628739
21372		25.796553	-9.163214	7.858547
21373		25.240159	-8.719089	8.102202
21374		24.618991	-8.254329	8.307749
21375		23.922969	-7.746019	8.418002
21376		23.170013	-7.189515	8.417304
21377		22.371886	-6.577569	8.287129
21378		21.571105	-5.923658	8.044627
21379		20.780651	-5.265708	7.710953
21380		20.031132	-4.627225	7.324321
21381		19.289235	-4.033575	6.929954
21382		18.552616	-3.495283	6.568547
21383		17.810937	-3.010335	6.231784
21384		17.071144	-2.569040	5.894801
21385		16.329199	-2.156343	5.563384
21386		15.575735	-1.780392	5.252668
21387		14.799639	-1.434226	4.950714
21388		14.006331	-1.126385	4.653973
21389		13.209223	-0.845343	4.378042
21390		12.430227	-0.585717	4.110628
21391		11.675717	-0.352767	3.852462
21392		10.961045	-0.135725	3.633182
21393		10.276783	0.071150	3.466849
21394		9.622467	0.282724	3.348706
21395		8.990678	0.500961	3.283329
21396		8.392373	0.723113	3.270369
21397		7.821069	0.934527	3.292958
21398		7.285854	1.139175	3.325841
21399		6.787619	1.344646	3.385371
21400		6.324104	1.573849	3.471994
21401		5.875212	1.855289	3.553347
21402		5.423523	2.150380	3.644714
21403		4.957247	2.460850	3.768162
21404		4.480492	2.783097	3.937514
21405		4.000229	3.101771	4.181096
21406		3.518243	3.439604	4.478823
21407		3.034363	3.809020	4.814816
21408		2.547868	4.186848	5.162047
21409		2.068601	4.566048	5.473490
21410		1.604321	4.928806	5.718943
21411		1.163412	5.299739	5.884033
21412		0.733657	5.660754	5.949273
21413		0.319023	5.971226	5.926517
21414		-0.088609	6.236031	5.808563
21415		-0.472515	6.469831	5.624888
21416		-0.817568	6.646572	5.396870
21417		-1.116292	6.774134	5.163582
21418		-1.354227	6.849182	4.957513
21419		-1.516936	6.861307	4.794986
21420		-1.591839	6.828662	4.696864
21421		-1.577480	6.744395	4.654766
21422		-1.482588	6.564424	4.599747
21423		-1.302361	6.279206	4.522621
21424		-1.053118	5.895652	4.411139
21425		-0.728370	5.402703	4.268999
21426		-0.323488	4.775931	4.089063
21427		0.154091	4.002407	3.833603
21428		0.693733	3.093627	3.501387
21429		1.283285	2.044751	3.113240
21430		1.914100	0.908163	2.679210
21431		2.585388	-0.271886	2.166915
21432		3.273786	-1.484166	1.562396
21433		3.975362	-2.712555	0.878227
21434		4.680784	-3.922769	0.167511
21435		5.401050	-5.079785	-0.570822
21436		6.144072	-6.160860	-1.375762
21437		6.921881	-7.195238	-2.241789
21438		7.744038	-8.170235	-3.135102
21439		8.620592	-9.062202	-4.047041
21440		9.550620	-9.815735	-4.951936
21441		10.527722	-10.430200	-5.772527
21442		11.522641	-11.021009	-6.489476
21443		12.557833	-11.628236	-7.100971
21444		13.636201	-12.228253	-7.588653
21445		14.753898	-12.792280	-7.942825
21446		15.895000	-13.306993	-8.180457
21447		17.056731	-13.755015	-8.322854
21448		18.207075	-14.183968	-8.348524
21449		19.330816	-14.668475	-8.273497
21450		20.442042	-15.198406	-8.107811
21451		21.553404	-15.758448	-7.857914
21452		22.657836	-16.340872	-7.534363
21453		23.759127	-16.938398	-7.154707
21454		24.862289	-17.525007	-6.752011
21455		25.963909	-18.095985	-6.377652
21456		27.063790	-18.597510	-6.056816
21457		28.152537	-19.010535	-5.814617
21458		29.193944	-19.351312	-5.634543
21459		30.181193	-19.633329	-5.496137
21460		31.113196	-19.832175	-5.405439
21461		32.002825	-19.929281	-5.367974
21462		32.842166	-19.926560	-5.387850
21463		33.616997	-19.835950	-5.474546
21464		34.323710	-19.655010	-5.626949
21465		34.951230	-19.386582	-5.818949
21466		35.494632	-19.069304	-6.036048
21467		35.952408	-18.735957	-6.250623
21468		36.334513	-18.376056	-6.449115
21469		36.619486	-17.994305	-6.629460
21470		36.793042	-17.633692	-6.784005
21471		36.864069	-17.332882	-6.877726
21472		36.831116	-17.098790	-6.853038
21473		36.700659	-16.932632	-6.639608
21474		36.506027	-16.884143	-6.196030
21475		36.286694	-16.993095	-5.497309
21476		36.084870	-17.241589	-4.581693
21477		35.914546	-17.503754	-3.553522
21478		35.744077	-17.706011	-2.588203
21479		35.559541	-17.829232	-1.784113
21480		35.393551	-17.859632	-1.152689
21481		35.270625	-17.786861	-0.586177
21482		35.143193	-17.609746	0.001196
21483		34.898813	-17.312084	0.738860
21484		34.416665	-16.962108	1.787242
21485		33.793259	-16.566154	3.036775
21486		33.256514	-16.131722	4.104295
21487		32.984573	-15.853314	4.842254
21488		33.078370	-15.717481	5.348166
21489		33.432017	-15.678325	5.615142
21490		33.860071	-15.776460	6.012479
21491		34.164046	-16.060483	6.725006
21492		34.195793	-16.311018	7.527454
21493		33.941341	-16.266970	8.112171
21494		33.465762	-15.865093	8.423173
21495		32.759534	-15.269339	8.498447
21496		31.873663	-14.510087	8.392200
21497		30.913362	-13.684347	8.163732
21498		29.966590	-12.876484	7.927056
21499		29.113265	-12.108729	7.742502
21500		28.405210	-11.453889	7.527974
21501		27.828096	-10.923153	7.302373
21502		27.331796	-10.514344	7.280880
21503		26.835771	-10.167320	7.506501
21504		26.285291	-9.799875	7.793490
21505		25.654538	-9.370891	8.046860
21506		24.937476	-8.870766	8.244116
21507		24.146252	-8.292356	8.335687
21508		23.307279	-7.647934	8.286572
21509		22.448268	-6.930777	8.081866
21510		21.603042	-6.200160	7.740127
21511		20.779726	-5.483674	7.284887
21512		19.979034	-4.812369	6.765836
21513		19.182738	-4.212308	6.259329
21514		18.396586	-3.695033	5.820420
21515		17.630159	-3.239075	5.411138
21516		16.893172	-2.825463	4.997553
21517		16.162921	-2.455723	4.584664
21518		15.431846	-2.119188	4.195297
21519		14.671310	-1.822475	3.828675
21520		13.888664	-1.571486	3.461908
21521		13.113252	-1.339776	3.111344
21522		12.368859	-1.123582	2.780153
21523		11.657733	-0.914667	2.465377
21524		10.970875	-0.716321	2.185553
21525		10.308289	-0.514124	1.958607
21526		9.697122	-0.292945	1.816731
21527		9.124235	-0.047934	1.758780
21528		8.562218	0.203586	1.779035
21529		7.998972	0.463824	1.861761
21530		7.440774	0.712212	1.995612
21531		6.892906	0.953206	2.157538
21532		6.353635	1.180119	2.324853
21533		5.823479	1.408970	2.492164
21534		5.310104	1.627224	2.676701
21535		4.804056	1.834807	2.893258
21536		4.310000	2.055088	3.141007
21537		3.824975	2.308519	3.401778
21538		3.346900	2.586749	3.691137
21539		2.878210	2.891101	4.023836
21540		2.421743	3.241271	4.385024
21541		1.981775	3.635998	4.753572
21542		1.552900	4.047240	5.083593
21543		1.123230	4.460764	5.307432
21544		0.727996	4.844215	5.436980
21545		0.353883	5.160216	5.472443
21546		-0.001789	5.392250	5.397714
21547		-0.330445	5.537643	5.244099
21548		-0.634412	5.602875	5.037090
21549		-0.924582	5.626478	4.809208
21550		-1.192503	5.611012	4.618562
21551		-1.395709	5.567556	4.490252
21552		-1.504455	5.500129	4.428238
21553		-1.515050	5.374066	4.438600
21554		-1.440125	5.164171	4.469828
21555		-1.276086	4.842532	4.495251
21556		-1.019186	4.409747	4.523904
21557		-0.679510	3.857064	4.543099
21558		-0.265254	3.196980	4.543103
21559		0.220516	2.431510	4.513933
21560		0.781607	1.594842	4.450847
21561		1.414392	0.681198	4.336266
21562		2.090851	-0.287712	4.150794
21563		2.798553	-1.278461	3.871851
21564		3.509004	-2.282625	3.507744
21565		4.226648	-3.310047	3.135789
21566		4.935919	-4.345404	2.778186
21567		5.642916	-5.353749	2.419797
21568		6.360247	-6.315863	2.059333
21569		7.108880	-7.259040	1.655634
21570		7.882086	-8.165540	1.183316
21571		8.693718	-8.993969	0.673283
21572		9.557403	-9.776539	0.138978
21573		10.490788	-10.544316	-0.413976
21574		11.498811	-11.251580	-0.901109
21575		12.576560	-11.857133	-1.287254
21576		13.671210	-12.371988	-1.559678
21577		14.744098	-12.861426	-1.738505
21578		15.783529	-13.358327	-1.861684
21579		16.814329	-13.899372	-1.953437
21580		17.874204	-14.472336	-2.010218
21581		19.004059	-15.016098	-2.017337
21582		20.182061	-15.543053	-1.979724
21583		21.396812	-16.043033	-1.928122
21584		22.635535	-16.459589	-1.894148
21585		23.869384	-16.791445	-1.911128
21586		25.059144	-17.071866	-1.979388
21587		26.183931	-17.298660	-2.078648
21588		27.248177	-17.443878	-2.217695
21589		28.248515	-17.494791	-2.380497
21590		29.182675	-17.455997	-2.540948
21591		30.043430	-17.347923	-2.695368
21592		30.826071	-17.173195	-2.860326
21593		31.537372	-16.930304	-3.044605
21594		32.172016	-16.645218	-3.241486
21595		32.737211	-16.358364	-3.448591
21596		33.237565	-16.107449	-3.645836
21597		33.683553	-15.932192	-3.790498
21598		34.080958	-15.788666	-3.849636
21599		34.415478	-15.656220	-3.883899
21600		34.659928	-15.574187	-3.858753
21601		34.776611	-15.608434	-3.658558
21602		34.795554	-15.681608	-3.267557
21603		34.762230	-15.751456	-2.704566
21604		34.674700	-15.884143	-1.923649
21605		34.534213	-16.125996	-0.913718
21606		34.361168	-16.402802	0.243724
21607		34.185581	-16.643450	1.408289
21608		34.024396	-16.825410	2.510866
21609		33.913223	-16.892330	3.527458
21610		33.875891	-16.839269	4.428945
21611		33.867616	-16.774041	5.306666
21612		33.804546	-16.713678	6.248196
21613		33.637605	-16.566158	7.360570
21614		33.444575	-16.316149	8.360345
21615		33.309725	-16.077776	9.112292
21616		33.205688	-16.104298	9.701266
21617		33.192177	-16.120407	10.137379
21618		33.289680	-15.958175	10.432396
21619		33.329993	-15.785100	10.689605
21620		33.193156	-15.499720	10.854298
21621		32.881202	-15.023089	10.820581
21622		32.427928	-14.388473	10.703055
21623		31.800021	-13.718240	10.554730
21624		31.025232	-13.001196	10.332093
21625		30.188240	-12.256641	10.038907
21626		29.338875	-11.529915	9.755310
21627		28.513135	-10.886069	9.534151
21628		27.772745	-10.338969	9.417082
21629		27.105050	-9.876755	9.401358
21630		26.481758	-9.482558	9.497238
21631		25.876498	-9.105934	9.661219
21632		25.258643	-8.710042	9.803082
21633		24.598068	-8.272586	9.874038
21634		23.874643	-7.791264	9.826058
21635		23.075522	-7.262825	9.624752
21636		22.229179	-6.671752	9.258062
21637		21.345402	-6.046097	8.739705
21638		20.458323	-5.398848	8.095219
21639		19.585331	-4.776365	7.381944
21640		18.740544	-4.208146	6.640817
21641		17.925828	-3.709854	5.918355
21642		17.143959	-3.280921	5.250514
21643		16.376506	-2.899422	4.612409
21644		15.618257	-2.574592	4.011451
21645		14.867376	-2.286040	3.437943
21646		14.122657	-2.033698	2.911276
21647		13.370957	-1.806915	2.419598
21648		12.619520	-1.603640	1.953722
21649		11.880090	-1.425845	1.530833
21650		11.169476	-1.264953	1.148487
21651		10.483080	-1.107200	0.781267
21652		9.824582	-0.953513	0.434164
21653		9.204289	-0.780387	0.134198
21654		8.622685	-0.585480	-0.102766
21655		8.056894	-0.375649	-0.275006
21656		7.497514	-0.180849	-0.364055
21657		6.937197	0.006806	-0.380500
21658		6.400189	0.199284	-0.356954
21659		5.875988	0.382121	-0.301614
21660		5.367098	0.564331	-0.209118
21661		4.855223	0.758338	-0.117399
21662		4.352289	0.986493	-0.031061
21663		3.859653	1.240517	0.082909
21664		3.371209	1.485950	0.231337
21665		2.880940	1.724989	0.410772
21666		2.399473	1.958102	0.640808
21667		1.923294	2.201971	0.943692
21668		1.453312	2.489517	1.299663
21669		0.983763	2.831581	1.677255
21670		0.530283	3.193663	2.070535
21671		0.094788	3.553924	2.458793
21672		-0.311242	3.916256	2.824019
21673		-0.694327	4.269569	3.149853
21674		-1.066714	4.591788	3.397477
21675		-1.407732	4.844528	3.570431
21676		-1.744068	5.019063	3.627482
21677		-2.073755	5.153860	3.582195
21678		-2.394442	5.248310	3.471016
21679		-2.696053	5.322944	3.317612
21680		-2.961372	5.367393	3.156440
21681		-3.168304	5.366145	3.001396
21682		-3.297299	5.337939	2.882712
21683		-3.330524	5.279380	2.806221
21684		-3.268777	5.130343	2.743211
21685		-3.104694	4.871498	2.661180
21686		-2.848154	4.512817	2.575772
21687		-2.514812	4.046485	2.487709
21688		-2.109571	3.465627	2.401359
21689		-1.628562	2.759168	2.322733
21690		-1.099975	1.932015	2.203185
21691		-0.512020	1.036516	2.024128
21692		0.132208	0.083061	1.774422
21693		0.810392	-0.932808	1.436940
21694		1.510392	-1.973036	1.024043
21695		2.229419	-3.016106	0.533442
21696		2.957540	-4.053491	-0.021120
21697		3.697454	-5.076847	-0.612065
21698		4.458482	-6.058537	-1.218672
21699		5.259253	-6.985806	-1.808840
21700		6.103262	-7.851906	-2.394056
21701		6.996947	-8.646198	-2.990165
21702		7.938212	-9.354989	-3.574440
21703		8.926468	-10.028273	-4.148566
21704		9.971021	-10.656043	-4.700660
21705		11.080979	-11.240587	-5.167834
21706		12.227186	-11.791617	-5.511312
21707		13.394476	-12.312786	-5.717416
21708		14.562363	-12.803128	-5.806867
21709		15.721649	-13.277792	-5.785345
21710		16.846009	-13.802073	-5.656398
21711		17.965080	-14.371263	-5.449134
21712		19.116114	-14.928883	-5.192345
21713		20.304432	-15.480810	-4.903749
21714		21.519419	-16.012976	-4.595313
21715		22.748952	-16.486219	-4.293539
21716		23.949174	-16.920153	-4.028914
21717		25.105074	-17.306823	-3.814351
21718		26.214477	-17.636203	-3.654103
21719		27.285285	-17.888098	-3.554570
21720		28.315347	-18.054343	-3.521876
21721		29.301590	-18.119331	-3.548384
21722		30.240717	-18.082296	-3.634060
21723		31.133554	-17.956654	-3.779259
21724		31.976168	-17.756516	-3.981541
21725		32.776562	-17.494846	-4.223420
21726		33.515164	-17.186352	-4.479174
21727		34.185500	-16.852945	-4.731305
21728		34.784883	-16.518441	-4.943728
21729		35.328372	-16.230169	-5.070184
21730		35.774233	-16.030811	-5.081927
21731		36.092259	-15.920876	-5.014394
21732		36.300083	-15.854970	-4.838088
21733		36.401135	-15.811917	-4.495496
21734		36.383008	-15.838047	-3.951411
21735		36.271614	-16.047656	-3.131248
21736		36.079609	-16.527388	-2.020207
21737		35.849628	-17.191178	-0.669303
21738		35.617435	-17.886269	0.796838
21739		35.431325	-18.452657	2.189194
21740		35.326082	-18.805121	3.315066
21741		35.319328	-18.941181	4.139706
21742		35.382207	-18.881459	4.768589
21743		35.436782	-18.689413	5.299175
21744		35.322659	-18.414002	5.897302
21745		34.914106	-18.200621	6.780139
21746		34.344937	-17.878630	7.920506
21747		33.809894	-17.376833	8.744769
21748		33.421529	-16.884626	9.000064
21749		33.296718	-16.428778	8.884309
21750		33.413886	-16.061775	8.675525
21751		33.613728	-15.896246	8.775089
21752		33.669985	-15.892808	9.160223
21753		33.467553	-15.895309	9.493878
21754		33.044766	-15.743359	9.633557
21755		32.487061	-15.392383	9.759810
21756		31.827293	-14.976526	9.898970
21757		31.100419	-14.474742	9.860481
21758		30.383797	-13.824035	9.694899
21759		29.645392	-13.122699	9.507342
21760		28.866708	-12.411694	9.366798
21761		28.100495	-11.732543	9.328133
21762		27.400876	-11.135900	9.369135
21763		26.764564	-10.638872	9.488702
21764		26.183058	-10.178061	9.674843
21765		25.599045	-9.737377	9.869279
21766		24.983207	-9.276791	10.020690
21767		24.313630	-8.765051	10.089811
21768		23.577780	-8.205554	10.057116
21769		22.772276	-7.609679	9.933455
21770		21.924307	-6.963827	9.698863
21771		21.046091	-6.287529	9.383482
21772		20.172767	-5.614045	9.012669
21773		19.326403	-4.964152	8.630539
21774		18.511791	-4.365230	8.275095
21775		17.714376	-3.810761	7.969413
21776		16.945242	-3.282568	7.722180
21777		16.184037	-2.791248	7.528542
21778		15.427606	-2.347316	7.399558
21779		14.667807	-1.932361	7.292162
21780		13.908555	-1.559435	7.182140
21781		13.146996	-1.239187	7.065986
21782		12.389807	-0.966296	6.932362
21783		11.643810	-0.710794	6.767748
21784		10.935200	-0.466309	6.609371
21785		10.257483	-0.239235	6.470556
21786		9.607004	-0.032306	6.351553
21787		8.979113	0.188704	6.243322
21788		8.380048	0.417194	6.173463
21789		7.794740	0.636931	6.175955
21790		7.219467	0.866729	6.216250
21791		6.643107	1.114629	6.273366
21792		6.074892	1.383228	6.333139
21793		5.519176	1.653866	6.410820
21794		4.988414	1.931698	6.536359
21795		4.482789	2.259035	6.726452
21796		3.988784	2.591996	6.964222
21797		3.495479	2.914949	7.214299
21798		3.020380	3.230482	7.495854
21799		2.549995	3.573048	7.803875
21800		2.076807	3.961654	8.104181
21801		1.589173	4.375188	8.377749
21802		1.090700	4.767447	8.577868
21803		0.600948	5.145278	8.671910
21804		0.130259	5.491476	8.668267
21805		-0.299116	5.812317	8.586251
21806		-0.680979	6.077583	8.433152
21807		-1.049145	6.257457	8.170135
21808		-1.410055	6.369956	7.798682
21809		-1.736364	6.445945	7.392971
21810		-2.021973	6.483506	6.971049
21811		-2.273123	6.480661	6.578204
21812		-2.460605	6.438726	6.259068
21813		-2.555953	6.336101	6.019905
21814		-2.532288	6.203927	5.874867
21815		-2.378868	6.022988	5.810339
21816		-2.098382	5.744809	5.794154
21817		-1.695986	5.326374	5.779892
21818		-1.188902	4.760056	5.756673
21819		-0.586062	4.074729	5.713242
21820		0.086866	3.279493	5.626351
21821		0.807361	2.363733	5.488570
21822		1.550133	1.338549	5.275248
21823		2.314210	0.231637	4.960907
21824		3.089387	-0.918188	4.531032
21825		3.863222	-2.090418	3.961810
21826		4.614682	-3.259039	3.261500
21827		5.346571	-4.439109	2.485696
21828		6.071154	-5.584638	1.670195
21829		6.823936	-6.662194	0.846372
21830		7.622542	-7.630695	0.009025
21831		8.472309	-8.497062	-0.863294
21832		9.361552	-9.255812	-1.768036
21833		10.291602	-9.902856	-2.661346
21834		11.258935	-10.489075	-3.540212
21835		12.286571	-11.043090	-4.390488
21836		13.369283	-11.563434	-5.128830
21837		14.503462	-12.025774	-5.704138
21838		15.654237	-12.432990	-6.116115
21839		16.794508	-12.822830	-6.378867
21840		17.893414	-13.267967	-6.476778
21841		18.948081	-13.835329	-6.415164
21842		19.989833	-14.487017	-6.206264
21843		21.049373	-15.127702	-5.884810
21844		22.117041	-15.742472	-5.479067
21845		23.176752	-16.349615	-5.008693
21846		24.228650	-16.929027	-4.524916
21847		25.272703	-17.461205	-4.095374
21848		26.278756	-17.954897	-3.748217
21849		27.233761	-18.411541	-3.464038
21850		28.144402	-18.809353	-3.240838
21851		29.022166	-19.117980	-3.080587
21852		29.879520	-19.305095	-2.994159
21853		30.718138	-19.359671	-3.002488
21854		31.540168	-19.294223	-3.126885
21855		32.334086	-19.120122	-3.363367
21856		33.080664	-18.843790	-3.701654
21857		33.771390	-18.475075	-4.116992
21858		34.399825	-18.034352	-4.560608
21859		34.958036	-17.554899	-5.006603
21860		35.431859	-17.075250	-5.413230
21861		35.816405	-16.630677	-5.745404
21862		36.117683	-16.254329	-6.002576
21863		36.348849	-15.982735	-6.156232
21864		36.491772	-15.859499	-6.177080
21865		36.547729	-15.882386	-6.060011
21866		36.551063	-16.031137	-5.762992
21867		36.517469	-16.319062	-5.248876
21868		36.454412	-16.750396	-4.539687
21869		36.396699	-17.261318	-3.673038
21870		36.356972	-17.747154	-2.728116
21871		36.342469	-18.104866	-1.882024
21872		36.362346	-18.283975	-1.205730
21873		36.406992	-18.314367	-0.633237
21874		36.442330	-18.224398	-0.083696
21875		36.439548	-18.022688	0.496497
21876		36.332221	-17.726542	1.158214
21877		36.023466	-17.375685	1.985085
21878		35.411049	-17.063652	3.089076
21879		34.637978	-16.679194	4.517814
21880		33.974565	-16.257073	5.735537
21881		33.605923	-15.948382	6.438280
21882		33.610443	-15.732600	6.955031
21883		33.728131	-15.916425	7.525700
21884		33.783505	-16.290338	8.406155
21885		33.689824	-16.527425	9.451854
21886		33.380596	-16.504085	10.263148
21887		32.883833	-16.143675	10.763323
21888		32.221074	-15.542791	11.029244
21889		31.452847	-14.763376	11.109700
21890		30.619207	-13.886171	11.014599
21891		29.754152	-12.958154	10.846157
21892		28.882393	-12.044231	10.660735
21893		28.029405	-11.201486	10.480434
21894		27.244497	-10.473918	10.357936
21895		26.552863	-9.891000	10.346519
21896		25.936176	-9.405279	10.463342
21897		25.344042	-8.952563	10.647674
21898		24.743671	-8.494089	10.828118
21899		24.092698	-8.009634	10.955135
21900		23.383221	-7.480875	10.969707
21901		22.612518	-6.898720	10.822179
21902		21.798157	-6.273801	10.480865
21903		20.960792	-5.590649	9.944956
21904		20.127964	-4.882585	9.263691
21905		19.284867	-4.195327	8.494779
21906		18.430152	-3.553588	7.672171
21907		17.570536	-2.967125	6.849316
21908		16.730487	-2.438240	6.049397
21909		15.931624	-1.946219	5.275240
21910		15.163619	-1.520988	4.540646
21911		14.401713	-1.165765	3.873659
21912		13.646733	-0.869075	3.305505
21913		12.891310	-0.622610	2.842135
21914		12.150858	-0.410722	2.452530
21915		11.432654	-0.202840	2.134168
21916		10.745723	-0.013396	1.895311
21917		10.085095	0.168209	1.716807
21918		9.468354	0.341603	1.583834
21919		8.889612	0.517307	1.492036
21920		8.348269	0.725210	1.439704
21921		7.821329	0.951223	1.433322
21922		7.312094	1.174369	1.478181
21923		6.812520	1.387969	1.563253
21924		6.329740	1.597673	1.688522
21925		5.854124	1.813801	1.832693
21926		5.370240	2.019549	1.972949
21927		4.868279	2.218575	2.089592
21928		4.383120	2.445175	2.216235
21929		3.910774	2.706392	2.363872
21930		3.434496	2.976670	2.525967
21931		2.955671	3.244044	2.729093
21932		2.480105	3.518403	3.003600
21933		2.003169	3.814418	3.326267
21934		1.523149	4.130893	3.657845
21935		1.024266	4.473458	3.937980
21936		0.513185	4.823948	4.135266
21937		-0.005981	5.162253	4.269120
21938		-0.519222	5.511364	4.352765
21939		-1.020965	5.858312	4.383718
21940		-1.482682	6.158190	4.398862
21941		-1.920720	6.411777	4.359513
21942		-2.329973	6.639254	4.281976
21943		-2.710614	6.825562	4.161764
21944		-3.066939	6.966023	4.005215
21945		-3.378732	7.068632	3.836878
21946		-3.611091	7.108471	3.705114
21947		-3.724198	7.112518	3.644311
21948		-3.708033	7.079100	3.667361
21949		-3.578376	6.965594	3.697771
21950		-3.354754	6.754235	3.653198
21951		-3.045098	6.449748	3.540343
21952		-2.662588	6.039285	3.417123
21953		-2.213434	5.497335	3.303882
21954		-1.700249	4.821996	3.184203
21955		-1.117949	4.001831	3.036454
21956		-0.476717	3.075591	2.842604
21957		0.228470	2.092555	2.614686
21958		0.978751	1.066771	2.363216
21959		1.733558	-0.020872	2.048027
21960		2.485248	-1.113672	1.661391
21961		3.237987	-2.212778	1.203348
21962		3.987648	-3.324610	0.693744
21963		4.748903	-4.401695	0.154692
21964		5.526075	-5.422966	-0.411335
21965		6.328749	-6.416260	-1.001707
21966		7.159931	-7.382628	-1.592718
21967		8.032781	-8.272686	-2.147886
21968		8.936935	-9.078454	-2.675617
21969		9.871223	-9.821615	-3.235880
21970		10.845957	-10.512902	-3.801093
21971		11.866494	-11.145561	-4.334540
21972		12.922506	-11.700676	-4.782127
21973		13.994222	-12.220027	-5.131448
21974		15.074099	-12.715814	-5.425822
21975		16.162844	-13.212095	-5.667567
21976		17.253369	-13.736288	-5.852325
21977		18.377822	-14.249721	-5.998930
21978		19.546423	-14.737664	-6.117329
21979		20.752851	-15.205707	-6.210005
21980		21.985870	-15.608192	-6.288353
21981		23.223025	-15.947548	-6.371515
21982		24.428226	-16.245425	-6.448767
21983		25.589088	-16.503158	-6.502669
21984		26.694455	-16.708376	-6.533458
21985		27.741828	-16.861069	-6.540687
21986		28.732703	-16.954918	-6.525429
21987		29.663556	-16.994821	-6.492208
21988		30.524430	-16.992604	-6.447382
21989		31.331501	-16.967523	-6.409176
21990		32.104769	-16.922059	-6.357052
21991		32.826036	-16.872403	-6.304528
21992		33.484325	-16.839004	-6.270112
21993		34.089194	-16.826065	-6.207174
21994		34.618099	-16.836737	-6.076493
21995		35.054295	-16.856961	-5.887009
21996		35.396388	-16.859589	-5.640482
21997		35.612850	-16.904920	-5.328706
21998		35.700951	-17.040288	-4.912658
21999		35.692875	-17.245938	-4.368924
22000		35.613748	-17.497362	-3.738673
22001		35.486428	-17.761737	-2.993762
22002		35.320865	-18.019930	-2.150025
22003		35.153936	-18.209898	-1.309503
22004		34.997434	-18.260837	-0.574946
22005		34.854065	-18.186213	0.025945
22006		34.722626	-18.087014	0.545957
22007		34.607432	-17.980018	1.071788
22008		34.490191	-17.810347	1.655452
22009		34.329293	-17.550829	2.289111
22010		34.026132	-17.183644	3.061791
22011		33.415403	-16.721451	4.155448
22012		32.542103	-16.210050	5.362105
22013		31.673141	-15.701081	6.295282
22014		30.999533	-15.371259	6.929004
22015		30.657480	-15.225053	7.377115
22016		30.729404	-15.060530	7.705054
22017		30.953993	-15.059353	8.080928
22018		31.086092	-15.223137	8.742025
22019		31.010526	-15.455253	9.443204
22020		30.722185	-15.409028	9.924817
22021		30.225788	-15.084141	10.161431
22022		29.586459	-14.527434	10.220357
22023		28.825526	-13.794776	10.065669
22024		27.964902	-12.985907	9.822609
22025		27.067691	-12.155178	9.587884
22026		26.236472	-11.344543	9.398209
22027		25.524913	-10.590846	9.232233
22028		24.945342	-9.924230	9.084247
22029		24.474013	-9.352536	9.038888
22030		24.026515	-8.873271	9.201254
22031		23.518323	-8.430862	9.473053
22032		22.931205	-7.982170	9.711691
22033		22.253725	-7.497018	9.824660
22034		21.500026	-6.964034	9.784829
22035		20.679653	-6.381533	9.591468
22036		19.829605	-5.753144	9.254008
22037		18.973926	-5.084283	8.810399
22038		18.125877	-4.403686	8.307271
22039		17.294592	-3.757873	7.789337
22040		16.489862	-3.163175	7.292145
22041		15.699041	-2.618972	6.841477
22042		14.931311	-2.110427	6.461205
22043		14.167437	-1.655773	6.145790
22044		13.414330	-1.250791	5.901370
22045		12.656632	-0.912547	5.698256
22046		11.913713	-0.621573	5.528888
22047		11.181194	-0.374340	5.398064
22048		10.470833	-0.157002	5.320808
22049		9.777404	0.050379	5.278186
22050		9.116923	0.260238	5.275776
22051		8.493911	0.480692	5.336872
22052		7.900698	0.714744	5.433450
22053		7.326806	0.977249	5.565678
22054		6.782325	1.252826	5.750303
22055		6.254287	1.529861	5.979944
22056		5.737109	1.808158	6.218364
22057		5.222313	2.107413	6.431935
22058		4.718905	2.411731	6.639806
22059		4.230708	2.727128	6.878874
22060		3.743586	3.038598	7.188134
22061		3.240583	3.369709	7.523523
22062		2.722012	3.706832	7.876210
22063		2.205907	4.057076	8.267130
22064		1.710333	4.436443	8.692336
22065		1.231114	4.845605	9.125716
22066		0.767926	5.274832	9.502048
22067		0.325087	5.722829	9.768621
22068		-0.101791	6.129975	9.894089
22069		-0.519933	6.470085	9.860072
22070		-0.907103	6.725168	9.680249
22071		-1.263222	6.912028	9.381311
22072		-1.586365	7.029219	8.997236
22073		-1.886858	7.082233	8.545827
22074		-2.172883	7.077490	8.042797
22075		-2.423897	7.034788	7.549914
22076		-2.604973	6.960666	7.121188
22077		-2.677664	6.852441	6.804160
22078		-2.615670	6.725841	6.650916
22079		-2.432803	6.536422	6.656266
22080		-2.137380	6.244990	6.758737
22081		-1.715933	5.842459	6.897047
22082		-1.183682	5.330193	7.043071
22083		-0.568267	4.685888	7.154269
22084		0.089615	3.887888	7.168239
22085		0.769660	2.941585	7.041778
22086		1.472252	1.927889	6.770270
22087		2.193597	0.838942	6.345635
22088		2.919663	-0.300727	5.796053
22089		3.652272	-1.427801	5.148216
22090		4.377970	-2.537895	4.400767
22091		5.085227	-3.654768	3.557691
22092		5.784817	-4.776530	2.681271
22093		6.497710	-5.881632	1.819172
22094		7.249327	-6.933174	0.970232
22095		8.056082	-7.908251	0.087988
22096		8.917504	-8.799127	-0.836682
22097		9.816607	-9.603331	-1.779261
22098		10.741751	-10.347457	-2.721142
22099		11.703820	-11.039596	-3.646136
22100		12.716715	-11.661469	-4.488804
22101		13.774764	-12.209392	-5.206576
22102		14.849684	-12.715540	-5.780202
22103		15.927308	-13.211914	-6.257937
22104		17.006079	-13.703432	-6.673020
22105		18.093062	-14.197626	-7.008661
22106		19.195258	-14.660741	-7.254334
22107		20.318170	-15.071838	-7.418573
22108		21.461441	-15.444870	-7.503090
22109		22.619510	-15.801155	-7.515921
22110		23.755447	-16.156894	-7.482798
22111		24.853002	-16.470813	-7.436712
22112		25.901474	-16.726933	-7.387856
22113		26.887694	-16.953269	-7.320139
22114		27.804565	-17.157860	-7.228127
22115		28.676954	-17.311895	-7.122363
22116		29.517036	-17.398501	-7.006551
22117		30.322275	-17.418706	-6.910650
22118		31.080713	-17.386847	-6.856669
22119		31.792161	-17.295508	-6.832481
22120		32.450685	-17.150391	-6.833230
22121		33.053471	-16.959145	-6.842900
22122		33.598069	-16.746468	-6.854537
22123		34.092813	-16.551278	-6.830540
22124		34.518539	-16.395210	-6.745439
22125		34.855833	-16.298298	-6.623914
22126		35.102315	-16.257299	-6.437161
22127		35.244444	-16.296892	-6.147052
22128		35.280055	-16.429394	-5.746441
22129		35.223665	-16.619896	-5.232449
22130		35.102624	-16.842573	-4.590892
22131		34.940642	-17.101309	-3.799895
22132		34.757456	-17.383046	-2.859930
22133		34.570730	-17.617742	-1.864482
22134		34.393469	-17.737660	-0.897628
22135		34.216544	-17.741894	-0.011798
22136		34.032818	-17.638068	0.764713
22137		33.880539	-17.469694	1.373194
22138		33.778454	-17.256070	1.826548
22139		33.707260	-16.957835	2.205363
22140		33.549974	-16.514701	2.633673
22141		33.191497	-16.108728	3.265231
22142		32.736283	-15.756861	4.216082
22143		32.409848	-15.354810	5.109985
22144		32.257160	-15.056879	5.668518
22145		32.240506	-14.937321	6.033268
22146		32.342392	-14.943071	6.359667
22147		32.474771	-15.096898	6.766487
22148		32.543442	-15.301336	7.383068
22149		32.409794	-15.451626	8.042721
22150		32.080194	-15.255218	8.459388
22151		31.553128	-14.763211	8.578439
22152		30.812054	-14.148506	8.540687
22153		29.956517	-13.426455	8.422878
22154		29.088818	-12.685295	8.244873
22155		28.266676	-11.963671	8.069241
22156		27.530805	-11.278039	7.893194
22157		26.864051	-10.627027	7.712421
22158		26.250080	-10.049675	7.615914
22159		25.667535	-9.552748	7.702521
22160		25.099312	-9.098665	7.920598
22161		24.515574	-8.645759	8.193183
22162		23.885386	-8.161568	8.461772
22163		23.181503	-7.644330	8.651003
22164		22.415673	-7.104256	8.726347
22165		21.603798	-6.525818	8.660752
22166		20.775626	-5.922678	8.452715
22167		19.951406	-5.297924	8.121423
22168		19.152724	-4.662282	7.685466
22169		18.358365	-4.047851	7.158217
22170		17.571118	-3.465556	6.609873
22171		16.782361	-2.924591	6.082877
22172		15.991458	-2.437848	5.584032
22173		15.211019	-2.007101	5.125259
22174		14.465052	-1.621792	4.728239
22175		13.742034	-1.273724	4.376145
22176		13.028260	-0.950523	4.031192
22177		12.298409	-0.674621	3.708404
22178		11.557196	-0.449937	3.429529
22179		10.811862	-0.252049	3.186883
22180		10.090069	-0.065002	2.979912
22181		9.402403	0.119892	2.825753
22182		8.757968	0.307858	2.728933
22183		8.145347	0.508248	2.682400
22184		7.560589	0.726611	2.664586
22185		6.991555	0.952823	2.682123
22186		6.453176	1.178109	2.760590
22187		5.938750	1.415632	2.896442
22188		5.437221	1.661380	3.068780
22189		4.932584	1.904627	3.251300
22190		4.435381	2.162612	3.441890
22191		3.943992	2.443867	3.640454
22192		3.457501	2.719985	3.851067
22193		2.959722	2.993990	4.044502
22194		2.466933	3.280682	4.246407
22195		1.983768	3.586425	4.490207
22196		1.518232	3.939411	4.777595
22197		1.054256	4.335888	5.086109
22198		0.588723	4.749613	5.386433
22199		0.125104	5.151667	5.642306
22200		-0.336014	5.530181	5.779430
22201		-0.787219	5.865565	5.782367
22202		-1.193312	6.169307	5.683250
22203		-1.543099	6.400786	5.509979
22204		-1.862017	6.561861	5.245014
22205		-2.157108	6.670174	4.911424
22206		-2.414773	6.742498	4.560179
22207		-2.638395	6.783788	4.218494
22208		-2.817012	6.798420	3.940616
22209		-2.929717	6.768900	3.734689
22210		-2.955487	6.669595	3.606734
22211		-2.881883	6.510692	3.562939
22212		-2.696192	6.303755	3.613886
22213		-2.408810	6.013653	3.710571
22214		-2.044431	5.614347	3.798956
22215		-1.606617	5.102486	3.853069
22216		-1.120668	4.460914	3.839919
22217		-0.589989	3.670840	3.750508
22218		-0.024812	2.730273	3.582356
22219		0.577883	1.695283	3.321801
22220		1.203102	0.602100	2.957213
22221		1.835445	-0.547142	2.478947
22222		2.474475	-1.714102	1.893983
22223		3.128490	-2.886887	1.233735
22224		3.791546	-4.050662	0.521077
22225		4.471187	-5.198102	-0.227325
22226		5.186501	-6.256000	-0.994685
22227		5.957754	-7.212919	-1.777689
22228		6.780654	-8.099887	-2.565117
22229		7.656033	-8.922697	-3.327256
22230		8.588821	-9.643968	-4.014989
22231		9.566580	-10.307583	-4.608867
22232		10.581862	-10.949201	-5.139811
22233		11.658178	-11.558790	-5.590893
22234		12.789351	-12.113263	-5.912344
22235		13.951714	-12.643651	-6.083800
22236		15.120039	-13.168689	-6.115876
22237		16.282127	-13.690646	-6.030167
22238		17.412907	-14.242364	-5.843223
22239		18.533352	-14.822858	-5.571296
22240		19.657753	-15.404157	-5.219883
22241		20.796582	-15.983567	-4.823779
22242		21.950642	-16.553211	-4.428128
22243		23.131029	-17.079882	-4.069888
22244		24.326115	-17.502327	-3.791713
22245		25.521041	-17.829471	-3.628282
22246		26.686309	-18.087738	-3.561213
22247		27.812894	-18.285534	-3.571471
22248		28.899076	-18.403184	-3.659526
22249		29.937741	-18.435791	-3.812015
22250		30.911151	-18.376400	-3.999537
22251		31.813083	-18.238883	-4.210386
22252		32.627050	-18.030179	-4.442742
22253		33.340031	-17.748600	-4.680048
22254		33.950943	-17.405475	-4.905260
22255		34.459948	-17.035171	-5.110306
22256		34.887580	-16.681142	-5.283242
22257		35.261568	-16.384411	-5.386590
22258		35.594156	-16.155955	-5.437890
22259		35.849861	-15.977287	-5.451392
22260		35.957280	-15.924872	-5.443587
22261		35.926763	-15.972677	-5.315438
22262		35.802012	-16.058498	-4.955361
22263		35.632334	-16.214657	-4.327988
22264		35.468791	-16.515989	-3.488122
22265		35.353801	-16.944605	-2.487527
22266		35.310578	-17.314113	-1.371748
22267		35.310734	-17.558788	-0.265905
22268		35.311052	-17.741609	0.719195
22269		35.300587	-17.873336	1.580253
22270		35.310479	-17.879312	2.349737
22271		35.330933	-17.642622	3.154820
22272		35.165950	-17.409340	4.101806
22273		34.740142	-17.261814	5.257278
22274		34.337702	-16.812040	6.309020
22275		34.009724	-16.361386	7.046032
22276		33.747745	-16.114500	7.670578
22277		33.544583	-16.078258	8.199309
22278		33.401880	-16.087536	8.664908
22279		33.265305	-16.026958	9.054017
22280		33.049572	-15.860353	9.400585
22281		32.699838	-15.554765	9.565366
22282		32.207397	-15.058242	9.533604
22283		31.567469	-14.421523	9.424643
22284		30.795616	-13.697705	9.246859
22285		29.937365	-12.931626	9.017369
22286		29.065283	-12.214255	8.821672
22287		28.232463	-11.577156	8.668255
22288		27.477662	-10.981619	8.514731
22289		26.781555	-10.424356	8.384860
22290		26.119065	-9.906194	8.358362
22291		25.471074	-9.398785	8.456433
22292		24.810836	-8.894297	8.633185
22293		24.130008	-8.370240	8.837614
22294		23.424762	-7.828983	9.012881
22295		22.687077	-7.269888	9.104256
22296		21.923801	-6.696106	9.051681
22297		21.132532	-6.091813	8.803147
22298		20.318044	-5.464117	8.382938
22299		19.480017	-4.853362	7.836020
22300		18.634588	-4.280867	7.199511
22301		17.792850	-3.748787	6.529460
22302		16.958405	-3.260487	5.870632
22303		16.114557	-2.815122	5.234667
22304		15.271134	-2.410656	4.634874
22305		14.443830	-2.036240	4.087491
22306		13.647667	-1.697845	3.623228
22307		12.860407	-1.381937	3.209061
22308		12.085278	-1.077424	2.824339
22309		11.311438	-0.763894	2.494218
22310		10.535676	-0.472888	2.231111
22311		9.767409	-0.207546	2.057757
22312		9.023304	0.031289	1.976779
22313		8.307781	0.241371	2.000150
22314		7.630884	0.460889	2.109105
22315		6.984774	0.691858	2.272671
22316		6.367329	0.926041	2.487107
22317		5.775656	1.163214	2.741419
22318		5.216813	1.401055	3.028048
22319		4.689359	1.636100	3.330079
22320		4.203526	1.905557	3.613806
22321		3.731634	2.187361	3.833486
22322		3.259999	2.444275	4.003744
22323		2.782236	2.688091	4.144557
22324		2.305368	2.932726	4.257544
22325		1.844351	3.187978	4.359707
22326		1.406147	3.458407	4.470975
22327		0.974011	3.749648	4.604838
22328		0.543086	4.060397	4.770174
22329		0.108042	4.376615	4.949699
22330		-0.323895	4.694463	5.121268
22331		-0.747428	5.020618	5.262611
22332		-1.171483	5.350506	5.325911
22333		-1.601519	5.676275	5.321345
22334		-2.051989	5.972368	5.245576
22335		-2.510367	6.224705	5.120775
22336		-2.958695	6.445184	4.989399
22337		-3.383961	6.620645	4.865597
22338		-3.774850	6.770031	4.745632
22339		-4.110648	6.887072	4.655503
22340		-4.372375	6.946621	4.590642
22341		-4.565124	6.968739	4.535747
22342		-4.685690	6.968652	4.470510
22343		-4.721388	6.874872	4.388279
22344		-4.663619	6.656814	4.288319
22345		-4.502768	6.334285	4.191068
22346		-4.240641	5.905927	4.108341
22347		-3.879167	5.372069	4.042429
22348		-3.432256	4.726026	4.002370
22349		-2.919218	3.967544	3.959739
22350		-2.354400	3.108314	3.877674
22351		-1.743762	2.134603	3.741349
22352		-1.104988	1.049188	3.535889
22353		-0.445606	-0.116742	3.265700
22354		0.217629	-1.319384	2.920930
22355		0.883888	-2.512552	2.480238
22356		1.560375	-3.676953	1.975302
22357		2.259718	-4.806436	1.471186
22358		2.984195	-5.890858	1.002355
22359		3.743089	-6.906222	0.548376
22360		4.534724	-7.842519	0.058997
22361		5.377404	-8.700153	-0.502347
22362		6.276893	-9.474130	-1.114313
22363		7.231703	-10.204467	-1.756526
22364		8.221399	-10.931277	-2.402179
22365		9.267703	-11.613583	-2.990217
22366		10.357086	-12.195045	-3.486713
22367		11.471432	-12.683110	-3.910439
22368		12.585620	-13.096802	-4.271908
22369		13.686798	-13.478414	-4.546208
22370		14.765829	-13.870722	-4.724602
22371		15.819671	-14.295043	-4.795478
22372		16.868810	-14.716282	-4.784658
22373		17.933410	-15.105360	-4.726653
22374		18.992902	-15.465959	-4.654751
22375		20.042237	-15.801477	-4.602256
22376		21.090848	-16.106264	-4.590553
22377		22.168395	-16.314634	-4.646864
22378		23.265138	-16.395531	-4.776954
22379		24.357140	-16.372151	-4.968156
22380		25.421970	-16.290259	-5.175500
22381		26.439660	-16.172075	-5.353315
22382		27.398770	-16.032011	-5.475559
22383		28.297711	-15.881210	-5.551085
22384		29.142787	-15.708555	-5.585546
22385		29.935564	-15.516617	-5.584867
22386		30.669404	-15.331876	-5.545851
22387		31.348659	-15.172791	-5.459428
22388		31.969968	-15.035823	-5.333695
22389		32.523660	-14.909577	-5.193636
22390		32.993057	-14.805055	-5.019097
22391		33.381290	-14.711342	-4.749254
22392		33.689768	-14.628269	-4.388399
22393		33.893724	-14.608163	-3.958756
22394		34.002444	-14.668892	-3.424694
22395		34.046813	-14.757742	-2.776312
22396		34.060773	-14.779179	-2.059391
22397		34.090743	-14.706721	-1.321330
22398		34.143466	-14.645152	-0.564069
22399		34.225028	-14.655119	0.178722
22400		34.333699	-14.650419	0.773002
22401		34.444931	-14.603402	1.177521
22402		34.536363	-14.548229	1.537208
22403		34.594382	-14.514544	1.998567
22404		34.581084	-14.534489	2.736609
22405		34.466324	-14.471488	3.850792
22406		34.061696	-14.232847	5.394934
22407		33.323086	-14.243322	6.857016
22408		32.893649	-14.535020	7.774208
22409		33.145224	-14.631052	8.292704
22410		33.470635	-14.890225	8.586032
22411		33.748137	-15.092634	9.060977
22412		33.794587	-15.205532	9.565005
22413		33.581744	-15.052517	9.857772
22414		33.128498	-14.643384	10.012431
22415		32.403628	-14.096818	10.073239
22416		31.524256	-13.389081	9.985353
22417		30.568375	-12.542379	9.716640
22418		29.578850	-11.621839	9.379315
22419		28.651942	-10.762108	9.079675
22420		27.815585	-10.009368	8.776424
22421		27.069520	-9.407244	8.583601
22422		26.392713	-8.960201	8.600409
22423		25.773490	-8.600771	8.803981
22424		25.150257	-8.288005	9.043183
22425		24.469760	-7.928272	9.220308
22426		23.704033	-7.491400	9.260829
22427		22.853722	-6.981352	9.116280
22428		21.951336	-6.386397	8.768469
22429		20.990246	-5.725425	8.234687
22430		20.013905	-5.009654	7.552550
22431		19.057744	-4.256173	6.749985
22432		18.128328	-3.532758	5.891208
22433		17.211050	-2.869327	5.052754
22434		16.312634	-2.257304	4.271506
22435		15.441721	-1.720251	3.576755
22436		14.611540	-1.265458	2.978063
22437		13.820931	-0.891126	2.452575
22438		13.064593	-0.586517	2.019643
22439		12.328612	-0.324188	1.697328
22440		11.610369	-0.096104	1.453713
22441		10.904497	0.110370	1.303224
22442		10.216389	0.290601	1.246219
22443		9.546878	0.453716	1.237866
22444		8.914523	0.608729	1.258215
22445		8.323928	0.768722	1.316562
22446		7.786084	0.936049	1.398075
22447		7.285655	1.105961	1.489332
22448		6.821311	1.301738	1.574400
22449		6.377583	1.517277	1.664264
22450		5.935792	1.719718	1.748285
22451		5.488586	1.898803	1.821354
22452		5.066519	2.088354	1.903609
22453		4.673531	2.293084	2.000517
22454		4.292104	2.514385	2.087499
22455		3.902843	2.757387	2.167508
22456		3.518612	3.022711	2.267611
22457		3.146894	3.317750	2.413143
22458		2.776954	3.605276	2.604549
22459		2.397715	3.889020	2.839671
22460		2.021870	4.181531	3.119519
22461		1.648499	4.482675	3.456471
22462		1.286754	4.810387	3.828158
22463		0.928942	5.143613	4.209948
22464		0.585265	5.461503	4.583454
22465		0.253573	5.784248	4.916285
22466		-0.068322	6.117700	5.186208
22467		-0.389490	6.449871	5.353213
22468		-0.712009	6.745072	5.400663
22469		-1.024493	6.986037	5.351779
22470		-1.337479	7.152269	5.205593
22471		-1.644070	7.237162	5.002257
22472		-1.909411	7.228929	4.787537
22473		-2.091662	7.122531	4.592558
22474		-2.160929	6.968434	4.464099
22475		-2.097853	6.763649	4.410585
22476		-1.898754	6.460502	4.412841
22477		-1.558266	6.034161	4.419396
22478		-1.107518	5.491165	4.391815
22479		-0.576218	4.837673	4.313710
22480		0.009519	4.049687	4.170847
22481		0.629330	3.115180	3.912409
22482		1.254910	2.083581	3.488198
22483		1.890285	1.014068	2.924164
22484		2.523317	-0.076932	2.262979
22485		3.150591	-1.173932	1.545813
22486		3.764847	-2.258686	0.790761
22487		4.376892	-3.340074	0.049580
22488		4.998196	-4.405250	-0.658274
22489		5.654738	-5.433604	-1.339780
22490		6.360653	-6.382795	-2.012026
22491		7.124269	-7.259079	-2.671732
22492		7.938219	-8.087344	-3.312039
22493		8.810149	-8.835164	-3.905368
22494		9.714185	-9.508935	-4.442031
22495		10.627747	-10.176280	-4.927196
22496		11.564364	-10.855631	-5.334709
22497		12.546638	-11.517724	-5.593984
22498		13.559826	-12.151547	-5.686575
22499		14.591095	-12.780977	-5.656319
22500		15.621954	-13.416871	-5.554319
22501		16.662159	-14.067462	-5.384767
22502		17.704178	-14.753490	-5.153375
22503		18.759159	-15.478503	-4.871362
22504		19.840324	-16.193517	-4.551776
22505		20.948937	-16.868150	-4.219588
22506		22.079491	-17.457474	-3.906130
22507		23.211481	-17.959743	-3.648868
22508		24.321707	-18.372240	-3.484272
22509		25.408763	-18.685966	-3.433058
22510		26.478938	-18.879959	-3.502579
22511		27.531781	-18.954244	-3.670059
22512		28.557298	-18.932767	-3.914428
22513		29.553153	-18.822266	-4.211071
22514		30.513360	-18.622043	-4.545703
22515		31.415765	-18.331562	-4.917570
22516		32.248266	-17.960123	-5.314329
22517		32.998947	-17.532717	-5.703746
22518		33.668030	-17.099729	-6.057629
22519		34.265770	-16.702780	-6.361841
22520		34.792614	-16.371217	-6.617047
22521		35.240504	-16.148853	-6.794425
22522		35.580719	-16.073398	-6.833531
22523		35.795789	-16.158135	-6.705217
22524		35.875544	-16.376427	-6.378007
22525		35.831167	-16.701418	-5.830548
22526		35.701956	-17.111745	-5.085570
22527		35.538290	-17.567014	-4.145724
22528		35.364797	-18.078033	-3.050777
22529		35.217169	-18.616248	-1.826292
22530		35.116051	-19.096324	-0.506862
22531		35.055073	-19.469561	0.863986
22532		34.999594	-19.741535	2.200234
22533		34.918010	-19.888136	3.278583
22534		34.824767	-19.971454	3.952456
22535		34.725306	-19.998099	4.414585
22536		34.611882	-19.837830	4.846216
22537		34.369042	-19.389551	5.380989
22538		33.947094	-18.562293	5.946281
22539		33.433584	-17.703533	6.151045
22540		32.977572	-16.940359	6.084222
22541		32.564915	-16.506473	5.951933
22542		32.259096	-16.262978	5.862958
22543		32.101637	-16.069798	5.858815
22544		32.039524	-15.880384	5.936688
22545		31.940791	-15.673978	6.132526
22546		31.681872	-15.437504	6.395420
22547		31.216536	-15.097895	6.686076
22548		30.558297	-14.668085	6.977214
22549		29.774767	-14.105031	7.223924
22550		28.910835	-13.419978	7.384556
22551		27.990744	-12.682015	7.511426
22552		27.100064	-11.979091	7.632195
22553		26.301373	-11.351726	7.744319
22554		25.593773	-10.766826	7.832594
22555		24.947919	-10.205003	7.910257
22556		24.333022	-9.661446	7.982875
22557		23.721696	-9.136354	8.071397
22558		23.092782	-8.604555	8.142749
22559		22.425992	-8.027074	8.143894
22560		21.702362	-7.408984	8.054080
22561		20.915094	-6.760208	7.861470
22562		20.071303	-6.103907	7.557985
22563		19.210488	-5.409846	7.181249
22564		18.336710	-4.747798	6.772629
22565		17.466986	-4.116345	6.392334
22566		16.621084	-3.539436	6.092962
22567		15.794597	-3.035157	5.892389
22568		14.994964	-2.573145	5.769686
22569		14.209954	-2.146026	5.687898
22570		13.437214	-1.746964	5.659493
22571		12.646938	-1.412955	5.686471
22572		11.861245	-1.095648	5.735563
22573		11.080613	-0.795391	5.796390
22574		10.307286	-0.520936	5.847528
22575		9.541708	-0.252378	5.862428
22576		8.799585	0.006674	5.841697
22577		8.092930	0.266840	5.814042
22578		7.419339	0.497840	5.823213
22579		6.766404	0.718900	5.858299
22580		6.139752	0.952360	5.906251
22581		5.527102	1.202465	5.972583
22582		4.922400	1.436248	6.050815
22583		4.329692	1.634269	6.146566
22584		3.773082	1.799015	6.280755
22585		3.267005	1.966200	6.472375
22586		2.807171	2.186040	6.744040
22587		2.378330	2.476896	7.128002
22588		1.973976	2.824008	7.636795
22589		1.588756	3.206126	8.256881
22590		1.250692	3.592628	8.953938
22591		0.966724	3.989793	9.620901
22592		0.731006	4.394228	10.221441
22593		0.489878	4.768545	10.642812
22594		0.201445	5.133499	10.792638
22595		-0.161836	5.427755	10.653414
22596		-0.570561	5.647871	10.330362
22597		-1.016464	5.797415	9.899751
22598		-1.473772	5.886170	9.387456
22599		-1.932364	5.925379	8.816250
22600		-2.366204	5.930206	8.258955
22601		-2.759509	5.888329	7.764067
22602		-3.045135	5.804792	7.400625
22603		-3.177302	5.670871	7.227153
22604		-3.148187	5.481211	7.227105
22605		-2.970755	5.194781	7.319861
22606		-2.667405	4.789593	7.420539
22607		-2.257852	4.238741	7.487170
22608		-1.760628	3.549548	7.497191
22609		-1.176974	2.744399	7.440635
22610		-0.526565	1.844113	7.282040
22611		0.187909	0.907297	7.028629
22612		0.937389	-0.063022	6.662454
22613		1.700206	-1.055194	6.187553
22614		2.480031	-2.056956	5.673752
22615		3.262206	-3.080100	5.119197
22616		4.029870	-4.076161	4.499780
22617		4.804807	-5.007788	3.820975
22618		5.596391	-5.911978	3.110560
22619		6.413725	-6.801318	2.400738
22620		7.253312	-7.618119	1.702189
22621		8.133043	-8.368352	1.002884
22622		9.076046	-9.050862	0.270283
22623		10.092098	-9.649737	-0.462752
22624		11.158818	-10.178710	-1.146730
22625		12.254013	-10.659609	-1.748471
22626		13.343698	-11.130338	-2.230503
22627		14.410601	-11.605454	-2.592087
22628		15.448176	-12.085893	-2.845622
22629		16.456241	-12.615007	-3.009856
22630		17.455502	-13.198045	-3.096266
22631		18.482905	-13.796648	-3.114775
22632		19.560110	-14.372730	-3.073940
22633		20.681166	-14.912106	-2.976714
22634		21.811360	-15.420530	-2.858330
22635		22.942838	-15.864905	-2.747859
22636		24.046713	-16.246408	-2.654189
22637		25.114119	-16.588714	-2.595448
22638		26.140458	-16.886550	-2.571362
22639		27.127978	-17.121243	-2.584461
22640		28.080229	-17.262067	-2.638225
22641		28.981179	-17.314326	-2.733870
22642		29.816923	-17.300988	-2.874231
22643		30.580638	-17.213001	-3.056644
22644		31.273160	-17.042901	-3.279724
22645		31.895157	-16.807756	-3.536634
22646		32.464224	-16.531069	-3.810547
22647		32.977221	-16.239726	-4.083717
22648		33.424467	-15.974104	-4.344641
22649		33.797687	-15.787284	-4.540076
22650		34.087468	-15.715128	-4.612508
22651		34.301330	-15.751933	-4.565525
22652		34.450740	-15.886005	-4.393118
22653		34.518497	-16.131858	-4.107049
22654		34.520901	-16.472279	-3.724131
22655		34.487154	-16.845864	-3.232416
22656		34.427016	-17.202630	-2.660991
22657		34.356359	-17.547942	-2.055551
22658		34.296005	-17.841151	-1.386207
22659		34.248911	-18.062566	-0.635158
22660		34.213921	-18.198452	0.162703
22661		34.185933	-18.244836	0.948232
22662		34.157533	-18.186668	1.607037
22663		34.143264	-17.982099	2.048730
22664		34.093113	-17.622280	2.404176
22665		33.960494	-17.077177	2.876556
22666		33.680856	-16.380631	3.519276
22667		33.298525	-15.611883	4.350699
22668		32.875163	-15.197600	5.374224
22669		32.635042	-14.981589	6.343517
22670		32.705221	-14.896181	6.869433
22671		33.020326	-14.899644	7.059067
22672		33.333757	-15.050281	7.442929
22673		33.416804	-15.276846	8.066332
22674		33.172253	-15.244006	8.625816
22675		32.668030	-14.846191	8.841576
22676		31.961503	-14.256747	8.813089
22677		31.099687	-13.613301	8.701468
22678		30.196302	-12.904301	8.543628
22679		29.350287	-12.190612	8.332296
22680		28.609014	-11.511454	8.071840
22681		27.940523	-10.862805	7.775971
22682		27.314680	-10.293141	7.536784
22683		26.709632	-9.817718	7.446110
22684		26.101022	-9.376409	7.522612
22685		25.452004	-8.917610	7.637688
22686		24.747256	-8.443233	7.731822
22687		23.995536	-7.929946	7.754885
22688		23.209258	-7.395569	7.668767
22689		22.392498	-6.835702	7.448142
22690		21.555931	-6.235322	7.083259
22691		20.692814	-5.590883	6.602055
22692		19.820284	-4.937368	6.022718
22693		18.947906	-4.301350	5.397346
22694		18.086733	-3.706407	4.785691
22695		17.231195	-3.152027	4.215799
22696		16.395975	-2.646268	3.664723
22697		15.598028	-2.199035	3.140328
22698		14.836436	-1.816331	2.639064
22699		14.089347	-1.492855	2.181024
22700		13.348401	-1.207675	1.784516
22701		12.587219	-0.952699	1.438278
22702		11.816712	-0.726727	1.146118
22703		11.049300	-0.521347	0.920182
22704		10.315964	-0.320499	0.751500
22705		9.632539	-0.107104	0.658072
22706		8.994635	0.095494	0.641987
22707		8.400390	0.299533	0.709369
22708		7.860651	0.533990	0.853311
22709		7.352803	0.783950	1.058498
22710		6.859960	1.044178	1.273912
22711		6.370017	1.298558	1.490866
22712		5.890958	1.543184	1.709649
22713		5.430277	1.799833	1.933091
22714		4.968429	2.049962	2.155492
22715		4.507606	2.311929	2.384376
22716		4.052003	2.573694	2.646745
22717		3.596846	2.857796	2.934879
22718		3.140954	3.163285	3.239341
22719		2.679314	3.498619	3.559148
22720		2.213268	3.845523	3.897812
22721		1.740706	4.207400	4.219765
22722		1.273532	4.597343	4.492034
22723		0.817567	5.006876	4.727481
22724		0.371484	5.389909	4.882614
22725		-0.058440	5.763679	4.939221
22726		-0.462453	6.080797	4.897703
22727		-0.835676	6.359255	4.776202
22728		-1.165241	6.583410	4.626828
22729		-1.445928	6.755772	4.454146
22730		-1.674480	6.878822	4.250728
22731		-1.864273	6.941055	4.040515
22732		-2.007462	6.947233	3.858922
22733		-2.079271	6.871853	3.683370
22734		-2.057558	6.728884	3.543145
22735		-1.929990	6.526965	3.461590
22736		-1.700009	6.225584	3.418708
22737		-1.361461	5.797264	3.380362
22738		-0.926486	5.243322	3.334434
22739		-0.421012	4.563329	3.246635
22740		0.134308	3.772106	3.088231
22741		0.736531	2.851295	2.898215
22742		1.367471	1.819704	2.667743
22743		2.022679	0.725543	2.346411
22744		2.678926	-0.423376	1.895755
22745		3.337053	-1.605255	1.333946
22746		4.002527	-2.766437	0.689974
22747		4.671213	-3.914765	0.000872
22748		5.343678	-5.050049	-0.709740
22749		6.044277	-6.133111	-1.458139
22750		6.792758	-7.117668	-2.234789
22751		7.603963	-8.009719	-3.021188
22752		8.466418	-8.820356	-3.819940
22753		9.380809	-9.546261	-4.597156
22754		10.322756	-10.180827	-5.324810
22755		11.277643	-10.799210	-6.012545
22756		12.257030	-11.406778	-6.649009
22757		13.282231	-11.969652	-7.165638
22758		14.327613	-12.487277	-7.540986
22759		15.377637	-12.980927	-7.798091
22760		16.404050	-13.483151	-7.967072
22761		17.411465	-14.012914	-8.059432
22762		18.422344	-14.525303	-8.064703
22763		19.455698	-15.009222	-7.970505
22764		20.502990	-15.487901	-7.775912
22765		21.578808	-15.968639	-7.512882
22766		22.664616	-16.428219	-7.229146
22767		23.747116	-16.824761	-6.968312
22768		24.809021	-17.133018	-6.750770
22769		25.825259	-17.398168	-6.570624
22770		26.784293	-17.642014	-6.417390
22771		27.698271	-17.848818	-6.295716
22772		28.579580	-17.984712	-6.193626
22773		29.418732	-18.050939	-6.100638
22774		30.204768	-18.069420	-6.017776
22775		30.938162	-18.051469	-5.938924
22776		31.606435	-17.987783	-5.876493
22777		32.213232	-17.878875	-5.835856
22778		32.764688	-17.733581	-5.801806
22779		33.263220	-17.570774	-5.775616
22780		33.695282	-17.417341	-5.747176
22781		34.062494	-17.285258	-5.677398
22782		34.377212	-17.164937	-5.543268
22783		34.608836	-17.088846	-5.338745
22784		34.725123	-17.114760	-5.056516
22785		34.730610	-17.254977	-4.671326
22786		34.651251	-17.435419	-4.152344
22787		34.521591	-17.616900	-3.485837
22788		34.365893	-17.834973	-2.677493
22789		34.201464	-18.071291	-1.750343
22790		34.057441	-18.246363	-0.811863
22791		33.967950	-18.295463	0.012266
22792		33.931188	-18.221948	0.691365
22793		33.938457	-18.041696	1.274235
22794		33.949927	-17.771296	1.828314
22795		33.937889	-17.414455	2.365871
22796		33.853881	-16.999884	2.879547
22797		33.635871	-16.490884	3.427284
22798		33.238068	-15.976401	4.205862
22799		32.747367	-15.508997	5.226028
22800		32.320875	-15.047935	6.083520
22801		32.015392	-14.771001	6.679060
22802		31.883416	-14.756363	7.224941
22803		31.949500	-14.965953	7.827666
22804		32.118074	-15.306615	8.527734
22805		32.244759	-15.638211	9.310759
22806		32.198209	-15.816527	9.958402
22807		31.933894	-15.715744	10.316382
22808		31.428923	-15.350186	10.408808
22809		30.721524	-14.780306	10.329178
22810		29.907070	-14.028510	10.119827
22811		29.058448	-13.175347	9.790843
22812		28.225139	-12.341713	9.450797
22813		27.454427	-11.559050	9.154313
22814		26.792954	-10.863912	8.862421
22815		26.226724	-10.273537	8.628872
22816		25.734618	-9.797659	8.595878
22817		25.259253	-9.400481	8.824792
22818		24.763463	-9.030962	9.192457
22819		24.217984	-8.639436	9.598538
22820		23.605597	-8.194920	9.975739
22821		22.918156	-7.661669	10.245945
22822		22.168356	-7.069939	10.357407
22823		21.388098	-6.418232	10.320910
22824		20.606938	-5.734319	10.136931
22825		19.833807	-5.052309	9.848563
22826		19.062435	-4.399602	9.496803
22827		18.279326	-3.789740	9.119426
22828		17.491932	-3.235013	8.767924
22829		16.691020	-2.728104	8.440434
22830		15.893661	-2.297873	8.153793
22831		15.107430	-1.923048	7.910951
22832		14.333120	-1.581759	7.674049
22833		13.547554	-1.284404	7.426994
22834		12.744745	-1.014726	7.180410
22835		11.921233	-0.743910	6.943141
22836		11.082494	-0.466050	6.702842
22837		10.239240	-0.161256	6.477568
22838		9.408902	0.144597	6.288901
22839		8.601777	0.433471	6.149987
22840		7.830563	0.693288	6.068669
22841		7.098571	0.952082	6.051408
22842		6.411308	1.200584	6.126282
22843		5.761105	1.443636	6.275010
22844		5.145439	1.670461	6.436662
22845		4.550937	1.894735	6.572411
22846		3.981574	2.146740	6.689013
22847		3.427248	2.449781	6.808535
22848		2.878201	2.774396	6.938065
22849		2.326443	3.090068	7.075342
22850		1.795392	3.403839	7.217837
22851		1.300343	3.713829	7.392740
22852		0.854109	4.062554	7.601448
22853		0.443785	4.437455	7.814674
22854		0.060593	4.808035	8.005094
22855		-0.299386	5.157521	8.169546
22856		-0.634801	5.505124	8.298285
22857		-0.959068	5.859467	8.337454
22858		-1.298286	6.176734	8.254962
22859		-1.669779	6.417555	8.065765
22860		-2.054308	6.552757	7.786798
22861		-2.399089	6.576503	7.444605
22862		-2.703341	6.507984	7.040654
22863		-2.948420	6.350778	6.626440
22864		-3.125885	6.054836	6.210252
22865		-3.187327	5.673188	5.817470
22866		-3.108370	5.246902	5.501030
22867		-2.863542	4.780388	5.299448
22868		-2.471526	4.221634	5.164659
22869		-1.959840	3.559771	5.046917
22870		-1.362222	2.797577	4.941034
22871		-0.701248	1.928296	4.818827
22872		0.022104	1.004371	4.672247
22873		0.788123	0.013413	4.467772
22874		1.551092	-1.027509	4.159644
22875		2.307857	-2.085650	3.751478
22876		3.046465	-3.162049	3.277686
22877		3.781299	-4.249480	2.760690
22878		4.513668	-5.335916	2.219041
22879		5.268313	-6.390446	1.659791
22880		6.055803	-7.365928	1.070060
22881		6.886259	-8.261227	0.433520
22882		7.760189	-9.078319	-0.249007
22883		8.681701	-9.799823	-0.965724
22884		9.629954	-10.452575	-1.692818
22885		10.612443	-11.092685	-2.423073
22886		11.628763	-11.719772	-3.113381
22887		12.677404	-12.291873	-3.718454
22888		13.744212	-12.787215	-4.228049
22889		14.813659	-13.242014	-4.638007
22890		15.856050	-13.716084	-4.936786
22891		16.892606	-14.216227	-5.132846
22892		17.950484	-14.699582	-5.252258
22893		19.035421	-15.162634	-5.267720
22894		20.136363	-15.629201	-5.184452
22895		21.260568	-16.098317	-5.056600
22896		22.410639	-16.515335	-4.947751
22897		23.549978	-16.879457	-4.889773
22898		24.641616	-17.202998	-4.877708
22899		25.681680	-17.481756	-4.895442
22900		26.672365	-17.701721	-4.948089
22901		27.617028	-17.844978	-5.038070
22902		28.517850	-17.899985	-5.151788
22903		29.372563	-17.871380	-5.293881
22904		30.168855	-17.760792	-5.478824
22905		30.898237	-17.570966	-5.692979
22906		31.551373	-17.326907	-5.909886
22907		32.136194	-17.051402	-6.107606
22908		32.650993	-16.757920	-6.258663
22909		33.100546	-16.467547	-6.360523
22910		33.480552	-16.203854	-6.395759
22911		33.782184	-15.986918	-6.353780
22912		34.001933	-15.840847	-6.228861
22913		34.138591	-15.799573	-6.009916
22914		34.179639	-15.896045	-5.650445
22915		34.114980	-16.120808	-5.132401
22916		33.954770	-16.427286	-4.459289
22917		33.725975	-16.780734	-3.605513
22918		33.457435	-17.165477	-2.563018
22919		33.186278	-17.556270	-1.389408
22920		32.944783	-17.927486	-0.149017
22921		32.740048	-18.251083	1.127615
22922		32.565665	-18.503658	2.363924
22923		32.422103	-18.666739	3.474087
22924		32.313174	-18.739766	4.391731
22925		32.249232	-18.694641	5.125750
22926		32.228177	-18.460434	5.738481
22927		32.219013	-18.027781	6.210502
22928		32.142123	-17.326722	6.608942
22929		31.897950	-16.360439	7.011814
22930		31.512739	-15.247272	7.478526
22931		31.139047	-14.346991	8.046696
22932		30.874110	-13.857836	8.626877
22933		30.890474	-13.646327	8.994189
22934		31.294718	-13.499564	9.000189
22935		31.911862	-13.467188	8.988842
22936		32.392731	-13.820375	9.547428
22937		32.546467	-14.265672	10.458747
22938		32.342077	-14.352317	11.249691
22939		31.884688	-14.084931	11.750987
22940		31.210921	-13.654778	12.024674
22941		30.359598	-13.092807	12.186939
22942		29.473521	-12.382778	12.259018
22943		28.644900	-11.644920	12.238204
22944		27.933559	-10.922768	12.123000
22945		27.316713	-10.204309	11.877201
22946		26.760875	-9.566401	11.612241
22947		26.236111	-9.049400	11.485445
22948		25.726606	-8.593374	11.471126
22949		25.188523	-8.140084	11.438733
22950		24.586015	-7.660793	11.380339
22951		23.898495	-7.134980	11.246963
22952		23.140863	-6.558340	11.004126
22953		22.332447	-5.933488	10.619788
22954		21.514544	-5.268644	10.106651
22955		20.711397	-4.591351	9.486686
22956		19.926376	-3.930135	8.781919
22957		19.152613	-3.314198	8.023811
22958		18.387441	-2.765218	7.286288
22959		17.619367	-2.290471	6.607573
22960		16.872987	-1.879329	5.974585
22961		16.159989	-1.516755	5.373518
22962		15.482627	-1.200439	4.784078
22963		14.817334	-0.924827	4.199808
22964		14.160162	-0.677136	3.636063
22965		13.508333	-0.447860	3.106613
22966		12.864592	-0.242382	2.599638
22967		12.226022	-0.060837	2.103390
22968		11.606183	0.116468	1.611973
22969		11.002254	0.293202	1.134005
22970		10.420437	0.465909	0.676941
22971		9.873226	0.644225	0.272467
22972		9.369141	0.807035	-0.072552
22973		8.889048	0.947324	-0.331832
22974		8.432697	1.057109	-0.513314
22975		7.998402	1.166188	-0.646214
22976		7.588398	1.265871	-0.746085
22977		7.192965	1.367223	-0.817264
22978		6.813167	1.490334	-0.871604
22979		6.446070	1.635072	-0.891178
22980		6.085329	1.789200	-0.871965
22981		5.715213	1.956724	-0.838540
22982		5.351817	2.122672	-0.781878
22983		5.010859	2.291674	-0.672430
22984		4.706865	2.477218	-0.502393
22985		4.421335	2.660244	-0.275934
22986		4.146759	2.860166	-0.018363
22987		3.867653	3.060525	0.262491
22988		3.590938	3.259603	0.577176
22989		3.318876	3.437744	0.900819
22990		3.047717	3.601401	1.187520
22991		2.782681	3.767996	1.406679
22992		2.524233	3.924275	1.568287
22993		2.265935	4.071051	1.664791
22994		1.996434	4.193483	1.664398
22995		1.724592	4.306939	1.563598
22996		1.454032	4.411565	1.388445
22997		1.180717	4.504268	1.173574
22998		0.911461	4.582618	0.938557
22999		0.661532	4.634965	0.684432
23000		0.464473	4.684071	0.489529
23001		0.319843	4.735076	0.381949
23002		0.217768	4.763695	0.328840
23003		0.146352	4.749722	0.304769
23004		0.114438	4.729308	0.318506
23005		0.136591	4.705440	0.408663
23006		0.205511	4.659010	0.579124
23007		0.312350	4.587617	0.783216
23008		0.446170	4.468296	0.974232
23009		0.593227	4.286030	1.123120
23010		0.748342	4.047969	1.202366
23011		0.923169	3.732690	1.211415
23012		1.120135	3.332117	1.153141
23013		1.346003	2.831032	1.018582
23014		1.600811	2.233095	0.793611
23015		1.890960	1.544191	0.460929
23016		2.217863	0.785298	0.021132
23017		2.588243	-0.016854	-0.518034
23018		2.997452	-0.853468	-1.124914
23019		3.438433	-1.717488	-1.765588
23020		3.898397	-2.597830	-2.418005
23021		4.383412	-3.481294	-3.063511
23022		4.896717	-4.343978	-3.710076
23023		5.436650	-5.220143	-4.330966
23024		5.994972	-6.125128	-4.897644
23025		6.583778	-7.014047	-5.417323
23026		7.203592	-7.831458	-5.893228
23027		7.852481	-8.596561	-6.335195
23028		8.528115	-9.318994	-6.756986
23029		9.244468	-9.982708	-7.162132
23030		9.987784	-10.572385	-7.535909
23031		10.743634	-11.108528	-7.860234
23032		11.491891	-11.593197	-8.122252
23033		12.225285	-12.044939	-8.334386
23034		12.941879	-12.466559	-8.500429
23035		13.660334	-12.869948	-8.646625
23036		14.389684	-13.290461	-8.816749
23037		15.164317	-13.687240	-9.033777
23038		16.017817	-13.967296	-9.281029
23039		16.915823	-14.147524	-9.525787
23040		17.805146	-14.275185	-9.739000
23041		18.655378	-14.355356	-9.901448
23042		19.439256	-14.397343	-9.996262
23043		20.137945	-14.420563	-9.992936
23044		20.736988	-14.459091	-9.874451
23045		21.256144	-14.530668	-9.648723
23046		21.716852	-14.626102	-9.345353
23047		22.132894	-14.732361	-9.004079
23048		22.513637	-14.835391	-8.648268
23049		22.865182	-14.910435	-8.291802
23050		23.193386	-14.952023	-7.952808
23051		23.497144	-14.991094	-7.619283
23052		23.774095	-15.058947	-7.258430
23053		24.021064	-15.158757	-6.841687
23054		24.261564	-15.228835	-6.392645
23055		24.496068	-15.242676	-5.967608
23056		24.698490	-15.255724	-5.541682
23057		24.852632	-15.312318	-5.060215
23058		24.972704	-15.411208	-4.517886
23059		25.074253	-15.543931	-3.951114
23060		25.177793	-15.698314	-3.382549
23061		25.306715	-15.847795	-2.807021
23062		25.461280	-16.013686	-2.228319
23063		25.627804	-16.210082	-1.641585
23064		25.800381	-16.412615	-1.063685
23065		25.984183	-16.576465	-0.534098
23066		26.187064	-16.700157	-0.067273
23067		26.411833	-16.808828	0.336124
23068		26.652860	-16.938124	0.703400
23069		26.882778	-17.119103	1.026636
23070		27.098192	-17.313660	1.303403
23071		27.336591	-17.470831	1.560139
23072		27.601832	-17.619029	1.850718
23073		27.806456	-17.826264	2.195928
23074		27.960301	-18.024975	2.602436
23075		28.106006	-18.127610	3.106358
23076		28.211015	-18.174034	3.721912
23077		28.245934	-18.223132	4.352255
23078		28.250926	-18.172895	4.848432
23079		28.207095	-17.995605	5.184724
23080		28.064725	-17.750199	5.469258
23081		27.770289	-17.522839	5.745013
23082		27.305860	-17.296230	6.043693
23083		26.720784	-16.979377	6.316613
23084		26.051401	-16.590275	6.483953
23085		25.339737	-16.134660	6.532925
23086		24.644815	-15.598056	6.490151
23087		23.995360	-15.001182	6.404402
23088		23.399539	-14.401748	6.349880
23089		22.884723	-13.850286	6.295296
23090		22.493645	-13.366877	6.207873
23091		22.230934	-12.954639	6.130712
23092		22.068143	-12.577803	6.112024
23093		21.943281	-12.222417	6.161360
23094		21.784523	-11.893284	6.230137
23095		21.547125	-11.558220	6.306877
23096		21.212886	-11.190286	6.366515
23097		20.802251	-10.742101	6.350198
23098		20.327803	-10.247589	6.221207
23099		19.823212	-9.656488	6.008828
23100		19.309445	-9.036968	5.731030
23101		18.801368	-8.471893	5.438503
23102		18.333205	-7.944408	5.197671
23103		17.899227	-7.473581	5.020051
23104		17.507248	-7.059978	4.866438
23105		17.157162	-6.693024	4.733519
23106		16.821618	-6.357548	4.603206
23107		16.463294	-6.043737	4.445265
23108		16.052868	-5.749870	4.251797
23109		15.596310	-5.429489	4.006212
23110		15.105118	-5.090441	3.701045
23111		14.597231	-4.770988	3.344716
23112		14.114275	-4.438930	2.952392
23113		13.658764	-4.119822	2.554611
23114		13.220675	-3.838463	2.173685
23115		12.779509	-3.635916	1.838558
23116		12.357838	-3.454328	1.563189
23117		11.962037	-3.318059	1.331874
23118		11.632820	-3.207726	1.155105
23119		11.375628	-3.105108	1.074450
23120		11.166872	-3.021948	1.097982
23121		10.975330	-2.985351	1.199232
23122		10.791097	-2.972012	1.358891
23123		10.615202	-2.975172	1.554557
23124		10.445540	-2.960179	1.744738
23125		10.281372	-2.897693	1.894102
23126		10.123074	-2.797847	1.993923
23127		9.975293	-2.689871	2.059433
23128		9.841580	-2.600247	2.078091
23129		9.730951	-2.535205	2.038161
23130		9.664005	-2.503182	1.958228
23131		9.637108	-2.496933	1.880629
23132		9.636616	-2.486408	1.796521
23133		9.658653	-2.451774	1.708072
23134		9.692281	-2.403229	1.629223
23135		9.735715	-2.354568	1.566759
23136		9.788687	-2.320196	1.501856
23137		9.845631	-2.317409	1.419014
23138		9.921301	-2.336850	1.357629
23139		10.027259	-2.370659	1.395762
23140		10.144270	-2.402847	1.563058
23141		10.256759	-2.415541	1.813667
23142		10.363478	-2.415805	2.114298
23143		10.465744	-2.427134	2.429236
23144		10.564414	-2.444390	2.724613
23145		10.671734	-2.473469	3.032018
23146		10.773343	-2.498316	3.358172
23147		10.846717	-2.514422	3.653325
23148		10.897702	-2.507836	3.893767
23149		10.930096	-2.488180	4.120478
23150		10.954015	-2.447306	4.356270
23151		10.977257	-2.386312	4.584064
23152		10.986298	-2.321922	4.785693
23153		10.973583	-2.268835	4.934127
23154		10.935966	-2.202594	5.053304
23155		10.854465	-2.122905	5.145586
23156		10.724804	-2.059670	5.191113
23157		10.568859	-2.022349	5.195307
23158		10.391567	-2.020809	5.147746
23159		10.194646	-2.047661	5.053276
23160		9.987376	-2.056850	4.930935
23161		9.735191	-2.037901	4.854076
23162		9.434314	-2.015734	4.842145
23163		9.124529	-1.946919	4.895905
23164		8.819231	-1.890899	4.997694
23165		8.570000	-1.781900	5.156645
23166		8.324101	-1.646495	5.405992
23167		8.047261	-1.503964	5.726566
23168		7.743689	-1.385773	6.067659
23169		7.456195	-1.298387	6.377368
23170		7.221615	-1.234326	6.635492
23171		7.030795	-1.169338	6.852211
23172		6.850519	-1.108846	7.023586
23173		6.661010	-1.070480	7.117265
23174		6.478000	-1.045261	7.142463
23175		6.311125	-1.019071	7.111754
23176		6.156080	-0.992840	7.043575
23177		6.005752	-0.958795	6.949230
23178		5.851686	-0.915352	6.842556
23179		5.696886	-0.869396	6.739087
23180		5.543276	-0.842818	6.640509
23181		5.394049	-0.824638	6.549392
23182		5.250964	-0.819587	6.472007
23183		5.122780	-0.827919	6.423547
23184		5.015264	-0.826818	6.412004
23185		4.921200	-0.824773	6.428389
23186		4.824901	-0.839678	6.477318
23187		4.737880	-0.850008	6.566167
23188		4.661448	-0.851498	6.676700
23189		4.596278	-0.844943	6.803231
23190		4.531249	-0.828932	6.939240
23191		4.458309	-0.806899	7.064128
23192		4.371795	-0.789341	7.158565
23193		4.277522	-0.784119	7.222945
23194		4.176085	-0.786631	7.262570
23195		4.064699	-0.804466	7.265872
23196		3.949279	-0.828231	7.224936
23197		3.829628	-0.869294	7.162190
23198		3.707125	-0.934248	7.087983
23199		3.583891	-1.022223	7.008075
23200		3.469279	-1.109615	6.921015
23201		3.382731	-1.145296	6.840836
23202		3.314664	-1.147829	6.801441
23203		3.241407	-1.146582	6.799290
23204		3.156340	-1.149885	6.796646
23205		3.063369	-1.157581	6.799912
23206		2.957753	-1.161626	6.818559
23207		2.840075	-1.170159	6.867873
23208		2.708368	-1.172924	6.959070
23209		2.560308	-1.152121	7.091465
23210		2.388060	-1.110909	7.252893
23211		2.192829	-1.072706	7.424793
23212		1.975527	-1.045219	7.600718
23213		1.744499	-1.021561	7.764394
23214		1.508380	-0.999257	7.915076
23215		1.277045	-0.964918	8.048322
23216		1.052703	-0.922861	8.154492
23217		0.841052	-0.873792	8.225250
23218		0.646552	-0.817065	8.266820
23219		0.467594	-0.751551	8.296428
23220		0.301992	-0.677234	8.318578
23221		0.153567	-0.601621	8.334593
23222		0.018969	-0.537434	8.332384
23223		-0.100348	-0.484851	8.300955
23224		-0.199530	-0.441163	8.248593
23225		-0.272277	-0.402845	8.186974
23226		-0.323196	-0.364628	8.120431
23227		-0.352132	-0.321810	8.042875
23228		-0.370029	-0.284257	7.959288
23229		-0.376342	-0.242348	7.879774
23230		-0.385965	-0.221938	7.778936
23231		-0.390439	-0.226755	7.655641
23232		-0.389995	-0.227071	7.524239
23233		-0.388241	-0.228066	7.408908
23234		-0.389220	-0.226441	7.318036
23235		-0.393659	-0.208961	7.226631
23236		-0.398556	-0.178133	7.137367
23237		-0.409445	-0.156641	7.049073
23238		-0.423633	-0.144269	6.959396
23239		-0.437977	-0.125132	6.871670
23240		-0.456513	-0.106617	6.803890
23241		-0.475622	-0.087144	6.756407
23242		-0.503741	-0.071851	6.722884
23243		-0.532412	-0.063256	6.699342
23244		-0.566925	-0.067034	6.698690
23245		-0.605925	-0.083764	6.709998
23246		-0.645467	-0.108312	6.723979
23247		-0.679219	-0.131923	6.752796
23248		-0.706675	-0.150841	6.803672
23249		-0.726262	-0.166555	6.871357
23250		-0.741140	-0.181687	6.946304
23251		-0.754921	-0.193648	7.013532
23252		-0.764974	-0.206238	7.061877
23253		-0.776195	-0.221750	7.093537
23254		-0.778941	-0.240157	7.112003
23255		-0.771363	-0.263742	7.127128
23256		-0.753600	-0.292823	7.142722
23257		-0.727422	-0.325451	7.148857
23258		-0.698326	-0.362681	7.139194
23259		-0.659816	-0.400437	7.122693
23260		-0.615602	-0.439444	7.114704
23261		-0.566047	-0.473761	7.115355
23262		-0.511885	-0.505651	7.117440
23263		-0.453826	-0.535930	7.122734
23264		-0.393859	-0.562245	7.123189
23265		-0.327709	-0.587605	7.113260
23266		-0.261987	-0.608328	7.096206
23267		-0.194066	-0.624751	7.068714
23268		-0.127253	-0.639488	7.035246
23269		-0.066517	-0.659586	6.989225
23270		-0.004898	-0.676741	6.929910
23271		0.055047	-0.694804	6.865739
23272		0.110289	-0.713582	6.798041
23273		0.166525	-0.733865	6.725885
23274		0.221446	-0.752454	6.649634
23275		0.273279	-0.767402	6.573364
23276		0.322511	-0.783739	6.497783
23277		0.365855	-0.801624	6.421417
23278		0.404985	-0.822149	6.351151
23279		0.439904	-0.841193	6.283805
23280		0.470895	-0.861930	6.225320
23281		0.499082	-0.885993	6.186343
23282		0.524365	-0.907930	6.168214
23283		0.543534	-0.927920	6.163896
23284		0.558334	-0.942022	6.164852
23285		0.570947	-0.952616	6.176365
23286		0.574755	-0.960873	6.195604
23287		0.572851	-0.967862	6.211074
23288		0.566538	-0.977546	6.227936
23289		0.558841	-0.985466	6.251925
23290		0.547038	-0.996002	6.275500
23291		0.533457	-1.006632	6.294039
23292		0.520436	-1.016325	6.313600
23293		0.507870	-1.025875	6.335956
23294		0.498312	-1.033190	6.359561
23295		0.492874	-1.040794	6.385712
23296		0.491118	-1.050843	6.412669
23297		0.493290	-1.060224	6.437382
23298		0.497765	-1.067453	6.462219
23299		0.506270	-1.077938	6.492576
23300		0.517786	-1.088074	6.525328
23301		0.534362	-1.102276	6.563825
23302		0.553761	-1.118097	6.606753
23303		0.576949	-1.135243	6.650400
23304		0.602217	-1.153101	6.691602
23305		0.628748	-1.171561	6.721821
23306		0.657049	-1.186833	6.737984
23307		0.690177	-1.199351	6.740412
23308		0.719125	-1.209443	6.728130
23309		0.748667	-1.221990	6.699620
23310		0.777009	-1.232766	6.660200
23311		0.803945	-1.240727	6.611679
23312		0.829303	-1.247906	6.561163
23313		0.853343	-1.256154	6.509360
23314		0.872327	-1.267014	6.457264
23315		0.890912	-1.278818	6.409066
23316		0.905158	-1.288563	6.368277
23317		0.918427	-1.294647	6.336520
23318		0.927451	-1.296744	6.310109
23319		0.933160	-1.297367	6.286951
23320		0.933452	-1.296039	6.267306
23321		0.929596	-1.290422	6.248774
23322		0.920805	-1.284715	6.232012
23323		0.906023	-1.277013	6.217764
23324		0.885058	-1.279804	6.205540
23325		0.861351	-1.288602	6.187822
23326		0.835397	-1.295708	6.161203
23327		0.810860	-1.296011	6.142520
23328		0.783119	-1.295178	6.141075
23329		0.754173	-1.296550	6.153987
23330		0.724477	-1.299202	6.176887
23331		0.695643	-1.298842	6.203516
23332		0.666522	-1.295760	6.234373
23333		0.643915	-1.287013	6.270298
23334		0.626399	-1.275695	6.310554
23335		0.611094	-1.266026	6.355586
23336		0.597973	-1.257903	6.398670
23337		0.586632	-1.254127	6.430147
23338		0.583839	-1.253709	6.444692
23339		0.583151	-1.257698	6.450412
23340		0.588942	-1.262566	6.449952
23341		0.597688	-1.273635	6.442823
23342		0.608535	-1.282421	6.431358
23343		0.620310	-1.289101	6.419243
23344		0.635035	-1.293528	6.407955
23345		0.649485	-1.298198	6.408806
23346		0.663915	-1.294378	6.419127
23347		0.679735	-1.288611	6.435666
23348		0.691341	-1.280462	6.448888
23349		0.700757	-1.280059	6.450354
23350		0.709829	-1.282483	6.444553
23351		0.720212	-1.283860	6.441259
23352		0.728618	-1.283618	6.442583
23353		0.735687	-1.283570	6.441724
23354		0.737047	-1.289056	6.441569
23355		0.738159	-1.294499	6.438695
23356		0.740735	-1.295929	6.433676
23357		0.742437	-1.300292	6.426068
23358		0.744713	-1.298897	6.420742
23359		0.748342	-1.291532	6.414347
23360		0.751084	-1.281349	6.399869
23361		0.752936	-1.276908	6.374032
23362		0.755244	-1.273246	6.346072
23363		0.756334	-1.276444	6.320501
23364		0.759750	-1.276458	6.293982
23365		0.763849	-1.277357	6.275716
23366		0.764530	-1.281792	6.263203
23367		0.768185	-1.287760	6.256210
23368		0.774636	-1.287730	6.253516
23369		0.779432	-1.282308	6.256829
23370		0.785620	-1.280497	6.259540
23371		0.790241	-1.280758	6.257626
23372		0.795234	-1.278970	6.251745
23373		0.799198	-1.281219	6.244579
23374		0.802370	-1.280748	6.245082
23375		0.805345	-1.277637	6.250187
23376		0.808154	-1.274447	6.255995
23377		0.811925	-1.276018	6.259486
23378		0.814684	-1.273807	6.266308
23379		0.815728	-1.267067	6.270228
23380		0.815775	-1.266119	6.273012
23381		0.816080	-1.266131	6.275647
23382		0.816735	-1.265033	6.274772
23383		0.818308	-1.262966	6.279424
23384		0.818240	-1.262229	6.293420
23385		0.820413	-1.261274	6.310480
23386		0.823863	-1.260136	6.329648
23387		0.830414	-1.257751	6.350626
23388		0.834667	-1.253703	6.373388
23389		0.838123	-1.251556	6.393894
23390		0.840074	-1.250504	6.406296
23391		0.842369	-1.248390	6.417146
23392		0.844321	-1.247337	6.429547
23393		0.846257	-1.245376	6.448115
23394		0.849105	-1.244382	6.470928
23395		0.852852	-1.243274	6.494940
23396		0.854386	-1.241631	6.524958
23397		0.855335	-1.239166	6.558966
23398		0.860590	-1.239010	6.594346
23399		0.867606	-1.238602	6.625702
23400		0.876798	-1.237772	6.653217
23401		0.887664	-1.236740	6.676656
23402		0.897670	-1.235623	6.694002
23403		0.907524	-1.235350	6.703930
23404		0.913598	-1.238394	6.710782
23405		0.921312	-1.242101	6.709053
23406		0.931126	-1.242589	6.707852
23407		0.941457	-1.241098	6.708905
23408		0.951562	-1.244411	6.707999
23409		0.958691	-1.252851	6.696749
23410		0.964066	-1.261182	6.675041
23411		0.966258	-1.267074	6.650388
23412		0.964282	-1.278269	6.626874
23413		0.960440	-1.286739	6.603962
23414		0.953848	-1.292024	6.587620
23415		0.945249	-1.292026	6.574257
23416		0.934040	-1.287640	6.567556
23417		0.920546	-1.284616	6.566069
23418		0.907902	-1.283585	6.575304
23419		0.900086	-1.281092	6.587823
23420		0.892175	-1.277638	6.604095
23421		0.885790	-1.274927	6.617840
23422		0.880149	-1.272935	6.627120
23423		0.876558	-1.274471	6.632476
23424		0.874430	-1.277601	6.635280
23425		0.871982	-1.281795	6.636496
23426		0.873650	-1.281385	6.630238
23427		0.873921	-1.286034	6.625908
23428		0.875080	-1.287581	6.618813
23429		0.877049	-1.288071	6.613002
23430		0.875552	-1.285249	6.607916
23431		0.872470	-1.282643	6.602930
23432		0.866197	-1.280307	6.589693
23433		0.860701	-1.280612	6.576018
23434		0.852704	-1.281405	6.564656
23435		0.846369	-1.280233	6.559262
23436		0.844403	-1.278698	6.568209
23437		0.842268	-1.277293	6.585310
23438		0.844072	-1.275420	6.603197
23439		0.846054	-1.275487	6.617114
23440		0.848054	-1.277226	6.626018
23441		0.852639	-1.280375	6.628080
23442		0.858228	-1.279590	6.629850
23443		0.868053	-1.277248	6.626997
23444		0.875064	-1.275139	6.619543
23445		0.881116	-1.276724	6.607402
23446		0.885906	-1.278518	6.589687
23447		0.894680	-1.276816	6.568845
23448		0.903306	-1.276114	6.547768
23449		0.912422	-1.278214	6.527168
23450		0.921227	-1.286053	6.505920
23451		0.930995	-1.294640	6.481091
23452		0.941634	-1.297374	6.455947
23453		0.951779	-1.303261	6.442023
23454		0.963253	-1.309121	6.434998
23455		0.977278	-1.310913	6.432730
23456		0.992882	-1.310781	6.438884
23457		1.009508	-1.307749	6.448163
23458		1.024960	-1.307660	6.455230
23459		1.041168	-1.307625	6.462747
23460		1.057520	-1.309350	6.471035
23461		1.069936	-1.317133	6.465191
23462		1.081207	-1.325702	6.450892
23463		1.089879	-1.335489	6.427197
23464		1.096188	-1.343470	6.399961
23465		1.101510	-1.346661	6.366739
23466		1.102091	-1.357169	6.333238
23467		1.104384	-1.366500	6.287236
23468		1.105195	-1.370151	6.247592
23469		1.105415	-1.372210	6.209222
23470		1.102544	-1.373729	6.179102
23471		1.098124	-1.375716	6.159043
23472		1.096076	-1.379582	6.151643
23473		1.096914	-1.383330	6.153841
23474		1.098369	-1.385161	6.160806
23475		1.102077	-1.388721	6.171327
23476		1.105337	-1.390426	6.183222
23477		1.108287	-1.391492	6.201817
23478		1.111234	-1.392443	6.220134
23479		1.112559	-1.393439	6.234240
23480		1.113614	-1.395250	6.238341
23481		1.114345	-1.397834	6.230245
23482		1.114629	-1.399214	6.212729
23483		1.116517	-1.402321	6.191899
23484		1.115309	-1.404570	6.163027
23485		1.113456	-1.408721	6.123127
23486		1.110202	-1.411026	6.085542
23487		1.105329	-1.414009	6.057114
23488		1.102088	-1.414067	6.043615
23489		1.099564	-1.411464	6.040905
23490		1.095476	-1.409393	6.051377
23491		1.094009	-1.405357	6.072293
23492		1.091818	-1.406181	6.094488
23493		1.091161	-1.402929	6.110985
23494		1.092256	-1.398346	6.125769
23495		1.091564	-1.396974	6.136442
23496		1.087592	-1.397501	6.137804
23497		1.085092	-1.400598	6.126505
23498		1.079035	-1.404670	6.106372
23499		1.071496	-1.413524	6.079641
23500		1.064048	-1.415655	6.050735
23501		1.057501	-1.417131	6.031181
23502		1.050438	-1.417617	6.014332
23503		1.043326	-1.418298	5.997602
23504		1.039280	-1.417478	5.982971
23505		1.035824	-1.413919	5.975722
23506		1.033663	-1.408512	5.977810
23507		1.031572	-1.404225	5.981074
23508		1.033041	-1.403990	5.981331
23509		1.034678	-1.408424	5.973104
23510		1.034499	-1.412007	5.965017
23511		1.034001	-1.415771	5.952129
23512		1.034078	-1.417335	5.941117
23513		1.034312	-1.413357	5.930182
23514		1.033181	-1.407366	5.915576
23515		1.027870	-1.399024	5.907104
23516		1.022305	-1.393648	5.892803
23517		1.014483	-1.390477	5.879633
23518		1.007307	-1.386272	5.865178
23519		1.001538	-1.381266	5.850708
23520		0.996920	-1.375891	5.841216
23521		0.992544	-1.372561	5.839795
23522		0.991389	-1.369918	5.843189
23523		0.991799	-1.371048	5.844684
23524		0.990645	-1.371321	5.850180
23525		0.992062	-1.369530	5.853666
23526		0.994831	-1.367395	5.860502
23527		0.997710	-1.361518	5.863581
23528		0.995304	-1.356873	5.857287
23529		0.993451	-1.354239	5.849552
23530		0.992103	-1.351364	5.843560
23531		0.991711	-1.349344	5.832558
23532		0.993891	-1.347782	5.822543
23533		0.997175	-1.347347	5.816993
23534		0.999252	-1.349852	5.815689
23535		1.005239	-1.349929	5.812341
23536		1.010431	-1.346236	5.809155
23537		1.017013	-1.344374	5.813493
23538		1.022907	-1.342709	5.818044
23539		1.030195	-1.341036	5.818038
23540		1.034280	-1.339479	5.817653
23541		1.037880	-1.337827	5.811920
23542		1.044485	-1.337740	5.808303
23543		1.049113	-1.340750	5.797002
23544		1.054424	-1.344196	5.777595
23545		1.061784	-1.343405	5.756696
23546		1.065181	-1.345189	5.736864
23547		1.069413	-1.344163	5.723426
23548		1.070989	-1.343593	5.712465
23549		1.072685	-1.346927	5.705803
23550		1.073606	-1.347537	5.699502
23551		1.075573	-1.347396	5.688396
23552		1.077907	-1.348690	5.679563
23553		1.078615	-1.349271	5.671014
23554		1.079390	-1.350744	5.661021
23555		1.078966	-1.354336	5.658036
23556		1.078432	-1.356067	5.650663
23557		1.076936	-1.355130	5.642469
23558		1.076549	-1.353890	5.632088
23559		1.077077	-1.352636	5.621695
23560		1.077599	-1.353213	5.612526
23561		1.079530	-1.353915	5.604071
23562		1.083723	-1.354117	5.599172
23563		1.089331	-1.355412	5.596388
23564		1.092328	-1.360550	5.591684
23565		1.097613	-1.367262	5.587161
23566		1.101277	-1.374944	5.575284
23567		1.103592	-1.381712	5.555061
23568		1.107217	-1.389076	5.532878
23569		1.108540	-1.392819	5.507093
23570		1.106423	-1.393903	5.472341
23571		1.104289	-1.395829	5.426000
23572		1.096261	-1.401255	5.382256
23573		1.090192	-1.406279	5.333186
23574		1.086597	-1.408951	5.282424
23575		1.083591	-1.412095	5.234740
23576		1.083117	-1.417842	5.204304
23577		1.085921	-1.422602	5.178641
23578		1.088857	-1.428404	5.164618
23579		1.095453	-1.431260	5.156930
23580		1.097959	-1.434622	5.153874
23581		1.104272	-1.435991	5.150343
23582		1.108256	-1.435640	5.156581
23583		1.112251	-1.435638	5.159158
23584		1.111422	-1.438807	5.164922
23585		1.109512	-1.444153	5.166195
23586		1.107158	-1.443580	5.167706
23587		1.104993	-1.439128	5.173971
23588		1.103693	-1.428946	5.177729
23589		1.107569	-1.427768	5.177704
23590		1.116907	-1.431537	5.186936
23591		1.129395	-1.436267	5.204147
23592		1.141876	-1.437094	5.223918
23593		1.156333	-1.437657	5.235828
23594		1.166526	-1.450553	5.236516
23595		1.176549	-1.461117	5.222859
23596		1.181528	-1.471077	5.200105
23597		1.182852	-1.472869	5.166983
23598		1.180726	-1.469349	5.139347
23599		1.173728	-1.468924	5.113104
23600		1.164216	-1.470615	5.095931
23601		1.154803	-1.471528	5.083184
23602		1.148857	-1.476190	5.083596
23603		1.147145	-1.481487	5.090457
23604		1.144772	-1.481472	5.107896
23605		1.140524	-1.483854	5.116400
23606		1.134003	-1.486935	5.124084
23607		1.126743	-1.493864	5.122299
23608		1.119600	-1.498387	5.114106
23609		1.113997	-1.503622	5.095492
23610		1.109304	-1.510229	5.074740
23611		1.106699	-1.513735	5.046876
23612		1.105004	-1.513976	5.019571
23613		1.102326	-1.517182	4.988507
23614		1.101091	-1.519401	4.965153
23615		1.101681	-1.523616	4.940326
23616		1.104052	-1.523532	4.920158
23617		1.108852	-1.522786	4.908841
23618		1.114834	-1.519187	4.911409
23619		1.120345	-1.521661	4.913763
23620		1.126970	-1.525856	4.923537
23621		1.133404	-1.525371	4.929672
23622		1.139126	-1.528531	4.933622
23623		1.145227	-1.532618	4.928427
23624		1.151618	-1.537499	4.929798
23625		1.160214	-1.537410	4.928564
23626		1.165814	-1.536698	4.930347
23627		1.172444	-1.539016	4.923616
23628		1.177341	-1.538364	4.924361
23629		1.181685	-1.539650	4.919627
23630		1.187436	-1.536732	4.913799
23631		1.193331	-1.533856	4.906872
23632		1.196319	-1.532334	4.902591
23633		1.199107	-1.530087	4.897166
23634		1.201818	-1.532389	4.892178
23635		1.203850	-1.534059	4.889912
23636		1.206033	-1.535965	4.897900
23637		1.211569	-1.536559	4.905559
23638		1.216866	-1.538117	4.915867
23639		1.221325	-1.539035	4.921680
23640		1.223891	-1.538057	4.930457
23641		1.225131	-1.537438	4.931075
23642		1.223375	-1.535872	4.933544
23643		1.222474	-1.532386	4.933753
23644		1.221503	-1.527988	4.939880
23645		1.219386	-1.527523	4.939155
23646		1.219844	-1.524564	4.938125
23647		1.220395	-1.523919	4.934432
23648		1.222773	-1.522614	4.933811
23649		1.224634	-1.523095	4.928427
23650		1.227537	-1.522179	4.914833
23651		1.230367	-1.526036	4.889788
23652		1.232803	-1.528609	4.866084
23653		1.232485	-1.529841	4.837103
23654		1.231674	-1.528102	4.813536
23655		1.229795	-1.528848	4.785335
23656		1.226148	-1.525793	4.766849
23657		1.225232	-1.519771	4.749618
23658		1.227166	-1.511769	4.746597
23659		1.232908	-1.505798	4.758509
23660		1.236648	-1.501297	4.778436
23661		1.241393	-1.496950	4.792477
23662		1.247908	-1.491821	4.806242
23663		1.254873	-1.491324	4.815846
23664		1.261494	-1.493389	4.818908
23665		1.267364	-1.496647	4.801808
23666		1.272872	-1.494374	4.787584
23667		1.274853	-1.496205	4.755468
23668		1.277754	-1.493867	4.730561
23669		1.280861	-1.494833	4.704281
23670		1.282441	-1.492011	4.686613
23671		1.285194	-1.491149	4.663594
23672		1.287477	-1.488267	4.646963
23673		1.291755	-1.488328	4.625439
23674		1.295247	-1.486389	4.612795
23675		1.296428	-1.486145	4.597338
23676		1.302135	-1.486391	4.599200
23677		1.308289	-1.486309	4.610667
23678		1.313468	-1.485442	4.630129
23679		1.316419	-1.486940	4.635046
23680		1.319142	-1.485942	4.642907
23681		1.320331	-1.480292	4.650681
23682		1.319850	-1.473985	4.657696
23683		1.319475	-1.471510	4.656188
23684		1.317238	-1.472662	4.653154
23685		1.316196	-1.469309	4.640207
23686		1.317013	-1.468180	4.638422
23687		1.319282	-1.464415	4.626247
23688		1.321739	-1.460355	4.628255
23689		1.323853	-1.461236	4.619060
23690		1.326859	-1.463406	4.612224
23691		1.331283	-1.466665	4.599099
23692		1.335377	-1.465900	4.594104
23693		1.336544	-1.467557	4.586449
23694		1.336853	-1.465423	4.581717
23695		1.334816	-1.463047	4.576377
23696		1.331547	-1.460668	4.576684
23697		1.327835	-1.457611	4.564578
23698		1.323730	-1.450641	4.566321
23699		1.322419	-1.445244	4.571136
23700		1.322693	-1.446296	4.574080
23701		1.323205	-1.449392	4.561979
23702		1.324783	-1.448723	4.550997
23703		1.325268	-1.447556	4.532472
23704		1.323276	-1.447400	4.521908
23705		1.318688	-1.446626	4.508749
23706		1.309296	-1.446615	4.499858
23707		1.299969	-1.441284	4.487734
23708		1.292947	-1.434346	4.480619
23709		1.283338	-1.427457	4.474164
23710		1.272035	-1.421001	4.486970
23711		1.261553	-1.416556	4.499122
23712		1.250116	-1.412337	4.519522
23713		1.236816	-1.408749	4.527694
23714		1.225080	-1.404633	4.549916
23715		1.213297	-1.399871	4.561881
23716		1.206801	-1.396010	4.584921
23717		1.201175	-1.396695	4.593314
23718		1.201573	-1.392452	4.607119
23719		1.205143	-1.385083	4.612042
23720		1.211756	-1.375054	4.621755
23721		1.219976	-1.365793	4.623496
23722		1.231875	-1.356559	4.623811
23723		1.240474	-1.348976	4.612951
23724		1.252989	-1.343209	4.607059
23725		1.266312	-1.338349	4.601423
23726		1.281692	-1.331370	4.598697
23727		1.296875	-1.326385	4.584645
23728		1.314129	-1.322823	4.578701
23729		1.330432	-1.319728	4.571596
23730		1.347191	-1.316592	4.574005
23731		1.365886	-1.316874	4.570682
23732		1.379450	-1.319018	4.574803
23733		1.392871	-1.319106	4.566341
23734		1.404964	-1.320155	4.562698
23735		1.414481	-1.318781	4.547277
23736		1.422597	-1.319514	4.545799
23737		1.428307	-1.321474	4.542534
23738		1.435913	-1.321192	4.538112
23739		1.442509	-1.319541	4.510689
23740		1.445269	-1.315358	4.510870
23741		1.449561	-1.315908	4.513451
23742		1.452758	-1.317700	4.520610
23743		1.454739	-1.316637	4.513758
23744		1.457965	-1.315220	4.513253
23745		1.461613	-1.316240	4.496325
23746		1.468020	-1.316450	4.499213
23747		1.474226	-1.324721	4.485447
23748		1.480856	-1.329769	4.490537
23749		1.489148	-1.334902	4.490018
23750		1.496181	-1.340769	4.493353
23751		1.505103	-1.344613	4.483569
23752		1.515440	-1.345401	4.489896
23753		1.525589	-1.347592	4.487941
23754		1.535927	-1.347641	4.498885
23755		1.545700	-1.345339	4.491333
23756		1.551195	-1.342232	4.502269
23757		1.559804	-1.337930	4.498906
23758		1.568014	-1.335172	4.504685
23759		1.577493	-1.336113	4.489574
23760		1.589541	-1.336688	4.496146
23761		1.602142	-1.333960	4.503287
23762		1.616211	-1.331241	4.526754
23763		1.628477	-1.325043	4.547603
23764		1.642945	-1.315024	4.579078
23765		1.654386	-1.307439	4.612096
23766		1.665646	-1.299746	4.643211
23767		1.673483	-1.293276	4.664114
23768		1.682268	-1.289065	4.681074
23769		1.692575	-1.285294	4.699267
23770		1.700799	-1.281804	4.709660
23771		1.707873	-1.278475	4.720464
23772		1.714794	-1.275284	4.733469
23773		1.720061	-1.272545	4.730864
23774		1.722651	-1.267943	4.742185
23775		1.724096	-1.259843	4.748227
23776		1.723813	-1.249775	4.756916
23777		1.720934	-1.244650	4.747296
23778		1.716662	-1.242375	4.748380
23779		1.710859	-1.241436	4.743000
23780		1.705284	-1.239455	4.746694
23781		1.701447	-1.239492	4.744140
23782		1.695937	-1.241679	4.755541
23783		1.691406	-1.243529	4.769258
23784		1.690163	-1.242958	4.774634
23785		1.691481	-1.244295	4.754707
23786		1.691949	-1.243511	4.760333
23787		1.694060	-1.242592	4.753143
23788		1.695610	-1.241095	4.746788
23789		1.699782	-1.238357	4.715814
23790		1.701520	-1.236523	4.702950
23791		1.704073	-1.239802	4.646635
23792		1.705754	-1.242665	4.632174
23793		1.709740	-1.245093	4.618075
23794		1.711582	-1.247158	4.607317
23795		1.715282	-1.249094	4.601730
23796		1.717138	-1.253384	4.597623
23797		1.719218	-1.254169	4.587350
23798		1.722056	-1.254147	4.595249
23799		1.723454	-1.253394	4.570575
23800		1.725834	-1.254293	4.576594
23801		1.729003	-1.257313	4.549881
23802		1.730874	-1.257182	4.552968
23803		1.735151	-1.255793	4.551928
23804		1.739739	-1.255281	4.554480
23805		1.743232	-1.252920	4.539885
23806		1.745957	-1.249724	4.541064
23807		1.747764	-1.248133	4.542965
23808		1.747750	-1.246774	4.535447
23809		1.748059	-1.246655	4.495628
23810		1.749909	-1.247980	4.489482
23811		1.752940	-1.247280	4.479978
23812		1.754084	-1.248645	4.472794
23813		1.757945	-1.248138	4.450986
23814		1.759349	-1.249656	4.447574
23815		1.759825	-1.250250	4.435017
23816		1.759963	-1.251783	4.428618
23817		1.759733	-1.250971	4.358609
23818		1.756651	-1.248169	4.352397
23819		1.753087	-1.248597	4.326616
23820		1.750923	-1.246918	4.326195
23821		1.749768	-1.244786	4.313191
23822		1.747589	-1.240869	4.306122
23823		1.748575	-1.241666	4.269798
23824		1.751082	-1.243956	4.265667
23825		1.753187	-1.244365	4.237286
23826		1.757949	-1.244227	4.228709
23827		1.760657	-1.243591	4.202430
23828		1.764627	-1.244790	4.199394
23829		1.769087	-1.245129	4.173313
23830		1.772451	-1.247311	4.169306
23831		1.777641	-1.248621	4.147285
23832		1.783844	-1.249925	4.152046
23833		1.793183	-1.249580	4.122658
23834		1.802531	-1.246196	4.136955
23835		1.812918	-1.241880	4.149741
23836		1.822380	-1.238724	4.168721
23837		1.833867	-1.235980	4.202833
23838		1.846607	-1.232474	4.223228
23839		1.860752	-1.229148	4.193466
23840		1.876608	-1.226078	4.211572
23841		1.893473	-1.225369	4.228614
23842		1.910047	-1.226365	4.234953
23843		1.928756	-1.230446	4.232895
23844		1.946407	-1.236608	4.231302
23845		1.966455	-1.241470	4.229414
23846		1.984975	-1.243848	4.230540
23847		2.001091	-1.247940	4.190943
23848		2.015280	-1.248883	4.190393
23849		2.028332	-1.252369	4.168066
23850		2.041580	-1.251765	4.171940
23851		2.052488	-1.252419	4.178069
23852		2.066159	-1.251210	4.189419
23853		2.076869	-1.253238	4.201696
23854		2.084447	-1.254785	4.214113
23855		2.091042	-1.254570	4.213554
23856		2.096547	-1.255211	4.221884
23857		2.099646	-1.254258	4.207834
23858		2.099294	-1.253291	4.207741
23859		2.098519	-1.252193	4.185546
23860		2.093823	-1.250490	4.179167
23861		2.086984	-1.250184	4.139634
23862		2.077136	-1.249807	4.127881
23863		2.067611	-1.247830	4.072142
23864		2.058535	-1.245703	4.065064
23865		2.051418	-1.246446	4.038521
23866		2.045715	-1.250856	4.036949
23867		2.039816	-1.253597	4.004695
23868		2.031100	-1.252583	4.001449
23869		2.020677	-1.251546	3.992195
23870		2.005407	-1.254189	3.988129
23871		1.988957	-1.257999	3.968127
23872		1.972598	-1.259163	3.969397
23873		1.957550	-1.259484	3.953565
23874		1.941194	-1.254707	3.950802
23875		1.924098	-1.250668	3.936870
