// General information: 
//  MT Manager version: 2019.0.1 
//  XDA version: 2019.0.1 build 2740 rev 84096 built on 2019-01-30
// Device information: 
//  DeviceId: 00B43773
//  ProductCode: MTW2-3A7G6
//  Firmware Version: 4.3.4
//  Hardware Version: 1.1.0
// Device settings: 
//  Filter Profile: human(46.1)
//  Option Flags: Orientation Smoother Disabled, AHS Disabled, ICC Disabled
// Coordinate system: ENU
PacketCounter	Roll	Pitch	Yaw
43729	-4.062866	-6.628748	13.091784
43730	-4.175952	-7.457677	13.153702
43731	-4.277020	-8.386407	13.187421
43732	-4.370818	-9.423078	13.190631
43733	-4.467295	-10.582572	13.161474
43734	-4.580429	-11.857131	13.100425
43735	-4.727233	-13.261619	13.003828
43736	-4.888242	-14.839399	12.845946
43737	-5.084996	-16.562825	12.661541
43738	-5.282930	-18.407245	12.448711
43739	-5.458746	-20.451194	12.242766
43740	-5.599768	-22.736892	12.004038
43741	-5.702188	-25.362854	11.635258
43742	-5.805450	-28.327342	11.233041
43743	-5.877003	-31.499735	10.802001
43744	-5.957861	-34.760371	10.333076
43745	-6.052936	-38.079356	9.753912
43746	-6.137089	-41.375782	9.036867
43747	-6.405855	-44.698584	8.281075
43748	-6.818200	-47.962330	7.442603
43749	-7.118033	-51.067436	6.427765
43750	-7.083844	-54.008208	5.037037
43751	-6.602703	-56.711418	3.261923
43752	-5.380897	-59.090670	0.807386
43753	-3.356261	-61.119017	-2.475377
43754	-0.822783	-61.752291	-5.994792
43755	1.799232	-61.402697	-9.252668
43756	4.292097	-60.634549	-12.095761
43757	6.492542	-59.760971	-14.495052
43758	8.255582	-58.918703	-16.454457
43759	9.472519	-58.053003	-17.905264
43760	10.115384	-57.089847	-18.758272
43761	10.152261	-55.946090	-18.885196
43762	9.661549	-54.653851	-18.308278
43763	8.706653	-53.225959	-17.126487
43764	7.404559	-51.729571	-15.539718
43765	5.849299	-50.100783	-13.712743
43766	4.201404	-48.328715	-11.835927
43767	2.556424	-46.339720	-10.026249
43768	1.007281	-44.159356	-8.396036
43769	-0.415808	-41.762645	-6.995122
43770	-1.650890	-39.222197	-5.855551
43771	-2.682203	-36.515043	-4.970276
43772	-3.512763	-33.727643	-4.322393
43773	-4.192830	-30.818942	-3.906038
43774	-4.781075	-27.842723	-3.693355
43775	-5.302982	-24.771159	-3.628492
43776	-5.741466	-21.663616	-3.650744
43777	-6.104430	-18.477872	-3.680793
43778	-6.420130	-15.286120	-3.652038
43779	-6.758738	-12.070566	-3.515834
43780	-7.174645	-8.874138	-3.219027
43781	-7.703716	-5.647051	-2.701516
43782	-8.308193	-2.460465	-1.935680
43783	-8.940403	0.692927	-0.928223
43784	-9.539316	3.717206	0.275961
43785	-10.040271	6.621247	1.628174
43786	-10.355372	9.343161	3.055139
43787	-10.444364	11.875237	4.455777
43788	-10.359462	14.112597	5.706612
43789	-10.243218	16.038945	6.675060
43790	-10.172971	17.597293	7.299629
43791	-10.176648	18.765062	7.575915
43792	-10.202694	19.510006	7.576623
43793	-10.062976	19.707107	7.436182
43794	-9.718060	19.403039	7.235107
43795	-8.676820	18.254674	7.463799
43796	-7.597659	16.246456	7.858234
43797	-6.952269	14.393242	8.419798
43798	-6.618078	12.719283	8.809471
43799	-6.186667	10.817161	8.721750
43800	-5.926631	9.108698	8.723700
43801	-5.721052	7.638739	8.851583
43802	-5.542071	6.307347	8.993140
43803	-5.436149	5.067470	9.137720
43804	-5.350081	4.089552	9.162401
43805	-5.303661	3.378197	9.159728
43806	-5.294818	2.840603	9.220321
43807	-5.330714	2.407869	9.265386
43808	-5.419540	2.101518	9.323584
43809	-5.514081	1.864957	9.389030
43810	-5.603317	1.693672	9.452667
43811	-5.694636	1.549484	9.511473
43812	-5.774880	1.447863	9.557139
43813	-5.832481	1.350791	9.598627
43814	-5.870324	1.294303	9.633379
43815	-5.879981	1.236391	9.657599
43816	-5.863395	1.206268	9.677471
43817	-5.813469	1.173777	9.690906
43818	-5.735298	1.167925	9.707998
43819	-5.633187	1.152972	9.726095
43820	-5.531995	1.162462	9.755770
43821	-5.431184	1.166344	9.783246
43822	-5.343290	1.182427	9.821550
43823	-5.265638	1.187649	9.852306
43824	-5.195769	1.213841	9.881411
43825	-5.142187	1.216227	9.902677
43826	-5.101887	1.217526	9.928733
43827	-5.062454	1.193078	9.949335
43828	-5.018985	1.196976	9.971303
43829	-4.974448	1.187771	9.994205
43830	-4.926868	1.187972	10.010637
43831	-4.873908	1.174227	10.028158
43832	-4.813567	1.174284	10.053281
43833	-4.747150	1.163583	10.083263
43834	-4.681080	1.152072	10.114110
43835	-4.625203	1.118900	10.151719
43836	-4.579057	1.084172	10.182268
43837	-4.536473	1.040258	10.216597
43838	-4.492538	1.000663	10.252993
43839	-4.452336	0.947841	10.294522
43840	-4.427875	0.885394	10.337087
43841	-4.417792	0.795380	10.378570
43842	-4.415672	0.696353	10.419340
43843	-4.419550	0.578676	10.452919
43844	-4.429610	0.462932	10.496383
43845	-4.451007	0.315476	10.528780
43846	-4.498829	0.147512	10.555789
43847	-4.565145	-0.068071	10.578053
43848	-4.627924	-0.309859	10.607322
43849	-4.692273	-0.604172	10.641086
43850	-4.783692	-0.958128	10.687747
43851	-4.904222	-1.415516	10.719986
43852	-5.038787	-1.973692	10.737997
43853	-5.200316	-2.650113	10.730640
43854	-5.377723	-3.431061	10.706788
43855	-5.571763	-4.337151	10.646228
43856	-5.784080	-5.357203	10.564383
43857	-6.047020	-6.517083	10.454357
43858	-6.347111	-7.819864	10.304075
43859	-6.676583	-9.266448	10.117022
43860	-7.039188	-10.840041	9.944415
43861	-7.453664	-12.555425	9.807858
43862	-7.912619	-14.438576	9.674070
43863	-8.442342	-16.531632	9.478391
43864	-9.006891	-18.860944	9.235465
43865	-9.549376	-21.442635	8.965542
43866	-10.010887	-24.281649	8.730879
43867	-10.371139	-27.433540	8.523631
43868	-10.610582	-30.846515	8.274538
43869	-10.892083	-34.479904	8.036910
43870	-11.348076	-38.299235	7.760716
43871	-12.225205	-42.281180	7.458062
43872	-13.496087	-46.376013	7.087546
43873	-14.937632	-50.445714	6.594196
43874	-15.714137	-54.459278	5.752292
43875	-15.401180	-58.410551	4.405022
43876	-13.910144	-62.277521	2.147988
43877	-10.803932	-66.091565	-1.734667
43878	-5.765620	-70.240766	-7.580803
43879	2.431013	-74.089384	-16.600412
43880	15.299716	-76.758760	-30.166498
43881	30.353422	-78.004834	-45.564645
43882	42.123708	-78.061819	-57.178366
43883	46.835796	-77.737981	-61.423542
43884	44.755213	-77.426383	-58.802511
43885	37.723919	-76.952487	-51.238724
43886	28.285346	-76.054834	-41.291302
43887	18.626320	-74.521971	-31.127531
43888	10.491851	-72.348253	-22.464596
43889	4.366362	-69.600730	-15.815531
43890	0.068172	-66.501928	-11.031940
43891	-2.848016	-63.155139	-7.608774
43892	-4.568773	-59.683823	-5.231620
43893	-5.456461	-56.079905	-3.642812
43894	-5.778899	-52.500108	-2.797755
43895	-5.875239	-48.957468	-2.514392
43896	-5.924748	-45.464992	-2.647541
43897	-6.015774	-41.925867	-3.032884
43898	-6.125483	-38.343162	-3.578803
43899	-6.262688	-34.689099	-4.186469
43900	-6.432683	-31.038312	-4.790391
43901	-6.692374	-27.362712	-5.302617
43902	-7.037889	-23.687746	-5.660606
43903	-7.478837	-19.960850	-5.780040
43904	-7.993876	-16.243855	-5.609464
43905	-8.581827	-12.504274	-5.120811
43906	-9.243633	-8.854320	-4.352916
43907	-9.951280	-5.248254	-3.373657
43908	-10.637934	-1.723952	-2.236748
43909	-11.201396	1.751801	-0.942703
43910	-11.520566	5.098406	0.498636
43911	-11.577419	8.267292	2.051532
43912	-11.425143	11.111852	3.651707
43913	-11.197749	13.492823	5.189076
43914	-11.018611	15.289696	6.556444
43915	-10.917718	16.438756	7.727002
43916	-10.710204	16.695735	8.701040
43917	-10.041913	16.135525	9.779702
43918	-8.485468	14.279066	11.245334
43919	-7.118486	11.881102	12.634980
43920	-6.397046	10.188016	13.306425
43921	-5.847773	8.970181	13.323910
43922	-5.156435	7.649355	12.639283
43923	-4.522194	6.353601	12.342191
43924	-4.086047	5.465377	12.423668
43925	-3.682888	4.786985	12.414583
43926	-3.339267	4.239681	12.392887
43927	-3.158216	3.833305	12.446076
43928	-3.043139	3.525009	12.513706
43929	-2.978422	3.173788	12.555648
43930	-2.997559	2.875272	12.629081
43931	-3.049858	2.615944	12.726978
43932	-3.116251	2.423381	12.827535
43933	-3.190167	2.279798	12.930845
43934	-3.272146	2.198775	13.036105
43935	-3.336276	2.171749	13.146702
43936	-3.369148	2.224266	13.268277
43937	-3.387841	2.286959	13.384545
43938	-3.401395	2.370958	13.496344
43939	-3.395728	2.450784	13.589005
43940	-3.373124	2.535626	13.678779
43941	-3.350122	2.581027	13.751366
43942	-3.328670	2.620804	13.810068
43943	-3.311988	2.625909	13.848372
43944	-3.302942	2.625722	13.872393
43945	-3.305265	2.597162	13.893393
43946	-3.318080	2.574639	13.913495
43947	-3.345377	2.525044	13.925095
43948	-3.384936	2.471833	13.937644
43949	-3.431145	2.401470	13.950200
43950	-3.465498	2.335264	13.967960
43951	-3.476030	2.256170	13.980257
43952	-3.471376	2.165211	13.982011
43953	-3.444803	2.051273	13.985025
43954	-3.400046	1.943302	13.992433
43955	-3.358395	1.818273	14.012680
43956	-3.320795	1.699354	14.033501
43957	-3.288543	1.564414	14.047018
43958	-3.263731	1.428311	14.065663
43959	-3.245924	1.264184	14.076102
43960	-3.225673	1.101302	14.086843
43961	-3.215420	0.907739	14.087989
43962	-3.219965	0.703393	14.084118
43963	-3.238099	0.466113	14.081275
43964	-3.269163	0.214358	14.082481
43965	-3.306041	-0.081695	14.091758
43966	-3.332044	-0.409303	14.100353
43967	-3.341139	-0.804817	14.105843
43968	-3.328960	-1.256288	14.113379
43969	-3.303810	-1.785013	14.136990
43970	-3.305808	-2.378472	14.184083
43971	-3.340344	-3.086613	14.254409
43972	-3.399192	-3.900239	14.319477
43973	-3.460912	-4.826240	14.367272
43974	-3.533684	-5.856300	14.391277
43975	-3.639540	-7.009297	14.391468
43976	-3.787316	-8.281022	14.363566
43977	-4.014407	-9.687151	14.303792
43978	-4.276764	-11.234031	14.219300
43979	-4.555182	-12.976623	14.110880
43980	-4.867981	-14.911743	13.952564
43981	-5.239695	-16.996717	13.772608
43982	-5.642606	-19.237720	13.589605
43983	-6.106105	-21.698155	13.386945
43984	-6.529647	-24.411307	13.154022
43985	-6.856088	-27.371871	12.845948
43986	-7.134800	-30.528550	12.470731
43987	-7.406638	-33.850429	12.050549
43988	-7.669929	-37.323663	11.442842
43989	-7.960095	-40.958702	10.631478
43990	-8.572092	-44.758088	9.803354
43991	-9.587089	-48.650884	8.978170
43992	-10.688356	-52.458726	8.039766
43993	-11.549946	-56.295031	6.968059
43994	-11.698815	-60.196570	5.615166
43995	-10.875264	-64.065039	3.643121
43996	-8.628790	-67.817373	0.272957
43997	-3.983284	-71.521908	-5.523077
43998	4.109945	-74.998430	-14.742712
43999	16.507382	-76.996542	-27.917278
44000	29.376427	-77.426327	-41.117237
44001	37.100164	-76.659803	-48.564737
44002	38.890963	-75.323931	-49.797497
44003	36.296465	-73.645986	-46.716281
44004	31.468529	-71.691867	-41.602900
44005	25.727325	-69.401057	-35.774844
44006	20.128721	-66.817902	-30.232415
44007	15.069750	-63.997663	-25.328880
44008	10.815715	-61.026108	-21.257137
44009	7.281212	-58.000857	-17.858011
44010	4.387109	-54.932074	-14.995808
44011	2.006728	-51.796023	-12.571459
44012	0.075833	-48.615349	-10.551575
44013	-1.510897	-45.313361	-8.867208
44014	-2.780316	-41.917806	-7.512201
44015	-3.812334	-38.418993	-6.449164
44016	-4.647400	-34.906458	-5.672100
44017	-5.339826	-31.382358	-5.154273
44018	-5.881195	-27.918687	-4.884961
44019	-6.249993	-24.481621	-4.799169
44020	-6.433880	-21.160140	-4.830320
44021	-6.491325	-17.865103	-4.917860
44022	-6.523974	-14.596782	-4.997751
44023	-6.655340	-11.274431	-4.997129
44024	-6.947989	-7.949689	-4.830228
44025	-7.391032	-4.601506	-4.382397
44026	-7.940822	-1.312972	-3.611906
44027	-8.548335	1.900182	-2.538179
44028	-9.102037	4.944404	-1.205339
44029	-9.497344	7.771780	0.327631
44030	-9.665447	10.285246	1.992411
44031	-9.672755	12.465847	3.656342
44032	-9.663495	14.252123	5.133280
44033	-9.825195	15.634596	6.222014
44034	-10.251555	16.588201	6.828744
44035	-10.904193	17.110068	6.990771
44036	-11.276682	17.066219	7.010573
44037	-11.029017	16.440559	7.130884
44038	-9.261894	14.931478	8.241535
44039	-7.768969	12.935557	9.164521
44040	-7.024478	11.145699	9.747096
44041	-6.400897	9.288403	9.461465
44042	-5.794994	7.444262	9.029642
44043	-5.298185	5.892608	9.171854
44044	-4.973936	4.768020	9.303239
44045	-4.846812	3.878364	9.315487
44046	-4.870562	3.155820	9.317052
44047	-4.976099	2.639526	9.406879
44048	-5.089827	2.278792	9.517448
44049	-5.255185	1.973242	9.621927
44050	-5.480374	1.750793	9.731347
44051	-5.726963	1.574096	9.828411
44052	-5.987566	1.464998	9.920853
44053	-6.238232	1.390388	10.006963
44054	-6.467690	1.359346	10.079569
44055	-6.658995	1.328896	10.136914
44056	-6.784002	1.322521	10.181647
44057	-6.847014	1.322440	10.218781
44058	-6.841702	1.336625	10.243968
44059	-6.771178	1.353977	10.272749
44060	-6.646792	1.398754	10.297347
44061	-6.490969	1.460350	10.335873
44062	-6.296882	1.557597	10.375970
44063	-6.089503	1.684727	10.428369
44064	-5.911292	1.813718	10.478750
44065	-5.776650	1.908982	10.529281
44066	-5.662017	1.998204	10.582648
44067	-5.566084	2.063448	10.635201
44068	-5.502174	2.116163	10.693185
44069	-5.458849	2.111971	10.732296
44070	-5.410757	2.108450	10.774932
44071	-5.363426	2.072813	10.818090
44072	-5.304194	2.029400	10.849171
44073	-5.240654	1.958856	10.878148
44074	-5.177963	1.881607	10.909075
44075	-5.122665	1.781201	10.940143
44076	-5.073601	1.675513	10.969750
44077	-5.027085	1.545831	11.005375
44078	-4.979615	1.413012	11.029706
44079	-4.951096	1.247255	11.055653
44080	-4.928934	1.065856	11.067647
44081	-4.931221	0.855309	11.076437
44082	-4.945004	0.622179	11.084967
44083	-4.984379	0.362256	11.089620
44084	-5.051484	0.084909	11.089852
44085	-5.126937	-0.234381	11.086187
44086	-5.195031	-0.586220	11.072249
44087	-5.264404	-0.999073	11.055764
44088	-5.336478	-1.460191	11.032917
44089	-5.417688	-1.997377	11.025110
44090	-5.526934	-2.602941	11.021361
44091	-5.658317	-3.312308	11.012542
44092	-5.787568	-4.124354	10.986401
44093	-5.917031	-5.068990	10.933496
44094	-6.061980	-6.143929	10.845175
44095	-6.225204	-7.375774	10.722966
44096	-6.389123	-8.734942	10.601372
44097	-6.561089	-10.253997	10.486980
44098	-6.757217	-11.969407	10.363803
44099	-7.000512	-13.900475	10.217626
44100	-7.294733	-15.986778	10.055734
44101	-7.600630	-18.305090	9.859611
44102	-7.935210	-20.886593	9.647484
44103	-8.161664	-23.767057	9.362259
44104	-8.263430	-26.917256	8.902845
44105	-8.249527	-30.300658	8.430012
44106	-8.115859	-33.869027	7.864921
44107	-7.986594	-37.669830	7.096565
44108	-7.991049	-41.582757	6.193149
44109	-8.205816	-45.586270	5.168573
44110	-8.250268	-49.500659	3.808192
44111	-7.694517	-53.492005	2.214641
44112	-6.381836	-57.526718	0.176024
44113	-4.263367	-61.313659	-2.727567
44114	-0.817190	-64.660865	-7.203800
44115	4.308909	-67.732507	-13.507819
44116	10.231343	-69.450209	-20.458784
44117	15.602538	-69.423954	-26.525154
44118	18.831395	-68.265060	-30.121587
44119	20.023821	-66.506585	-31.442432
44120	20.061350	-64.575565	-31.467071
44121	19.397342	-62.727387	-30.765025
44122	18.299442	-61.113929	-29.608401
44123	16.757496	-59.665062	-27.967931
44124	14.829838	-58.271096	-25.817968
44125	12.555424	-56.759424	-23.156400
44126	10.091352	-55.025881	-20.193334
44127	7.556508	-52.942249	-17.167407
44128	5.112627	-50.488347	-14.356163
44129	2.811290	-47.654192	-11.908323
44130	0.716319	-44.564426	-9.897104
44131	-1.176853	-41.250014	-8.267791
44132	-2.835078	-37.843653	-6.961159
44133	-4.239368	-34.384442	-5.929799
44134	-5.366936	-30.988595	-5.147207
44135	-6.227330	-27.669495	-4.597583
44136	-6.814892	-24.492611	-4.281108
44137	-7.154883	-21.367579	-4.168026
44138	-7.302359	-18.283291	-4.217947
44139	-7.385657	-15.135896	-4.369521
44140	-7.539722	-11.953235	-4.543137
44141	-7.883618	-8.691026	-4.680176
44142	-8.418036	-5.438812	-4.690622
44143	-9.073623	-2.205763	-4.466646
44144	-9.723760	0.913236	-3.928435
44145	-10.272457	3.914518	-3.038306
44146	-10.652464	6.726973	-1.828967
44147	-10.837943	9.334854	-0.347927
44148	-10.813596	11.664373	1.310339
44149	-10.625600	13.681693	3.011204
44150	-10.361291	15.314542	4.562302
44151	-10.192089	16.530504	5.772499
44152	-10.294038	17.294778	6.502254
44153	-10.539783	17.505583	6.844306
44154	-10.559119	17.117215	7.014370
44155	-10.013688	16.150757	7.373793
44156	-8.020086	14.406017	8.776507
44157	-6.887481	12.652595	9.786293
44158	-6.565535	11.227325	10.623455
44159	-6.336019	9.554504	10.610743
44160	-5.837427	7.788239	10.023852
44161	-5.231713	6.222554	9.802304
44162	-4.654600	5.036211	9.861212
44163	-4.273286	4.258295	9.914131
44164	-3.983388	3.729892	9.949114
44165	-3.822038	3.269591	10.049558
44166	-3.682995	2.892686	10.158197
44167	-3.585029	2.557059	10.256787
44168	-3.548424	2.297472	10.359544
44169	-3.542547	2.092847	10.459041
44170	-3.555276	1.964516	10.551341
44171	-3.589491	1.863014	10.628205
44172	-3.659002	1.802239	10.689603
44173	-3.727665	1.767684	10.737125
44174	-3.779365	1.801660	10.792342
44175	-3.809556	1.861309	10.844012
44176	-3.813686	1.963910	10.898265
44177	-3.795942	2.068264	10.951452
44178	-3.767062	2.189952	11.002639
44179	-3.723704	2.288133	11.049725
44180	-3.669087	2.390052	11.091692
44181	-3.613490	2.459777	11.122687
44182	-3.555890	2.513138	11.143932
44183	-3.516391	2.525328	11.157409
44184	-3.482149	2.531874	11.175633
44185	-3.451429	2.517671	11.193350
44186	-3.432744	2.490071	11.204883
44187	-3.428983	2.417162	11.220009
44188	-3.420870	2.336376	11.235620
44189	-3.394367	2.231409	11.255124
44190	-3.358794	2.132751	11.271211
44191	-3.327202	2.014725	11.288413
44192	-3.306127	1.902842	11.312572
44193	-3.307133	1.770882	11.340547
44194	-3.325735	1.640697	11.378455
44195	-3.363251	1.494534	11.421524
44196	-3.415679	1.341826	11.462884
44197	-3.483364	1.176755	11.499806
44198	-3.559640	1.010400	11.527970
44199	-3.650650	0.821858	11.553317
44200	-3.761598	0.625372	11.582398
44201	-3.883584	0.400609	11.611579
44202	-4.016562	0.155740	11.634413
44203	-4.153125	-0.129362	11.649856
44204	-4.278534	-0.442228	11.660580
44205	-4.395748	-0.799590	11.660913
44206	-4.508850	-1.198635	11.660136
44207	-4.622708	-1.675840	11.663007
44208	-4.751590	-2.219858	11.678385
44209	-4.906819	-2.866781	11.710786
44210	-5.083218	-3.598150	11.740708
44211	-5.279803	-4.437218	11.753573
44212	-5.489986	-5.379696	11.731739
44213	-5.717668	-6.443273	11.682890
44214	-5.963070	-7.620755	11.611971
44215	-6.217867	-8.928948	11.533970
44216	-6.494792	-10.363501	11.458589
44217	-6.796298	-11.961615	11.375003
44218	-7.121883	-13.742285	11.239552
44219	-7.519551	-15.704113	11.085337
44220	-7.941254	-17.831286	10.918132
44221	-8.397124	-20.181725	10.798750
44222	-8.818041	-22.764459	10.626861
44223	-9.138633	-25.601222	10.394050
44224	-9.387050	-28.687681	10.117866
44225	-9.641066	-31.944325	9.812886
44226	-9.985067	-35.363173	9.393902
44227	-10.450780	-38.987321	8.820563
44228	-11.299331	-42.803344	8.232958
44229	-12.568375	-46.714667	7.603064
44230	-14.049326	-50.567165	6.805333
44231	-15.303139	-54.502425	5.866249
44232	-15.709228	-58.493106	4.593210
44233	-14.966955	-62.422905	2.643931
44234	-12.808303	-66.070069	-0.539478
44235	-8.633628	-69.471816	-5.624467
44236	-3.105178	-72.387678	-11.942430
44237	2.779490	-73.306989	-18.256105
44238	6.538245	-72.605378	-22.144456
44239	8.040968	-70.947918	-23.546474
44240	8.402962	-68.985381	-23.698319
44241	8.330520	-67.012642	-23.384968
44242	7.910501	-65.133077	-22.744796
44243	7.013193	-63.200908	-21.624522
44244	5.675081	-61.130860	-20.010038
44245	3.989144	-58.798627	-18.000170
44246	2.239065	-56.203812	-15.906458
44247	0.579417	-53.320812	-13.930316
44248	-0.868182	-50.237548	-12.226549
44249	-2.106561	-46.971426	-10.806788
44250	-3.155153	-43.615560	-9.664429
44251	-4.076079	-40.197193	-8.748069
44252	-4.859353	-36.789637	-8.052448
44253	-5.521978	-33.346373	-7.572486
44254	-6.082411	-29.927016	-7.309593
44255	-6.564312	-26.487778	-7.263914
44256	-6.976293	-23.077223	-7.400667
44257	-7.346225	-19.665323	-7.622323
44258	-7.706358	-16.287697	-7.809915
44259	-8.103912	-12.891624	-7.836004
44260	-8.594681	-9.546924	-7.578297
44261	-9.177597	-6.165736	-6.973962
44262	-9.821158	-2.859256	-6.027423
44263	-10.486047	0.347673	-4.761166
44264	-11.083645	3.368816	-3.229915
44265	-11.505501	6.230454	-1.500924
44266	-11.672929	8.861442	0.336360
44267	-11.616058	11.219078	2.163182
44268	-11.420083	13.231555	3.810219
44269	-11.232769	14.890373	5.110098
44270	-11.182031	16.159501	5.932875
44271	-11.319242	17.026991	6.254645
44272	-11.588314	17.481147	6.138704
44273	-11.802170	17.474472	5.756072
44274	-11.618860	16.892252	5.354216
44275	-10.747727	15.806851	5.362940
44276	-9.040755	14.317937	6.186216
44277	-8.031149	12.878721	7.206981
44278	-7.668544	11.311172	8.197233
44279	-7.276882	9.398254	8.461836
44280	-6.882075	7.721597	8.420948
44281	-6.546817	6.487294	8.378553
44282	-6.313745	5.541970	8.468470
44283	-6.087650	4.654820	8.541620
44284	-5.852647	3.925466	8.504279
44285	-5.680511	3.321561	8.490701
44286	-5.589328	2.855423	8.513336
44287	-5.512378	2.485612	8.526529
44288	-5.447730	2.204513	8.530743
44289	-5.383812	1.984779	8.535747
44290	-5.308629	1.837116	8.540201
44291	-5.193494	1.732485	8.549271
44292	-5.049012	1.690317	8.577428
44293	-4.898167	1.681256	8.625388
44294	-4.744353	1.714709	8.696125
44295	-4.592845	1.765227	8.780547
44296	-4.438069	1.857319	8.878788
44297	-4.279505	1.962753	8.985942
44298	-4.132623	2.101947	9.094618
44299	-4.018383	2.225601	9.209445
44300	-3.939260	2.330255	9.318802
44301	-3.876832	2.396756	9.419565
44302	-3.851850	2.437047	9.506170
44303	-3.870975	2.433246	9.581894
44304	-3.935232	2.411496	9.638257
44305	-4.040840	2.345507	9.675241
44306	-4.179754	2.258070	9.680571
44307	-4.323891	2.148120	9.674981
44308	-4.452608	2.055222	9.679838
44309	-4.569324	1.934157	9.681776
44310	-4.671070	1.818264	9.678303
44311	-4.755006	1.667766	9.660313
44312	-4.814999	1.526700	9.646271
44313	-4.855922	1.376106	9.641252
44314	-4.885656	1.246033	9.640464
44315	-4.910239	1.108573	9.646385
44316	-4.922470	0.990805	9.655003
44317	-4.906844	0.872727	9.667345
44318	-4.865276	0.772957	9.682262
44319	-4.812442	0.654175	9.698567
44320	-4.750279	0.535982	9.720315
44321	-4.687664	0.399409	9.743207
44322	-4.639869	0.267399	9.772456
44323	-4.608430	0.113008	9.805115
44324	-4.601095	-0.056577	9.833328
44325	-4.617667	-0.265783	9.860334
44326	-4.633086	-0.504712	9.884664
44327	-4.645347	-0.787764	9.909347
44328	-4.660993	-1.115091	9.939230
44329	-4.695211	-1.515703	9.973190
44330	-4.765117	-1.990750	10.014094
44331	-4.857567	-2.557252	10.046889
44332	-4.958187	-3.204958	10.070601
44333	-5.065237	-3.971099	10.073414
44334	-5.180433	-4.837923	10.050059
44335	-5.317193	-5.833714	10.000124
44336	-5.488290	-6.928639	9.934848
44337	-5.679334	-8.148473	9.868686
44338	-5.897674	-9.501720	9.816939
44339	-6.131849	-11.006031	9.742621
44340	-6.388353	-12.647896	9.692723
44341	-6.659702	-14.467794	9.650081
44342	-6.940161	-16.465836	9.555915
44343	-7.222979	-18.671803	9.383412
44344	-7.516403	-21.104756	9.153035
44345	-7.781599	-23.762153	8.905562
44346	-7.888551	-26.617091	8.563416
44347	-7.851879	-29.701364	8.168748
44348	-7.665677	-32.944863	7.644127
44349	-7.435466	-36.324056	7.051101
44350	-7.223575	-39.886474	6.365936
44351	-7.063787	-43.623148	5.525420
44352	-7.015402	-47.485369	4.490184
44353	-6.776039	-51.355717	3.234651
44354	-6.026450	-55.306255	1.759869
44355	-4.566797	-59.230737	-0.023477
44356	-2.333017	-62.943788	-2.491355
44357	1.195502	-66.223221	-6.435003
44358	6.643333	-69.124006	-12.510359
44359	12.394069	-70.684327	-19.131844
44360	17.134237	-70.598623	-24.766254
44361	19.949661	-69.470446	-28.232912
44362	21.339268	-67.907690	-29.918401
44363	21.887651	-66.239245	-30.527150
44364	21.991028	-64.696423	-30.611598
44365	21.558747	-63.288051	-30.159615
44366	20.517453	-61.954896	-29.087341
44367	18.762518	-60.548649	-27.266475
44368	16.447951	-59.017657	-24.819013
44369	13.759439	-57.245440	-21.957799
44370	11.003380	-55.213404	-19.058199
44371	8.275502	-52.850247	-16.343486
44372	5.687565	-50.212417	-13.978187
44373	3.259320	-47.308732	-11.978356
44374	1.094322	-44.217842	-10.358689
44375	-0.782216	-40.958452	-9.047298
44376	-2.331881	-37.659231	-8.019527
44377	-3.623281	-34.315007	-7.243574
44378	-4.734575	-31.001902	-6.714644
44379	-5.742523	-27.675112	-6.417807
44380	-6.635221	-24.371236	-6.297919
44381	-7.412248	-21.057836	-6.260644
44382	-8.075044	-17.775993	-6.208935
44383	-8.686132	-14.491088	-6.031380
44384	-9.313315	-11.255404	-5.639932
44385	-10.013075	-7.985046	-4.959340
44386	-10.777188	-4.685724	-4.000743
44387	-11.557068	-1.326710	-2.804773
44388	-12.201389	1.987212	-1.392246
44389	-12.581095	5.213300	0.225416
44390	-12.626023	8.212801	1.999174
44391	-12.380587	10.931740	3.840101
44392	-11.917924	13.277477	5.618977
44393	-11.365185	15.222505	7.185525
44394	-10.864938	16.710060	8.399344
44395	-10.598935	17.736670	9.164326
44396	-10.686910	18.306339	9.465300
44397	-10.943585	18.366108	9.497225
44398	-10.892337	17.790816	9.529317
44399	-9.773002	16.602363	10.265096
44400	-7.812252	14.740369	11.454969
44401	-6.894257	13.186881	12.528148
44402	-6.513417	11.515308	13.059694
44403	-6.069793	9.491559	12.680449
44404	-5.694038	7.604163	12.335588
44405	-5.321393	5.974735	12.485793
44406	-5.049558	4.744680	12.710990
44407	-4.875488	3.838903	12.785390
44408	-4.850129	3.150864	12.834972
44409	-4.929741	2.632915	12.958339
44410	-5.035389	2.258998	13.096846
44411	-5.160845	1.963712	13.222973
44412	-5.312715	1.762748	13.342452
44413	-5.482836	1.617093	13.451901
44414	-5.666371	1.523187	13.552437
44415	-5.846891	1.449989	13.638746
44416	-6.009454	1.430273	13.706235
44417	-6.143770	1.411997	13.759150
44418	-6.232199	1.436693	13.812478
44419	-6.265159	1.467212	13.852481
44420	-6.249360	1.532995	13.890241
44421	-6.196837	1.601506	13.925043
44422	-6.128568	1.688413	13.958804
44423	-6.045006	1.769729	13.998566
44424	-5.929522	1.883352	14.041683
44425	-5.802940	1.990869	14.092418
44426	-5.684569	2.086034	14.130745
44427	-5.582708	2.150016	14.163784
44428	-5.497018	2.200572	14.189659
44429	-5.426947	2.230615	14.220713
44430	-5.373281	2.238092	14.244701
44431	-5.329108	2.223832	14.260439
44432	-5.287898	2.198775	14.274740
44433	-5.249990	2.153108	14.287199
44434	-5.207603	2.105651	14.294425
44435	-5.153091	2.050197	14.309487
44436	-5.101910	1.999270	14.327821
44437	-5.057489	1.929451	14.340427
44438	-5.013583	1.859747	14.351686
44439	-4.966826	1.776926	14.369176
44440	-4.910851	1.693963	14.383243
44441	-4.862923	1.588571	14.397387
44442	-4.826108	1.483256	14.412859
44443	-4.807041	1.353055	14.423937
44444	-4.796096	1.224326	14.432631
44445	-4.792226	1.071591	14.439515
44446	-4.803692	0.916113	14.451752
44447	-4.821169	0.736296	14.456991
44448	-4.850871	0.543023	14.455917
44449	-4.890276	0.325052	14.455981
44450	-4.936496	0.093266	14.462092
44451	-4.990389	-0.172910	14.475105
44452	-5.050335	-0.492226	14.500610
44453	-5.120852	-0.893850	14.542198
44454	-5.213813	-1.392205	14.582276
44455	-5.354009	-1.990894	14.614280
44456	-5.536658	-2.675235	14.619906
44457	-5.760879	-3.458609	14.597629
44458	-6.010807	-4.346768	14.532047
44459	-6.283325	-5.364567	14.431010
44460	-6.593249	-6.513041	14.297400
44461	-6.929559	-7.818038	14.137607
44462	-7.279232	-9.289902	13.929446
44463	-7.659899	-10.889474	13.747555
44464	-8.064087	-12.604293	13.608025
44465	-8.530560	-14.511408	13.458181
44466	-9.050868	-16.654758	13.257060
44467	-9.586611	-19.103980	12.973517
44468	-10.061529	-21.843120	12.665891
44469	-10.422721	-24.865487	12.342290
44470	-10.666643	-28.199218	12.017543
44471	-10.813984	-31.744257	11.648576
44472	-11.041370	-35.430035	11.305178
44473	-11.575434	-39.247859	10.925382
44474	-12.577991	-43.198756	10.475192
44475	-13.916817	-47.120322	9.886039
44476	-15.150695	-51.073627	9.154299
44477	-15.559918	-55.053372	8.086180
44478	-14.956430	-59.092507	6.427349
44479	-13.225064	-63.019969	3.679400
44480	-9.673939	-66.712324	-0.917381
44481	-4.418959	-70.230658	-7.177692
44482	2.351931	-72.123131	-14.604484
44483	8.469507	-72.127110	-20.983961
44484	12.000602	-70.792729	-24.461718
44485	13.463174	-68.788525	-25.757595
44486	13.892590	-66.650522	-26.008827
44487	13.778716	-64.640885	-25.701737
44488	13.300486	-62.847326	-24.999610
44489	12.352555	-61.153928	-23.760324
44490	10.948306	-59.446345	-21.927156
44491	9.119915	-57.564354	-19.528638
44492	7.065350	-55.477743	-16.851786
44493	4.896506	-53.125631	-14.155351
44494	2.767913	-50.548660	-11.704809
44495	0.759848	-47.687804	-9.591712
44496	-1.036086	-44.627404	-7.851113
44497	-2.635699	-41.406120	-6.423795
44498	-4.000974	-38.150967	-5.292445
44499	-5.085492	-34.861200	-4.423932
44500	-5.832663	-31.632607	-3.813691
44501	-6.301221	-28.424977	-3.470270
44502	-6.574079	-25.255399	-3.417757
44503	-6.754001	-22.024046	-3.634370
44504	-6.916474	-18.755981	-4.036021
44505	-7.115193	-15.405826	-4.522304
44506	-7.377564	-12.059698	-4.971643
44507	-7.744335	-8.708471	-5.233823
44508	-8.210783	-5.393740	-5.152720
44509	-8.777315	-2.087901	-4.659065
44510	-9.437570	1.122926	-3.787461
44511	-10.171185	4.238604	-2.613251
44512	-10.829660	7.194396	-1.194059
44513	-11.235518	9.977761	0.406631
44514	-11.314332	12.479291	2.087206
44515	-11.194731	14.666785	3.679721
44516	-11.112322	16.468726	4.959041
44517	-11.097018	17.767563	5.844125
44518	-10.935595	18.363360	6.378654
44519	-9.871705	17.763314	7.199604
44520	-8.724996	15.719493	7.928299
44521	-7.748728	13.447786	8.806235
44522	-7.081601	12.073772	9.294262
44523	-6.718408	10.611351	9.053864
44524	-6.408968	8.889066	8.748231
44525	-6.168859	7.247163	8.944914
44526	-5.831013	5.822871	9.096358
44527	-5.576068	4.624964	9.130284
44528	-5.370738	3.680637	9.108776
44529	-5.255754	2.987919	9.166356
44530	-5.238808	2.502924	9.262086
44531	-5.342352	2.099171	9.353142
44532	-5.503279	1.808191	9.448897
44533	-5.682393	1.584756	9.550110
44534	-5.874312	1.432386	9.644734
44535	-6.093493	1.304671	9.731415
44536	-6.332945	1.226637	9.809460
44537	-6.555238	1.153040	9.864664
44538	-6.747009	1.117955	9.909795
44539	-6.902938	1.085504	9.944404
44540	-7.011992	1.082256	9.967222
44541	-7.060344	1.072467	9.982657
44542	-7.059481	1.080145	9.996280
44543	-7.027710	1.067030	10.012713
44544	-6.971199	1.073026	10.033357
44545	-6.903774	1.070307	10.052771
44546	-6.835767	1.090408	10.078016
44547	-6.780612	1.111203	10.109502
44548	-6.739536	1.157662	10.153374
44549	-6.711056	1.196315	10.196285
44550	-6.702378	1.246602	10.241326
44551	-6.716209	1.259109	10.284921
44552	-6.712705	1.280196	10.342205
44553	-6.688074	1.274487	10.391003
44554	-6.665386	1.257663	10.430510
44555	-6.633932	1.223303	10.466406
44556	-6.586536	1.205451	10.508912
44557	-6.519643	1.177134	10.550145
44558	-6.439607	1.159029	10.585511
44559	-6.353199	1.130777	10.624673
44560	-6.268499	1.097613	10.659540
44561	-6.186283	1.051204	10.693998
44562	-6.098001	1.016556	10.731795
44563	-6.024963	0.954210	10.765394
44564	-5.969522	0.893874	10.793891
44565	-5.937696	0.810462	10.826420
44566	-5.920005	0.727836	10.857697
44567	-5.908505	0.610725	10.883351
44568	-5.898187	0.475009	10.903657
44569	-5.891741	0.288768	10.915071
44570	-5.896376	0.072809	10.935445
44571	-5.901775	-0.207922	10.961080
44572	-5.912755	-0.554240	11.001746
44573	-5.958966	-1.006579	11.014432
44574	-6.079048	-1.550570	11.012581
44575	-6.260793	-2.196237	10.972339
44576	-6.489865	-2.932982	10.912700
44577	-6.748684	-3.798324	10.828101
44578	-7.055289	-4.792981	10.711370
44579	-7.428849	-5.943879	10.557712
44580	-7.827608	-7.241823	10.356237
44581	-8.248415	-8.682945	10.150900
44582	-8.699536	-10.283138	9.943269
44583	-9.231223	-12.052908	9.751588
44584	-9.857878	-13.994282	9.586371
44585	-10.533555	-16.176137	9.429190
44586	-11.229630	-18.603858	9.280351
44587	-11.837061	-21.274276	9.096111
44588	-12.326667	-24.219046	8.917654
44589	-12.774185	-27.458350	8.907069
44590	-13.161824	-30.964489	8.906437
44591	-13.506948	-34.672839	8.868981
44592	-13.920985	-38.521269	8.824412
44593	-14.665879	-42.539913	8.770483
44594	-15.644990	-46.635718	8.685047
44595	-16.403436	-50.701206	8.435769
44596	-16.565701	-54.822502	7.992683
44597	-16.105263	-58.895561	7.190049
44598	-15.052561	-62.831187	5.657774
44599	-12.800693	-66.481242	2.579480
44600	-9.044128	-70.090250	-2.201908
44601	-3.990481	-72.469090	-8.248481
44602	1.596976	-72.987298	-14.579013
44603	5.451767	-72.072234	-18.887624
44604	7.474640	-70.416998	-21.031939
44605	8.496527	-68.487414	-21.980503
44606	8.999775	-66.576562	-22.346464
44607	8.942045	-64.690509	-22.198474
44608	8.224972	-62.707070	-21.441939
44609	6.760706	-60.449366	-19.937959
44610	4.806801	-57.923066	-17.874404
44611	2.688794	-55.172350	-15.575698
44612	0.654924	-52.312420	-13.317563
44613	-1.215321	-49.336473	-11.236322
44614	-2.877883	-46.300781	-9.392507
44615	-4.353766	-43.169733	-7.792651
44616	-5.629505	-40.043063	-6.458766
44617	-6.733773	-36.897546	-5.355355
44618	-7.651146	-33.790518	-4.470880
44619	-8.372912	-30.662910	-3.790402
44620	-8.869648	-27.520532	-3.334902
44621	-9.187859	-24.273830	-3.105455
44622	-9.379976	-20.969249	-3.070387
44623	-9.506549	-17.543763	-3.151350
44624	-9.612292	-14.113090	-3.228334
44625	-9.741555	-10.646541	-3.205188
44626	-9.914665	-7.215815	-3.015869
44627	-10.151586	-3.814462	-2.607416
44628	-10.433889	-0.521482	-1.950628
44629	-10.731824	2.659144	-1.028768
44630	-10.962079	5.652083	0.118993
44631	-11.076052	8.432744	1.433288
44632	-11.081552	10.897686	2.836747
44633	-11.082832	13.012319	4.194120
44634	-11.187721	14.700808	5.389183
44635	-11.158663	15.766926	6.475782
44636	-10.909561	16.108016	7.393578
44637	-9.935100	15.386738	8.598985
44638	-8.722695	13.417092	9.906865
44639	-7.721227	10.954421	11.337234
44640	-6.937268	9.385284	11.923341
44641	-6.248620	8.219715	11.546807
44642	-5.569024	6.701592	10.655327
44643	-4.963916	5.121122	10.580292
44644	-4.510842	4.136144	10.542961
44645	-4.063004	3.520860	10.492908
44646	-3.763745	3.004738	10.500805
44647	-3.569229	2.637701	10.542032
44648	-3.405849	2.359220	10.581438
44649	-3.307153	2.074166	10.615082
44650	-3.252746	1.896332	10.670830
44651	-3.236782	1.737699	10.738757
44652	-3.271406	1.617538	10.813956
44653	-3.357733	1.480860	10.901628
44654	-3.458024	1.380622	10.999522
44655	-3.547536	1.291665	11.090397
44656	-3.615103	1.238549	11.170968
44657	-3.660456	1.188196	11.247515
44658	-3.694410	1.167931	11.307768
44659	-3.712047	1.153871	11.364646
44660	-3.714407	1.166050	11.409774
44661	-3.711960	1.159054	11.443002
44662	-3.703842	1.180800	11.470109
44663	-3.691050	1.198120	11.493661
44664	-3.675878	1.232439	11.520730
44665	-3.661009	1.243416	11.542185
44666	-3.647921	1.257407	11.556902
44667	-3.643040	1.249153	11.573630
44668	-3.643003	1.240438	11.585947
44669	-3.639733	1.202340	11.587126
44670	-3.617929	1.168718	11.591076
44671	-3.582845	1.111797	11.596857
44672	-3.538862	1.047712	11.597999
44673	-3.486923	0.959506	11.599383
44674	-3.427870	0.874107	11.604510
44675	-3.371921	0.765715	11.614991
44676	-3.317936	0.655840	11.625147
44677	-3.272021	0.524487	11.630958
44678	-3.226890	0.392211	11.636385
44679	-3.174296	0.247222	11.644887
44680	-3.110709	0.104049	11.655937
44681	-3.042442	-0.060701	11.666814
44682	-2.978412	-0.241182	11.679439
44683	-2.928996	-0.457269	11.699707
44684	-2.879012	-0.693343	11.721040
44685	-2.814842	-0.974880	11.743164
44686	-2.718816	-1.294497	11.773327
44687	-2.595877	-1.682133	11.807603
44688	-2.467684	-2.138614	11.851048
44689	-2.339539	-2.698921	11.907230
44690	-2.221194	-3.356109	11.965681
44691	-2.122187	-4.135390	12.022082
44692	-2.033073	-5.032959	12.062281
44693	-1.956532	-6.064329	12.082065
44694	-1.882650	-7.206493	12.067037
44695	-1.828320	-8.480884	12.035242
44696	-1.784200	-9.901309	11.976219
44697	-1.778148	-11.520555	11.876658
44698	-1.835214	-13.270398	11.749876
44699	-1.901007	-15.214221	11.586771
44700	-1.913629	-17.383196	11.365919
44701	-1.837001	-19.768421	11.004998
44702	-1.667025	-22.377077	10.466366
44703	-1.375180	-25.181709	9.726564
44704	-0.934055	-28.178295	8.783622
44705	-0.326493	-31.345537	7.607742
44706	0.392578	-34.587627	6.124522
44707	1.169299	-37.920055	4.355993
44708	1.845071	-41.347540	2.327237
44709	2.309023	-44.784967	0.072189
44710	2.758152	-48.147527	-2.464278
44711	3.335832	-51.494134	-5.319213
44712	4.498047	-54.751661	-8.707083
44713	6.824980	-57.776239	-13.148248
44714	10.749000	-60.309610	-19.008744
44715	16.220625	-62.144739	-25.965906
44716	21.521704	-62.620907	-32.190169
44717	25.365690	-61.930109	-36.678317
44718	27.313017	-60.589410	-39.225862
44719	27.791632	-59.046834	-40.390044
44720	27.378057	-57.689406	-40.720881
44721	26.341691	-56.669630	-40.379918
44722	24.829867	-55.999435	-39.348821
44723	22.775753	-55.542994	-37.436074
44724	20.196148	-55.121613	-34.668550
44725	17.082554	-54.506645	-31.162921
44726	13.647526	-53.548901	-27.252296
44727	10.108939	-52.121220	-23.257415
44728	6.736779	-50.231324	-19.506228
44729	3.655212	-47.902681	-16.173456
44730	0.964381	-45.279736	-13.370144
44731	-1.353933	-42.427550	-11.080094
44732	-3.293692	-39.470401	-9.290972
44733	-4.879432	-36.446017	-7.945952
44734	-6.106024	-33.442287	-7.022555
44735	-7.005358	-30.401373	-6.446009
44736	-7.577065	-27.363410	-6.138666
44737	-7.881486	-24.275221	-6.014375
44738	-7.999715	-21.183156	-6.030956
44739	-8.053606	-18.022961	-6.169292
44740	-8.122362	-14.848503	-6.391235
44741	-8.290374	-11.621036	-6.628728
44742	-8.582384	-8.412394	-6.777918
44743	-8.978720	-5.200790	-6.715267
44744	-9.390123	-2.060753	-6.335345
44745	-9.741662	1.007812	-5.578324
44746	-9.993422	3.921311	-4.449867
44747	-10.150574	6.652878	-2.995940
44748	-10.187095	9.090556	-1.299520
44749	-10.149024	11.168238	0.491794
44750	-10.116411	12.810384	2.189529
44751	-10.251851	14.009299	3.582766
44752	-10.608147	14.754411	4.554348
44753	-10.976744	14.912012	5.121979
44754	-11.084671	14.498475	5.459577
44755	-10.208269	13.427015	6.246765
44756	-8.517577	11.485327	7.523935
44757	-7.704800	9.502997	8.676389
44758	-7.394029	7.932243	9.169377
44759	-6.944622	6.237459	8.682173
44760	-6.411226	4.661072	8.337426
44761	-6.116217	3.525173	8.562266
44762	-5.829789	2.637020	8.664738
44763	-5.724601	1.832365	8.680350
44764	-5.748231	1.273909	8.801639
44765	-5.723386	0.863176	8.918327
44766	-5.677945	0.533275	9.009898
44767	-5.657769	0.273283	9.091582
44768	-5.661021	0.093842	9.163466
44769	-5.682985	-0.052526	9.220024
44770	-5.726766	-0.131184	9.278999
44771	-5.748505	-0.157148	9.337445
44772	-5.715036	-0.101405	9.391991
44773	-5.614777	-0.001385	9.450646
44774	-5.466432	0.152227	9.502726
44775	-5.292784	0.322606	9.553180
44776	-5.099530	0.533363	9.613609
44777	-4.881575	0.743489	9.670398
44778	-4.670720	0.920991	9.704564
44779	-4.467200	1.041770	9.726567
44780	-4.276105	1.131360	9.734073
44781	-4.106014	1.183164	9.738001
44782	-3.966681	1.208203	9.734995
44783	-3.855602	1.188671	9.730920
44784	-3.773206	1.146317	9.725185
44785	-3.712699	1.072398	9.712520
44786	-3.685191	0.984799	9.696100
44787	-3.673609	0.867161	9.683791
44788	-3.677610	0.742302	9.668877
44789	-3.690590	0.584756	9.653879
44790	-3.704304	0.426983	9.636750
44791	-3.712419	0.246053	9.622969
44792	-3.718916	0.062514	9.614724
44793	-3.721911	-0.137198	9.608138
44794	-3.725533	-0.339781	9.604831
44795	-3.716605	-0.570029	9.602081
44796	-3.689682	-0.804293	9.600514
44797	-3.642763	-1.054898	9.602593
44798	-3.587577	-1.312002	9.614048
44799	-3.529322	-1.606313	9.627333
44800	-3.474063	-1.920243	9.641923
44801	-3.419132	-2.264011	9.661952
44802	-3.371384	-2.629213	9.687797
44803	-3.320279	-3.035755	9.714114
44804	-3.275863	-3.476574	9.739220
44805	-3.240016	-3.983411	9.779565
44806	-3.229953	-4.548892	9.836236
44807	-3.238061	-5.214620	9.910151
44808	-3.258837	-5.978183	9.988608
44809	-3.278091	-6.865706	10.053179
44810	-3.297104	-7.865553	10.089323
44811	-3.312712	-8.992886	10.091338
44812	-3.318277	-10.251920	10.064212
44813	-3.319210	-11.678894	9.991124
44814	-3.322841	-13.260000	9.870033
44815	-3.326581	-15.022341	9.699094
44816	-3.329251	-16.979333	9.445309
44817	-3.351987	-19.087516	9.149520
44818	-3.399831	-21.311148	8.812623
44819	-3.444401	-23.695449	8.445347
44820	-3.442693	-26.283393	8.041960
44821	-3.352814	-29.078730	7.507677
44822	-3.158060	-32.061856	6.782845
44823	-2.929959	-35.199423	5.938514
44824	-2.702524	-38.494533	4.865432
44825	-2.502517	-41.991244	3.526328
44826	-2.566292	-45.606375	2.014051
44827	-2.773493	-49.268788	0.300854
44828	-2.934564	-52.860504	-1.647102
44829	-2.715745	-56.484456	-3.937136
44830	-1.631942	-60.186901	-6.758903
44831	0.880468	-63.789299	-10.699202
44832	5.534212	-67.041541	-16.558811
44833	12.737502	-69.868916	-24.671352
44834	20.753006	-71.317930	-33.090901
44835	26.450566	-71.227347	-38.862094
44836	28.433090	-70.099771	-40.742354
44837	27.752772	-68.423087	-39.959754
44838	25.922974	-66.611695	-38.079510
44839	23.724180	-64.890401	-35.892507
44840	21.394884	-63.320224	-33.594193
44841	18.861620	-61.784746	-31.061320
44842	16.139487	-60.186969	-28.271817
44843	13.247694	-58.381957	-25.243413
44844	10.391994	-56.289053	-22.181909
44845	7.687557	-53.842910	-19.232062
44846	5.278067	-51.104007	-16.600947
44847	3.137271	-48.097077	-14.340045
44848	1.259332	-44.921487	-12.434909
44849	-0.389255	-41.604454	-10.841423
44850	-1.822386	-38.265336	-9.518940
44851	-3.033469	-34.900497	-8.448341
44852	-3.999824	-31.570994	-7.642906
44853	-4.760993	-28.263968	-7.071405
44854	-5.326391	-25.020212	-6.742881
44855	-5.720710	-21.799610	-6.614315
44856	-5.974911	-18.635030	-6.602647
44857	-6.195282	-15.458356	-6.595318
44858	-6.469763	-12.307288	-6.490706
44859	-6.887684	-9.145729	-6.188987
44860	-7.466455	-6.019791	-5.617899
44861	-8.156588	-2.925096	-4.759848
44862	-8.841016	0.042969	-3.628059
44863	-9.401151	2.883647	-2.239155
44864	-9.736499	5.533984	-0.648762
44865	-9.846577	8.000689	1.029351
44866	-9.792529	10.245724	2.647864
44867	-9.688647	12.276083	4.039085
44868	-9.651834	14.040291	5.081203
44869	-9.549288	15.228228	5.785989
44870	-9.312217	15.748218	6.205880
44871	-8.628676	14.889933	6.785477
44872	-7.970137	12.586393	7.517673
44873	-7.130159	10.135588	8.643221
44874	-6.409622	8.960348	9.051941
44875	-5.827850	8.200976	8.841968
44876	-5.306639	6.952901	8.152494
44877	-4.891249	5.484451	8.093090
44878	-4.586411	4.427350	8.105346
44879	-4.156791	3.785633	8.053295
44880	-3.769642	3.288719	8.051216
44881	-3.508203	2.927223	8.097974
44882	-3.374716	2.689230	8.195885
44883	-3.373902	2.407448	8.298455
44884	-3.427689	2.188700	8.421870
44885	-3.486480	2.006371	8.551438
44886	-3.550646	1.885778	8.688284
44887	-3.648212	1.783811	8.822855
44888	-3.741747	1.759180	8.960427
44889	-3.815436	1.782101	9.095902
44890	-3.880173	1.874298	9.242206
44891	-3.926630	1.974323	9.376538
44892	-3.972289	2.099364	9.497098
44893	-4.010249	2.205846	9.603889
44894	-4.035538	2.322155	9.689323
44895	-4.061758	2.410445	9.757845
44896	-4.094538	2.506311	9.812019
44897	-4.124611	2.567061	9.850595
44898	-4.145135	2.640562	9.877284
44899	-4.172178	2.673486	9.900472
44900	-4.207532	2.711541	9.924577
44901	-4.252637	2.709861	9.948910
44902	-4.316442	2.698526	9.966695
44903	-4.400267	2.644245	9.982853
44904	-4.482787	2.594642	10.004940
44905	-4.552589	2.525253	10.036681
44906	-4.618699	2.456065	10.072596
44907	-4.660352	2.359383	10.108247
44908	-4.678393	2.269285	10.146183
44909	-4.680700	2.159104	10.195408
44910	-4.676220	2.055771	10.252682
44911	-4.672974	1.927026	10.313998
44912	-4.669703	1.792798	10.367433
44913	-4.663213	1.625970	10.418919
44914	-4.645584	1.463965	10.466785
44915	-4.630511	1.271467	10.515491
44916	-4.634468	1.075442	10.553790
44917	-4.671677	0.834403	10.592089
44918	-4.733718	0.599093	10.620739
44919	-4.806675	0.316692	10.638795
44920	-4.882083	0.027405	10.648386
44921	-4.972848	-0.312305	10.648886
44922	-5.067244	-0.666919	10.640841
44923	-5.182018	-1.079786	10.624979
44924	-5.319819	-1.507647	10.606074
44925	-5.478764	-1.992668	10.581454
44926	-5.649046	-2.521500	10.559966
44927	-5.833679	-3.134100	10.525285
44928	-6.011053	-3.807230	10.486348
44929	-6.177545	-4.578938	10.444166
44930	-6.340781	-5.426747	10.406909
44931	-6.516292	-6.394058	10.342859
44932	-6.700946	-7.463269	10.250388
44933	-6.880570	-8.650804	10.146502
44934	-7.056730	-9.937327	10.033368
44935	-7.224798	-11.369088	9.922646
44936	-7.403003	-12.948268	9.794801
44937	-7.590826	-14.711885	9.621677
44938	-7.812556	-16.696496	9.399276
44939	-8.116859	-18.863608	9.183803
44940	-8.489023	-21.191515	9.026317
44941	-8.867841	-23.743334	8.921805
44942	-9.163261	-26.522374	8.821286
44943	-9.309518	-29.590792	8.596150
44944	-9.293032	-32.842431	8.295161
44945	-9.226403	-36.270679	7.902844
44946	-9.149136	-39.881980	7.286524
44947	-9.350070	-43.633338	6.571111
44948	-10.034617	-47.468766	5.802993
44949	-10.901853	-51.257229	4.881028
44950	-11.220016	-55.115977	3.743713
44951	-10.431977	-58.971779	2.096123
44952	-8.516436	-62.775282	-0.467537
44953	-5.027572	-66.429075	-4.586685
44954	0.584519	-70.048595	-10.820547
44955	8.236231	-72.793364	-18.910710
44956	16.192288	-73.845211	-26.908236
44957	21.268524	-73.426607	-31.738927
44958	22.784671	-72.069039	-32.974279
44959	21.976592	-70.202913	-31.994116
44960	20.183722	-68.175796	-30.167633
44961	17.950401	-66.127487	-28.016909
44962	15.601775	-64.135570	-25.753003
44963	13.175378	-62.105725	-23.311404
44964	10.793216	-59.985582	-20.738676
44965	8.452841	-57.644597	-18.029372
44966	6.304471	-55.086109	-15.417731
44967	4.338089	-52.293339	-13.045333
44968	2.603275	-49.358340	-11.067255
44969	1.036625	-46.275335	-9.460035
44970	-0.346934	-43.086749	-8.196272
44971	-1.606042	-39.775059	-7.205384
44972	-2.748249	-36.475064	-6.443673
44973	-3.761120	-33.141197	-5.870481
44974	-4.612583	-29.863119	-5.467103
44975	-5.305691	-26.568133	-5.225947
44976	-5.838758	-23.321271	-5.138214
44977	-6.261526	-20.064212	-5.157350
44978	-6.611798	-16.836068	-5.239279
44979	-6.982417	-13.578773	-5.298342
44980	-7.458882	-10.360508	-5.244826
44981	-8.085641	-7.114017	-4.970819
44982	-8.806016	-3.906578	-4.396485
44983	-9.571829	-0.701069	-3.502712
44984	-10.294723	2.396998	-2.300250
44985	-10.897998	5.409752	-0.837245
44986	-11.283584	8.229052	0.832290
44987	-11.430415	10.821044	2.615352
44988	-11.358991	13.080828	4.396027
44989	-11.161189	14.992575	6.015386
44990	-10.948471	16.492945	7.315010
44991	-10.870973	17.573662	8.182235
44992	-11.005337	18.216037	8.615097
44993	-11.153386	18.328423	8.812232
44994	-10.900298	17.797123	9.037063
44995	-9.819658	16.641926	9.726410
44996	-7.697174	14.825182	11.106292
44997	-6.593389	13.217103	12.185755
44998	-6.082083	11.486731	12.759133
44999	-5.453610	9.330588	12.416584
45000	-4.699965	7.370109	11.987067
45001	-3.961372	5.938169	11.987044
45002	-3.441028	5.154862	11.985110
45003	-3.068796	4.560124	12.003696
45004	-2.881057	4.026182	12.006722
45005	-2.812546	3.627843	12.070660
45006	-2.791376	3.327872	12.147099
45007	-2.801122	3.040450	12.232505
45008	-2.850395	2.824888	12.333676
45009	-2.924928	2.616908	12.439632
45010	-3.034789	2.449307	12.551107
45011	-3.174729	2.266077	12.666997
45012	-3.325388	2.121394	12.785423
45013	-3.473836	1.984962	12.899675
45014	-3.609462	1.908654	13.006927
45015	-3.735730	1.844203	13.106350
45016	-3.833759	1.847270	13.199592
45017	-3.905823	1.868312	13.286071
45018	-3.964672	1.924799	13.360631
45019	-4.019964	1.965458	13.429979
45020	-4.052092	2.021747	13.484469
45021	-4.067873	2.051738	13.531561
45022	-4.084233	2.084887	13.568802
45023	-4.118616	2.086986	13.599359
45024	-4.160444	2.099982	13.632804
45025	-4.204982	2.088872	13.663202
45026	-4.255572	2.079560	13.690321
45027	-4.305690	2.045863	13.715321
45028	-4.342422	2.017493	13.745086
45029	-4.371132	1.954345	13.774142
45030	-4.391923	1.888050	13.800270
45031	-4.394539	1.798322	13.827693
45032	-4.397573	1.713388	13.863631
45033	-4.406520	1.599897	13.899977
45034	-4.421153	1.494322	13.938924
45035	-4.438033	1.362930	13.983860
45036	-4.444147	1.234898	14.024683
45037	-4.443781	1.082013	14.066332
45038	-4.443740	0.925735	14.105838
45039	-4.459576	0.733673	14.137443
45040	-4.484455	0.536131	14.163198
45041	-4.527390	0.314047	14.192118
45042	-4.580948	0.087458	14.219333
45043	-4.656738	-0.175637	14.241240
45044	-4.744050	-0.447977	14.247085
45045	-4.845364	-0.753822	14.251275
45046	-4.951696	-1.081686	14.254560
45047	-5.072142	-1.467648	14.258656
45048	-5.216888	-1.912068	14.257781
45049	-5.384559	-2.439595	14.251126
45050	-5.572397	-3.032297	14.255018
45051	-5.775119	-3.725113	14.262099
45052	-5.993697	-4.514755	14.248732
45053	-6.219180	-5.423152	14.197903
45054	-6.470574	-6.454455	14.121376
45055	-6.764532	-7.643455	14.003802
45056	-7.071840	-8.971866	13.850133
45057	-7.392906	-10.480393	13.693976
45058	-7.739236	-12.119683	13.548880
45059	-8.115389	-13.921949	13.400227
45060	-8.540383	-15.915050	13.220814
45061	-9.015466	-18.154965	13.005132
45062	-9.530478	-20.661509	12.763317
45063	-10.039117	-23.442931	12.505806
45064	-10.434119	-26.465729	12.177042
45065	-10.760998	-29.743315	11.903809
45066	-11.040876	-33.235262	11.580700
45067	-11.377572	-36.878923	11.212204
45068	-12.035463	-40.688532	10.884958
45069	-13.240733	-44.666658	10.589881
45070	-14.781441	-48.628577	10.188071
45071	-16.256668	-52.588747	9.651681
45072	-17.090830	-56.618519	8.966722
45073	-16.988804	-60.647016	7.774137
45074	-15.604881	-64.400176	5.433712
45075	-12.282439	-67.838569	1.237181
45076	-7.312745	-71.212087	-4.553412
45077	-0.653413	-72.971584	-11.722112
45078	6.046362	-72.957851	-18.706097
45079	10.549742	-71.653595	-23.337466
45080	13.040807	-69.720862	-25.813730
45081	14.371430	-67.552911	-27.043643
45082	15.081601	-65.471404	-27.622404
45083	15.258558	-63.568623	-27.638498
45084	14.892327	-61.817367	-27.080060
45085	13.863708	-60.029712	-25.795846
45086	12.287525	-58.134325	-23.876647
45087	10.300312	-56.009839	-21.509961
45088	8.157338	-53.667004	-19.017169
45089	5.977016	-51.061243	-16.605206
45090	3.873055	-48.237910	-14.453309
45091	1.820676	-45.208916	-12.565412
45092	-0.105841	-42.063198	-10.945324
45093	-1.849866	-38.811549	-9.525004
45094	-3.308492	-35.542974	-8.305633
45095	-4.442248	-32.247378	-7.293449
45096	-5.275312	-29.019166	-6.512810
45097	-5.898933	-25.829535	-5.997022
45098	-6.368279	-22.697307	-5.740533
45099	-6.785538	-19.582148	-5.657567
45100	-7.196012	-16.467827	-5.676520
45101	-7.654549	-13.312943	-5.680457
45102	-8.175753	-10.168012	-5.564846
45103	-8.780471	-7.000527	-5.222380
45104	-9.436412	-3.872997	-4.617383
45105	-10.127538	-0.788059	-3.761223
45106	-10.778785	2.169870	-2.678584
45107	-11.293844	5.016372	-1.413009
45108	-11.582089	7.675828	-0.018104
45109	-11.672796	10.135466	1.420928
45110	-11.649569	12.314985	2.805990
45111	-11.641292	14.180859	4.018176
45112	-11.729078	15.665155	4.968530
45113	-11.970789	16.751093	5.623814
45114	-12.331602	17.418554	6.032010
45115	-12.539190	17.584848	6.396184
45116	-12.256345	17.163033	6.868870
45117	-11.365715	16.209621	7.647819
45118	-9.179005	14.689498	9.353416
45119	-7.794149	13.112806	10.574106
45120	-7.152008	11.639640	11.394068
45121	-6.528674	9.730867	11.174446
45122	-5.715949	7.798948	10.516888
45123	-4.866668	6.160607	10.361522
45124	-4.215282	5.147333	10.404132
45125	-3.710381	4.553716	10.472044
45126	-3.431703	4.028754	10.464169
45127	-3.299766	3.593684	10.498607
45128	-3.237274	3.297679	10.549225
45129	-3.204942	3.026492	10.603311
45130	-3.215522	2.826743	10.665699
45131	-3.271915	2.648879	10.743681
45132	-3.395700	2.493461	10.832713
45133	-3.559651	2.337993	10.922963
45134	-3.725823	2.223266	11.011411
45135	-3.881544	2.112918	11.091544
45136	-4.016070	2.040441	11.162991
45137	-4.123136	1.991865	11.231392
45138	-4.202520	1.983000	11.289416
45139	-4.243523	1.986411	11.342947
45140	-4.250489	2.018709	11.386959
45141	-4.237296	2.032269	11.423065
45142	-4.198535	2.083336	11.463551
45143	-4.139472	2.123595	11.504934
45144	-4.061707	2.198479	11.555786
45145	-3.998730	2.242696	11.608064
45146	-3.954656	2.283222	11.657939
45147	-3.927244	2.302852	11.713140
45148	-3.920291	2.311169	11.766111
45149	-3.925802	2.289492	11.821871
45150	-3.929632	2.263978	11.873603
45151	-3.934713	2.210469	11.920539
45152	-3.940541	2.144474	11.962926
45153	-3.932794	2.058115	12.002052
45154	-3.919063	1.969609	12.052180
45155	-3.905972	1.856137	12.104298
45156	-3.895470	1.730298	12.148436
45157	-3.889560	1.577040	12.192854
45158	-3.884074	1.409589	12.234919
45159	-3.871466	1.219936	12.270450
45160	-3.873590	1.018852	12.304512
45161	-3.902941	0.788306	12.335441
45162	-3.965421	0.547305	12.358463
45163	-4.050701	0.275352	12.382062
45164	-4.146852	0.002983	12.397953
45165	-4.254735	-0.296558	12.406206
45166	-4.378935	-0.602744	12.413677
45167	-4.523721	-0.933971	12.421929
45168	-4.677176	-1.277537	12.431186
45169	-4.847033	-1.658274	12.434395
45170	-5.039996	-2.068606	12.429374
45171	-5.254302	-2.536252	12.416840
45172	-5.475185	-3.057824	12.400627
45173	-5.706128	-3.641686	12.406257
45174	-5.951739	-4.294046	12.427502
45175	-6.219335	-5.047399	12.435949
45176	-6.506500	-5.896460	12.408225
45177	-6.828981	-6.865725	12.354419
45178	-7.187131	-7.958603	12.292762
45179	-7.583385	-9.188025	12.203378
45180	-7.993530	-10.548026	12.087322
45181	-8.421113	-12.076113	11.967973
45182	-8.903619	-13.722691	11.837444
45183	-9.464717	-15.511627	11.755107
45184	-10.112454	-17.468657	11.672537
45185	-10.827711	-19.631438	11.624807
45186	-11.559023	-22.001741	11.560765
45187	-12.236977	-24.567197	11.438702
45188	-12.765047	-27.383288	11.313343
45189	-13.233299	-30.432149	11.249946
45190	-13.694298	-33.670296	11.183092
45191	-14.224314	-37.072014	11.152846
45192	-15.101955	-40.620278	11.233343
45193	-16.583871	-44.346390	11.475410
45194	-18.466145	-48.093672	11.841473
45195	-20.394514	-51.885014	12.292994
45196	-21.855853	-55.702729	12.783242
45197	-22.552717	-59.397403	12.863647
45198	-22.446072	-62.813570	12.153541
45199	-21.456493	-66.084306	10.459912
45200	-19.825112	-69.031641	7.954697
45201	-16.278333	-70.219810	3.790208
45202	-11.814858	-70.010521	-1.098988
45203	-7.484747	-68.891055	-5.679996
45204	-3.640917	-67.363397	-9.657132
45205	-0.283924	-65.674300	-13.061305
45206	2.521930	-63.991869	-15.865951
45207	4.653906	-62.296124	-17.933995
45208	6.052712	-60.560198	-19.140669
45209	6.663360	-58.684574	-19.397870
45210	6.599166	-56.661588	-18.815019
45211	6.020132	-54.440087	-17.612515
45212	5.167316	-52.065069	-16.148828
45213	4.115797	-49.525584	-14.648197
45214	2.915544	-46.895878	-13.275699
45215	1.577092	-44.122728	-12.039383
45216	0.219274	-41.268609	-10.939204
45217	-1.013011	-38.309206	-9.980720
45218	-2.000961	-35.323226	-9.175876
45219	-2.770963	-32.301736	-8.516840
45220	-3.402295	-29.278836	-8.030395
45221	-4.050048	-26.228605	-7.715394
45222	-4.740679	-23.162221	-7.554280
45223	-5.461546	-20.033057	-7.459209
45224	-6.168702	-16.884991	-7.344501
45225	-6.853256	-13.693855	-7.112535
45226	-7.536639	-10.526210	-6.706298
45227	-8.279975	-7.340352	-6.100159
45228	-9.066034	-4.188045	-5.310401
45229	-9.871297	-1.045520	-4.346706
45230	-10.594899	2.019824	-3.226094
45231	-11.151053	5.021282	-1.974072
45232	-11.487144	7.874448	-0.655080
45233	-11.653935	10.536274	0.678589
45234	-11.726692	12.904481	1.951557
45235	-11.789889	14.930691	3.065091
45236	-11.885458	16.537595	3.961769
45237	-12.067343	17.687239	4.624134
45238	-12.134537	18.265689	5.171034
45239	-11.837349	18.162756	5.711228
45240	-10.892127	17.411156	6.530928
45241	-8.794272	15.618172	8.027656
45242	-7.421697	13.672373	9.099652
45243	-6.877842	12.111203	9.782809
45244	-6.450347	10.479138	9.612882
45245	-5.859355	8.668185	8.918452
45246	-5.355162	7.105730	8.728959
45247	-4.912895	5.905300	8.807054
45248	-4.591790	5.017160	8.860820
45249	-4.394635	4.270840	8.848731
45250	-4.306341	3.706809	8.902585
45251	-4.241778	3.305277	8.993692
45252	-4.218467	2.981835	9.080624
45253	-4.236416	2.715447	9.171324
45254	-4.289370	2.538570	9.268096
45255	-4.364805	2.389345	9.358564
45256	-4.453039	2.283468	9.442430
45257	-4.545422	2.190725	9.521404
45258	-4.618085	2.132144	9.582850
45259	-4.656209	2.113356	9.641469
45260	-4.657046	2.147335	9.704880
45261	-4.632809	2.193374	9.762557
45262	-4.582221	2.274596	9.821011
45263	-4.517950	2.349976	9.877581
45264	-4.445500	2.436842	9.937985
45265	-4.359158	2.501109	9.990221
45266	-4.265415	2.571318	10.038472
45267	-4.185693	2.609283	10.084290
45268	-4.136879	2.624947	10.119612
45269	-4.113909	2.614030	10.160241
45270	-4.104840	2.601352	10.199211
45271	-4.108211	2.561495	10.236381
45272	-4.118595	2.515334	10.266408
45273	-4.122714	2.448157	10.289272
45274	-4.108119	2.379643	10.313378
45275	-4.074494	2.287608	10.328320
45276	-4.016260	2.202574	10.345597
45277	-3.945106	2.103501	10.366997
45278	-3.869855	2.000328	10.391785
45279	-3.801524	1.879257	10.423444
45280	-3.732217	1.762716	10.451136
45281	-3.657258	1.630479	10.476424
45282	-3.586290	1.493603	10.500572
45283	-3.518750	1.332035	10.511270
45284	-3.464772	1.161519	10.511814
45285	-3.427540	0.971161	10.512473
45286	-3.406188	0.782429	10.513115
45287	-3.402802	0.572490	10.506778
45288	-3.419077	0.350298	10.494991
45289	-3.443685	0.097804	10.471986
45290	-3.476880	-0.170352	10.452526
45291	-3.516780	-0.477331	10.439193
45292	-3.557375	-0.831082	10.427216
45293	-3.606412	-1.252038	10.419439
45294	-3.664364	-1.756535	10.423911
45295	-3.741192	-2.373030	10.432171
45296	-3.819156	-3.083277	10.434620
45297	-3.889111	-3.897172	10.425558
45298	-3.936803	-4.808910	10.395091
45299	-3.962574	-5.844296	10.349371
45300	-3.972261	-6.994279	10.291542
45301	-3.986366	-8.278942	10.216929
45302	-4.003633	-9.721705	10.119934
45303	-4.049539	-11.337575	10.013203
45304	-4.112977	-13.121032	9.886418
45305	-4.168684	-15.121554	9.747406
45306	-4.198788	-17.370498	9.551770
45307	-4.181763	-19.871415	9.242113
45308	-4.127533	-22.588549	8.743891
45309	-3.968159	-25.515465	8.080478
45310	-3.675551	-28.682715	7.331883
45311	-3.258480	-32.015343	6.418178
45312	-2.783880	-35.472672	5.280068
45313	-2.356392	-39.037665	3.911896
45314	-2.018512	-42.713881	2.294365
45315	-1.824639	-46.449463	0.415302
45316	-1.489703	-50.129868	-1.738842
45317	-0.651635	-53.864882	-4.183862
45318	1.078662	-57.652123	-7.160840
45319	3.913300	-61.270723	-11.243728
45320	8.294831	-64.359237	-17.003075
45321	14.216923	-66.661968	-24.118948
45322	19.464524	-67.281149	-30.077055
45323	22.398714	-66.506048	-33.289380
45324	23.233332	-65.022660	-34.174296
45325	22.918813	-63.378073	-33.861251
45326	22.167960	-61.939756	-33.146825
45327	21.097682	-60.812662	-32.140193
45328	19.679970	-59.915218	-30.726691
45329	17.728068	-59.047141	-28.636611
45330	15.239977	-58.029964	-25.840717
45331	12.335745	-56.656976	-22.516279
45332	9.347687	-54.892870	-19.078649
45333	6.489627	-52.718803	-15.852423
45334	3.886925	-50.229451	-13.059540
45335	1.535058	-47.449023	-10.718600
45336	-0.531288	-44.474458	-8.849653
45337	-2.328470	-41.342943	-7.393979
45338	-3.801356	-38.159506	-6.335014
45339	-4.937287	-34.943350	-5.647206
45340	-5.749397	-31.778949	-5.296284
45341	-6.257273	-28.647230	-5.256594
45342	-6.486954	-25.575722	-5.478829
45343	-6.536783	-22.505384	-5.872006
45344	-6.563628	-19.461219	-6.344369
45345	-6.720236	-16.385654	-6.803790
45346	-7.049029	-13.333472	-7.159214
45347	-7.542693	-10.297226	-7.284707
45348	-8.108374	-7.340354	-7.044038
45349	-8.674298	-4.448115	-6.346621
45350	-9.219285	-1.678513	-5.225839
45351	-9.743593	0.992565	-3.762412
45352	-10.182258	3.516500	-2.060061
45353	-10.458756	5.903900	-0.220323
45354	-10.564516	8.095924	1.634495
45355	-10.591112	10.097536	3.341013
45356	-10.643010	11.844847	4.749565
45357	-10.810058	13.300307	5.760739
45358	-11.085652	14.409334	6.345158
45359	-11.340367	15.125131	6.587156
45360	-11.313864	15.294278	6.623324
45361	-10.884768	14.918098	6.648139
45362	-9.560961	13.782639	7.215716
45363	-8.040933	11.808759	7.981400
45364	-7.098442	10.079466	8.705678
45365	-6.531435	8.707222	9.030334
45366	-5.897002	7.195288	8.612740
45367	-5.304232	5.735294	8.273282
45368	-4.907191	4.534177	8.348316
45369	-4.650989	3.588004	8.399081
45370	-4.424706	2.858113	8.407463
45371	-4.282065	2.297928	8.444508
45372	-4.209152	1.908970	8.534946
45373	-4.182440	1.565957	8.624334
45374	-4.226684	1.279692	8.731523
45375	-4.302159	1.039131	8.846450
45376	-4.402485	0.853693	8.957071
45377	-4.528977	0.691224	9.070250
45378	-4.661231	0.582889	9.176586
45379	-4.785849	0.509153	9.274336
45380	-4.871670	0.512311	9.371592
45381	-4.918378	0.552439	9.471214
45382	-4.928799	0.645066	9.573931
45383	-4.913701	0.747180	9.679173
45384	-4.878745	0.876375	9.783330
45385	-4.842701	0.982585	9.877570
45386	-4.800719	1.098181	9.971891
45387	-4.752241	1.181180	10.048655
45388	-4.710048	1.260002	10.118038
45389	-4.694768	1.284362	10.170464
45390	-4.713218	1.292133	10.213878
45391	-4.752978	1.266131	10.246772
45392	-4.810422	1.241739	10.277128
45393	-4.887905	1.191074	10.300490
45394	-4.976938	1.139974	10.325121
45395	-5.066126	1.067638	10.350953
45396	-5.151660	0.987916	10.367555
45397	-5.226187	0.882114	10.381009
45398	-5.282440	0.784686	10.393012
45399	-5.319718	0.678342	10.410747
45400	-5.357028	0.570981	10.420787
45401	-5.392944	0.456528	10.434322
45402	-5.414424	0.346248	10.444923
45403	-5.420017	0.226017	10.457267
45404	-5.420947	0.115235	10.469357
45405	-5.427678	-0.015694	10.482452
45406	-5.449293	-0.151477	10.490751
45407	-5.481446	-0.315252	10.499179
45408	-5.519707	-0.473136	10.514963
45409	-5.575639	-0.660035	10.532873
45410	-5.656645	-0.856136	10.547645
45411	-5.756197	-1.090537	10.558558
45412	-5.863842	-1.338476	10.572256
45413	-5.982275	-1.627958	10.582221
45414	-6.116542	-1.942092	10.586428
45415	-6.278244	-2.316188	10.580591
45416	-6.462717	-2.730912	10.578898
45417	-6.661404	-3.212750	10.581659
45418	-6.867176	-3.751903	10.584932
45419	-7.080054	-4.387774	10.580079
45420	-7.300652	-5.121510	10.550563
45421	-7.550501	-5.978614	10.488428
45422	-7.826067	-6.962693	10.401087
45423	-8.134963	-8.079601	10.285952
45424	-8.473030	-9.313808	10.147230
45425	-8.838147	-10.669471	10.010645
45426	-9.227808	-12.192769	9.862566
45427	-9.697429	-13.842870	9.724785
45428	-10.240434	-15.628588	9.625089
45429	-10.850437	-17.607569	9.545420
45430	-11.505455	-19.789478	9.516057
45431	-12.123661	-22.164747	9.443471
45432	-12.662450	-24.756990	9.327507
45433	-13.078553	-27.593606	9.264242
45434	-13.408738	-30.648753	9.230191
45435	-13.637616	-33.906038	9.109219
45436	-13.906008	-37.305496	9.032821
45437	-14.439143	-40.818976	8.999244
45438	-15.355625	-44.476149	8.981184
45439	-16.452083	-48.110903	8.939338
45440	-17.380583	-51.811143	8.851685
45441	-17.831244	-55.539004	8.712876
45442	-17.687350	-59.216938	8.207409
45443	-16.799552	-62.654723	6.866916
45444	-14.834022	-65.877045	4.267496
45445	-12.062613	-68.972468	0.561379
45446	-7.880821	-70.480525	-4.446006
45447	-3.141809	-70.431564	-9.864648
45448	0.978636	-69.303116	-14.502542
45449	4.081924	-67.631217	-17.959494
45450	6.474277	-65.793384	-20.554393
45451	8.249768	-63.959907	-22.398478
45452	9.485525	-62.195920	-23.539576
45453	10.060493	-60.406850	-23.863930
45454	9.988656	-58.566278	-23.359454
45455	9.309790	-56.594146	-22.059285
45456	8.243343	-54.463312	-20.263136
45457	6.918082	-52.143003	-18.259281
45458	5.461863	-49.691880	-16.338985
45459	3.860255	-47.090974	-14.608378
45460	2.163931	-44.400563	-13.068368
45461	0.466990	-41.589959	-11.678146
45462	-1.037287	-38.715290	-10.447850
45463	-2.242172	-35.810536	-9.351579
45464	-3.123432	-32.979450	-8.405739
45465	-3.772458	-30.174586	-7.645835
45466	-4.301462	-27.393913	-7.135519
45467	-4.821438	-24.524343	-6.874258
45468	-5.334363	-21.594767	-6.839578
45469	-5.831678	-18.565552	-6.931474
45470	-6.302069	-15.516023	-7.055527
45471	-6.773829	-12.461703	-7.101277
45472	-7.275512	-9.474637	-6.956889
45473	-7.840147	-6.506515	-6.507643
45474	-8.470119	-3.580541	-5.716744
45475	-9.170199	-0.669606	-4.621437
45476	-9.867702	2.175051	-3.286129
45477	-10.477248	4.939070	-1.771085
45478	-10.922063	7.551584	-0.136498
45479	-11.225400	9.989557	1.526065
45480	-11.422890	12.165957	3.096568
45481	-11.603437	14.031048	4.435704
45482	-11.587959	15.393114	5.536927
45483	-11.305905	16.080905	6.296445
45484	-10.145015	15.802147	7.227577
45485	-8.690210	14.302475	8.033961
45486	-7.580145	11.769401	8.951628
45487	-6.878351	9.913473	9.488389
45488	-6.457231	8.775095	9.447373
45489	-6.207427	7.285685	9.040447
45490	-5.900227	5.618100	9.040904
45491	-5.682680	4.404235	9.195379
45492	-5.575180	3.628162	9.223567
45493	-5.588899	2.913114	9.234095
45494	-5.647409	2.365437	9.286498
45495	-5.696342	1.936562	9.367961
45496	-5.803595	1.598436	9.449491
45497	-5.960146	1.329427	9.533738
45498	-6.141970	1.140056	9.629162
45499	-6.318605	0.989462	9.717269
45500	-6.502509	0.897898	9.801531
45501	-6.678842	0.825264	9.870584
45502	-6.823991	0.784504	9.912223
45503	-6.893777	0.757981	9.941850
45504	-6.869292	0.786799	9.971676
45505	-6.777008	0.837710	10.005994
45506	-6.635350	0.919624	10.044776
45507	-6.433555	1.002385	10.089855
45508	-6.181494	1.114308	10.132873
45509	-5.878509	1.253776	10.188479
45510	-5.533991	1.441998	10.241400
45511	-5.199766	1.632091	10.297276
45512	-4.941705	1.786744	10.347196
45513	-4.767065	1.864107	10.392220
45514	-4.637667	1.911887	10.430102
45515	-4.536334	1.924500	10.467656
45516	-4.459956	1.914194	10.501677
45517	-4.398056	1.870820	10.525382
45518	-4.334405	1.824342	10.551910
45519	-4.280319	1.749744	10.574103
45520	-4.229281	1.664170	10.590330
45521	-4.177209	1.564307	10.610183
45522	-4.138049	1.448841	10.627201
45523	-4.104623	1.304296	10.638340
45524	-4.072308	1.152784	10.646155
45525	-4.040283	0.972651	10.659463
45526	-4.012840	0.783313	10.671259
45527	-4.013890	0.558666	10.671985
45528	-4.029229	0.313909	10.658885
45529	-4.068229	0.031756	10.640475
45530	-4.120657	-0.264658	10.616963
45531	-4.204783	-0.588801	10.601597
45532	-4.300086	-0.933444	10.583070
45533	-4.397912	-1.321386	10.559607
45534	-4.496836	-1.729920	10.536988
45535	-4.603697	-2.172309	10.515869
45536	-4.719135	-2.640360	10.493371
45537	-4.847755	-3.161786	10.476749
45538	-4.986952	-3.739903	10.473464
45539	-5.138085	-4.410612	10.480445
45540	-5.287041	-5.172554	10.477864
45541	-5.436663	-6.051551	10.465640
45542	-5.592267	-7.053417	10.406779
45543	-5.764622	-8.200681	10.317546
45544	-5.942024	-9.475023	10.224546
45545	-6.115493	-10.901198	10.118151
45546	-6.289125	-12.508205	10.010599
45547	-6.466768	-14.359657	9.858850
45548	-6.692264	-16.395918	9.689295
45549	-6.944685	-18.610640	9.481380
45550	-7.220756	-21.046606	9.225954
45551	-7.436816	-23.749963	8.955865
45552	-7.569429	-26.676505	8.537275
45553	-7.590665	-29.814092	8.072200
45554	-7.578364	-33.080393	7.576475
45555	-7.601298	-36.538461	6.863863
45556	-7.766148	-40.152937	6.002326
45557	-8.377878	-43.930554	5.079997
45558	-9.279581	-47.729635	3.985869
45559	-9.989476	-51.488403	2.638640
45560	-9.901576	-55.325081	0.981562
45561	-8.607904	-59.178594	-1.310132
45562	-6.023281	-62.783153	-4.680152
45563	-1.705280	-65.940364	-9.748042
45564	4.280566	-68.878033	-16.475242
45565	10.801905	-70.164195	-23.476146
45566	15.985812	-69.739953	-28.924064
45567	18.671639	-68.167951	-31.712307
45568	19.659046	-66.066476	-32.750716
45569	19.753777	-63.864706	-32.908994
45570	19.376175	-61.826121	-32.623320
45571	18.517535	-59.987189	-31.874578
45572	17.194421	-58.312154	-30.609025
45573	15.404379	-56.707785	-28.711875
45574	13.250571	-55.120309	-26.274454
45575	10.781003	-53.386078	-23.442755
45576	8.176476	-51.412248	-20.499115
45577	5.588832	-49.129572	-17.648863
45578	3.145373	-46.597736	-15.050718
45579	0.884937	-43.831385	-12.736695
45580	-1.105204	-40.934365	-10.736085
45581	-2.779102	-37.912466	-9.061868
45582	-4.072132	-34.865559	-7.753876
45583	-5.008937	-31.787247	-6.835994
45584	-5.636322	-28.745771	-6.335338
45585	-6.024306	-25.701644	-6.221608
45586	-6.219675	-22.668705	-6.390959
45587	-6.305552	-19.595886	-6.712659
45588	-6.367279	-16.522212	-7.115545
45589	-6.483760	-13.413582	-7.510255
45590	-6.683116	-10.357461	-7.787253
45591	-6.960837	-7.366289	-7.767262
45592	-7.251063	-4.498980	-7.277008
45593	-7.567237	-1.712434	-6.325829
45594	-7.967766	0.951255	-5.030952
45595	-8.466785	3.530059	-3.494322
45596	-8.939216	5.983693	-1.772813
45597	-9.237291	8.333148	0.081649
45598	-9.259422	10.523136	1.975067
45599	-9.064062	12.496111	3.786260
45600	-8.836882	14.179135	5.356313
45601	-8.800126	15.515749	6.542070
45602	-9.054976	16.457250	7.288936
45603	-9.561855	16.971755	7.646606
45604	-9.875316	16.894663	7.882374
45605	-9.570098	16.174793	8.272470
45606	-8.130427	14.802338	9.423167
45607	-6.343417	12.548967	10.826090
45608	-5.720490	10.604488	11.954075
45609	-5.471836	8.870216	12.531878
45610	-4.858575	7.113195	12.011064
45611	-4.083333	5.731016	11.696808
45612	-3.640104	4.890005	11.749023
45613	-3.236758	4.186296	11.729609
45614	-2.988909	3.598565	11.729097
45615	-2.903486	3.185541	11.844604
45616	-2.813946	2.912728	11.952591
45617	-2.730319	2.632199	12.052183
45618	-2.682941	2.422423	12.146005
45619	-2.662298	2.235792	12.240724
45620	-2.674106	2.097746	12.323924
45621	-2.711532	1.980009	12.417048
45622	-2.753008	1.901080	12.516147
45623	-2.780680	1.869222	12.620259
45624	-2.793044	1.878876	12.734159
45625	-2.807665	1.885082	12.840978
45626	-2.823409	1.902450	12.936736
45627	-2.836558	1.891683	13.027146
45628	-2.847472	1.868374	13.096091
45629	-2.866012	1.803156	13.147313
45630	-2.885963	1.728769	13.184396
45631	-2.914711	1.627903	13.205234
45632	-2.953822	1.526670	13.226704
45633	-3.011555	1.402828	13.249396
45634	-3.079948	1.279342	13.263081
45635	-3.156118	1.140161	13.277203
45636	-3.239587	0.998943	13.278158
45637	-3.321343	0.830151	13.272483
45638	-3.398115	0.660195	13.265104
45639	-3.466066	0.479172	13.253690
45640	-3.533233	0.296828	13.235908
45641	-3.602867	0.105944	13.224239
45642	-3.676210	-0.079003	13.218802
45643	-3.743337	-0.279807	13.226530
45644	-3.808433	-0.482796	13.233034
45645	-3.859774	-0.707493	13.236417
45646	-3.894780	-0.940071	13.232705
45647	-3.919785	-1.188871	13.229850
45648	-3.936833	-1.436281	13.231006
45649	-3.959266	-1.700155	13.232159
45650	-3.986729	-1.970597	13.232024
45651	-4.025269	-2.257412	13.239511
45652	-4.068034	-2.553646	13.250694
45653	-4.112770	-2.871198	13.269212
45654	-4.153269	-3.203125	13.287054
45655	-4.193674	-3.575521	13.301348
45656	-4.223230	-3.978011	13.307200
45657	-4.245611	-4.424277	13.305194
45658	-4.255645	-4.906255	13.305241
45659	-4.260274	-5.458785	13.301655
45660	-4.281913	-6.074243	13.302339
45661	-4.312885	-6.795444	13.316724
45662	-4.356659	-7.611876	13.334639
45663	-4.407220	-8.541916	13.333996
45664	-4.472770	-9.580029	13.318953
45665	-4.586790	-10.740853	13.292961
45666	-4.718541	-12.028644	13.244598
45667	-4.872759	-13.520365	13.172672
45668	-5.059212	-15.173545	13.065671
45669	-5.228656	-16.979869	12.904609
45670	-5.368673	-18.977166	12.685639
45671	-5.446444	-21.179409	12.369192
45672	-5.462776	-23.602121	11.875986
45673	-5.375044	-26.236101	11.237256
45674	-5.203994	-29.015861	10.524302
45675	-5.007687	-31.963675	9.699543
45676	-4.818939	-35.035796	8.643199
45677	-4.701286	-38.242563	7.423437
45678	-4.766204	-41.591272	6.097563
45679	-5.081568	-45.055649	4.542607
45680	-5.539770	-48.463397	2.747001
45681	-5.974412	-51.843135	0.707239
45682	-6.064228	-55.315685	-1.654240
45683	-5.340479	-58.776204	-4.645434
45684	-3.200967	-61.994859	-8.886975
45685	0.860956	-64.761727	-14.821517
45686	7.027654	-67.047771	-22.491763
45687	13.646369	-67.873820	-30.242123
45688	18.845942	-67.116695	-36.318523
45689	21.596909	-65.363599	-39.737424
45690	22.498329	-63.205842	-41.154928
45691	22.298693	-61.030631	-41.394724
45692	21.453509	-59.064359	-40.925368
45693	20.048702	-57.293998	-39.792630
45694	18.165335	-55.613587	-37.984518
45695	15.818279	-53.905729	-35.478779
45696	13.187421	-52.101446	-32.503762
45697	10.378282	-50.116924	-29.311275
45698	7.584942	-47.928967	-26.175848
45699	4.906279	-45.492729	-23.220577
45700	2.473698	-42.880043	-20.554110
45701	0.288456	-40.119986	-18.164372
45702	-1.591956	-37.299790	-16.073766
45703	-3.146631	-34.452602	-14.325455
45704	-4.317558	-31.642045	-12.990085
45705	-5.160656	-28.824893	-12.071466
45706	-5.746278	-26.053772	-11.548825
45707	-6.128472	-23.248183	-11.372409
45708	-6.370225	-20.437803	-11.451140
45709	-6.568175	-17.611377	-11.677101
45710	-6.790114	-14.811451	-11.961038
45711	-7.093479	-12.002088	-12.194954
45712	-7.486727	-9.234298	-12.237445
45713	-7.951434	-6.444943	-11.922233
45714	-8.481218	-3.669026	-11.183099
45715	-9.144002	-0.909729	-10.063898
45716	-9.912825	1.739875	-8.628580
45717	-10.708812	4.289705	-6.949039
45718	-11.375076	6.694417	-5.087038
45719	-11.799750	8.955130	-3.099253
45720	-11.941909	10.996360	-1.089456
45721	-11.908893	12.806609	0.799683
45722	-11.849456	14.329855	2.406467
45723	-11.901147	15.547713	3.601800
45724	-12.056180	16.417056	4.396817
45725	-11.989210	16.777605	4.969936
45726	-11.482148	16.558780	5.485942
45727	-10.375707	15.730720	6.248720
45728	-8.592335	13.848521	7.441483
45729	-7.332258	11.824026	8.461825
45730	-6.525469	10.250137	9.005469
45731	-5.726709	8.584424	8.757028
45732	-4.898979	6.815123	8.265125
45733	-4.254507	5.337601	8.303683
45734	-3.850560	4.424927	8.268906
45735	-3.529009	3.772540	8.267059
45736	-3.297781	3.258497	8.278090
45737	-3.180583	2.933940	8.365045
45738	-3.154977	2.701125	8.480281
45739	-3.194779	2.454848	8.595169
45740	-3.267407	2.283525	8.723621
45741	-3.364632	2.124175	8.856107
45742	-3.485959	1.994290	8.986199
45743	-3.624172	1.861258	9.108574
45744	-3.745127	1.781306	9.226022
45745	-3.821172	1.741324	9.331443
45746	-3.860689	1.762283	9.439504
45747	-3.864600	1.804999	9.539365
45748	-3.847052	1.868619	9.622496
45749	-3.795465	1.933361	9.712527
45750	-3.732076	1.996731	9.785314
45751	-3.663944	2.027574	9.844559
45752	-3.596515	2.052046	9.889928
45753	-3.532861	2.044284	9.925499
45754	-3.483415	2.028394	9.949248
45755	-3.453075	1.980915	9.969949
45756	-3.439746	1.940159	9.992874
45757	-3.438448	1.862527	10.010539
45758	-3.446401	1.781359	10.025164
45759	-3.463994	1.667594	10.031026
45760	-3.469555	1.555832	10.048756
45761	-3.462553	1.410859	10.060029
45762	-3.439252	1.254069	10.064132
45763	-3.402067	1.070099	10.060076
45764	-3.366108	0.887291	10.062143
45765	-3.331591	0.676178	10.061576
45766	-3.305566	0.468478	10.061066
45767	-3.290091	0.229961	10.055996
45768	-3.287457	-0.014486	10.040994
45769	-3.280855	-0.283388	10.026239
45770	-3.266462	-0.561183	10.012299
45771	-3.258230	-0.861280	9.996795
45772	-3.262817	-1.189677	9.982464
45773	-3.285783	-1.548715	9.969970
45774	-3.311961	-1.932702	9.962429
45775	-3.329805	-2.352639	9.959120
45776	-3.332628	-2.800273	9.962161
45777	-3.313886	-3.302984	9.965742
45778	-3.274484	-3.844284	9.968438
45779	-3.227209	-4.447401	9.973895
45780	-3.183800	-5.110617	9.991330
45781	-3.150510	-5.865877	10.024288
45782	-3.124570	-6.709920	10.052752
45783	-3.089086	-7.667949	10.071187
45784	-3.045562	-8.729656	10.070894
45785	-3.002055	-9.925490	10.041490
45786	-2.960720	-11.262662	9.982515
45787	-2.922012	-12.786606	9.893641
45788	-2.880908	-14.486964	9.762650
45789	-2.830008	-16.425691	9.582146
45790	-2.784740	-18.518179	9.360250
45791	-2.726095	-20.753200	9.089612
45792	-2.616316	-23.168897	8.735985
45793	-2.385019	-25.782185	8.259610
45794	-2.012270	-28.605150	7.570526
45795	-1.473284	-31.605163	6.659343
45796	-0.811621	-34.696103	5.557298
45797	-0.048182	-37.952965	4.134738
45798	0.769774	-41.350977	2.337445
45799	1.473710	-44.785105	0.308755
45800	2.236192	-48.207579	-1.992060
45801	3.178591	-51.600608	-4.682629
45802	4.353000	-55.032753	-7.765260
45803	6.163248	-58.470218	-11.643878
45804	9.252163	-61.714781	-16.952165
45805	14.448799	-64.555480	-24.354412
45806	21.762063	-66.830353	-33.486789
45807	29.655352	-67.881595	-42.381298
45808	36.056207	-67.851180	-48.863217
45809	39.273966	-67.115655	-51.686012
45810	39.152458	-66.014226	-51.322507
45811	36.421974	-64.721668	-48.757165
45812	32.187992	-63.339526	-44.989713
45813	27.259477	-61.863359	-40.588690
45814	22.287677	-60.296327	-35.963306
45815	17.549444	-58.506175	-31.284534
45816	13.291697	-56.454513	-26.843638
45817	9.470469	-54.121433	-22.760549
45818	6.065716	-51.576767	-19.134917
45819	3.044301	-48.799345	-15.997411
45820	0.483115	-45.857881	-13.362392
45821	-1.615049	-42.745948	-11.221577
45822	-3.281438	-39.605539	-9.549638
45823	-4.606359	-36.493628	-8.310133
45824	-5.623706	-33.493619	-7.467274
45825	-6.341976	-30.534855	-6.979030
45826	-6.690713	-27.608166	-6.836372
45827	-6.692683	-24.665247	-6.988400
45828	-6.469243	-21.740014	-7.372719
45829	-6.204437	-18.798212	-7.932248
45830	-6.052806	-15.851962	-8.604759
45831	-6.094000	-12.862700	-9.283726
45832	-6.331916	-9.888654	-9.810400
45833	-6.720129	-6.922406	-9.966900
45834	-7.121748	-4.020962	-9.537099
45835	-7.545634	-1.173859	-8.498421
45836	-8.061580	1.542225	-6.942621
45837	-8.681530	4.146637	-5.004191
45838	-9.219987	6.588653	-2.774745
45839	-9.491007	8.871398	-0.356784
45840	-9.430650	10.920353	2.100911
45841	-9.165666	12.711771	4.377868
45842	-8.813809	14.026793	6.231836
45843	-8.587461	14.776933	7.410018
45844	-8.362104	14.897760	8.007250
45845	-7.736877	13.919129	8.489474
45846	-6.911789	11.965857	9.066970
45847	-6.255264	9.918841	9.620193
45848	-5.758809	8.762902	9.879781
45849	-5.292819	7.701186	9.539073
45850	-4.697773	6.253553	8.921263
45851	-4.180085	4.835228	8.986695
45852	-3.799443	4.026524	8.942218
45853	-3.482486	3.509871	8.912551
45854	-3.292117	3.052735	8.934956
45855	-3.165995	2.734567	8.980315
45856	-3.120697	2.505568	9.059988
45857	-3.148631	2.253820	9.146057
45858	-3.218998	2.064101	9.252308
45859	-3.303225	1.886967	9.367594
45860	-3.410275	1.736297	9.481753
45861	-3.527831	1.621431	9.598318
45862	-3.623968	1.558150	9.719701
45863	-3.685001	1.548549	9.844701
45864	-3.713584	1.601356	9.969081
45865	-3.716560	1.667768	10.083787
45866	-3.703383	1.759386	10.192329
45867	-3.668523	1.835317	10.287112
45868	-3.623214	1.905702	10.371399
45869	-3.585144	1.937494	10.441417
45870	-3.552143	1.959048	10.497907
45871	-3.518782	1.943435	10.538678
45872	-3.493425	1.918162	10.575183
45873	-3.492789	1.860325	10.603963
45874	-3.520662	1.793970	10.626313
45875	-3.575332	1.699813	10.660640
45876	-3.649875	1.598160	10.694856
45877	-3.736817	1.471137	10.721225
45878	-3.813036	1.343702	10.748070
45879	-3.864025	1.201932	10.770739
45880	-3.894774	1.048468	10.781684
45881	-3.911042	0.876466	10.798771
45882	-3.912996	0.708040	10.816307
45883	-3.907549	0.528523	10.839729
45884	-3.901342	0.349993	10.857699
45885	-3.894716	0.152643	10.878049
45886	-3.888796	-0.043544	10.888722
45887	-3.878726	-0.258311	10.901584
45888	-3.866023	-0.467786	10.912435
45889	-3.869974	-0.707995	10.916921
45890	-3.899545	-0.957967	10.919805
45891	-3.944241	-1.234744	10.920343
45892	-3.997620	-1.526165	10.928251
45893	-4.066873	-1.836202	10.934989
45894	-4.145540	-2.160922	10.932177
45895	-4.225881	-2.517284	10.922366
45896	-4.312694	-2.899370	10.909332
45897	-4.395493	-3.319212	10.898330
45898	-4.481090	-3.773286	10.888777
45899	-4.576142	-4.281044	10.878040
45900	-4.672917	-4.831393	10.873075
45901	-4.773288	-5.463413	10.874395
45902	-4.870564	-6.181794	10.875073
45903	-4.954811	-7.001595	10.865339
45904	-5.029563	-7.935385	10.825479
45905	-5.096867	-8.996508	10.749889
45906	-5.158141	-10.171884	10.655661
45907	-5.222519	-11.491938	10.546764
45908	-5.287993	-12.968941	10.416804
45909	-5.352676	-14.665940	10.245180
45910	-5.424021	-16.542070	10.021587
45911	-5.532987	-18.563569	9.806516
45912	-5.637315	-20.751480	9.580445
45913	-5.741814	-23.126523	9.324270
45914	-5.831890	-25.691987	8.951560
45915	-5.851700	-28.464655	8.489998
45916	-5.771680	-31.378906	7.939153
45917	-5.656027	-34.445924	7.252957
45918	-5.553340	-37.655727	6.363646
45919	-5.574617	-41.044409	5.333067
45920	-5.908203	-44.572818	4.259309
45921	-6.587113	-48.168670	3.066031
45922	-7.394023	-51.695609	1.607917
45923	-7.807464	-55.237796	-0.194510
45924	-7.290614	-58.828717	-2.448868
45925	-5.437855	-62.374774	-5.574356
45926	-2.026565	-65.742387	-10.103184
45927	3.686167	-68.853198	-16.815387
45928	11.986324	-71.686542	-25.861102
45929	21.904858	-73.211560	-36.108004
45930	30.113602	-73.454785	-44.201643
45931	34.033230	-72.734438	-47.710816
45932	33.906384	-71.431427	-47.211422
45933	31.144854	-69.762997	-44.274053
45934	27.244824	-67.891624	-40.399386
45935	22.925906	-65.858555	-36.209855
45936	18.692800	-63.687860	-32.060642
45937	14.777357	-61.332121	-28.052788
45938	11.362812	-58.815016	-24.352322
45939	8.390962	-56.073025	-20.978388
45940	5.885694	-53.145419	-18.066963
45941	3.783028	-50.055852	-15.671261
45942	1.998655	-46.903829	-13.769650
45943	0.431886	-43.677557	-12.291541
45944	-0.950913	-40.407069	-11.175493
45945	-2.199633	-37.109213	-10.301894
45946	-3.285722	-33.874695	-9.628332
45947	-4.170179	-30.690219	-9.115471
45948	-4.804867	-27.622780	-8.759671
45949	-5.232412	-24.612498	-8.558759
45950	-5.512873	-21.651467	-8.534255
45951	-5.733290	-18.654197	-8.653727
45952	-5.956897	-15.639552	-8.865038
45953	-6.238940	-12.585246	-9.064013
45954	-6.623651	-9.579684	-9.108316
45955	-7.118352	-6.603725	-8.824828
45956	-7.674886	-3.692944	-8.097347
45957	-8.308972	-0.818335	-6.929376
45958	-8.996790	1.953499	-5.398310
45959	-9.671049	4.645560	-3.605132
45960	-10.186606	7.194259	-1.642802
45961	-10.464325	9.583459	0.386619
45962	-10.519255	11.730042	2.339069
45963	-10.480145	13.617938	4.015427
45964	-10.495822	15.164973	5.223637
45965	-10.460080	16.110362	5.923375
45966	-10.196057	16.380859	6.222332
45967	-9.201624	15.723567	6.673892
45968	-7.879964	13.836193	7.286814
45969	-7.035571	11.562344	8.029406
45970	-6.504027	10.200160	8.517858
45971	-5.999949	8.972953	8.132109
45972	-5.394365	7.440797	7.424371
45973	-4.891134	5.941374	7.473513
45974	-4.440106	4.797614	7.613793
45975	-4.074664	3.984789	7.563093
45976	-3.808519	3.324954	7.522176
45977	-3.630968	2.830615	7.533274
45978	-3.526369	2.501604	7.588288
45979	-3.525595	2.203917	7.661452
45980	-3.573665	1.979046	7.745832
45981	-3.646493	1.801406	7.843840
45982	-3.747701	1.643382	7.938855
45983	-3.878022	1.488314	8.046309
45984	-4.020888	1.350574	8.149500
45985	-4.126972	1.234927	8.249546
45986	-4.188446	1.191315	8.344222
45987	-4.210698	1.195186	8.440702
45988	-4.194753	1.259888	8.530814
45989	-4.144465	1.346295	8.627512
45990	-4.073195	1.456587	8.726196
45991	-3.986884	1.554741	8.818046
45992	-3.898319	1.647586	8.897507
45993	-3.809787	1.714723	8.969523
45994	-3.727663	1.762246	9.029804
45995	-3.670937	1.769142	9.078998
45996	-3.630716	1.758612	9.124491
45997	-3.609295	1.717762	9.160811
45998	-3.602616	1.671773	9.193448
45999	-3.614238	1.597486	9.215578
46000	-3.621565	1.526860	9.240980
46001	-3.617126	1.437580	9.266149
46002	-3.603569	1.335867	9.280226
46003	-3.583592	1.209239	9.293107
46004	-3.556536	1.090807	9.319375
46005	-3.534375	0.946990	9.352429
46006	-3.515424	0.799046	9.384646
46007	-3.499900	0.624943	9.413097
46008	-3.487090	0.438068	9.434193
46009	-3.464501	0.226444	9.443664
46010	-3.431546	0.012236	9.447912
46011	-3.411406	-0.231357	9.447517
46012	-3.412385	-0.494834	9.443743
46013	-3.430687	-0.798816	9.439256
46014	-3.457886	-1.123594	9.433465
46015	-3.483328	-1.483555	9.423730
46016	-3.503352	-1.869263	9.404958
46017	-3.511026	-2.304161	9.372929
46018	-3.515516	-2.773780	9.345478
46019	-3.502570	-3.297288	9.323177
46020	-3.491090	-3.850225	9.308279
46021	-3.488210	-4.465508	9.305041
46022	-3.498845	-5.151947	9.312626
46023	-3.506311	-5.939636	9.312192
46024	-3.497361	-6.819083	9.303981
46025	-3.464565	-7.820003	9.274356
46026	-3.419336	-8.933221	9.217953
46027	-3.379891	-10.191987	9.134123
46028	-3.354445	-11.588454	9.026398
46029	-3.310044	-13.209773	8.878528
46030	-3.241563	-15.059417	8.673422
46031	-3.195375	-17.070482	8.449552
46032	-3.119422	-19.226874	8.173684
46033	-3.011223	-21.582794	7.857434
46034	-2.831385	-24.103597	7.356876
46035	-2.569382	-26.801693	6.718535
46036	-2.228521	-29.664069	5.936546
46037	-1.743521	-32.644441	5.047913
46038	-1.183576	-35.784759	3.923784
46039	-0.548438	-39.069617	2.532113
46040	0.059774	-42.426782	0.943900
46041	0.510035	-45.844282	-0.807872
46042	1.044153	-49.241612	-2.810554
46043	1.950000	-52.657697	-5.159867
46044	3.468363	-56.176766	-7.900791
46045	5.804251	-59.691482	-11.404979
46046	9.341937	-62.983697	-16.278804
46047	14.780734	-65.855775	-23.116935
46048	21.721776	-68.097776	-31.207246
46049	28.149506	-69.021742	-38.274423
46050	32.264086	-68.889978	-42.501722
46051	33.183556	-68.016125	-43.359092
46052	31.759617	-66.746295	-41.977380
46053	29.018210	-65.312548	-39.469431
46054	25.766109	-63.911429	-36.591983
46055	22.292821	-62.563174	-33.508722
46056	18.790450	-61.210896	-30.266373
46057	15.276903	-59.659215	-26.770864
46058	11.897383	-57.833265	-23.145415
46059	8.670337	-55.679956	-19.531555
46060	5.676273	-53.249629	-16.170455
46061	2.927920	-50.561005	-13.189889
46062	0.483826	-47.679298	-10.646925
46063	-1.619910	-44.593391	-8.520571
46064	-3.377177	-41.420796	-6.774345
46065	-4.816209	-38.208630	-5.361790
46066	-5.914877	-35.050291	-4.287805
46067	-6.717774	-31.945534	-3.523685
46068	-7.259090	-28.899800	-3.109867
46069	-7.593311	-25.822692	-3.027939
46070	-7.764652	-22.741061	-3.236046
46071	-7.831907	-19.596837	-3.651677
46072	-7.822508	-16.436211	-4.187652
46073	-7.795998	-13.253335	-4.706125
46074	-7.809412	-10.115753	-5.071030
46075	-7.943315	-6.977746	-5.099032
46076	-8.209237	-3.871976	-4.685219
46077	-8.640038	-0.793840	-3.829355
46078	-9.205818	2.149869	-2.567103
46079	-9.778037	4.950764	-0.970930
46080	-10.162472	7.520359	0.902506
46081	-10.247629	9.844913	2.941508
46082	-10.079602	11.845727	4.961041
46083	-9.872585	13.506322	6.713249
46084	-9.841361	14.802135	7.966578
46085	-9.983309	15.644760	8.670664
46086	-9.969961	15.840747	8.972908
46087	-9.458245	15.361141	9.233851
46088	-8.011677	13.587785	9.977686
46089	-6.975209	11.453403	10.664680
46090	-6.443413	10.009827	11.224778
46091	-5.993003	8.618372	11.070132
46092	-5.417207	6.989677	10.441603
46093	-4.939857	5.405156	10.347825
46094	-4.525098	4.166023	10.424884
46095	-4.196233	3.300097	10.372328
46096	-3.932895	2.624008	10.335113
46097	-3.773659	2.109742	10.362757
46098	-3.659556	1.769761	10.441466
46099	-3.644413	1.434435	10.534268
46100	-3.684512	1.163552	10.631425
46101	-3.744660	0.937877	10.745906
46102	-3.829499	0.736323	10.862623
46103	-3.946512	0.540142	10.988926
46104	-4.094564	0.370406	11.112607
46105	-4.235714	0.221790	11.232260
46106	-4.352631	0.141372	11.345434
46107	-4.431258	0.101281	11.442027
46108	-4.494490	0.124544	11.539748
46109	-4.542893	0.159001	11.632405
46110	-4.579925	0.217082	11.719852
46111	-4.626218	0.250348	11.799393
46112	-4.665096	0.295634	11.882326
46113	-4.700597	0.307466	11.948083
46114	-4.751948	0.305256	12.005190
46115	-4.833157	0.256344	12.043877
46116	-4.924506	0.205566	12.077498
46117	-5.008152	0.134832	12.117916
46118	-5.095114	0.047508	12.152246
46119	-5.183273	-0.083129	12.165911
46120	-5.253520	-0.223554	12.171654
46121	-5.297926	-0.378833	12.173232
46122	-5.322910	-0.531542	12.170126
46123	-5.329792	-0.701584	12.165866
46124	-5.330041	-0.873489	12.170842
46125	-5.329710	-1.065532	12.179725
46126	-5.330972	-1.266705	12.193005
46127	-5.324411	-1.486224	12.211082
46128	-5.310441	-1.711200	12.223465
46129	-5.298089	-1.956529	12.227201
46130	-5.288327	-2.205052	12.220501
46131	-5.283965	-2.473622	12.206300
46132	-5.289480	-2.747194	12.190423
46133	-5.313222	-3.049734	12.171821
46134	-5.363717	-3.357023	12.150460
46135	-5.442587	-3.697631	12.121794
46136	-5.537233	-4.057589	12.082687
46137	-5.632102	-4.457969	12.033720
46138	-5.713012	-4.895381	11.978272
46139	-5.799241	-5.411714	11.915634
46140	-5.896798	-6.006819	11.856685
46141	-6.018589	-6.689548	11.806894
46142	-6.152025	-7.460594	11.788353
46143	-6.286990	-8.351873	11.789178
46144	-6.408526	-9.363761	11.775118
46145	-6.507733	-10.512410	11.735186
46146	-6.598301	-11.790266	11.676548
46147	-6.704773	-13.215977	11.603448
46148	-6.818812	-14.803814	11.492261
46149	-6.951629	-16.586359	11.327253
46150	-7.100680	-18.599387	11.101120
46151	-7.304644	-20.797776	10.856584
46152	-7.533023	-23.151316	10.635294
46153	-7.717554	-25.682160	10.401631
46154	-7.876932	-28.405336	10.164213
46155	-8.000020	-31.340740	9.875897
46156	-8.022693	-34.470110	9.420804
46157	-8.052526	-37.729658	8.918388
46158	-8.116417	-41.200705	8.342656
46159	-8.312356	-44.830419	7.672173
46160	-8.756529	-48.584290	6.950771
46161	-9.311915	-52.311109	6.101133
46162	-9.586718	-56.033751	4.966519
46163	-9.336940	-59.805641	3.558124
46164	-8.385239	-63.557839	1.542934
46165	-6.250656	-67.139295	-1.740281
46166	-1.875612	-70.455534	-7.252020
46167	5.465879	-73.483290	-15.597371
46168	14.837700	-75.213290	-25.670094
46169	22.543863	-75.136668	-33.671241
46170	25.561177	-73.782185	-36.568936
46171	25.046714	-71.695996	-35.707322
46172	23.099380	-69.280152	-33.375793
46173	20.716062	-66.773862	-30.718471
46174	18.219961	-64.293863	-28.126419
46175	15.628226	-61.777266	-25.608994
46176	13.061947	-59.203062	-23.199771
46177	10.576405	-56.528784	-20.868203
46178	8.291703	-53.812385	-18.685837
46179	6.179204	-51.004198	-16.646714
46180	4.242190	-48.116385	-14.793555
46181	2.417746	-45.089653	-13.091739
46182	0.721734	-41.967688	-11.546221
46183	-0.850165	-38.757392	-10.149075
46184	-2.267328	-35.588982	-8.937543
46185	-3.511989	-32.447492	-7.928571
46186	-4.547047	-29.421049	-7.119047
46187	-5.359123	-26.435050	-6.520262
46188	-5.942341	-23.515484	-6.129679
46189	-6.319734	-20.622473	-5.912217
46190	-6.547471	-17.802425	-5.772456
46191	-6.706672	-15.006549	-5.610064
46192	-6.853492	-12.274518	-5.322575
46193	-7.048576	-9.558725	-4.808055
46194	-7.336485	-6.877193	-4.001200
46195	-7.748422	-4.189979	-2.906968
46196	-8.271968	-1.568661	-1.587784
46197	-8.815575	0.994386	-0.116986
46198	-9.223831	3.419215	1.462547
46199	-9.412685	5.708619	3.046943
46200	-9.442750	7.806154	4.508729
46201	-9.499720	9.702256	5.687356
46202	-9.738487	11.343588	6.457655
46203	-10.206030	12.700087	6.785859
46204	-10.838413	13.718188	6.743396
46205	-11.559582	14.392898	6.440802
46206	-11.895936	14.579986	6.219350
46207	-11.500858	14.199135	6.305526
46208	-9.740657	12.921260	7.365791
46209	-8.291198	10.941894	8.448199
46210	-7.525877	9.401159	9.161275
46211	-6.989463	8.111187	8.925767
46212	-6.402061	6.776618	8.209265
46213	-5.946287	5.555138	8.104490
46214	-5.588630	4.489127	8.340110
46215	-5.373441	3.538943	8.471568
46216	-5.238660	2.734161	8.432076
46217	-5.174102	2.118005	8.447683
46218	-5.121818	1.694375	8.522346
46219	-5.094757	1.349347	8.568445
46220	-5.129866	1.097447	8.629006
46221	-5.197251	0.906150	8.703725
46222	-5.282074	0.769275	8.784728
46223	-5.371374	0.653107	8.863281
46224	-5.490979	0.571435	8.949071
46225	-5.601573	0.489111	9.024087
46226	-5.681093	0.445613	9.103070
46227	-5.721103	0.417009	9.167856
46228	-5.732269	0.436652	9.230529
46229	-5.705223	0.467226	9.282033
46230	-5.651828	0.541572	9.338929
46231	-5.588355	0.615325	9.394042
46232	-5.510907	0.737882	9.464147
46233	-5.410933	0.864837	9.529091
46234	-5.310051	1.013470	9.592858
46235	-5.222801	1.135101	9.652516
46236	-5.139599	1.265174	9.715266
46237	-5.076822	1.356526	9.779189
46238	-5.034567	1.431533	9.837609
46239	-5.002407	1.470207	9.893093
46240	-4.967349	1.501874	9.946906
46241	-4.920397	1.515951	10.001173
46242	-4.877646	1.506585	10.039753
46243	-4.827352	1.473054	10.073527
46244	-4.774961	1.441571	10.103953
46245	-4.719874	1.398515	10.134561
46246	-4.665938	1.361023	10.172972
46247	-4.616193	1.301395	10.209916
46248	-4.567447	1.242103	10.244136
46249	-4.520479	1.151527	10.268408
46250	-4.467508	1.057603	10.300179
46251	-4.416729	0.937335	10.323069
46252	-4.395099	0.797405	10.354823
46253	-4.392695	0.624018	10.375501
46254	-4.423438	0.436395	10.402479
46255	-4.474363	0.211500	10.419789
46256	-4.537264	-0.037273	10.424225
46257	-4.604397	-0.333633	10.412131
46258	-4.688941	-0.670690	10.391926
46259	-4.779025	-1.059774	10.371923
46260	-4.873418	-1.492087	10.371429
46261	-4.980700	-1.998703	10.375037
46262	-5.112197	-2.585627	10.380247
46263	-5.257211	-3.285177	10.368883
46264	-5.394841	-4.080671	10.345021
46265	-5.520864	-4.996038	10.302125
46266	-5.649653	-6.021978	10.249371
46267	-5.793163	-7.200691	10.167310
46268	-5.973321	-8.496837	10.063130
46269	-6.170203	-9.930874	9.957986
46270	-6.367697	-11.500142	9.847209
46271	-6.568262	-13.250314	9.724688
46272	-6.757746	-15.235136	9.534054
46273	-6.994702	-17.430684	9.290000
46274	-7.276224	-19.793548	9.008532
46275	-7.567811	-22.385884	8.740428
46276	-7.835511	-25.191666	8.457606
46277	-7.985221	-28.247205	8.111686
46278	-8.060070	-31.496109	7.742718
46279	-8.124188	-34.896792	7.324169
46280	-8.174643	-38.453297	6.711279
46281	-8.398876	-42.152967	5.995890
46282	-9.106379	-45.994088	5.264878
46283	-10.179477	-49.812819	4.388662
46284	-11.090245	-53.657399	3.314614
46285	-11.099845	-57.536380	1.876593
46286	-9.890502	-61.400719	-0.319992
46287	-7.431051	-65.192985	-3.649496
46288	-2.896791	-68.931947	-8.956754
46289	4.370291	-72.551383	-16.813336
46290	15.067485	-74.974675	-27.587409
46291	26.583928	-75.904506	-38.624864
46292	34.694532	-75.569093	-45.852934
46293	37.665040	-74.437438	-48.031107
46294	36.524803	-72.824672	-46.513184
46295	32.806329	-70.863010	-42.859557
46296	28.031616	-68.642558	-38.406807
46297	23.032179	-66.214656	-33.804761
46298	18.333055	-63.654608	-29.431149
46299	14.176299	-60.897701	-25.418134
46300	10.753247	-58.036088	-21.942560
46301	7.878626	-55.070323	-18.910270
46302	5.439895	-52.039303	-16.307439
46303	3.312522	-48.925724	-14.096404
46304	1.460839	-45.767721	-12.252020
46305	-0.181861	-42.529981	-10.709637
46306	-1.626168	-39.292035	-9.435358
46307	-2.921796	-36.041385	-8.386000
46308	-4.047765	-32.845397	-7.548766
46309	-4.992479	-29.647246	-6.906369
46310	-5.725882	-26.522158	-6.427856
46311	-6.239775	-23.417314	-6.100730
46312	-6.567297	-20.390081	-5.894134
46313	-6.810359	-17.359335	-5.745571
46314	-7.044178	-14.351816	-5.595764
46315	-7.378956	-11.305701	-5.366337
46316	-7.837855	-8.282364	-4.973182
46317	-8.391099	-5.256177	-4.348645
46318	-8.969019	-2.294559	-3.462414
46319	-9.507140	0.606202	-2.318913
46320	-9.915545	3.368551	-0.943634
46321	-10.147776	5.962615	0.583588
46322	-10.208650	8.276390	2.160671
46323	-10.182389	10.258164	3.629492
46324	-10.216853	11.842582	4.818054
46325	-10.436127	13.025149	5.628530
46326	-10.540180	13.580813	6.186263
46327	-10.354299	13.500803	6.608251
46328	-9.341902	12.399008	7.484252
46329	-8.101920	10.233671	8.654924
46330	-7.193129	8.374754	9.620344
46331	-6.519961	7.178235	9.848994
46332	-5.907103	5.710602	9.300496
46333	-5.295699	4.168842	9.134368
46334	-4.936986	3.151037	9.195862
46335	-4.593059	2.523672	9.185249
46336	-4.384838	1.974111	9.199610
46337	-4.281018	1.542196	9.253445
46338	-4.231091	1.231864	9.353411
46339	-4.223763	0.947544	9.446740
46340	-4.265524	0.730782	9.540571
46341	-4.336642	0.548953	9.640571
46342	-4.406840	0.424996	9.730203
46343	-4.471908	0.344935	9.818448
46344	-4.521746	0.324186	9.907044
46345	-4.543638	0.340279	9.986574
46346	-4.527108	0.428900	10.064816
46347	-4.472061	0.544514	10.147406
46348	-4.393017	0.703410	10.240201
46349	-4.300806	0.841219	10.322029
46350	-4.202210	0.993449	10.398241
46351	-4.109613	1.099496	10.460354
46352	-4.024720	1.196480	10.514769
46353	-3.945140	1.253649	10.565369
46354	-3.883974	1.290150	10.600052
46355	-3.855454	1.276598	10.633785
46356	-3.850522	1.236950	10.660514
46357	-3.864672	1.177650	10.688702
46358	-3.893653	1.116637	10.726225
46359	-3.930962	1.028466	10.754323
46360	-3.959858	0.941394	10.771570
46361	-3.962858	0.837164	10.787606
46362	-3.936506	0.735386	10.798678
46363	-3.885348	0.618617	10.806570
46364	-3.830708	0.509291	10.816911
46365	-3.786546	0.387235	10.826803
46366	-3.758836	0.272918	10.838378
46367	-3.739256	0.143968	10.856465
46368	-3.724939	0.025987	10.870984
46369	-3.709781	-0.114917	10.880818
46370	-3.695401	-0.258188	10.883055
46371	-3.693505	-0.421839	10.880730
46372	-3.707894	-0.583836	10.876497
46373	-3.748206	-0.769015	10.881992
46374	-3.813139	-0.964228	10.888883
46375	-3.892437	-1.197056	10.895202
46376	-3.964201	-1.462568	10.908981
46377	-4.004140	-1.783172	10.926460
46378	-4.022570	-2.159457	10.956205
46379	-4.027814	-2.632501	10.988567
46380	-4.036489	-3.214920	11.022712
46381	-4.040919	-3.932290	11.043477
46382	-4.031562	-4.776250	11.046448
46383	-4.018351	-5.758736	11.034206
46384	-3.999794	-6.877287	10.995653
46385	-3.997778	-8.153268	10.920048
46386	-4.021892	-9.558306	10.821229
46387	-4.082986	-11.116286	10.699441
46388	-4.163087	-12.868122	10.559084
46389	-4.273981	-14.848449	10.382280
46390	-4.440059	-17.003313	10.216951
46391	-4.610224	-19.362017	10.000575
46392	-4.768719	-21.919183	9.695227
46393	-4.866271	-24.673603	9.239236
46394	-4.847566	-27.629923	8.673640
46395	-4.726945	-30.752961	8.077906
46396	-4.568966	-34.018566	7.313035
46397	-4.400270	-37.406481	6.324632
46398	-4.419230	-40.916806	5.157330
46399	-4.962632	-44.572480	3.921042
46400	-5.996430	-48.253576	2.589366
46401	-7.076166	-51.836749	1.028590
46402	-7.716930	-55.483319	-0.799222
46403	-7.206003	-59.177977	-3.280433
46404	-5.133525	-62.783056	-6.847601
46405	-0.926730	-66.090242	-12.137560
46406	5.897024	-69.226478	-19.510618
46407	15.126057	-71.365219	-28.567970
46408	24.977210	-72.115130	-37.677297
46409	32.687637	-71.716937	-44.384246
46410	36.771704	-70.541666	-47.675028
46411	37.343276	-68.894205	-47.959602
46412	35.296802	-67.023290	-46.153706
46413	31.633188	-65.035180	-43.033609
46414	27.232356	-63.015524	-39.235823
46415	22.572565	-61.006456	-35.053425
46416	18.007433	-58.963011	-30.705866
46417	13.754156	-56.735768	-26.372616
46418	10.046445	-54.367961	-22.337462
46419	6.802827	-51.871004	-18.636390
46420	3.999431	-49.263669	-15.330704
46421	1.573213	-46.487645	-12.409929
46422	-0.432810	-43.565247	-9.920395
46423	-2.056391	-40.495300	-7.862977
46424	-3.336698	-37.392405	-6.246681
46425	-4.344235	-34.265676	-5.053236
46426	-5.122188	-31.212039	-4.255100
46427	-5.701099	-28.202445	-3.795830
46428	-6.072656	-25.263852	-3.613121
46429	-6.285188	-22.326431	-3.611175
46430	-6.393913	-19.415993	-3.705615
46431	-6.478963	-16.491163	-3.807879
46432	-6.613910	-13.608762	-3.804842
46433	-6.861671	-10.722012	-3.549959
46434	-7.219488	-7.842976	-2.922824
46435	-7.706123	-4.944204	-1.920133
46436	-8.299789	-2.100236	-0.589509
46437	-8.932077	0.686384	1.006637
46438	-9.483417	3.344056	2.798805
46439	-9.868682	5.854026	4.718252
46440	-10.079919	8.140758	6.636076
46441	-10.234974	10.146806	8.385148
46442	-10.478959	11.807021	9.774171
46443	-10.944467	13.110671	10.633586
46444	-11.518079	14.003822	11.005764
46445	-11.656118	14.252867	11.142416
46446	-10.175381	13.517975	11.928372
46447	-8.126132	11.392561	12.864616
46448	-6.970676	9.234672	13.721161
46449	-6.356937	8.013875	13.941432
46450	-5.807898	6.709443	13.288808
46451	-5.275565	5.195017	12.788464
46452	-4.877455	3.931504	13.058617
46453	-4.609315	3.067498	13.182701
46454	-4.509510	2.357474	13.216188
46455	-4.510781	1.808326	13.299176
46456	-4.515262	1.471006	13.419947
46457	-4.564495	1.156357	13.526642
46458	-4.711088	0.892376	13.631279
46459	-4.894685	0.678178	13.732738
46460	-5.097020	0.528604	13.826550
46461	-5.321911	0.408932	13.911998
46462	-5.535852	0.365387	13.980890
46463	-5.714583	0.348806	14.033414
46464	-5.826999	0.375534	14.075030
46465	-5.856932	0.428495	14.111396
46466	-5.812835	0.516861	14.142046
46467	-5.705183	0.607574	14.165865
46468	-5.539890	0.733577	14.194943
46469	-5.329617	0.873976	14.232304
46470	-5.089711	1.029730	14.278212
46471	-4.859176	1.156720	14.328820
46472	-4.660200	1.258266	14.377408
46473	-4.510312	1.288605	14.423324
46474	-4.409687	1.288526	14.466299
46475	-4.340470	1.247662	14.517565
46476	-4.301558	1.181253	14.559638
46477	-4.296478	1.072417	14.589421
46478	-4.311020	0.942690	14.611658
46479	-4.327907	0.794892	14.649505
46480	-4.337167	0.630763	14.678375
46481	-4.344967	0.433470	14.700698
46482	-4.355698	0.222600	14.714512
46483	-4.378481	-0.017638	14.730055
46484	-4.414947	-0.271149	14.736656
46485	-4.462576	-0.545104	14.741393
46486	-4.521093	-0.830072	14.742757
46487	-4.582096	-1.135303	14.734716
46488	-4.638146	-1.445936	14.730220
46489	-4.698218	-1.770946	14.729225
46490	-4.775950	-2.095471	14.731024
46491	-4.862093	-2.437896	14.730333
46492	-4.965066	-2.784531	14.729775
46493	-5.083735	-3.159056	14.723615
46494	-5.212366	-3.555936	14.714266
46495	-5.345736	-3.987205	14.705072
46496	-5.485114	-4.452466	14.699878
46497	-5.632385	-4.981962	14.701952
46498	-5.810446	-5.560369	14.713968
46499	-6.025138	-6.222311	14.754548
46500	-6.264888	-6.955620	14.801969
46501	-6.518644	-7.803359	14.827996
46502	-6.784773	-8.755439	14.821153
46503	-7.063153	-9.829995	14.785782
46504	-7.342025	-11.014319	14.738437
46505	-7.633420	-12.321877	14.692467
46506	-7.957803	-13.761762	14.641539
46507	-8.304322	-15.388624	14.545652
46508	-8.699214	-17.172861	14.411579
46509	-9.160588	-19.096243	14.286721
46510	-9.650025	-21.187935	14.168826
46511	-10.124717	-23.453896	14.067358
46512	-10.533613	-25.917806	13.873303
46513	-10.904179	-28.647195	13.637090
46514	-11.207377	-31.581727	13.378311
46515	-11.537647	-34.655563	13.086591
46516	-11.931868	-37.946237	12.683046
46517	-12.658350	-41.396164	12.354059
46518	-13.989948	-45.006435	12.184315
46519	-15.894475	-48.653842	12.071355
46520	-18.019610	-52.251123	11.836410
46521	-19.860022	-55.888553	11.452344
46522	-21.022576	-59.569367	10.726291
46523	-21.214855	-63.261642	9.285786
46524	-19.838407	-66.901967	6.451424
46525	-16.378922	-70.601841	1.772656
46526	-10.096690	-74.112657	-5.447021
46527	0.238420	-76.273732	-16.217820
46528	11.922882	-76.831736	-28.056632
46529	19.872846	-75.908436	-35.912626
46530	23.214764	-74.092575	-39.008272
46531	23.303996	-71.777509	-38.826325
46532	21.737196	-69.243641	-37.015884
46533	19.307558	-66.586487	-34.380061
46534	16.533359	-63.870082	-31.424501
46535	13.668621	-61.066553	-28.378662
46536	11.025513	-58.205731	-25.487269
46537	8.613848	-55.262938	-22.777556
46538	6.483344	-52.266168	-20.337269
46539	4.547535	-49.198750	-18.156424
46540	2.802159	-46.113236	-16.257152
46541	1.228320	-42.964742	-14.614142
46542	-0.153242	-39.788455	-13.188741
46543	-1.358197	-36.543414	-11.958293
46544	-2.397099	-33.292865	-10.922878
46545	-3.322408	-30.003237	-10.075720
46546	-4.142079	-26.776550	-9.419991
46547	-4.842980	-23.576256	-8.947962
46548	-5.401184	-20.459464	-8.625061
46549	-5.862461	-17.360347	-8.385132
46550	-6.288811	-14.269096	-8.151491
46551	-6.739498	-11.158430	-7.809009
46552	-7.216687	-8.088800	-7.208915
46553	-7.777484	-4.999454	-6.271477
46554	-8.503150	-1.937976	-5.055243
46555	-9.374899	1.081284	-3.618505
46556	-10.198342	3.970095	-1.985331
46557	-10.771519	6.712146	-0.164995
46558	-11.024896	9.214609	1.779467
46559	-11.097671	11.461384	3.708440
46560	-11.145466	13.390705	5.442409
46561	-11.319112	14.981479	6.794834
46562	-11.693788	16.172168	7.663251
46563	-12.286924	16.928930	8.043345
46564	-12.792931	17.178057	8.115486
46565	-12.854158	16.856491	8.104954
46566	-12.310435	16.034981	8.236122
46567	-10.290459	14.689555	9.369069
46568	-8.261505	13.006709	10.367294
46569	-7.458038	11.550573	11.206988
46570	-7.106296	9.842546	11.289260
46571	-6.449988	7.850581	10.565440
46572	-5.713678	6.098031	10.216324
46573	-5.071786	4.730958	10.369725
46574	-4.639113	3.772075	10.556396
46575	-4.431164	2.957771	10.597594
46576	-4.430071	2.309284	10.684058
46577	-4.477658	1.828432	10.824108
46578	-4.523307	1.443200	10.943483
46579	-4.601796	1.122393	11.057793
46580	-4.729638	0.899494	11.182056
46581	-4.897451	0.719977	11.313693
46582	-5.091548	0.600937	11.429901
46583	-5.289148	0.500293	11.536316
46584	-5.486390	0.445516	11.623590
46585	-5.665689	0.408658	11.692544
46586	-5.795512	0.430959	11.753535
46587	-5.880888	0.481582	11.796247
46588	-5.926615	0.569946	11.837969
46589	-5.951878	0.640202	11.873812
46590	-5.963471	0.706575	11.898742
46591	-5.956906	0.753110	11.923901
46592	-5.932238	0.800193	11.956328
46593	-5.884451	0.813627	11.981980
46594	-5.838494	0.816145	12.003920
46595	-5.804973	0.789596	12.017115
46596	-5.780965	0.762416	12.030506
46597	-5.772150	0.713528	12.046239
46598	-5.775382	0.655374	12.049408
46599	-5.777787	0.575924	12.049998
46600	-5.780514	0.498105	12.046105
46601	-5.785840	0.383222	12.025663
46602	-5.784386	0.273051	12.003934
46603	-5.784317	0.139727	11.993270
46604	-5.787189	0.011399	11.986585
46605	-5.796747	-0.142049	11.982080
46606	-5.818213	-0.293050	11.972876
46607	-5.831218	-0.463987	11.970271
46608	-5.827449	-0.629978	11.967235
46609	-5.824269	-0.816906	11.966341
46610	-5.837535	-1.007298	11.960872
46611	-5.875754	-1.226254	11.955312
46612	-5.935350	-1.452460	11.957106
46613	-6.015213	-1.698309	11.963605
46614	-6.114102	-1.956441	11.966704
46615	-6.232759	-2.251650	11.960386
46616	-6.362997	-2.570236	11.947950
46617	-6.498898	-2.924223	11.929701
46618	-6.644095	-3.308854	11.912596
46619	-6.811002	-3.752515	11.897760
46620	-6.990956	-4.254064	11.897123
46621	-7.190350	-4.862851	11.899318
46622	-7.405211	-5.558959	11.894989
46623	-7.628795	-6.379458	11.868005
46624	-7.880876	-7.309065	11.815183
46625	-8.164172	-8.377927	11.722682
46626	-8.466526	-9.559639	11.611624
46627	-8.795896	-10.878965	11.522723
46628	-9.149231	-12.320713	11.418684
46629	-9.527393	-13.970447	11.295011
46630	-9.985505	-15.773151	11.140699
46631	-10.519182	-17.744344	11.002667
46632	-11.081673	-19.924192	10.881586
46633	-11.615594	-22.305080	10.776871
46634	-12.098905	-24.890678	10.569812
46635	-12.468327	-27.771977	10.376825
46636	-12.772699	-30.817785	10.232981
46637	-13.077037	-34.069115	10.045842
46638	-13.436813	-37.495411	9.799958
46639	-14.151962	-41.059703	9.630535
46640	-15.392875	-44.729459	9.522878
46641	-16.961506	-48.374431	9.321893
46642	-18.445195	-52.041293	9.011712
46643	-19.430474	-55.744021	8.502469
46644	-19.647192	-59.459156	7.493045
46645	-18.937076	-63.109042	5.659855
46646	-16.747969	-66.733074	2.459934
46647	-12.752695	-70.423335	-2.415371
46648	-5.937271	-73.379756	-9.802860
46649	3.397827	-74.867952	-19.373055
46650	12.226784	-74.771275	-28.307336
46651	17.413531	-73.425548	-33.482172
46652	19.384891	-71.370938	-35.345510
46653	19.360546	-68.973701	-35.144212
46654	18.368207	-66.513554	-33.916997
46655	16.809383	-64.092390	-32.086555
46656	14.981157	-61.749596	-29.934225
46657	13.007646	-59.400621	-27.575337
46658	11.028869	-57.031251	-25.160073
46659	9.043231	-54.566920	-22.745714
46660	7.113266	-52.013989	-20.457755
46661	5.224822	-49.317950	-18.331662
46662	3.464835	-46.489214	-16.432553
46663	1.865608	-43.498329	-14.744854
46664	0.475193	-40.413046	-13.280015
46665	-0.747831	-37.235832	-12.005506
46666	-1.820277	-34.057630	-10.940598
46667	-2.787067	-30.862863	-10.072652
46668	-3.641117	-27.722106	-9.431467
46669	-4.370704	-24.585227	-8.997068
46670	-4.959136	-21.502598	-8.731163
46671	-5.456088	-18.422656	-8.572063
46672	-5.923530	-15.366795	-8.459274
46673	-6.454217	-12.279460	-8.315985
46674	-7.100783	-9.205577	-8.071928
46675	-7.902787	-6.085944	-7.678365
46676	-8.812022	-2.998093	-7.114770
46677	-9.743240	0.058066	-6.361408
46678	-10.560304	2.987815	-5.418087
46679	-11.186717	5.771112	-4.306623
46680	-11.606131	8.318155	-3.089864
46681	-11.885906	10.630887	-1.839312
46682	-12.100138	12.669960	-0.664710
46683	-12.368256	14.447191	0.347624
46684	-12.765989	15.938407	1.140730
46685	-13.215907	17.096820	1.785645
46686	-13.202657	17.678071	2.520173
46687	-12.507377	17.560991	3.447631
46688	-10.672481	16.483452	4.955243
46689	-8.948975	14.413364	6.310263
46690	-7.835572	12.527969	7.104901
46691	-7.112685	11.118887	7.132647
46692	-6.388223	9.553046	6.476221
46693	-5.785865	7.843375	6.050600
46694	-5.268469	6.404896	6.289255
46695	-4.860772	5.350681	6.364670
46696	-4.641457	4.527700	6.455713
46697	-4.517636	3.811435	6.465593
46698	-4.488017	3.279719	6.528466
46699	-4.508019	2.877586	6.593761
46700	-4.598582	2.544149	6.662184
46701	-4.743065	2.259287	6.741038
46702	-4.929639	2.049420	6.821284
46703	-5.138710	1.857333	6.900424
46704	-5.370556	1.703235	6.971759
46705	-5.593679	1.573616	7.037119
46706	-5.799121	1.497244	7.092219
46707	-5.967181	1.438735	7.129571
46708	-6.099502	1.430996	7.150841
46709	-6.189728	1.422560	7.155222
46710	-6.238396	1.434849	7.157028
46711	-6.263857	1.432697	7.157431
46712	-6.279782	1.436178	7.156233
46713	-6.278075	1.430539	7.155320
46714	-6.273998	1.439441	7.157168
46715	-6.267376	1.440054	7.161097
46716	-6.276474	1.452433	7.172660
46717	-6.293303	1.467520	7.185637
46718	-6.325410	1.481795	7.198387
46719	-6.365014	1.487330	7.216754
46720	-6.392802	1.490774	7.232503
46721	-6.392612	1.489998	7.256489
46722	-6.376727	1.481930	7.278645
46723	-6.343237	1.460224	7.298528
46724	-6.295211	1.447903	7.325422
46725	-6.220338	1.443457	7.362805
46726	-6.136792	1.438730	7.404331
46727	-6.050840	1.417139	7.446755
46728	-5.960230	1.384207	7.486594
46729	-5.862570	1.330814	7.521286
46730	-5.751680	1.283422	7.560608
46731	-5.636690	1.218828	7.607105
46732	-5.538095	1.147843	7.646631
46733	-5.449062	1.047849	7.694099
46734	-5.384794	0.931815	7.740554
46735	-5.326009	0.789102	7.790503
46736	-5.291709	0.624410	7.842493
46737	-5.281611	0.428796	7.883751
46738	-5.289446	0.216012	7.915730
46739	-5.312361	-0.036494	7.943401
46740	-5.350947	-0.313086	7.963932
46741	-5.410488	-0.623775	8.003732
46742	-5.490023	-0.976835	8.040216
46743	-5.604766	-1.394866	8.089985
46744	-5.749059	-1.880162	8.142922
46745	-5.908907	-2.451372	8.185991
46746	-6.075041	-3.116136	8.193264
46747	-6.264841	-3.861163	8.157429
46748	-6.475376	-4.695071	8.087714
46749	-6.679901	-5.641893	8.009079
46750	-6.897004	-6.690300	7.905573
46751	-7.139435	-7.857521	7.789824
46752	-7.388876	-9.173718	7.621427
46753	-7.636574	-10.598991	7.466533
46754	-7.894662	-12.090915	7.353718
46755	-8.172565	-13.712766	7.248624
46756	-8.471952	-15.490757	7.140067
46757	-8.787694	-17.462775	6.954486
46758	-9.085948	-19.640616	6.687189
46759	-9.294256	-22.037918	6.376622
46760	-9.394318	-24.640330	6.034538
46761	-9.373367	-27.517744	5.662103
46762	-9.285030	-30.593445	5.327096
46763	-9.221789	-33.822989	5.024300
46764	-9.332831	-37.210685	4.753813
46765	-9.584947	-40.732284	4.433791
46766	-10.017773	-44.389680	4.067301
46767	-10.447200	-48.093849	3.587552
46768	-10.543955	-51.892894	2.949621
46769	-10.209751	-55.816475	2.148708
46770	-9.477512	-59.769232	1.007625
46771	-8.224789	-63.670633	-0.769568
46772	-5.774366	-67.519364	-3.796780
46773	-1.678310	-71.215692	-8.380505
46774	3.858528	-73.614875	-14.132266
46775	8.994477	-74.241943	-19.259550
46776	11.621920	-73.450520	-21.833675
46777	12.139036	-71.762737	-22.293529
46778	11.795988	-69.720156	-21.905175
46779	11.265583	-67.643754	-21.345978
46780	10.719080	-65.678660	-20.785432
46781	10.014122	-63.716077	-20.047334
46782	9.091813	-61.667904	-19.025194
46783	7.901623	-59.442087	-17.670111
46784	6.551262	-57.040258	-16.137557
46785	5.077109	-54.374650	-14.551754
46786	3.587324	-51.478624	-13.089837
46787	2.087958	-48.359934	-11.800794
46788	0.628161	-45.119539	-10.698028
46789	-0.766384	-41.773110	-9.723022
46790	-2.018101	-38.421605	-8.861632
46791	-3.110346	-35.042692	-8.095857
46792	-4.041581	-31.710858	-7.432080
46793	-4.867689	-28.386001	-6.891444
46794	-5.647360	-25.117541	-6.497651
46795	-6.421982	-21.840555	-6.238222
46796	-7.157865	-18.577298	-6.072017
46797	-7.848524	-15.317578	-5.905035
46798	-8.478918	-12.082247	-5.658769
46799	-9.138250	-8.816220	-5.229114
46800	-9.879840	-5.544627	-4.576940
46801	-10.703704	-2.235166	-3.705205
46802	-11.483619	1.014990	-2.587209
46803	-12.089510	4.198811	-1.231431
46804	-12.447538	7.222627	0.315326
46805	-12.573035	10.061993	1.970631
46806	-12.505621	12.608220	3.622630
46807	-12.362621	14.802669	5.134798
46808	-12.250918	16.564522	6.378204
46809	-12.267932	17.866779	7.265626
46810	-12.300858	18.636720	7.867554
46811	-12.055364	18.695520	8.321557
46812	-11.315626	18.030500	8.816740
46813	-9.502690	16.284983	9.791260
46814	-7.899995	14.208952	10.512140
46815	-7.032358	12.513689	11.001576
46816	-6.475596	10.772142	10.949100
46817	-5.787591	8.761664	10.449588
46818	-5.153169	6.836063	10.338291
46819	-4.538914	5.174583	10.461280
46820	-4.127996	4.068900	10.500773
46821	-3.880315	3.322104	10.539740
46822	-3.778079	2.769677	10.639521
46823	-3.713546	2.343556	10.757159
46824	-3.755250	1.988567	10.890412
46825	-3.873930	1.671739	11.035797
46826	-4.021120	1.457281	11.187334
46827	-4.184607	1.268890	11.338835
46828	-4.366441	1.130424	11.483352
46829	-4.588186	0.998962	11.611893
46830	-4.815505	0.918147	11.729138
46831	-5.016840	0.887563	11.823847
46832	-5.185856	0.913623	11.901656
46833	-5.320552	0.963196	11.961116
46834	-5.443827	1.011563	11.985653
46835	-5.565092	1.023207	11.975527
46836	-5.686722	1.027729	11.960971
46837	-5.780922	1.027606	11.951975
46838	-5.848704	1.035700	11.944838
46839	-5.914510	1.035032	11.938978
46840	-5.989991	1.036409	11.932444
46841	-6.064566	1.036804	11.929016
46842	-6.123394	1.056518	11.933022
46843	-6.182839	1.060661	11.940372
46844	-6.249968	1.061744	11.936813
46845	-6.318517	1.046252	11.935047
46846	-6.380406	1.028900	11.925168
46847	-6.449685	0.971574	11.901525
46848	-6.519092	0.915901	11.873506
46849	-6.584662	0.850612	11.855706
46850	-6.638166	0.799534	11.843123
46851	-6.680866	0.732325	11.838188
46852	-6.712192	0.679921	11.844639
46853	-6.733403	0.620856	11.856110
46854	-6.746266	0.565812	11.877375
46855	-6.748250	0.498333	11.890779
46856	-6.740829	0.443952	11.908867
46857	-6.729898	0.380147	11.930615
46858	-6.719038	0.324055	11.961547
46859	-6.716086	0.254576	11.995045
46860	-6.722410	0.182292	12.031846
46861	-6.731371	0.088419	12.073638
46862	-6.734965	-0.000666	12.120167
46863	-6.734661	-0.117302	12.167777
46864	-6.748947	-0.249383	12.217367
46865	-6.782200	-0.418316	12.265545
46866	-6.839673	-0.606624	12.318053
46867	-6.913401	-0.840820	12.383053
46868	-7.013050	-1.111165	12.464390
46869	-7.144875	-1.459190	12.534886
46870	-7.324355	-1.876573	12.587436
46871	-7.547889	-2.375681	12.616349
46872	-7.810847	-2.933162	12.614979
46873	-8.117241	-3.583293	12.583806
46874	-8.483428	-4.329462	12.501392
46875	-8.914774	-5.197467	12.380401
46876	-9.389267	-6.188472	12.224816
46877	-9.927562	-7.324308	12.039287
46878	-10.500117	-8.587235	11.793906
46879	-11.126217	-9.966201	11.551351
46880	-11.822003	-11.438279	11.367028
46881	-12.599221	-13.063883	11.233551
46882	-13.440457	-14.869819	11.125948
46883	-14.279228	-16.879147	11.044245
46884	-15.075950	-19.096609	11.008011
46885	-15.818487	-21.526863	11.000132
46886	-16.460149	-24.224895	11.059001
46887	-17.000510	-27.212578	11.222122
46888	-17.481838	-30.400668	11.476678
46889	-18.035952	-33.736484	11.803602
46890	-18.701430	-37.177580	12.148925
46891	-19.613207	-40.754575	12.549488
46892	-20.868471	-44.392218	13.033091
46893	-22.257890	-48.072466	13.548817
46894	-23.468724	-51.818001	14.025420
46895	-24.204100	-55.545848	14.173216
46896	-24.393251	-59.215060	13.771761
46897	-23.896727	-62.699588	12.604734
46898	-22.415866	-66.143171	10.440471
46899	-20.504890	-69.450186	7.766740
46900	-16.975025	-71.243791	3.736541
46901	-12.462416	-71.507938	-1.145630
46902	-8.293934	-70.652986	-5.538379
46903	-4.941833	-69.186555	-8.936532
46904	-2.169559	-67.500077	-11.591985
46905	0.082516	-65.757265	-13.614303
46906	1.842169	-64.047972	-15.064449
46907	2.996211	-62.284787	-15.834173
46908	3.552606	-60.419897	-15.872879
46909	3.514050	-58.357483	-15.169773
46910	3.057895	-56.109235	-13.953588
46911	2.305841	-53.659326	-12.457935
46912	1.388378	-51.060941	-10.957015
46913	0.322841	-48.273681	-9.570167
46914	-0.817556	-45.356334	-8.368369
46915	-1.975226	-42.278314	-7.343290
46916	-3.046457	-39.135850	-6.481639
46917	-3.975748	-35.912106	-5.743286
46918	-4.712943	-32.699543	-5.128161
46919	-5.315884	-29.489171	-4.624552
46920	-5.838102	-26.333127	-4.257871
46921	-6.345519	-23.166173	-4.018590
46922	-6.864495	-20.043070	-3.868976
46923	-7.420584	-16.896229	-3.770456
46924	-7.970345	-13.747965	-3.649370
46925	-8.546579	-10.563411	-3.434857
46926	-9.155722	-7.412088	-3.063391
46927	-9.808178	-4.247115	-2.505681
46928	-10.468191	-1.137213	-1.753776
46929	-11.125182	1.950720	-0.814881
46930	-11.692857	4.940757	0.286090
46931	-12.099565	7.814391	1.536943
46932	-12.287423	10.478444	2.873269
46933	-12.283245	12.904734	4.209426
46934	-12.179534	15.009906	5.442586
46935	-12.118523	16.746608	6.443153
46936	-12.065388	17.999416	7.213546
46937	-11.814489	18.586401	7.797571
46938	-11.218256	18.507501	8.335425
46939	-9.719243	17.520692	9.305271
46940	-7.988997	15.545440	10.463294
46941	-7.000397	13.439872	11.361032
46942	-6.598125	11.875344	11.804584
46943	-6.316168	10.134712	11.523199
46944	-5.993667	8.074762	11.140496
46945	-5.544063	6.200921	11.344083
46946	-5.160167	4.917288	11.442030
46947	-5.026656	3.981506	11.548788
46948	-5.056725	3.229733	11.632195
46949	-5.132077	2.648094	11.743285
46950	-5.215252	2.259000	11.853748
46951	-5.340291	1.933120	11.946113
46952	-5.493339	1.722227	12.045628
46953	-5.638085	1.588566	12.136687
46954	-5.777644	1.516511	12.220369
46955	-5.913341	1.454902	12.299074
46956	-6.048863	1.433460	12.360248
46957	-6.152168	1.423093	12.406807
46958	-6.203871	1.475636	12.444965
46959	-6.214086	1.546587	12.482357
46960	-6.215257	1.647456	12.516810
46961	-6.202220	1.747131	12.543785
46962	-6.190638	1.858484	12.565155
46963	-6.175785	1.952882	12.585241
46964	-6.143727	2.065565	12.607331
46965	-6.117805	2.163510	12.626187
46966	-6.115705	2.242436	12.632434
46967	-6.148367	2.278822	12.628163
46968	-6.199228	2.309504	12.619010
46969	-6.240562	2.314751	12.610685
46970	-6.280246	2.324029	12.605355
46971	-6.334996	2.299315	12.597152
46972	-6.381014	2.276653	12.592407
46973	-6.414283	2.231657	12.584659
46974	-6.427995	2.193464	12.581158
46975	-6.411438	2.142265	12.580347
46976	-6.380244	2.103599	12.585107
46977	-6.344562	2.045082	12.594508
46978	-6.289106	2.000757	12.605269
46979	-6.214632	1.940464	12.619998
46980	-6.128341	1.891938	12.640588
46981	-6.052245	1.824438	12.658235
46982	-5.985371	1.765789	12.675759
46983	-5.930115	1.686889	12.691475
46984	-5.883109	1.613219	12.711417
46985	-5.852345	1.524582	12.736107
46986	-5.837106	1.440922	12.757678
46987	-5.836178	1.338029	12.777575
46988	-5.845762	1.227341	12.788764
46989	-5.861485	1.093970	12.796830
46990	-5.879931	0.946128	12.804230
46991	-5.910624	0.756671	12.809290
46992	-5.952447	0.536586	12.824302
46993	-5.965382	0.254077	12.864716
46994	-5.972529	-0.096483	12.917309
46995	-6.015368	-0.550590	12.966440
46996	-6.116124	-1.094291	13.003974
46997	-6.283767	-1.750678	13.009834
46998	-6.530901	-2.503543	12.967367
46999	-6.841954	-3.368163	12.893191
47000	-7.197790	-4.362433	12.769833
47001	-7.634546	-5.558254	12.575055
47002	-8.150949	-6.911195	12.335016
47003	-8.693992	-8.421645	12.099944
47004	-9.256583	-10.076596	11.883971
47005	-9.842985	-11.908140	11.681721
47006	-10.474896	-13.954929	11.452998
47007	-11.153838	-16.292907	11.200175
47008	-11.815414	-18.933899	10.947842
47009	-12.385271	-21.843723	10.701070
47010	-12.848677	-25.044896	10.471391
47011	-13.244195	-28.542877	10.365805
47012	-13.700797	-32.213890	10.395435
47013	-14.328457	-36.009003	10.470478
47014	-15.228040	-39.874754	10.523093
47015	-16.531258	-43.792777	10.542837
47016	-18.068283	-47.712367	10.535860
47017	-19.316223	-51.623474	10.363318
47018	-20.002168	-55.559762	9.774501
47019	-19.926225	-59.476416	8.501189
47020	-18.871876	-63.389952	6.353515
47021	-16.486957	-67.490183	3.059131
47022	-11.948452	-71.453776	-2.067514
47023	-3.924256	-74.413209	-10.159981
47024	7.473561	-76.106203	-21.362398
47025	18.644915	-76.423225	-32.199249
47026	26.108150	-75.614658	-39.237323
47027	29.039040	-74.042166	-41.810978
47028	28.463153	-72.049334	-41.072853
47029	25.685697	-69.778195	-38.299847
47030	21.848422	-67.280814	-34.502703
47031	17.652401	-64.536615	-30.247905
47032	13.656974	-61.619739	-26.051396
47033	10.030941	-58.515626	-22.126406
47034	6.961708	-55.251567	-18.696154
47035	4.430948	-51.880737	-15.784813
47036	2.374483	-48.498028	-13.397542
47037	0.636974	-45.055047	-11.450060
47038	-0.831219	-41.576893	-9.909532
47039	-2.129018	-38.004300	-8.704742
47040	-3.277514	-34.429837	-7.816925
47041	-4.334793	-30.861181	-7.178384
47042	-5.283589	-27.368285	-6.743011
47043	-6.110808	-23.928004	-6.425574
47044	-6.767832	-20.582497	-6.170630
47045	-7.271717	-17.260026	-5.947205
47046	-7.660640	-13.984877	-5.775627
47047	-8.052646	-10.693317	-5.668017
47048	-8.542115	-7.390762	-5.606091
47049	-9.197761	-4.014923	-5.546793
47050	-9.987610	-0.638282	-5.427742
47051	-10.816656	2.734290	-5.134652
47052	-11.525988	5.985163	-4.563602
47053	-12.039826	9.084051	-3.657393
47054	-12.348374	11.947477	-2.419956
47055	-12.463394	14.555341	-0.903282
47056	-12.349818	16.812550	0.823550
47057	-11.835599	18.547657	2.669564
47058	-11.017669	19.711806	4.429347
47059	-10.207862	20.340562	5.880173
47060	-9.566374	20.421384	7.061184
47061	-8.571788	19.537560	8.391383
47062	-7.201610	17.665357	10.068298
47063	-6.402401	15.466850	11.323731
47064	-6.110613	13.919764	11.893557
47065	-5.964009	12.647655	11.654328
47066	-5.700693	11.036059	10.872659
47067	-5.439781	9.332306	10.448013
47068	-5.085434	7.684513	10.656706
47069	-4.482570	6.144933	10.713877
47070	-3.884656	5.310352	10.650353
47071	-3.508593	4.883703	10.702474
47072	-3.276635	4.634818	10.790108
47073	-3.067028	4.421352	10.850465
47074	-2.924090	4.266904	10.940874
47075	-2.828901	4.121071	11.040467
47076	-2.793081	4.000861	11.155499
47077	-2.787216	3.880404	11.285060
47078	-2.805925	3.781305	11.399577
47079	-2.839120	3.679508	11.489861
47080	-2.863725	3.612745	11.566246
47081	-2.874298	3.573692	11.639376
47082	-2.869829	3.573683	11.706177
47083	-2.858557	3.576769	11.768463
47084	-2.853816	3.579566	11.821301
47085	-2.858623	3.555438	11.862326
47086	-2.862846	3.546772	11.902558
47087	-2.866315	3.523157	11.941147
47088	-2.873566	3.502195	11.963088
47089	-2.890421	3.460225	11.976272
47090	-2.909408	3.429979	11.987013
47091	-2.929226	3.375739	11.993272
47092	-2.959206	3.333048	12.002504
47093	-2.992581	3.264375	12.008322
47094	-3.020202	3.204569	12.011664
47095	-3.029466	3.124215	12.012679
47096	-3.023007	3.050681	12.018955
47097	-3.008223	2.963515	12.030290
47098	-2.994998	2.887833	12.048359
47099	-2.992594	2.799488	12.071068
47100	-3.003145	2.720952	12.100041
47101	-3.013857	2.627221	12.129797
47102	-3.014058	2.533879	12.162555
47103	-3.003699	2.409305	12.190067
47104	-2.986391	2.269421	12.210642
47105	-2.966514	2.107259	12.226689
47106	-2.952535	1.933395	12.237889
47107	-2.965641	1.736441	12.247983
47108	-3.005510	1.531852	12.244089
47109	-3.076366	1.300948	12.234874
47110	-3.155624	1.062044	12.223032
47111	-3.231411	0.788796	12.210509
47112	-3.299243	0.495645	12.192867
47113	-3.377589	0.166440	12.161572
47114	-3.481046	-0.187124	12.122878
47115	-3.595909	-0.594630	12.077764
47116	-3.704471	-1.051626	12.040347
47117	-3.790725	-1.588352	12.005589
47118	-3.837678	-2.208040	11.976148
47119	-3.856360	-2.956564	11.945252
47120	-3.857832	-3.817232	11.914647
47121	-3.861924	-4.794410	11.880273
47122	-3.896340	-5.871776	11.840430
47123	-4.002224	-7.062082	11.803749
47124	-4.184324	-8.356903	11.765357
47125	-4.434572	-9.781876	11.738729
47126	-4.762421	-11.367121	11.719469
47127	-5.163563	-13.100160	11.694715
47128	-5.625147	-14.966660	11.694980
47129	-6.100795	-17.031405	11.674833
47130	-6.564392	-19.293623	11.575186
47131	-6.976389	-21.796966	11.346565
47132	-7.302580	-24.572057	11.029719
47133	-7.430025	-27.589879	10.640392
47134	-7.388140	-30.831786	10.178495
47135	-7.199796	-34.249516	9.505458
47136	-6.992174	-37.761360	8.637044
47137	-6.940574	-41.389814	7.675582
47138	-7.247545	-45.159961	6.608984
47139	-7.996629	-48.945984	5.364879
47140	-9.010133	-52.655165	3.926367
47141	-9.715997	-56.408093	2.199622
47142	-9.345681	-60.186065	-0.152008
47143	-7.360081	-63.875902	-3.704570
47144	-3.193436	-67.422558	-9.234287
47145	3.851595	-70.953115	-17.336521
47146	14.344419	-73.774502	-28.395265
47147	26.464622	-75.127339	-40.344058
47148	36.400198	-75.200123	-49.452607
47149	41.284267	-74.422921	-53.380808
47150	41.382408	-73.205898	-52.908902
47151	37.999622	-71.640013	-49.490301
47152	32.874065	-69.780944	-44.702888
47153	27.129762	-67.601675	-39.426593
47154	21.615712	-65.199483	-34.313042
47155	16.626710	-62.584192	-29.535821
47156	12.504299	-59.785263	-25.349798
47157	9.148356	-56.844503	-21.708327
47158	6.441999	-53.825471	-18.599433
47159	4.156688	-50.719462	-15.966244
47160	2.193410	-47.579395	-13.802166
47161	0.434608	-44.330578	-12.036017
47162	-1.121036	-41.026103	-10.634298
47163	-2.537747	-37.678910	-9.508759
47164	-3.800033	-34.363881	-8.632080
47165	-4.902864	-31.018372	-7.958022
47166	-5.779237	-27.708249	-7.482902
47167	-6.431967	-24.411091	-7.182167
47168	-6.882824	-21.187320	-7.048188
47169	-7.232935	-17.974110	-7.053873
47170	-7.568225	-14.812672	-7.160443
47171	-7.998327	-11.635359	-7.296459
47172	-8.577009	-8.463108	-7.359981
47173	-9.306709	-5.242898	-7.234532
47174	-10.079958	-2.046764	-6.816514
47175	-10.820840	1.135445	-6.055592
47176	-11.457927	4.205683	-4.953439
47177	-11.957245	7.157165	-3.542661
47178	-12.261137	9.903313	-1.881642
47179	-12.350584	12.406660	-0.056162
47180	-12.250999	14.573573	1.797267
47181	-12.069340	16.374632	3.531368
47182	-11.763851	17.627967	5.032436
47183	-11.401868	18.253141	6.233583
47184	-10.953452	18.215378	7.197030
47185	-10.003762	17.399685	8.330215
47186	-8.476400	15.570992	9.647978
47187	-7.339854	13.557909	10.599303
47188	-6.841950	12.133789	11.075055
47189	-6.459862	10.656872	10.809258
47190	-5.928260	8.852125	10.052114
47191	-5.394156	7.137221	9.789657
47192	-4.836188	5.735851	9.887110
47193	-4.392554	4.661150	9.948130
47194	-4.106373	3.854139	9.948553
47195	-3.973416	3.180443	10.011411
47196	-3.893142	2.745031	10.085385
47197	-3.880243	2.397436	10.184139
47198	-3.927017	2.100939	10.304083
47199	-4.011472	1.899642	10.434123
47200	-4.108460	1.785178	10.556229
47201	-4.221395	1.696486	10.666372
47202	-4.364421	1.636152	10.755405
47203	-4.510807	1.586045	10.831567
47204	-4.627212	1.600883	10.911154
47205	-4.698055	1.648548	10.980147
47206	-4.735619	1.731386	11.034916
47207	-4.746008	1.837611	11.094004
47208	-4.751577	1.956005	11.150011
47209	-4.743496	2.060759	11.211545
47210	-4.728642	2.152265	11.263071
47211	-4.699317	2.223027	11.305079
47212	-4.669245	2.275039	11.336357
47213	-4.657700	2.295089	11.364179
47214	-4.657836	2.301106	11.388626
47215	-4.665563	2.294884	11.411328
47216	-4.688667	2.278953	11.432842
47217	-4.725709	2.241230	11.445973
47218	-4.759934	2.212038	11.459860
47219	-4.772076	2.168059	11.475940
47220	-4.784521	2.118103	11.493108
47221	-4.791164	2.045735	11.499765
47222	-4.799736	1.987793	11.515039
47223	-4.813854	1.910426	11.539624
47224	-4.825701	1.832127	11.568769
47225	-4.833565	1.736879	11.596573
47226	-4.850265	1.633745	11.625662
47227	-4.860354	1.509599	11.648006
47228	-4.867513	1.381131	11.664709
47229	-4.871266	1.236219	11.692207
47230	-4.890634	1.076456	11.715055
47231	-4.928084	0.888073	11.739360
47232	-4.979685	0.680903	11.755186
47233	-5.035311	0.443476	11.767241
47234	-5.084516	0.190847	11.772589
47235	-5.137374	-0.088020	11.781513
47236	-5.195721	-0.378700	11.782580
47237	-5.279766	-0.705772	11.782159
47238	-5.386913	-1.065078	11.785987
47239	-5.512384	-1.475941	11.793263
47240	-5.675836	-1.923104	11.800808
47241	-5.884158	-2.424293	11.802288
47242	-6.116967	-2.977441	11.801549
47243	-6.376365	-3.602182	11.788474
47244	-6.642055	-4.288688	11.770394
47245	-6.920456	-5.082215	11.737292
47246	-7.226952	-5.993121	11.669153
47247	-7.568920	-7.049658	11.575747
47248	-7.933890	-8.238205	11.450922
47249	-8.282179	-9.572617	11.290345
47250	-8.613243	-11.037465	11.116306
47251	-8.967234	-12.658117	10.916369
47252	-9.401895	-14.411557	10.706090
47253	-9.896674	-16.326332	10.503074
47254	-10.499737	-18.444535	10.326719
47255	-11.139452	-20.800063	10.201115
47256	-11.793695	-23.369239	10.017562
47257	-12.406968	-26.257267	9.871795
47258	-12.974679	-29.388948	9.818868
47259	-13.540344	-32.768007	9.815832
47260	-14.177669	-36.341438	9.819452
47261	-15.096582	-40.077457	9.897022
47262	-16.478875	-44.002002	10.111354
47263	-17.987387	-47.981277	10.380578
47264	-19.332156	-51.931635	10.663639
47265	-20.203588	-55.940808	10.936333
47266	-20.640892	-59.902316	11.080098
47267	-20.783188	-63.859064	10.891000
47268	-19.930560	-67.790934	9.604360
47269	-17.803928	-71.852480	6.897449
47270	-13.254542	-75.082389	1.895517
47271	-5.686125	-76.540520	-5.910706
47272	1.893672	-76.181777	-13.712255
47273	6.551836	-74.490037	-18.500421
47274	8.934463	-72.114916	-20.880348
47275	10.016103	-69.455691	-21.862450
47276	10.453574	-66.781926	-22.152580
47277	10.407051	-64.143170	-21.930860
47278	9.984397	-61.549074	-21.289738
47279	9.196746	-58.889684	-20.254171
47280	8.167098	-56.169174	-18.971513
47281	6.975238	-53.329316	-17.563350
47282	5.750602	-50.382022	-16.197778
47283	4.462719	-47.296171	-14.919983
47284	3.109655	-44.109443	-13.750800
47285	1.688460	-40.841294	-12.653179
47286	0.267748	-37.563353	-11.611526
47287	-1.058181	-34.278927	-10.619061
47288	-2.202044	-31.077319	-9.677912
47289	-3.147646	-27.908101	-8.804238
47290	-3.897082	-24.800661	-8.038320
47291	-4.499168	-21.694113	-7.394964
47292	-5.037652	-18.659152	-6.861162
47293	-5.586517	-15.597159	-6.434914
47294	-6.177307	-12.526076	-6.064494
47295	-6.847451	-9.400482	-5.663001
47296	-7.578319	-6.272645	-5.138905
47297	-8.315122	-3.143745	-4.414466
47298	-8.972799	-0.093291	-3.452580
47299	-9.527478	2.886184	-2.266884
47300	-9.927235	5.719971	-0.912623
47301	-10.130888	8.407681	0.558090
47302	-10.102510	10.854382	2.080827
47303	-9.908014	13.022444	3.577628
47304	-9.675464	14.833598	4.942342
47305	-9.359077	16.087740	6.208581
47306	-8.918454	16.587163	7.355289
47307	-8.188053	16.214498	8.657154
47308	-7.029049	14.461067	10.499458
47309	-6.243118	11.864183	12.305700
47310	-5.753996	9.925275	13.175864
47311	-5.339234	8.873904	13.081180
47312	-4.699037	7.623666	12.174511
47313	-4.127423	6.215099	11.762705
47314	-3.686328	5.260855	11.791877
47315	-3.170905	4.498963	11.672665
47316	-2.796073	3.975997	11.644350
47317	-2.584058	3.642750	11.714279
47318	-2.405586	3.386856	11.772077
47319	-2.304898	3.073914	11.805729
47320	-2.288480	2.835842	11.873903
47321	-2.319599	2.647432	11.969018
47322	-2.365240	2.529245	12.064313
47323	-2.430965	2.454704	12.166685
47324	-2.509399	2.433632	12.277712
47325	-2.591385	2.441363	12.389889
47326	-2.661886	2.505382	12.510794
47327	-2.703820	2.590824	12.640530
47328	-2.739825	2.681631	12.750896
47329	-2.771599	2.752931	12.844703
47330	-2.798050	2.816393	12.919464
47331	-2.828272	2.856545	12.986510
47332	-2.858922	2.886787	13.034513
47333	-2.887122	2.889953	13.064710
47334	-2.898736	2.897671	13.085561
47335	-2.906722	2.882434	13.100828
47336	-2.922864	2.866971	13.109428
47337	-2.943337	2.831959	13.124412
47338	-2.971825	2.805732	13.140985
47339	-3.005081	2.755148	13.151457
47340	-3.028592	2.705697	13.162029
47341	-3.029970	2.636571	13.179437
47342	-3.010024	2.571564	13.201518
47343	-2.975925	2.478335	13.216233
47344	-2.934653	2.390114	13.233481
47345	-2.901653	2.286041	13.259032
47346	-2.872851	2.189866	13.296407
47347	-2.856295	2.071756	13.338534
47348	-2.842147	1.951211	13.379389
47349	-2.825449	1.809996	13.415193
47350	-2.802192	1.664191	13.443128
47351	-2.778804	1.496773	13.467628
47352	-2.763786	1.331677	13.492376
47353	-2.788142	1.130969	13.517374
47354	-2.847380	0.914875	13.543312
47355	-2.922480	0.664362	13.565801
47356	-3.007468	0.394080	13.583739
47357	-3.102594	0.083474	13.594360
47358	-3.200184	-0.273030	13.597975
47359	-3.306328	-0.703927	13.600965
47360	-3.424595	-1.200411	13.609490
47361	-3.570286	-1.802536	13.625873
47362	-3.749849	-2.490866	13.639114
47363	-3.946663	-3.303331	13.642323
47364	-4.140690	-4.213441	13.610770
47365	-4.317828	-5.232174	13.555499
47366	-4.496865	-6.346975	13.489157
47367	-4.695291	-7.587408	13.404094
47368	-4.926891	-8.948846	13.297776
47369	-5.183588	-10.487711	13.187963
47370	-5.479093	-12.157509	13.066175
47371	-5.757300	-13.968999	12.944836
47372	-6.026113	-15.976778	12.787567
47373	-6.242115	-18.211185	12.545847
47374	-6.409077	-20.691505	12.166629
47375	-6.536424	-23.418790	11.697927
47376	-6.510762	-26.341020	11.163511
47377	-6.330490	-29.474055	10.531186
47378	-6.060411	-32.743771	9.721303
47379	-5.824745	-36.107603	8.749754
47380	-5.720869	-39.609909	7.611491
47381	-5.873891	-43.213227	6.247712
47382	-6.254015	-46.814865	4.597771
47383	-6.629237	-50.300991	2.651581
47384	-6.351286	-53.847299	0.302632
47385	-4.897374	-57.492569	-2.670887
47386	-2.020656	-61.062633	-6.738286
47387	2.629909	-64.395559	-12.543288
47388	9.677930	-67.618889	-20.722683
47389	19.381625	-70.294778	-31.500023
47390	30.424047	-71.667689	-43.290571
47391	39.971795	-71.840991	-52.981896
47392	45.640449	-71.274818	-58.360328
47393	46.692180	-70.454658	-59.124218
47394	43.999005	-69.503399	-56.387527
47395	38.742411	-68.366591	-51.289535
47396	32.313747	-66.964992	-45.067625
47397	25.657889	-65.238492	-38.546012
47398	19.557191	-63.201886	-32.420071
47399	14.316954	-60.815654	-27.016212
47400	10.069606	-58.172508	-22.529060
47401	6.571341	-55.265756	-18.758829
47402	3.744722	-52.195087	-15.723805
47403	1.415494	-49.019129	-13.325189
47404	-0.520136	-45.841796	-11.495909
47405	-2.136452	-42.622714	-10.126444
47406	-3.432701	-39.432103	-9.147600
47407	-4.470162	-36.245831	-8.451918
47408	-5.261679	-33.095476	-7.991643
47409	-5.840616	-29.907805	-7.759632
47410	-6.219330	-26.722760	-7.775803
47411	-6.464329	-23.514833	-8.010233
47412	-6.615944	-20.329894	-8.432106
47413	-6.753509	-17.080733	-8.966281
47414	-6.941394	-13.831862	-9.517407
47415	-7.306699	-10.542000	-9.934481
47416	-7.850674	-7.288808	-10.028468
47417	-8.512267	-4.035846	-9.613869
47418	-9.226818	-0.856799	-8.655861
47419	-9.979564	2.255734	-7.220623
47420	-10.671967	5.221757	-5.406610
47421	-11.153217	8.017649	-3.265735
47422	-11.317345	10.532430	-0.898634
47423	-11.203018	12.705074	1.516460
47424	-10.980987	14.447518	3.728738
47425	-10.863384	15.698846	5.514917
47426	-10.744942	16.202617	6.824185
47427	-10.366068	15.892862	7.821562
47428	-9.256186	14.716435	9.005994
47429	-7.868504	12.631675	10.156274
47430	-6.876954	11.029790	10.599076
47431	-6.305871	9.727841	10.476401
47432	-5.679481	8.066377	9.713768
47433	-5.032379	6.543508	9.440215
47434	-4.394080	5.351975	9.517072
47435	-3.957083	4.338833	9.552491
47436	-3.702620	3.405377	9.575687
47437	-3.519455	2.725024	9.631332
47438	-3.410974	2.249005	9.685911
47439	-3.403577	1.789388	9.772854
47440	-3.487979	1.452865	9.881130
47441	-3.616472	1.187389	10.005631
47442	-3.771918	0.976792	10.131921
47443	-3.971087	0.799577	10.254355
47444	-4.175348	0.659240	10.387959
47445	-4.397406	0.485349	10.502594
47446	-4.639710	0.291767	10.599530
47447	-4.857750	0.094735	10.680653
47448	-5.002499	-0.034601	10.751019
47449	-5.095654	-0.163512	10.785474
47450	-5.163204	-0.271397	10.799866
47451	-5.235563	-0.453786	10.823626
47452	-5.319663	-0.670307	10.866318
47453	-5.409044	-0.917789	10.921452
47454	-5.515433	-1.170850	10.962379
47455	-5.627486	-1.436267	10.986460
47456	-5.749834	-1.708442	10.992575
47457	-5.906812	-2.036012	11.003568
47458	-6.078547	-2.374677	11.059806
47459	-6.245212	-2.721449	11.157560
47460	-6.364936	-3.028358	11.238843
47461	-6.448897	-3.331771	11.300199
47462	-6.504377	-3.622637	11.334760
47463	-6.529511	-3.930161	11.346485
47464	-6.523762	-4.213753	11.338521
47465	-6.518494	-4.495564	11.318286
47466	-6.520362	-4.753377	11.295273
47467	-6.528928	-5.010406	11.262101
47468	-6.545740	-5.245624	11.218024
47469	-6.547846	-5.485250	11.149712
47470	-6.512428	-5.709301	11.045783
47471	-6.439996	-5.946247	10.923869
47472	-6.340857	-6.160334	10.798853
47473	-6.219830	-6.357883	10.690308
47474	-6.074299	-6.541736	10.604707
47475	-5.911547	-6.750816	10.531648
47476	-5.729826	-6.973935	10.468032
47477	-5.530752	-7.237516	10.423199
47478	-5.339001	-7.542757	10.400168
47479	-5.181922	-7.936742	10.406452
47480	-5.069729	-8.428627	10.436280
47481	-5.003853	-9.040485	10.489659
47482	-4.975604	-9.759963	10.544012
47483	-4.960226	-10.607583	10.578992
47484	-4.939235	-11.574711	10.597177
47485	-4.924634	-12.683902	10.586243
47486	-4.910002	-13.949103	10.527787
47487	-4.898362	-15.368280	10.421438
47488	-4.895069	-16.954917	10.266702
47489	-4.896884	-18.671097	10.065005
47490	-4.918169	-20.490603	9.823119
47491	-4.935110	-22.426924	9.542309
47492	-4.917794	-24.456970	9.239268
47493	-4.804971	-26.646272	8.821659
47494	-4.633592	-28.958143	8.261398
47495	-4.411903	-31.380395	7.612889
47496	-4.204099	-33.916485	6.882351
47497	-3.984877	-36.604300	5.997190
47498	-3.812082	-39.444149	5.008022
47499	-3.702565	-42.415139	3.937511
47500	-3.608197	-45.525295	2.752712
47501	-3.308667	-48.693618	1.375783
47502	-2.653141	-51.883401	-0.230065
47503	-1.571804	-55.125957	-2.096984
47504	-0.149051	-58.422643	-4.246565
47505	1.660566	-61.699366	-6.927113
47506	4.206743	-64.832093	-10.529749
47507	8.053931	-67.660161	-15.495792
47508	13.753385	-70.028337	-22.161765
47509	20.650813	-71.770347	-29.831388
47510	26.167187	-72.203899	-35.870425
47511	28.320502	-71.683863	-38.203765
47512	27.325432	-70.492669	-36.975444
47513	24.557620	-68.886666	-33.739067
47514	21.214394	-67.068175	-29.884444
47515	17.836207	-65.070036	-26.116363
47516	14.666444	-62.916606	-22.748663
47517	11.718666	-60.544217	-19.748360
47518	9.084621	-57.960235	-17.134819
47519	6.788623	-55.163259	-14.895462
47520	4.857725	-52.263027	-13.049198
47521	3.199243	-49.257051	-11.503463
47522	1.792753	-46.211166	-10.240322
47523	0.530218	-43.124691	-9.182670
47524	-0.628862	-40.064012	-8.318586
47525	-1.729536	-37.035385	-7.627411
47526	-2.733630	-34.081146	-7.098660
47527	-3.608849	-31.204388	-6.696866
47528	-4.330278	-28.435227	-6.405622
47529	-4.894679	-25.689208	-6.194963
47530	-5.319657	-22.965857	-6.018293
47531	-5.657946	-20.209836	-5.830688
47532	-5.966790	-17.463718	-5.576414
47533	-6.314346	-14.680346	-5.200735
47534	-6.702011	-11.914296	-4.671255
47535	-7.151023	-9.135254	-3.949661
47536	-7.662277	-6.384979	-3.038347
47537	-8.230641	-3.649782	-1.951901
47538	-8.803985	-0.994544	-0.721687
47539	-9.301231	1.594581	0.619967
47540	-9.642779	4.068210	2.015004
47541	-9.829917	6.436912	3.391096
47542	-9.931785	8.641872	4.660961
47543	-10.033157	10.676883	5.748088
47544	-10.191352	12.475139	6.594195
47545	-10.424499	13.998182	7.193039
47546	-10.649442	15.148081	7.611938
47547	-10.667766	15.723161	7.923800
47548	-10.407614	15.695583	8.195540
47549	-9.583042	14.728667	8.714515
47550	-8.646611	12.880401	9.207465
47551	-7.817105	11.331131	9.740618
47552	-7.298670	10.306802	10.045100
47553	-6.815709	9.001444	9.738973
47554	-6.324056	7.500622	9.320023
47555	-5.938030	6.005061	9.313912
47556	-5.485691	4.602117	9.449253
47557	-5.021199	3.492640	9.502465
47558	-4.615097	2.796860	9.459628
47559	-4.345325	2.287256	9.518312
47560	-4.156419	1.869639	9.584294
47561	-4.037867	1.451435	9.636513
47562	-3.977160	1.114721	9.723467
47563	-3.939441	0.804688	9.836797
47564	-3.937393	0.538199	9.958823
47565	-3.965361	0.287373	10.081448
47566	-3.995241	0.101062	10.196235
47567	-4.026714	-0.041326	10.306428
47568	-4.056236	-0.110454	10.408275
47569	-4.097818	-0.161062	10.507829
47570	-4.143340	-0.177139	10.607726
47571	-4.174356	-0.182427	10.702175
47572	-4.203750	-0.161375	10.793299
47573	-4.232065	-0.158349	10.879087
47574	-4.258945	-0.144708	10.948693
47575	-4.281635	-0.149810	11.007506
47576	-4.292178	-0.157789	11.051503
47577	-4.298346	-0.204761	11.076696
47578	-4.303181	-0.261177	11.086574
47579	-4.311804	-0.352342	11.088612
47580	-4.337306	-0.454107	11.080716
47581	-4.372512	-0.586633	11.077576
47582	-4.418039	-0.734960	11.077358
47583	-4.473644	-0.921492	11.073237
47584	-4.541402	-1.124141	11.063178
47585	-4.618633	-1.354576	11.055552
47586	-4.695516	-1.590164	11.051616
47587	-4.780274	-1.844485	11.052297
47588	-4.870892	-2.105849	11.057876
47589	-4.965707	-2.389984	11.060083
47590	-5.056285	-2.683138	11.066382
47591	-5.147198	-2.986108	11.071477
47592	-5.233159	-3.280991	11.080405
47593	-5.320793	-3.598563	11.083846
47594	-5.414486	-3.912518	11.086480
47595	-5.509871	-4.248093	11.087238
47596	-5.602742	-4.587264	11.085847
47597	-5.699313	-4.946960	11.080927
47598	-5.804735	-5.319378	11.069080
47599	-5.913617	-5.721466	11.049599
47600	-6.033860	-6.138071	11.033182
47601	-6.157802	-6.582525	11.016431
47602	-6.282460	-7.055409	11.000528
47603	-6.413185	-7.587059	10.986954
47604	-6.546922	-8.179319	10.963767
47605	-6.670249	-8.833198	10.941624
47606	-6.771411	-9.538827	10.926567
47607	-6.854879	-10.318524	10.919393
47608	-6.933506	-11.190280	10.914807
47609	-7.006144	-12.170864	10.914918
47610	-7.084876	-13.254277	10.912385
47611	-7.171061	-14.446612	10.899377
47612	-7.269347	-15.756247	10.880188
47613	-7.384962	-17.212633	10.827073
47614	-7.502761	-18.813032	10.741478
47615	-7.619830	-20.569995	10.614201
47616	-7.742869	-22.506117	10.452247
47617	-7.868220	-24.604259	10.243456
47618	-8.032221	-26.829168	10.051659
47619	-8.197917	-29.217410	9.895756
47620	-8.345213	-31.734723	9.766387
47621	-8.471657	-34.428364	9.552469
47622	-8.609496	-37.294002	9.242237
47623	-8.790904	-40.340224	8.875274
47624	-9.020437	-43.554905	8.483451
47625	-9.303879	-46.905935	7.986478
47626	-9.822368	-50.423208	7.396730
47627	-10.583419	-54.030410	6.808531
47628	-11.335373	-57.643111	6.174721
47629	-11.578906	-61.286508	5.366335
47630	-11.102864	-64.927932	4.294982
47631	-9.789321	-68.466328	2.618576
47632	-7.038218	-71.813320	-0.560891
47633	-1.310427	-75.030748	-6.816928
47634	8.077718	-77.998279	-17.003592
47635	21.391442	-79.436008	-31.107087
47636	32.986563	-79.387518	-43.284268
47637	37.861770	-78.370885	-48.320471
47638	36.754727	-76.886789	-47.021245
47639	32.236703	-75.005432	-42.090126
47640	26.667296	-72.706769	-35.999885
47641	21.255608	-69.935801	-30.072470
47642	16.674104	-66.846729	-25.102642
47643	12.882293	-63.560951	-21.153623
47644	9.869104	-60.253770	-18.111535
47645	7.416218	-56.939959	-15.688004
47646	5.461971	-53.734208	-13.797192
47647	3.839628	-50.599093	-12.298681
47648	2.455670	-47.513597	-11.097886
47649	1.215611	-44.372811	-10.101580
47650	0.107557	-41.198984	-9.289707
47651	-0.914307	-37.973778	-8.651846
47652	-1.883943	-34.788822	-8.166694
47653	-2.821165	-31.643118	-7.797372
47654	-3.690084	-28.632418	-7.524468
47655	-4.463734	-25.707574	-7.314867
47656	-5.113791	-22.899321	-7.132331
47657	-5.666579	-20.110118	-6.924636
47658	-6.158175	-17.348258	-6.655172
47659	-6.650939	-14.554960	-6.273892
47660	-7.175100	-11.784781	-5.740775
47661	-7.771451	-9.004866	-5.004955
47662	-8.446022	-6.247298	-4.061154
47663	-9.217682	-3.462727	-2.942786
47664	-10.024704	-0.722367	-1.685377
47665	-10.772241	1.978732	-0.324061
47666	-11.330950	4.557266	1.096171
47667	-11.651091	7.017088	2.495270
47668	-11.762246	9.290897	3.769457
47669	-11.764163	11.369208	4.797428
47670	-11.774885	13.197942	5.504880
47671	-11.878376	14.759467	5.861964
47672	-12.063793	16.004490	5.931865
47673	-12.289713	16.920013	5.837034
47674	-12.502962	17.473613	5.705622
47675	-12.460509	17.564125	5.725586
47676	-11.942400	17.108534	5.990776
47677	-10.906707	16.116788	6.545425
47678	-8.937297	14.477118	7.656986
47679	-7.569507	12.886674	8.395095
47680	-6.867773	11.441728	8.904528
47681	-6.253401	9.625205	8.754338
47682	-5.595663	7.792496	8.327515
47683	-5.050430	6.237663	8.267296
47684	-4.576067	5.060316	8.385153
47685	-4.252766	4.249844	8.458607
47686	-4.046340	3.661480	8.461388
47687	-3.943359	3.170682	8.493620
47688	-3.915753	2.800814	8.559848
47689	-3.915776	2.503338	8.638065
47690	-3.936437	2.266299	8.715687
47691	-3.989608	2.030691	8.798890
47692	-4.080786	1.824421	8.886562
47693	-4.185596	1.625026	8.974070
47694	-4.300427	1.475597	9.068367
47695	-4.404130	1.340002	9.155424
47696	-4.498387	1.248206	9.247525
47697	-4.580254	1.168945	9.330253
47698	-4.634181	1.148095	9.405998
47699	-4.653843	1.146455	9.469991
47700	-4.664008	1.175029	9.527806
47701	-4.666831	1.181071	9.577610
47702	-4.653852	1.204907	9.629796
47703	-4.619751	1.215446	9.670810
47704	-4.583093	1.228811	9.712853
47705	-4.551928	1.212258	9.741697
47706	-4.525155	1.196312	9.762798
47707	-4.496962	1.165450	9.782608
47708	-4.468500	1.140985	9.793782
47709	-4.435012	1.101176	9.800125
47710	-4.401259	1.070825	9.806128
47711	-4.364478	1.024683	9.807044
47712	-4.322791	0.985652	9.803811
47713	-4.269669	0.942030	9.803386
47714	-4.209684	0.907840	9.806008
47715	-4.157492	0.851760	9.809569
47716	-4.115990	0.790839	9.812664
47717	-4.080709	0.713459	9.813451
47718	-4.044394	0.645627	9.818429
47719	-4.003703	0.563521	9.829773
47720	-3.961192	0.483620	9.839386
47721	-3.912987	0.375889	9.841371
47722	-3.869145	0.257617	9.853750
47723	-3.833894	0.118049	9.853661
47724	-3.817122	-0.025027	9.858932
47725	-3.821554	-0.197409	9.862800
47726	-3.837430	-0.368998	9.862928
47727	-3.850712	-0.566226	9.863651
47728	-3.865909	-0.760502	9.869846
47729	-3.880329	-0.980827	9.873495
47730	-3.910067	-1.211902	9.881205
47731	-3.961270	-1.478940	9.895009
47732	-4.035919	-1.773448	9.914081
47733	-4.111683	-2.115883	9.933387
47734	-4.197299	-2.501942	9.948903
47735	-4.273256	-2.953299	9.963883
47736	-4.353557	-3.464172	9.985890
47737	-4.447502	-4.060707	10.017308
47738	-4.551935	-4.733805	10.056194
47739	-4.639514	-5.501888	10.077581
47740	-4.712096	-6.366066	10.078260
47741	-4.766427	-7.347119	10.056468
47742	-4.806889	-8.446340	10.000213
47743	-4.831414	-9.701437	9.928117
47744	-4.884583	-11.093448	9.848103
47745	-4.978691	-12.636893	9.798060
47746	-5.097447	-14.366440	9.746326
47747	-5.202908	-16.328080	9.652984
47748	-5.268368	-18.527850	9.474913
47749	-5.292274	-20.937406	9.194193
47750	-5.271819	-23.570054	8.828028
47751	-5.183670	-26.400317	8.340616
47752	-4.992895	-29.400669	7.757893
47753	-4.724164	-32.547884	7.105424
47754	-4.452151	-35.796144	6.359716
47755	-4.233598	-39.132816	5.463099
47756	-4.144392	-42.562161	4.388938
47757	-4.392291	-46.109991	3.188232
47758	-4.969033	-49.687699	1.816659
47759	-5.680529	-53.275989	0.286910
47760	-5.969500	-56.942871	-1.509412
47761	-5.200527	-60.633287	-3.971990
47762	-3.055526	-64.230583	-7.635203
47763	1.074627	-67.600111	-13.201013
47764	7.940580	-70.818617	-21.259711
47765	17.617937	-73.153593	-31.619571
47766	28.027660	-74.148464	-42.005654
47767	35.960254	-74.024339	-49.297709
47768	39.593853	-73.212262	-52.109808
47769	39.099572	-71.999513	-51.008154
47770	35.701845	-70.482965	-47.364095
47771	30.631676	-68.645306	-42.309197
47772	25.102392	-66.499486	-36.875479
47773	19.748979	-64.091781	-31.568058
47774	14.998243	-61.492552	-26.726438
47775	10.963636	-58.679002	-22.456733
47776	7.661732	-55.750480	-18.810308
47777	4.922677	-52.669200	-15.685174
47778	2.700956	-49.494278	-13.116310
47779	0.842926	-46.202553	-11.025417
47780	-0.735148	-42.850865	-9.381495
47781	-2.130884	-39.437634	-8.084301
47782	-3.353592	-36.035519	-7.087831
47783	-4.419481	-32.642916	-6.348695
47784	-5.290916	-29.315361	-5.847217
47785	-5.946534	-26.008237	-5.565756
47786	-6.401012	-22.775828	-5.465874
47787	-6.730336	-19.554364	-5.494511
47788	-6.999103	-16.369195	-5.599009
47789	-7.306279	-13.138770	-5.695514
47790	-7.731165	-9.901200	-5.720096
47791	-8.326480	-6.605141	-5.596450
47792	-9.055774	-3.343717	-5.267320
47793	-9.834855	-0.137098	-4.670814
47794	-10.512586	2.901609	-3.774912
47795	-10.966592	5.758736	-2.570568
47796	-11.114646	8.347760	-1.100931
47797	-10.981888	10.655685	0.565473
47798	-10.654398	12.638794	2.284907
47799	-10.300420	14.351657	3.891470
47800	-10.085277	15.800314	5.254928
47801	-9.847815	16.806506	6.420227
47802	-9.499038	17.275034	7.368710
47803	-8.566453	16.695440	8.493560
47804	-7.550654	14.890935	9.612660
47805	-6.703063	12.493123	10.695530
47806	-6.031058	10.892882	11.213878
47807	-5.491597	9.686588	11.000288
47808	-4.978801	8.127227	10.256386
47809	-4.542820	6.446906	10.025739
47810	-4.080416	5.052077	10.237805
47811	-3.710348	4.123869	10.281875
47812	-3.436019	3.547035	10.270955
47813	-3.319791	3.108273	10.355242
47814	-3.252740	2.800498	10.446580
47815	-3.299602	2.496694	10.543942
47816	-3.432090	2.238737	10.652101
47817	-3.603857	2.018172	10.761267
47818	-3.800595	1.843493	10.861918
47819	-4.029448	1.673362	10.964432
47820	-4.306505	1.536399	11.063145
47821	-4.581632	1.409659	11.153822
47822	-4.836061	1.351199	11.231693
47823	-5.077671	1.310678	11.286010
47824	-5.287437	1.305990	11.321892
47825	-5.463077	1.303865	11.342068
47826	-5.608309	1.309911	11.345240
47827	-5.726428	1.304839	11.349235
47828	-5.819579	1.301955	11.350067
47829	-5.891001	1.286807	11.352864
47830	-5.946005	1.284284	11.352993
47831	-5.989891	1.275618	11.362632
47832	-6.032151	1.284381	11.375331
47833	-6.067980	1.289257	11.392722
47834	-6.100984	1.302760	11.410867
47835	-6.146185	1.293674	11.431009
47836	-6.171475	1.291379	11.453084
47837	-6.178425	1.275908	11.477984
47838	-6.166847	1.266908	11.503492
47839	-6.135251	1.241303	11.524067
47840	-6.084323	1.239340	11.554351
47841	-6.023841	1.231505	11.589337
47842	-5.961056	1.239865	11.628470
47843	-5.893748	1.234477	11.666320
47844	-5.830458	1.236759	11.703954
47845	-5.756814	1.229457	11.744203
47846	-5.672688	1.239156	11.780728
47847	-5.592778	1.231334	11.824715
47848	-5.526823	1.222398	11.860347
47849	-5.477860	1.205551	11.894841
47850	-5.442190	1.185570	11.930376
47851	-5.415784	1.148302	11.968276
47852	-5.391975	1.105399	12.004159
47853	-5.374890	1.031089	12.035798
47854	-5.358298	0.938794	12.074122
47855	-5.342222	0.822248	12.115861
47856	-5.324087	0.688018	12.164783
47857	-5.302695	0.498080	12.216044
47858	-5.273423	0.248690	12.270787
47859	-5.253536	-0.092762	12.322603
47860	-5.250817	-0.504151	12.376317
47861	-5.259024	-1.004467	12.424117
47862	-5.299906	-1.598463	12.450404
47863	-5.406001	-2.316820	12.441332
47864	-5.577593	-3.126739	12.385088
47865	-5.786010	-4.046108	12.289480
47866	-5.996692	-5.076460	12.158044
47867	-6.207550	-6.297468	11.968395
47868	-6.456456	-7.670223	11.727473
47869	-6.708489	-9.162872	11.501148
47870	-6.943710	-10.804136	11.318137
47871	-7.191658	-12.638291	11.162428
47872	-7.431721	-14.696104	10.952089
47873	-7.685121	-17.031972	10.646592
47874	-7.943265	-19.654000	10.269013
47875	-8.129185	-22.572416	9.824471
47876	-8.181569	-25.701256	9.246576
47877	-8.123921	-29.056892	8.684774
47878	-8.081195	-32.551827	8.179996
47879	-8.209122	-36.174799	7.670981
47880	-8.427696	-39.890534	7.032191
47881	-8.827329	-43.653884	6.293526
47882	-9.313618	-47.442709	5.399824
47883	-9.489710	-51.335057	4.338740
47884	-9.095532	-55.303352	2.836674
47885	-7.966989	-59.220238	0.452855
47886	-5.810617	-63.056979	-3.216519
47887	-2.249624	-67.038997	-8.487607
47888	3.699798	-71.005598	-16.280143
47889	13.065692	-74.191834	-27.412141
47890	25.370844	-76.320152	-41.132743
47891	37.304042	-77.194484	-53.794815
47892	44.167061	-77.424331	-60.637075
47893	44.029116	-77.590885	-59.938223
47894	37.768200	-77.620435	-52.810436
47895	27.524368	-77.084152	-41.528133
47896	16.726427	-75.681492	-29.603570
47897	7.868274	-73.323985	-19.634836
47898	1.754391	-70.200576	-12.544454
47899	-2.086074	-66.497111	-7.931477
47900	-4.164025	-62.514567	-5.193442
47901	-5.042734	-58.342540	-3.678463
47902	-5.231828	-54.088532	-3.038424
47903	-5.173360	-49.837839	-3.061964
47904	-5.138400	-45.715871	-3.516875
47905	-5.242093	-41.670113	-4.190627
47906	-5.454399	-37.757558	-4.962855
47907	-5.760864	-33.933758	-5.745091
47908	-6.116296	-30.239501	-6.472444
47909	-6.481913	-26.594470	-7.077947
47910	-6.796506	-23.028287	-7.510682
47911	-7.102377	-19.489692	-7.757270
47912	-7.445680	-16.042564	-7.813334
47913	-7.912017	-12.649967	-7.642841
47914	-8.556765	-9.319517	-7.215765
47915	-9.409197	-5.949109	-6.539306
47916	-10.391531	-2.580642	-5.610091
47917	-11.418485	0.799932	-4.432386
47918	-12.311086	4.085648	-2.989716
47919	-12.912726	7.232053	-1.260251
47920	-13.120027	10.110828	0.746064
47921	-12.983601	12.674360	2.940316
47922	-12.593411	14.820376	5.155403
47923	-12.136445	16.487430	7.144264
47924	-11.659154	17.517819	8.729720
47925	-11.282086	17.830812	9.695662
47926	-10.397616	17.323132	10.541291
47927	-8.763229	15.664459	11.415201
47928	-7.241688	13.423996	12.265538
47929	-6.508787	11.796404	12.780067
47930	-6.082463	10.331390	12.714424
47931	-5.479343	8.481934	11.937296
47932	-4.933617	6.622739	11.654064
47933	-4.449132	5.099032	11.952285
47934	-4.118964	4.128101	12.024402
47935	-3.959514	3.405811	12.028642
47936	-3.941478	2.872798	12.103486
47937	-3.992373	2.465024	12.201718
47938	-4.111052	2.139766	12.294503
47939	-4.267837	1.870656	12.391382
47940	-4.440095	1.677046	12.481203
47941	-4.643651	1.510648	12.562211
47942	-4.873284	1.390724	12.642207
47943	-5.118790	1.289796	12.706909
47944	-5.350923	1.241176	12.762878
47945	-5.534903	1.209144	12.804345
47946	-5.665758	1.228856	12.841002
47947	-5.760169	1.250185	12.866362
47948	-5.812112	1.296632	12.887765
47949	-5.824157	1.333257	12.901224
47950	-5.812761	1.383915	12.917335
47951	-5.774620	1.429635	12.933984
47952	-5.710405	1.500748	12.951597
47953	-5.632954	1.588650	12.976730
47954	-5.566304	1.685021	13.003163
47955	-5.525957	1.763731	13.030794
47956	-5.505869	1.830268	13.055015
47957	-5.503134	1.899270	13.085990
47958	-5.525608	1.961759	13.110992
47959	-5.559318	2.002406	13.136984
47960	-5.594394	2.042092	13.161144
47961	-5.623961	2.054102	13.179579
47962	-5.652130	2.060062	13.196786
47963	-5.658651	2.056387	13.213713
47964	-5.658995	2.066225	13.239702
47965	-5.664741	2.054518	13.258868
47966	-5.671679	2.052308	13.281772
47967	-5.671126	2.038777	13.303366
47968	-5.665093	2.033949	13.324922
47969	-5.651344	2.014729	13.349247
47970	-5.644026	2.002075	13.374926
47971	-5.648749	1.974109	13.400470
47972	-5.658692	1.953088	13.426557
47973	-5.676017	1.923841	13.462670
47974	-5.710376	1.887763	13.497375
47975	-5.759360	1.832936	13.535551
47976	-5.804976	1.768710	13.570988
47977	-5.849102	1.676672	13.607034
47978	-5.869291	1.561899	13.651486
47979	-5.846590	1.408506	13.719851
47980	-5.799319	1.196783	13.802863
47981	-5.771865	0.885475	13.900750
47982	-5.787024	0.498326	13.992109
47983	-5.845845	0.014603	14.073141
47984	-5.947323	-0.576410	14.147066
47985	-6.119335	-1.264124	14.203500
47986	-6.380039	-2.054972	14.208729
47987	-6.710450	-2.931404	14.161758
47988	-7.091118	-3.908570	14.049037
47989	-7.527546	-5.035716	13.878919
47990	-8.056122	-6.311336	13.639030
47991	-8.609090	-7.733858	13.365220
47992	-9.158295	-9.308322	13.066968
47993	-9.738414	-11.040602	12.781966
47994	-10.363193	-12.990485	12.490387
47995	-11.048432	-15.225127	12.184120
47996	-11.785434	-17.771693	11.893007
47997	-12.495623	-20.625452	11.615204
47998	-13.158503	-23.749267	11.391403
47999	-13.813760	-27.201264	11.374251
48000	-14.581257	-30.879436	11.564965
48001	-15.512309	-34.687101	11.882993
48002	-16.646719	-38.587016	12.216350
48003	-18.124788	-42.588003	12.554836
48004	-19.925624	-46.588758	12.911275
48005	-21.761173	-50.645733	13.265960
48006	-23.281101	-54.692764	13.398474
48007	-24.296726	-58.770903	13.071497
48008	-24.654821	-62.978478	12.003303
48009	-24.181057	-67.581634	10.060915
48010	-22.694048	-72.556548	7.092759
48011	-17.773297	-77.097817	0.876039
48012	-5.684011	-80.795271	-12.268418
48013	14.397956	-82.760054	-32.814700
48014	31.796176	-82.922167	-49.813196
48015	36.312121	-82.250938	-53.306050
48016	31.138769	-81.150232	-46.837207
48017	22.386113	-79.409163	-36.741959
48018	14.524460	-76.969930	-27.593404
48019	8.795750	-73.894131	-20.695456
48020	5.035782	-70.351234	-15.911479
48021	2.674666	-66.475625	-12.662794
48022	1.321131	-62.498488	-10.555350
48023	0.602394	-58.472067	-9.157360
48024	0.334496	-54.476759	-8.267614
48025	0.260075	-50.495745	-7.765662
48026	0.226686	-46.631206	-7.563563
48027	0.090432	-42.824187	-7.538761
48028	-0.182860	-39.073932	-7.607841
48029	-0.630292	-35.359377	-7.675191
48030	-1.205741	-31.720643	-7.712356
48031	-1.916756	-28.077426	-7.659611
48032	-2.722362	-24.458495	-7.471424
48033	-3.603836	-20.835764	-7.098795
48034	-4.525360	-17.268275	-6.530899
48035	-5.499908	-13.695500	-5.784472
48036	-6.536827	-10.167496	-4.918642
48037	-7.660982	-6.620197	-3.949327
48038	-8.781815	-3.079608	-2.859452
48039	-9.812228	0.478050	-1.624292
48040	-10.633139	3.966419	-0.259665
48041	-11.194840	7.317220	1.218940
48042	-11.483722	10.373251	2.812608
48043	-11.561748	13.052256	4.484277
48044	-11.468146	15.260251	6.124944
48045	-11.102192	16.814440	7.687549
48046	-10.477423	17.559230	8.954201
48047	-9.220563	17.173260	10.188129
48048	-8.116470	15.570871	11.060686
48049	-6.930084	13.228992	11.775346
48050	-5.979694	11.644892	11.734522
48051	-5.452930	10.315685	11.465178
48052	-5.018365	8.345630	11.000962
48053	-4.599707	6.257673	11.213505
48054	-4.213037	4.818080	11.427755
48055	-3.994106	3.960354	11.451326
48056	-3.889324	3.297003	11.531044
48057	-3.885025	2.765224	11.639187
48058	-4.004505	2.379374	11.763276
48059	-4.213873	2.018567	11.859029
48060	-4.475693	1.750686	11.955412
48061	-4.742043	1.542820	12.050351
48062	-5.014695	1.399073	12.128482
48063	-5.315069	1.281497	12.194217
48064	-5.618890	1.207036	12.233352
48065	-5.876458	1.148625	12.248293
48066	-6.056862	1.149788	12.251659
48067	-6.166185	1.177921	12.257740
48068	-6.232185	1.235669	12.258668
48069	-6.247710	1.293579	12.258378
48070	-6.224568	1.380150	12.266281
48071	-6.178018	1.449884	12.280106
48072	-6.106889	1.555345	12.301486
48073	-6.016964	1.669095	12.325355
48074	-5.928187	1.792055	12.352958
48075	-5.845113	1.890115	12.383996
48076	-5.761790	1.988067	12.418552
48077	-5.677673	2.051971	12.454945
48078	-5.609370	2.121176	12.485568
48079	-5.557241	2.143360	12.504865
48080	-5.483514	2.171257	12.530946
48081	-5.392108	2.188522	12.559829
48082	-5.302974	2.202215	12.579962
48083	-5.216998	2.190661	12.599741
48084	-5.133520	2.187575	12.624336
48085	-5.050999	2.171895	12.657067
48086	-4.973248	2.162771	12.682234
48087	-4.902885	2.141199	12.705286
48088	-4.840159	2.121563	12.725348
48089	-4.781899	2.087284	12.744911
48090	-4.729534	2.057796	12.766570
48091	-4.691487	2.013700	12.789861
48092	-4.669148	1.969401	12.807713
48093	-4.667608	1.901397	12.822123
48094	-4.670615	1.836634	12.839468
48095	-4.674180	1.746504	12.849922
48096	-4.671910	1.653655	12.859569
48097	-4.672703	1.523079	12.861307
48098	-4.677116	1.362873	12.873942
48099	-4.659076	1.156822	12.900693
48100	-4.640379	0.902303	12.954545
48101	-4.647768	0.542964	13.009988
48102	-4.688361	0.111548	13.060131
48103	-4.779324	-0.439247	13.111104
48104	-4.933121	-1.097271	13.155915
48105	-5.154320	-1.859807	13.197878
48106	-5.424760	-2.722068	13.212637
48107	-5.736756	-3.712608	13.174617
48108	-6.060004	-4.828025	13.065331
48109	-6.372799	-6.081317	12.907522
48110	-6.707026	-7.452435	12.714473
48111	-7.022939	-8.993223	12.455126
48112	-7.310554	-10.684499	12.213927
48113	-7.581589	-12.556034	11.979802
48114	-7.875268	-14.638949	11.701441
48115	-8.211613	-16.977472	11.346409
48116	-8.577475	-19.607122	10.926946
48117	-8.968653	-22.523166	10.506324
48118	-9.300364	-25.703645	10.085616
48119	-9.608951	-29.144868	9.784366
48120	-9.939446	-32.738093	9.550167
48121	-10.393131	-36.475537	9.339085
48122	-10.944089	-40.306679	9.043924
48123	-11.766017	-44.229684	8.700619
48124	-12.810894	-48.185735	8.230676
48125	-13.671890	-52.227686	7.651495
48126	-13.930681	-56.309950	6.739560
48127	-13.383503	-60.340053	5.130600
48128	-11.901412	-64.301668	2.464407
48129	-8.869210	-68.428449	-1.871997
48130	-3.450719	-72.716200	-8.519105
48131	6.584477	-76.091508	-19.281198
48132	20.396108	-77.926819	-32.917113
48133	31.173266	-78.071187	-42.398529
48134	33.991147	-76.982771	-43.357996
48135	30.554233	-74.852906	-38.350338
48136	24.980642	-71.826731	-31.860758
48137	19.621768	-68.195404	-26.218770
48138	15.304327	-64.421964	-22.070890
48139	11.966739	-60.792182	-19.050050
48140	9.460830	-57.449402	-16.706253
48141	7.546317	-54.319056	-14.743155
48142	5.965294	-51.357780	-13.004318
48143	4.508332	-48.449477	-11.377480
48144	3.190261	-45.543869	-9.899839
48145	2.002238	-42.537132	-8.608916
48146	0.903718	-39.468545	-7.538662
48147	-0.190865	-36.343161	-6.680572
48148	-1.265768	-33.224900	-6.019026
48149	-2.272171	-30.086385	-5.538064
48150	-3.114770	-26.975851	-5.237745
48151	-3.757224	-23.822065	-5.099713
48152	-4.207740	-20.672638	-5.111210
48153	-4.571657	-17.456823	-5.253974
48154	-4.957988	-14.209126	-5.476275
48155	-5.485095	-10.910917	-5.666144
48156	-6.199867	-7.608606	-5.679406
48157	-7.090817	-4.256452	-5.391629
48158	-8.062188	-0.958288	-4.721827
48159	-9.042380	2.270191	-3.650606
48160	-9.943696	5.348403	-2.240181
48161	-10.671080	8.299287	-0.571888
48162	-11.105825	11.058811	1.228924
48163	-11.247590	13.596337	3.028140
48164	-11.209880	15.809786	4.652413
48165	-11.172267	17.634525	5.921210
48166	-11.186682	18.984863	6.783285
48167	-10.982337	19.674597	7.391983
48168	-10.481578	19.696022	7.884501
48169	-9.219089	18.595893	8.746875
48170	-7.941231	16.506808	9.577106
48171	-7.116945	14.745012	10.329661
48172	-6.714250	13.430460	10.769398
48173	-6.321004	11.725333	10.341449
48174	-5.902958	9.843507	9.783848
48175	-5.587624	8.051811	9.699738
48176	-5.131971	6.325150	9.918070
48177	-4.617869	4.779910	10.230185
48178	-4.159684	3.687536	10.234333
48179	-3.866352	3.022941	10.214095
48180	-3.734302	2.559222	10.310346
48181	-3.698493	2.190927	10.388179
48182	-3.722932	1.945292	10.493824
48183	-3.761842	1.770794	10.605183
48184	-3.823306	1.658077	10.719681
48185	-3.931777	1.523209	10.828855
48186	-4.060941	1.421464	10.928611
48187	-4.175101	1.315011	11.017967
48188	-4.262422	1.237383	11.102224
48189	-4.320914	1.153328	11.171812
48190	-4.351663	1.107838	11.235562
48191	-4.338088	1.079553	11.292942
48192	-4.298494	1.098501	11.349237
48193	-4.242399	1.111283	11.409560
48194	-4.173545	1.156248	11.470321
48195	-4.099745	1.181576	11.516974
48196	-4.035087	1.223006	11.565541
48197	-3.998846	1.223784	11.608910
48198	-3.986182	1.219398	11.654689
48199	-4.003221	1.181174	11.693626
48200	-4.050996	1.132402	11.721595
48201	-4.111683	1.055071	11.744634
48202	-4.157753	0.980449	11.769767
48203	-4.180187	0.876448	11.787665
48204	-4.192949	0.756303	11.793705
48205	-4.187509	0.621073	11.795687
48206	-4.183766	0.482101	11.799272
48207	-4.173009	0.331216	11.815748
48208	-4.157846	0.189657	11.841249
48209	-4.151424	0.029839	11.873101
48210	-4.135255	-0.133172	11.896756
48211	-4.114234	-0.317555	11.922825
48212	-4.090582	-0.492919	11.948785
48213	-4.068807	-0.692182	11.964913
48214	-4.057916	-0.890190	11.976389
48215	-4.068208	-1.115827	11.982295
48216	-4.095185	-1.343469	11.983345
48217	-4.134714	-1.597201	11.984508
48218	-4.180846	-1.857587	11.982138
48219	-4.235545	-2.150305	11.976528
48220	-4.288850	-2.466405	11.966631
48221	-4.352235	-2.822435	11.960831
48222	-4.415169	-3.212150	11.971531
48223	-4.486578	-3.669048	12.002502
48224	-4.571809	-4.182754	12.040931
48225	-4.663799	-4.778342	12.074254
48226	-4.742099	-5.439604	12.092790
48227	-4.810151	-6.194130	12.100696
48228	-4.882656	-7.038198	12.093585
48229	-4.974379	-7.987725	12.071830
48230	-5.077447	-9.045345	12.025477
48231	-5.186706	-10.224757	11.959251
48232	-5.286068	-11.531197	11.868392
48233	-5.371790	-13.001637	11.755625
48234	-5.488665	-14.601462	11.646974
48235	-5.595916	-16.368002	11.524074
48236	-5.678816	-18.316959	11.363685
48237	-5.709967	-20.466111	11.105802
48238	-5.681988	-22.809208	10.725744
48239	-5.583953	-25.349039	10.237827
48240	-5.377779	-28.084293	9.683838
48241	-5.056862	-31.009599	9.029508
48242	-4.684677	-34.056646	8.185964
48243	-4.324290	-37.196302	7.225332
48244	-4.097151	-40.444824	6.125226
48245	-4.102861	-43.794420	4.853409
48246	-4.385890	-47.180452	3.427228
48247	-4.838930	-50.537800	1.773610
48248	-5.161108	-53.973817	-0.141719
48249	-4.878847	-57.488648	-2.515128
48250	-3.449894	-60.977656	-5.945565
48251	-0.541225	-64.333501	-10.945660
48252	4.499482	-67.643002	-18.176276
48253	12.139660	-70.849744	-28.014227
48254	22.417882	-73.242453	-40.217734
48255	33.900625	-74.469466	-53.000257
48256	43.270017	-74.757317	-62.854651
48257	47.377205	-74.759155	-66.675399
48258	46.007725	-74.815979	-64.475886
48259	39.848851	-74.682325	-57.235989
48260	30.813096	-73.959298	-47.084361
48261	21.073015	-72.293855	-36.366903
48262	12.733180	-69.613083	-27.281767
48263	6.487017	-66.075347	-20.550236
48264	2.379929	-62.175669	-16.053166
48265	-0.057752	-58.138351	-13.073866
48266	-1.331405	-54.137473	-11.174044
48267	-1.921962	-50.301808	-10.095308
48268	-2.236773	-46.705343	-9.535579
48269	-2.464773	-43.243367	-9.296646
48270	-2.637225	-39.906575	-9.266196
48271	-2.792271	-36.589405	-9.371305
48272	-2.980133	-33.303179	-9.549517
48273	-3.239427	-29.986964	-9.727742
48274	-3.531161	-26.710773	-9.889871
48275	-3.822678	-23.485915	-10.007222
48276	-4.100026	-20.378363	-10.058340
48277	-4.438657	-17.324740	-10.023738
48278	-4.879510	-14.315368	-9.870405
48279	-5.436982	-11.289849	-9.517550
48280	-6.091998	-8.293878	-8.862316
48281	-6.894419	-5.250034	-7.866393
48282	-7.852040	-2.201852	-6.571599
48283	-8.905398	0.856835	-5.014851
48284	-9.881638	3.804726	-3.207072
48285	-10.618618	6.638576	-1.206575
48286	-11.057827	9.290077	0.886398
48287	-11.260679	11.736175	2.902848
48288	-11.339803	13.892424	4.634329
48289	-11.474614	15.707776	5.862511
48290	-11.690207	17.079458	6.536392
48291	-11.700844	17.825892	6.795692
48292	-11.364870	17.932465	6.860864
48293	-10.124853	17.042315	7.315965
48294	-8.659220	15.095163	7.935239
48295	-7.782695	13.172822	8.672916
48296	-7.339882	11.870536	9.252079
48297	-6.827403	10.307228	8.887374
48298	-6.239146	8.527907	8.249110
48299	-5.800563	6.829252	8.203153
48300	-5.305260	5.303430	8.438192
48301	-4.883491	4.084227	8.578855
48302	-4.557109	3.245798	8.520571
48303	-4.370633	2.640020	8.531116
48304	-4.284558	2.213599	8.596361
48305	-4.265344	1.884053	8.670365
48306	-4.285473	1.655277	8.762523
48307	-4.332386	1.488304	8.863610
48308	-4.410431	1.357745	8.963640
48309	-4.513523	1.233788	9.063714
48310	-4.630231	1.135857	9.159615
48311	-4.733419	1.045701	9.249785
48312	-4.807655	0.994905	9.323387
48313	-4.839829	0.973676	9.390481
48314	-4.830934	0.994308	9.445852
48315	-4.786657	1.035327	9.500941
48316	-4.719023	1.109534	9.554719
48317	-4.630779	1.195204	9.613326
48318	-4.530679	1.309187	9.665269
48319	-4.421780	1.411985	9.714580
48320	-4.321784	1.527527	9.762463
48321	-4.245328	1.594032	9.804227
48322	-4.196601	1.649957	9.841425
48323	-4.168734	1.672826	9.876294
48324	-4.164691	1.689571	9.904070
48325	-4.177057	1.677629	9.928399
48326	-4.189065	1.675772	9.952383
48327	-4.205103	1.651306	9.977242
48328	-4.216345	1.616426	9.993761
48329	-4.208092	1.565223	10.006132
48330	-4.183259	1.514670	10.018998
48331	-4.154603	1.451360	10.038351
48332	-4.129493	1.392194	10.058943
48333	-4.104466	1.320797	10.080117
48334	-4.077109	1.256643	10.100133
48335	-4.038308	1.176893	10.117507
48336	-3.990481	1.105652	10.136911
48337	-3.944028	1.014263	10.145081
48338	-3.915473	0.928037	10.148082
48339	-3.902322	0.828857	10.149818
48340	-3.897570	0.738362	10.156330
48341	-3.882126	0.628629	10.164188
48342	-3.865084	0.511442	10.173554
48343	-3.839638	0.374838	10.173265
48344	-3.808837	0.232242	10.172026
48345	-3.777661	0.051822	10.176653
48346	-3.750239	-0.158531	10.187864
48347	-3.729361	-0.436374	10.208500
48348	-3.726728	-0.794499	10.237645
48349	-3.739364	-1.261836	10.271380
48350	-3.774658	-1.829192	10.290965
48351	-3.829130	-2.520118	10.288299
48352	-3.902112	-3.326694	10.264174
48353	-3.973422	-4.243106	10.227492
48354	-4.022491	-5.246502	10.173778
48355	-4.053628	-6.351952	10.118583
48356	-4.039464	-7.563780	10.035923
48357	-4.018131	-8.931483	9.921771
48358	-4.029103	-10.393828	9.799565
48359	-4.027265	-11.988644	9.688239
48360	-3.994535	-13.794673	9.560493
48361	-3.895770	-15.860335	9.371155
48362	-3.711539	-18.187487	9.048181
48363	-3.454346	-20.766527	8.576129
48364	-3.113821	-23.544811	7.925500
48365	-2.624702	-26.483140	7.005135
48366	-1.968316	-29.563787	5.915636
48367	-1.238932	-32.738035	4.733229
48368	-0.549418	-35.979288	3.363924
48369	0.143366	-39.283259	1.748586
48370	0.614261	-42.604125	-0.030936
48371	0.906138	-46.028182	-1.901906
48372	1.318144	-49.569641	-3.984355
48373	2.212896	-53.162033	-6.467570
48374	4.075481	-56.687556	-9.851946
48375	7.273301	-59.942792	-14.498206
48376	12.233558	-62.813730	-20.672370
48377	18.666551	-65.016290	-27.892188
48378	25.525889	-66.230779	-35.123179
48379	31.644278	-66.692092	-41.402774
48380	35.929043	-66.547889	-45.846310
48381	37.883521	-66.052428	-48.119066
48382	37.654934	-65.461162	-48.376451
48383	35.654892	-64.858285	-46.879888
48384	32.434139	-64.275469	-44.026977
48385	28.295832	-63.623568	-40.062548
48386	23.563639	-62.724376	-35.297289
48387	18.501092	-61.316372	-30.058962
48388	13.661396	-59.315644	-25.033245
48389	9.303298	-56.772727	-20.611147
48390	5.602084	-53.851098	-16.911857
48391	2.556650	-50.642933	-13.923522
48392	0.119302	-47.340277	-11.604308
48393	-1.862621	-43.976773	-9.846308
48394	-3.491969	-40.652687	-8.546694
48395	-4.851591	-37.367414	-7.602733
48396	-5.939225	-34.164138	-6.965986
48397	-6.781048	-30.995388	-6.612675
48398	-7.385111	-27.893912	-6.507132
48399	-7.790548	-24.780726	-6.606649
48400	-8.047736	-21.684412	-6.874863
48401	-8.276530	-18.546159	-7.241895
48402	-8.551139	-15.402002	-7.678203
48403	-8.914036	-12.227034	-8.080202
48404	-9.348894	-9.107920	-8.285465
48405	-9.812439	-5.973246	-8.085786
48406	-10.353739	-2.857735	-7.447906
48407	-11.042110	0.222926	-6.426728
48408	-11.839639	3.157629	-5.088844
48409	-12.614853	5.932835	-3.489731
48410	-13.172223	8.485102	-1.677042
48411	-13.415900	10.818532	0.241403
48412	-13.414192	12.850671	2.089754
48413	-13.402971	14.560260	3.626781
48414	-13.617600	15.886149	4.632892
48415	-13.954291	16.716560	5.108230
48416	-14.080747	16.950192	5.188954
48417	-13.600635	16.578126	5.279630
48418	-11.793883	15.323377	5.861892
48419	-9.742110	13.285452	6.702395
48420	-8.706004	11.363277	7.670956
48421	-8.380177	9.765353	8.287483
48422	-7.935656	7.975564	8.100448
48423	-7.358995	6.101346	7.777967
48424	-6.872810	4.551077	7.862035
48425	-6.456290	3.468032	7.888340
48426	-6.062659	2.632374	7.871936
48427	-5.786375	1.958486	7.890758
48428	-5.602471	1.526239	7.980427
48429	-5.496586	1.164949	8.090583
48430	-5.492845	0.844774	8.192861
48431	-5.555190	0.565557	8.296950
48432	-5.649586	0.353760	8.405322
48433	-5.747939	0.182912	8.512014
48434	-5.869215	0.063180	8.621473
48435	-6.004072	-0.049219	8.718565
48436	-6.124947	-0.105966	8.806230
48437	-6.191903	-0.102100	8.895806
48438	-6.193180	-0.030322	8.975221
48439	-6.147095	0.059682	9.042292
48440	-6.063529	0.173832	9.104463
48441	-5.950749	0.275777	9.168495
48442	-5.808288	0.415659	9.238698
48443	-5.622641	0.587394	9.310830
48444	-5.413536	0.801294	9.380418
48445	-5.211547	0.988389	9.437545
48446	-5.044580	1.161476	9.487117
48447	-4.903771	1.285694	9.529337
48448	-4.797388	1.407584	9.568141
48449	-4.736409	1.476233	9.596437
48450	-4.710606	1.527581	9.620236
48451	-4.687907	1.553117	9.641540
48452	-4.673401	1.576134	9.657734
48453	-4.653405	1.566203	9.670676
48454	-4.623696	1.562753	9.684128
48455	-4.586303	1.538904	9.698272
48456	-4.551387	1.514658	9.713698
48457	-4.517645	1.475516	9.730273
48458	-4.475838	1.447169	9.751862
48459	-4.425187	1.406331	9.775683
48460	-4.359876	1.362893	9.792801
48461	-4.286196	1.309400	9.808368
48462	-4.213175	1.256099	9.823295
48463	-4.142851	1.185666	9.839842
48464	-4.087724	1.116013	9.858108
48465	-4.051503	1.028181	9.875835
48466	-4.027953	0.941182	9.890243
48467	-4.005952	0.835788	9.901484
48468	-3.987429	0.725846	9.913714
48469	-3.971572	0.594357	9.925465
48470	-3.970432	0.449713	9.940942
48471	-3.982729	0.258665	9.956870
48472	-4.003615	0.037574	9.991651
48473	-4.030106	-0.249202	10.037764
48474	-4.093025	-0.608179	10.080465
48475	-4.202144	-1.076076	10.117525
48476	-4.351393	-1.620053	10.156623
48477	-4.506930	-2.267868	10.181034
48478	-4.671917	-3.015773	10.190354
48479	-4.833781	-3.882060	10.176087
48480	-4.975188	-4.859042	10.133936
48481	-5.072474	-5.961204	10.046842
48482	-5.122122	-7.229425	9.898087
48483	-5.169497	-8.613939	9.743045
48484	-5.234672	-10.088506	9.571310
48485	-5.301973	-11.723345	9.414484
48486	-5.352600	-13.571149	9.255615
48487	-5.338647	-15.678048	9.017170
48488	-5.262364	-18.053684	8.661578
48489	-5.120162	-20.692473	8.187362
48490	-4.942569	-23.536159	7.548531
48491	-4.674114	-26.542552	6.712190
48492	-4.284910	-29.697075	5.812953
48493	-3.954835	-32.921525	4.877662
48494	-3.732916	-36.232707	3.818744
48495	-3.559228	-39.586133	2.525258
48496	-3.646327	-42.981123	1.062923
48497	-3.913088	-46.337922	-0.609644
48498	-4.137230	-49.805801	-2.495287
48499	-3.981434	-53.400695	-4.743732
48500	-3.029781	-56.998788	-7.801753
48501	-0.964799	-60.495999	-12.006628
48502	2.729144	-63.879030	-17.817817
48503	8.755431	-67.044819	-25.579241
48504	16.893711	-69.368703	-34.686871
48505	25.890359	-70.578091	-43.694012
48506	33.508430	-70.768461	-50.611063
48507	37.723241	-70.267485	-53.970490
48508	38.412432	-69.385167	-54.087605
48509	36.177614	-68.206025	-51.721265
48510	32.124046	-66.789153	-47.860268
48511	27.083329	-65.124132	-43.144104
48512	21.846706	-63.219036	-38.119398
48513	16.891168	-61.022625	-33.121890
48514	12.626871	-58.533232	-28.542371
48515	9.119648	-55.795583	-24.565478
48516	6.277814	-52.928269	-21.190170
48517	3.895816	-49.917514	-18.326730
48518	1.902258	-46.884501	-15.974513
48519	0.176603	-43.801720	-14.057908
48520	-1.282386	-40.735743	-12.541734
48521	-2.489655	-37.663536	-11.362360
48522	-3.451388	-34.656201	-10.485388
48523	-4.242434	-31.649745	-9.866523
48524	-4.889959	-28.676168	-9.491346
48525	-5.435858	-25.666608	-9.331712
48526	-5.883868	-22.682701	-9.359700
48527	-6.279823	-19.664873	-9.522095
48528	-6.638219	-16.664834	-9.740277
48529	-6.994214	-13.627772	-9.925852
48530	-7.363741	-10.632584	-9.929978
48531	-7.763665	-7.637889	-9.538121
48532	-8.238469	-4.663580	-8.642149
48533	-8.932944	-1.655964	-7.308617
48534	-9.854783	1.311768	-5.648671
48535	-10.820027	4.231253	-3.710488
48536	-11.510530	7.007732	-1.505911
48537	-11.746122	9.594271	0.862107
48538	-11.573201	11.851190	3.189530
48539	-11.285678	13.743846	5.189619
48540	-11.230282	15.221371	6.550247
48541	-11.287590	16.150478	7.236992
48542	-11.016661	16.339024	7.452918
48543	-9.338196	15.210394	8.076200
48544	-7.725881	12.806894	8.550927
48545	-6.792358	10.823136	8.874121
48546	-6.354370	9.705050	8.959431
48547	-5.947697	8.319928	8.417620
48548	-5.511731	6.713441	7.922453
48549	-5.083658	5.177922	8.068067
48550	-4.688135	3.971065	8.116280
48551	-4.294176	3.188417	8.037094
48552	-3.992090	2.662437	8.015982
48553	-3.811983	2.224053	8.055719
48554	-3.743877	1.855547	8.094329
48555	-3.797412	1.500263	8.166938
48556	-3.880998	1.228467	8.251595
48557	-3.950520	1.017448	8.342477
48558	-4.031503	0.854788	8.431893
48559	-4.145163	0.708589	8.516110
48560	-4.267082	0.633340	8.607012
48561	-4.349814	0.623580	8.707365
48562	-4.383125	0.704348	8.815423
48563	-4.373519	0.814889	8.917467
48564	-4.320779	0.972292	9.006001
48565	-4.242144	1.131215	9.088178
48566	-4.159936	1.293517	9.162563
48567	-4.074537	1.420237	9.222938
48568	-3.988814	1.540275	9.264496
48569	-3.893252	1.625604	9.287159
48570	-3.803421	1.703328	9.298878
48571	-3.739679	1.741462	9.307847
48572	-3.705605	1.772846	9.317526
48573	-3.689098	1.782612	9.321781
48574	-3.691019	1.786643	9.329456
48575	-3.698955	1.767880	9.335522
48576	-3.706815	1.755562	9.344156
48577	-3.712189	1.718411	9.349649
48578	-3.719266	1.678740	9.347788
48579	-3.720442	1.618162	9.354853
48580	-3.714050	1.568451	9.365902
48581	-3.703714	1.502619	9.381855
48582	-3.699034	1.429409	9.398423
48583	-3.685904	1.330800	9.415878
48584	-3.659945	1.228826	9.430060
48585	-3.619763	1.112656	9.451546
48586	-3.577304	0.994753	9.471796
48587	-3.547670	0.845161	9.490078
48588	-3.532496	0.686099	9.516442
48589	-3.543716	0.501253	9.539097
48590	-3.578730	0.307446	9.561499
48591	-3.634822	0.079961	9.575105
48592	-3.703555	-0.163831	9.579902
48593	-3.780548	-0.456494	9.585766
48594	-3.857420	-0.779249	9.607347
48595	-3.922834	-1.178949	9.638396
48596	-3.984748	-1.643629	9.669453
48597	-4.058502	-2.219019	9.700592
48598	-4.149023	-2.894031	9.734122
48599	-4.232389	-3.683644	9.756483
48600	-4.284231	-4.578481	9.759484
48601	-4.313180	-5.595657	9.736860
48602	-4.326860	-6.729722	9.693651
48603	-4.322033	-8.008422	9.621481
48604	-4.327097	-9.426694	9.521908
48605	-4.343559	-11.020211	9.401015
48606	-4.394416	-12.780648	9.263355
48607	-4.476850	-14.704347	9.140344
48608	-4.564624	-16.825882	9.000401
48609	-4.606440	-19.172708	8.796448
48610	-4.597446	-21.708177	8.466526
48611	-4.527745	-24.449360	8.007022
48612	-4.331933	-27.399665	7.421893
48613	-4.035843	-30.539198	6.816513
48614	-3.600875	-33.847969	5.981775
48615	-3.144378	-37.274823	4.973943
48616	-2.799869	-40.830702	3.805131
48617	-2.661292	-44.505256	2.428933
48618	-2.780917	-48.270664	0.865930
48619	-2.919255	-51.994726	-0.960072
48620	-2.762742	-55.732163	-3.115608
48621	-1.832507	-59.499472	-5.728834
48622	0.496573	-63.103377	-9.394960
48623	4.929029	-66.358253	-14.892215
48624	12.286409	-69.397983	-22.899690
48625	22.128091	-71.633632	-32.853623
48626	32.391503	-72.557757	-42.784965
48627	40.209886	-72.434798	-50.012388
48628	44.156301	-71.640544	-53.443559
48629	44.154463	-70.492452	-53.340081
48630	41.252477	-69.161124	-50.756452
48631	36.580145	-67.679404	-46.641373
48632	31.139220	-66.037674	-41.789456
48633	25.503166	-64.221354	-36.652401
48634	20.229455	-62.200599	-31.689986
48635	15.574977	-59.905703	-27.124732
48636	11.681011	-57.441844	-23.113694
48637	8.393312	-54.819294	-19.572032
48638	5.647740	-52.112834	-16.546042
48639	3.316993	-49.304779	-13.995191
48640	1.372819	-46.398312	-11.922203
48641	-0.270143	-43.354532	-10.278016
48642	-1.667344	-40.277381	-9.022404
48643	-2.895160	-37.177488	-8.108192
48644	-3.959601	-34.110345	-7.486751
48645	-4.841021	-31.010075	-7.123354
48646	-5.506846	-27.922109	-6.989292
48647	-5.998000	-24.825050	-7.015141
48648	-6.365013	-21.769683	-7.144982
48649	-6.667588	-18.672118	-7.326560
48650	-6.959519	-15.576960	-7.493916
48651	-7.324188	-12.450513	-7.541476
48652	-7.797553	-9.347490	-7.333964
48653	-8.362067	-6.198222	-6.728806
48654	-8.973385	-3.043340	-5.715432
48655	-9.605060	0.109735	-4.339466
48656	-10.148569	3.151438	-2.675285
48657	-10.487674	6.072091	-0.800076
48658	-10.532465	8.780107	1.182523
48659	-10.344492	11.252245	3.116560
48660	-10.084701	13.386539	4.832198
48661	-10.010688	15.148211	6.139256
48662	-10.207967	16.414268	6.989207
48663	-10.492047	17.010464	7.457922
48664	-10.599908	16.953668	7.798215
48665	-9.503386	15.859625	8.855514
48666	-7.718656	13.810224	10.480569
48667	-6.930599	11.725097	11.921993
48668	-6.839325	10.260140	12.809246
48669	-6.523469	8.764062	12.430148
48670	-5.853511	7.055852	11.374887
48671	-5.079007	5.390885	11.090680
48672	-4.476938	4.326636	11.167565
48673	-4.006672	3.700493	11.261354
48674	-3.741710	3.228122	11.268609
48675	-3.677068	2.850598	11.397151
48676	-3.615158	2.570882	11.494068
48677	-3.593119	2.277133	11.594143
48678	-3.609886	2.057363	11.705147
48679	-3.657019	1.871984	11.824091
48680	-3.757452	1.730421	11.950989
48681	-3.899270	1.594322	12.075084
48682	-4.057254	1.490229	12.202521
48683	-4.197967	1.412650	12.314390
48684	-4.321518	1.367935	12.413238
48685	-4.421959	1.347120	12.497839
48686	-4.509868	1.358324	12.575633
48687	-4.562200	1.387432	12.650378
48688	-4.601571	1.438779	12.715886
48689	-4.636698	1.471656	12.771334
48690	-4.663046	1.515282	12.824044
48691	-4.692064	1.531502	12.869116
48692	-4.720694	1.540741	12.906674
48693	-4.760369	1.506947	12.932355
48694	-4.825520	1.467293	12.956293
48695	-4.914285	1.398940	12.992469
48696	-5.019010	1.320106	13.020698
48697	-5.130758	1.209951	13.038349
48698	-5.226252	1.100997	13.055483
48699	-5.290859	0.979015	13.064941
48700	-5.330227	0.854881	13.070605
48701	-5.345134	0.720196	13.078336
48702	-5.355097	0.592443	13.098165
48703	-5.371922	0.458666	13.127227
48704	-5.398731	0.317732	13.158958
48705	-5.430463	0.164643	13.190390
48706	-5.456584	0.009777	13.216080
48707	-5.476725	-0.163644	13.239088
48708	-5.489440	-0.336509	13.263535
48709	-5.512617	-0.526680	13.282478
48710	-5.555493	-0.729350	13.306391
48711	-5.617214	-0.951824	13.335369
48712	-5.690027	-1.180635	13.365602
48713	-5.769441	-1.432299	13.392933
48714	-5.854445	-1.691868	13.410094
48715	-5.954548	-1.982694	13.421712
48716	-6.068641	-2.284257	13.430985
48717	-6.200604	-2.628095	13.444377
48718	-6.352298	-2.990685	13.455537
48719	-6.527439	-3.419213	13.469484
48720	-6.719700	-3.893787	13.484245
48721	-6.927844	-4.447583	13.504060
48722	-7.142338	-5.070747	13.516739
48723	-7.358533	-5.785846	13.511601
48724	-7.588564	-6.593595	13.480383
48725	-7.843197	-7.516482	13.424281
48726	-8.125145	-8.557851	13.349422
48727	-8.415091	-9.719543	13.250498
48728	-8.692640	-10.985137	13.130023
48729	-8.974341	-12.393141	13.007464
48730	-9.305996	-13.922088	12.857313
48731	-9.711179	-15.561646	12.728763
48732	-10.214635	-17.326831	12.610849
48733	-10.803905	-19.268235	12.523152
48734	-11.467901	-21.392805	12.451754
48735	-12.154259	-23.689695	12.367810
48736	-12.826412	-26.163995	12.275008
48737	-13.461829	-28.890240	12.240628
48738	-14.056213	-31.825860	12.233985
48739	-14.625282	-34.978975	12.275350
48740	-15.292761	-38.329168	12.441495
48741	-16.115328	-41.828926	12.735196
48742	-17.290884	-45.510365	13.181932
48743	-18.746326	-49.310430	13.803520
48744	-20.253957	-53.130478	14.561086
48745	-21.608391	-57.068650	15.508087
48746	-22.660621	-60.966388	16.492204
48747	-23.463836	-64.761543	17.231556
48748	-24.122298	-68.541931	17.536123
48749	-23.813727	-72.377713	16.588339
48750	-21.930871	-76.339490	13.746176
48751	-15.409995	-79.199602	6.388671
48752	-3.638376	-80.356613	-6.052549
48753	6.950166	-79.588612	-17.084672
48754	12.067410	-77.577186	-22.257398
48755	13.562665	-74.876191	-23.510877
48756	13.436813	-71.839662	-23.002270
48757	12.561528	-68.606867	-21.702913
48758	11.409146	-65.318334	-20.158321
48759	10.132499	-62.019919	-18.529677
48760	8.881470	-58.743761	-16.957566
48761	7.681113	-55.450098	-15.490039
48762	6.547569	-52.212903	-14.213391
48763	5.382861	-49.003597	-13.081941
48764	4.184542	-45.845686	-12.092767
48765	2.965081	-42.658192	-11.202274
48766	1.777715	-39.459490	-10.391078
48767	0.624199	-36.219518	-9.634275
48768	-0.498540	-33.018736	-8.938369
48769	-1.627108	-29.815914	-8.275019
48770	-2.761089	-26.702293	-7.653713
48771	-3.861734	-23.574964	-7.076416
48772	-4.850800	-20.478611	-6.528818
48773	-5.712173	-17.375897	-5.973082
48774	-6.456937	-14.314578	-5.375469
48775	-7.168755	-11.235114	-4.690257
48776	-7.928657	-8.158352	-3.901296
48777	-8.750821	-5.042094	-2.969954
48778	-9.539972	-1.943523	-1.872848
48779	-10.213637	1.159512	-0.613542
48780	-10.690706	4.184352	0.756788
48781	-10.961590	7.100935	2.175167
48782	-11.038640	9.805328	3.545020
48783	-11.021809	12.240156	4.760890
48784	-11.034930	14.291711	5.704112
48785	-11.229685	15.925755	6.296959
48786	-11.672544	17.117005	6.539832
48787	-12.261086	17.828721	6.572757
48788	-12.509067	17.901926	6.685418
48789	-11.990463	17.404040	7.260788
48790	-9.660983	15.831331	9.002417
48791	-7.999066	13.816030	10.464223
48792	-7.472463	12.250127	11.412893
48793	-7.243846	10.647065	11.317871
48794	-6.871950	8.891361	10.643853
48795	-6.493139	7.230958	10.555187
48796	-6.038906	5.807321	10.924284
48797	-5.722758	4.670443	11.188066
48798	-5.536048	3.788687	11.150421
48799	-5.524631	3.047930	11.187470
48800	-5.543069	2.520670	11.292879
48801	-5.550719	2.110891	11.383769
48802	-5.603564	1.779149	11.478652
48803	-5.701361	1.530230	11.590936
48804	-5.811108	1.367602	11.698617
48805	-5.919961	1.242276	11.806209
48806	-6.037069	1.183916	11.896584
48807	-6.145430	1.135771	11.967231
48808	-6.211344	1.146073	12.025802
48809	-6.223025	1.187301	12.079211
48810	-6.185280	1.262904	12.118605
48811	-6.108693	1.352574	12.162693
48812	-6.022978	1.466415	12.208301
48813	-5.925461	1.568469	12.253226
48814	-5.795647	1.719099	12.305792
48815	-5.641823	1.864773	12.350432
48816	-5.480322	2.019752	12.388101
48817	-5.337918	2.134996	12.418363
48818	-5.211299	2.239381	12.444854
48819	-5.087348	2.319080	12.468831
48820	-4.996578	2.385149	12.495250
48821	-4.943432	2.391279	12.515921
48822	-4.899402	2.387455	12.531929
48823	-4.848140	2.357074	12.544209
48824	-4.781131	2.325636	12.557518
48825	-4.694228	2.264772	12.567002
48826	-4.600654	2.211280	12.589876
48827	-4.515743	2.123423	12.614854
48828	-4.441971	2.037266	12.644335
48829	-4.379571	1.931129	12.678768
48830	-4.319659	1.837382	12.719170
