// General information: 
//  MT Manager version: 2021.4.0 
//  XDA version: 2021.4.0 build 6323 rev 112641 built on 2021-09-28
// Device information: 
//  DeviceId: 00B43856
//  ProductCode: MTW2-3A7G6
//  Firmware Version: 4.3.4
//  Hardware Version: 1.1.0
// Device settings: 
//  Filter Profile: human(46.1)
//  Option Flags: Orientation Smoother Disabled, Position/Velocity Smoother Disabled, Continuous Zero Rotation Update Disabled, AHS Disabled, ICC Disabled
// Coordinate system: ENU
PacketCounter	Roll	Pitch	Yaw
38230	-9.402303	4.524973	-2.348218
38231	-9.110735	3.208429	-3.573578
38232	-8.607939	1.753969	-4.659288
38233	-7.865059	0.373655	-5.670855
38234	-6.867519	-0.913836	-6.442924
38235	-5.586967	-2.154393	-6.863574
38236	-4.122879	-3.384685	-7.011000
38237	-2.601604	-4.523586	-7.001110
38238	-1.208095	-5.596286	-6.773895
38239	-0.043364	-6.687796	-6.306857
38240	0.995194	-7.788844	-5.762349
38241	2.030616	-8.797228	-5.466048
38242	3.196522	-9.608268	-5.597904
38243	4.478047	-10.180513	-6.098201
38244	5.878026	-10.561032	-6.808346
38245	7.287702	-10.903362	-7.694271
38246	8.660382	-11.272898	-8.681322
38247	10.002657	-11.625124	-9.610809
38248	11.304896	-11.961511	-10.364484
38249	12.587102	-12.251898	-10.885481
38250	13.801473	-12.549055	-11.211624
38251	14.949872	-12.770960	-11.370202
38252	16.057639	-12.970764	-11.408475
38253	17.159842	-13.160594	-11.329176
38254	18.219469	-13.467490	-11.201631
38255	19.256995	-13.867499	-11.063934
38256	20.297931	-14.275481	-10.887459
38257	21.332899	-14.647051	-10.719231
38258	22.337684	-14.934314	-10.607493
38259	23.332729	-15.139155	-10.587600
38260	24.271154	-15.203252	-10.675139
38261	25.105117	-15.064519	-10.923922
38262	25.821274	-14.728820	-11.310482
38263	26.389517	-14.287502	-11.753621
38264	26.820409	-13.750053	-12.208294
38265	27.151229	-13.136653	-12.632756
38266	27.391969	-12.498312	-13.015203
38267	27.529358	-11.789057	-13.198340
38268	27.670381	-11.061032	-13.143020
38269	27.943867	-10.329033	-12.829503
38270	28.322885	-9.727595	-12.330131
38271	28.730096	-9.332466	-11.760331
38272	29.079117	-9.197106	-11.400873
38273	29.279410	-9.284338	-11.317849
38274	29.281673	-9.606098	-11.275836
38275	29.116090	-10.223587	-10.868480
38276	28.719772	-11.260349	-9.972044
38277	28.081657	-12.535429	-8.534546
38278	27.288156	-13.557362	-6.756047
38279	26.404883	-13.661122	-5.367374
38280	25.640062	-12.565630	-4.818751
38281	24.915270	-11.613012	-4.423936
38282	24.300453	-11.693809	-3.466907
38283	23.908559	-12.357954	-2.647962
38284	23.469203	-12.883945	-1.975812
38285	23.003320	-13.285652	-1.142278
38286	22.483702	-13.183663	-0.543477
38287	21.862894	-12.834086	-0.062143
38288	21.078866	-12.353678	0.462320
38289	20.130917	-11.779170	0.842777
38290	19.127294	-11.176129	1.074644
38291	18.176552	-10.534904	1.215329
38292	17.275023	-9.859505	1.308685
38293	16.395002	-9.246172	1.396007
38294	15.512876	-8.738648	1.535077
38295	14.661997	-8.288410	1.656222
38296	13.818458	-7.837403	1.762129
38297	12.946108	-7.387959	1.863281
38298	12.009954	-6.951829	1.959723
38299	11.054061	-6.514446	2.045031
38300	10.107080	-6.087130	2.101765
38301	9.165678	-5.665131	2.096567
38302	8.213124	-5.240519	2.059098
38303	7.275581	-4.797245	1.998152
38304	6.347004	-4.335938	1.896168
38305	5.441784	-3.888535	1.742983
38306	4.577989	-3.471277	1.554710
38307	3.764812	-3.088114	1.366350
38308	2.984988	-2.731320	1.210936
38309	2.253560	-2.370253	1.110241
38310	1.580698	-1.988317	1.059539
38311	0.931678	-1.588560	1.056151
38312	0.281849	-1.154347	1.099901
38313	-0.338459	-0.691560	1.184073
38314	-0.916747	-0.234539	1.300253
38315	-1.448173	0.215322	1.444091
38316	-1.938591	0.688772	1.627130
38317	-2.391796	1.194341	1.827060
38318	-2.822351	1.709126	2.013904
38319	-3.243929	2.214545	2.210700
38320	-3.657085	2.690608	2.437101
38321	-4.063395	3.138740	2.710970
38322	-4.441198	3.585683	3.040458
38323	-4.779623	4.033791	3.412914
38324	-5.091441	4.465628	3.819983
38325	-5.373365	4.886619	4.222478
38326	-5.632394	5.314662	4.577402
38327	-5.869968	5.755157	4.883978
38328	-6.117239	6.175289	5.115797
38329	-6.392509	6.554880	5.235387
38330	-6.705367	6.879255	5.212882
38331	-7.042146	7.165182	5.031803
38332	-7.397193	7.377277	4.682795
38333	-7.796328	7.430805	4.145711
38334	-8.239363	7.316458	3.417037
38335	-8.689109	7.096954	2.478028
38336	-9.107403	6.786183	1.319743
38337	-9.428993	6.328008	0.128480
38338	-9.609224	5.645530	-0.943668
38339	-9.623989	4.757843	-1.856442
38340	-9.451680	3.714111	-2.624846
38341	-9.082271	2.539145	-3.277706
38342	-8.534628	1.203279	-3.842653
38343	-7.743711	-0.085808	-4.392076
38344	-6.685426	-1.320586	-4.862643
38345	-5.364154	-2.533097	-5.083666
38346	-3.848083	-3.728272	-5.097956
38347	-2.360014	-4.907820	-4.914944
38348	-1.100669	-6.106677	-4.457723
38349	-0.142856	-7.346433	-3.789543
38350	0.703036	-8.612850	-3.120264
38351	1.617572	-9.782976	-2.692686
38352	2.729655	-10.644565	-2.664549
38353	4.073904	-11.134712	-3.064444
38354	5.522829	-11.420862	-3.760231
38355	6.969105	-11.763333	-4.635033
38356	8.332398	-12.205486	-5.631810
38357	9.614508	-12.667203	-6.594904
38358	10.856395	-13.079224	-7.358146
38359	12.083242	-13.382304	-7.907292
38360	13.280207	-13.593425	-8.293932
38361	14.369894	-13.751906	-8.503750
38362	15.401164	-13.868757	-8.525340
38363	16.417032	-14.009012	-8.442191
38364	17.433693	-14.192367	-8.306407
38365	18.429343	-14.435873	-8.136137
38366	19.414384	-14.788470	-7.946277
38367	20.404032	-15.095504	-7.783565
38368	21.425585	-15.290423	-7.673594
38369	22.415212	-15.377687	-7.652259
38370	23.310914	-15.354670	-7.775780
38371	24.066799	-15.156290	-8.062571
38372	24.684126	-14.772716	-8.441103
38373	25.170240	-14.264257	-8.827784
38374	25.528871	-13.744120	-9.259192
38375	25.811772	-13.196805	-9.695660
38376	26.032819	-12.587467	-10.071135
38377	26.197583	-11.958426	-10.312297
38378	26.376568	-11.294110	-10.383901
38379	26.652039	-10.661457	-10.212889
38380	27.092923	-10.060428	-9.758447
38381	27.707853	-9.461334	-9.195387
38382	28.353949	-8.872203	-8.859831
38383	28.869805	-8.325314	-8.932119
38384	29.127287	-7.871953	-9.368871
38385	29.151423	-7.577547	-9.923781
38386	28.965718	-7.680017	-10.162392
38387	28.562128	-8.398281	-9.754886
38388	27.989729	-9.564616	-8.648204
38389	27.401108	-10.424827	-7.119933
38390	26.774787	-10.372290	-5.751610
38391	26.079583	-9.800859	-4.768151
38392	25.268973	-9.809503	-3.762543
38393	24.642427	-10.407728	-2.569324
38394	24.134422	-10.976202	-1.601305
38395	23.642335	-11.404386	-0.759161
38396	23.127007	-11.631931	0.029087
38397	22.539414	-11.587488	0.729668
38398	21.830463	-11.396443	1.396321
38399	20.976736	-11.032217	1.936775
38400	20.049396	-10.575353	2.330366
38401	19.137790	-10.086941	2.601796
38402	18.288582	-9.542273	2.746892
38403	17.475266	-8.967227	2.797333
38404	16.631726	-8.410100	2.761773
38405	15.758874	-7.877166	2.657446
38406	14.880135	-7.335192	2.496453
38407	13.999066	-6.792124	2.298246
38408	13.078083	-6.293730	2.096133
38409	12.138612	-5.846768	1.922386
38410	11.198216	-5.417431	1.772941
38411	10.276357	-5.010718	1.638716
38412	9.334601	-4.718400	1.517800
38413	8.425706	-4.372941	1.449218
38414	7.535213	-3.981594	1.423908
38415	6.676312	-3.558096	1.370681
38416	5.819291	-3.126077	1.264497
38417	4.995634	-2.686148	1.095526
38418	4.178210	-2.271153	0.853449
38419	3.395059	-1.866685	0.577716
38420	2.622727	-1.458637	0.291050
38421	1.858265	-1.036056	-0.020166
38422	1.100010	-0.609777	-0.346045
38423	0.372090	-0.184899	-0.681621
38424	-0.338292	0.230436	-0.997310
38425	-1.000680	0.639683	-1.224755
38426	-1.603057	1.049064	-1.343583
38427	-2.116777	1.467969	-1.352766
38428	-2.551291	1.883148	-1.258247
38429	-2.925006	2.252961	-1.061232
38430	-3.254783	2.565224	-0.752966
38431	-3.538759	2.861849	-0.354070
38432	-3.782755	3.162187	0.133940
38433	-4.002958	3.466599	0.695236
38434	-4.210905	3.784379	1.285813
38435	-4.418271	4.123562	1.864997
38436	-4.626103	4.465178	2.450511
38437	-4.840453	4.807405	3.012599
38438	-5.068680	5.165456	3.501482
38439	-5.326596	5.517109	3.887411
38440	-5.609663	5.853427	4.136185
38441	-5.917196	6.149405	4.203637
38442	-6.242248	6.384724	4.072999
38443	-6.600443	6.498669	3.753146
38444	-7.006710	6.436985	3.206338
38445	-7.459277	6.192104	2.412289
38446	-7.901293	5.797758	1.396102
38447	-8.262373	5.362302	0.139015
38448	-8.513695	4.804595	-1.291261
38449	-8.633925	4.007211	-2.708274
38450	-8.576151	3.067787	-3.984785
38451	-8.267663	2.070426	-5.028326
38452	-7.754833	0.961458	-5.865184
38453	-7.070848	-0.240396	-6.581306
38454	-6.174046	-1.467906	-7.201052
38455	-5.000276	-2.664780	-7.557592
38456	-3.558949	-3.817028	-7.604799
38457	-2.037034	-4.932836	-7.399330
38458	-0.632814	-6.067869	-6.866034
38459	0.463520	-7.297266	-6.007011
38460	1.287335	-8.620709	-5.038504
38461	2.082474	-9.832864	-4.187537
38462	3.026506	-10.775087	-3.589657
38463	4.168889	-11.437893	-3.362888
38464	5.450699	-11.875638	-3.483665
38465	6.834611	-12.127523	-3.933443
38466	8.205897	-12.373885	-4.684567
38467	9.505309	-12.630881	-5.673321
38468	10.768227	-12.875028	-6.713888
38469	11.970055	-13.106941	-7.621899
38470	13.098548	-13.253471	-8.396724
38471	14.121417	-13.361048	-9.026007
38472	15.055837	-13.409235	-9.477392
38473	15.938727	-13.388998	-9.756367
38474	16.812474	-13.354492	-9.919856
38475	17.671129	-13.345353	-9.990934
38476	18.508432	-13.396156	-10.027042
38477	19.310642	-13.536250	-10.019816
38478	20.119291	-13.671947	-9.954221
38479	20.905380	-13.820717	-9.855008
38480	21.691591	-13.961643	-9.765384
38481	22.430596	-14.071218	-9.731043
38482	23.097736	-14.106066	-9.760543
38483	23.711438	-14.012152	-9.805282
38484	24.256458	-13.811810	-9.843501
38485	24.713971	-13.608532	-9.898796
38486	25.149247	-13.369420	-9.860076
38487	25.562118	-13.135920	-9.748616
38488	25.903306	-12.972209	-9.531837
38489	26.185985	-12.842747	-9.234567
38490	26.465403	-12.693436	-8.921258
38491	26.783883	-12.429829	-8.618925
38492	27.188759	-11.993814	-8.338809
38493	27.644674	-11.361879	-8.228483
38494	28.081215	-10.541857	-8.394146
38495	28.430305	-9.609423	-8.812042
38496	28.637153	-8.615558	-9.417034
38497	28.634817	-7.672773	-10.154738
38498	28.437035	-6.925960	-10.800059
38499	28.067532	-6.628258	-11.056528
38500	27.547216	-7.028493	-10.644294
38501	26.914004	-8.115293	-9.530637
38502	26.290629	-9.076102	-7.966855
38503	25.699595	-9.236718	-6.372565
38504	25.030101	-9.269852	-4.989863
38505	24.375634	-9.769116	-3.715506
38506	23.858173	-10.355907	-2.649906
38507	23.354061	-10.889019	-1.834388
38508	22.908632	-11.268095	-1.128453
38509	22.446941	-11.334118	-0.629504
38510	21.807342	-11.218394	-0.171133
38511	20.976730	-10.902413	0.215339
38512	20.028548	-10.400193	0.366919
38513	19.088501	-9.791500	0.325810
38514	18.213979	-9.223536	0.288811
38515	17.370753	-8.763741	0.288219
38516	16.535613	-8.298883	0.325603
38517	15.682526	-7.819489	0.357323
38518	14.775375	-7.352842	0.380565
38519	13.845593	-6.908479	0.427116
38520	12.903605	-6.484716	0.530369
38521	11.974564	-6.077130	0.686909
38522	11.054780	-5.693618	0.888386
38523	10.151594	-5.330400	1.121617
38524	9.256193	-4.973074	1.381640
38525	8.390637	-4.611655	1.665406
38526	7.554057	-4.235934	1.932949
38527	6.732448	-3.848230	2.169189
38528	5.922612	-3.479153	2.383827
38529	5.140454	-3.102132	2.578579
38530	4.374720	-2.720334	2.752346
38531	3.615711	-2.330183	2.908329
38532	2.880809	-1.931465	3.045366
38533	2.179266	-1.499789	3.161401
38534	1.483799	-1.032958	3.252595
38535	0.783123	-0.558491	3.319577
38536	0.103805	-0.056345	3.389981
38537	-0.555750	0.507503	3.460741
38538	-1.200172	1.111830	3.569616
38539	-1.818840	1.730115	3.684302
38540	-2.398403	2.333131	3.768321
38541	-2.944316	2.899105	3.849843
38542	-3.450914	3.436885	3.958996
38543	-3.916330	3.954425	4.106798
38544	-4.375861	4.455757	4.285054
38545	-4.832297	4.925417	4.516917
38546	-5.273328	5.352803	4.811426
38547	-5.661653	5.762915	5.180860
38548	-5.975587	6.143421	5.634222
38549	-6.218728	6.489555	6.121907
38550	-6.401624	6.818311	6.576150
38551	-6.558924	7.136086	6.949908
38552	-6.725029	7.412877	7.215526
38553	-6.944540	7.651925	7.313414
38554	-7.242821	7.857503	7.176360
38555	-7.630496	8.003150	6.790322
38556	-8.107665	8.027588	6.175006
38557	-8.651442	7.895046	5.340651
38558	-9.206416	7.642208	4.264108
38559	-9.736515	7.232067	2.945280
38560	-10.161734	6.578367	1.547218
38561	-10.405543	5.738064	0.198081
38562	-10.455401	4.735745	-1.106325
38563	-10.332908	3.574272	-2.380812
38564	-9.980151	2.303320	-3.537691
38565	-9.379219	0.958129	-4.471438
38566	-8.455657	-0.304054	-5.263834
38567	-7.242214	-1.521564	-5.924560
38568	-5.771747	-2.758306	-6.396599
38569	-4.134924	-3.961865	-6.616293
38570	-2.500149	-5.039192	-6.553481
38571	-1.121517	-6.053373	-6.236290
38572	-0.074184	-7.131966	-5.816948
38573	0.845733	-8.215871	-5.485451
38574	1.907667	-9.208459	-5.422356
38575	3.231150	-9.874351	-5.743129
38576	4.765334	-10.230804	-6.431879
38577	6.351567	-10.439388	-7.377426
38578	7.864677	-10.701698	-8.450757
38579	9.249539	-11.016731	-9.578720
38580	10.536673	-11.330981	-10.573556
38581	11.758842	-11.632437	-11.274279
38582	12.932197	-11.938669	-11.655138
38583	14.063476	-12.188748	-11.779784
38584	15.164584	-12.356329	-11.719182
38585	16.236972	-12.498474	-11.521264
38586	17.277097	-12.752710	-11.229679
38587	18.292171	-13.160749	-10.805443
38588	19.310698	-13.671136	-10.316221
38589	20.322643	-14.175165	-9.839068
38590	21.379363	-14.558100	-9.428951
38591	22.427126	-14.823658	-9.211783
38592	23.406122	-14.984219	-9.182288
38593	24.272619	-14.955153	-9.350717
38594	25.020181	-14.708311	-9.661460
38595	25.586026	-14.372498	-10.059314
38596	25.996534	-14.010868	-10.495475
38597	26.296674	-13.586792	-10.858448
38598	26.520308	-13.140527	-11.118615
38599	26.630837	-12.702153	-11.198383
38600	26.710997	-12.220911	-11.057073
38601	26.873138	-11.738155	-10.624615
38602	27.147752	-11.367517	-9.881269
38603	27.517431	-11.093428	-9.036623
38604	27.925021	-10.885488	-8.317357
38605	28.242258	-10.734888	-8.044088
38606	28.320776	-10.614810	-8.182704
38607	28.244107	-10.524463	-8.472943
38608	28.012714	-10.765124	-8.434630
38609	27.580228	-11.524849	-7.835819
38610	27.026925	-12.552632	-6.750398
38611	26.495910	-13.168955	-5.458221
38612	25.980933	-13.244352	-4.305798
38613	25.369152	-13.138278	-3.345147
38614	24.783153	-13.082704	-2.656546
38615	24.327679	-13.121193	-2.009969
38616	23.882536	-13.157931	-1.352017
38617	23.370725	-13.016472	-0.857342
38618	22.710110	-12.742285	-0.310570
38619	21.978330	-12.300641	0.356850
38620	21.108489	-11.755095	0.951721
38621	20.205739	-11.250748	1.480823
38622	19.323052	-10.817307	2.030215
38623	18.478254	-10.393445	2.621894
38624	17.639715	-9.967943	3.224976
38625	16.788265	-9.523523	3.785628
38626	15.902211	-9.054441	4.248043
38627	14.992674	-8.577657	4.587751
38628	14.089200	-8.110310	4.823680
38629	13.199531	-7.657380	4.984305
38630	12.314698	-7.207791	5.057654
38631	11.447075	-6.752936	5.092064
38632	10.565534	-6.317720	5.099188
38633	9.684776	-5.886648	5.076695
38634	8.784060	-5.413564	4.979828
38635	7.883020	-4.882295	4.803939
38636	6.951315	-4.340293	4.572671
38637	6.022492	-3.815869	4.300572
38638	5.096044	-3.341413	3.996564
38639	4.180894	-2.908343	3.694378
38640	3.279118	-2.504671	3.423739
38641	2.410758	-2.123013	3.207475
38642	1.548501	-1.778154	3.056144
38643	0.688182	-1.465236	2.982546
38644	-0.148366	-1.144737	3.010847
38645	-0.915024	-0.789483	3.131449
38646	-1.601854	-0.400786	3.336626
38647	-2.190783	0.029571	3.654530
38648	-2.691580	0.518406	4.057697
38649	-3.138891	1.052137	4.479500
38650	-3.545221	1.642340	4.904312
38651	-3.904902	2.257083	5.313480
38652	-4.246398	2.870940	5.711653
38653	-4.597070	3.444033	6.065747
38654	-4.967677	3.947229	6.377875
38655	-5.335437	4.380964	6.685477
38656	-5.672593	4.791507	7.030461
38657	-5.943974	5.182624	7.425892
38658	-6.150393	5.552604	7.839863
38659	-6.302582	5.914711	8.216928
38660	-6.439683	6.276765	8.485497
38661	-6.604484	6.622058	8.602332
38662	-6.821423	6.929111	8.554937
38663	-7.116217	7.202699	8.300961
38664	-7.501532	7.422657	7.794514
38665	-7.954371	7.578565	6.995244
38666	-8.456092	7.632975	5.943282
38667	-8.953134	7.586337	4.692391
38668	-9.436887	7.363706	3.281905
38669	-9.889578	6.878278	1.795660
38670	-10.265568	6.191759	0.311527
38671	-10.491046	5.381287	-1.106828
38672	-10.537166	4.417499	-2.418613
38673	-10.386264	3.292904	-3.601521
38674	-10.004792	2.064044	-4.651822
38675	-9.353859	0.811094	-5.416948
38676	-8.462576	-0.442996	-5.986794
38677	-7.351138	-1.631114	-6.519074
38678	-6.000447	-2.817036	-6.815145
38679	-4.512234	-4.042294	-6.901929
38680	-2.940141	-5.227635	-6.798802
38681	-1.478109	-6.356838	-6.475513
38682	-0.263180	-7.476637	-5.920050
38683	0.755004	-8.557955	-5.326554
38684	1.767765	-9.531760	-5.028973
38685	2.921449	-10.256667	-5.238593
38686	4.278659	-10.704767	-5.860428
38687	5.731583	-11.039658	-6.665884
38688	7.171931	-11.390330	-7.602452
38689	8.530828	-11.790210	-8.632367
38690	9.805523	-12.156519	-9.668820
38691	11.024413	-12.477198	-10.494209
38692	12.191461	-12.770790	-11.026363
38693	13.303860	-13.023225	-11.357743
38694	14.375526	-13.198239	-11.513967
38695	15.411223	-13.317898	-11.530049
38696	16.413021	-13.473737	-11.437943
38697	17.412837	-13.711014	-11.281277
38698	18.410224	-14.047842	-11.128906
38699	19.404384	-14.398708	-10.970754
38700	20.402783	-14.680102	-10.814013
38701	21.373238	-14.875390	-10.708454
38702	22.284746	-14.996943	-10.696560
38703	23.069831	-15.066397	-10.789863
38704	23.782574	-15.010757	-11.011499
38705	24.415398	-14.781601	-11.355461
38706	24.987647	-14.359409	-11.753951
38707	25.449389	-13.904713	-12.197960
38708	25.827069	-13.447109	-12.633348
38709	26.122134	-12.969661	-12.966513
38710	26.389720	-12.434226	-13.134038
38711	26.605524	-11.939341	-13.109481
38712	26.847472	-11.482443	-12.875128
38713	27.182553	-11.050823	-12.474279
38714	27.623750	-10.625413	-11.974027
38715	28.086778	-10.222963	-11.517013
38716	28.518817	-9.921389	-11.278387
38717	28.798429	-9.685432	-11.374414
38718	28.880343	-9.527494	-11.640530
38719	28.768721	-9.519245	-11.782457
38720	28.445566	-9.839997	-11.528318
38721	27.955145	-10.565801	-10.748078
38722	27.288995	-11.563937	-9.514479
38723	26.541815	-12.378868	-8.061291
38724	25.823256	-12.364345	-6.884887
38725	25.172148	-11.666040	-6.106130
38726	24.469318	-11.323884	-5.273972
38727	23.888349	-11.638238	-4.191350
38728	23.394728	-12.348127	-2.961124
38729	22.836460	-12.912884	-1.878798
38730	22.294005	-13.149509	-0.916955
38731	21.618169	-13.097761	-0.046968
38732	20.909397	-12.885741	0.789102
38733	20.078897	-12.522318	1.542000
38734	19.186488	-11.990205	2.104335
38735	18.251580	-11.411223	2.533351
38736	17.369172	-10.808002	2.816541
38737	16.532384	-10.215570	3.073057
38738	15.697127	-9.663658	3.338694
38739	14.838422	-9.140485	3.570205
38740	13.959809	-8.608839	3.724598
38741	13.060202	-8.067843	3.803400
38742	12.125323	-7.556058	3.829054
38743	11.163966	-7.070155	3.847873
38744	10.209813	-6.585865	3.866399
38745	9.301335	-6.103467	3.849027
38746	8.402067	-5.645235	3.817521
38747	7.501863	-5.231976	3.815141
38748	6.605998	-4.791234	3.819437
38749	5.729457	-4.311345	3.786842
38750	4.879104	-3.805402	3.674219
38751	4.054393	-3.323205	3.481345
38752	3.216558	-2.894156	3.273404
38753	2.352833	-2.490834	3.092923
38754	1.481897	-2.082351	2.947230
38755	0.615181	-1.691259	2.871692
38756	-0.264758	-1.356988	2.938501
38757	-1.117918	-1.042537	3.168738
38758	-1.897556	-0.690063	3.507937
38759	-2.553760	-0.275537	3.909243
38760	-3.099593	0.178650	4.400627
38761	-3.549878	0.661719	4.983012
38762	-3.909235	1.219351	5.615266
38763	-4.216521	1.882353	6.252221
38764	-4.525087	2.604407	6.864387
38765	-4.853399	3.333544	7.399797
38766	-5.242487	4.028465	7.813764
38767	-5.633461	4.682423	8.176893
38768	-5.978058	5.271663	8.555649
38769	-6.245042	5.817229	8.948558
38770	-6.432711	6.324152	9.303798
38771	-6.570668	6.754271	9.594680
38772	-6.694148	7.090773	9.797284
38773	-6.803443	7.393981	9.889348
38774	-6.925407	7.661970	9.829997
38775	-7.139124	7.898649	9.502706
38776	-7.479557	8.122101	8.869614
38777	-7.934378	8.303958	7.975882
38778	-8.440275	8.442426	6.890144
38779	-8.933011	8.478590	5.692696
38780	-9.365375	8.310095	4.474763
38781	-9.707802	7.896172	3.310708
38782	-9.934298	7.270815	2.197904
38783	-10.030285	6.438294	1.137674
38784	-9.986253	5.400191	0.132574
38785	-9.758611	4.261259	-0.815318
38786	-9.334673	3.081232	-1.748037
38787	-8.759186	1.795388	-2.580362
38788	-7.946747	0.518873	-3.297893
38789	-6.931557	-0.665503	-3.855841
38790	-5.651880	-1.861751	-4.104498
38791	-4.166475	-3.151749	-4.089397
38792	-2.561821	-4.395528	-3.904058
38793	-1.030570	-5.582950	-3.577953
38794	0.271080	-6.765288	-3.182983
38795	1.342003	-7.917556	-2.935872
38796	2.392600	-8.926503	-3.072286
38797	3.587360	-9.645738	-3.629289
38798	4.946515	-10.126901	-4.535601
38799	6.380693	-10.529118	-5.748639
38800	7.858661	-10.842032	-7.157802
38801	9.293229	-11.078566	-8.580004
38802	10.595279	-11.364980	-9.793124
38803	11.860736	-11.642946	-10.726884
38804	13.110571	-11.936476	-11.408654
38805	14.344058	-12.171861	-11.895225
38806	15.552048	-12.338267	-12.259217
38807	16.717855	-12.510851	-12.493511
38808	17.838004	-12.784370	-12.603235
38809	18.919554	-13.170127	-12.596550
38810	19.984181	-13.605293	-12.452455
38811	20.993364	-13.900317	-12.222303
38812	22.022273	-14.093243	-12.057252
38813	23.014871	-14.273064	-12.034461
38814	23.973441	-14.356920	-12.169096
38815	24.870598	-14.257848	-12.440915
38816	25.663972	-13.978470	-12.865397
38817	26.280630	-13.580932	-13.346360
38818	26.700523	-13.006085	-13.843213
38819	27.020882	-12.346476	-14.393847
38820	27.215289	-11.771271	-14.674035
38821	27.309742	-11.345296	-14.672502
38822	27.419115	-10.966172	-14.468056
38823	27.703369	-10.570640	-13.993384
38824	28.092337	-10.314082	-13.275332
38825	28.473177	-10.295328	-12.450019
38826	28.760853	-10.594019	-11.775709
38827	28.906265	-11.099609	-11.282974
38828	28.874442	-11.676410	-10.787443
38829	28.581238	-12.338342	-10.177719
38830	28.042448	-13.121810	-9.357360
38831	27.303055	-13.890001	-8.352475
38832	26.505493	-14.325896	-7.313713
38833	25.762107	-14.051003	-6.586492
38834	25.088361	-13.462591	-5.967530
38835	24.419912	-13.110361	-5.194786
38836	23.926180	-13.148034	-4.532000
38837	23.578612	-13.499656	-3.859430
38838	23.134749	-13.815108	-3.243768
38839	22.621765	-13.801656	-2.757756
38840	21.987009	-13.397283	-2.375773
38841	21.254210	-12.837822	-1.957450
38842	20.376920	-12.215069	-1.547173
38843	19.419971	-11.619008	-1.196586
38844	18.466461	-11.083335	-0.884015
38845	17.561980	-10.567177	-0.601932
38846	16.671187	-10.095101	-0.264517
38847	15.766884	-9.685849	0.148384
38848	14.852099	-9.301688	0.617646
38849	13.942286	-8.914904	1.073926
38850	13.041100	-8.500753	1.476909
38851	12.137776	-8.087104	1.847397
38852	11.218975	-7.673319	2.183917
38853	10.307175	-7.245955	2.472565
38854	9.399538	-6.804765	2.714220
38855	8.495104	-6.362249	2.887302
38856	7.586269	-5.912246	2.975952
38857	6.689978	-5.438941	2.943243
38858	5.784760	-4.948047	2.805517
38859	4.898300	-4.464450	2.580498
38860	4.026097	-4.015931	2.294632
38861	3.149837	-3.605693	1.986774
38862	2.257163	-3.241542	1.715029
38863	1.367739	-2.886782	1.494399
38864	0.477972	-2.520716	1.333901
38865	-0.399405	-2.152247	1.241997
38866	-1.251492	-1.781820	1.224826
38867	-2.050891	-1.382646	1.274533
38868	-2.786989	-0.927797	1.398402
38869	-3.449303	-0.452058	1.586027
38870	-4.047971	0.040720	1.832785
38871	-4.548863	0.574212	2.143425
38872	-4.979194	1.134202	2.519667
38873	-5.348868	1.722550	2.951055
38874	-5.685904	2.331833	3.425459
38875	-6.011585	2.944014	3.924225
38876	-6.333274	3.528171	4.450202
38877	-6.632463	4.067214	5.012261
38878	-6.900167	4.558461	5.577701
38879	-7.111978	5.020386	6.108511
38880	-7.286382	5.437894	6.586887
38881	-7.424384	5.831593	6.998628
38882	-7.535525	6.195226	7.334893
38883	-7.670528	6.487467	7.524512
38884	-7.859660	6.727342	7.508910
38885	-8.099517	6.936366	7.265140
38886	-8.407551	7.089327	6.761382
38887	-8.775375	7.173854	5.990807
38888	-9.186710	7.169885	4.938711
38889	-9.609217	7.009024	3.662810
38890	-9.978811	6.620498	2.308719
38891	-10.249934	6.001204	0.940079
38892	-10.375001	5.158481	-0.439261
38893	-10.335209	4.066677	-1.809881
38894	-10.092378	2.772641	-3.136393
38895	-9.615170	1.402644	-4.418346
38896	-8.911312	-0.039381	-5.497796
38897	-7.970158	-1.352384	-6.449796
38898	-6.812618	-2.531101	-7.206264
38899	-5.457259	-3.666839	-7.626250
38900	-3.974262	-4.867486	-7.742699
38901	-2.452216	-5.973528	-7.623393
38902	-1.024520	-7.040816	-7.242925
38903	0.198215	-8.130014	-6.638497
38904	1.294073	-9.195366	-6.047236
38905	2.379995	-10.126597	-5.796044
38906	3.570946	-10.799044	-6.005315
38907	4.882951	-11.215836	-6.575835
38908	6.260090	-11.543352	-7.436946
38909	7.645611	-11.770521	-8.496445
38910	8.986902	-12.068547	-9.580358
38911	10.251537	-12.379429	-10.527786
38912	11.479697	-12.640749	-11.292602
38913	12.648579	-12.888913	-11.821950
38914	13.795334	-13.074742	-12.166692
38915	14.907562	-13.234024	-12.344113
38916	15.986394	-13.384924	-12.372278
38917	17.033021	-13.527497	-12.286843
38918	18.046303	-13.798945	-12.157252
38919	19.031434	-14.211564	-11.954787
38920	20.045181	-14.658497	-11.699770
38921	21.065193	-15.071512	-11.425003
38922	22.065729	-15.393782	-11.242629
38923	23.011538	-15.625834	-11.204596
38924	23.920082	-15.724522	-11.305471
38925	24.739068	-15.635222	-11.568853
38926	25.467311	-15.390434	-11.969432
38927	26.041892	-15.089798	-12.413333
38928	26.477054	-14.745310	-12.835095
38929	26.813928	-14.349887	-13.195851
38930	27.093816	-13.928959	-13.454157
38931	27.347365	-13.496554	-13.534383
38932	27.566971	-13.035331	-13.395883
38933	27.740500	-12.541525	-13.086653
38934	27.937300	-12.084709	-12.608534
38935	28.193357	-11.685300	-11.981022
38936	28.539603	-11.304152	-11.359222
38937	28.911602	-10.905499	-10.906916
38938	29.150653	-10.644996	-10.755247
38939	29.191164	-10.629606	-10.713920
38940	28.997266	-10.988310	-10.501838
38941	28.627509	-11.758480	-10.023251
38942	28.157450	-12.616985	-9.203072
38943	27.626932	-13.301418	-8.033319
38944	27.031777	-13.565425	-6.779184
38945	26.310162	-12.986379	-6.018450
38946	25.486548	-11.785113	-5.730324
38947	24.596109	-11.165864	-4.845762
38948	23.782155	-11.538164	-3.477840
38949	23.163596	-12.072432	-2.532203
38950	22.646755	-12.456185	-1.689022
38951	22.108388	-12.674071	-0.794786
38952	21.588980	-12.627708	-0.034694
38953	20.952170	-12.494801	0.734533
38954	20.162294	-12.115373	1.439483
38955	19.215436	-11.608363	1.973330
38956	18.234382	-11.084687	2.328101
38957	17.321883	-10.554573	2.572462
38958	16.476089	-10.042627	2.787486
38959	15.645294	-9.548824	2.954048
38960	14.809752	-9.072377	3.032784
38961	13.975708	-8.588844	3.006636
38962	13.118013	-8.091850	2.877583
38963	12.237085	-7.589199	2.707075
38964	11.340572	-7.098684	2.551134
38965	10.467490	-6.621335	2.371792
38966	9.605017	-6.154736	2.173767
38967	8.742149	-5.711726	2.045562
38968	7.864185	-5.294937	2.005183
38969	7.004562	-4.871263	1.989729
38970	6.150669	-4.456748	1.937629
38971	5.317498	-4.075594	1.840057
38972	4.509354	-3.716181	1.700595
38973	3.714512	-3.371421	1.550294
38974	2.924710	-3.036445	1.421576
38975	2.147167	-2.701414	1.316664
38976	1.353597	-2.359803	1.265845
38977	0.557310	-2.018691	1.282505
38978	-0.204461	-1.659716	1.381951
38979	-0.894181	-1.253931	1.556628
38980	-1.494415	-0.804867	1.797424
38981	-2.005855	-0.327952	2.138755
38982	-2.450755	0.168958	2.581772
38983	-2.842254	0.729931	3.051910
38984	-3.210620	1.337079	3.517649
38985	-3.577934	1.941346	3.982268
38986	-3.958344	2.528952	4.415756
38987	-4.335567	3.104231	4.851599
38988	-4.690943	3.640526	5.315610
38989	-5.019700	4.156473	5.782271
38990	-5.320877	4.647899	6.228362
38991	-5.586702	5.100052	6.659077
38992	-5.818575	5.530865	7.026334
38993	-6.023012	5.956875	7.302369
38994	-6.217972	6.351852	7.501685
38995	-6.422979	6.707172	7.603565
38996	-6.667845	6.993086	7.542478
38997	-6.970786	7.231626	7.224114
38998	-7.328321	7.412531	6.630726
38999	-7.726534	7.517784	5.792772
39000	-8.142476	7.534226	4.738546
39001	-8.530098	7.422713	3.553966
39002	-8.854746	7.091050	2.356419
39003	-9.088369	6.534117	1.201446
39004	-9.205526	5.779514	0.117517
39005	-9.192010	4.827796	-0.904309
39006	-8.989625	3.718121	-1.842195
39007	-8.594995	2.478123	-2.690773
39008	-8.009782	1.098810	-3.420193
39009	-7.214028	-0.235461	-4.099894
39010	-6.205853	-1.508412	-4.682481
39011	-4.968417	-2.766128	-4.963643
39012	-3.547689	-4.037679	-4.961260
39013	-2.044021	-5.229940	-4.771349
39014	-0.654245	-6.379782	-4.368706
39015	0.490603	-7.545670	-3.799619
39016	1.462229	-8.731314	-3.253260
39017	2.411184	-9.835051	-3.002881
39018	3.473041	-10.746088	-3.145391
39019	4.727500	-11.347443	-3.685354
39020	6.097495	-11.779114	-4.503233
39021	7.498836	-12.175700	-5.551527
39022	8.882804	-12.599246	-6.724419
39023	10.183733	-13.042715	-7.838603
39024	11.465869	-13.411195	-8.754133
39025	12.697462	-13.751637	-9.430006
39026	13.894965	-14.020690	-9.886742
39027	15.050397	-14.246631	-10.238189
39028	16.215415	-14.415403	-10.515598
39029	17.349184	-14.625783	-10.735626
39030	18.450949	-14.898878	-10.928053
39031	19.499773	-15.243101	-11.092559
39032	20.524970	-15.626425	-11.220542
39033	21.571823	-15.929907	-11.346453
39034	22.641704	-16.125343	-11.554143
39035	23.657659	-16.167108	-11.875735
39036	24.567726	-16.000148	-12.311619
39037	25.364651	-15.607488	-12.892318
39038	26.045699	-15.024143	-13.552996
39039	26.578673	-14.351099	-14.177711
39040	26.985807	-13.673471	-14.777630
39041	27.283203	-13.019208	-15.333662
39042	27.493432	-12.408785	-15.685356
39043	27.626331	-11.898338	-15.726771
39044	27.769551	-11.459591	-15.516258
39045	27.997372	-11.103383	-14.984422
39046	28.316994	-10.872626	-14.176802
39047	28.657162	-10.776920	-13.267756
39048	28.961615	-10.727625	-12.564618
39049	29.159479	-10.701800	-12.278753
39050	29.196985	-10.728248	-12.268466
39051	29.064514	-10.869588	-12.197640
39052	28.738770	-11.302326	-11.805431
39053	28.150707	-12.100071	-10.929863
39054	27.360196	-13.103230	-9.599985
39055	26.505576	-13.709137	-8.087182
39056	25.739682	-13.251017	-7.083811
39057	25.070466	-12.296876	-6.529727
39058	24.361915	-11.919974	-5.884182
39059	23.889630	-12.301785	-4.852780
39060	23.452360	-13.044921	-3.777389
39061	22.940775	-13.554350	-2.918854
39062	22.404782	-13.760926	-2.114681
39063	21.787218	-13.597660	-1.450339
39064	21.095569	-13.287278	-0.776233
39065	20.224741	-12.786931	-0.214998
39066	19.231353	-12.233107	0.165960
39067	18.235369	-11.663011	0.433683
39068	17.334819	-11.057136	0.620203
39069	16.496580	-10.470022	0.821428
39070	15.637633	-9.968987	1.075982
39071	14.760108	-9.502282	1.336830
39072	13.888321	-9.030762	1.554065
39073	12.999947	-8.539352	1.715234
39074	12.068834	-8.056320	1.850636
39075	11.110415	-7.592647	1.997415
39076	10.168967	-7.121660	2.089957
39077	9.273404	-6.665699	2.084081
39078	8.398706	-6.254442	2.041748
39079	7.509311	-5.854593	1.981984
39080	6.616119	-5.414631	1.880421
39081	5.727400	-4.949949	1.718545
39082	4.864311	-4.494981	1.485142
39083	4.029641	-4.092680	1.200147
39084	3.221266	-3.740850	0.909977
39085	2.436672	-3.402833	0.681803
39086	1.647685	-3.047713	0.552452
39087	0.839974	-2.682985	0.534755
39088	0.024220	-2.324147	0.628892
39089	-0.769305	-1.945421	0.817550
39090	-1.509766	-1.524833	1.083119
39091	-2.200627	-1.067190	1.432517
39092	-2.832465	-0.550820	1.845794
39093	-3.391114	0.030487	2.289204
39094	-3.913877	0.623960	2.776036
39095	-4.392415	1.252766	3.316641
39096	-4.848024	1.922885	3.879363
39097	-5.292966	2.592285	4.441150
39098	-5.723821	3.245277	4.998429
39099	-6.106420	3.867344	5.583302
39100	-6.427811	4.423946	6.228960
39101	-6.682098	4.914643	6.901697
39102	-6.851697	5.342543	7.539576
39103	-6.956647	5.711370	8.083042
39104	-7.014822	6.029055	8.496097
39105	-7.053321	6.318029	8.782682
39106	-7.099966	6.579033	8.907211
39107	-7.202782	6.816577	8.782085
39108	-7.419484	6.990414	8.342424
39109	-7.764617	7.086980	7.581451
39110	-8.210709	7.140655	6.500411
39111	-8.697927	7.113757	5.114832
39112	-9.155806	6.870051	3.575363
39113	-9.521113	6.376796	2.052544
39114	-9.721105	5.651016	0.596213
39115	-9.749503	4.659665	-0.767755
39116	-9.563648	3.454553	-2.017661
39117	-9.135727	2.154544	-3.181082
39118	-8.536964	0.714990	-4.326109
39119	-7.696235	-0.677833	-5.253478
39120	-6.624451	-1.895936	-6.022472
39121	-5.362080	-3.064292	-6.507733
39122	-3.910677	-4.303234	-6.570667
39123	-2.295945	-5.455591	-6.322778
39124	-0.701702	-6.535598	-5.847829
39125	0.655466	-7.673433	-5.195110
39126	1.799844	-8.845139	-4.562304
39127	2.873544	-9.943858	-4.225726
39128	4.041850	-10.828089	-4.322881
39129	5.308992	-11.453086	-4.751834
39130	6.671584	-11.923912	-5.501643
39131	8.095889	-12.291357	-6.524223
39132	9.517809	-12.605033	-7.691465
39133	10.870194	-12.900825	-8.831572
39134	12.133409	-13.188986	-9.806282
39135	13.370149	-13.373286	-10.542898
39136	14.568393	-13.478530	-11.114285
39137	15.707460	-13.580388	-11.584339
39138	16.805653	-13.679405	-11.955372
39139	17.866041	-13.825571	-12.211674
39140	18.878320	-14.106097	-12.375271
39141	19.879525	-14.501615	-12.461431
39142	20.891595	-14.898210	-12.433196
39143	21.900005	-15.235749	-12.349740
39144	22.879811	-15.448995	-12.349255
39145	23.826670	-15.515772	-12.491806
39146	24.769481	-15.399377	-12.781980
39147	25.555597	-15.104551	-13.218538
39148	26.179034	-14.651443	-13.743128
39149	26.648634	-14.080780	-14.293844
39150	26.994015	-13.465745	-14.831415
39151	27.244332	-12.856663	-15.244127
39152	27.438689	-12.290462	-15.395304
39153	27.563480	-11.816084	-15.287477
39154	27.702030	-11.397581	-14.896457
39155	27.936385	-11.087640	-14.200828
39156	28.237809	-10.958694	-13.220860
39157	28.560570	-11.002432	-12.193585
39158	28.823598	-11.149011	-11.423671
39159	28.931978	-11.258311	-11.106649
39160	28.915820	-11.254754	-11.099867
39161	28.732795	-11.293685	-11.069275
39162	28.348779	-11.630374	-10.710648
39163	27.766455	-12.311634	-9.890128
39164	27.048091	-13.122641	-8.728041
39165	26.348712	-13.520338	-7.387006
39166	25.738498	-13.389444	-6.106594
39167	25.125175	-13.335455	-4.952142
39168	24.594644	-13.639262	-4.040844
39169	24.210301	-14.111634	-3.245070
39170	23.781905	-14.462630	-2.558990
39171	23.282635	-14.535149	-1.989826
39172	22.610125	-14.327670	-1.572040
39173	21.872793	-13.887266	-1.081085
39174	20.980187	-13.281757	-0.594580
39175	20.001467	-12.626964	-0.342482
39176	19.057297	-12.063062	-0.136611
39177	18.195067	-11.566551	0.117520
39178	17.357712	-11.096862	0.406530
39179	16.516667	-10.628853	0.771131
39180	15.630763	-10.158313	1.176727
39181	14.725818	-9.675204	1.594502
39182	13.826436	-9.185315	2.006616
39183	12.936941	-8.719528	2.410480
39184	12.058429	-8.288711	2.770887
39185	11.183049	-7.883532	3.085629
39186	10.323104	-7.489236	3.348412
39187	9.489122	-7.075237	3.514661
39188	8.659053	-6.650335	3.634792
39189	7.810604	-6.208588	3.724206
39190	6.954350	-5.760134	3.769306
39191	6.110948	-5.316615	3.722809
39192	5.267014	-4.837976	3.578995
39193	4.454154	-4.361916	3.329064
39194	3.636238	-3.916528	3.030088
39195	2.810212	-3.493493	2.742612
39196	1.956246	-3.080486	2.494414
39197	1.069690	-2.702237	2.317391
39198	0.165131	-2.363607	2.263965
39199	-0.705959	-2.040464	2.333226
39200	-1.528669	-1.701441	2.501373
39201	-2.295228	-1.327895	2.748019
39202	-2.998363	-0.872624	3.079672
39203	-3.635864	-0.311165	3.459688
39204	-4.235546	0.331042	3.851629
39205	-4.790365	1.031065	4.266174
39206	-5.323584	1.755839	4.702453
39207	-5.831951	2.516502	5.124817
39208	-6.323945	3.295228	5.492460
39209	-6.773222	4.049160	5.874510
39210	-7.172950	4.740636	6.327761
39211	-7.497308	5.345857	6.834412
39212	-7.760208	5.861288	7.310849
39213	-7.948595	6.312867	7.711851
39214	-8.069685	6.690980	8.043614
39215	-8.134827	7.013126	8.278537
39216	-8.183381	7.291950	8.343558
39217	-8.260510	7.542618	8.163761
39218	-8.441366	7.754716	7.637647
39219	-8.750664	7.925072	6.769812
39220	-9.181188	8.002419	5.606539
39221	-9.629464	7.924969	4.292780
39222	-9.995400	7.604999	2.977548
39223	-10.230548	7.032719	1.682383
39224	-10.306342	6.176593	0.398776
39225	-10.225710	5.022616	-0.865940
39226	-9.948993	3.676552	-2.059133
39227	-9.459662	2.305250	-3.229278
39228	-8.822652	0.835536	-4.336055
39229	-7.965485	-0.546232	-5.266757
39230	-6.901279	-1.754219	-6.095845
39231	-5.632111	-2.888807	-6.569941
39232	-4.185302	-4.078089	-6.656658
39233	-2.626185	-5.247760	-6.448400
39234	-1.072557	-6.325862	-5.978183
39235	0.332764	-7.399295	-5.351010
39236	1.534312	-8.494059	-4.792754
39237	2.644371	-9.462454	-4.543974
39238	3.807112	-10.156688	-4.669756
39239	5.063272	-10.665268	-5.103172
39240	6.373184	-11.076629	-5.857976
39241	7.761001	-11.360127	-6.798651
39242	9.158450	-11.576214	-7.880949
39243	10.533525	-11.858861	-8.947159
39244	11.898949	-12.153806	-9.913261
39245	13.221156	-12.416593	-10.711219
39246	14.474184	-12.621274	-11.328310
39247	15.646811	-12.794238	-11.794734
39248	16.757264	-12.976875	-12.113281
39249	17.830812	-13.158701	-12.262390
39250	18.852605	-13.454390	-12.289307
39251	19.857997	-13.871191	-12.225988
39252	20.866675	-14.336645	-12.093619
39253	21.884625	-14.733211	-11.916355
39254	22.920952	-15.048437	-11.791963
39255	23.937380	-15.299344	-11.791171
39256	24.947549	-15.399287	-11.923693
39257	25.828606	-15.394341	-12.189169
39258	26.543902	-15.245131	-12.506852
39259	27.116736	-14.948997	-12.904066
39260	27.602448	-14.515511	-13.335940
39261	27.978729	-14.014532	-13.741091
39262	28.234394	-13.515392	-13.984935
39263	28.390403	-13.050868	-14.025713
39264	28.537306	-12.549163	-13.865903
39265	28.757616	-11.980217	-13.547396
39266	29.015982	-11.475282	-13.110374
39267	29.263064	-11.156926	-12.659795
39268	29.470358	-11.074174	-12.301415
39269	29.600063	-11.244402	-12.061748
39270	29.598945	-11.638233	-11.813629
39271	29.388343	-12.279654	-11.308375
39272	28.905919	-13.164499	-10.492516
39273	28.227780	-14.078990	-9.375092
39274	27.422046	-14.749712	-8.089797
39275	26.596710	-14.637232	-7.072063
39276	25.828038	-13.742077	-6.489269
39277	25.021304	-13.039297	-5.811243
39278	24.356202	-13.030372	-4.857344
39279	23.926239	-13.616625	-3.937239
39280	23.525993	-14.242116	-3.177833
39281	23.114779	-14.635011	-2.457087
39282	22.586752	-14.636924	-1.806255
39283	21.971846	-14.367580	-1.227064
39284	21.234036	-13.864571	-0.671078
39285	20.365101	-13.298283	-0.204122
39286	19.412376	-12.673968	0.130418
39287	18.513944	-12.046754	0.372673
39288	17.690437	-11.399324	0.616140
39289	16.869123	-10.824618	0.904236
39290	16.012945	-10.344037	1.256147
39291	15.139643	-9.907791	1.623298
39292	14.274534	-9.432211	1.934612
39293	13.399107	-8.940127	2.217579
39294	12.496635	-8.483071	2.507043
39295	11.591761	-8.021329	2.766913
39296	10.673202	-7.546808	3.005529
39297	9.797698	-7.095303	3.198907
39298	8.937623	-6.659743	3.282067
39299	8.066013	-6.217693	3.278474
39300	7.154516	-5.721293	3.203462
39301	6.244974	-5.190476	3.036892
39302	5.351836	-4.665115	2.754993
39303	4.486286	-4.209059	2.396623
39304	3.615126	-3.822481	2.030285
39305	2.744145	-3.468486	1.746715
39306	1.864279	-3.116672	1.563711
39307	0.985759	-2.753359	1.470852
39308	0.096009	-2.390037	1.483918
39309	-0.779193	-2.030306	1.618781
39310	-1.608662	-1.676379	1.860234
39311	-2.385360	-1.310040	2.205443
39312	-3.104609	-0.910212	2.635265
39313	-3.755044	-0.442406	3.137834
39314	-4.349597	0.137855	3.676625
39315	-4.901378	0.798087	4.231236
39316	-5.439251	1.474153	4.780073
39317	-5.961225	2.160405	5.284734
39318	-6.467156	2.873011	5.723225
39319	-6.952087	3.580835	6.107045
39320	-7.414739	4.255668	6.471447
39321	-7.832118	4.854845	6.833659
39322	-8.190426	5.365973	7.166821
39323	-8.464372	5.840605	7.445183
39324	-8.645297	6.298599	7.709880
39325	-8.767034	6.747977	7.933987
39326	-8.889681	7.146882	8.067489
39327	-9.038437	7.520128	8.051946
39328	-9.249583	7.847309	7.846573
39329	-9.536467	8.135305	7.407257
39330	-9.899309	8.349231	6.730851
39331	-10.319541	8.495793	5.866693
39332	-10.782534	8.601248	4.821385
39333	-11.275413	8.627290	3.624707
39334	-11.728404	8.475425	2.438558
39335	-12.070266	8.108689	1.438009
39336	-12.262365	7.545248	0.625907
39337	-12.307298	6.787710	-0.095895
39338	-12.181211	5.834655	-0.749316
39339	-11.895630	4.714131	-1.329862
39340	-11.438996	3.515019	-1.878857
39341	-10.818055	2.301145	-2.404773
39342	-10.017416	1.018643	-2.784414
39343	-9.016270	-0.245862	-3.142970
39344	-7.832633	-1.466874	-3.477245
39345	-6.460754	-2.655891	-3.611292
39346	-4.935405	-3.879281	-3.558450
39347	-3.373207	-5.062792	-3.356540
39348	-1.961479	-6.212439	-3.056365
39349	-0.801953	-7.329996	-2.794486
39350	0.242783	-8.402691	-2.833585
39351	1.364888	-9.279217	-3.312247
39352	2.654336	-9.904198	-4.147240
39353	4.050565	-10.406481	-5.214409
39354	5.472973	-10.841884	-6.510607
39355	6.892978	-11.192517	-7.990366
39356	8.281660	-11.496886	-9.532504
39357	9.579617	-11.793219	-10.859716
39358	10.842932	-12.057180	-11.893082
39359	12.087145	-12.227240	-12.644443
39360	13.316120	-12.306420	-13.143109
39361	14.507586	-12.362981	-13.443351
39362	15.633948	-12.533516	-13.564539
39363	16.687260	-12.822856	-13.521030
39364	17.697139	-13.218384	-13.358560
39365	18.714406	-13.561401	-13.126452
39366	19.685573	-13.901375	-12.879317
39367	20.631790	-14.176351	-12.671220
39368	21.594983	-14.358945	-12.549738
39369	22.531080	-14.479107	-12.563483
39370	23.454945	-14.529708	-12.689438
39371	24.285000	-14.519943	-12.865182
39372	24.973810	-14.511696	-13.059421
39373	25.525845	-14.471616	-13.277016
39374	25.992563	-14.401764	-13.454289
39375	26.424050	-14.275258	-13.507099
39376	26.778962	-14.093369	-13.433460
39377	27.093635	-13.830177	-13.288018
39378	27.387594	-13.472142	-13.030972
39379	27.742451	-13.092845	-12.642133
39380	28.151358	-12.725969	-12.047615
39381	28.586507	-12.425053	-11.327328
39382	29.090736	-12.121183	-10.697874
39383	29.583220	-11.792850	-10.467927
39384	29.951452	-11.462445	-10.663214
39385	30.113554	-11.119040	-11.114096
39386	30.035058	-10.810309	-11.688986
39387	29.780139	-10.630484	-12.158554
39388	29.329393	-10.789429	-12.192207
39389	28.652265	-11.416708	-11.618426
39390	27.809112	-12.452380	-10.379148
39391	26.950276	-13.254565	-8.748294
39392	26.159819	-12.999538	-7.518540
39393	25.524379	-11.898327	-6.957349
39394	24.950360	-11.124694	-6.281855
39395	24.494701	-11.393856	-4.904844
39396	24.005142	-12.381292	-3.263699
39397	23.347392	-13.260544	-1.877551
39398	22.814237	-13.588328	-0.736924
39399	22.261243	-13.607648	0.333341
39400	21.697075	-13.531772	1.363186
39401	21.026120	-13.311466	2.185814
39402	20.170478	-12.841469	2.752904
39403	19.238977	-12.234053	3.077220
39404	18.359262	-11.534716	3.196480
39405	17.531686	-10.917649	3.305022
39406	16.729201	-10.385300	3.438623
39407	15.933005	-9.892876	3.526085
39408	15.111460	-9.398455	3.555269
39409	14.231915	-8.899167	3.564022
39410	13.281222	-8.406052	3.602950
39411	12.303882	-7.906117	3.655984
39412	11.323709	-7.383448	3.687090
39413	10.364069	-6.876122	3.721702
39414	9.448635	-6.412673	3.755529
39415	8.585207	-5.959055	3.722320
39416	7.750366	-5.477839	3.599068
39417	6.930632	-5.000621	3.379897
39418	6.098040	-4.536216	3.083259
39419	5.259608	-4.100727	2.764490
39420	4.413825	-3.716307	2.482582
39421	3.593684	-3.371774	2.281706
39422	2.789488	-3.037283	2.167268
39423	1.995281	-2.700966	2.128120
39424	1.198505	-2.362816	2.184933
39425	0.427477	-2.009833	2.348666
39426	-0.311457	-1.629835	2.648555
39427	-1.013176	-1.229592	3.034723
39428	-1.685112	-0.796784	3.558178
39429	-2.304532	-0.311058	4.212307
39430	-2.854934	0.259008	4.925037
39431	-3.317984	0.932685	5.631891
39432	-3.727023	1.653454	6.324905
39433	-4.100639	2.368711	6.989301
39434	-4.449603	3.070923	7.622776
39435	-4.774514	3.766511	8.199244
39436	-5.090458	4.411888	8.743566
39437	-5.390118	4.982287	9.267708
39438	-5.652809	5.479713	9.739777
39439	-5.850520	5.914649	10.154976
39440	-5.966473	6.315725	10.513903
39441	-6.033244	6.685317	10.807719
39442	-6.096675	7.034870	11.000465
39443	-6.177372	7.383074	11.045118
39444	-6.321084	7.735578	10.872259
39445	-6.576478	8.062015	10.443566
39446	-6.960231	8.332299	9.733758
39447	-7.462091	8.531146	8.719210
39448	-8.031155	8.641546	7.442604
39449	-8.591310	8.605170	6.035541
39450	-9.090934	8.339439	4.633924
39451	-9.497382	7.847131	3.292147
39452	-9.779444	7.145453	2.033002
39453	-9.906943	6.232893	0.866692
39454	-9.856757	5.128442	-0.194970
39455	-9.606639	3.922314	-1.155987
39456	-9.154780	2.664702	-2.041746
39457	-8.531566	1.304614	-2.755014
39458	-7.679155	-0.000485	-3.419696
39459	-6.619443	-1.262371	-3.957756
39460	-5.328116	-2.543699	-4.274613
39461	-3.838232	-3.827372	-4.424551
39462	-2.246320	-5.020172	-4.422033
39463	-0.790449	-6.162071	-4.262341
39464	0.407420	-7.298228	-3.962736
39465	1.421688	-8.420399	-3.768349
39466	2.435373	-9.466799	-3.903689
39467	3.584784	-10.288251	-4.386699
39468	4.877382	-10.903048	-5.136375
39469	6.245898	-11.438893	-6.125511
39470	7.605672	-11.897272	-7.290359
39471	8.937558	-12.287143	-8.477767
39472	10.236995	-12.668143	-9.516852
39473	11.493081	-13.039134	-10.284796
39474	12.754463	-13.328997	-10.769772
39475	13.978211	-13.582828	-11.067480
39476	15.154099	-13.872654	-11.258597
39477	16.307854	-14.139583	-11.365597
39478	17.429033	-14.472133	-11.431639
39479	18.522871	-14.855968	-11.500976
39480	19.596663	-15.267560	-11.599057
39481	20.663876	-15.624260	-11.674892
39482	21.734763	-15.878454	-11.776650
39483	22.773972	-16.034447	-11.974380
39484	23.749289	-16.044207	-12.317092
39485	24.595650	-15.834496	-12.823956
39486	25.299814	-15.350099	-13.416592
39487	25.798412	-14.709194	-14.051358
39488	26.165765	-14.028787	-14.649741
39489	26.417944	-13.353256	-15.252826
39490	26.628548	-12.665826	-15.752510
39491	26.783008	-11.965641	-16.087097
39492	26.864915	-11.323979	-16.181217
39493	27.044741	-10.793827	-15.930795
39494	27.369979	-10.358187	-15.204922
39495	27.849603	-10.019697	-14.099420
39496	28.503007	-9.780867	-13.095607
39497	29.068500	-9.706021	-12.528529
39498	29.325206	-9.804275	-12.585904
39499	29.325792	-10.024370	-12.824207
39500	29.183206	-10.434236	-12.750009
39501	28.795305	-11.225127	-12.195417
39502	28.187646	-12.382879	-11.098532
39503	27.424125	-13.427733	-9.550240
39504	26.646122	-13.673879	-8.059635
39505	25.952596	-13.171398	-6.923563
39506	25.256787	-12.994765	-5.842659
39507	24.748065	-13.417991	-4.816410
39508	24.353174	-14.043385	-3.902381
39509	23.899489	-14.471852	-3.061724
39510	23.382406	-14.635778	-2.226499
39511	22.706059	-14.537796	-1.484857
39512	21.986878	-14.207698	-0.701218
39513	21.121436	-13.751804	0.025039
39514	20.186446	-13.223951	0.536324
39515	19.284138	-12.703321	0.989755
39516	18.456594	-12.159379	1.383569
39517	17.671428	-11.621493	1.816587
39518	16.860831	-11.118980	2.300984
39519	16.027215	-10.614588	2.761792
39520	15.181853	-10.100856	3.188686
39521	14.329638	-9.583345	3.549579
39522	13.453365	-9.077434	3.852029
39523	12.552867	-8.603390	4.116865
39524	11.624240	-8.135178	4.343833
39525	10.713615	-7.654846	4.517528
39526	9.812013	-7.176706	4.629597
39527	8.909872	-6.702421	4.681422
39528	8.003750	-6.192432	4.683538
39529	7.116347	-5.647427	4.621165
39530	6.227725	-5.129337	4.461220
39531	5.371086	-4.605113	4.174835
39532	4.521426	-4.109616	3.797491
39533	3.672735	-3.656291	3.399244
39534	2.802771	-3.220750	3.028149
39535	1.912000	-2.807236	2.719294
39536	0.997831	-2.425427	2.510455
39537	0.124299	-2.075490	2.412647
39538	-0.721485	-1.722214	2.452285
39539	-1.507864	-1.361693	2.615476
39540	-2.229601	-0.945057	2.906883
39541	-2.870248	-0.448361	3.297901
39542	-3.460067	0.084323	3.797791
39543	-3.984129	0.669327	4.371686
39544	-4.454095	1.318388	5.001520
39545	-4.898915	1.998776	5.649272
39546	-5.344025	2.687122	6.282152
39547	-5.780138	3.370375	6.877163
39548	-6.199047	4.019647	7.439650
39549	-6.567140	4.616746	7.995318
39550	-6.862191	5.168335	8.491341
39551	-7.091130	5.661498	8.926652
39552	-7.251094	6.094401	9.323493
39553	-7.370474	6.452929	9.677069
39554	-7.499629	6.757246	9.895388
39555	-7.646184	7.053230	9.947963
39556	-7.839165	7.340023	9.786344
39557	-8.117112	7.588676	9.357296
39558	-8.483793	7.793430	8.654933
39559	-8.927843	7.955082	7.703095
39560	-9.415753	8.050253	6.530909
39561	-9.906448	7.993121	5.203471
39562	-10.338780	7.703911	3.868083
39563	-10.667683	7.196019	2.614026
39564	-10.857514	6.494253	1.457272
39565	-10.901014	5.572541	0.388430
39566	-10.757733	4.475633	-0.552815
39567	-10.408299	3.301316	-1.393185
39568	-9.873676	2.084091	-2.187776
39569	-9.198320	0.767249	-2.851594
39570	-8.254260	-0.453127	-3.388884
39571	-7.123351	-1.575177	-3.790088
39572	-5.767248	-2.736119	-3.924968
39573	-4.206396	-3.963240	-3.850688
39574	-2.569650	-5.144010	-3.647242
39575	-1.112289	-6.324303	-3.327391
39576	0.098499	-7.486611	-2.932975
39577	1.162304	-8.578022	-2.678492
39578	2.251958	-9.514276	-2.828732
39579	3.482925	-10.194440	-3.455497
39580	4.899675	-10.649966	-4.495799
39581	6.424401	-10.959748	-5.830533
39582	7.913673	-11.292343	-7.330033
39583	9.280672	-11.615443	-8.806889
39584	10.562125	-11.974522	-10.006618
39585	11.791723	-12.307412	-10.848460
39586	13.007340	-12.532579	-11.394592
39587	14.198063	-12.740572	-11.763079
39588	15.355926	-12.954116	-12.037171
39589	16.496036	-13.159310	-12.159986
39590	17.590945	-13.440354	-12.201280
39591	18.664236	-13.812131	-12.208782
39592	19.754871	-14.210918	-12.184887
39593	20.862891	-14.555404	-12.177212
39594	21.967686	-14.821573	-12.202349
39595	23.014972	-14.989942	-12.322129
39596	23.979589	-15.046109	-12.570055
39597	24.812633	-14.904822	-12.901789
39598	25.450754	-14.633070	-13.298848
39599	25.885373	-14.327684	-13.727503
39600	26.140609	-13.978439	-14.112829
39601	26.305238	-13.586716	-14.462295
39602	26.445765	-13.125077	-14.708063
39603	26.503329	-12.618637	-14.818291
39604	26.476113	-12.160096	-14.787731
39605	26.417339	-11.739120	-14.531119
39606	26.411061	-11.350000	-13.922769
39607	26.496060	-11.011782	-12.847995
39608	26.810514	-10.793996	-11.415821
39609	27.257138	-10.693701	-10.128979
39610	27.572806	-10.830959	-9.446487
39611	27.575402	-11.229499	-9.291069
39612	27.379444	-11.901948	-9.162340
39613	27.073710	-12.830094	-8.640793
39614	26.628935	-13.937487	-7.634298
39615	26.136550	-14.735008	-6.267907
39616	25.646979	-15.063329	-4.887836
39617	25.068314	-15.139099	-3.770603
39618	24.534188	-14.971098	-3.190993
39619	24.177094	-14.700107	-2.988967
39620	23.845951	-14.581186	-2.690803
39621	23.442113	-14.375859	-2.497142
39622	22.884009	-13.964557	-2.392050
39623	22.182169	-13.398997	-2.143702
39624	21.327865	-12.817607	-1.818711
39625	20.415352	-12.287364	-1.503449
39626	19.492362	-11.893477	-1.089396
39627	18.591942	-11.553283	-0.585767
39628	17.719320	-11.216382	0.012836
39629	16.829579	-10.881632	0.706129
39630	15.907902	-10.482201	1.384288
39631	14.982111	-9.999454	1.948428
39632	14.074521	-9.474103	2.392445
39633	13.179648	-8.960509	2.725891
39634	12.284255	-8.463277	2.967104
39635	11.378359	-7.988666	3.145525
39636	10.469719	-7.521415	3.258838
39637	9.582306	-7.058693	3.301355
39638	8.693246	-6.589847	3.269099
39639	7.803548	-6.105258	3.164949
39640	6.891091	-5.611423	2.987247
39641	5.966910	-5.114310	2.749877
39642	5.041941	-4.623314	2.489334
39643	4.124701	-4.162883	2.218600
39644	3.196420	-3.740994	1.978797
39645	2.264918	-3.330210	1.780852
39646	1.326421	-2.913649	1.627892
39647	0.387939	-2.508020	1.544902
39648	-0.530310	-2.125791	1.564305
39649	-1.403278	-1.762824	1.677568
39650	-2.221804	-1.395567	1.861630
39651	-2.958830	-0.984214	2.124677
39652	-3.607831	-0.528514	2.455782
39653	-4.175629	-0.017349	2.862718
39654	-4.663521	0.513931	3.328185
39655	-5.099104	1.062032	3.809112
39656	-5.488582	1.639201	4.311420
39657	-5.847402	2.221345	4.815057
39658	-6.204417	2.808699	5.260469
39659	-6.546533	3.381029	5.675409
39660	-6.867258	3.898543	6.110584
39661	-7.143389	4.392706	6.548881
39662	-7.380359	4.860910	6.944761
39663	-7.590802	5.284724	7.294268
39664	-7.777886	5.684726	7.591395
39665	-7.953740	6.077600	7.831002
39666	-8.125770	6.454815	8.008624
39667	-8.342478	6.788363	8.065179
39668	-8.621718	7.068429	7.967722
39669	-8.966796	7.284945	7.665339
39670	-9.373277	7.459562	7.108468
39671	-9.814808	7.550542	6.318729
39672	-10.288570	7.520587	5.351093
39673	-10.766546	7.395517	4.216054
39674	-11.246769	7.163607	2.929905
39675	-11.692751	6.745935	1.597567
39676	-12.033857	6.145769	0.333496
39677	-12.224118	5.396070	-0.814135
39678	-12.225636	4.492963	-1.856619
39679	-12.033356	3.412951	-2.809725
39680	-11.646892	2.175512	-3.710632
39681	-11.028427	0.881874	-4.502241
39682	-10.159097	-0.460764	-5.044465
39683	-9.004929	-1.720362	-5.539099
39684	-7.592477	-2.941474	-5.878842
39685	-5.997949	-4.197471	-5.987795
39686	-4.316525	-5.438656	-5.987762
39687	-2.790150	-6.612410	-5.855632
39688	-1.543003	-7.744648	-5.550064
39689	-0.492415	-8.808529	-5.229824
39690	0.583326	-9.765195	-5.246786
39691	1.815000	-10.567406	-5.774842
39692	3.275822	-11.104711	-6.767214
39693	4.869156	-11.390878	-8.046269
39694	6.425251	-11.612661	-9.445962
39695	7.912712	-11.859284	-10.898975
39696	9.312482	-12.139974	-12.243380
39697	10.607170	-12.439499	-13.294187
39698	11.868720	-12.676030	-14.026880
39699	13.119919	-12.885887	-14.517454
39700	14.363486	-13.024576	-14.816319
39701	15.577435	-13.079871	-14.926690
39702	16.757271	-13.149562	-14.894060
39703	17.841606	-13.350855	-14.727953
39704	18.899368	-13.644014	-14.472542
39705	19.924345	-14.020817	-14.159700
39706	20.978140	-14.325619	-13.790580
39707	21.988619	-14.589932	-13.454178
39708	22.947439	-14.807276	-13.206513
39709	23.875786	-14.931140	-13.044510
39710	24.731741	-15.031162	-12.964684
39711	25.481711	-15.023637	-12.958722
39712	26.112965	-14.945184	-13.041834
39713	26.599915	-14.811200	-13.107476
39714	26.973138	-14.617675	-13.180120
39715	27.303077	-14.309714	-13.172405
39716	27.544764	-14.015035	-13.050298
39717	27.664166	-13.752488	-12.776940
39718	27.680803	-13.467930	-12.400829
39719	27.758761	-13.160438	-11.805461
39720	27.959899	-12.852698	-11.070939
39721	28.323645	-12.515524	-10.285469
39722	28.799292	-12.130747	-9.594232
39723	29.249019	-11.798209	-9.222625
39724	29.493047	-11.590060	-9.258099
39725	29.569501	-11.418875	-9.498961
39726	29.467639	-11.301682	-9.730297
39727	29.200432	-11.412977	-9.726907
39728	28.727947	-11.860838	-9.360719
39729	28.084726	-12.611972	-8.534544
39730	27.332280	-13.447258	-7.278351
39731	26.554876	-13.812980	-5.913801
39732	25.824408	-13.123951	-5.192194
39733	25.185809	-11.923102	-5.054405
39734	24.519093	-11.437114	-4.576391
39735	24.092011	-11.841428	-3.439904
39736	23.666710	-12.745030	-2.272715
39737	23.159205	-13.358620	-1.366258
39738	22.688895	-13.654891	-0.443412
39739	22.161625	-13.625883	0.504998
39740	21.531738	-13.508731	1.455513
39741	20.731313	-13.249929	2.265893
39742	19.774594	-12.829948	2.870362
39743	18.800785	-12.268556	3.264312
39744	17.930000	-11.612108	3.545351
39745	17.135128	-10.988898	3.797574
39746	16.344835	-10.450228	3.986195
39747	15.534036	-9.958905	4.102109
39748	14.685173	-9.450995	4.160000
39749	13.788759	-8.914953	4.164502
39750	12.836617	-8.386529	4.133384
39751	11.863036	-7.888866	4.108970
39752	10.894778	-7.405807	4.097152
39753	9.961848	-6.947008	4.120201
39754	9.079416	-6.526924	4.173838
39755	8.251421	-6.122848	4.207892
39756	7.456386	-5.695387	4.187390
39757	6.676481	-5.251050	4.125920
39758	5.886811	-4.806406	4.037630
39759	5.091344	-4.372950	3.909224
39760	4.301940	-3.958604	3.752133
39761	3.516995	-3.562153	3.582930
39762	2.728093	-3.159389	3.414903
39763	1.926322	-2.750109	3.265752
39764	1.101091	-2.345735	3.162566
39765	0.263091	-1.959484	3.143919
39766	-0.549432	-1.582241	3.254450
39767	-1.319897	-1.218248	3.502145
39768	-2.052759	-0.809452	3.909848
39769	-2.708565	-0.315308	4.434476
39770	-3.282876	0.250040	5.049536
39771	-3.769942	0.838817	5.722645
39772	-4.192125	1.443985	6.405960
39773	-4.587473	2.050137	7.018422
39774	-4.967188	2.674756	7.588633
39775	-5.317271	3.277510	8.126518
39776	-5.656612	3.809266	8.663610
39777	-5.965837	4.291817	9.189939
39778	-6.239178	4.754350	9.666686
39779	-6.465989	5.207389	10.076195
39780	-6.650226	5.643002	10.456404
39781	-6.785624	6.057194	10.831970
39782	-6.924946	6.434362	11.142532
39783	-7.090028	6.818512	11.334389
39784	-7.314058	7.144603	11.371316
39785	-7.613732	7.435196	11.201292
39786	-7.970775	7.718479	10.777152
39787	-8.362787	7.953228	10.125543
39788	-8.784894	8.074293	9.273616
39789	-9.234199	8.078936	8.204327
39790	-9.702622	7.940578	6.925161
39791	-10.117443	7.587736	5.552929
39792	-10.434757	6.991610	4.190279
39793	-10.606729	6.204990	2.861176
39794	-10.609386	5.217852	1.604194
39795	-10.432945	4.031491	0.439247
39796	-10.052964	2.715313	-0.622830
39797	-9.458656	1.324007	-1.590941
39798	-8.681512	-0.156665	-2.372810
39799	-7.611334	-1.481695	-3.089228
39800	-6.311890	-2.717213	-3.660871
39801	-4.858517	-3.938924	-3.974257
39802	-3.341519	-5.141222	-4.037825
39803	-1.891226	-6.238800	-3.862934
39804	-0.632877	-7.290367	-3.466316
39805	0.480375	-8.306225	-2.968860
39806	1.556405	-9.279343	-2.696290
39807	2.679484	-10.137260	-2.827457
39808	3.948410	-10.746827	-3.337866
39809	5.299374	-11.149762	-4.075397
39810	6.689667	-11.483355	-4.966778
39811	8.061151	-11.884794	-5.983211
39812	9.369231	-12.369501	-7.031741
39813	10.628702	-12.789815	-7.947557
39814	11.883196	-13.130604	-8.628556
39815	13.124110	-13.381337	-9.107078
39816	14.328282	-13.610339	-9.425823
39817	15.479127	-13.825531	-9.647343
39818	16.578573	-14.073013	-9.761718
39819	17.640781	-14.346342	-9.825935
39820	18.664710	-14.672328	-9.888348
39821	19.661889	-15.018679	-9.903587
39822	20.661335	-15.311644	-9.900367
39823	21.646298	-15.510907	-9.962307
39824	22.577112	-15.644886	-10.108363
39825	23.454826	-15.691318	-10.329512
39826	24.293312	-15.655930	-10.648391
39827	25.032438	-15.455692	-11.067829
39828	25.645227	-15.096400	-11.550887
39829	26.130224	-14.653730	-12.015316
39830	26.509831	-14.171745	-12.452633
39831	26.764310	-13.651822	-12.800746
39832	26.927186	-13.094119	-13.049362
39833	27.044982	-12.582586	-13.117740
39834	27.142924	-12.089675	-12.982866
39835	27.321727	-11.589188	-12.680118
39836	27.588661	-11.091910	-12.176876
39837	27.943365	-10.624664	-11.537538
39838	28.357455	-10.215203	-10.971069
39839	28.736396	-9.856317	-10.723522
39840	28.918793	-9.569961	-10.934443
39841	28.866232	-9.383148	-11.384346
39842	28.631538	-9.392461	-11.658305
39843	28.210718	-9.813248	-11.412653
39844	27.579420	-10.770861	-10.466141
39845	26.823982	-11.886127	-8.965365
39846	26.075648	-12.312344	-7.358865
39847	25.410827	-11.892115	-6.142736
39848	24.740311	-11.626077	-5.126350
39849	24.191120	-12.040070	-4.003933
39850	23.779774	-12.822778	-2.879301
39851	23.316329	-13.435154	-1.921728
39852	22.844103	-13.703822	-1.076112
39853	22.241055	-13.725781	-0.263880
39854	21.554713	-13.588016	0.563843
39855	20.763885	-13.278910	1.361808
39856	19.877905	-12.802365	1.967893
39857	18.954321	-12.283046	2.377281
39858	18.073455	-11.790869	2.672177
39859	17.288961	-11.253591	2.919035
39860	16.545503	-10.694540	3.163526
39861	15.774599	-10.147835	3.361300
39862	14.964925	-9.586674	3.478361
39863	14.126741	-9.024725	3.520918
39864	13.244686	-8.483803	3.527556
39865	12.336302	-7.973621	3.504897
39866	11.415409	-7.489594	3.487112
39867	10.519347	-7.048364	3.513251
39868	9.657245	-6.641702	3.544636
39869	8.836855	-6.240963	3.589027
39870	8.034188	-5.828186	3.660493
39871	7.236330	-5.415879	3.717108
39872	6.445676	-4.990137	3.723517
39873	5.678444	-4.539303	3.657805
39874	4.948062	-4.107019	3.531151
39875	4.254335	-3.719819	3.394664
39876	3.567414	-3.349374	3.274570
39877	2.871808	-2.979263	3.183256
39878	2.149411	-2.626723	3.160264
39879	1.423858	-2.289263	3.238429
39880	0.725401	-1.940890	3.411219
39881	0.078820	-1.575651	3.637200
39882	-0.514209	-1.180524	3.913304
39883	-1.057120	-0.739236	4.272174
39884	-1.549835	-0.242919	4.704702
39885	-1.994283	0.337969	5.179368
39886	-2.413776	0.992251	5.654111
39887	-2.825493	1.679925	6.116040
39888	-3.226629	2.368127	6.561368
39889	-3.614066	3.057542	6.966650
39890	-3.995983	3.728671	7.339447
39891	-4.363338	4.344724	7.706341
39892	-4.695819	4.889795	8.096900
39893	-4.995213	5.340709	8.471216
39894	-5.274617	5.702824	8.764004
39895	-5.522985	6.001806	8.970869
39896	-5.756224	6.260882	9.096032
39897	-5.978735	6.499273	9.146084
39898	-6.208624	6.718472	9.094076
39899	-6.487316	6.914475	8.884322
39900	-6.847437	7.083089	8.476499
39901	-7.284542	7.209208	7.864144
39902	-7.758326	7.259192	7.055218
39903	-8.238218	7.248034	6.019425
39904	-8.731731	7.114599	4.709478
39905	-9.203617	6.780151	3.209153
39906	-9.581588	6.182029	1.687057
39907	-9.814749	5.372495	0.226036
39908	-9.876465	4.366284	-1.198736
39909	-9.731450	3.198541	-2.583698
39910	-9.326042	1.891559	-3.794881
39911	-8.707558	0.520673	-4.890087
39912	-7.844884	-0.780106	-5.885490
39913	-6.719870	-2.027224	-6.631875
39914	-5.339831	-3.295018	-7.078172
39915	-3.797798	-4.566431	-7.303792
39916	-2.205867	-5.762410	-7.353500
39917	-0.763922	-6.865939	-7.219273
39918	0.409673	-7.953577	-6.851110
39919	1.440668	-9.007723	-6.408070
39920	2.532138	-9.943082	-6.272862
39921	3.741068	-10.691005	-6.574637
39922	5.124381	-11.199529	-7.338132
39923	6.598161	-11.516799	-8.366530
39924	8.055388	-11.738590	-9.519130
39925	9.427934	-12.036450	-10.600131
39926	10.671119	-12.464142	-11.489109
39927	11.833091	-12.919994	-12.054437
39928	12.925470	-13.341660	-12.249989
39929	14.017637	-13.594470	-12.187777
39930	15.131858	-13.860949	-11.976743
39931	16.254410	-14.195617	-11.751565
39932	17.401531	-14.590464	-11.519903
39933	18.508743	-15.045819	-11.348011
39934	19.579289	-15.536441	-11.188081
39935	20.666203	-15.958626	-11.003064
39936	21.762150	-16.290545	-10.817576
39937	22.777093	-16.571109	-10.715812
39938	23.724651	-16.735749	-10.775502
39939	24.556504	-16.699364	-10.993789
39940	25.259151	-16.455324	-11.338105
39941	25.806464	-16.016851	-11.776886
39942	26.239687	-15.527375	-12.273283
39943	26.565505	-15.026747	-12.775037
39944	26.800797	-14.506794	-13.274246
39945	26.951387	-13.996278	-13.660520
39946	27.006329	-13.571121	-13.839388
39947	26.987715	-13.223100	-13.807907
39948	26.957545	-12.906381	-13.549448
39949	27.014125	-12.596589	-13.110539
39950	27.206146	-12.276667	-12.481441
39951	27.557476	-11.889983	-11.733512
39952	27.980029	-11.493933	-11.119306
39953	28.342593	-11.145224	-10.847880
39954	28.553510	-10.839761	-10.973039
39955	28.539028	-10.653965	-11.311990
39956	28.320725	-10.715194	-11.522435
39957	27.936070	-11.125387	-11.349844
39958	27.350286	-11.912068	-10.607999
39959	26.668125	-12.718065	-9.385112
39960	25.993455	-12.921191	-8.032907
39961	25.330709	-12.606637	-6.902781
39962	24.671382	-12.377222	-5.905131
39963	24.126845	-12.554777	-4.928416
39964	23.686373	-13.030157	-3.852928
39965	23.223691	-13.559628	-2.759368
39966	22.742089	-13.787460	-1.847426
39967	22.143307	-13.776426	-0.975753
39968	21.448016	-13.664503	0.001808
39969	20.601993	-13.407743	0.854191
39970	19.691539	-12.991988	1.483509
39971	18.791182	-12.536363	1.985560
39972	17.961234	-12.034460	2.402661
39973	17.189556	-11.520368	2.821876
39974	16.434184	-10.970220	3.216455
39975	15.665505	-10.409618	3.529659
39976	14.876382	-9.848421	3.720289
39977	14.045816	-9.305742	3.826362
39978	13.176345	-8.771533	3.897114
39979	12.293054	-8.234675	3.924569
39980	11.374950	-7.716393	3.957180
39981	10.447964	-7.242361	4.043954
39982	9.535492	-6.810361	4.169033
39983	8.669082	-6.387597	4.294521
39984	7.810918	-5.962596	4.359222
39985	6.989005	-5.527552	4.356085
39986	6.186480	-5.068725	4.284268
39987	5.390989	-4.611786	4.144239
39988	4.596066	-4.172887	3.941299
39989	3.812297	-3.748788	3.701082
39990	3.032664	-3.349790	3.435949
39991	2.258512	-2.973144	3.192791
39992	1.463833	-2.629606	3.010892
39993	0.682381	-2.307861	2.905955
39994	-0.068404	-1.976265	2.870146
39995	-0.755322	-1.627181	2.911239
39996	-1.418676	-1.234139	3.024036
39997	-2.053915	-0.781283	3.203412
39998	-2.659277	-0.261131	3.467397
39999	-3.222425	0.325118	3.782512
40000	-3.752183	0.994765	4.097639
40001	-4.275098	1.711568	4.383344
40002	-4.809821	2.424993	4.649485
40003	-5.341946	3.093219	4.933781
40004	-5.856819	3.723652	5.222098
40005	-6.340196	4.299169	5.518478
40006	-6.771345	4.790232	5.844026
40007	-7.124253	5.215930	6.184946
40008	-7.398228	5.594164	6.541086
40009	-7.600098	5.934367	6.923083
40010	-7.761780	6.245911	7.302776
40011	-7.938725	6.542288	7.610734
40012	-8.139140	6.826725	7.807769
40013	-8.378738	7.094723	7.832922
40014	-8.652310	7.348277	7.620068
40015	-8.967530	7.546809	7.133499
40016	-9.319646	7.662943	6.353093
40017	-9.717493	7.662309	5.288265
40018	-10.139917	7.489490	3.997109
40019	-10.552102	7.100049	2.586829
40020	-10.899610	6.493276	1.161378
40021	-11.130207	5.679275	-0.222701
40022	-11.184620	4.646692	-1.531450
40023	-11.020554	3.450322	-2.709420
40024	-10.615018	2.146491	-3.768097
40025	-9.997892	0.744895	-4.710821
40026	-9.114448	-0.637256	-5.415654
40027	-7.977700	-1.876617	-6.031529
40028	-6.601190	-3.046590	-6.388822
40029	-5.027555	-4.253109	-6.451058
40030	-3.364377	-5.467082	-6.291996
40031	-1.795963	-6.616485	-5.872234
40032	-0.486955	-7.764496	-5.182200
40033	0.618000	-8.856694	-4.432105
40034	1.691380	-9.849954	-4.015832
40035	2.860957	-10.662666	-4.126621
40036	4.214765	-11.228023	-4.736848
40037	5.698065	-11.579654	-5.639263
40038	7.205259	-11.871891	-6.687578
40039	8.651311	-12.249995	-7.816891
40040	10.002312	-12.700300	-8.908769
40041	11.286374	-13.085660	-9.788443
40042	12.548201	-13.344835	-10.378954
40043	13.774712	-13.491769	-10.710225
40044	14.949951	-13.633651	-10.857790
40045	16.085768	-13.786716	-10.885464
40046	17.212436	-13.997684	-10.871668
40047	18.320301	-14.248318	-10.868808
40048	19.419592	-14.557676	-10.910145
40049	20.500335	-14.876794	-10.940493
40050	21.603159	-15.128709	-10.939418
40051	22.677428	-15.293932	-10.961084
40052	23.659523	-15.406257	-11.071806
40053	24.561000	-15.390947	-11.260148
40054	25.365770	-15.231564	-11.524574
40055	26.029352	-14.936755	-11.869822
40056	26.538162	-14.615917	-12.226555
40057	26.946153	-14.237328	-12.528806
40058	27.228348	-13.809377	-12.846299
40059	27.462282	-13.339537	-13.096154
40060	27.645350	-12.854792	-13.176052
40061	27.754633	-12.390471	-13.125155
40062	27.879490	-11.951512	-12.902295
40063	28.059202	-11.578648	-12.454215
40064	28.361147	-11.214997	-11.751401
40065	28.818433	-10.823320	-10.944461
40066	29.343010	-10.448080	-10.348895
40067	29.731381	-10.110766	-10.224900
40068	29.860687	-9.929283	-10.494599
40069	29.751112	-9.937854	-10.809423
40070	29.471083	-10.258962	-10.854669
40071	29.006385	-11.093061	-10.303945
40072	28.333795	-12.376645	-9.077998
40073	27.522980	-13.638128	-7.354514
40074	26.633124	-14.128864	-5.778171
40075	25.808006	-13.181474	-5.203870
40076	24.997145	-11.860686	-5.190758
40077	24.199425	-11.498537	-4.503996
40078	23.676829	-12.120891	-3.138180
40079	23.171328	-12.963983	-2.051907
40080	22.721586	-13.478567	-1.140418
40081	22.304144	-13.869215	-0.112431
40082	21.911305	-13.825586	0.774068
40083	21.432059	-13.597735	1.634285
40084	20.704930	-13.171327	2.390039
40085	19.803760	-12.613346	2.916244
40086	18.854908	-11.976819	3.243892
40087	17.993129	-11.337989	3.502335
40088	17.210215	-10.740392	3.759230
40089	16.460544	-10.227133	4.012500
40090	15.717698	-9.773131	4.257321
40091	14.968229	-9.331280	4.483950
40092	14.150453	-8.911520	4.705717
40093	13.291949	-8.487240	4.952547
40094	12.410010	-8.037221	5.252991
40095	11.526502	-7.590048	5.591243
40096	10.672058	-7.169482	5.942933
40097	9.868012	-6.791131	6.273032
40098	9.090205	-6.405588	6.555196
40099	8.317103	-5.988305	6.767905
40100	7.522497	-5.545330	6.899193
40101	6.720677	-5.102655	6.912807
40102	5.928637	-4.669921	6.800738
40103	5.165501	-4.285672	6.617608
40104	4.425765	-3.917344	6.401060
40105	3.713742	-3.534250	6.150247
40106	2.985887	-3.140702	5.895057
40107	2.240470	-2.745317	5.681628
40108	1.488363	-2.343631	5.528275
40109	0.758411	-1.949360	5.437044
40110	0.033503	-1.554092	5.384760
40111	-0.653895	-1.135727	5.392203
40112	-1.300241	-0.669328	5.464122
40113	-1.907234	-0.159683	5.599329
40114	-2.498184	0.372133	5.743140
40115	-3.063772	0.934977	5.906335
40116	-3.601091	1.542341	6.093673
40117	-4.105931	2.187257	6.266734
40118	-4.588430	2.845901	6.438908
40119	-5.054095	3.454172	6.667414
40120	-5.492993	3.993888	6.968939
40121	-5.873566	4.473152	7.331495
40122	-6.175555	4.893230	7.729986
40123	-6.375023	5.272918	8.123038
40124	-6.496152	5.607676	8.485323
40125	-6.574064	5.896490	8.789848
40126	-6.625392	6.154561	9.044435
40127	-6.684093	6.387150	9.180031
40128	-6.806895	6.601385	9.130999
40129	-7.014559	6.788091	8.851649
40130	-7.307636	6.927775	8.302006
40131	-7.668761	6.996761	7.469451
40132	-8.070765	6.977132	6.353788
40133	-8.496869	6.790428	5.000966
40134	-8.889779	6.369837	3.536226
40135	-9.193456	5.721522	2.080781
40136	-9.351246	4.858122	0.679068
40137	-9.352405	3.776443	-0.688240
40138	-9.143992	2.515809	-1.989809
40139	-8.716178	1.135437	-3.208933
40140	-8.074395	-0.303728	-4.247008
40141	-7.169721	-1.589065	-5.160575
40142	-6.008000	-2.869289	-5.818893
40143	-4.627219	-4.181140	-6.161600
40144	-3.080987	-5.463459	-6.241620
40145	-1.501467	-6.602149	-6.095513
40146	-0.125496	-7.720600	-5.720886
40147	0.979961	-8.865183	-5.153216
40148	1.974452	-9.981363	-4.638850
40149	3.012553	-10.960155	-4.463968
40150	4.197028	-11.712250	-4.713565
40151	5.526877	-12.224389	-5.347300
40152	6.965312	-12.495975	-6.235969
40153	8.396933	-12.748191	-7.255218
40154	9.746411	-13.120786	-8.283688
40155	11.008889	-13.505756	-9.205094
40156	12.289112	-13.754215	-9.881131
40157	13.515998	-14.002899	-10.307346
40158	14.684415	-14.250997	-10.539861
40159	15.808594	-14.501527	-10.652507
40160	16.917293	-14.762779	-10.660474
40161	18.027331	-15.016445	-10.619366
40162	19.102685	-15.342230	-10.588940
40163	20.156753	-15.735131	-10.552157
40164	21.222373	-16.107448	-10.491163
40165	22.271766	-16.416856	-10.430440
40166	23.305562	-16.598591	-10.414490
40167	24.261628	-16.695694	-10.509391
40168	25.121074	-16.662504	-10.705279
40169	25.861444	-16.438277	-11.008814
40170	26.469347	-16.062277	-11.387507
40171	26.920648	-15.588696	-11.805729
40172	27.288235	-15.090630	-12.213951
40173	27.576911	-14.538691	-12.595319
40174	27.798293	-13.950733	-12.883648
40175	27.901288	-13.435468	-13.026892
40176	27.937870	-13.001986	-12.937142
40177	27.943621	-12.628519	-12.634544
40178	28.016080	-12.249632	-12.129692
40179	28.245187	-11.766353	-11.430690
40180	28.574559	-11.235850	-10.686807
40181	28.921236	-10.737778	-10.108288
40182	29.223131	-10.320478	-9.865079
40183	29.303467	-10.102401	-9.993527
40184	29.133684	-10.073115	-10.336040
40185	28.844258	-10.244956	-10.511459
40186	28.396691	-10.828725	-10.093904
40187	27.758795	-11.822215	-9.024221
40188	27.059020	-12.637382	-7.524869
40189	26.375261	-12.658433	-6.082254
40190	25.683069	-12.258536	-4.994210
40191	24.986549	-12.195898	-4.017867
40192	24.448282	-12.651501	-2.995929
40193	23.928847	-13.302107	-2.076658
40194	23.418473	-13.715820	-1.270624
40195	22.884679	-13.901610	-0.470542
40196	22.230327	-13.862615	0.306710
40197	21.475299	-13.662237	1.091125
40198	20.590085	-13.317502	1.816122
40199	19.660796	-12.864239	2.333065
40200	18.782193	-12.358760	2.707683
40201	17.981866	-11.886122	3.032713
40202	17.229203	-11.424895	3.368599
40203	16.487143	-10.926337	3.669850
40204	15.711641	-10.393298	3.901029
40205	14.911214	-9.851590	4.053948
40206	14.070164	-9.321759	4.144158
40207	13.206490	-8.802633	4.208865
40208	12.338458	-8.295980	4.273120
40209	11.467654	-7.811117	4.339139
40210	10.589940	-7.344003	4.420930
40211	9.722138	-6.903833	4.550354
40212	8.853268	-6.471414	4.722104
40213	7.991533	-6.025497	4.881024
40214	7.124800	-5.577904	4.992354
40215	6.278303	-5.134162	5.031573
40216	5.468191	-4.699888	4.975787
40217	4.675915	-4.296519	4.847715
40218	3.901275	-3.910569	4.691488
40219	3.144459	-3.534760	4.520486
40220	2.384890	-3.171047	4.357398
40221	1.646056	-2.812272	4.232478
40222	0.930799	-2.439245	4.130109
40223	0.245648	-2.038137	4.036045
40224	-0.402651	-1.613863	3.956135
40225	-1.009510	-1.149530	3.926794
40226	-1.577488	-0.648468	3.960208
40227	-2.120156	-0.123090	4.009163
40228	-2.639950	0.445672	4.073522
40229	-3.138213	1.042293	4.174634
40230	-3.627995	1.648688	4.314354
40231	-4.105775	2.226382	4.500943
40232	-4.560989	2.777553	4.736409
40233	-4.985859	3.300014	5.048522
40234	-5.369551	3.792420	5.442455
40235	-5.706413	4.269011	5.878678
40236	-6.002380	4.738422	6.308424
40237	-6.253735	5.171116	6.723536
40238	-6.476933	5.559107	7.074511
40239	-6.699813	5.899647	7.317671
40240	-6.930493	6.212039	7.434314
40241	-7.182007	6.504557	7.379450
40242	-7.475240	6.766802	7.090944
40243	-7.846811	6.957733	6.534968
40244	-8.296284	7.069186	5.736101
40245	-8.811126	7.108888	4.711773
40246	-9.350471	7.088688	3.483031
40247	-9.849054	6.940645	2.171907
40248	-10.269015	6.602065	0.887788
40249	-10.578248	6.063569	-0.321141
40250	-10.739231	5.305851	-1.454000
40251	-10.747845	4.300800	-2.514067
40252	-10.542536	3.144883	-3.480200
40253	-10.105807	1.884008	-4.288226
40254	-9.480453	0.490205	-4.951570
40255	-8.645783	-0.875739	-5.578194
40256	-7.578539	-2.226793	-6.097377
40257	-6.267433	-3.557653	-6.377690
40258	-4.775367	-4.867941	-6.418706
40259	-3.263265	-6.066151	-6.275108
40260	-1.878006	-7.195668	-5.935053
40261	-0.737874	-8.302213	-5.405051
40262	0.264048	-9.398183	-4.860579
40263	1.281627	-10.434227	-4.630696
40264	2.461018	-11.265405	-4.843813
40265	3.807649	-11.862016	-5.431097
40266	5.248014	-12.279504	-6.268350
40267	6.696560	-12.614558	-7.305072
40268	8.096465	-12.911922	-8.395235
40269	9.448618	-13.132541	-9.455402
40270	10.726675	-13.267307	-10.381013
40271	11.949984	-13.424532	-11.072459
40272	13.132522	-13.593160	-11.570240
40273	14.273385	-13.739205	-11.887245
40274	15.377385	-13.850971	-12.046086
40275	16.439715	-13.935293	-12.069256
40276	17.471863	-14.064574	-12.042370
40277	18.492275	-14.263216	-11.945466
40278	19.530348	-14.497488	-11.833057
40279	20.568336	-14.728329	-11.709534
40280	21.580897	-14.907682	-11.584139
40281	22.536239	-15.010557	-11.542767
40282	23.435903	-15.021134	-11.591269
40283	24.229352	-14.875599	-11.787908
40284	24.892509	-14.551276	-12.111090
40285	25.414068	-14.111281	-12.517352
40286	25.821355	-13.602599	-12.917159
40287	26.146033	-13.020602	-13.322677
40288	26.423026	-12.393508	-13.629159
40289	26.607527	-11.773617	-13.772428
40290	26.728250	-11.156782	-13.738535
40291	26.887581	-10.508843	-13.439515
40292	27.160207	-9.917437	-12.842676
40293	27.575035	-9.468472	-12.019653
40294	28.093644	-9.137981	-11.271249
40295	28.511293	-8.920280	-10.820694
40296	28.724231	-8.845284	-10.690843
40297	28.717943	-8.980260	-10.697216
40298	28.562159	-9.434911	-10.402027
40299	28.185126	-10.340716	-9.569883
40300	27.607934	-11.589370	-8.185977
40301	26.949801	-12.677926	-6.412970
40302	26.311552	-12.944756	-4.836046
40303	25.697196	-12.390358	-3.848979
40304	24.957526	-12.118121	-2.944294
40305	24.327368	-12.467142	-1.760176
40306	23.899656	-13.000199	-0.810604
40307	23.494396	-13.410705	-0.097016
40308	23.042884	-13.655791	0.593418
40309	22.481792	-13.576368	1.158305
40310	21.872152	-13.258806	1.741962
40311	21.078247	-12.784062	2.328673
40312	20.139636	-12.227323	2.715646
40313	19.211236	-11.667208	2.994731
40314	18.348576	-11.102835	3.212833
40315	17.539107	-10.514499	3.450650
40316	16.699012	-9.947495	3.695321
40317	15.826313	-9.386066	3.890974
40318	14.943932	-8.820043	4.015774
40319	14.057496	-8.263792	4.089391
40320	13.136500	-7.749808	4.148830
40321	12.199529	-7.267892	4.191162
40322	11.246178	-6.794018	4.205342
40323	10.308259	-6.323893	4.206058
40324	9.390355	-5.873194	4.207116
40325	8.498085	-5.433634	4.186252
40326	7.613401	-4.979650	4.104678
40327	6.730640	-4.506507	3.960293
40328	5.850187	-4.032301	3.759760
40329	4.987179	-3.565318	3.487385
40330	4.142566	-3.121979	3.142456
40331	3.306331	-2.719915	2.761252
40332	2.464803	-2.320813	2.382019
40333	1.617362	-1.928449	2.023994
40334	0.747693	-1.567891	1.754494
40335	-0.101360	-1.226008	1.622210
40336	-0.901987	-0.864200	1.645302
40337	-1.608549	-0.473362	1.802989
40338	-2.236952	-0.059214	2.095879
40339	-2.784271	0.382542	2.498843
40340	-3.268444	0.866017	3.002683
40341	-3.705780	1.362214	3.563845
40342	-4.142646	1.858917	4.133974
40343	-4.576183	2.356219	4.676898
40344	-5.014040	2.852913	5.171825
40345	-5.441631	3.334994	5.608799
40346	-5.855251	3.797407	5.998205
40347	-6.239089	4.240742	6.328779
40348	-6.562967	4.688246	6.589304
40349	-6.811072	5.131877	6.796679
40350	-7.012261	5.530739	6.990945
40351	-7.183792	5.890699	7.170893
40352	-7.365812	6.216660	7.325620
40353	-7.598401	6.505156	7.393646
40354	-7.899932	6.784948	7.303205
40355	-8.259311	7.042427	7.039429
40356	-8.645605	7.260243	6.590884
40357	-9.041859	7.404259	5.949813
40358	-9.427502	7.450642	5.149597
40359	-9.803999	7.396247	4.168527
40360	-10.172834	7.236403	2.998416
40361	-10.479952	6.898432	1.763449
40362	-10.682389	6.358012	0.602588
40363	-10.739383	5.648478	-0.444307
40364	-10.644302	4.730317	-1.402063
40365	-10.369739	3.616171	-2.288500
40366	-9.895494	2.348010	-3.156784
40367	-9.253038	0.914118	-4.004788
40368	-8.340249	-0.536308	-4.666509
40369	-7.140202	-1.839566	-5.276071
40370	-5.720176	-3.101173	-5.706744
40371	-4.199165	-4.407132	-5.896070
40372	-2.690078	-5.618999	-5.966711
40373	-1.415639	-6.764044	-5.886829
40374	-0.364211	-7.895771	-5.616480
40375	0.654398	-8.974475	-5.321430
40376	1.756775	-9.988673	-5.333854
40377	2.969912	-10.834471	-5.803474
40378	4.359221	-11.422612	-6.634391
40379	5.827750	-11.780468	-7.647905
40380	7.280653	-12.060560	-8.773892
40381	8.658434	-12.327610	-9.946021
40382	9.991944	-12.574149	-11.033766
40383	11.260828	-12.834684	-11.920617
40384	12.511563	-13.037600	-12.560941
40385	13.719862	-13.208205	-12.981733
40386	14.895450	-13.369353	-13.232690
40387	16.035372	-13.530469	-13.350493
40388	17.145406	-13.685458	-13.369238
40389	18.250181	-13.822572	-13.378036
40390	19.319996	-14.044368	-13.386922
40391	20.371469	-14.297490	-13.340695
40392	21.418146	-14.551787	-13.248931
40393	22.415329	-14.777678	-13.160153
40394	23.381498	-14.939275	-13.090164
40395	24.291727	-14.977193	-13.087654
40396	25.063799	-14.884187	-13.188255
40397	25.708455	-14.632054	-13.372069
40398	26.177096	-14.268389	-13.595080
40399	26.555058	-13.865775	-13.807436
40400	26.834559	-13.438726	-13.992167
40401	27.066712	-12.974112	-14.086340
40402	27.231649	-12.553178	-13.939563
40403	27.290134	-12.215950	-13.574026
40404	27.394424	-12.001904	-13.001537
40405	27.610988	-11.805683	-12.159255
40406	27.930444	-11.623092	-11.066849
40407	28.331816	-11.547929	-9.845456
40408	28.748338	-11.514287	-8.873851
40409	29.019296	-11.466672	-8.424232
40410	29.085557	-11.376912	-8.484032
40411	28.945437	-11.364566	-8.683138
40412	28.658507	-11.545744	-8.691614
40413	28.203368	-11.997605	-8.285542
40414	27.542008	-12.775906	-7.392724
40415	26.727845	-13.635703	-6.087705
40416	25.903922	-13.877132	-4.754453
40417	25.171004	-13.112772	-4.088898
40418	24.498034	-12.090488	-3.822674
40419	23.856135	-11.620546	-3.320634
40420	23.418953	-11.922122	-2.359582
40421	22.869116	-12.612609	-1.360853
40422	22.294223	-13.000993	-0.528355
40423	21.715840	-13.080272	0.310128
40424	21.113759	-12.915085	1.155962
40425	20.385542	-12.737129	1.982984
40426	19.522819	-12.380389	2.668187
40427	18.591613	-11.911307	3.213502
40428	17.685581	-11.345989	3.589749
40429	16.855539	-10.748079	3.897546
40430	16.069951	-10.221931	4.248562
40431	15.304552	-9.787389	4.606608
40432	14.525461	-9.383842	4.883109
40433	13.742761	-8.942617	5.059907
40434	12.914855	-8.468289	5.174199
40435	12.039912	-7.990116	5.243965
40436	11.146893	-7.492227	5.270599
40437	10.245632	-6.994727	5.246861
40438	9.354008	-6.524763	5.168347
40439	8.504259	-6.090790	5.086108
40440	7.692087	-5.668692	5.001223
40441	6.892134	-5.237818	4.881471
40442	6.057934	-4.790233	4.707423
40443	5.250576	-4.341710	4.465590
40444	4.446800	-3.920649	4.169137
40445	3.647110	-3.558517	3.877519
40446	2.867829	-3.215405	3.627464
40447	2.114641	-2.863903	3.402396
40448	1.367493	-2.511541	3.184392
40449	0.629172	-2.158537	2.974296
40450	-0.116622	-1.798818	2.795602
40451	-0.842399	-1.432589	2.661691
40452	-1.521661	-1.048643	2.580780
40453	-2.134364	-0.623957	2.547879
40454	-2.714283	-0.166332	2.535333
40455	-3.274578	0.312545	2.535891
40456	-3.809638	0.819143	2.614540
40457	-4.311127	1.345712	2.752153
40458	-4.796704	1.891035	2.915341
40459	-5.269300	2.434938	3.095976
40460	-5.724770	2.930589	3.345355
40461	-6.135446	3.384462	3.682243
40462	-6.486919	3.807209	4.091221
40463	-6.761137	4.193005	4.568427
40464	-6.966428	4.546665	5.091041
40465	-7.107067	4.891688	5.611133
40466	-7.212148	5.237905	6.105749
40467	-7.327845	5.561958	6.527871
40468	-7.500988	5.878317	6.814847
40469	-7.731182	6.205563	6.938971
40470	-8.027957	6.513431	6.892018
40471	-8.373990	6.781911	6.623066
40472	-8.747660	6.992069	6.119362
40473	-9.135858	7.114164	5.357838
40474	-9.533235	7.125139	4.308641
40475	-9.907476	6.925627	3.071002
40476	-10.226267	6.452450	1.764102
40477	-10.444642	5.752606	0.430379
40478	-10.521980	4.833518	-0.900436
40479	-10.421448	3.690231	-2.176064
40480	-10.084581	2.380903	-3.325495
40481	-9.496497	0.977390	-4.356766
40482	-8.654494	-0.489966	-5.133765
40483	-7.517244	-1.829816	-5.852519
40484	-6.163872	-3.096845	-6.418223
40485	-4.676029	-4.320346	-6.673246
40486	-3.185083	-5.518382	-6.634660
40487	-1.818595	-6.607897	-6.374401
40488	-0.639846	-7.659460	-5.907891
40489	0.412707	-8.706612	-5.343006
40490	1.483459	-9.725563	-4.941618
40491	2.653978	-10.584724	-4.926507
40492	3.937897	-11.224515	-5.305465
40493	5.301608	-11.656042	-5.891157
40494	6.681934	-12.030784	-6.659370
40495	7.995565	-12.417142	-7.558993
40496	9.262012	-12.791150	-8.425788
40497	10.458783	-13.143512	-9.181589
40498	11.629756	-13.425188	-9.768935
40499	12.796102	-13.611785	-10.195124
40500	13.939556	-13.769744	-10.498649
40501	15.039598	-13.941989	-10.719630
40502	16.123527	-14.152349	-10.837698
40503	17.199394	-14.366672	-10.891320
40504	18.254427	-14.609535	-10.950522
40505	19.265427	-14.893212	-11.003238
40506	20.263704	-15.191589	-11.025172
40507	21.254417	-15.428979	-11.058183
40508	22.231521	-15.566679	-11.151004
40509	23.124119	-15.600810	-11.375736
40510	23.931558	-15.477813	-11.709771
40511	24.638414	-15.214279	-12.116545
40512	25.219031	-14.801470	-12.533822
40513	25.699849	-14.303208	-12.933514
40514	26.073418	-13.770548	-13.281259
40515	26.441160	-13.168300	-13.517121
40516	26.715116	-12.636088	-13.609832
40517	26.937012	-12.178527	-13.524217
40518	27.131930	-11.747775	-13.302120
40519	27.374632	-11.332111	-12.911100
40520	27.708523	-10.893255	-12.380498
40521	28.149499	-10.466300	-11.767206
40522	28.675615	-10.039752	-11.275794
40523	29.184116	-9.617688	-11.075459
40524	29.475671	-9.205127	-11.278609
40525	29.507588	-8.861973	-11.762429
40526	29.362392	-8.622749	-12.201014
40527	29.024561	-8.732273	-12.295527
40528	28.523745	-9.373667	-11.794057
40529	27.919232	-10.435968	-10.610358
40530	27.312833	-11.307661	-8.958975
40531	26.708958	-11.354375	-7.352466
40532	26.106036	-11.122423	-5.999290
40533	25.486877	-11.526701	-4.657251
40534	25.036416	-12.327482	-3.376755
40535	24.563907	-13.139352	-2.271074
40536	24.119069	-13.735837	-1.238342
40537	23.623276	-13.979185	-0.321513
40538	23.010191	-13.986324	0.549771
40539	22.306059	-13.747653	1.435662
40540	21.423458	-13.262305	2.097226
40541	20.480746	-12.707115	2.476236
40542	19.627996	-12.157792	2.757449
40543	18.872135	-11.640810	3.035269
40544	18.127961	-11.145310	3.363491
40545	17.345479	-10.630850	3.685045
40546	16.511387	-10.067310	3.930014
40547	15.662485	-9.483885	4.080429
40548	14.789159	-8.931259	4.173377
40549	13.910676	-8.416764	4.224105
40550	13.031885	-7.906787	4.225917
40551	12.146757	-7.426536	4.218488
40552	11.259667	-6.982924	4.231348
40553	10.393514	-6.546160	4.273661
40554	9.533979	-6.101215	4.336098
40555	8.676621	-5.652219	4.387207
40556	7.810567	-5.195170	4.399230
40557	6.961375	-4.733984	4.356870
40558	6.130538	-4.260962	4.247501
40559	5.313930	-3.801543	4.084096
40560	4.503342	-3.348855	3.883217
40561	3.723646	-2.896299	3.661511
40562	2.948360	-2.469713	3.450817
40563	2.171194	-2.078156	3.279717
40564	1.405214	-1.671542	3.184552
40565	0.674531	-1.237773	3.177620
40566	-0.008915	-0.786608	3.256923
40567	-0.653696	-0.325041	3.422943
40568	-1.260625	0.166972	3.654519
40569	-1.816977	0.689839	3.953560
40570	-2.320742	1.258237	4.287568
40571	-2.793539	1.828386	4.607462
40572	-3.263641	2.353339	4.891698
40573	-3.734508	2.852154	5.093995
40574	-4.195652	3.352489	5.265774
40575	-4.640902	3.841002	5.419994
40576	-5.079460	4.320886	5.551885
40577	-5.509702	4.805446	5.667342
40578	-5.915170	5.282142	5.798473
40579	-6.279960	5.726108	5.931072
40580	-6.601451	6.136559	6.042476
40581	-6.917447	6.479060	6.101742
40582	-7.256347	6.764125	6.066305
40583	-7.633664	6.994129	5.919854
40584	-8.048480	7.207912	5.618790
40585	-8.495571	7.367350	5.155803
40586	-8.946196	7.468615	4.550087
40587	-9.379969	7.498262	3.831439
40588	-9.791436	7.437041	2.998127
40589	-10.182908	7.297928	2.014762
40590	-10.555229	7.103750	0.834505
40591	-10.877528	6.744614	-0.463477
40592	-11.100575	6.163299	-1.678109
40593	-11.179191	5.420984	-2.735980
40594	-11.059188	4.528291	-3.645212
40595	-10.745412	3.431126	-4.447868
40596	-10.218307	2.169578	-5.195561
40597	-9.476301	0.818471	-5.881202
40598	-8.499363	-0.566829	-6.341474
40599	-7.267570	-1.836456	-6.788719
40600	-5.835779	-3.058539	-7.121875
40601	-4.303926	-4.274489	-7.218244
40602	-2.819509	-5.444758	-7.028301
40603	-1.514906	-6.505075	-6.646233
40604	-0.440280	-7.571566	-6.087112
40605	0.541356	-8.623733	-5.512402
40606	1.558230	-9.661252	-5.183013
40607	2.692397	-10.555268	-5.282340
40608	3.982463	-11.201915	-5.796275
40609	5.393738	-11.565503	-6.560992
40610	6.824365	-11.829113	-7.488065
40611	8.206082	-12.108368	-8.542324
40612	9.514880	-12.408399	-9.602664
40613	10.747361	-12.695787	-10.539313
40614	11.924224	-12.958181	-11.277123
40615	13.069494	-13.082491	-11.819544
40616	14.175097	-13.134083	-12.198301
40617	15.201036	-13.204593	-12.418562
40618	16.198682	-13.243071	-12.448487
40619	17.181479	-13.293680	-12.354997
40620	18.158105	-13.438773	-12.273027
40621	19.118316	-13.691219	-12.149630
40622	20.093682	-13.969451	-11.981027
40623	21.050812	-14.217996	-11.791058
40624	21.979065	-14.421467	-11.665789
40625	22.856614	-14.564430	-11.594812
40626	23.623951	-14.637812	-11.590178
40627	24.273639	-14.539038	-11.708368
40628	24.854421	-14.257102	-11.974717
40629	25.341750	-13.881096	-12.297609
40630	25.727617	-13.476004	-12.586898
40631	26.038654	-13.095236	-12.837265
40632	26.329588	-12.733117	-12.944587
40633	26.622903	-12.406616	-12.804572
40634	26.880256	-12.174283	-12.508618
40635	27.124193	-12.025780	-12.058346
40636	27.372564	-11.912906	-11.489846
40637	27.726728	-11.712537	-10.870339
40638	28.135677	-11.394720	-10.299275
40639	28.544869	-11.031654	-9.989267
40640	28.893388	-10.607491	-10.032085
40641	29.102552	-10.104838	-10.352972
40642	29.114508	-9.575608	-10.834767
40643	28.969072	-9.131829	-11.264874
40644	28.667243	-8.935208	-11.424699
40645	28.199720	-9.125797	-11.130909
40646	27.634396	-9.746324	-10.235512
40647	27.072276	-10.369341	-8.858421
40648	26.548890	-10.526361	-7.268668
40649	25.996869	-10.638900	-5.717510
40650	25.408339	-11.287918	-4.286626
40651	24.957566	-12.051043	-3.022221
40652	24.472198	-12.639094	-1.989162
40653	23.974041	-12.816373	-1.107784
40654	23.330307	-12.723318	-0.282956
40655	22.596308	-12.547963	0.630840
40656	21.744389	-12.153946	1.424598
40657	20.809021	-11.608521	1.929896
40658	19.885576	-11.090410	2.229049
40659	19.039050	-10.646877	2.490484
40660	18.212844	-10.255041	2.774007
40661	17.384112	-9.843626	3.034382
40662	16.521897	-9.385354	3.216090
40663	15.619744	-8.900357	3.296315
40664	14.688948	-8.403143	3.281947
40665	13.758010	-7.871969	3.198677
40666	12.823784	-7.315613	3.042264
40667	11.881233	-6.756960	2.829399
40668	10.931171	-6.210826	2.601270
40669	9.995106	-5.689341	2.382737
40670	9.041169	-5.204332	2.132620
40671	8.128290	-4.721665	1.843178
40672	7.224599	-4.224963	1.530075
40673	6.321871	-3.746531	1.206636
40674	5.414640	-3.303892	0.900104
40675	4.512806	-2.909023	0.626494
40676	3.607931	-2.552330	0.391397
40677	2.726700	-2.224346	0.205402
40678	1.863432	-1.898144	0.077444
40679	1.017102	-1.592332	0.023693
40680	0.190482	-1.290442	-0.003476
40681	-0.594377	-0.956006	-0.004738
40682	-1.339338	-0.594775	0.042045
40683	-2.045258	-0.215961	0.172383
40684	-2.694792	0.221743	0.382874
40685	-3.275031	0.698269	0.621511
40686	-3.807747	1.227754	0.841344
40687	-4.279827	1.820638	1.053559
40688	-4.724509	2.440456	1.296588
40689	-5.162758	3.025285	1.574715
40690	-5.610927	3.545576	1.853355
40691	-6.052250	4.022260	2.130728
40692	-6.470169	4.461668	2.459436
40693	-6.838260	4.862259	2.849367
40694	-7.150311	5.254407	3.251827
40695	-7.420857	5.619463	3.665750
40696	-7.638509	5.971011	4.107264
40697	-7.845987	6.304842	4.518633
40698	-8.084150	6.607762	4.850384
40699	-8.367931	6.937900	4.985988
40700	-8.714594	7.254655	4.896395
40701	-9.129215	7.509535	4.552789
40702	-9.586155	7.680510	3.979525
40703	-10.063513	7.719903	3.188259
40704	-10.543080	7.616610	2.187098
40705	-11.010222	7.379652	0.968212
40706	-11.426410	6.953410	-0.380806
40707	-11.750802	6.317521	-1.713265
40708	-11.936759	5.486626	-2.946593
40709	-11.949624	4.468359	-4.104868
40710	-11.756501	3.257727	-5.173149
40711	-11.328762	1.893925	-6.157065
40712	-10.593925	0.497958	-6.881948
40713	-9.533785	-0.854394	-7.369864
40714	-8.185874	-2.135765	-7.842853
40715	-6.620215	-3.373679	-8.166394
40716	-4.967796	-4.606088	-8.248628
40717	-3.409019	-5.746227	-8.098187
40718	-2.120652	-6.850511	-7.733465
40719	-1.093524	-7.920762	-7.217175
40720	-0.126786	-8.927729	-6.768730
40721	0.926289	-9.893813	-6.592924
40722	2.147324	-10.696436	-6.850471
40723	3.529537	-11.223985	-7.500896
40724	5.022659	-11.521299	-8.371244
40725	6.514002	-11.804557	-9.354157
40726	7.928707	-12.138738	-10.426984
40727	9.241074	-12.464761	-11.518860
40728	10.555258	-12.729249	-12.410252
40729	11.821651	-12.894455	-13.071308
40730	13.046034	-12.973055	-13.501233
40731	14.187409	-13.041521	-13.758796
40732	15.243372	-13.111969	-13.822864
40733	16.257958	-13.180586	-13.724671
40734	17.256325	-13.293405	-13.511576
40735	18.264272	-13.491334	-13.284251
40736	19.285367	-13.770992	-13.077937
40737	20.305458	-14.047626	-12.820157
40738	21.329184	-14.332221	-12.574509
40739	22.304812	-14.561400	-12.358990
40740	23.196078	-14.745418	-12.192767
40741	23.956832	-14.864680	-12.099021
40742	24.630527	-14.814636	-12.101086
40743	25.179816	-14.625629	-12.194178
40744	25.618081	-14.366845	-12.303548
40745	25.967794	-14.095929	-12.397753
40746	26.301733	-13.801617	-12.434180
40747	26.586617	-13.515053	-12.376393
40748	26.830231	-13.210465	-12.166361
40749	27.053374	-12.895966	-11.821752
40750	27.306986	-12.534839	-11.366305
40751	27.603191	-12.163809	-10.778634
40752	28.002705	-11.735590	-10.138584
40753	28.508749	-11.271496	-9.646322
40754	29.031481	-10.717545	-9.577490
40755	29.413185	-10.079550	-9.968030
40756	29.541619	-9.437711	-10.675945
40757	29.446630	-8.913980	-11.395155
40758	29.141652	-8.784528	-11.762433
40759	28.651267	-9.247545	-11.486409
40760	27.978046	-10.292834	-10.451103
40761	27.213064	-11.333523	-8.933133
40762	26.411851	-11.544774	-7.450709
40763	25.661871	-10.812657	-6.442581
40764	24.900593	-10.299272	-5.483863
40765	24.266744	-10.665948	-4.182274
40766	23.765578	-11.614194	-2.702657
40767	23.187665	-12.513810	-1.392380
40768	22.701982	-13.073483	-0.231582
40769	22.174069	-13.317753	0.894744
40770	21.560079	-13.405294	2.035956
40771	20.790220	-13.286155	3.023761
40772	19.861014	-12.898022	3.756290
40773	18.878286	-12.385657	4.232291
40774	17.974510	-11.803896	4.560693
40775	17.178718	-11.217872	4.864208
40776	16.426802	-10.670741	5.134106
40777	15.689512	-10.140771	5.299665
40778	14.920214	-9.617190	5.358529
40779	14.109402	-9.064734	5.327738
40780	13.240590	-8.491574	5.231426
40781	12.330556	-7.904000	5.056572
40782	11.378899	-7.317882	4.824731
40783	10.424848	-6.765446	4.612923
40784	9.498757	-6.270526	4.425266
40785	8.600708	-5.839828	4.239331
40786	7.736123	-5.394594	4.072022
40787	6.883484	-4.961666	3.931726
40788	6.041145	-4.546393	3.808213
40789	5.226513	-4.157653	3.671417
40790	4.413246	-3.816129	3.539591
40791	3.613726	-3.518275	3.418476
40792	2.839514	-3.214069	3.316995
40793	2.083973	-2.911032	3.209073
40794	1.337866	-2.597831	3.089863
40795	0.613272	-2.247754	2.961134
40796	-0.101688	-1.851824	2.839752
40797	-0.789886	-1.419197	2.728603
40798	-1.434970	-0.948233	2.656014
40799	-2.029463	-0.469537	2.692695
40800	-2.578071	0.005018	2.852553
40801	-3.087594	0.473705	3.105037
40802	-3.575212	0.974457	3.389627
40803	-4.030979	1.490409	3.715316
40804	-4.470245	2.005508	4.060020
40805	-4.892739	2.490165	4.423765
40806	-5.297207	2.930535	4.803539
40807	-5.660825	3.333062	5.198284
40808	-5.963683	3.722396	5.606062
40809	-6.211389	4.091482	5.997541
40810	-6.407836	4.452162	6.327491
40811	-6.557837	4.807155	6.599497
40812	-6.693488	5.132051	6.814379
40813	-6.835156	5.453835	6.938607
40814	-7.029796	5.753055	6.944404
40815	-7.301433	6.024984	6.794255
40816	-7.648379	6.248334	6.484725
40817	-8.055753	6.397457	5.990846
40818	-8.473222	6.490334	5.297384
40819	-8.863426	6.505428	4.417150
40820	-9.195302	6.396084	3.398165
40821	-9.445972	6.095383	2.338196
40822	-9.594800	5.559092	1.297076
40823	-9.636859	4.791018	0.255383
40824	-9.544237	3.825118	-0.806377
40825	-9.278470	2.688408	-1.858995
40826	-8.807716	1.345114	-2.790294
40827	-8.099931	-0.065495	-3.634694
40828	-7.180194	-1.443191	-4.419714
40829	-6.000748	-2.782980	-4.942703
40830	-4.581796	-4.100578	-5.144660
40831	-3.050664	-5.372766	-5.129390
40832	-1.628812	-6.518377	-4.997175
40833	-0.513894	-7.624295	-4.699429
40834	0.392326	-8.727434	-4.280495
40835	1.274630	-9.809827	-4.011952
40836	2.295666	-10.787087	-4.106046
40837	3.499373	-11.502848	-4.602088
40838	4.843950	-11.982150	-5.429081
40839	6.269373	-12.202200	-6.458145
40840	7.674381	-12.402521	-7.631423
40841	8.983419	-12.702467	-8.824603
40842	10.207307	-13.009334	-9.934358
40843	11.422454	-13.249030	-10.860080
40844	12.631283	-13.410969	-11.555607
40845	13.759592	-13.500313	-12.027802
40846	14.826825	-13.625554	-12.346038
40847	15.873182	-13.716884	-12.535384
40848	16.918738	-13.829916	-12.634640
40849	17.934489	-14.003802	-12.657123
40850	18.948573	-14.222803	-12.642319
40851	19.937915	-14.468636	-12.591800
40852	20.928121	-14.719532	-12.530215
40853	21.917170	-14.899152	-12.482862
40854	22.887377	-14.998873	-12.482226
40855	23.756048	-14.997591	-12.552304
40856	24.531616	-14.842856	-12.713683
40857	25.155207	-14.512308	-12.969084
40858	25.639900	-14.063106	-13.269224
40859	26.008244	-13.558507	-13.550961
40860	26.334757	-13.011906	-13.821570
40861	26.585361	-12.448131	-14.108569
40862	26.791071	-11.854595	-14.257027
40863	26.929668	-11.273003	-14.203899
40864	27.090922	-10.728514	-13.903979
40865	27.325391	-10.285238	-13.307633
40866	27.616818	-9.882465	-12.512778
40867	27.998228	-9.570810	-11.724658
40868	28.382668	-9.323735	-11.168017
40869	28.635059	-9.124402	-11.005689
40870	28.712021	-8.949593	-11.145111
40871	28.654057	-8.879204	-11.291205
40872	28.415463	-9.104953	-11.115307
40873	27.978758	-9.859917	-10.374165
40874	27.418075	-11.003125	-9.045135
40875	26.847836	-11.805595	-7.388055
40876	26.306330	-11.913210	-5.817423
40877	25.692814	-11.900152	-4.461593
40878	25.063554	-12.192361	-3.319160
40879	24.586254	-12.626977	-2.303418
40880	24.103778	-13.048312	-1.365765
40881	23.617531	-13.144173	-0.668032
40882	22.982309	-13.087244	-0.041949
40883	22.253894	-12.932476	0.683462
40884	21.404159	-12.596664	1.318871
40885	20.485034	-12.146691	1.786274
40886	19.563041	-11.712894	2.185952
40887	18.703971	-11.283342	2.574144
40888	17.887047	-10.818965	2.979944
40889	17.057767	-10.340815	3.351415
40890	16.177216	-9.822866	3.614994
40891	15.266233	-9.273969	3.768502
40892	14.337600	-8.683118	3.832609
40893	13.412092	-8.080789	3.841359
40894	12.488325	-7.488745	3.772788
40895	11.542899	-6.923865	3.630965
40896	10.585849	-6.412179	3.460217
40897	9.632864	-5.911964	3.269951
40898	8.693292	-5.399749	3.054644
40899	7.739302	-4.876473	2.794074
40900	6.770778	-4.376784	2.499395
40901	5.818373	-3.907177	2.226414
40902	4.852521	-3.462094	1.954260
40903	3.908507	-3.032825	1.679449
40904	2.991631	-2.631344	1.409610
40905	2.107475	-2.245098	1.163927
40906	1.235404	-1.874065	0.964310
40907	0.350881	-1.535685	0.838804
40908	-0.530247	-1.216121	0.816569
40909	-1.346693	-0.885976	0.913150
40910	-2.091897	-0.534932	1.119533
40911	-2.772759	-0.148550	1.427729
40912	-3.382980	0.322081	1.817916
40913	-3.912714	0.859823	2.302986
40914	-4.393859	1.432130	2.854830
40915	-4.827791	2.023053	3.418856
40916	-5.247437	2.614504	3.941756
40917	-5.663393	3.197571	4.405692
40918	-6.080043	3.781824	4.818403
40919	-6.501080	4.335562	5.186381
40920	-6.909927	4.826544	5.528668
40921	-7.264870	5.265064	5.861508
40922	-7.534194	5.676926	6.178213
40923	-7.718036	6.051640	6.459463
40924	-7.864959	6.384261	6.662420
40925	-8.032837	6.678720	6.763747
40926	-8.229955	6.975154	6.739357
40927	-8.482881	7.241653	6.580148
40928	-8.798354	7.470828	6.250835
40929	-9.166669	7.645857	5.737526
40930	-9.560112	7.741461	5.053702
40931	-9.952597	7.732610	4.206596
40932	-10.323774	7.616049	3.203979
40933	-10.659997	7.371360	2.062018
40934	-10.910673	6.942389	0.868383
40935	-11.051273	6.286885	-0.281932
40936	-11.042082	5.445695	-1.335780
40937	-10.879428	4.424854	-2.305705
40938	-10.533840	3.251872	-3.209612
40939	-9.990167	1.969599	-4.040298
40940	-9.260057	0.550904	-4.778684
40941	-8.260878	-0.851232	-5.306512
40942	-6.967697	-2.113645	-5.778893
40943	-5.472571	-3.343683	-6.064214
40944	-3.877697	-4.592950	-6.050590
40945	-2.344604	-5.736209	-5.870741
40946	-1.075599	-6.841574	-5.532917
40947	-0.026920	-7.915247	-5.070350
40948	0.987583	-8.942318	-4.705020
40949	2.092113	-9.843343	-4.717399
40950	3.401368	-10.520454	-5.225871
40951	4.870166	-10.935336	-6.099340
40952	6.395280	-11.200087	-7.162813
40953	7.877238	-11.462079	-8.349289
40954	9.272902	-11.788426	-9.492497
40955	10.576602	-12.172973	-10.426767
40956	11.803643	-12.522916	-11.109059
40957	12.998341	-12.806738	-11.537040
40958	14.154773	-13.070611	-11.744018
40959	15.258711	-13.300568	-11.745413
40960	16.371281	-13.491299	-11.621803
40961	17.484253	-13.717010	-11.491199
40962	18.614484	-14.025870	-11.359387
40963	19.738439	-14.406260	-11.207728
40964	20.876624	-14.784653	-11.047480
40965	22.041882	-15.080084	-10.885185
40966	23.163092	-15.300733	-10.788234
40967	24.166132	-15.458106	-10.773434
40968	25.022331	-15.506553	-10.833807
40969	25.689512	-15.370279	-11.041206
40970	26.229275	-15.010760	-11.332526
40971	26.630141	-14.515666	-11.655690
40972	26.907166	-14.023975	-12.005863
40973	27.081605	-13.502647	-12.349453
40974	27.184681	-12.960518	-12.580841
40975	27.216716	-12.447053	-12.655270
40976	27.216832	-11.996592	-12.500774
40977	27.254217	-11.607868	-12.023241
40978	27.466053	-11.224683	-11.221234
40979	27.856942	-10.825078	-10.195397
40980	28.332244	-10.527216	-9.267623
40981	28.714963	-10.448959	-8.834268
40982	28.869117	-10.509117	-8.928462
40983	28.822326	-10.722406	-9.126084
40984	28.566061	-11.318503	-8.934527
40985	28.088668	-12.372289	-8.198650
40986	27.397062	-13.435053	-7.000201
40987	26.674264	-13.810574	-5.725291
40988	25.944266	-13.270141	-4.868620
40989	25.188249	-12.514488	-4.283705
40990	24.492717	-12.432111	-3.543569
40991	24.069903	-12.836854	-2.799907
40992	23.668434	-13.319393	-2.214287
40993	23.209962	-13.624941	-1.644492
40994	22.610780	-13.586806	-1.088547
40995	21.899373	-13.313921	-0.506131
40996	20.999706	-12.916471	0.091440
40997	20.030044	-12.473813	0.617662
40998	19.043711	-12.038307	1.084993
40999	18.126404	-11.565277	1.487238
41000	17.256406	-11.039220	1.871088
41001	16.373926	-10.528559	2.193470
41002	15.462119	-10.055146	2.459007
41003	14.551807	-9.580860	2.642912
41004	13.662564	-9.070445	2.740834
41005	12.772653	-8.577333	2.781018
41006	11.866615	-8.111584	2.796636
41007	10.934620	-7.673192	2.817692
41008	10.000193	-7.233150	2.872500
41009	9.092532	-6.813088	2.932733
41010	8.194072	-6.403079	2.976043
41011	7.319847	-6.000454	2.997083
41012	6.449840	-5.582254	2.975600
41013	5.585482	-5.153934	2.896583
41014	4.736353	-4.729110	2.738387
41015	3.917210	-4.318009	2.504898
41016	3.128453	-3.954153	2.242503
41017	2.368838	-3.612421	1.978767
41018	1.624965	-3.261856	1.718294
41019	0.885916	-2.891726	1.473714
41020	0.146701	-2.514831	1.282520
41021	-0.582410	-2.141246	1.151587
41022	-1.301438	-1.753315	1.085393
41023	-1.974198	-1.322509	1.064412
41024	-2.589291	-0.845527	1.136789
41025	-3.136108	-0.342851	1.293769
41026	-3.638691	0.172145	1.514897
41027	-4.103662	0.691642	1.828071
41028	-4.540226	1.207037	2.198707
41029	-4.946102	1.728763	2.630088
41030	-5.320184	2.238770	3.088874
41031	-5.666195	2.725860	3.628045
41032	-5.976177	3.209910	4.229232
41033	-6.249275	3.696488	4.849562
41034	-6.472797	4.167786	5.474062
41035	-6.649819	4.626550	6.055660
41036	-6.796204	5.078490	6.565709
41037	-6.932072	5.511878	6.991669
41038	-7.088305	5.923751	7.307092
41039	-7.279580	6.330977	7.453341
41040	-7.523558	6.705567	7.399080
41041	-7.861444	6.993481	7.146804
41042	-8.275196	7.200600	6.692381
41043	-8.747277	7.318583	6.040784
41044	-9.247344	7.350101	5.168031
41045	-9.731222	7.308607	4.066546
41046	-10.187838	7.129689	2.760123
41047	-10.565342	6.774620	1.390122
41048	-10.813061	6.240302	0.089096
41049	-10.894859	5.545525	-1.086539
41050	-10.797462	4.653983	-2.128936
41051	-10.493746	3.572421	-3.050308
41052	-9.971374	2.343126	-3.882878
41053	-9.266611	0.925245	-4.626248
41054	-8.286097	-0.473102	-5.211808
41055	-7.106981	-1.763735	-5.789161
41056	-5.746076	-3.002448	-6.121056
41057	-4.272306	-4.259040	-6.151663
41058	-2.797857	-5.470181	-5.934107
41059	-1.481213	-6.581583	-5.519689
41060	-0.369608	-7.683454	-4.941396
41061	0.630196	-8.773016	-4.355822
41062	1.644413	-9.823926	-4.091178
41063	2.773953	-10.677999	-4.321673
41064	4.079896	-11.240043	-4.960495
41065	5.477539	-11.566701	-5.845738
41066	6.930533	-11.788032	-6.897753
41067	8.345889	-12.049198	-8.077448
41068	9.722191	-12.311472	-9.284432
41069	11.057778	-12.555641	-10.393222
41070	12.339495	-12.802963	-11.345357
41071	13.571235	-12.962511	-12.086773
41072	14.745038	-13.038477	-12.607941
41073	15.832640	-13.063237	-12.922940
41074	16.852404	-13.128520	-13.074921
41075	17.829546	-13.236333	-13.130035
41076	18.817966	-13.420763	-13.094837
41077	19.754175	-13.588428	-12.964362
41078	20.653947	-13.787752	-12.793620
41079	21.553253	-13.994401	-12.589677
41080	22.463155	-14.159504	-12.381073
41081	23.362705	-14.291530	-12.249422
41082	24.212900	-14.358846	-12.213998
41083	24.939992	-14.325036	-12.237969
41084	25.547349	-14.154936	-12.338235
41085	26.011151	-13.848555	-12.467819
41086	26.348482	-13.477718	-12.569180
41087	26.597590	-13.064250	-12.650300
41088	26.812010	-12.613439	-12.709816
41089	26.966340	-12.163746	-12.661160
41090	27.108786	-11.681214	-12.416953
41091	27.294908	-11.186128	-11.981547
41092	27.586800	-10.715762	-11.242022
41093	28.047314	-10.309103	-10.347274
41094	28.635176	-9.973591	-9.671022
41095	29.161409	-9.691155	-9.557681
41096	29.394558	-9.541905	-9.956679
41097	29.363744	-9.498410	-10.475718
41098	29.132205	-9.728953	-10.706934
41099	28.699335	-10.523077	-10.228434
41100	28.074508	-11.731002	-8.991482
41101	27.361152	-12.684106	-7.285609
41102	26.606304	-12.626402	-5.928422
41103	25.948940	-11.726913	-5.162469
41104	25.234321	-11.425477	-4.414998
41105	24.755294	-11.999235	-3.332312
41106	24.371091	-12.847713	-2.464753
41107	23.937367	-13.491810	-1.683147
41108	23.494566	-13.862636	-0.895377
41109	22.911893	-13.879110	-0.248005
41110	22.251326	-13.637903	0.422431
41111	21.417311	-13.161186	1.028161
41112	20.457712	-12.552639	1.340051
41113	19.526594	-11.918813	1.450939
41114	18.681447	-11.294884	1.466814
41115	17.873769	-10.700021	1.483670
41116	17.029107	-10.149822	1.504220
41117	16.139871	-9.614222	1.507199
41118	15.226402	-9.059810	1.469039
41119	14.299682	-8.526585	1.424427
41120	13.344616	-8.034613	1.419933
41121	12.368224	-7.574875	1.468928
41122	11.376924	-7.142671	1.586030
41123	10.399171	-6.723324	1.742110
41124	9.448667	-6.330896	1.919454
41125	8.545145	-5.950438	2.096519
41126	7.678516	-5.554675	2.230041
41127	6.827240	-5.146178	2.276934
41128	5.957870	-4.738675	2.251886
41129	5.112894	-4.324029	2.150974
41130	4.291673	-3.925390	1.999481
41131	3.497065	-3.571330	1.842136
41132	2.755800	-3.235180	1.709681
41133	2.035374	-2.887198	1.620321
41134	1.306715	-2.530314	1.551988
41135	0.575235	-2.156163	1.497386
41136	-0.140163	-1.759973	1.455505
41137	-0.817306	-1.339674	1.435022
41138	-1.458788	-0.879421	1.448888
41139	-2.049188	-0.375805	1.487477
41140	-2.606093	0.168038	1.564282
41141	-3.120709	0.756727	1.670115
41142	-3.616888	1.381815	1.802095
41143	-4.099584	1.990209	1.991814
41144	-4.561882	2.517833	2.275716
41145	-4.986722	2.974820	2.648546
41146	-5.353210	3.413759	3.100696
41147	-5.657709	3.840703	3.629816
41148	-5.905138	4.252580	4.198717
41149	-6.111678	4.646770	4.753927
41150	-6.282808	5.017519	5.271365
41151	-6.444059	5.359268	5.728797
41152	-6.625604	5.697805	6.072763
41153	-6.826215	6.059073	6.286445
41154	-7.068957	6.407162	6.365163
41155	-7.389465	6.697472	6.259206
41156	-7.797085	6.916092	5.913190
41157	-8.265864	7.061507	5.324652
41158	-8.765762	7.120518	4.500431
41159	-9.259357	7.116085	3.466262
41160	-9.727936	7.002048	2.276671
41161	-10.121162	6.732187	1.071694
41162	-10.405317	6.297751	-0.062102
41163	-10.544161	5.717643	-1.079754
41164	-10.523175	4.948461	-1.953661
41165	-10.304371	4.000238	-2.694054
41166	-9.881083	2.856413	-3.352034
41167	-9.257232	1.523832	-3.935347
41168	-8.386972	0.102320	-4.364178
41169	-7.320249	-1.273096	-4.820542
41170	-6.042211	-2.640330	-5.131189
41171	-4.592900	-4.009509	-5.152730
41172	-3.069396	-5.289771	-4.981370
41173	-1.687972	-6.455423	-4.673785
41174	-0.574132	-7.617409	-4.242686
41175	0.368393	-8.771967	-3.795947
41176	1.331654	-9.870784	-3.614342
41177	2.409794	-10.833263	-3.894436
41178	3.686111	-11.536158	-4.580975
41179	5.093844	-11.960480	-5.547290
41180	6.566771	-12.234971	-6.678103
41181	8.009720	-12.420984	-7.949917
41182	9.427349	-12.622774	-9.198839
41183	10.749909	-12.871241	-10.333890
41184	12.008524	-13.127999	-11.301886
41185	13.242380	-13.329328	-12.053504
41186	14.446775	-13.408638	-12.579171
41187	15.579585	-13.409476	-12.946856
41188	16.680622	-13.390348	-13.144207
41189	17.778275	-13.429948	-13.224282
41190	18.869230	-13.549056	-13.232211
41191	19.961516	-13.740381	-13.246932
41192	21.031972	-14.023321	-13.228438
41193	22.084720	-14.323223	-13.149871
41194	23.120509	-14.537012	-13.046946
41195	24.099800	-14.653191	-13.027570
41196	24.970853	-14.647179	-13.071526
41197	25.725718	-14.516190	-13.216081
41198	26.346545	-14.241560	-13.368704
41199	26.853724	-13.897624	-13.500232
41200	27.247414	-13.545957	-13.590861
41201	27.568479	-13.170555	-13.634263
41202	27.833109	-12.809884	-13.542832
41203	28.003534	-12.490112	-13.262618
41204	28.126102	-12.194058	-12.829110
41205	28.298475	-11.888566	-12.226427
41206	28.523635	-11.604694	-11.399199
41207	28.899048	-11.307608	-10.437733
41208	29.324103	-10.995515	-9.624252
41209	29.642059	-10.738480	-9.258350
41210	29.682598	-10.655735	-9.326655
41211	29.492654	-10.766623	-9.561881
41212	29.192601	-11.129013	-9.589049
41213	28.783441	-11.842447	-9.151368
41214	28.248167	-12.775477	-8.202390
41215	27.643955	-13.339767	-6.968753
41216	27.042974	-13.138739	-5.914667
41217	26.371427	-12.698052	-4.955458
41218	25.665031	-12.685957	-4.070232
41219	25.183689	-12.990823	-3.355472
41220	24.746720	-13.338941	-2.762989
41221	24.282716	-13.527636	-2.257295
41222	23.685854	-13.462165	-1.783657
41223	23.027025	-13.210934	-1.206857
41224	22.170479	-12.838103	-0.631719
41225	21.166744	-12.442878	-0.134814
41226	20.162451	-12.098063	0.381039
41227	19.252488	-11.750357	0.900263
41228	18.381610	-11.372988	1.458616
41229	17.512919	-10.960044	2.001500
41230	16.589943	-10.509445	2.473631
41231	15.656971	-10.019674	2.854158
41232	14.735734	-9.484507	3.110267
41233	13.819466	-8.929917	3.265104
41234	12.894411	-8.388594	3.341610
41235	11.944734	-7.874161	3.339591
41236	10.957997	-7.382027	3.297206
41237	9.993698	-6.907022	3.225518
41238	9.051628	-6.437163	3.102640
41239	8.122715	-5.969326	2.928867
41240	7.181020	-5.495978	2.722161
41241	6.240856	-5.019230	2.508975
41242	5.321932	-4.552871	2.289450
41243	4.421884	-4.109847	2.043508
41244	3.538555	-3.714619	1.794134
41245	2.690755	-3.355621	1.577531
41246	1.853864	-3.003660	1.400986
41247	1.017666	-2.657083	1.263815
41248	0.166681	-2.302466	1.188927
41249	-0.658238	-1.913879	1.196298
41250	-1.444112	-1.503952	1.284642
41251	-2.159793	-1.085602	1.437055
41252	-2.802606	-0.634748	1.674628
41253	-3.378512	-0.166169	2.003190
41254	-3.907275	0.325740	2.431691
41255	-4.382022	0.849150	2.943334
41256	-4.831622	1.421653	3.453368
41257	-5.252895	2.012867	3.930502
41258	-5.665032	2.574162	4.395152
41259	-6.049957	3.104357	4.858873
41260	-6.394371	3.613664	5.339037
41261	-6.674202	4.089263	5.856497
41262	-6.873999	4.526543	6.414050
41263	-6.992996	4.936535	6.972271
41264	-7.050622	5.324740	7.496938
41265	-7.083900	5.708800	7.944678
41266	-7.128868	6.087275	8.293990
41267	-7.210274	6.464346	8.488550
41268	-7.381055	6.819106	8.409397
41269	-7.680243	7.109391	8.014854
41270	-8.098080	7.306563	7.344886
41271	-8.604982	7.419060	6.393630
41272	-9.152135	7.463901	5.190197
41273	-9.703261	7.391807	3.775308
41274	-10.198098	7.121305	2.280169
41275	-10.559787	6.609780	0.872955
41276	-10.742445	5.886942	-0.421627
41277	-10.749505	4.960134	-1.624790
41278	-10.556203	3.843705	-2.711794
41279	-10.121840	2.624430	-3.645828
41280	-9.471709	1.305599	-4.520408
41281	-8.646214	-0.142307	-5.178738
41282	-7.547685	-1.446425	-5.693144
41283	-6.257325	-2.670662	-6.032900
41284	-4.774867	-3.897352	-6.059933
41285	-3.204375	-5.183818	-5.769099
41286	-1.651065	-6.372256	-5.269991
41287	-0.317631	-7.497128	-4.606520
41288	0.787250	-8.627418	-3.919701
41289	1.784877	-9.737281	-3.500397
41290	2.893007	-10.653158	-3.550210
41291	4.165922	-11.295479	-4.023198
41292	5.565050	-11.786979	-4.799502
41293	7.008955	-12.177703	-5.848407
41294	8.494667	-12.489129	-6.978974
41295	9.914581	-12.776691	-8.110040
41296	11.259128	-13.100598	-9.148568
41297	12.538812	-13.276680	-9.998767
41298	13.804557	-13.419725	-10.626042
41299	15.007455	-13.529397	-11.104888
41300	16.157733	-13.668301	-11.409554
41301	17.272033	-13.809752	-11.574506
41302	18.372840	-14.002826	-11.624415
41303	19.453780	-14.280100	-11.608681
41304	20.485751	-14.645185	-11.560278
41305	21.491105	-14.995806	-11.446268
41306	22.535268	-15.241260	-11.314773
41307	23.597662	-15.370871	-11.274376
41308	24.587416	-15.403932	-11.399508
41309	25.466207	-15.306779	-11.663143
41310	26.219138	-15.020236	-12.011334
41311	26.811793	-14.664092	-12.374796
41312	27.267541	-14.280280	-12.714210
41313	27.642234	-13.856210	-13.001460
41314	27.980550	-13.465698	-13.140375
41315	28.266344	-13.162013	-13.046681
41316	28.493263	-12.920242	-12.733071
41317	28.768163	-12.696767	-12.173380
41318	29.136018	-12.545673	-11.400791
41319	29.577405	-12.491890	-10.504145
41320	30.036011	-12.448178	-9.753782
41321	30.403686	-12.335074	-9.429772
41322	30.598739	-12.186414	-9.476677
41323	30.600063	-12.142695	-9.678264
41324	30.432188	-12.246436	-9.786238
41325	30.080424	-12.607692	-9.585167
41326	29.512231	-13.286142	-8.969816
41327	28.738903	-14.088991	-7.952937
41328	27.885618	-14.550265	-6.752652
41329	27.084229	-14.067205	-5.967586
41330	26.395748	-12.933511	-5.599124
41331	25.737402	-12.335046	-4.994132
41332	25.203346	-12.641192	-4.082856
41333	24.686847	-13.406299	-3.166003
41334	24.136788	-13.970829	-2.317628
41335	23.648773	-14.326447	-1.406918
41336	23.069782	-14.304744	-0.608284
41337	22.423058	-14.109494	0.231068
41338	21.600443	-13.740010	1.084787
41339	20.616569	-13.242536	1.719081
41340	19.629367	-12.722096	2.182548
41341	18.771525	-12.173431	2.593506
41342	17.994778	-11.645335	3.061587
41343	17.213441	-11.184538	3.555327
41344	16.408655	-10.746849	4.006949
41345	15.594124	-10.298464	4.391410
41346	14.763452	-9.836632	4.701021
41347	13.929968	-9.383270	4.971116
41348	13.084341	-8.923975	5.171761
41349	12.173728	-8.489968	5.305506
41350	11.255604	-8.070502	5.422120
41351	10.359646	-7.637690	5.500022
41352	9.453611	-7.190458	5.512195
41353	8.555497	-6.726878	5.461595
41354	7.639613	-6.262798	5.347466
41355	6.738880	-5.785669	5.153486
41356	5.861298	-5.297461	4.871291
41357	5.011267	-4.830863	4.513943
41358	4.205097	-4.410105	4.115666
41359	3.421189	-4.022130	3.718018
41360	2.622910	-3.654391	3.319378
41361	1.817763	-3.275427	2.954066
41362	1.002818	-2.893734	2.638769
41363	0.209005	-2.525770	2.382050
41364	-0.573545	-2.183495	2.183041
41365	-1.338455	-1.850288	2.035279
41366	-2.074820	-1.483024	1.977880
41367	-2.766683	-1.069223	2.042680
41368	-3.409387	-0.595132	2.199420
41369	-4.026406	-0.084447	2.405737
41370	-4.621662	0.441471	2.703228
41371	-5.177489	0.971970	3.090584
41372	-5.688613	1.529826	3.527036
41373	-6.141431	2.118267	4.005217
41374	-6.530322	2.704596	4.554765
41375	-6.850059	3.259095	5.169102
41376	-7.099773	3.759877	5.798190
41377	-7.272021	4.205160	6.423549
41378	-7.370443	4.615197	7.005808
41379	-7.403592	5.003639	7.529035
41380	-7.386306	5.391521	7.993115
41381	-7.371532	5.750460	8.365607
41382	-7.405340	6.098154	8.567338
41383	-7.524591	6.432021	8.524770
41384	-7.762767	6.705108	8.219649
41385	-8.120094	6.912563	7.600844
41386	-8.555062	7.078936	6.647941
41387	-9.014462	7.145595	5.401468
41388	-9.423819	7.001647	4.026400
41389	-9.740662	6.591280	2.657928
41390	-9.924425	5.924335	1.342867
41391	-9.954592	4.990516	0.102736
41392	-9.788845	3.827024	-1.039865
41393	-9.408277	2.538655	-2.094875
41394	-8.824837	1.163066	-3.053049
41395	-8.045148	-0.250702	-3.796710
41396	-7.037237	-1.514310	-4.458004
41397	-5.829006	-2.709435	-4.885685
41398	-4.421069	-3.930020	-4.985017
41399	-2.907367	-5.125765	-4.809801
41400	-1.414017	-6.219654	-4.384670
41401	-0.113793	-7.319919	-3.733114
41402	0.999186	-8.431500	-3.020317
41403	2.023378	-9.498599	-2.593786
41404	3.119943	-10.368777	-2.638989
41405	4.342639	-10.973598	-3.046205
41406	5.682220	-11.419307	-3.739256
41407	7.046177	-11.795010	-4.687493
41408	8.421345	-12.120876	-5.769564
41409	9.754461	-12.476387	-6.820310
41410	11.035145	-12.823973	-7.761797
41411	12.276739	-13.111723	-8.529574
41412	13.486010	-13.296294	-9.110791
41413	14.631164	-13.491246	-9.538758
41414	15.734126	-13.713769	-9.797123
41415	16.822593	-13.910319	-9.910255
41416	17.890316	-14.159538	-9.957258
41417	18.936273	-14.522531	-10.016185
41418	19.984412	-14.957470	-10.094797
41419	21.055364	-15.324038	-10.144887
41420	22.122040	-15.571478	-10.201632
41421	23.155125	-15.698889	-10.393561
41422	24.146170	-15.684468	-10.703628
41423	25.016901	-15.525977	-11.122822
41424	25.773561	-15.207605	-11.640169
41425	26.375948	-14.796177	-12.188142
41426	26.843581	-14.345588	-12.724408
41427	27.249587	-13.839384	-13.179533
41428	27.583415	-13.310910	-13.471647
41429	27.869865	-12.774030	-13.565477
41430	28.096940	-12.250612	-13.448724
41431	28.304952	-11.768219	-13.162137
41432	28.585521	-11.345720	-12.692991
41433	28.900278	-10.986913	-12.049898
41434	29.258239	-10.636998	-11.367034
41435	29.638492	-10.340878	-10.867468
41436	29.932634	-10.081942	-10.761863
41437	30.058078	-9.804262	-11.017082
41438	30.014193	-9.554194	-11.401807
41439	29.776758	-9.575370	-11.583001
41440	29.347780	-10.105329	-11.245962
41441	28.733602	-11.152127	-10.215866
41442	28.022547	-12.274565	-8.615862
41443	27.274691	-12.689935	-6.892543
41444	26.624894	-12.543767	-5.317630
41445	26.016676	-12.836742	-3.891347
41446	25.546406	-13.558931	-2.701493
41447	25.090111	-14.254860	-1.719496
41448	24.648621	-14.682706	-0.836537
41449	24.128022	-14.796912	-0.027717
41450	23.442266	-14.728179	0.778351
41451	22.625127	-14.430832	1.605861
41452	21.640317	-13.949914	2.219395
41453	20.642590	-13.415522	2.572010
41454	19.739492	-12.916793	2.851977
41455	18.928490	-12.420653	3.155492
41456	18.136078	-11.919775	3.532521
41457	17.295890	-11.390443	3.908232
41458	16.387302	-10.821270	4.237092
41459	15.453569	-10.230725	4.482978
41460	14.512422	-9.644734	4.660459
41461	13.587006	-9.068556	4.778737
41462	12.668026	-8.506231	4.801348
41463	11.717546	-7.988450	4.770202
41464	10.748759	-7.510367	4.743967
41465	9.808886	-7.060148	4.702609
41466	8.885938	-6.619468	4.649860
41467	7.958328	-6.165673	4.570107
41468	7.018986	-5.697526	4.463373
41469	6.099798	-5.221480	4.348661
41470	5.197331	-4.751815	4.204237
41471	4.327511	-4.327329	4.042181
41472	3.491905	-3.960690	3.891358
41473	2.685749	-3.615459	3.759615
41474	1.891751	-3.261269	3.652931
41475	1.099799	-2.899046	3.594388
41476	0.304424	-2.522953	3.592617
41477	-0.466247	-2.128580	3.627898
41478	-1.215923	-1.721556	3.690386
41479	-1.943832	-1.273203	3.797587
41480	-2.624838	-0.740928	3.954038
41481	-3.254675	-0.126895	4.163911
41482	-3.844522	0.537587	4.440690
41483	-4.390656	1.230449	4.770888
41484	-4.911612	1.899961	5.072897
41485	-5.403199	2.519702	5.383586
41486	-5.846983	3.102490	5.732144
41487	-6.227381	3.633172	6.156017
41488	-6.537465	4.105982	6.677760
41489	-6.752526	4.535050	7.276825
41490	-6.865536	4.926356	7.919220
41491	-6.886537	5.273452	8.559448
41492	-6.869984	5.594373	9.110643
41493	-6.848514	5.923306	9.512737
41494	-6.853397	6.254484	9.776515
41495	-6.915054	6.587027	9.837308
41496	-7.105590	6.882562	9.592637
41497	-7.448424	7.119506	9.003644
41498	-7.910309	7.282522	8.068175
41499	-8.440265	7.363128	6.811775
41500	-8.975562	7.324984	5.310922
41501	-9.453495	7.098075	3.735878
41502	-9.830177	6.607587	2.206374
41503	-10.043262	5.840199	0.784171
41504	-10.058499	4.819287	-0.508462
41505	-9.838102	3.643524	-1.693262
41506	-9.378271	2.364074	-2.812572
41507	-8.750328	0.910368	-3.851717
41508	-7.870898	-0.496043	-4.670357
41509	-6.795058	-1.753566	-5.325570
41510	-5.486712	-2.934544	-5.628639
41511	-3.984622	-4.182203	-5.552757
41512	-2.386335	-5.411369	-5.212337
41513	-0.864776	-6.536944	-4.674915
41514	0.410817	-7.693916	-3.954144
41515	1.464979	-8.854250	-3.243086
41516	2.437507	-9.945274	-2.802526
41517	3.473074	-10.856583	-2.801940
41518	4.676251	-11.484089	-3.228096
41519	6.012271	-11.882283	-3.990400
41520	7.422827	-12.185966	-5.060388
41521	8.846362	-12.468230	-6.282206
41522	10.221849	-12.744687	-7.495201
41523	11.552809	-13.035976	-8.585079
41524	12.854732	-13.302638	-9.483424
41525	14.107841	-13.454941	-10.193230
41526	15.307909	-13.585305	-10.754525
41527	16.422741	-13.720937	-11.161155
41528	17.507841	-13.813479	-11.399421
41529	18.552290	-13.932256	-11.549546
41530	19.577847	-14.183732	-11.704006
41531	20.610448	-14.539321	-11.864663
41532	21.666797	-14.901120	-11.953682
41533	22.694033	-15.177535	-11.964882
41534	23.685832	-15.361044	-12.018265
41535	24.642112	-15.441392	-12.139384
41536	25.493879	-15.375746	-12.328985
41537	26.219170	-15.167496	-12.614921
41538	26.846097	-14.854631	-12.980800
41539	27.348135	-14.490975	-13.338629
41540	27.761915	-14.060968	-13.635172
41541	28.060480	-13.619422	-13.856442
41542	28.274164	-13.192874	-13.974774
41543	28.432523	-12.738390	-13.940389
41544	28.536386	-12.257940	-13.730960
41545	28.646836	-11.805036	-13.302407
41546	28.859468	-11.403709	-12.705532
41547	29.110183	-11.059476	-12.017693
41548	29.388217	-10.771064	-11.378851
41549	29.631929	-10.496286	-10.994231
41550	29.701229	-10.331713	-10.992478
41551	29.561982	-10.310201	-11.182485
41552	29.263967	-10.467011	-11.225276
41553	28.796997	-11.012499	-10.799555
41554	28.128818	-11.969718	-9.790619
41555	27.298405	-12.972144	-8.341545
41556	26.402400	-13.305388	-6.883912
41557	25.561573	-12.539099	-5.992830
41558	24.765655	-11.771368	-5.274666
41559	24.133868	-11.842067	-4.237073
41560	23.764837	-12.547944	-3.098497
41561	23.305466	-13.436365	-1.992897
41562	22.903774	-14.043500	-1.060546
41563	22.442767	-14.284173	-0.225210
41564	21.873021	-14.178700	0.550712
41565	21.134955	-13.915620	1.317996
41566	20.197767	-13.450917	1.907293
41567	19.203488	-12.908968	2.264470
41568	18.289244	-12.275789	2.454810
41569	17.474496	-11.631082	2.623956
41570	16.688717	-11.042506	2.831604
41571	15.890303	-10.531252	3.041603
41572	15.076009	-10.026495	3.211991
41573	14.248036	-9.491304	3.316211
41574	13.346853	-8.963974	3.395484
41575	12.395153	-8.460382	3.466336
41576	11.421756	-7.937258	3.485940
41577	10.434987	-7.434821	3.476013
41578	9.463196	-6.992545	3.481354
41579	8.544840	-6.587166	3.459423
41580	7.667968	-6.180549	3.386523
41581	6.808721	-5.770927	3.236555
41582	5.941767	-5.367137	3.020549
41583	5.090378	-4.978438	2.772971
41584	4.239120	-4.615596	2.525139
41585	3.395887	-4.284073	2.310739
41586	2.582710	-3.971762	2.131682
41587	1.825599	-3.644475	1.968338
41588	1.102822	-3.297962	1.816485
41589	0.395524	-2.948975	1.700828
41590	-0.290637	-2.602826	1.635326
41591	-0.953288	-2.258607	1.635598
41592	-1.606815	-1.897969	1.682004
41593	-2.237277	-1.507616	1.819083
41594	-2.829626	-1.059147	2.078992
41595	-3.399481	-0.561675	2.424966
41596	-3.963404	-0.026304	2.821370
41597	-4.514196	0.552783	3.226222
41598	-5.048233	1.174668	3.618653
41599	-5.547537	1.811276	4.014190
41600	-6.007557	2.421654	4.438656
41601	-6.435131	2.978141	4.886172
41602	-6.807708	3.491690	5.362991
41603	-7.106127	3.964014	5.879903
41604	-7.324533	4.399975	6.424473
41605	-7.452841	4.784891	6.974194
41606	-7.507739	5.128487	7.504951
41607	-7.512688	5.442232	8.009757
41608	-7.500632	5.751710	8.437716
41609	-7.504728	6.070461	8.744196
41610	-7.574380	6.371743	8.846421
41611	-7.755579	6.638995	8.646709
41612	-8.061363	6.850438	8.113708
41613	-8.479140	6.983630	7.225696
41614	-8.952908	7.020234	6.018919
41615	-9.385594	6.866251	4.611591
41616	-9.726119	6.468044	3.151366
41617	-9.929804	5.801183	1.690984
41618	-9.961339	4.858938	0.291078
41619	-9.793569	3.700681	-1.022063
41620	-9.391066	2.431199	-2.245560
41621	-8.819316	1.044140	-3.506338
41622	-8.080631	-0.447097	-4.522873
41623	-7.054345	-1.737361	-5.306671
41624	-5.840918	-2.923036	-5.801695
41625	-4.425310	-4.103048	-5.856070
41626	-2.871980	-5.293410	-5.539813
41627	-1.339269	-6.387852	-5.004084
41628	0.000809	-7.457985	-4.282446
41629	1.103686	-8.588295	-3.457156
41630	2.111879	-9.737203	-2.837787
41631	3.176872	-10.713125	-2.625017
41632	4.376949	-11.370173	-2.813102
41633	5.690513	-11.795615	-3.372132
41634	7.077125	-12.168947	-4.172034
41635	8.427811	-12.536248	-5.098994
41636	9.764357	-12.967845	-6.036457
41637	11.056113	-13.386817	-6.931803
41638	12.390839	-13.731012	-7.724758
41639	13.664324	-13.997696	-8.394840
41640	14.878012	-14.168608	-9.005868
41641	16.005899	-14.276770	-9.537433
41642	17.094471	-14.365425	-9.924980
41643	18.128743	-14.510567	-10.214704
41644	19.146776	-14.772918	-10.454258
41645	20.169156	-15.111491	-10.669725
41646	21.219434	-15.431082	-10.838558
41647	22.309355	-15.623005	-11.011464
41648	23.385840	-15.741265	-11.275356
41649	24.388435	-15.753331	-11.623348
41650	25.279261	-15.567154	-12.043268
41651	26.046637	-15.184429	-12.505935
41652	26.667999	-14.668401	-12.982285
41653	27.147273	-14.091755	-13.426799
41654	27.574204	-13.481254	-13.832573
41655	27.956174	-12.878144	-14.148630
41656	28.275596	-12.297414	-14.260754
41657	28.536711	-11.783980	-14.243767
41658	28.820000	-11.303532	-14.079465
41659	29.181222	-10.860174	-13.708752
41660	29.607033	-10.485990	-13.185468
41661	30.045043	-10.194766	-12.674192
41662	30.429871	-9.977895	-12.401100
41663	30.631190	-9.819817	-12.399091
41664	30.673343	-9.703912	-12.569099
41665	30.535610	-9.687049	-12.749795
41666	30.206932	-10.009577	-12.635288
41667	29.719424	-10.798163	-11.927827
41668	29.002959	-11.966611	-10.651843
41669	28.160722	-13.044422	-9.037532
41670	27.361571	-13.163806	-7.697884
41671	26.695757	-12.265533	-6.868582
41672	26.014093	-11.827866	-5.813790
41673	25.394850	-12.320357	-4.393289
41674	24.835198	-13.295646	-3.123637
41675	24.266165	-14.086756	-1.988519
41676	23.777305	-14.631428	-0.808372
41677	23.178146	-14.745822	0.245355
41678	22.550565	-14.674240	1.235335
41679	21.803013	-14.321771	2.201511
41680	20.862534	-13.763796	2.902098
41681	19.878018	-13.144285	3.357943
41682	19.016094	-12.443939	3.661901
41683	18.231360	-11.794464	3.952916
41684	17.438188	-11.222982	4.226273
41685	16.602083	-10.713510	4.481913
41686	15.722093	-10.178393	4.673507
41687	14.826099	-9.599534	4.774955
41688	13.883600	-9.042935	4.828057
41689	12.930940	-8.509596	4.857653
41690	11.976406	-7.986918	4.859829
41691	11.029360	-7.475552	4.843466
41692	10.107333	-7.004634	4.814135
41693	9.205070	-6.564414	4.769535
41694	8.311140	-6.102366	4.686877
41695	7.418588	-5.601997	4.561118
41696	6.532547	-5.076616	4.373353
41697	5.672434	-4.538404	4.116190
41698	4.847660	-4.034337	3.800209
41699	4.029682	-3.602794	3.479418
41700	3.206532	-3.205099	3.218232
41701	2.382673	-2.810322	3.008027
41702	1.527720	-2.418020	2.869008
41703	0.661825	-2.053999	2.841705
41704	-0.187212	-1.708754	2.938853
41705	-0.976041	-1.371210	3.163866
41706	-1.702046	-1.015741	3.508048
41707	-2.361441	-0.629359	3.963880
41708	-2.955364	-0.181849	4.526682
41709	-3.472749	0.344141	5.166301
41710	-3.935950	0.928696	5.838326
41711	-4.357577	1.553460	6.520200
41712	-4.761017	2.216687	7.206215
41713	-5.154709	2.918289	7.818554
41714	-5.575536	3.638432	8.309399
41715	-6.007041	4.326694	8.696474
41716	-6.435290	4.943207	9.003577
41717	-6.826282	5.478253	9.237693
41718	-7.168000	5.940596	9.389947
41719	-7.449488	6.338188	9.457819
41720	-7.668356	6.707795	9.484105
41721	-7.850690	7.047725	9.458600
41722	-8.053535	7.346571	9.322245
41723	-8.307970	7.605465	9.067701
41724	-8.635258	7.817589	8.647699
41725	-9.029813	7.994663	7.973285
41726	-9.464371	8.125800	7.054869
41727	-9.901505	8.186151	5.872238
41728	-10.323989	8.126536	4.530289
41729	-10.690738	7.877245	3.168669
41730	-10.978784	7.427124	1.888033
41731	-11.158910	6.786507	0.728260
41732	-11.181306	5.945026	-0.283650
41733	-11.010618	4.901379	-1.151338
41734	-10.624057	3.725246	-1.923913
41735	-10.040955	2.460614	-2.677933
41736	-9.305566	1.025178	-3.309965
41737	-8.319171	-0.360661	-3.817023
41738	-7.094537	-1.641799	-4.232714
41739	-5.641495	-2.906264	-4.381476
41740	-4.015657	-4.196672	-4.325919
41741	-2.376036	-5.385436	-4.169803
41742	-0.938855	-6.558591	-3.877912
41743	0.230963	-7.717342	-3.500724
41744	1.278182	-8.793041	-3.329717
41745	2.356352	-9.700338	-3.643266
41746	3.614277	-10.347357	-4.418973
41747	5.033947	-10.795394	-5.504118
41748	6.531751	-11.182767	-6.817641
41749	8.000773	-11.493121	-8.312978
41750	9.430667	-11.694910	-9.825733
41751	10.764161	-11.936904	-11.158228
41752	12.023387	-12.196645	-12.172874
41753	13.229041	-12.413917	-12.888979
41754	14.423475	-12.569080	-13.335557
41755	15.587223	-12.693908	-13.579262
41756	16.723752	-12.855438	-13.656313
41757	17.859597	-13.034519	-13.628986
41758	18.977904	-13.291541	-13.601612
41759	20.042136	-13.611799	-13.550509
41760	21.107296	-13.906338	-13.438984
41761	22.161638	-14.135710	-13.251226
41762	23.206424	-14.270186	-13.061157
41763	24.185432	-14.359677	-12.978952
41764	25.079785	-14.405467	-12.999785
41765	25.844362	-14.291789	-13.108355
41766	26.492223	-14.000715	-13.363063
41767	27.017221	-13.608493	-13.710743
41768	27.447160	-13.175245	-14.052315
41769	27.759325	-12.724053	-14.338535
41770	27.972733	-12.276119	-14.387616
41771	28.115956	-11.870334	-14.153669
41772	28.223246	-11.513721	-13.742928
41773	28.420249	-11.208014	-13.082211
41774	28.774455	-10.997241	-12.193098
41775	29.239500	-10.889972	-11.155917
41776	29.804679	-10.794654	-10.263301
41777	30.264467	-10.739573	-9.800234
41778	30.418485	-10.822575	-9.717731
41779	30.342535	-11.079054	-9.754246
41780	30.133709	-11.522387	-9.582388
41781	29.725480	-12.328281	-9.013793
41782	29.077408	-13.400071	-7.984819
41783	28.254402	-14.343110	-6.472843
41784	27.343086	-14.623735	-5.077873
41785	26.541202	-13.626664	-4.654802
41786	25.808695	-12.377756	-4.526923
41787	25.190762	-11.895415	-3.798217
41788	24.730277	-12.390786	-2.836001
41789	24.187481	-13.060629	-2.127249
41790	23.665587	-13.528735	-1.309827
41791	23.114621	-13.653066	-0.453346
41792	22.558918	-13.422353	0.262394
41793	21.872655	-13.137736	1.033163
41794	21.004576	-12.765327	1.677715
41795	20.017264	-12.315631	2.107409
41796	19.068121	-11.764829	2.356132
41797	18.211347	-11.168378	2.559287
41798	17.401445	-10.613579	2.774720
41799	16.587338	-10.146635	3.015991
41800	15.740953	-9.724488	3.241083
41801	14.869888	-9.265879	3.403720
41802	13.954926	-8.769428	3.510276
41803	13.003982	-8.266352	3.566788
41804	12.041993	-7.754615	3.585760
41805	11.098349	-7.237658	3.549720
41806	10.156930	-6.743056	3.474984
41807	9.234745	-6.269875	3.370370
41808	8.317406	-5.808147	3.215019
41809	7.408453	-5.333721	2.977956
41810	6.502732	-4.846950	2.657790
41811	5.601532	-4.368198	2.262547
41812	4.711290	-3.913937	1.802034
41813	3.837365	-3.517540	1.328288
41814	2.981084	-3.171614	0.907472
41815	2.184172	-2.848719	0.582255
41816	1.419416	-2.527781	0.363130
41817	0.670435	-2.215964	0.242804
41818	-0.055962	-1.909689	0.221024
41819	-0.749379	-1.586802	0.306948
41820	-1.402384	-1.216077	0.465198
41821	-1.999640	-0.799868	0.686909
41822	-2.550781	-0.363337	0.965941
41823	-3.044497	0.114406	1.305217
41824	-3.486258	0.658405	1.666345
41825	-3.899076	1.231836	2.060475
41826	-4.294510	1.818268	2.487562
41827	-4.676178	2.402733	2.942286
41828	-5.059344	2.966506	3.386408
41829	-5.426259	3.487928	3.853235
41830	-5.761385	3.969182	4.347012
41831	-6.072576	4.411873	4.828213
41832	-6.343288	4.832151	5.288277
41833	-6.566307	5.246340	5.721945
41834	-6.781196	5.657689	6.111792
41835	-7.028461	6.025045	6.431073
41836	-7.333502	6.388274	6.608583
41837	-7.709245	6.730632	6.635052
41838	-8.140677	7.061407	6.481314
41839	-8.610166	7.353807	6.150141
41840	-9.095422	7.574711	5.660470
41841	-9.588908	7.682376	5.030452
41842	-10.084794	7.643852	4.246932
41843	-10.573288	7.497206	3.238452
41844	-11.048713	7.216685	1.958510
41845	-11.458725	6.713727	0.552677
41846	-11.725870	6.003897	-0.799400
41847	-11.815879	5.135082	-2.057713
41848	-11.713476	4.078668	-3.229725
41849	-11.407043	2.825933	-4.322731
41850	-10.875860	1.451249	-5.361016
41851	-10.096196	0.002862	-6.216221
41852	-8.997245	-1.386167	-6.849100
41853	-7.633703	-2.662606	-7.452516
41854	-6.082263	-3.890992	-7.838566
41855	-4.465230	-5.124454	-7.889401
41856	-2.929422	-6.280326	-7.693206
41857	-1.651035	-7.339318	-7.335531
41858	-0.591362	-8.338829	-6.874908
41859	0.417421	-9.288902	-6.456021
41860	1.537802	-10.167800	-6.306393
41861	2.828843	-10.850258	-6.582203
41862	4.268589	-11.277813	-7.211514
41863	5.728266	-11.608258	-8.057886
41864	7.141945	-11.942693	-9.058639
41865	8.557375	-12.115723	-9.999085
41866	9.893351	-12.402633	-10.828285
41867	11.137919	-12.690592	-11.501172
41868	12.369038	-12.925284	-11.975294
41869	13.549952	-13.113041	-12.233404
41870	14.670227	-13.258144	-12.337340
41871	15.730370	-13.424978	-12.315673
41872	16.757877	-13.601916	-12.196526
41873	17.768613	-13.802303	-12.030897
41874	18.789130	-14.024959	-11.875905
41875	19.799164	-14.291637	-11.751030
41876	20.823631	-14.552350	-11.650093
41877	21.822216	-14.765790	-11.577844
41878	22.781222	-14.905031	-11.551695
41879	23.659898	-14.914385	-11.619622
41880	24.423574	-14.776952	-11.772159
41881	25.054009	-14.512488	-12.004572
41882	25.553480	-14.143145	-12.277890
41883	25.960326	-13.738870	-12.531138
41884	26.275277	-13.339334	-12.731727
41885	26.554284	-12.946238	-12.831058
41886	26.829173	-12.566969	-12.738677
41887	27.081897	-12.254735	-12.435093
41888	27.316934	-12.018218	-11.947961
41889	27.552745	-11.799458	-11.282033
41890	27.848025	-11.538434	-10.523950
41891	28.204250	-11.274320	-9.806309
41892	28.597916	-10.994942	-9.304998
41893	28.919814	-10.768696	-9.138930
41894	29.075502	-10.597598	-9.265607
41895	29.005738	-10.469674	-9.545188
41896	28.798130	-10.468734	-9.676341
41897	28.430908	-10.763274	-9.441506
41898	27.883661	-11.457720	-8.701965
41899	27.182203	-12.321414	-7.515789
41900	26.470526	-12.722133	-6.263918
41901	25.811166	-12.196347	-5.507606
41902	25.213391	-11.332482	-4.936406
41903	24.545306	-11.132771	-4.058759
41904	24.041918	-11.659741	-2.965114
41905	23.547804	-12.402918	-1.911127
41906	23.070962	-12.846963	-1.048508
41907	22.548028	-12.938801	-0.204688
41908	21.930977	-12.822860	0.633671
41909	21.251954	-12.597998	1.532480
41910	20.421877	-12.142124	2.268803
41911	19.498543	-11.598356	2.782530
41912	18.589343	-11.070321	3.144850
41913	17.757847	-10.542877	3.440593
41914	16.973369	-10.049222	3.777735
41915	16.157183	-9.574228	4.095210
41916	15.327670	-9.103561	4.316346
41917	14.483862	-8.621965	4.446059
41918	13.614251	-8.132187	4.516693
41919	12.724881	-7.638638	4.520869
41920	11.814735	-7.144516	4.484853
41921	10.909702	-6.651214	4.432124
41922	10.017436	-6.171838	4.363003
41923	9.152951	-5.703168	4.283720
41924	8.315608	-5.227115	4.189116
41925	7.503943	-4.738349	4.077928
41926	6.689905	-4.257613	3.938994
41927	5.888220	-3.805661	3.761683
41928	5.078105	-3.446587	3.553366
41929	4.304492	-3.073916	3.346925
41930	3.532544	-2.688465	3.172396
41931	2.762806	-2.302733	3.044091
41932	1.974735	-1.938026	2.957937
41933	1.190687	-1.596229	2.915298
41934	0.421203	-1.240893	2.933639
41935	-0.308038	-0.868412	3.049851
41936	-0.988927	-0.462436	3.254475
41937	-1.620637	-0.019542	3.510258
41938	-2.202638	0.475340	3.804503
41939	-2.734399	1.014161	4.108022
41940	-3.235206	1.600733	4.417530
41941	-3.714572	2.217366	4.702602
41942	-4.181257	2.851303	4.950107
41943	-4.640175	3.441396	5.202097
41944	-5.083265	3.957070	5.506753
41945	-5.485083	4.415639	5.866393
41946	-5.812986	4.828355	6.301718
41947	-6.051702	5.196969	6.791072
41948	-6.255971	5.509135	7.262298
41949	-6.461516	5.787056	7.650375
41950	-6.695699	6.066163	7.933231
41951	-6.956485	6.379245	8.114572
41952	-7.266275	6.694393	8.169953
41953	-7.630190	6.995271	8.055370
41954	-8.032603	7.251623	7.711898
41955	-8.461416	7.431171	7.094452
41956	-8.914475	7.491592	6.175146
41957	-9.390281	7.395874	4.943661
41958	-9.850600	7.075107	3.520505
41959	-10.251089	6.512537	2.024037
41960	-10.535276	5.752936	0.517828
41961	-10.665084	4.781754	-0.968151
41962	-10.596146	3.613506	-2.405325
41963	-10.283063	2.324820	-3.718840
41964	-9.693219	0.947420	-4.756970
41965	-8.817443	-0.380640	-5.610382
41966	-7.675145	-1.655180	-6.339913
41967	-6.297009	-2.884679	-6.852331
41968	-4.747418	-4.094801	-7.158776
41969	-3.194375	-5.221142	-7.286755
41970	-1.814116	-6.282418	-7.214864
41971	-0.673757	-7.322645	-6.892684
41972	0.367721	-8.320785	-6.478557
41973	1.427638	-9.285920	-6.295613
41974	2.598559	-10.136412	-6.544002
41975	3.907057	-10.762183	-7.207772
41976	5.316201	-11.205388	-8.082763
41977	6.716069	-11.589718	-9.023127
41978	8.068369	-11.992011	-9.980276
41979	9.347535	-12.399529	-10.858674
41980	10.561429	-12.831530	-11.571954
41981	11.744178	-13.214924	-12.067332
41982	12.938901	-13.534890	-12.328440
41983	14.080391	-13.836911	-12.378726
41984	15.216411	-14.124501	-12.334322
41985	16.351769	-14.421820	-12.239753
41986	17.517506	-14.714424	-12.171748
41987	18.676755	-15.010119	-12.200430
41988	19.795206	-15.314814	-12.264271
41989	20.924524	-15.513800	-12.296710
41990	22.022300	-15.646863	-12.366555
41991	23.057524	-15.699231	-12.499809
41992	23.993651	-15.691186	-12.711918
41993	24.826001	-15.545437	-12.982604
41994	25.557074	-15.271725	-13.316872
41995	26.174100	-14.861465	-13.741753
41996	26.668199	-14.350920	-14.195099
41997	27.057524	-13.828327	-14.635841
41998	27.331230	-13.311661	-15.041467
41999	27.541184	-12.774001	-15.336902
42000	27.746530	-12.276331	-15.428134
42001	27.921431	-11.863618	-15.327947
42002	28.052017	-11.518047	-15.040770
42003	28.233894	-11.171157	-14.468554
42004	28.546694	-10.845867	-13.657655
42005	28.984027	-10.552967	-12.806196
42006	29.462313	-10.266758	-12.161317
42007	29.828873	-9.986125	-11.899660
42008	29.957964	-9.767055	-11.967552
42009	29.841131	-9.738378	-12.113792
42010	29.518138	-10.018570	-12.047060
42011	29.060636	-10.640006	-11.558340
42012	28.448351	-11.563917	-10.604968
42013	27.690343	-12.478529	-9.271802
42014	26.906473	-12.751433	-7.906123
42015	26.114300	-11.929516	-7.147441
42016	25.364390	-10.889797	-6.509634
42017	24.602221	-10.840533	-5.395019
42018	24.116001	-11.591473	-3.947323
42019	23.594268	-12.518798	-2.664722
42020	23.124442	-13.103376	-1.630752
42021	22.636014	-13.359162	-0.590275
42022	22.111142	-13.302700	0.360744
42023	21.438520	-13.216366	1.299517
42024	20.598197	-12.884192	2.052464
42025	19.631647	-12.426629	2.586784
42026	18.680137	-11.870502	2.894975
42027	17.833972	-11.283424	3.121933
42028	17.055387	-10.714752	3.348075
42029	16.281717	-10.214168	3.536064
42030	15.489519	-9.726640	3.636484
42031	14.661863	-9.225997	3.632593
42032	13.767582	-8.700541	3.571291
42033	12.823809	-8.156698	3.488713
42034	11.860495	-7.590631	3.389275
42035	10.897694	-7.052052	3.284266
42036	9.953657	-6.567182	3.195730
42037	9.043719	-6.128212	3.127212
42038	8.146486	-5.704783	3.094464
42039	7.263621	-5.270772	3.052465
42040	6.374820	-4.816400	2.975065
42041	5.496322	-4.371042	2.841744
42042	4.629761	-3.954545	2.647609
42043	3.783898	-3.579827	2.420260
42044	2.952895	-3.221865	2.186067
42045	2.136677	-2.853176	1.952111
42046	1.298292	-2.494369	1.744540
42047	0.451563	-2.153103	1.600112
42048	-0.368756	-1.797798	1.544539
42049	-1.138223	-1.441412	1.585609
42050	-1.838843	-1.087449	1.730312
42051	-2.462259	-0.711317	2.008245
42052	-2.999499	-0.263778	2.395114
42053	-3.475397	0.212606	2.858491
42054	-3.919782	0.717122	3.382456
42055	-4.337419	1.265874	3.949496
42056	-4.759896	1.847650	4.525957
42057	-5.184559	2.433369	5.103739
42058	-5.601808	2.996200	5.674688
42059	-5.989204	3.549179	6.219426
42060	-6.336668	4.095377	6.739692
42061	-6.617787	4.608552	7.244681
42062	-6.843061	5.048398	7.704942
42063	-7.016162	5.433861	8.070031
42064	-7.136638	5.803463	8.353093
42065	-7.224847	6.137427	8.591950
42066	-7.314940	6.447051	8.730790
42067	-7.452479	6.739217	8.711087
42068	-7.669770	6.992983	8.516364
42069	-7.975879	7.199966	8.118660
42070	-8.342774	7.367601	7.491811
42071	-8.736535	7.494790	6.638743
42072	-9.125018	7.543672	5.575923
42073	-9.468581	7.441836	4.410423
42074	-9.740514	7.128082	3.239059
42075	-9.913627	6.588256	2.120651
42076	-9.958816	5.799631	1.087619
42077	-9.844441	4.785322	0.132486
42078	-9.530302	3.616305	-0.786417
42079	-9.051878	2.300244	-1.751200
42080	-8.430638	0.814814	-2.606741
42081	-7.572604	-0.575660	-3.364297
42082	-6.534185	-1.901463	-3.996155
42083	-5.280452	-3.231001	-4.328982
42084	-3.818492	-4.537000	-4.381133
42085	-2.285147	-5.728563	-4.243203
42086	-0.915337	-6.884632	-3.923957
42087	0.219170	-8.035480	-3.483850
42088	1.218367	-9.163940	-3.150420
42089	2.230984	-10.166511	-3.203291
42090	3.392703	-10.932924	-3.698419
42091	4.714371	-11.472461	-4.537051
42092	6.123313	-11.887643	-5.604837
42093	7.584706	-12.210007	-6.851466
42094	8.972405	-12.520012	-8.147209
42095	10.288279	-12.823782	-9.354838
42096	11.548423	-13.075146	-10.373884
42097	12.767662	-13.256386	-11.177484
42098	13.944574	-13.407669	-11.778070
42099	15.069605	-13.435435	-12.180626
42100	16.165048	-13.391971	-12.409308
42101	17.179879	-13.475561	-12.535721
42102	18.165558	-13.725510	-12.608105
42103	19.162657	-14.066393	-12.632617
42104	20.188395	-14.395181	-12.608130
42105	21.227443	-14.623630	-12.558349
42106	22.228863	-14.712407	-12.554781
42107	23.148739	-14.726931	-12.682158
42108	23.966283	-14.632812	-12.919685
42109	24.695731	-14.406649	-13.253191
42110	25.318589	-14.051346	-13.625584
42111	25.829849	-13.642095	-14.021477
42112	26.216254	-13.202318	-14.422517
42113	26.571812	-12.741403	-14.756877
42114	26.858671	-12.269618	-14.933073
42115	27.084061	-11.867354	-14.826565
42116	27.331378	-11.572120	-14.496281
42117	27.646427	-11.370620	-13.911443
42118	28.067231	-11.185409	-13.106086
42119	28.513477	-11.128960	-12.283961
42120	28.892696	-11.240717	-11.634984
42121	29.208035	-11.368354	-11.286639
42122	29.381896	-11.409194	-11.257760
42123	29.397063	-11.437863	-11.308539
42124	29.235842	-11.619099	-11.126022
42125	28.814667	-12.154872	-10.553509
42126	28.199535	-13.064425	-9.518722
42127	27.441317	-14.068500	-8.087448
42128	26.673771	-14.609392	-6.580615
42129	26.027161	-14.193659	-5.663695
42130	25.472838	-13.335574	-5.287709
42131	24.880227	-12.820153	-4.739394
42132	24.321147	-12.955114	-3.774128
42133	23.760585	-13.428907	-2.810892
42134	23.162032	-13.694256	-2.025092
42135	22.524863	-13.769560	-1.181967
42136	21.874757	-13.579489	-0.422465
42137	21.155477	-13.363814	0.335325
42138	20.337034	-13.051106	1.031683
42139	19.422220	-12.649360	1.605756
42140	18.477727	-12.176139	2.051841
42141	17.568186	-11.644235	2.425793
42142	16.686052	-11.123973	2.810184
42143	15.818751	-10.638677	3.187342
42144	14.947086	-10.174723	3.520807
42145	14.070362	-9.715300	3.767846
42146	13.170410	-9.233435	3.921338
42147	12.247577	-8.745329	4.021531
42148	11.311912	-8.239597	4.090665
42149	10.377440	-7.750481	4.121734
42150	9.464444	-7.265029	4.131626
42151	8.581172	-6.803472	4.102541
42152	7.717485	-6.329502	4.025374
42153	6.873920	-5.835595	3.891555
42154	6.019599	-5.317613	3.701349
42155	5.143824	-4.825688	3.427838
42156	4.271180	-4.322775	3.076916
42157	3.413287	-3.854913	2.692381
42158	2.560172	-3.437017	2.334557
42159	1.724323	-3.059242	2.038491
42160	0.878622	-2.708101	1.845825
42161	0.039543	-2.388003	1.793483
42162	-0.767305	-2.096060	1.908083
42163	-1.495568	-1.803401	2.164289
42164	-2.116654	-1.488165	2.524693
42165	-2.646576	-1.160233	3.005580
42166	-3.098057	-0.814889	3.595587
42167	-3.499420	-0.456399	4.221270
42168	-3.873620	-0.066565	4.848042
42169	-4.238474	0.354395	5.435840
42170	-4.614359	0.820460	5.999094
42171	-5.004248	1.326403	6.527171
42172	-5.415918	1.842641	7.003004
42173	-5.821879	2.357812	7.425366
42174	-6.213964	2.857769	7.794522
42175	-6.568358	3.326712	8.128548
42176	-6.871856	3.778917	8.405645
42177	-7.113095	4.210190	8.626777
42178	-7.292664	4.636945	8.817529
42179	-7.439058	5.045652	8.999497
42180	-7.582224	5.445118	9.128236
42181	-7.769122	5.806988	9.146375
42182	-8.023306	6.124874	8.998717
42183	-8.352953	6.371300	8.661779
42184	-8.734207	6.559871	8.145759
42185	-9.115263	6.726789	7.446112
42186	-9.459989	6.845843	6.615641
42187	-9.760525	6.858251	5.715120
42188	-9.998550	6.719285	4.799663
42189	-10.153504	6.403537	3.907440
42190	-10.195237	5.833570	3.016930
42191	-10.122554	4.966171	2.080711
42192	-9.876268	3.862206	1.091119
42193	-9.446208	2.540976	0.109239
42194	-8.807120	1.064995	-0.754687
42195	-7.986909	-0.354493	-1.634245
42196	-6.990261	-1.700206	-2.381165
42197	-5.738210	-2.982513	-2.771563
42198	-4.303416	-4.214472	-2.861212
42199	-2.834099	-5.334271	-2.747585
42200	-1.467514	-6.423105	-2.456048
42201	-0.280445	-7.526073	-2.078419
42202	0.801690	-8.560892	-1.873726
42203	1.931699	-9.410942	-2.076450
42204	3.155973	-10.048492	-2.744899
42205	4.463940	-10.475038	-3.744512
42206	5.846294	-10.752565	-4.934864
42207	7.232825	-10.981637	-6.253314
42208	8.580033	-11.226677	-7.615813
42209	9.862090	-11.522003	-8.882179
42210	11.105879	-11.744264	-9.941268
42211	12.311512	-11.905327	-10.800956
42212	13.492566	-11.986079	-11.507532
42213	14.634697	-12.045837	-12.071864
42214	15.738289	-12.100610	-12.481038
42215	16.768993	-12.281349	-12.720678
42216	17.778802	-12.637351	-12.796814
42217	18.818865	-13.089465	-12.713151
42218	19.907017	-13.568700	-12.531496
42219	20.980354	-14.048785	-12.372463
42220	22.051070	-14.498459	-12.274420
42221	23.087029	-14.870554	-12.202138
42222	24.062762	-15.156997	-12.163047
42223	24.938992	-15.336587	-12.254633
42224	25.727689	-15.389058	-12.407634
42225	26.436231	-15.278686	-12.598037
42226	26.967487	-15.079930	-12.802983
42227	27.305544	-14.863309	-12.884702
42228	27.549113	-14.666206	-12.819497
42229	27.701559	-14.504074	-12.642534
42230	27.914245	-14.318912	-12.380608
42231	28.246071	-14.053103	-12.095276
42232	28.649337	-13.733995	-11.839697
42233	29.033707	-13.371518	-11.689892
42234	29.312608	-13.001829	-11.707322
42235	29.399956	-12.746785	-11.902657
42236	29.328541	-12.609910	-12.198140
42237	29.118461	-12.594657	-12.478115
42238	28.780036	-12.761726	-12.565023
42239	28.243096	-13.178497	-12.368166
42240	27.552568	-13.691064	-11.830797
42241	26.777731	-14.051955	-10.959733
42242	25.990331	-13.932729	-10.124078
42243	25.276198	-12.880609	-9.852870
42244	24.565227	-11.776412	-9.409218
42245	23.986281	-11.407401	-8.201947
42246	23.370276	-12.052926	-6.990836
42247	22.691952	-12.986927	-5.868202
42248	22.188625	-13.761055	-4.589630
42249	21.657604	-14.124321	-3.372821
42250	21.109023	-14.084236	-2.436427
42251	20.427494	-13.957980	-1.497820
42252	19.584179	-13.606548	-0.732754
42253	18.604128	-13.163460	-0.246666
42254	17.677499	-12.634606	0.048215
42255	16.849151	-12.035697	0.270629
42256	16.045105	-11.481446	0.498754
42257	15.223680	-11.006316	0.754284
42258	14.368025	-10.537185	0.956027
42259	13.497715	-9.970110	1.045184
42260	12.601003	-9.327053	1.063086
42261	11.670917	-8.680170	1.053865
42262	10.716047	-8.037778	0.988637
42263	9.747246	-7.422573	0.855396
42264	8.771960	-6.859086	0.682039
42265	7.802347	-6.348323	0.442577
42266	6.838585	-5.840690	0.138789
42267	5.875452	-5.331638	-0.200137
42268	4.926119	-4.841717	-0.568005
42269	4.003555	-4.387464	-0.961902
42270	3.066630	-4.010200	-1.356676
42271	2.170842	-3.685246	-1.721617
42272	1.305000	-3.383848	-2.000320
42273	0.477672	-3.069975	-2.181475
42274	-0.320352	-2.731100	-2.300754
42275	-1.101473	-2.388576	-2.345523
42276	-1.858788	-2.041923	-2.278497
42277	-2.559617	-1.697922	-2.107479
42278	-3.222324	-1.335878	-1.846855
42279	-3.827606	-0.930934	-1.499408
42280	-4.373856	-0.498649	-1.008080
42281	-4.842536	-0.029247	-0.374014
42282	-5.243520	0.486823	0.319315
42283	-5.629692	1.021970	1.042988
42284	-6.024230	1.558179	1.777336
42285	-6.405481	2.108217	2.469921
42286	-6.776703	2.665340	3.102237
42287	-7.123240	3.210198	3.692726
42288	-7.445332	3.719539	4.241888
42289	-7.731923	4.160891	4.732322
42290	-7.977150	4.527308	5.144288
42291	-8.145328	4.841296	5.490418
42292	-8.247263	5.099504	5.768421
42293	-8.327577	5.268615	5.967448
42294	-8.413563	5.375013	6.033185
42295	-8.541614	5.448357	5.914643
42296	-8.731593	5.469971	5.545410
42297	-8.974409	5.426274	4.824203
42298	-9.247189	5.268473	3.716003
42299	-9.526600	4.893115	2.340904
42300	-9.756347	4.247273	0.826391
42301	-9.877436	3.316912	-0.782045
42302	-9.843177	2.129621	-2.511704
42303	-9.577370	0.745144	-4.317738
42304	-9.037950	-0.824496	-5.998589
42305	-8.183944	-2.408507	-7.497425
42306	-7.082094	-3.834207	-8.849748
42307	-5.792028	-5.072631	-9.800855
42308	-4.420259	-6.186911	-10.336332
42309	-2.996634	-7.198135	-10.590217
42310	-1.648972	-8.184646	-10.576291
42311	-0.422804	-9.204372	-10.283271
42312	0.711126	-10.308340	-9.874403
42313	1.849956	-11.342009	-9.582641
42314	3.038215	-12.174068	-9.566730
42315	4.266004	-12.771246	-9.900963
42316	5.510026	-13.168148	-10.545430
42317	6.756909	-13.429793	-11.352870
42318	8.004911	-13.659375	-12.283697
42319	9.245603	-13.909459	-13.230207
42320	10.460945	-14.195017	-14.104018
42321	11.637445	-14.402762	-14.867833
42322	12.753965	-14.571942	-15.472967
42323	13.807663	-14.696175	-15.945766
42324	14.812925	-14.778394	-16.290047
42325	15.733198	-14.853545	-16.481232
42326	16.614735	-14.974665	-16.544470
42327	17.499699	-15.161002	-16.563010
42328	18.419879	-15.371424	-16.560988
42329	19.362629	-15.541168	-16.580686
42330	20.330309	-15.655842	-16.664751
42331	21.292748	-15.674677	-16.817395
42332	22.215050	-15.612980	-17.035615
42333	23.063998	-15.423982	-17.276400
42334	23.827499	-15.137971	-17.521691
42335	24.476315	-14.769448	-17.740057
42336	25.045314	-14.340693	-17.908726
42337	25.529983	-13.880175	-18.014813
42338	26.016400	-13.415348	-18.021276
42339	26.452310	-12.930109	-17.958600
42340	26.821458	-12.469089	-17.800031
42341	27.108166	-12.070494	-17.561858
42342	27.358415	-11.707690	-17.290101
42343	27.611272	-11.350359	-17.063112
42344	27.816019	-10.976721	-16.953699
42345	27.995612	-10.552969	-16.921457
42346	28.104857	-10.171355	-16.907380
42347	28.121767	-9.844379	-16.931520
42348	28.065602	-9.571375	-16.967544
42349	27.934570	-9.411938	-16.852564
42350	27.666584	-9.559424	-16.418100
42351	27.189750	-10.130765	-15.538490
42352	26.597784	-10.867092	-14.179335
42353	25.947391	-11.373190	-12.636557
42354	25.239672	-11.071316	-11.680852
42355	24.506341	-9.570662	-11.627232
42356	23.809427	-8.163472	-10.815764
42357	23.095030	-8.562232	-8.669446
42358	22.438875	-9.826569	-6.741389
42359	21.785871	-10.898757	-5.160616
42360	21.392252	-11.823137	-3.507182
42361	21.040501	-12.315824	-2.070672
42362	20.695121	-12.458943	-1.026544
42363	20.316474	-12.378984	0.016469
42364	19.626024	-12.015077	0.759973
42365	18.655681	-11.546500	1.129460
42366	17.681801	-10.933857	1.259092
42367	16.841947	-10.293136	1.248220
42368	16.128104	-9.739439	1.185086
42369	15.484974	-9.284638	1.072738
42370	14.817513	-8.843293	0.884593
42371	14.080163	-8.328043	0.580155
42372	13.216575	-7.766403	0.242329
42373	12.248016	-7.169397	-0.072892
42374	11.233908	-6.520091	-0.345568
42375	10.235660	-5.883260	-0.587933
42376	9.252042	-5.319884	-0.805625
42377	8.282288	-4.851930	-1.012311
42378	7.318345	-4.418590	-1.225126
42379	6.356246	-3.953884	-1.483820
42380	5.360079	-3.479683	-1.801015
42381	4.364007	-3.031094	-2.168548
42382	3.379392	-2.614173	-2.560065
42383	2.401677	-2.231349	-2.915022
42384	1.424658	-1.892220	-3.170788
42385	0.457070	-1.564799	-3.300896
42386	-0.477969	-1.253454	-3.302408
42387	-1.362074	-0.954511	-3.137887
42388	-2.177030	-0.646570	-2.802189
42389	-2.895618	-0.305882	-2.334332
42390	-3.501950	0.090611	-1.815203
42391	-4.008896	0.553096	-1.271827
42392	-4.455665	1.046028	-0.696972
42393	-4.856825	1.567894	-0.082674
42394	-5.220259	2.131723	0.580568
42395	-5.561601	2.710018	1.259221
42396	-5.899016	3.279677	1.911782
42397	-6.222383	3.810391	2.539330
42398	-6.533001	4.288155	3.132881
42399	-6.822615	4.708237	3.665021
42400	-7.084177	5.090087	4.104749
42401	-7.310298	5.434404	4.440696
42402	-7.481291	5.726468	4.711135
42403	-7.611324	5.956027	4.928948
42404	-7.750047	6.085041	5.087663
42405	-7.912506	6.129276	5.120530
42406	-8.122868	6.108809	4.949925
42407	-8.381750	6.044386	4.510312
42408	-8.669591	5.940447	3.720984
42409	-8.961493	5.740495	2.640905
42410	-9.226813	5.341747	1.371732
42411	-9.409297	4.700830	0.019276
42412	-9.454606	3.824716	-1.416090
42413	-9.297059	2.755382	-2.918836
42414	-8.919073	1.433181	-4.437001
42415	-8.259719	-0.049453	-5.812166
42416	-7.347370	-1.482936	-7.121028
42417	-6.191949	-2.823081	-8.073325
42418	-4.843907	-4.134193	-8.540556
42419	-3.394576	-5.330537	-8.614344
42420	-1.979783	-6.384790	-8.366649
42421	-0.761756	-7.426715	-7.867275
42422	0.266122	-8.545885	-7.242635
42423	1.253639	-9.687269	-6.741021
42424	2.382276	-10.651398	-6.572263
42425	3.633468	-11.304657	-6.797088
42426	4.968991	-11.708907	-7.402546
42427	6.309509	-11.968537	-8.263345
42428	7.632800	-12.181021	-9.223415
42429	8.912183	-12.406591	-10.187752
42430	10.131723	-12.701183	-11.079915
42431	11.304211	-12.932048	-11.840155
42432	12.432036	-13.110987	-12.464428
42433	13.489039	-13.217545	-12.930930
42434	14.497280	-13.256998	-13.218575
42435	15.444822	-13.291329	-13.348809
42436	16.391168	-13.380361	-13.372429
42437	17.302158	-13.609766	-13.315635
42438	18.225265	-13.912443	-13.207814
42439	19.185968	-14.210628	-13.064174
42440	20.180851	-14.447441	-12.942568
42441	21.168844	-14.646650	-12.898544
42442	22.122543	-14.773830	-12.921791
42443	23.021972	-14.766455	-13.005487
42444	23.825581	-14.636862	-13.162467
42445	24.495847	-14.420526	-13.350289
42446	25.012110	-14.139859	-13.545841
42447	25.466285	-13.776555	-13.742608
42448	25.864576	-13.355340	-13.860650
42449	26.208429	-12.881508	-13.883009
42450	26.499281	-12.373591	-13.800612
42451	26.776625	-11.874761	-13.603386
42452	27.023433	-11.448997	-13.243748
42453	27.275633	-11.077863	-12.800637
42454	27.487739	-10.828945	-12.427442
42455	27.656722	-10.706558	-12.175005
42456	27.784104	-10.636626	-12.002452
42457	27.810978	-10.607746	-11.855006
42458	27.663760	-10.683060	-11.649121
42459	27.317517	-10.999888	-11.183334
42460	26.818466	-11.631075	-10.297501
42461	26.129640	-12.495670	-8.984333
42462	25.320217	-13.281330	-7.400992
42463	24.463026	-13.553923	-6.009021
42464	23.724183	-12.672818	-5.475926
42465	23.103566	-11.304268	-5.198356
42466	22.458077	-10.842462	-4.040664
42467	21.892342	-11.445236	-2.382227
42468	21.372045	-12.362027	-1.012174
42469	20.937033	-13.047357	0.206376
42470	20.518800	-13.422430	1.450353
42471	20.078095	-13.309339	2.268592
42472	19.543640	-13.070352	2.903752
42473	18.854169	-12.605569	3.465498
42474	17.954769	-12.040745	3.803948
42475	16.987895	-11.402682	3.969400
42476	16.110281	-10.712888	4.052982
42477	15.292848	-10.091808	4.112279
42478	14.496143	-9.633336	4.205866
42479	13.708068	-9.261751	4.317522
42480	12.897754	-8.862026	4.419949
42481	12.047918	-8.377734	4.473351
42482	11.136481	-7.877692	4.522677
42483	10.186687	-7.385103	4.590130
42484	9.255519	-6.870966	4.657839
42485	8.368718	-6.367438	4.698260
42486	7.505168	-5.905634	4.676353
42487	6.678578	-5.451455	4.552481
42488	5.873869	-4.964421	4.321074
42489	5.082128	-4.454761	3.963405
42490	4.279325	-3.938135	3.465113
42491	3.478966	-3.445312	2.869994
42492	2.679696	-3.017793	2.273365
42493	1.894229	-2.661173	1.750252
42494	1.129216	-2.346958	1.339861
42495	0.402459	-2.049608	1.072558
42496	-0.295177	-1.765253	0.968878
42497	-0.958102	-1.482901	0.998977
42498	-1.597687	-1.167918	1.136867
42499	-2.193299	-0.806729	1.376214
42500	-2.734781	-0.391290	1.716821
42501	-3.219513	0.056194	2.115680
42502	-3.657070	0.532701	2.520745
42503	-4.041088	1.017805	2.962869
42504	-4.383032	1.496303	3.479212
42505	-4.695036	1.963700	4.049019
42506	-4.985874	2.427043	4.642372
42507	-5.252081	2.887886	5.248182
42508	-5.495229	3.339189	5.858317
42509	-5.699023	3.774063	6.474774
42510	-5.863774	4.187895	7.091220
42511	-5.990736	4.553955	7.698934
42512	-6.098297	4.895297	8.258452
42513	-6.197384	5.222938	8.736916
42514	-6.308533	5.522659	9.119363
42515	-6.450315	5.795919	9.375313
42516	-6.647418	6.033797	9.471792
42517	-6.900527	6.216901	9.372547
42518	-7.190379	6.335716	9.051105
42519	-7.503669	6.377271	8.410145
42520	-7.824828	6.312301	7.424981
42521	-8.131509	6.063878	6.201113
42522	-8.383949	5.589189	4.854762
42523	-8.555002	4.882997	3.430833
42524	-8.616767	3.944149	1.904934
42525	-8.500826	2.812846	0.321985
42526	-8.131149	1.491153	-1.220684
42527	-7.485921	0.076749	-2.585397
42528	-6.557901	-1.242842	-3.807282
42529	-5.412021	-2.500493	-4.723372
42530	-4.097488	-3.754477	-5.311954
42531	-2.683769	-4.887571	-5.655978
42532	-1.291905	-5.901046	-5.758285
42533	-0.065471	-6.894115	-5.602307
42534	1.056120	-7.935037	-5.232853
42535	2.154120	-9.035558	-4.911914
42536	3.325103	-10.048373	-4.914322
42537	4.620884	-10.776011	-5.290377
42538	5.978767	-11.266306	-5.915453
42539	7.326024	-11.599550	-6.699296
42540	8.632967	-11.893690	-7.456764
42541	9.820980	-12.313113	-8.102986
42542	10.944947	-12.771351	-8.545462
42543	12.054326	-13.178587	-8.792689
42544	13.151857	-13.594141	-8.853943
42545	14.245667	-14.025038	-8.821041
42546	15.388415	-14.392509	-8.766487
42547	16.566396	-14.750944	-8.750860
42548	17.726973	-15.158456	-8.818540
42549	18.821336	-15.608735	-8.911925
42550	19.912532	-15.992977	-9.013371
42551	21.023225	-16.205518	-9.195827
42552	22.124306	-16.249009	-9.499226
42553	23.104342	-16.136899	-9.933115
42554	23.973138	-15.819843	-10.495097
42555	24.693695	-15.323387	-11.138772
42556	25.261034	-14.694703	-11.767560
42557	25.676704	-14.047666	-12.367263
42558	25.934586	-13.440007	-12.865048
42559	26.069480	-12.868522	-13.175749
42560	26.109471	-12.308199	-13.311892
42561	26.082483	-11.799849	-13.270862
42562	26.069248	-11.327263	-12.993037
42563	26.144045	-10.977609	-12.462961
42564	26.314561	-10.790937	-11.712604
42565	26.572711	-10.703708	-10.836014
42566	26.934112	-10.614779	-9.981876
42567	27.289547	-10.531372	-9.364499
42568	27.457908	-10.482694	-9.085879
42569	27.416812	-10.453505	-9.056112
42570	27.180140	-10.521695	-9.010941
42571	26.731165	-10.918143	-8.647234
42572	26.118392	-11.723831	-7.769110
42573	25.423761	-12.669304	-6.491999
42574	24.797052	-12.988658	-5.145081
42575	24.269637	-12.613632	-4.067933
42576	23.666756	-12.456737	-3.076421
42577	23.168119	-12.648292	-2.151069
42578	22.782693	-13.018107	-1.261436
42579	22.369403	-13.347193	-0.432775
42580	21.894649	-13.399850	0.249765
42581	21.265680	-13.235907	0.882072
42582	20.580770	-12.861520	1.546813
42583	19.759917	-12.385463	2.127774
42584	18.858562	-11.879507	2.549658
42585	17.967741	-11.390433	2.931356
42586	17.124207	-10.873154	3.284476
42587	16.314929	-10.374375	3.657140
42588	15.495972	-9.909206	4.066279
42589	14.660502	-9.466451	4.449281
42590	13.823737	-9.007142	4.786773
42591	12.999914	-8.515794	5.070420
42592	12.169030	-8.021157	5.302778
42593	11.321363	-7.562435	5.533571
42594	10.474400	-7.111626	5.764401
42595	9.658374	-6.661096	5.966140
42596	8.873032	-6.201934	6.115368
42597	8.102117	-5.753000	6.213604
42598	7.325740	-5.283955	6.267381
42599	6.544644	-4.799343	6.273569
42600	5.748332	-4.310475	6.219716
42601	4.959893	-3.842189	6.096625
42602	4.184066	-3.403245	5.933211
42603	3.421557	-2.999410	5.772809
42604	2.661460	-2.601148	5.634122
42605	1.893872	-2.206885	5.527704
42606	1.119913	-1.830756	5.465881
42607	0.367795	-1.481153	5.448063
42608	-0.364258	-1.136145	5.464443
42609	-1.050707	-0.782682	5.505339
42610	-1.678409	-0.400997	5.576372
42611	-2.245967	0.008081	5.673031
42612	-2.766934	0.439947	5.792621
42613	-3.255844	0.899734	5.916257
42614	-3.735170	1.394059	6.069023
42615	-4.180550	1.906575	6.247855
42616	-4.627282	2.438074	6.423001
42617	-5.077236	2.968075	6.613016
42618	-5.533013	3.490707	6.842475
42619	-5.972464	4.009945	7.102723
42620	-6.379816	4.525897	7.391104
42621	-6.723844	4.999216	7.734520
42622	-7.008059	5.402741	8.098324
42623	-7.239925	5.728888	8.444500
42624	-7.418454	6.003839	8.766154
42625	-7.567219	6.222218	9.056692
42626	-7.728339	6.402477	9.264373
42627	-7.923768	6.561701	9.323867
42628	-8.144845	6.698065	9.227020
42629	-8.388594	6.791267	8.930704
42630	-8.637771	6.799161	8.339155
42631	-8.909323	6.655217	7.372004
42632	-9.179033	6.295053	6.103803
42633	-9.404891	5.686292	4.662020
42634	-9.535403	4.853383	3.074366
42635	-9.554510	3.814207	1.313274
42636	-9.371123	2.611160	-0.450328
42637	-8.939463	1.232788	-2.034713
42638	-8.202240	-0.113440	-3.535810
42639	-7.169989	-1.383687	-4.777702
42640	-5.866552	-2.608123	-5.673753
42641	-4.420514	-3.810702	-6.277502
42642	-2.936090	-4.903244	-6.655410
42643	-1.589676	-5.895587	-6.784541
42644	-0.384194	-6.855602	-6.642572
42645	0.765988	-7.862835	-6.328826
42646	1.990974	-8.875614	-6.112881
42647	3.341808	-9.747788	-6.259910
42648	4.796267	-10.375993	-6.780113
42649	6.256837	-10.873114	-7.520926
42650	7.613290	-11.367899	-8.348644
42651	8.811637	-11.932707	-9.059554
42652	9.971382	-12.478755	-9.445124
42653	11.134272	-13.005682	-9.499781
42654	12.277942	-13.538234	-9.319750
42655	13.449990	-14.030110	-9.064708
42656	14.733595	-14.492523	-8.883218
42657	16.060249	-14.993144	-8.827649
42658	17.388191	-15.521120	-8.863773
42659	18.639295	-16.065096	-8.954799
42660	19.884331	-16.537274	-9.098589
42661	21.156403	-16.874376	-9.327003
42662	22.484477	-17.071477	-9.702618
42663	23.743984	-17.063425	-10.266979
42664	24.816798	-16.750210	-11.042638
42665	25.645107	-16.109034	-11.955265
42666	26.270005	-15.247988	-12.892439
42667	26.679373	-14.346084	-13.817662
42668	26.972933	-13.438493	-14.678729
42669	27.141852	-12.572240	-15.411988
42670	27.170344	-11.726881	-15.944960
42671	27.118941	-10.906436	-16.234015
42672	27.044948	-10.152430	-16.169752
42673	27.039551	-9.534890	-15.726787
42674	27.126490	-9.134279	-14.865553
42675	27.346715	-9.012558	-13.638587
42676	27.699863	-9.082419	-12.373302
42677	28.051155	-9.255319	-11.432823
42678	28.206117	-9.560587	-10.970441
42679	28.093081	-9.994065	-10.754515
42680	27.803380	-10.595556	-10.310832
42681	27.320350	-11.404745	-9.466363
42682	26.666639	-12.405782	-8.278714
42683	25.971138	-13.130434	-6.872664
42684	25.336683	-13.124021	-5.529409
42685	24.750967	-12.905155	-4.285698
42686	24.209843	-13.170433	-2.958214
42687	23.890632	-13.669064	-1.893084
42688	23.567016	-14.198692	-0.944076
42689	23.163198	-14.466073	-0.174594
42690	22.669122	-14.364551	0.404850
42691	22.050565	-14.039711	0.981338
42692	21.325627	-13.454688	1.561954
42693	20.450684	-12.754721	2.053385
42694	19.548156	-12.078839	2.434815
42695	18.718681	-11.456693	2.760821
42696	17.953579	-10.891769	3.127166
42697	17.184029	-10.391838	3.565547
42698	16.352671	-9.926841	4.061642
42699	15.462189	-9.440684	4.528977
42700	14.542613	-8.932170	4.925226
42701	13.627368	-8.456364	5.271947
42702	12.751842	-8.050235	5.582927
42703	11.901716	-7.698167	5.900911
42704	11.068824	-7.352316	6.240126
42705	10.252230	-7.011032	6.591017
42706	9.420566	-6.662831	6.912335
42707	8.577867	-6.278138	7.169578
42708	7.723718	-5.827853	7.335819
42709	6.866333	-5.310071	7.368811
42710	6.026711	-4.760314	7.250245
42711	5.217529	-4.229136	7.007040
42712	4.423626	-3.729513	6.696999
42713	3.630829	-3.252530	6.387178
42714	2.812237	-2.792930	6.114710
42715	1.979620	-2.358006	5.923942
42716	1.144132	-1.939861	5.811641
42717	0.334535	-1.519345	5.771586
42718	-0.423932	-1.089776	5.805881
42719	-1.119736	-0.645406	5.896098
42720	-1.734127	-0.161044	6.033849
42721	-2.277221	0.327326	6.252277
42722	-2.770613	0.798330	6.538168
42723	-3.245843	1.305377	6.839791
42724	-3.692755	1.894483	7.134838
42725	-4.112250	2.502812	7.437236
42726	-4.533189	3.067255	7.752932
42727	-4.938909	3.571344	8.058526
42728	-5.312900	4.014650	8.374106
42729	-5.631908	4.373987	8.724852
42730	-5.885630	4.686257	9.070656
42731	-6.090830	4.968594	9.371050
42732	-6.272764	5.255137	9.559085
42733	-6.465676	5.514375	9.653146
42734	-6.682623	5.739662	9.673859
42735	-6.941300	5.921359	9.619309
42736	-7.216832	6.074851	9.477255
42737	-7.505736	6.174693	9.198447
42738	-7.805764	6.195007	8.749902
42739	-8.109108	6.133479	8.072538
42740	-8.412113	6.007815	7.066680
42741	-8.712238	5.738038	5.765664
42742	-8.981051	5.210349	4.346776
42743	-9.153879	4.454437	2.917609
42744	-9.164824	3.515827	1.423956
42745	-8.986280	2.380008	-0.139278
42746	-8.573988	1.048420	-1.641061
42747	-7.941994	-0.358057	-3.128124
42748	-7.054888	-1.724240	-4.480030
42749	-5.862764	-2.995144	-5.433364
42750	-4.417159	-4.246755	-6.032332
42751	-2.853015	-5.447048	-6.432780
42752	-1.314061	-6.529476	-6.625391
42753	0.012903	-7.572818	-6.525026
42754	1.147804	-8.610884	-6.189566
42755	2.198105	-9.642635	-5.776893
42756	3.325351	-10.590102	-5.597321
42757	4.589678	-11.323893	-5.819635
42758	5.993125	-11.766338	-6.402151
42759	7.426362	-11.979159	-7.216294
42760	8.761548	-12.138927	-8.160427
42761	9.993866	-12.345834	-9.047676
42762	11.145429	-12.605589	-9.767121
42763	12.246817	-12.924387	-10.248870
42764	13.348436	-13.222956	-10.455182
42765	14.414033	-13.478604	-10.429865
42766	15.474527	-13.768741	-10.304079
42767	16.529491	-14.056993	-10.142709
42768	17.624905	-14.357827	-10.020556
42769	18.696093	-14.747355	-9.960044
42770	19.761416	-15.121695	-9.890091
42771	20.847803	-15.399171	-9.815873
42772	21.909119	-15.588663	-9.811442
42773	22.892264	-15.717057	-9.894035
42774	23.753636	-15.735474	-10.069262
42775	24.502275	-15.553732	-10.329571
42776	25.134494	-15.212354	-10.640962
42777	25.643566	-14.766794	-11.000541
42778	26.076791	-14.241653	-11.382284
42779	26.407732	-13.678313	-11.753625
42780	26.621162	-13.120920	-12.088354
42781	26.787304	-12.595993	-12.347519
42782	26.920307	-12.076757	-12.516338
42783	27.020899	-11.580387	-12.571828
42784	27.112481	-11.082821	-12.438235
42785	27.261911	-10.629832	-12.025705
42786	27.508739	-10.234529	-11.405377
42787	27.896196	-9.868955	-10.643354
42788	28.325857	-9.567948	-9.929659
42789	28.696643	-9.370982	-9.472028
42790	28.923313	-9.288814	-9.342001
42791	28.919344	-9.386290	-9.412878
42792	28.756091	-9.698910	-9.397341
42793	28.435357	-10.274981	-9.043066
42794	27.924930	-11.223416	-8.187026
42795	27.252052	-12.392846	-6.849001
42796	26.524055	-13.189651	-5.267055
42797	25.780888	-12.969366	-4.169971
42798	25.124958	-11.886115	-3.801203
42799	24.422676	-11.304368	-3.359395
42800	23.893172	-11.568526	-2.288203
42801	23.519493	-12.287221	-1.123948
42802	23.089366	-12.912581	-0.186630
42803	22.655556	-13.164477	0.618797
42804	22.105189	-13.139640	1.464765
42805	21.515746	-12.977879	2.320989
42806	20.783231	-12.662562	3.047865
42807	19.960120	-12.160374	3.634452
42808	19.101974	-11.587210	4.076612
42809	18.281562	-10.950867	4.351435
42810	17.519647	-10.327530	4.606096
42811	16.766986	-9.780769	4.868973
42812	16.018234	-9.292075	5.081655
42813	15.275311	-8.835083	5.235479
42814	14.491779	-8.398571	5.361228
42815	13.654023	-7.965925	5.477610
42816	12.771374	-7.534061	5.578404
42817	11.878210	-7.095414	5.682843
42818	11.021307	-6.675332	5.764748
42819	10.225053	-6.293699	5.779788
42820	9.439568	-5.912446	5.729580
42821	8.649350	-5.487665	5.612520
42822	7.856030	-5.016210	5.416173
42823	7.055021	-4.539280	5.115310
42824	6.248026	-4.087313	4.724201
42825	5.440889	-3.679790	4.295441
42826	4.624290	-3.281635	3.872624
42827	3.795447	-2.871890	3.470673
42828	2.930391	-2.464020	3.106876
42829	2.043637	-2.087730	2.840240
42830	1.166009	-1.744031	2.686771
42831	0.338826	-1.428770	2.652328
42832	-0.422875	-1.135981	2.748871
42833	-1.104988	-0.847634	2.981346
42834	-1.708618	-0.538232	3.325777
42835	-2.238080	-0.183793	3.741007
42836	-2.716351	0.207065	4.189935
42837	-3.156946	0.610681	4.661125
42838	-3.591328	1.050457	5.131014
42839	-4.025035	1.560095	5.569926
42840	-4.466255	2.114406	5.970069
42841	-4.927812	2.697819	6.317173
42842	-5.402763	3.293316	6.607303
42843	-5.867747	3.873490	6.853275
42844	-6.310748	4.446018	7.036928
42845	-6.716518	4.993436	7.175635
42846	-7.075578	5.474965	7.309470
42847	-7.399302	5.874264	7.432619
42848	-7.707863	6.205987	7.502161
42849	-7.999921	6.526253	7.511719
42850	-8.272762	6.847706	7.439818
42851	-8.550714	7.118076	7.266344
42852	-8.849964	7.330314	6.972897
42853	-9.166370	7.475885	6.542318
42854	-9.489524	7.553349	5.982265
42855	-9.815748	7.576227	5.258112
42856	-10.143192	7.525419	4.368157
42857	-10.457310	7.341161	3.377957
42858	-10.732609	6.958587	2.379348
42859	-10.946488	6.382627	1.386797
42860	-11.062372	5.624210	0.390140
42861	-11.057439	4.654635	-0.642000
42862	-10.873068	3.508092	-1.679049
42863	-10.489314	2.181918	-2.580759
42864	-9.860142	0.813004	-3.380030
42865	-8.982683	-0.529864	-4.115762
42866	-7.837437	-1.882149	-4.744173
42867	-6.409020	-3.223515	-5.258912
42868	-4.761499	-4.508602	-5.654865
42869	-3.105810	-5.717371	-5.876613
42870	-1.671297	-6.891407	-5.831946
42871	-0.516969	-8.040225	-5.591420
42872	0.544837	-9.131546	-5.440752
42873	1.713475	-10.034842	-5.686708
42874	3.108056	-10.667774	-6.389112
42875	4.632638	-11.109173	-7.409514
42876	6.178161	-11.452531	-8.595081
42877	7.633070	-11.814324	-9.833218
42878	8.991602	-12.194456	-10.990194
42879	10.290303	-12.622723	-11.896394
42880	11.550038	-13.011063	-12.516165
42881	12.802308	-13.290738	-12.907174
42882	14.053927	-13.492769	-13.151605
42883	15.291696	-13.656716	-13.297509
42884	16.521365	-13.763710	-13.334760
42885	17.688270	-13.919800	-13.303061
42886	18.811988	-14.178608	-13.218298
42887	19.874666	-14.515888	-13.094140
42888	20.920112	-14.879550	-12.940234
42889	21.994258	-15.134426	-12.801951
42890	23.034866	-15.205414	-12.697334
42891	24.030677	-15.182120	-12.721171
42892	24.909181	-15.037657	-12.879077
42893	25.667059	-14.746242	-13.137878
42894	26.266168	-14.336218	-13.450397
42895	26.656414	-13.855312	-13.789498
42896	26.915022	-13.265397	-14.162715
42897	27.120720	-12.569883	-14.450636
42898	27.231836	-11.838634	-14.560008
42899	27.234779	-11.124302	-14.546880
42900	27.219224	-10.426290	-14.360643
42901	27.239967	-9.788785	-13.884966
42902	27.444979	-9.238742	-13.078124
42903	27.824856	-8.840633	-12.013805
42904	28.355098	-8.628369	-11.005599
42905	28.851293	-8.519075	-10.471023
42906	29.093606	-8.470000	-10.483289
42907	29.068440	-8.506568	-10.714108
42908	28.848016	-8.673961	-10.783046
42909	28.456505	-9.117640	-10.441530
42910	27.859441	-9.893994	-9.538094
42911	27.099102	-11.030503	-8.012705
42912	26.259044	-12.195050	-6.037641
42913	25.425060	-12.602574	-4.213476
42914	24.773786	-11.739790	-3.341747
42915	24.191880	-10.819389	-2.981008
42916	23.690207	-10.852045	-1.970021
42917	23.419279	-11.604228	-0.339434
42918	23.016635	-12.543697	1.073790
42919	22.553185	-13.080649	2.128050
42920	22.158765	-13.296119	3.175973
42921	21.713696	-13.265327	4.114130
42922	21.171087	-13.127637	4.894172
42923	20.410499	-12.768541	5.449620
42924	19.518446	-12.213251	5.788474
42925	18.647564	-11.485226	5.860108
42926	17.848920	-10.682013	5.748016
42927	17.104581	-9.972450	5.604460
42928	16.349923	-9.418141	5.450187
42929	15.590881	-8.923280	5.284916
42930	14.767223	-8.416637	5.127377
42931	13.861344	-7.881483	4.951961
42932	12.867882	-7.366748	4.798412
42933	11.841816	-6.883872	4.712747
42934	10.826750	-6.392483	4.667544
42935	9.869475	-5.909004	4.632355
42936	8.970720	-5.489681	4.579950
42937	8.131231	-5.078864	4.461929
42938	7.330676	-4.638274	4.270373
42939	6.533620	-4.197573	3.996325
42940	5.735272	-3.757580	3.633087
42941	4.944141	-3.346322	3.206748
42942	4.147007	-3.012370	2.781834
42943	3.384039	-2.706351	2.416497
42944	2.639345	-2.403881	2.112313
42945	1.908463	-2.102660	1.877948
42946	1.185448	-1.806099	1.727744
42947	0.495404	-1.508183	1.657291
42948	-0.160410	-1.203778	1.677119
42949	-0.787543	-0.892985	1.796212
42950	-1.385060	-0.529917	1.994219
42951	-1.943093	-0.110320	2.241890
42952	-2.465393	0.336049	2.499735
42953	-2.930794	0.825315	2.773153
42954	-3.379837	1.341783	3.041340
42955	-3.840064	1.842638	3.296792
42956	-4.308622	2.323348	3.534762
42957	-4.771392	2.789020	3.772125
42958	-5.228530	3.248172	4.019981
42959	-5.662206	3.690096	4.279814
42960	-6.067186	4.098373	4.542203
42961	-6.423874	4.488324	4.803756
42962	-6.718498	4.873311	5.090506
42963	-6.938852	5.266939	5.433650
42964	-7.111052	5.657504	5.810267
42965	-7.284406	6.021130	6.138423
42966	-7.482417	6.361279	6.386291
42967	-7.732930	6.676100	6.486138
42968	-8.027126	6.969676	6.407503
42969	-8.350299	7.229634	6.154098
42970	-8.687244	7.426910	5.734524
42971	-9.021818	7.546367	5.137344
42972	-9.359199	7.564846	4.321573
42973	-9.685349	7.428970	3.306087
42974	-9.961591	7.063380	2.229410
42975	-10.160711	6.478296	1.140884
42976	-10.257225	5.695679	0.015494
42977	-10.224089	4.690393	-1.153076
42978	-10.014623	3.462047	-2.310377
42979	-9.568825	2.110307	-3.378528
42980	-8.859965	0.659972	-4.259848
42981	-7.882948	-0.753751	-5.099746
42982	-6.646473	-2.106857	-5.850558
42983	-5.213876	-3.423683	-6.375257
42984	-3.676421	-4.678590	-6.702902
42985	-2.229900	-5.829464	-6.874885
42986	-0.990334	-6.934017	-6.853513
42987	0.092229	-8.003159	-6.665880
42988	1.171947	-9.017650	-6.519521
42989	2.360743	-9.931466	-6.688275
42990	3.690526	-10.644876	-7.241743
42991	5.124532	-11.104369	-8.034988
42992	6.553440	-11.412323	-8.948953
42993	7.893737	-11.755713	-9.956291
42994	9.165109	-12.120532	-10.947928
42995	10.392359	-12.487564	-11.798586
42996	11.583120	-12.924623	-12.464378
42997	12.769989	-13.287142	-12.908980
42998	13.951319	-13.557276	-13.183038
42999	15.101800	-13.767163	-13.331568
43000	16.202131	-14.007264	-13.396052
43001	17.287368	-14.182263	-13.411689
43002	18.342029	-14.400927	-13.374555
43003	19.356963	-14.677535	-13.311287
43004	20.341884	-15.025265	-13.210084
43005	21.307436	-15.359521	-13.057785
43006	22.257914	-15.622863	-12.930414
43007	23.173078	-15.748174	-12.923013
43008	23.985856	-15.711039	-13.072462
43009	24.697486	-15.491698	-13.395729
43010	25.277871	-15.105399	-13.830024
43011	25.726300	-14.613520	-14.291719
43012	26.071209	-14.058912	-14.734811
43013	26.324912	-13.525070	-15.077774
43014	26.481940	-13.037530	-15.239631
43015	26.589747	-12.571087	-15.196236
43016	26.729568	-12.115620	-14.936077
43017	26.977353	-11.704007	-14.395383
43018	27.305861	-11.413438	-13.577652
43019	27.760279	-11.203314	-12.658679
43020	28.266169	-11.028953	-11.959328
43021	28.682376	-10.870863	-11.734968
43022	28.907670	-10.697108	-11.952688
43023	28.912508	-10.458490	-12.401429
43024	28.744888	-10.238184	-12.811259
43025	28.438658	-10.202810	-12.892513
43026	27.892591	-10.550383	-12.479827
43027	27.153151	-11.358362	-11.439865
43028	26.379519	-12.070395	-9.990789
43029	25.706154	-12.135938	-8.550859
43030	25.098528	-12.086880	-7.292326
43031	24.563960	-12.424580	-6.149832
43032	24.146104	-12.933075	-5.193300
43033	23.639006	-13.480301	-4.234761
43034	23.057605	-13.847561	-3.303416
43035	22.408310	-13.928554	-2.450751
43036	21.644294	-13.841402	-1.625754
43037	20.814695	-13.611887	-0.772953
43038	19.885864	-13.201689	-0.067357
43039	18.950981	-12.689259	0.429731
43040	18.092348	-12.138327	0.828598
43041	17.318232	-11.624231	1.211263
43042	16.555287	-11.146014	1.627904
43043	15.783638	-10.639658	2.040586
43044	14.979030	-10.105929	2.398614
43045	14.139809	-9.576422	2.687894
43046	13.257757	-9.070516	2.938544
43047	12.350578	-8.601433	3.135222
43048	11.418993	-8.159456	3.293408
43049	10.545006	-7.706539	3.384580
43050	9.712473	-7.267667	3.409043
43051	8.902846	-6.864209	3.457506
43052	8.081346	-6.492885	3.551182
43053	7.235175	-6.087253	3.643765
43054	6.367712	-5.611631	3.711185
43055	5.488029	-5.095778	3.703953
43056	4.644894	-4.587573	3.590718
43057	3.851160	-4.141916	3.386178
43058	3.031028	-3.724598	3.168101
43059	2.181572	-3.299271	2.960510
43060	1.277119	-2.890857	2.813589
43061	0.347378	-2.529502	2.794391
43062	-0.554617	-2.198498	2.921458
43063	-1.367022	-1.878608	3.161004
43064	-2.075754	-1.544238	3.519768
43065	-2.677222	-1.146052	4.020653
43066	-3.219043	-0.687424	4.575041
43067	-3.727742	-0.169415	5.146739
43068	-4.204343	0.435320	5.731639
43069	-4.677273	1.094836	6.304071
43070	-5.143951	1.828603	6.801983
43071	-5.623351	2.581970	7.208327
43072	-6.106151	3.308049	7.592242
43073	-6.550222	3.983110	8.031472
43074	-6.917238	4.598850	8.520570
43075	-7.198501	5.160282	9.031122
43076	-7.402461	5.654133	9.483518
43077	-7.536544	6.100612	9.817248
43078	-7.633059	6.475136	10.005156
43079	-7.704326	6.763242	10.031662
43080	-7.791538	6.978790	9.849161
43081	-7.969828	7.111692	9.333975
43082	-8.261522	7.235197	8.439033
43083	-8.671870	7.324493	7.212001
43084	-9.118680	7.293807	5.823789
43085	-9.533446	7.066513	4.441682
43086	-9.819871	6.623355	3.127223
43087	-9.948521	5.919174	1.873477
43088	-9.886814	4.916408	0.721668
43089	-9.602374	3.730804	-0.330312
43090	-9.100313	2.462977	-1.359793
43091	-8.484387	1.013893	-2.365551
43092	-7.641237	-0.388220	-3.228855
43093	-6.643858	-1.680379	-4.006300
43094	-5.459654	-2.907040	-4.430747
43095	-4.076379	-4.175881	-4.443884
43096	-2.522975	-5.414419	-4.131583
43097	-0.968799	-6.575096	-3.545816
43098	0.394267	-7.785364	-2.755123
43099	1.504823	-8.963052	-1.996399
43100	2.495009	-10.082908	-1.591044
43101	3.518565	-10.967005	-1.699136
43102	4.687768	-11.579173	-2.220058
43103	5.989906	-11.996190	-3.093283
43104	7.376769	-12.375720	-4.202991
43105	8.776218	-12.689143	-5.472555
43106	10.144335	-12.914078	-6.733583
43107	11.502990	-13.040856	-7.925074
43108	12.804412	-13.152558	-8.978702
43109	14.042992	-13.244378	-9.868069
43110	15.203749	-13.307658	-10.585655
43111	16.265803	-13.352686	-11.090508
43112	17.267153	-13.399790	-11.389223
43113	18.266038	-13.544507	-11.559705
43114	19.214223	-13.915866	-11.656552
43115	20.170823	-14.359296	-11.647648
43116	21.160417	-14.731434	-11.547487
43117	22.156484	-15.002718	-11.489421
43118	23.149225	-15.164847	-11.558561
43119	24.113004	-15.231694	-11.740012
43120	24.965394	-15.146190	-11.981462
43121	25.708147	-14.864813	-12.317427
43122	26.288715	-14.465867	-12.708413
43123	26.747929	-13.971446	-13.030168
43124	27.100969	-13.466771	-13.323747
43125	27.376412	-13.027256	-13.523935
43126	27.606442	-12.627409	-13.524475
43127	27.751885	-12.218732	-13.343445
43128	27.970256	-11.791035	-13.014995
43129	28.283434	-11.327827	-12.537277
43130	28.724212	-10.880964	-11.902168
43131	29.226437	-10.472785	-11.229520
43132	29.617084	-10.242935	-10.845676
43133	29.813899	-10.142917	-10.872911
43134	29.799041	-10.076544	-11.185152
43135	29.608648	-10.178831	-11.404198
43136	29.226268	-10.682334	-11.207494
43137	28.674466	-11.610386	-10.494222
43138	28.008215	-12.663659	-9.300018
43139	27.285929	-13.346435	-7.839062
43140	26.489248	-13.062886	-6.775306
43141	25.750017	-11.982611	-6.178265
43142	24.971372	-11.456517	-5.225175
43143	24.359873	-11.803928	-3.861904
43144	23.859149	-12.577907	-2.623508
43145	23.369160	-13.248345	-1.499890
43146	22.902975	-13.687239	-0.323210
43147	22.358228	-13.698947	0.730946
43148	21.758700	-13.528077	1.741173
43149	21.008281	-13.185854	2.701306
43150	20.140001	-12.711981	3.464000
43151	19.214882	-12.231685	3.993464
43152	18.365361	-11.668966	4.330544
43153	17.562931	-11.110650	4.581923
43154	16.764852	-10.616982	4.790976
43155	15.984590	-10.162419	4.931771
43156	15.204142	-9.718110	4.991933
43157	14.379565	-9.278413	4.971652
43158	13.486800	-8.829035	4.915135
43159	12.547045	-8.361304	4.850218
43160	11.570689	-7.853837	4.765560
43161	10.597404	-7.329772	4.663188
43162	9.631981	-6.821619	4.549135
43163	8.695150	-6.319363	4.393092
43164	7.780066	-5.774840	4.148807
43165	6.863461	-5.203538	3.785383
43166	5.933983	-4.646041	3.293061
43167	5.022931	-4.130079	2.703289
43168	4.121683	-3.688364	2.092267
43169	3.227948	-3.308750	1.503731
43170	2.294134	-2.995671	0.949886
43171	1.385392	-2.681442	0.443287
43172	0.474800	-2.369064	0.049334
43173	-0.387160	-2.066596	-0.195945
43174	-1.177506	-1.746327	-0.289965
43175	-1.878641	-1.390003	-0.257980
43176	-2.498208	-1.011279	-0.100737
43177	-3.040807	-0.611788	0.170417
43178	-3.523289	-0.204731	0.540475
43179	-3.963396	0.227379	0.991067
43180	-4.360106	0.726229	1.477420
43181	-4.730523	1.280431	1.962497
43182	-5.080972	1.833898	2.473285
43183	-5.407795	2.341251	3.023374
43184	-5.711257	2.812904	3.597985
43185	-5.982289	3.277349	4.183118
43186	-6.222007	3.720638	4.753601
43187	-6.423478	4.151347	5.272845
43188	-6.589507	4.564636	5.729577
43189	-6.738652	4.968891	6.094961
43190	-6.884049	5.368088	6.381793
43191	-7.038026	5.753487	6.606437
43192	-7.212040	6.132769	6.720336
43193	-7.454422	6.465831	6.645948
43194	-7.784559	6.733124	6.342281
43195	-8.187304	6.928789	5.825532
43196	-8.644640	7.035023	5.114096
43197	-9.114676	7.079795	4.226968
43198	-9.578324	7.059497	3.129033
43199	-10.007527	6.885645	1.912128
43200	-10.346404	6.499717	0.776708
43201	-10.545059	5.936768	-0.206755
43202	-10.572038	5.168805	-1.099268
43203	-10.436004	4.151624	-1.966139
43204	-10.084109	2.933113	-2.772754
43205	-9.484746	1.613420	-3.478275
43206	-8.680822	0.181853	-4.074952
43207	-7.641254	-1.179402	-4.661925
43208	-6.391773	-2.488202	-5.094933
43209	-4.962867	-3.755224	-5.196303
43210	-3.464754	-4.962451	-5.023719
43211	-2.064545	-6.064790	-4.687791
43212	-0.869892	-7.153182	-4.184267
43213	0.187577	-8.221298	-3.583139
43214	1.226886	-9.303454	-3.142060
43215	2.336796	-10.249337	-3.136856
43216	3.581910	-10.943504	-3.576610
43217	4.935188	-11.378741	-4.302080
43218	6.344314	-11.709652	-5.241986
43219	7.710982	-11.970442	-6.333036
43220	9.040020	-12.193737	-7.414600
43221	10.303937	-12.445264	-8.417582
43222	11.539865	-12.707060	-9.265927
43223	12.744973	-12.911599	-9.919102
43224	13.937515	-13.012436	-10.392234
43225	15.045887	-13.095947	-10.746550
43226	16.097665	-13.144283	-10.977628
43227	17.115446	-13.236310	-11.075372
