// General information: 
//  MT Manager version: 2021.4.0 
//  XDA version: 2021.4.0 build 6323 rev 112641 built on 2021-09-28
// Device information: 
//  DeviceId: 00B437E8
//  ProductCode: MTW2-3A7G6
//  Firmware Version: 4.3.4
//  Hardware Version: 1.1.0
// Device settings: 
//  Filter Profile: human(46.1)
//  Option Flags: Orientation Smoother Disabled, Position/Velocity Smoother Disabled, Continuous Zero Rotation Update Disabled, AHS Disabled, ICC Disabled
// Coordinate system: ENU
PacketCounter	Roll	Pitch	Yaw
20667	-0.046608	-0.015989	0.023692
20668	-0.047252	-0.016302	0.023127
20669	-0.048021	-0.016959	0.024007
20670	-0.046228	-0.016065	0.022970
20671	-0.046140	-0.015822	0.023244
20672	-0.047525	-0.016719	0.021856
20673	-0.046924	-0.016981	0.023112
20674	-0.046566	-0.016495	0.021813
20675	-0.047085	-0.015949	0.022472
20676	-0.046601	-0.016832	0.022347
20677	-0.046540	-0.015129	0.021243
20678	-0.048186	-0.016245	0.021418
20679	-0.046590	-0.016234	0.020256
20680	-0.047060	-0.017159	0.022256
20681	-0.047608	-0.017510	0.021560
20682	-0.047511	-0.017244	0.021824
20683	-0.047401	-0.017665	0.020650
20684	-0.048045	-0.017983	0.020090
20685	-0.047704	-0.017242	0.018742
20686	-0.047914	-0.017952	0.019182
20687	-0.047081	-0.016725	0.017517
20688	-0.046162	-0.018002	0.018395
20689	-0.047452	-0.018146	0.018373
20690	-0.046354	-0.017082	0.017902
20691	-0.046944	-0.017321	0.017300
20692	-0.047588	-0.017640	0.016743
20693	-0.047655	-0.015872	0.015958
20694	-0.047250	-0.014633	0.016050
20695	-0.047791	-0.016394	0.016843
20696	-0.049129	-0.016539	0.016849
20697	-0.048045	-0.015570	0.016589
20698	-0.048254	-0.016283	0.017033
20699	-0.047747	-0.015106	0.016972
20700	-0.047391	-0.014628	0.015680
20701	-0.046864	-0.015511	0.015503
20702	-0.046460	-0.014273	0.015596
20703	-0.047703	-0.014372	0.015459
20704	-0.049088	-0.015279	0.014083
20705	-0.047550	-0.014434	0.014452
20706	-0.047017	-0.014563	0.015722
20707	-0.047719	-0.014699	0.015290
20708	-0.047622	-0.014438	0.015561
20709	-0.048980	-0.014506	0.015603
20710	-0.046366	-0.015164	0.015190
20711	-0.046170	-0.014863	0.015316
20712	-0.045460	-0.012652	0.015235
20713	-0.046842	-0.013528	0.014011
20714	-0.047132	-0.012116	0.014669
20715	-0.046233	-0.012024	0.014209
20716	-0.046135	-0.011764	0.014482
20717	-0.045878	-0.011451	0.014500
20718	-0.045523	-0.010978	0.013213
20719	-0.044565	-0.012342	0.014067
20720	-0.044467	-0.012084	0.014341
20721	-0.044430	-0.011739	0.014694
20722	-0.043640	-0.011657	0.014407
20723	-0.044600	-0.010899	0.014237
20724	-0.044809	-0.011617	0.014691
20725	-0.043665	-0.011458	0.012782
20726	-0.043873	-0.012177	0.013236
20727	-0.044201	-0.013904	0.013500
20728	-0.042717	-0.014001	0.012654
20729	-0.044731	-0.013920	0.013170
20730	-0.044633	-0.013664	0.013448
20731	-0.045003	-0.012922	0.012727
20732	-0.044213	-0.012843	0.012443
20733	-0.043401	-0.012548	0.011956
20734	-0.046430	-0.013325	0.013275
20735	-0.046347	-0.013004	0.013634
20736	-0.043428	-0.012694	0.013050
20737	-0.045392	-0.012718	0.013689
20738	-0.044470	-0.014007	0.014585
20739	-0.045009	-0.014328	0.013875
20740	-0.044524	-0.015227	0.013773
20741	-0.043637	-0.015108	0.013352
20742	-0.043845	-0.015830	0.013811
20743	-0.043732	-0.016316	0.012583
20744	-0.045070	-0.016473	0.012604
20745	-0.044292	-0.015442	0.013832
20746	-0.044756	-0.016378	0.015853
20747	-0.045026	-0.017009	0.016390
20748	-0.044928	-0.016757	0.016672
20749	-0.045525	-0.016370	0.017682
20750	-0.046607	-0.016315	0.016145
20751	-0.044441	-0.015267	0.013299
20752	-0.044853	-0.015440	0.016703
20753	-0.044869	-0.015045	0.017192
20754	-0.044771	-0.014794	0.017476
20755	-0.044482	-0.015935	0.018954
20756	-0.045127	-0.016272	0.018418
20757	-0.045142	-0.016563	0.020270
20758	-0.043914	-0.016880	0.020993
20759	-0.045267	-0.016873	0.021027
20760	-0.044610	-0.015436	0.019571
20761	-0.043575	-0.016719	0.020297
20762	-0.043478	-0.016470	0.020583
20763	-0.043381	-0.016183	0.020910
20764	-0.042591	-0.016112	0.020635
20765	-0.041375	-0.015967	0.018651
20766	-0.043627	-0.019058	0.019221
20767	-0.041968	-0.017624	0.021049
20768	-0.041972	-0.018907	0.018576
20769	-0.041776	-0.018523	0.018695
20770	-0.042116	-0.017887	0.017983
20771	-0.041625	-0.018695	0.017850
20772	-0.041966	-0.018059	0.017139
20773	-0.041910	-0.016647	0.016306
20774	-0.041240	-0.018155	0.018775
20775	-0.042858	-0.016417	0.015133
20776	-0.041273	-0.014995	0.017060
20777	-0.041583	-0.016749	0.017475
20778	-0.041097	-0.017659	0.017385
20779	-0.040942	-0.018067	0.016168
20780	-0.040844	-0.017822	0.016459
20781	-0.039981	-0.017734	0.016157
20782	-0.039630	-0.017279	0.014888
20783	-0.040976	-0.017144	0.014772
20784	-0.038937	-0.016069	0.012200
20785	-0.040930	-0.017065	0.013999
20786	-0.040579	-0.016611	0.012730
20787	-0.041149	-0.016789	0.011971
20788	-0.040663	-0.017701	0.011885
20789	-0.039450	-0.018050	0.012761
20790	-0.040535	-0.018007	0.011237
20791	-0.038885	-0.016568	0.013041
20792	-0.040222	-0.016735	0.013078
20793	-0.039450	-0.016617	0.012833
20794	-0.040095	-0.016963	0.012310
20795	-0.039539	-0.017934	0.012326
20796	-0.039441	-0.017692	0.012621
20797	-0.039119	-0.019755	0.012598
20798	-0.037889	-0.020081	0.013333
20799	-0.038727	-0.019077	0.011811
20800	-0.038577	-0.018069	0.013485
20801	-0.038007	-0.016837	0.013257
20802	-0.038652	-0.017186	0.012736
20803	-0.038942	-0.016504	0.011937
20804	-0.038152	-0.016443	0.011673
20805	-0.039046	-0.017078	0.012869
20806	-0.040132	-0.017040	0.011350
20807	-0.040000	-0.017603	0.010157
20808	-0.039849	-0.016595	0.011832
20809	-0.038332	-0.016617	0.010944
20810	-0.038234	-0.016378	0.011242
20811	-0.037245	-0.015959	0.009526
20812	-0.037147	-0.015721	0.009825
20813	-0.037301	-0.014976	0.007840
20814	-0.038061	-0.016901	0.010068
20815	-0.036440	-0.015569	0.012023
20816	-0.036395	-0.016101	0.010947
20817	-0.037582	-0.018486	0.010742
20818	-0.038227	-0.018839	0.010227
20819	-0.038036	-0.018764	0.010355
20820	-0.038682	-0.019118	0.009841
20821	-0.039087	-0.018411	0.009271
20822	-0.038410	-0.019928	0.011757
20823	-0.039615	-0.020350	0.011711
20824	-0.041005	-0.021295	0.010382
20825	-0.040057	-0.021453	0.010013
20826	-0.039570	-0.022375	0.009940
20827	-0.038791	-0.022023	0.009540
20828	-0.039134	-0.021401	0.008844
20829	-0.037272	-0.020486	0.007616
20830	-0.038912	-0.021640	0.007850
20831	-0.037823	-0.022192	0.009973
20832	-0.039214	-0.023139	0.008647
20833	-0.039344	-0.023805	0.008971
20834	-0.038858	-0.024729	0.008901
20835	-0.039445	-0.024049	0.009699
20836	-0.039346	-0.023816	0.010004
20837	-0.040779	-0.024407	0.011509
20838	-0.040431	-0.023967	0.010254
20839	-0.039700	-0.022488	0.008581
20840	-0.041590	-0.023852	0.010378
20841	-0.040592	-0.023381	0.008621
20842	-0.040493	-0.023149	0.008928
20843	-0.040998	-0.022771	0.009724
20844	-0.040900	-0.022539	0.010032
20845	-0.041343	-0.023503	0.012153
20846	-0.040995	-0.023066	0.010901
20847	-0.043879	-0.019823	0.016156
20848	-0.045274	-0.020770	0.014839
20849	-0.044947	-0.020329	0.013782
20850	-0.045155	-0.021072	0.014279
20851	-0.046665	-0.019776	0.013250
20852	-0.046872	-0.020519	0.013748
20853	-0.048299	-0.019362	0.012581
20854	-0.048561	-0.020878	0.011707
20855	-0.048472	-0.021437	0.010575
20856	-0.047492	-0.021975	0.012888
20857	-0.049087	-0.023057	0.013095
20858	-0.048301	-0.023004	0.012849
20859	-0.048521	-0.022349	0.011926
20860	-0.047595	-0.023661	0.012867
20861	-0.047776	-0.024211	0.013147
20862	-0.045167	-0.024907	0.012782
20863	-0.046511	-0.025798	0.011373
20864	-0.046966	-0.026749	0.013435
20865	-0.045886	-0.025673	0.013054
20866	-0.046784	-0.026239	0.014117
20867	-0.047422	-0.026527	0.013562
20868	-0.047381	-0.027069	0.012506
20869	-0.047681	-0.026555	0.011809
20870	-0.047339	-0.026119	0.010566
20871	-0.047594	-0.026479	0.013862
20872	-0.046118	-0.026611	0.013060
20873	-0.046461	-0.026056	0.012520
20874	-0.046366	-0.025826	0.012838
20875	-0.046196	-0.025504	0.013045
20876	-0.046403	-0.026253	0.013551
20877	-0.046205	-0.024330	0.011148
20878	-0.044921	-0.023893	0.013279
20879	-0.044758	-0.024486	0.012019
20880	-0.046153	-0.025443	0.010715
20881	-0.046496	-0.024759	0.009889
20882	-0.047146	-0.025124	0.009397
20883	-0.047103	-0.024747	0.009756
20884	-0.047309	-0.025497	0.010265
20885	-0.046952	-0.025091	0.009031
20886	-0.047990	-0.024296	0.008911
20887	-0.047853	-0.024832	0.007650
20888	-0.048249	-0.025011	0.011090
20889	-0.047479	-0.024822	0.010849
20890	-0.048375	-0.025392	0.011920
20891	-0.048266	-0.025173	0.012303
20892	-0.048226	-0.025722	0.011255
20893	-0.047598	-0.024082	0.009763
20894	-0.046916	-0.025605	0.012276
20895	-0.049641	-0.025476	0.013578
20896	-0.048221	-0.026391	0.011413
20897	-0.048851	-0.025937	0.012477
20898	-0.048756	-0.025712	0.012801
20899	-0.049299	-0.025829	0.011930
20900	-0.047768	-0.025192	0.012506
20901	-0.046411	-0.025497	0.013037
20902	-0.047506	-0.025482	0.011552
20903	-0.045873	-0.023986	0.013463
20904	-0.045833	-0.024538	0.012420
20905	-0.046418	-0.023971	0.013190
20906	-0.046379	-0.024524	0.012147
20907	-0.046340	-0.024218	0.012588
20908	-0.046545	-0.024974	0.013105
20909	-0.046270	-0.026933	0.013175
20910	-0.047365	-0.026921	0.011692
20911	-0.044464	-0.026601	0.011206
20912	-0.045747	-0.026014	0.012653
20913	-0.045305	-0.026823	0.012681
20914	-0.043830	-0.026966	0.011891
20915	-0.043922	-0.027726	0.012319
20916	-0.043137	-0.027688	0.012089
20917	-0.042768	-0.026480	0.012333
20918	-0.044409	-0.027651	0.012603
20919	-0.042749	-0.026909	0.012869
20920	-0.042653	-0.026688	0.013199
20921	-0.043902	-0.026754	0.013063
20922	-0.044107	-0.027513	0.013585
20923	-0.044506	-0.026774	0.012893
20924	-0.043420	-0.025757	0.012475
20925	-0.044790	-0.025756	0.012636
20926	-0.044393	-0.024557	0.012777
20927	-0.044272	-0.024215	0.013006
20928	-0.045669	-0.025187	0.011721
20929	-0.044367	-0.025600	0.012528
20930	-0.043582	-0.025565	0.012302
20931	-0.044591	-0.026077	0.013657
20932	-0.044942	-0.025475	0.012990
20933	-0.045464	-0.025137	0.013914
20934	-0.045125	-0.024719	0.012689
20935	-0.047271	-0.022568	0.013669
20936	-0.046397	-0.024677	0.013270
20937	-0.045794	-0.024875	0.014658
20938	-0.044320	-0.025025	0.013875
20939	-0.044191	-0.024961	0.014251
20940	-0.044095	-0.024744	0.014587
20941	-0.044799	-0.024960	0.014205
20942	-0.046381	-0.025357	0.015851
20943	-0.046220	-0.025787	0.014522
20944	-0.045582	-0.024391	0.013107
20945	-0.044995	-0.025715	0.015794
20946	-0.045346	-0.025117	0.015131
20947	-0.045684	-0.024521	0.014529
20948	-0.046335	-0.024903	0.014059
20949	-0.045504	-0.024775	0.013851
20950	-0.045708	-0.025541	0.014383
20951	-0.045603	-0.025237	0.014722
20952	-0.046942	-0.025437	0.014812
20953	-0.046114	-0.025403	0.014577
20954	-0.045571	-0.025573	0.015917
20955	-0.047098	-0.024275	0.014880
20956	-0.047449	-0.023679	0.014220
20957	-0.047607	-0.024285	0.014590
20958	-0.047211	-0.023092	0.014737
20959	-0.047232	-0.023483	0.013766
20960	-0.048572	-0.023684	0.013859
20961	-0.047069	-0.023713	0.013028
20962	-0.047661	-0.023317	0.013928
20963	-0.047499	-0.022918	0.014002
20964	-0.048091	-0.022522	0.014902
20965	-0.048315	-0.023196	0.015570
20966	-0.047978	-0.022786	0.014354
20967	-0.047788	-0.022438	0.014522
20968	-0.047750	-0.023009	0.013500
20969	-0.047317	-0.023899	0.013541
20970	-0.047221	-0.023689	0.013885
20971	-0.045723	-0.022859	0.014514
20972	-0.045626	-0.022649	0.014858
20973	-0.046254	-0.022988	0.014373
20974	-0.047235	-0.021429	0.015640
20975	-0.045783	-0.022258	0.013483
20976	-0.045687	-0.022049	0.013828
20977	-0.044955	-0.022627	0.012191
20978	-0.044170	-0.022603	0.011979
20979	-0.044850	-0.022978	0.011687
20980	-0.045442	-0.022585	0.012591
20981	-0.045534	-0.022515	0.014403
20982	-0.045139	-0.021326	0.014555
20983	-0.045196	-0.021876	0.013879
20984	-0.045100	-0.021669	0.014226
20985	-0.046558	-0.020575	0.013120
20986	-0.045774	-0.020553	0.012910
20987	-0.045450	-0.021415	0.013239
20988	-0.045802	-0.020827	0.012587
20989	-0.046033	-0.021675	0.013327
20990	-0.044859	-0.022819	0.012756
20991	-0.044887	-0.023365	0.012005
20992	-0.044791	-0.023159	0.012355
20993	-0.046655	-0.022935	0.011691
20994	-0.046558	-0.022729	0.012041
20995	-0.046502	-0.022396	0.012462
20996	-0.046405	-0.022191	0.012813
20997	-0.045597	-0.022199	0.012703
20998	-0.047235	-0.023389	0.013004
20999	-0.045134	-0.022327	0.010340
21000	-0.044737	-0.024849	0.013085
21001	-0.045701	-0.024165	0.012973
21002	-0.045604	-0.023962	0.013326
21003	-0.045473	-0.023742	0.013636
21004	-0.045225	-0.024902	0.015186
21005	-0.045859	-0.025323	0.014747
21006	-0.046900	-0.024553	0.014658
21007	-0.046672	-0.023472	0.016164
21008	-0.045736	-0.024819	0.017157
21009	-0.046825	-0.024673	0.015583
21010	-0.047178	-0.024089	0.014937
21011	-0.046113	-0.022938	0.014492
21012	-0.046703	-0.022551	0.015406
21013	-0.047252	-0.022148	0.016356
21014	-0.047454	-0.022928	0.016909
21015	-0.046765	-0.020708	0.016970
21016	-0.045829	-0.022056	0.017967
21017	-0.047012	-0.021905	0.016731
21018	-0.046916	-0.021705	0.017088
21019	-0.046728	-0.021536	0.017326
21020	-0.047082	-0.020955	0.016683
21021	-0.048556	-0.023338	0.018117
21022	-0.048161	-0.022158	0.018278
21023	-0.048106	-0.021896	0.018777
21024	-0.047170	-0.023246	0.019777
21025	-0.048190	-0.022569	0.019863
21026	-0.048093	-0.022370	0.020222
21027	-0.047932	-0.022288	0.020650
21028	-0.047599	-0.021896	0.019452
21029	-0.046257	-0.022244	0.020072
21030	-0.046458	-0.023028	0.020631
21031	-0.046457	-0.023492	0.019685
21032	-0.047201	-0.021746	0.019405
21033	-0.046658	-0.021793	0.020745
21034	-0.046714	-0.020234	0.019907
21035	-0.046472	-0.022209	0.020033
21036	-0.045688	-0.022200	0.019837
21037	-0.045499	-0.022109	0.020194
21038	-0.045166	-0.021719	0.018998
21039	-0.045854	-0.020013	0.018595
21040	-0.047851	-0.022983	0.017752
21041	-0.047369	-0.021994	0.017947
21042	-0.047334	-0.022587	0.016952
21043	-0.047800	-0.023616	0.019313
21044	-0.047016	-0.023608	0.019120
21045	-0.048134	-0.025058	0.020324
21046	-0.047206	-0.022707	0.018731
21047	-0.045746	-0.020743	0.015524
21048	-0.046487	-0.018996	0.015242
21049	-0.045605	-0.018948	0.014847
21050	-0.045208	-0.017769	0.015008
21051	-0.046378	-0.018042	0.014880
21052	-0.045592	-0.018031	0.014684
21053	-0.046944	-0.018178	0.014873
21054	-0.047142	-0.018963	0.015435
21055	-0.046437	-0.016803	0.015419
21056	-0.047836	-0.017810	0.014180
21057	-0.046520	-0.018257	0.015015
21058	-0.046420	-0.018060	0.015378
21059	-0.046206	-0.020051	0.015584
21060	-0.045654	-0.020236	0.016949
21061	-0.045962	-0.020780	0.017730
21062	-0.044787	-0.021942	0.017180
21063	-0.044735	-0.021511	0.017502
21064	-0.043199	-0.020902	0.018110
21065	-0.043528	-0.021403	0.018825
21066	-0.043818	-0.020039	0.019547
21067	-0.042657	-0.019909	0.017619
21068	-0.042855	-0.020697	0.018186
21069	-0.043065	-0.021506	0.018882
21070	-0.042731	-0.021120	0.017691
21071	-0.042639	-0.020866	0.018158
21072	-0.042603	-0.021463	0.017168
21073	-0.041336	-0.020923	0.019391
21074	-0.041003	-0.020539	0.018201
21075	-0.041984	-0.019711	0.018110
21076	-0.042415	-0.020693	0.020238
21077	-0.042385	-0.021232	0.019349
21078	-0.042583	-0.022023	0.019919
21079	-0.042495	-0.021771	0.020299
21080	-0.041553	-0.023130	0.021313
21081	-0.042596	-0.023017	0.019742
21082	-0.041810	-0.023014	0.019555
21083	-0.042136	-0.022404	0.018837
21084	-0.042490	-0.021834	0.018207
21085	-0.041833	-0.021627	0.018289
21086	-0.042873	-0.020870	0.018216
21087	-0.042645	-0.020544	0.018281
21088	-0.041702	-0.021904	0.019299
21089	-0.042365	-0.020951	0.017404
21090	-0.042718	-0.020383	0.016776
21091	-0.041554	-0.020708	0.017808
21092	-0.041750	-0.021501	0.018383
21093	-0.041036	-0.021274	0.018319
21094	-0.040640	-0.020103	0.018490
21095	-0.041080	-0.021033	0.020636
21096	-0.043853	-0.021676	0.020528
21097	-0.042762	-0.020495	0.020120
21098	-0.041976	-0.020496	0.019938
21099	-0.042774	-0.019810	0.019442
21100	-0.042971	-0.020606	0.020020
21101	-0.043673	-0.019715	0.018341
21102	-0.045305	-0.020926	0.018679
21103	-0.044580	-0.019605	0.017209
21104	-0.045008	-0.020591	0.019346
21105	-0.044701	-0.020032	0.018132
21106	-0.044601	-0.019846	0.018509
21107	-0.045158	-0.019425	0.019411
21108	-0.045123	-0.020032	0.018433
21109	-0.045191	-0.018239	0.017575
21110	-0.045070	-0.021760	0.020565
21111	-0.045806	-0.019927	0.020251
21112	-0.045835	-0.021330	0.017920
21113	-0.045995	-0.022005	0.018435
21114	-0.046350	-0.021442	0.017813
21115	-0.045486	-0.021425	0.017591
21116	-0.044700	-0.021430	0.017413
21117	-0.045053	-0.021698	0.015483
21118	-0.045184	-0.021704	0.017421
21119	-0.043726	-0.022714	0.015261
21120	-0.043625	-0.022531	0.015642
21121	-0.045347	-0.021491	0.016097
21122	-0.046228	-0.022102	0.017239
21123	-0.045911	-0.021660	0.016128
21124	-0.046857	-0.023066	0.015917
21125	-0.047081	-0.021668	0.016579
21126	-0.048187	-0.021714	0.015163
21127	-0.048176	-0.022236	0.014227
21128	-0.046638	-0.021639	0.014849
21129	-0.047310	-0.021878	0.014492
21130	-0.047600	-0.020524	0.015227
21131	-0.048168	-0.021040	0.014786
21132	-0.049504	-0.021275	0.014930
21133	-0.049245	-0.022418	0.016567
21134	-0.051263	-0.021711	0.013152
21135	-0.049646	-0.020412	0.015216
21136	-0.049611	-0.021027	0.014248
21137	-0.050449	-0.021711	0.015461
21138	-0.049892	-0.021908	0.016847
21139	-0.049755	-0.022574	0.015792
21140	-0.049330	-0.024365	0.014474
21141	-0.049158	-0.026330	0.014867
21142	-0.049674	-0.024413	0.013045
21143	-0.048817	-0.023201	0.011275
21144	-0.049240	-0.024194	0.013425
21145	-0.049882	-0.023652	0.014414
21146	-0.049096	-0.023664	0.014245
21147	-0.048940	-0.024389	0.013155
21148	-0.049295	-0.023835	0.012542
21149	-0.048010	-0.022588	0.010646
21150	-0.049050	-0.021844	0.010590
21151	-0.047943	-0.022626	0.013055
21152	-0.049345	-0.023663	0.011854
21153	-0.049441	-0.021904	0.011114
21154	-0.048949	-0.022902	0.011154
21155	-0.048886	-0.023570	0.010235
21156	-0.049079	-0.024379	0.010832
21157	-0.049248	-0.025138	0.011405
21158	-0.049766	-0.023226	0.009586
21159	-0.048206	-0.021597	0.011613
21160	-0.049608	-0.022637	0.010416
21161	-0.049259	-0.022386	0.009379
21162	-0.050137	-0.023005	0.010534
21163	-0.049952	-0.022836	0.010869
21164	-0.049166	-0.022852	0.010705
21165	-0.047870	-0.023170	0.011495
21166	-0.050347	-0.022846	0.011205
21167	-0.048984	-0.023632	0.009130
21168	-0.048815	-0.022661	0.010873
21169	-0.048649	-0.022639	0.011250
21170	-0.049005	-0.022089	0.010643
21171	-0.048860	-0.021825	0.010959
21172	-0.047779	-0.020859	0.010589
21173	-0.048272	-0.018830	0.008632
21174	-0.047549	-0.020395	0.011237
21175	-0.048345	-0.019491	0.009695
21176	-0.048175	-0.018520	0.011440
21177	-0.048225	-0.018113	0.012049
21178	-0.047439	-0.018133	0.011889
21179	-0.046663	-0.017915	0.011698
21180	-0.047410	-0.016192	0.011442
21181	-0.047070	-0.016717	0.008964
21182	-0.047127	-0.015932	0.012267
21183	-0.047004	-0.017306	0.009622
21184	-0.046054	-0.018688	0.010673
21185	-0.047402	-0.019783	0.009374
21186	-0.047690	-0.018437	0.010120
21187	-0.048964	-0.018655	0.010133
21188	-0.048636	-0.018301	0.008974
21189	-0.047577	-0.018250	0.007232
21190	-0.046851	-0.019818	0.009843
21191	-0.048143	-0.020965	0.008514
21192	-0.047973	-0.019997	0.010262
21193	-0.048303	-0.019334	0.009521
21194	-0.047222	-0.018374	0.009157
21195	-0.047011	-0.018211	0.009345
21196	-0.046518	-0.019220	0.009399
21197	-0.046521	-0.018464	0.006923
21198	-0.045208	-0.018064	0.009118
21199	-0.046524	-0.019224	0.007953
21200	-0.045053	-0.019441	0.007244
21201	-0.046631	-0.020606	0.007585
21202	-0.045844	-0.020632	0.007432
21203	-0.044441	-0.020563	0.006772
21204	-0.045775	-0.020815	0.006939
21205	-0.044908	-0.020954	0.006721
21206	-0.043593	-0.020555	0.008918
21207	-0.043618	-0.021914	0.006636
21208	-0.043515	-0.021749	0.007040
21209	-0.044896	-0.021858	0.007338
21210	-0.044568	-0.021511	0.006186
21211	-0.045177	-0.021163	0.007265
21212	-0.044390	-0.021191	0.007115
21213	-0.043764	-0.020670	0.004277
21214	-0.043035	-0.022242	0.006896
21215	-0.045735	-0.022828	0.006638
21216	-0.045632	-0.022665	0.007044
21217	-0.046923	-0.022925	0.007213
21218	-0.047279	-0.022387	0.006619
21219	-0.047827	-0.022277	0.007761
21220	-0.047793	-0.022918	0.006823
21221	-0.048204	-0.024714	0.007572
21222	-0.050095	-0.022433	0.006877
21223	-0.050103	-0.022948	0.006009
21224	-0.050516	-0.023954	0.008185
21225	-0.051045	-0.023719	0.009156
21226	-0.051402	-0.023183	0.008563
21227	-0.051547	-0.023118	0.010570
21228	-0.051905	-0.022583	0.009979
21229	-0.051517	-0.023701	0.011351
21230	-0.052042	-0.021807	0.009547
21231	-0.051910	-0.022403	0.008469
21232	-0.051737	-0.021440	0.010224
21233	-0.051728	-0.021265	0.010966
21234	-0.052378	-0.021717	0.010588
21235	-0.052847	-0.021355	0.011389
21236	-0.053204	-0.020821	0.010799
21237	-0.054290	-0.022424	0.012151
21238	-0.052458	-0.020862	0.012585
21239	-0.053131	-0.020027	0.010814
21240	-0.053028	-0.019869	0.011227
21241	-0.053799	-0.020540	0.012379
21242	-0.052720	-0.019591	0.012024
21243	-0.052604	-0.019515	0.012583
21244	-0.052961	-0.018984	0.011996
21245	-0.052321	-0.019863	0.010766
21246	-0.052955	-0.021053	0.014506
21247	-0.045704	-0.017250	0.012317
21248	-0.045594	-0.017090	0.012732
21249	-0.046066	-0.016885	0.013703
21250	-0.045565	-0.017905	0.013776
21251	-0.044443	-0.016864	0.013251
21252	-0.044333	-0.016705	0.013666
21253	-0.043223	-0.015775	0.013466
21254	-0.043849	-0.016964	0.017208
21255	-0.043177	-0.016466	0.014330
21256	-0.042997	-0.015504	0.016090
21257	-0.042952	-0.015343	0.016612
21258	-0.042550	-0.014200	0.016816
21259	-0.042452	-0.014811	0.015733
21260	-0.042633	-0.015640	0.016364
21261	-0.041405	-0.016882	0.015728
21262	-0.041516	-0.016906	0.017703
21263	-0.040547	-0.017380	0.020301
21264	-0.038558	-0.016446	0.017840
21265	-0.039048	-0.016842	0.017127
21266	-0.040374	-0.017105	0.017314
21267	-0.040306	-0.016987	0.017941
21268	-0.040950	-0.017445	0.017574
21269	-0.040588	-0.017164	0.016477
21270	-0.042206	-0.018414	0.016879
21271	-0.040407	-0.017127	0.018618
21272	-0.040368	-0.017780	0.017697
21273	-0.041004	-0.017405	0.018919
21274	-0.041648	-0.017864	0.018553
21275	-0.040531	-0.016893	0.018121
21276	-0.040713	-0.017726	0.018757
21277	-0.041591	-0.018372	0.020135
21278	-0.042115	-0.016487	0.018341
21279	-0.041019	-0.017030	0.020660
21280	-0.040397	-0.015714	0.019312
21281	-0.040720	-0.017541	0.019908
21282	-0.041072	-0.017017	0.019331
21283	-0.041537	-0.016243	0.018950
21284	-0.041427	-0.016092	0.019375
21285	-0.042440	-0.016217	0.017901
21286	-0.039747	-0.016215	0.019005
21287	-0.041834	-0.014955	0.018517
21288	-0.039431	-0.015939	0.019836
21289	-0.041342	-0.016161	0.020492
21290	-0.041231	-0.016012	0.020918
21291	-0.041126	-0.015716	0.021369
21292	-0.041016	-0.015566	0.021795
21293	-0.040618	-0.016387	0.021969
21294	-0.041144	-0.014506	0.020178
21295	-0.041551	-0.017016	0.019387
21296	-0.039931	-0.015640	0.021386
21297	-0.039209	-0.016287	0.019856
21298	-0.039098	-0.016139	0.020285
21299	-0.038985	-0.016052	0.020826
21300	-0.039701	-0.017327	0.019130
21301	-0.039814	-0.018207	0.019828
21302	-0.038903	-0.015909	0.018269
21303	-0.037911	-0.018092	0.017824
21304	-0.039237	-0.018364	0.018023
21305	-0.037534	-0.017808	0.018519
21306	-0.037204	-0.017484	0.017393
21307	-0.036851	-0.019593	0.017484
21308	-0.036740	-0.019447	0.017915
21309	-0.037261	-0.019965	0.017273
21310	-0.038296	-0.019252	0.017258
21311	-0.036896	-0.020172	0.015310
21312	-0.038222	-0.020446	0.015512
21313	-0.037256	-0.021738	0.016624
21314	-0.036854	-0.020607	0.016840
21315	-0.037236	-0.020075	0.016429
21316	-0.037415	-0.020918	0.017079
21317	-0.036202	-0.019723	0.015423
21318	-0.035800	-0.018592	0.015639
21319	-0.036237	-0.020404	0.016465
21320	-0.036125	-0.020261	0.016900
21321	-0.037050	-0.019620	0.016886
21322	-0.036257	-0.019673	0.016767
21323	-0.036552	-0.019121	0.016048
21324	-0.036150	-0.017992	0.016266
21325	-0.035913	-0.017896	0.016507
21326	-0.034727	-0.019132	0.016053
21327	-0.034565	-0.018918	0.016445
21328	-0.033873	-0.016803	0.016447
21329	-0.035380	-0.017517	0.018343
21330	-0.034586	-0.017571	0.018226
21331	-0.034473	-0.017327	0.018622
21332	-0.033680	-0.017383	0.018506
21333	-0.033554	-0.017255	0.019010
21334	-0.033152	-0.016128	0.019230
21335	-0.033120	-0.016761	0.018382
21336	-0.032151	-0.018176	0.019487
21337	-0.032071	-0.018680	0.018388
21338	-0.032175	-0.018716	0.020383
21339	-0.031904	-0.018405	0.019500
21340	-0.031110	-0.018462	0.019387
21341	-0.031353	-0.017220	0.020190
21342	-0.030951	-0.016094	0.020413
21343	-0.030835	-0.016859	0.019503
21344	-0.030722	-0.016721	0.019945
21345	-0.030583	-0.017451	0.019016
21346	-0.031441	-0.018105	0.020231
21347	-0.031762	-0.016660	0.021061
21348	-0.032405	-0.017139	0.020721
21349	-0.033378	-0.018480	0.020654
21350	-0.032977	-0.017356	0.020878
21351	-0.032776	-0.017405	0.021460
21352	-0.033596	-0.016527	0.019900
21353	-0.032154	-0.016582	0.019251
21354	-0.032331	-0.017434	0.019915
21355	-0.031810	-0.018592	0.020160
21356	-0.031987	-0.019444	0.020825
21357	-0.032442	-0.019380	0.021876
21358	-0.032619	-0.020233	0.022541
21359	-0.031849	-0.018289	0.022650
21360	-0.031886	-0.019783	0.020425
21361	-0.030810	-0.020350	0.022877
21362	-0.031845	-0.019649	0.022876
21363	-0.031713	-0.019444	0.023344
21364	-0.031208	-0.020495	0.023458
21365	-0.032815	-0.019675	0.023915
21366	-0.032992	-0.020530	0.024583
21367	-0.032919	-0.020265	0.025076
21368	-0.033740	-0.019391	0.023521
21369	-0.033179	-0.020200	0.023417
21370	-0.032778	-0.019080	0.023645
21371	-0.032134	-0.021120	0.022159
21372	-0.032021	-0.020989	0.022608
21373	-0.031001	-0.022429	0.023659
21374	-0.030524	-0.020495	0.025222
21375	-0.030455	-0.021140	0.024339
21376	-0.028904	-0.020589	0.025016
21377	-0.030195	-0.020934	0.025313
21378	-0.030082	-0.020804	0.025764
21379	-0.030036	-0.020299	0.026103
21380	-0.029998	-0.020985	0.025221
21381	-0.029576	-0.019794	0.025469
21382	-0.029676	-0.019837	0.027476
21383	-0.029557	-0.019776	0.028074
21384	-0.029018	-0.019302	0.025416
21385	-0.028935	-0.018981	0.025824
21386	-0.027749	-0.020236	0.025392
21387	-0.028667	-0.020898	0.026763
21388	-0.027406	-0.021338	0.027666
21389	-0.026630	-0.021328	0.027624
21390	-0.027666	-0.020632	0.027630
21391	-0.027704	-0.021359	0.027034
21392	-0.029028	-0.021652	0.027262
21393	-0.027387	-0.021222	0.027902
21394	-0.026985	-0.020107	0.028136
21395	-0.026475	-0.021152	0.028284
21396	-0.026650	-0.022015	0.028962
21397	-0.027374	-0.022363	0.028724
21398	-0.027549	-0.023226	0.029403
21399	-0.026060	-0.023496	0.028807
21400	-0.026884	-0.022632	0.027261
21401	-0.026331	-0.023703	0.027317
21402	-0.025537	-0.023776	0.027222
21403	-0.025558	-0.024198	0.026338
21404	-0.025732	-0.025062	0.027020
21405	-0.025179	-0.023954	0.027026
21406	-0.025429	-0.025636	0.026376
21407	-0.024631	-0.023699	0.026364
21408	-0.025017	-0.024735	0.028602
21409	-0.024457	-0.023372	0.027418
21410	-0.024813	-0.022880	0.026877
21411	-0.023633	-0.023179	0.027874
21412	-0.024276	-0.023675	0.027557
21413	-0.024519	-0.025262	0.026895
21414	-0.024117	-0.024151	0.027133
21415	-0.022699	-0.025181	0.025125
21416	-0.022585	-0.025060	0.025587
21417	-0.023411	-0.023915	0.023842
21418	-0.022148	-0.024362	0.024753
21419	-0.022614	-0.023734	0.024466
21420	-0.021820	-0.023812	0.024377
21421	-0.022802	-0.023060	0.024320
21422	-0.021614	-0.024327	0.023903
21423	-0.021507	-0.024154	0.024496
21424	-0.019956	-0.023613	0.025186
21425	-0.021472	-0.023944	0.026832
21426	-0.021435	-0.024644	0.025967
21427	-0.021305	-0.024629	0.026565
21428	-0.021661	-0.024141	0.026029
21429	-0.021862	-0.023862	0.025329
21430	-0.020752	-0.025951	0.023584
21431	-0.020018	-0.022752	0.024853
21432	-0.022778	-0.023476	0.024871
21433	-0.021466	-0.023933	0.025806
21434	-0.020958	-0.025003	0.025946
21435	-0.020261	-0.025348	0.027304
21436	-0.020433	-0.026219	0.027997
21437	-0.022897	-0.025795	0.027607
21438	-0.020639	-0.023930	0.024966
21439	-0.021885	-0.024132	0.025079
21440	-0.020907	-0.025572	0.026223
21441	-0.021376	-0.026539	0.022906
21442	-0.021261	-0.026422	0.023375
21443	-0.021119	-0.027105	0.022384
21444	-0.021475	-0.026621	0.021852
21445	-0.021771	-0.027335	0.022774
21446	-0.022730	-0.025831	0.024124
21447	-0.038595	-0.021633	0.016451
21448	-0.039070	-0.023487	0.017368
21449	-0.037997	-0.022467	0.017111
21450	-0.037297	-0.023366	0.015697
21451	-0.036668	-0.023559	0.017106
21452	-0.036283	-0.022447	0.017346
21453	-0.036305	-0.021012	0.016581
21454	-0.036571	-0.022700	0.015947
21455	-0.035977	-0.021316	0.014615
21456	-0.034936	-0.021929	0.017086
21457	-0.036487	-0.021554	0.014584
21458	-0.036180	-0.021265	0.013499
21459	-0.036865	-0.021764	0.013306
21460	-0.036767	-0.021643	0.013775
21461	-0.036641	-0.021400	0.014157
21462	-0.036334	-0.021113	0.013072
21463	-0.037565	-0.020488	0.014509
21464	-0.037466	-0.020368	0.014979
21465	-0.037606	-0.019680	0.012831
21466	-0.037692	-0.018203	0.012073
21467	-0.036695	-0.017527	0.013231
21468	-0.036124	-0.017775	0.014704
21469	-0.035997	-0.017540	0.015088
21470	-0.038486	-0.017274	0.014888
21471	-0.036996	-0.017525	0.014272
21472	-0.035460	-0.016985	0.014967
21473	-0.036730	-0.017437	0.015273
21474	-0.037103	-0.016952	0.014744
21475	-0.037082	-0.017722	0.014006
21476	-0.036303	-0.017805	0.013928
21477	-0.036720	-0.019703	0.014831
21478	-0.035842	-0.017440	0.013295
21479	-0.037229	-0.017605	0.013598
21480	-0.038646	-0.018734	0.012525
21481	-0.037935	-0.018531	0.012516
21482	-0.036870	-0.017626	0.012211
21483	-0.037464	-0.018023	0.011782
21484	-0.037364	-0.017906	0.012258
21485	-0.037968	-0.018451	0.011936
21486	-0.038154	-0.019325	0.012641
21487	-0.038451	-0.016596	0.010827
21488	-0.036127	-0.018441	0.010879
21489	-0.037461	-0.018821	0.011286
21490	-0.037076	-0.017716	0.011535
21491	-0.037064	-0.018311	0.010648
21492	-0.038116	-0.017629	0.010676
21493	-0.038243	-0.018285	0.011245
21494	-0.036991	-0.018738	0.012174
21495	-0.037627	-0.017127	0.011811
21496	-0.037606	-0.017838	0.010965
21497	-0.037785	-0.018628	0.011688
21498	-0.037479	-0.018350	0.010614
21499	-0.037213	-0.018211	0.010828
21500	-0.036434	-0.018300	0.010757
21501	-0.035917	-0.019349	0.010860
21502	-0.035611	-0.019072	0.009787
21503	-0.036376	-0.018257	0.008170
21504	-0.036196	-0.017319	0.009975
21505	-0.036610	-0.017568	0.008156
21506	-0.036509	-0.017456	0.008637
21507	-0.037385	-0.018094	0.009975
21508	-0.037678	-0.016791	0.010779
21509	-0.036242	-0.015794	0.008717
21510	-0.035478	-0.017405	0.011434
21511	-0.037637	-0.016096	0.010941
21512	-0.037456	-0.015159	0.012747
21513	-0.037258	-0.014850	0.011988
21514	-0.036479	-0.014942	0.011920
21515	-0.037509	-0.014221	0.011947
21516	-0.036445	-0.013324	0.011650
21517	-0.035878	-0.011900	0.010382
21518	-0.035113	-0.013512	0.013102
21519	-0.037276	-0.011419	0.014152
21520	-0.036686	-0.010157	0.012854
21521	-0.037386	-0.010882	0.013931
21522	-0.036606	-0.010976	0.013865
21523	-0.035752	-0.011073	0.013724
21524	-0.035651	-0.010965	0.014211
21525	-0.035271	-0.012164	0.015805
21526	-0.034397	-0.009913	0.014276
21527	-0.035766	-0.010048	0.014545
21528	-0.035745	-0.010768	0.013711
21529	-0.036196	-0.010101	0.013217
21530	-0.036379	-0.010985	0.013937
21531	-0.036800	-0.010385	0.013477
21532	-0.036698	-0.010279	0.013967
21533	-0.035802	-0.011775	0.015479
21534	-0.034929	-0.009526	0.013952
21535	-0.036300	-0.009749	0.014254
21536	-0.034354	-0.008896	0.011857
21537	-0.035407	-0.010686	0.013448
21538	-0.036064	-0.011207	0.013169
21539	-0.035883	-0.010088	0.014910
21540	-0.035578	-0.009822	0.013849
21541	-0.035485	-0.009596	0.014347
21542	-0.036618	-0.009753	0.013067
21543	-0.036574	-0.010517	0.012338
21544	-0.036958	-0.011566	0.014616
21545	-0.035571	-0.009587	0.014077
21546	-0.036229	-0.010110	0.013800
21547	-0.036524	-0.009743	0.013274
21548	-0.035744	-0.009844	0.013217
21549	-0.035183	-0.008510	0.011988
21550	-0.036803	-0.009821	0.012497
21551	-0.033801	-0.008839	0.013422
21552	-0.035218	-0.009990	0.012379
21553	-0.035410	-0.010757	0.013116
21554	-0.035106	-0.010495	0.012059
21555	-0.035249	-0.008888	0.011425
21556	-0.035430	-0.009778	0.012154
21557	-0.033662	-0.010610	0.014079
21558	-0.033358	-0.010348	0.013023
21559	-0.033776	-0.011207	0.015356
21560	-0.031833	-0.010363	0.012965
21561	-0.032428	-0.010861	0.012638
21562	-0.032124	-0.010601	0.011583
21563	-0.031930	-0.010474	0.011908
21564	-0.033064	-0.010637	0.010636
21565	-0.032367	-0.010859	0.011891
21566	-0.030707	-0.011007	0.009736
21567	-0.032947	-0.009676	0.009448
21568	-0.032845	-0.009578	0.009948
21569	-0.032768	-0.010455	0.009177
21570	-0.033142	-0.009993	0.008675
21571	-0.032805	-0.010842	0.009154
21572	-0.032501	-0.010584	0.008102
21573	-0.031923	-0.009211	0.006905
21574	-0.032185	-0.010937	0.006322
21575	-0.032235	-0.011413	0.005534
21576	-0.033569	-0.011739	0.005819
21577	-0.033874	-0.010417	0.006721
21578	-0.033094	-0.010525	0.006673
21579	-0.033233	-0.011361	0.007314
21580	-0.033607	-0.010901	0.006815
21581	-0.033271	-0.012082	0.008503
21582	-0.033840	-0.010268	0.006767
21583	-0.033356	-0.008755	0.005629
21584	-0.033818	-0.010642	0.006603
21585	-0.034459	-0.011124	0.006392
21586	-0.035511	-0.010461	0.006445
21587	-0.035014	-0.011669	0.006686
21588	-0.034910	-0.011574	0.007192
21589	-0.035442	-0.009693	0.005360
21590	-0.034665	-0.011316	0.008106
21591	-0.036435	-0.009702	0.004507
21592	-0.036813	-0.010758	0.006801
21593	-0.035177	-0.009914	0.006108
21594	-0.034873	-0.009662	0.005062
21595	-0.035768	-0.009152	0.004926
21596	-0.035664	-0.009059	0.005433
21597	-0.036623	-0.009015	0.002722
21598	-0.035281	-0.008657	0.004998
21599	-0.037603	-0.008968	0.001867
21600	-0.037415	-0.008042	0.003692
21601	-0.036379	-0.007968	0.002056
21602	-0.035993	-0.006885	0.002330
21603	-0.036380	-0.007030	0.000213
21604	-0.035402	-0.008498	0.001410
21605	-0.035918	-0.010413	0.002729
21606	-0.035051	-0.008181	0.001214
21607	-0.036363	-0.008657	0.001690
21608	-0.037780	-0.009825	0.000670
21609	-0.037864	-0.008409	0.000035
21610	-0.038520	-0.008949	-0.000219
21611	-0.038564	-0.010030	0.000446
21612	-0.039220	-0.010570	0.000193
21613	-0.038970	-0.011806	0.002080
21614	-0.038104	-0.009576	0.000566
21615	-0.038144	-0.010082	-0.000182
21616	-0.039957	-0.011567	0.001905
21617	-0.038797	-0.010365	0.000290
21618	-0.038410	-0.009285	0.000567
21619	-0.038530	-0.007704	-0.000161
21620	-0.037748	-0.007821	-0.000197
21621	-0.038134	-0.007569	0.000613
21622	-0.039269	-0.007749	-0.000639
21623	-0.036347	-0.006752	0.000531
21624	-0.036325	-0.007501	-0.000268
21625	-0.037604	-0.007917	-0.000009
21626	-0.037498	-0.007831	0.000507
21627	-0.037472	-0.008439	-0.000366
21628	-0.036493	-0.008402	-0.001951
21629	-0.035954	-0.008893	0.000876
21630	-0.035089	-0.006667	-0.000635
21631	-0.036410	-0.007762	-0.001883
21632	-0.036304	-0.007677	-0.001366
21633	-0.035876	-0.008694	-0.000909
21634	-0.035969	-0.007255	-0.001631
21635	-0.036637	-0.007685	-0.001780
21636	-0.036335	-0.007445	-0.002813
21637	-0.036626	-0.007147	-0.003304
21638	-0.038239	-0.008480	-0.002760
21639	-0.035255	-0.007666	-0.001676
21640	-0.036194	-0.007697	-0.004474
21641	-0.037864	-0.006668	-0.004078
21642	-0.037562	-0.006429	-0.005109
21643	-0.036902	-0.006647	-0.003676
21644	-0.036600	-0.006410	-0.004706
21645	-0.035784	-0.004977	-0.007609
21646	-0.038749	-0.005899	-0.005963
21647	-0.038617	-0.005636	-0.005495
21648	-0.036681	-0.004820	-0.007863
21649	-0.036079	-0.005862	-0.007813
21650	-0.036453	-0.005420	-0.008293
21651	-0.035636	-0.005499	-0.008394
21652	-0.036010	-0.005057	-0.008873
21653	-0.036284	-0.006224	-0.006613
21654	-0.036859	-0.004429	-0.008333
21655	-0.036761	-0.004170	-0.007784
21656	-0.036179	-0.002942	-0.009051
21657	-0.037101	-0.004545	-0.008912
21658	-0.036799	-0.004311	-0.009939
21659	-0.037152	-0.003869	-0.010362
21660	-0.037526	-0.003428	-0.010839
21661	-0.037486	-0.005678	-0.008800
21662	-0.038061	-0.003885	-0.010519
21663	-0.036418	-0.002523	-0.008440
21664	-0.035836	-0.001298	-0.009705
21665	-0.036063	-0.002208	-0.008780
21666	-0.035955	-0.002130	-0.008253
21667	-0.035032	-0.002381	-0.008381
21668	-0.034249	-0.002510	-0.008402
21669	-0.034192	-0.003231	-0.009257
21670	-0.036680	-0.003011	-0.009394
21671	-0.035987	-0.001938	-0.010729
21672	-0.035001	-0.003422	-0.009506
21673	-0.034464	-0.002119	-0.010623
21674	-0.035514	-0.001475	-0.010546
21675	-0.035441	-0.002309	-0.011239
21676	-0.034657	-0.002440	-0.011257
21677	-0.034318	-0.003735	-0.009402
21678	-0.033457	-0.001521	-0.010904
21679	-0.033442	-0.003102	-0.013090
21680	-0.034599	-0.001771	-0.010151
21681	-0.033412	-0.002993	-0.010506
21682	-0.033786	-0.002558	-0.010976
21683	-0.033699	-0.002133	-0.010653
21684	-0.034352	-0.002692	-0.010881
21685	-0.034069	-0.002360	-0.011786
21686	-0.032716	-0.002013	-0.009490
21687	-0.034173	-0.002256	-0.008873
21688	-0.034064	-0.002182	-0.008339
21689	-0.032676	-0.002475	-0.008723
21690	-0.032567	-0.002402	-0.008188
21691	-0.033061	-0.002098	-0.007269
21692	-0.033435	-0.001665	-0.007736
21693	-0.034332	-0.000893	-0.008997
21694	-0.035382	-0.000253	-0.008915
21695	-0.032916	-0.001286	-0.007518
21696	-0.033773	-0.000495	-0.008986
21697	-0.034008	-0.001290	-0.008071
21698	-0.032944	-0.000434	-0.008326
21699	-0.033564	-0.001111	-0.008403
21700	-0.033176	-0.000047	-0.008108
21701	-0.033467	-0.001266	-0.005791
21702	-0.034046	0.000517	-0.007500
21703	-0.033923	-0.000383	-0.008364
21704	-0.033813	-0.000313	-0.007825
21705	-0.033744	-0.000108	-0.007291
21706	-0.032959	-0.000246	-0.007301
21707	-0.031404	0.000287	-0.006482
21708	-0.031500	0.001709	-0.007187
21709	-0.031661	0.001699	-0.004901
21710	-0.031360	0.001918	-0.005911
21711	-0.032234	0.003759	-0.005987
21712	-0.032211	0.002984	-0.006754
21713	-0.032162	0.002182	-0.007507
21714	-0.032536	0.002609	-0.007967
21715	-0.033182	0.003224	-0.006896
21716	-0.032676	0.002089	-0.006659
21717	-0.032656	0.003555	-0.008544
21718	-0.033706	0.004190	-0.008455
21719	-0.033539	0.003370	-0.009367
21720	-0.033341	0.004280	-0.007517
21721	-0.032169	0.004809	-0.007681
21722	-0.031853	0.003523	-0.005891
21723	-0.032865	0.004472	-0.007091
21724	-0.033033	0.003544	-0.006302
21725	-0.032185	0.004839	-0.009160
21726	-0.033791	0.003484	-0.008580
21727	-0.033181	0.004746	-0.009856
21728	-0.032101	0.004094	-0.007306
21729	-0.031254	0.003832	-0.007301
21730	-0.031629	0.004255	-0.007757
21731	-0.031841	0.003295	-0.006817
21732	-0.032890	0.003927	-0.006724
21733	-0.033127	0.002757	-0.004532
21734	-0.033708	0.004531	-0.006234
21735	-0.031318	0.002552	-0.006028
21736	-0.032002	0.005022	-0.004874
21737	-0.032901	0.003517	-0.004870
21738	-0.032411	0.003878	-0.007422
21739	-0.031675	0.003538	-0.006083
21740	-0.032239	0.003810	-0.004986
21741	-0.031750	0.002499	-0.004483
21742	-0.032800	0.003128	-0.004387
21743	-0.031965	0.005085	-0.004476
21744	-0.030972	0.003584	-0.003226
21745	-0.032643	0.003811	-0.005324
21746	-0.031668	0.003810	-0.006872
21747	-0.031551	0.003738	-0.006101
21748	-0.033364	0.003730	-0.006761
21749	-0.031482	0.002157	-0.007556
21750	-0.031559	0.002069	-0.005453
21751	-0.031563	0.001300	-0.006120
21752	-0.032334	0.002921	-0.006268
21753	-0.030825	0.002591	-0.006800
21754	-0.029553	0.002082	-0.005792
21755	-0.030435	0.002875	-0.007098
21756	-0.030809	0.003291	-0.007546
21757	-0.030162	0.002034	-0.007360
21758	-0.029773	0.003086	-0.007052
21759	-0.029666	0.002220	-0.007833
21760	-0.027651	0.003845	-0.008866
21761	-0.029766	0.002691	-0.008970
21762	-0.029466	0.002895	-0.009964
21763	-0.029642	0.003205	-0.010667
21764	-0.028091	0.003688	-0.009903
21765	-0.029178	0.003465	-0.011121
21766	-0.028789	0.004516	-0.010811
21767	-0.028874	0.003774	-0.011253
21768	-0.028583	0.005526	-0.008089
21769	-0.029283	0.004845	-0.007985
21770	-0.028496	0.004690	-0.007975
21771	-0.028388	0.004624	-0.007213
21772	-0.029437	0.005247	-0.007108
21773	-0.029299	0.005274	-0.006529
21774	-0.028910	0.006323	-0.006217
21775	-0.030213	0.004958	-0.007193
21776	-0.028573	0.006287	-0.005124
21777	-0.030494	0.005973	-0.004171
21778	-0.030868	0.006384	-0.004613
21779	-0.030105	0.006238	-0.004515
21780	-0.029318	0.006081	-0.004501
21781	-0.027733	0.006533	-0.003662
21782	-0.027897	0.005591	-0.002852
21783	-0.027269	0.007765	-0.002789
21784	-0.030033	0.006963	-0.002641
21785	-0.027690	0.007066	-0.002485
21786	-0.027577	0.007117	-0.001922
21787	-0.028020	0.007567	-0.002184
21788	-0.027997	0.006769	-0.002922
21789	-0.029362	0.006621	-0.002640
21790	-0.027535	0.008093	-0.002118
21791	-0.026569	0.005719	-0.002216
21792	-0.025903	0.007759	-0.002148
21793	-0.027226	0.007426	-0.001746
21794	-0.027786	0.007688	-0.000634
21795	-0.027284	0.006610	-0.000312
21796	-0.028333	0.007227	-0.000201
21797	-0.029310	0.007797	-0.000171
21798	-0.028921	0.008841	0.000146
21799	-0.029821	0.009482	-0.001043
21800	-0.030170	0.008391	0.001323
21801	-0.030218	0.008738	-0.000693
21802	-0.029341	0.009425	0.000628
21803	-0.030230	0.009764	0.000629
21804	-0.028678	0.010239	0.001403
21805	-0.028503	0.010201	0.002040
21806	-0.029642	0.009966	0.000853
21807	-0.029566	0.009173	0.000065
21808	-0.026576	0.010073	0.001046
21809	-0.027976	0.008865	0.000167
21810	-0.028413	0.006921	0.001237
21811	-0.029627	0.008828	0.000148
21812	-0.030002	0.009230	-0.000284
21813	-0.031482	0.008760	0.001536
21814	-0.029836	0.008526	-0.000538
21815	-0.030550	0.009947	-0.000588
21816	-0.029548	0.008429	0.000688
21817	-0.029739	0.009134	-0.001292
21818	-0.029810	0.009034	0.000830
21819	-0.028986	0.009003	0.000709
21820	-0.029361	0.009403	0.000279
21821	-0.028202	0.010125	-0.000021
21822	-0.028363	0.009173	0.000802
21823	-0.027859	0.010412	-0.000217
21824	-0.029273	0.009176	-0.001147
21825	-0.026539	0.009081	0.000113
21826	-0.026638	0.010475	-0.000566
21827	-0.025627	0.010058	-0.000747
21828	-0.025328	0.010243	-0.001721
21829	-0.026265	0.010723	-0.001597
21830	-0.025874	0.011760	-0.001273
21831	-0.027073	0.011476	-0.001138
21832	-0.024173	0.011520	-0.001451
21833	-0.025281	0.012428	-0.001323
21834	-0.025257	0.011616	-0.002045
21835	-0.025869	0.011165	-0.002270
21836	-0.025080	0.010992	-0.002240
21837	-0.025993	0.011725	-0.003479
21838	-0.026152	0.010770	-0.002649
21839	-0.024071	0.011435	-0.005136
21840	-0.025302	0.011901	-0.003465
21841	-0.025998	0.010296	-0.004766
21842	-0.025882	0.010336	-0.004187
21843	-0.024558	0.010009	-0.003320
21844	-0.023769	0.009835	-0.003287
21845	-0.023112	0.011023	-0.004613
21846	-0.024709	0.009638	-0.003985
21847	-0.040897	-0.006158	-0.009992
21848	-0.040613	-0.004427	-0.006818
21849	-0.041778	-0.004686	-0.007879
21850	-0.042167	-0.004310	-0.008300
21851	-0.041638	-0.003364	-0.008177
21852	-0.041753	-0.001993	-0.008851
21853	-0.041818	-0.002667	-0.009432
21854	-0.040187	-0.002932	-0.011492
21855	-0.040013	-0.003137	-0.010895
21856	-0.039912	-0.003117	-0.010312
21857	-0.040327	-0.002626	-0.010681
21858	-0.040990	-0.003248	-0.010846
21859	-0.040872	-0.003117	-0.010236
21860	-0.040770	-0.003098	-0.009652
21861	-0.040527	-0.004229	-0.010662
21862	-0.039695	-0.002077	-0.012133
21863	-0.041120	-0.002295	-0.011596
21864	-0.042548	-0.003560	-0.012509
21865	-0.039568	-0.002621	-0.011431
21866	-0.040231	-0.003245	-0.011594
21867	-0.040192	-0.003172	-0.010777
21868	-0.040581	-0.002800	-0.011193
21869	-0.040454	-0.002712	-0.010642
21870	-0.040170	-0.002555	-0.011603
21871	-0.040038	-0.002574	-0.011025
21872	-0.042357	-0.002278	-0.012645
21873	-0.041117	-0.002775	-0.011437
21874	-0.041015	-0.002759	-0.010849
21875	-0.040231	-0.003004	-0.010696
21876	-0.039456	-0.003203	-0.010653
21877	-0.039382	-0.003227	-0.009886
21878	-0.039006	-0.002215	-0.009551
21879	-0.038958	-0.002082	-0.008805
21880	-0.039747	-0.000502	-0.008926
21881	-0.038071	-0.002239	-0.008147
21882	-0.038859	-0.000660	-0.008267
21883	-0.038871	-0.001642	-0.008741
21884	-0.038096	-0.001842	-0.008695
21885	-0.039683	-0.003173	-0.008086
21886	-0.039853	-0.004156	-0.007239
21887	-0.039336	-0.003010	-0.008260
21888	-0.039233	-0.002997	-0.007668
21889	-0.039553	-0.002738	-0.008045
21890	-0.039450	-0.002725	-0.007452
21891	-0.039987	-0.003440	-0.007732
21892	-0.039884	-0.003427	-0.007138
21893	-0.039780	-0.004284	-0.007967
21894	-0.039496	-0.004134	-0.008921
21895	-0.040385	-0.002327	-0.008874
21896	-0.041266	-0.001609	-0.010285
21897	-0.040411	-0.001035	-0.008786
21898	-0.039634	-0.001239	-0.008736
21899	-0.039421	-0.001191	-0.009374
21900	-0.039810	-0.000828	-0.009781
21901	-0.039284	-0.001941	-0.009485
21902	-0.039453	-0.002928	-0.008632
21903	-0.038028	-0.003398	-0.008953
21904	-0.038724	-0.000965	-0.007776
21905	-0.037604	-0.002533	-0.007743
21906	-0.036827	-0.002739	-0.007690
21907	-0.037157	-0.002467	-0.008071
21908	-0.036107	-0.001677	-0.008275
21909	-0.035872	-0.003829	-0.007656
21910	-0.035043	-0.001690	-0.009118
21911	-0.036326	-0.002196	-0.008729
21912	-0.035329	-0.003753	-0.007415
21913	-0.035059	-0.003600	-0.008247
21914	-0.036121	-0.003024	-0.008103
21915	-0.036596	-0.002723	-0.008173
21916	-0.036313	-0.002580	-0.009119
21917	-0.035327	-0.001743	-0.009122
21918	-0.035588	-0.003594	-0.009554
21919	-0.035451	-0.003539	-0.009000
21920	-0.033908	-0.003104	-0.008197
21921	-0.034554	-0.003803	-0.008217
21922	-0.034670	-0.002448	-0.008874
21923	-0.034490	-0.002498	-0.008330
21924	-0.034113	-0.001496	-0.007983
21925	-0.033906	-0.001522	-0.007493
21926	-0.033623	-0.001381	-0.008436
21927	-0.034980	-0.001781	-0.007924
21928	-0.036313	-0.002206	-0.007519
21929	-0.034694	-0.001917	-0.006730
21930	-0.034683	-0.002775	-0.007414
21931	-0.033914	-0.002902	-0.007288
21932	-0.034031	-0.001549	-0.007942
21933	-0.032251	-0.000995	-0.008741
21934	-0.032418	-0.001989	-0.007876
21935	-0.033739	-0.002395	-0.007428
21936	-0.030850	-0.002396	-0.007711
21937	-0.032416	-0.003699	-0.007142
21938	-0.032311	-0.003697	-0.006534
21939	-0.032434	-0.002352	-0.007060
21940	-0.031928	-0.003565	-0.006738
21941	-0.032206	-0.005398	-0.007020
21942	-0.031380	-0.003267	-0.008475
21943	-0.032717	-0.003543	-0.008068
21944	-0.033601	-0.002839	-0.009463
21945	-0.031806	-0.002417	-0.010212
21946	-0.032018	-0.001930	-0.012152
21947	-0.032634	-0.001521	-0.010877
21948	-0.031361	-0.002090	-0.009808
21949	-0.032346	-0.001659	-0.009625
21950	-0.031168	-0.003090	-0.009844
21951	-0.031896	-0.000624	-0.008560
21952	-0.030894	-0.002191	-0.007231
21953	-0.031602	-0.002823	-0.007140
21954	-0.032391	-0.001259	-0.007244
21955	-0.031960	-0.000267	-0.006944
21956	-0.031677	-0.000135	-0.007878
21957	-0.031188	-0.001263	-0.007515
21958	-0.031353	-0.002264	-0.006641
21959	-0.030646	-0.000361	-0.006517
21960	-0.031531	0.000338	-0.007908
21961	-0.031757	-0.000457	-0.006966
21962	-0.030979	-0.000677	-0.006895
21963	-0.031406	-0.000357	-0.007113
21964	-0.031299	-0.000361	-0.006497
21965	-0.032292	-0.000006	-0.006275
21966	-0.031467	0.002119	-0.007726
21967	-0.031505	0.001519	-0.008371
21968	-0.032931	0.000221	-0.009238
21969	-0.032089	0.000758	-0.007590
21970	-0.031807	0.000887	-0.008519
21971	-0.032118	-0.000962	-0.008719
21972	-0.031739	0.000030	-0.008362
21973	-0.030933	-0.000128	-0.008311
21974	-0.031993	0.000434	-0.008150
21975	-0.031881	-0.000559	-0.008880
21976	-0.031773	-0.000565	-0.008260
21977	-0.032377	-0.000369	-0.006900
21978	-0.032766	-0.000025	-0.007283
21979	-0.032934	-0.000868	-0.006391
21980	-0.031483	-0.001311	-0.006859
21981	-0.031186	-0.001096	-0.007833
21982	-0.030808	-0.000106	-0.007473
21983	-0.032102	-0.000659	-0.006929
21984	-0.031549	0.000463	-0.008115
21985	-0.032358	-0.000330	-0.006640
21986	-0.032747	0.000012	-0.007020
21987	-0.031853	-0.000184	-0.007103
21988	-0.032512	-0.000841	-0.007221
21989	-0.032475	-0.001193	-0.005051
21990	-0.031748	0.000060	-0.007784
21991	-0.031731	-0.001012	-0.008176
21992	-0.031622	-0.001023	-0.007552
21993	-0.031510	-0.000824	-0.007013
21994	-0.031497	-0.001701	-0.007673
21995	-0.031153	-0.001525	-0.008723
21996	-0.031542	-0.001186	-0.009100
21997	-0.031026	-0.002463	-0.008641
21998	-0.032984	-0.000339	-0.009194
21999	-0.032943	-0.001320	-0.009742
22000	-0.031395	-0.000902	-0.008919
22001	-0.031184	-0.000639	-0.009698
22002	-0.031573	-0.000301	-0.010074
22003	-0.031941	0.000278	-0.010618
22004	-0.031562	0.001264	-0.010253
22005	-0.032163	0.002878	-0.011766
22006	-0.029986	0.000730	-0.009958
22007	-0.030862	0.002300	-0.009755
22008	-0.032191	0.001856	-0.009322
22009	-0.033118	0.000240	-0.009115
22010	-0.033506	0.000575	-0.009488
22011	-0.033115	0.000720	-0.010594
22012	-0.033503	0.001055	-0.010967
22013	-0.033957	0.000574	-0.012648
22014	-0.035555	-0.000870	-0.011950
22015	-0.035051	0.000317	-0.013010
22016	-0.034941	0.000302	-0.012378
22017	-0.035116	-0.000612	-0.011395
22018	-0.034833	-0.000497	-0.012310
22019	-0.035027	-0.001474	-0.011308
22020	-0.034917	-0.001490	-0.010675
22021	-0.034837	-0.002320	-0.011423
22022	-0.035896	-0.001768	-0.011249
22023	-0.034874	-0.002125	-0.008579
22024	-0.036300	-0.003441	-0.009423
22025	-0.034750	-0.003769	-0.011127
22026	-0.035407	-0.004436	-0.011232
22027	-0.035264	-0.004423	-0.010662
22028	-0.034483	-0.004660	-0.010571
22029	-0.034331	-0.004651	-0.009976
22030	-0.034049	-0.004540	-0.010887
22031	-0.035416	-0.005788	-0.011835
22032	-0.035208	-0.004937	-0.009918
22033	-0.034718	-0.005367	-0.007833
22034	-0.034167	-0.004258	-0.009008
22035	-0.034670	-0.004069	-0.007882
22036	-0.035289	-0.002393	-0.009516
22037	-0.036400	-0.001912	-0.009065
22038	-0.036558	-0.002930	-0.008162
22039	-0.035997	-0.001889	-0.009242
22040	-0.035983	-0.002780	-0.009885
22041	-0.036704	-0.003243	-0.009926
22042	-0.036324	-0.002265	-0.009552
22043	-0.035528	-0.002493	-0.009420
22044	-0.035916	-0.002166	-0.009783
22045	-0.035369	-0.002327	-0.008082
22046	-0.035989	-0.000653	-0.009712
22047	-0.040388	-0.002906	-0.004524
22048	-0.040379	-0.003801	-0.005159
22049	-0.040951	-0.004409	-0.005449
22050	-0.040272	-0.005526	-0.006626
22051	-0.041429	-0.005805	-0.007677
22052	-0.041152	-0.005703	-0.008576
22053	-0.041343	-0.006517	-0.007676
22054	-0.041871	-0.003976	-0.008020
22055	-0.043255	-0.005195	-0.008944
22056	-0.043050	-0.004349	-0.007016
22057	-0.041613	-0.004815	-0.007346
22058	-0.041738	-0.003494	-0.007966
22059	-0.040634	-0.005279	-0.006597
22060	-0.041125	-0.005830	-0.008229
22061	-0.040613	-0.004577	-0.009322
22062	-0.042212	-0.006035	-0.008598
22063	-0.041643	-0.004865	-0.009795
22064	-0.041437	-0.004020	-0.007865
22065	-0.039977	-0.004385	-0.008327
22066	-0.040370	-0.004065	-0.008678
22067	-0.039945	-0.003008	-0.008403
22068	-0.041777	-0.003121	-0.008947
22069	-0.040711	-0.004825	-0.007570
22070	-0.041338	-0.003160	-0.009190
22071	-0.040201	-0.003964	-0.006420
22072	-0.041194	-0.004172	-0.009051
22073	-0.041386	-0.005148	-0.008014
22074	-0.041779	-0.004831	-0.008363
22075	-0.043043	-0.005420	-0.007902
22076	-0.043436	-0.005103	-0.008251
22077	-0.042824	-0.004041	-0.009461
22078	-0.044422	-0.005502	-0.008730
22079	-0.044162	-0.003695	-0.005394
22080	-0.045591	-0.005031	-0.006209
22081	-0.044488	-0.004378	-0.006363
22082	-0.044614	-0.003063	-0.006979
22083	-0.045437	-0.004944	-0.006784
22084	-0.045328	-0.004976	-0.006128
22085	-0.045739	-0.004471	-0.006494
22086	-0.047337	-0.005934	-0.005760
22087	-0.045534	-0.004680	-0.003929
22088	-0.044990	-0.003588	-0.005086
22089	-0.045778	-0.004123	-0.004881
22090	-0.044231	-0.003725	-0.004032
22091	-0.044741	-0.004404	-0.004391
22092	-0.044464	-0.004312	-0.005278
22093	-0.044088	-0.003921	-0.007564
22094	-0.042708	-0.003649	-0.005168
22095	-0.044146	-0.005086	-0.005824
22096	-0.043503	-0.003120	-0.005702
22097	-0.044246	-0.003694	-0.005572
22098	-0.044137	-0.003729	-0.004912
22099	-0.044056	-0.003713	-0.004142
22100	-0.044350	-0.002527	-0.003208
22101	-0.044878	-0.000746	-0.006104
22102	-0.044030	-0.002474	-0.003167
22103	-0.046405	-0.003225	-0.005976
22104	-0.046196	-0.002385	-0.004038
22105	-0.045444	-0.002681	-0.003753
22106	-0.045335	-0.002718	-0.003091
22107	-0.045718	-0.002291	-0.003473
22108	-0.045875	-0.003328	-0.002540
22109	-0.045800	-0.003498	-0.000530
22110	-0.043651	-0.001856	-0.003036
22111	-0.045026	-0.003362	-0.003771
22112	-0.045722	-0.000955	-0.002561
22113	-0.045190	-0.002190	-0.002136
22114	-0.045080	-0.002228	-0.001471
22115	-0.045318	-0.002081	-0.001964
22116	-0.046381	-0.001552	-0.001759
22117	-0.047197	-0.000945	-0.003157
22118	-0.045914	-0.001553	-0.002031
22119	-0.044245	-0.000355	0.000181
22120	-0.044334	-0.002149	-0.001701
22121	-0.044583	-0.001812	-0.002318
22122	-0.044975	-0.001507	-0.002654
22123	-0.045012	-0.002542	-0.001929
22124	-0.045643	-0.000892	-0.003537
22125	-0.045758	-0.001884	-0.002645
22126	-0.045481	-0.001802	-0.003522
22127	-0.046411	-0.001068	-0.004733
22128	-0.046299	-0.001109	-0.004064
22129	-0.046440	-0.002366	-0.002895
22130	-0.045659	-0.002630	-0.002768
22131	-0.044569	-0.002817	-0.004392
22132	-0.044457	-0.002860	-0.003722
22133	-0.045526	-0.002436	-0.003363
22134	-0.046587	-0.001911	-0.003153
22135	-0.044844	-0.000790	-0.001000
22136	-0.046272	-0.002144	-0.001791
22137	-0.045677	-0.000952	-0.003043
22138	-0.045931	-0.002875	-0.003373
22139	-0.046000	-0.001733	-0.003892
22140	-0.045218	-0.002001	-0.003762
22141	-0.045995	-0.001269	-0.005369
22142	-0.044608	-0.001003	-0.002962
22143	-0.045853	-0.001612	-0.002457
22144	-0.043972	-0.000982	-0.004685
22145	-0.045004	-0.002886	-0.002914
22146	-0.045396	-0.002587	-0.003242
22147	-0.045610	-0.003658	-0.002044
22148	-0.046002	-0.003360	-0.002372
22149	-0.045336	-0.004493	-0.003418
22150	-0.045059	-0.004418	-0.004287
22151	-0.046457	-0.004740	-0.003685
22152	-0.047354	-0.004098	-0.005015
22153	-0.047171	-0.004014	-0.004532
22154	-0.047058	-0.004061	-0.003856
22155	-0.047323	-0.003949	-0.004269
22156	-0.047715	-0.003653	-0.004595
22157	-0.047711	-0.004780	-0.003858
22158	-0.047434	-0.004708	-0.004725
22159	-0.048277	-0.004069	-0.006119
22160	-0.047254	-0.005687	-0.004707
22161	-0.047877	-0.004177	-0.006152
22162	-0.047763	-0.004226	-0.005474
22163	-0.049043	-0.004682	-0.005034
22164	-0.048626	-0.006837	-0.005894
22165	-0.049245	-0.007797	-0.004716
22166	-0.048439	-0.005725	-0.006128
22167	-0.049805	-0.006294	-0.005403
22168	-0.049792	-0.007225	-0.005993
22169	-0.049469	-0.007215	-0.006852
22170	-0.049698	-0.006802	-0.008718
22171	-0.050024	-0.006457	-0.009169
22172	-0.050680	-0.007165	-0.009216
22173	-0.049669	-0.007433	-0.010615
22174	-0.050729	-0.006917	-0.010394
22175	-0.049536	-0.007623	-0.007843
22176	-0.050006	-0.005867	-0.010985
22177	-0.050863	-0.006641	-0.009394
22178	-0.050343	-0.007919	-0.008978
22179	-0.051314	-0.007423	-0.008900
22180	-0.050794	-0.008701	-0.008483
22181	-0.050248	-0.009984	-0.008037
22182	-0.050779	-0.007467	-0.008364
22183	-0.051652	-0.005848	-0.008216
22184	-0.051639	-0.006784	-0.008800
22185	-0.051714	-0.007510	-0.009253
22186	-0.052774	-0.006996	-0.009029
22187	-0.053111	-0.006687	-0.009383
22188	-0.052996	-0.006742	-0.008697
22189	-0.053828	-0.007375	-0.007207
22190	-0.052213	-0.007761	-0.009147
22191	-0.053251	-0.006872	-0.010255
22192	-0.053560	-0.008047	-0.007748
22193	-0.053019	-0.007001	-0.008778
22194	-0.052234	-0.007281	-0.008632
22195	-0.052879	-0.008131	-0.008515
22196	-0.052763	-0.008187	-0.007827
22197	-0.052833	-0.009216	-0.006992
22198	-0.051219	-0.009605	-0.008930
22199	-0.052055	-0.009067	-0.010232
22200	-0.051412	-0.007121	-0.010094
22201	-0.052491	-0.008823	-0.008352
22202	-0.052882	-0.008538	-0.008664
22203	-0.052768	-0.008668	-0.007786
22204	-0.053159	-0.008384	-0.008097
22205	-0.053007	-0.010931	-0.005756
22206	-0.053642	-0.009303	-0.007347
22207	-0.052002	-0.007922	-0.005162
22208	-0.053427	-0.009298	-0.005923
22209	-0.052624	-0.009551	-0.005744
22210	-0.052347	-0.009494	-0.006595
22211	-0.051495	-0.009889	-0.006443
22212	-0.052131	-0.008262	-0.008032
22213	-0.050809	-0.008994	-0.006800
22214	-0.053307	-0.008919	-0.006753
22215	-0.050827	-0.009998	-0.005179
22216	-0.051302	-0.008255	-0.008311
22217	-0.051334	-0.009531	-0.007332
22218	-0.051056	-0.009476	-0.008180
22219	-0.050525	-0.010795	-0.007643
22220	-0.049740	-0.011083	-0.007488
22221	-0.049184	-0.009933	-0.008666
22222	-0.047787	-0.009678	-0.006242
22223	-0.049034	-0.010052	-0.005921
22224	-0.048916	-0.010114	-0.005224
22225	-0.048929	-0.008894	-0.005947
22226	-0.049423	-0.009501	-0.007518
22227	-0.049249	-0.009560	-0.006871
22228	-0.048971	-0.009507	-0.007717
22229	-0.048777	-0.008671	-0.004564
22230	-0.047974	-0.006615	-0.005965
22231	-0.049316	-0.008076	-0.006792
22232	-0.050431	-0.006802	-0.003746
22233	-0.049504	-0.006857	-0.005089
22234	-0.049489	-0.007808	-0.005654
22235	-0.049092	-0.007732	-0.006690
22236	-0.048973	-0.007798	-0.005990
22237	-0.048851	-0.006499	-0.008186
22238	-0.047452	-0.006246	-0.005758
22239	-0.048891	-0.007701	-0.006332
22240	-0.047333	-0.007333	-0.005446
22241	-0.047968	-0.007946	-0.005497
22242	-0.047428	-0.006895	-0.006617
22243	-0.047838	-0.006600	-0.006821
22244	-0.047051	-0.006894	-0.006658
22245	-0.046605	-0.008534	-0.004597
22246	-0.047139	-0.006029	-0.004914
22247	-0.040227	-0.004945	-0.004296
22248	-0.040205	-0.005899	-0.004857
22249	-0.041130	-0.005588	-0.004673
22250	-0.041004	-0.005655	-0.003969
22251	-0.041915	-0.005111	-0.005109
22252	-0.041893	-0.006066	-0.005668
22253	-0.042201	-0.007244	-0.003042
22254	-0.042833	-0.005626	-0.004621
22255	-0.042749	-0.006528	-0.005313
22256	-0.042623	-0.006596	-0.004607
22257	-0.042848	-0.005286	-0.003841
22258	-0.042825	-0.006243	-0.004397
22259	-0.043172	-0.006926	-0.006168
22260	-0.044078	-0.008659	-0.005904
22261	-0.043121	-0.007849	-0.004748
22262	-0.044276	-0.008239	-0.005766
22263	-0.044261	-0.009361	-0.006074
22264	-0.043611	-0.007426	-0.005926
22265	-0.043326	-0.009712	-0.005175
22266	-0.044481	-0.010103	-0.006191
22267	-0.044273	-0.009973	-0.006850
22268	-0.044146	-0.010044	-0.006141
22269	-0.045440	-0.012845	-0.004107
22270	-0.044634	-0.010797	-0.005501
22271	-0.045966	-0.012201	-0.006382
22272	-0.045838	-0.012272	-0.005672
22273	-0.045678	-0.012309	-0.005034
22274	-0.046061	-0.012040	-0.005326
22275	-0.046451	-0.011700	-0.005600
22276	-0.046324	-0.011772	-0.004888
22277	-0.045574	-0.010756	-0.007447
22278	-0.045498	-0.010051	-0.003930
22279	-0.045590	-0.012073	-0.005517
22280	-0.044440	-0.012828	-0.002798
22281	-0.045735	-0.010866	-0.003883
22282	-0.046118	-0.010599	-0.004172
22283	-0.045907	-0.010413	-0.004927
22284	-0.046134	-0.010035	-0.006758
22285	-0.045402	-0.010286	-0.006418
22286	-0.044200	-0.011819	-0.006501
22287	-0.046334	-0.009950	-0.005288
22288	-0.046415	-0.011807	-0.007094
22289	-0.044767	-0.011502	-0.006236
22290	-0.045150	-0.011237	-0.006523
22291	-0.044078	-0.010364	-0.006751
22292	-0.045128	-0.009872	-0.006497
22293	-0.046525	-0.010108	-0.005926
22294	-0.046135	-0.009181	-0.005491
22295	-0.046097	-0.010067	-0.006108
22296	-0.046366	-0.006566	-0.006700
22297	-0.044425	-0.007385	-0.005966
22298	-0.044400	-0.008353	-0.006507
22299	-0.045566	-0.008605	-0.007572
22300	-0.044769	-0.008911	-0.007392
22301	-0.044374	-0.007860	-0.006990
22302	-0.045423	-0.007369	-0.006733
22303	-0.046114	-0.005906	-0.006876
22304	-0.045065	-0.007556	-0.005410
22305	-0.045854	-0.006763	-0.007031
22306	-0.046489	-0.005159	-0.008599
22307	-0.046319	-0.005296	-0.007866
22308	-0.046189	-0.005375	-0.007144
22309	-0.047449	-0.005708	-0.006778
22310	-0.046245	-0.007249	-0.006852
22311	-0.045568	-0.006494	-0.007933
22312	-0.046877	-0.007008	-0.007390
22313	-0.044836	-0.005630	-0.008287
22314	-0.044039	-0.005940	-0.008104
22315	-0.043479	-0.007184	-0.007685
22316	-0.043861	-0.006926	-0.007964
22317	-0.042680	-0.006339	-0.008188
22318	-0.042289	-0.005417	-0.007747
22319	-0.042690	-0.007424	-0.006416
22320	-0.043479	-0.005934	-0.006439
22321	-0.043594	-0.007006	-0.005405
22322	-0.044235	-0.007753	-0.005399
22323	-0.044051	-0.007918	-0.004649
22324	-0.044433	-0.007662	-0.004926
22325	-0.044449	-0.008887	-0.003957
22326	-0.044058	-0.007967	-0.003515
22327	-0.043891	-0.008085	-0.002768
22328	-0.043453	-0.007950	-0.005125
22329	-0.041605	-0.008942	-0.002904
22330	-0.042500	-0.008349	-0.004182
22331	-0.042801	-0.008163	-0.004508
22332	-0.042775	-0.009142	-0.005037
22333	-0.042705	-0.009194	-0.004153
22334	-0.042833	-0.010283	-0.003139
22335	-0.040809	-0.009782	-0.005508
22336	-0.040677	-0.009868	-0.004778
22337	-0.042224	-0.009045	-0.005504
22338	-0.042453	-0.008684	-0.007318
22339	-0.042138	-0.008782	-0.006937
22340	-0.041747	-0.007865	-0.006491
22341	-0.040240	-0.008389	-0.006887
22342	-0.040771	-0.005899	-0.007190
22343	-0.040805	-0.006762	-0.007603
22344	-0.041594	-0.005277	-0.007620
22345	-0.040592	-0.004731	-0.006282
22346	-0.041232	-0.005484	-0.006267
22347	-0.040642	-0.005881	-0.004351
22348	-0.041690	-0.005400	-0.004081
22349	-0.042531	-0.006170	-0.002422
22350	-0.040396	-0.004603	-0.004879
22351	-0.041684	-0.005133	-0.004314
22352	-0.041247	-0.005006	-0.006663
22353	-0.040017	-0.006730	-0.006543
22354	-0.040398	-0.006481	-0.006811
22355	-0.040035	-0.006621	-0.007598
22356	-0.039901	-0.006711	-0.006862
22357	-0.040600	-0.007596	-0.006515
22358	-0.040314	-0.007579	-0.007320
22359	-0.039574	-0.005766	-0.007206
22360	-0.040986	-0.007190	-0.007901
22361	-0.039287	-0.006718	-0.008433
22362	-0.038745	-0.008044	-0.007947
22363	-0.039211	-0.007461	-0.008247
22364	-0.038925	-0.007446	-0.009050
22365	-0.038655	-0.007518	-0.009678
22366	-0.039702	-0.007042	-0.009403
22367	-0.039672	-0.008079	-0.009811
22368	-0.037690	-0.006625	-0.010722
22369	-0.038738	-0.006018	-0.010472
22370	-0.038710	-0.007009	-0.010986
22371	-0.038481	-0.006887	-0.011664
22372	-0.038862	-0.006643	-0.011925
22373	-0.036755	-0.007330	-0.012760
22374	-0.037802	-0.006855	-0.012483
22375	-0.037734	-0.007096	-0.011433
22376	-0.039145	-0.008524	-0.012121
22377	-0.038096	-0.007872	-0.012099
22378	-0.039143	-0.007398	-0.011821
22379	-0.039579	-0.007151	-0.011904
22380	-0.038777	-0.007477	-0.011699
22381	-0.037610	-0.006799	-0.013068
22382	-0.038549	-0.005428	-0.011535
22383	-0.038426	-0.006558	-0.012092
22384	-0.038183	-0.005756	-0.010094
22385	-0.038697	-0.006449	-0.011394
22386	-0.038561	-0.006546	-0.010648
22387	-0.037563	-0.006839	-0.011934
22388	-0.038609	-0.006368	-0.011653
22389	-0.036707	-0.004755	-0.012439
22390	-0.038267	-0.006293	-0.011580
22391	-0.037599	-0.004465	-0.011286
22392	-0.039009	-0.005898	-0.011967
22393	-0.037659	-0.004190	-0.012373
22394	-0.037523	-0.004288	-0.011626
22395	-0.038089	-0.005133	-0.011640
22396	-0.038469	-0.004895	-0.011894
22397	-0.037202	-0.004149	-0.013550
22398	-0.036808	-0.003244	-0.013089
22399	-0.037288	-0.005066	-0.011722
22400	-0.039110	-0.002919	-0.013732
22401	-0.038580	-0.004350	-0.013046
22402	-0.037521	-0.003677	-0.013123
22403	-0.036678	-0.004020	-0.012964
22404	-0.037574	-0.003447	-0.014218
22405	-0.037867	-0.002486	-0.012966
22406	-0.037986	-0.003592	-0.011925
22407	-0.037982	-0.004498	-0.012385
22408	-0.037331	-0.002589	-0.012212
22409	-0.038780	-0.003731	-0.012992
22410	-0.039011	-0.003393	-0.014783
22411	-0.038225	-0.003648	-0.014521
22412	-0.038087	-0.003750	-0.013768
22413	-0.039150	-0.003130	-0.013515
22414	-0.037937	-0.004702	-0.013546
22415	-0.037810	-0.005761	-0.014154
22416	-0.036341	-0.006329	-0.014475
22417	-0.037271	-0.005801	-0.014441
22418	-0.037241	-0.006806	-0.014936
22419	-0.037573	-0.006589	-0.015221
22420	-0.037952	-0.006357	-0.015468
22421	-0.037971	-0.007386	-0.015782
22422	-0.038089	-0.008495	-0.014735
22423	-0.037570	-0.007488	-0.015695
22424	-0.038359	-0.006019	-0.015694
22425	-0.039014	-0.006710	-0.015600
22426	-0.038210	-0.007048	-0.015380
22427	-0.037500	-0.008612	-0.014981
22428	-0.037624	-0.007377	-0.015517
22429	-0.037480	-0.007468	-0.014717
22430	-0.037194	-0.007471	-0.015499
22431	-0.037502	-0.009635	-0.014183
22432	-0.037362	-0.009742	-0.013424
22433	-0.037354	-0.008415	-0.015381
22434	-0.037214	-0.008522	-0.014621
22435	-0.037515	-0.007288	-0.013573
22436	-0.038002	-0.007963	-0.015064
22437	-0.038625	-0.008899	-0.014820
22438	-0.038230	-0.008002	-0.014351
22439	-0.038194	-0.008998	-0.014799
22440	-0.037543	-0.007095	-0.014621
22441	-0.037997	-0.007759	-0.016153
22442	-0.037857	-0.007868	-0.015390
22443	-0.038203	-0.007716	-0.015604
22444	-0.037807	-0.006820	-0.015133
22445	-0.038549	-0.005270	-0.015224
22446	-0.039593	-0.004811	-0.014926
22447	-0.034824	-0.002920	0.000911
22448	-0.034900	-0.004837	-0.000806
22449	-0.033250	-0.004567	0.000112
22450	-0.033481	-0.004241	-0.001651
22451	-0.032654	-0.004606	-0.001376
22452	-0.032511	-0.004716	-0.000596
22453	-0.033697	-0.006064	-0.002879
22454	-0.034739	-0.005606	-0.002565
22455	-0.033154	-0.006187	-0.003029
22456	-0.033011	-0.006298	-0.002249
22457	-0.033789	-0.005857	-0.003560
22458	-0.033645	-0.005968	-0.002779
22459	-0.033358	-0.005928	-0.003515
22460	-0.033735	-0.005705	-0.003736
22461	-0.034128	-0.005590	-0.003775
22462	-0.033839	-0.005602	-0.004532
22463	-0.033809	-0.006589	-0.004963
22464	-0.035214	-0.008044	-0.005599
22465	-0.033456	-0.007653	-0.006150
22466	-0.032127	-0.008335	-0.004901
22467	-0.032343	-0.007933	-0.006703
22468	-0.031279	-0.007275	-0.006749
22469	-0.032526	-0.007835	-0.006168
22470	-0.032636	-0.008955	-0.005089
22471	-0.030676	-0.007603	-0.005787
22472	-0.032902	-0.006581	-0.005934
22473	-0.032049	-0.007016	-0.005639
22474	-0.031239	-0.007365	-0.005390
22475	-0.032502	-0.007969	-0.004735
22476	-0.032467	-0.008990	-0.005194
22477	-0.032575	-0.010027	-0.004148
22478	-0.031778	-0.008032	-0.005488
22479	-0.032577	-0.006513	-0.005433
22480	-0.031501	-0.008204	-0.003885
22481	-0.032133	-0.006820	-0.005206
22482	-0.031988	-0.006936	-0.004418
22483	-0.031592	-0.006949	-0.005336
22484	-0.032112	-0.006832	-0.004010
22485	-0.032674	-0.007374	-0.005385
22486	-0.032782	-0.008497	-0.004301
22487	-0.032021	-0.006677	-0.004197
22488	-0.032917	-0.006128	-0.005412
22489	-0.032095	-0.006407	-0.005197
22490	-0.033135	-0.005957	-0.004872
22491	-0.033351	-0.005798	-0.005311
22492	-0.033726	-0.005583	-0.005522
22493	-0.034355	-0.006343	-0.005408
22494	-0.033955	-0.005456	-0.004911
22495	-0.033277	-0.003675	-0.004598
22496	-0.032198	-0.005370	-0.003044
22497	-0.033158	-0.004802	-0.004088
22498	-0.032868	-0.004824	-0.004834
22499	-0.033578	-0.003528	-0.004754
22500	-0.033431	-0.003648	-0.003961
22501	-0.034774	-0.004133	-0.003245
22502	-0.032649	-0.002614	-0.005653
22503	-0.033415	-0.001278	-0.005503
22504	-0.034818	-0.002746	-0.006121
22505	-0.034687	-0.002808	-0.005295
22506	-0.033875	-0.003165	-0.005035
22507	-0.034978	-0.002596	-0.004623
22508	-0.034166	-0.002954	-0.004363
22509	-0.035090	-0.001304	-0.004176
22510	-0.033361	-0.000891	-0.004748
22511	-0.033246	-0.001947	-0.005286
22512	-0.034032	-0.000495	-0.005251
22513	-0.034013	-0.000439	-0.004299
22514	-0.034388	-0.000229	-0.004504
22515	-0.033617	-0.000828	-0.002722
22516	-0.033992	-0.000620	-0.002927
22517	-0.034655	-0.001548	-0.002583
22518	-0.033859	0.000437	-0.003916
22519	-0.032796	-0.002298	-0.003615
22520	-0.032142	-0.000409	-0.003409
22521	-0.032666	-0.001201	-0.003483
22522	-0.032517	-0.001327	-0.002682
22523	-0.031818	-0.002649	-0.003552
22524	-0.032082	-0.001532	-0.002512
22525	-0.032715	-0.002288	-0.002388
22526	-0.031920	-0.000304	-0.003719
22527	-0.033073	-0.001027	-0.003172
22528	-0.031989	-0.002729	-0.001605
22529	-0.032804	-0.002131	-0.002982
22530	-0.032654	-0.002258	-0.002180
22531	-0.032945	-0.001868	-0.003826
22532	-0.034236	-0.002434	-0.003192
22533	-0.034710	-0.002203	-0.003155
22534	-0.034813	-0.003338	-0.002053
22535	-0.035617	-0.001910	-0.001908
22536	-0.037019	-0.003388	-0.002513
22537	-0.035145	-0.002133	-0.001798
22538	-0.034854	-0.002166	-0.002531
22539	-0.033999	-0.002610	-0.002221
22540	-0.033709	-0.002644	-0.002953
22541	-0.032354	-0.001055	-0.003244
22542	-0.033896	-0.002630	-0.002308
22543	-0.033440	-0.001580	-0.003178
22544	-0.031961	-0.002184	-0.003442
22545	-0.033508	-0.001421	-0.004072
22546	-0.033217	-0.001457	-0.004802
22547	-0.033464	-0.000277	-0.003796
22548	-0.032649	-0.000645	-0.003523
22549	-0.033185	-0.000344	-0.003421
22550	-0.031455	0.000057	-0.003982
22551	-0.032233	0.001428	-0.003830
22552	-0.033633	-0.000055	-0.004428
22553	-0.032226	-0.000812	-0.003180
22554	-0.031160	-0.000175	-0.003204
22555	-0.031124	-0.000241	-0.002162
22556	-0.030421	-0.001524	-0.003125
22557	-0.029726	0.000564	-0.004294
22558	-0.029323	0.001438	-0.003782
22559	-0.029246	0.001520	-0.002960
22560	-0.029095	0.001386	-0.002148
22561	-0.029627	0.002910	-0.003808
22562	-0.029588	0.001863	-0.004233
22563	-0.029967	0.002098	-0.004390
22564	-0.031003	0.002533	-0.004044
22565	-0.031511	0.001522	-0.003936
22566	-0.029780	0.001919	-0.004492
22567	-0.030141	-0.000268	-0.002965
22568	-0.029989	-0.000404	-0.002150
22569	-0.031160	-0.000888	-0.002936
22570	-0.031008	-0.001024	-0.002120
22571	-0.032012	-0.000490	-0.001881
22572	-0.033048	-0.000058	-0.001533
22573	-0.032907	-0.000215	-0.000617
22574	-0.033118	-0.002273	-0.000737
22575	-0.032584	-0.001348	-0.001654
22576	-0.033759	-0.001009	0.000233
22577	-0.033547	-0.002030	-0.001682
22578	-0.033394	-0.002168	-0.000865
22579	-0.033373	-0.003507	0.000243
22580	-0.033082	-0.003553	-0.000476
22581	-0.034233	-0.003142	0.001356
22582	-0.033942	-0.003188	0.000637
22583	-0.033757	-0.003447	0.001559
22584	-0.031776	-0.002048	0.000706
22585	-0.032955	-0.002512	-0.000082
22586	-0.033465	-0.002413	0.001273
22587	-0.033892	-0.002131	0.001175
22588	-0.033075	-0.002510	0.001460
22589	-0.033889	-0.003408	0.003273
22590	-0.031770	-0.001918	0.000884
22591	-0.032175	-0.003887	0.002311
22592	-0.033461	-0.004467	0.002967
22593	-0.032085	-0.002843	0.002601
22594	-0.031681	-0.001977	0.003121
22595	-0.032310	-0.002663	0.003188
22596	-0.032018	-0.002713	0.002473
22597	-0.030717	-0.004143	0.002258
22598	-0.030426	-0.004194	0.001545
22599	-0.029830	-0.003169	0.000410
22600	-0.031002	-0.002834	0.002303
22601	-0.029529	-0.003320	0.002006
22602	-0.028988	-0.002365	0.000992
22603	-0.028351	-0.003880	0.001620
22604	-0.029386	-0.003455	0.001978
22605	-0.029624	-0.002209	0.002914
22606	-0.027893	-0.001823	0.002368
22607	-0.029159	-0.002234	0.002893
22608	-0.027178	-0.000841	0.002045
22609	-0.028004	-0.000485	0.000916
22610	-0.028375	-0.000300	0.000741
22611	-0.028752	0.000006	0.000518
22612	-0.028347	0.000869	0.001043
22613	-0.028358	-0.000115	0.000729
22614	-0.027567	0.001846	-0.000586
22615	-0.028891	0.001214	0.000257
22616	-0.028962	-0.000767	-0.001381
22617	-0.029431	-0.000736	0.000019
22618	-0.029388	-0.001801	-0.000385
22619	-0.028629	-0.002258	0.000157
22620	-0.028586	-0.003324	-0.000246
22621	-0.028350	-0.003306	-0.000855
22622	-0.029384	-0.002885	-0.000492
22623	-0.028939	-0.001915	-0.001266
22624	-0.027456	-0.002542	-0.001502
22625	-0.028752	-0.000985	-0.002242
22626	-0.029123	-0.000804	-0.002412
22627	-0.029076	-0.002209	-0.001276
22628	-0.028784	-0.002269	-0.001979
22629	-0.029690	-0.001971	-0.001707
22630	-0.029781	-0.003128	-0.000569
22631	-0.028138	-0.002926	0.000469
22632	-0.027597	-0.001978	-0.000538
22633	-0.026953	-0.002498	0.001476
22634	-0.027324	-0.002319	0.001309
22635	-0.027731	-0.002098	0.001234
22636	-0.026248	-0.002729	0.001001
22637	-0.026374	-0.002367	-0.000958
22638	-0.025408	-0.004185	0.002188
22639	-0.026245	-0.002603	0.002266
22640	-0.027144	-0.002097	0.001098
22641	-0.027719	-0.003022	0.001286
22642	-0.027032	-0.003502	0.003126
22643	-0.027319	-0.003327	0.002846
22644	-0.027441	-0.002142	0.002376
22645	-0.027505	-0.003078	0.003314
22646	-0.026716	-0.001125	0.002006
22647	-0.031517	-0.000666	0.001451
22648	-0.031591	-0.002661	-0.000171
22649	-0.031209	-0.001729	0.000393
22650	-0.031583	-0.001555	0.000230
22651	-0.031051	-0.000378	-0.000907
22652	-0.030100	-0.000685	-0.002137
22653	-0.030989	-0.000100	-0.003345
22654	-0.032522	-0.001703	-0.002361
22655	-0.033369	-0.000102	-0.002274
22656	-0.031393	0.001278	-0.003112
22657	-0.032088	0.000382	-0.001521
22658	-0.031270	-0.000015	-0.001212
22659	-0.030861	0.000052	-0.002211
22660	-0.029494	-0.001508	-0.003665
22661	-0.029066	-0.001912	-0.004294
22662	-0.030216	-0.002421	-0.005150
22663	-0.028533	-0.001378	-0.002663
22664	-0.029931	-0.002897	-0.003211
22665	-0.030062	-0.001855	-0.003492
22666	-0.029906	-0.002013	-0.002647
22667	-0.030524	-0.002749	-0.002537
22668	-0.030120	-0.001899	-0.001998
22669	-0.029025	-0.002634	0.001085
22670	-0.028851	-0.003629	-0.000834
22671	-0.027558	-0.004620	0.002071
22672	-0.026756	-0.003511	-0.001996
22673	-0.027378	-0.004235	-0.001887
22674	-0.027751	-0.004067	-0.002042
22675	-0.028373	-0.004970	-0.001778
22676	-0.028499	-0.003794	-0.002240
22677	-0.028334	-0.003958	-0.001350
22678	-0.027930	-0.003110	-0.000808
22679	-0.029235	-0.003543	-0.000165
22680	-0.028813	-0.003533	-0.002388
22681	-0.028489	-0.002527	-0.001763
22682	-0.027669	-0.002930	-0.001447
22683	-0.029280	-0.002218	-0.001903
22684	-0.029122	-0.002380	-0.001052
22685	-0.028841	-0.002576	-0.000363
22686	-0.028551	-0.002653	-0.001047
22687	-0.029498	-0.001932	-0.002256
22688	-0.028846	-0.000076	-0.002021
22689	-0.029391	-0.000985	-0.001899
22690	-0.029101	-0.001063	-0.002583
22691	-0.028783	-0.001184	-0.003228
22692	-0.028247	-0.000253	-0.004219
22693	-0.027432	-0.000786	-0.002521
22694	-0.028582	-0.001306	-0.003364
22695	-0.028469	-0.002299	-0.003905
22696	-0.028194	-0.001539	-0.001824
22697	-0.028123	-0.001625	-0.000805
22698	-0.028495	-0.001464	-0.000953
22699	-0.027519	-0.001809	-0.002139
22700	-0.027359	-0.001974	-0.001283
22701	-0.026562	0.000033	-0.002615
22702	-0.028089	-0.001583	-0.001611
22703	-0.027593	-0.000778	-0.002355
22704	-0.027434	-0.000944	-0.001498
22705	-0.027272	-0.001017	-0.000673
22706	-0.028591	0.000722	-0.001597
22707	-0.028944	0.000855	-0.001702
22708	-0.029316	0.001014	-0.001847
22709	-0.029593	0.001366	-0.003496
22710	-0.026798	0.001070	-0.002008
22711	-0.028141	0.000301	-0.000989
22712	-0.029045	0.000786	-0.002135
22713	-0.029381	0.000784	-0.002158
22714	-0.029220	0.000616	-0.001298
22715	-0.029524	0.000710	-0.001466
22716	-0.029895	0.000868	-0.001608
22717	-0.027515	0.000627	-0.001066
22718	-0.028665	0.000101	-0.001900
22719	-0.028100	0.000981	-0.002847
22720	-0.028315	-0.000282	-0.000140
22721	-0.027075	0.000418	-0.001701
22722	-0.026913	0.000248	-0.000839
22723	-0.026980	0.001543	-0.001463
22724	-0.026818	0.001372	-0.000601
22725	-0.026879	0.000066	0.000689
22726	-0.027537	0.001556	-0.000763
22727	-0.027457	0.000303	-0.001005
22728	-0.026804	0.002151	-0.000762
22729	-0.027848	0.002513	-0.000261
22730	-0.028090	0.002749	-0.001934
22731	-0.027782	0.002714	-0.002629
22732	-0.027374	0.003552	-0.002075
22733	-0.027564	0.003850	-0.003848
22734	-0.026090	0.004036	-0.001289
22735	-0.028786	0.004072	0.000584
22736	-0.026926	0.004503	-0.001459
22737	-0.027437	0.004627	-0.000028
22738	-0.028225	0.006033	0.000057
22739	-0.027911	0.005756	0.000769
22740	-0.027503	0.006592	0.001325
22741	-0.027952	0.006643	0.002697
22742	-0.027660	0.006550	0.002030
22743	-0.028917	0.004857	0.001431
22744	-0.026941	0.006214	0.000612
22745	-0.027861	0.004287	0.002537
22746	-0.027569	0.004193	0.001872
22747	-0.026769	0.003689	0.002384
22748	-0.026605	0.003513	0.003254
22749	-0.026415	0.003208	0.004235
22750	-0.027564	0.002672	0.003412
22751	-0.027518	0.001607	0.003085
22752	-0.026866	0.003450	0.003331
22753	-0.027269	0.003542	0.003368
22754	-0.027884	0.002679	0.003550
22755	-0.027944	0.003884	0.002994
22756	-0.028314	0.004032	0.002864
22757	-0.029516	0.003576	0.002132
22758	-0.030547	0.003967	0.002534
22759	-0.030686	0.002850	0.002612
22760	-0.030033	0.004692	0.002860
22761	-0.029282	0.004181	0.004695
22762	-0.028746	0.005093	0.003722
22763	-0.027874	0.004845	0.003881
22764	-0.028371	0.004910	0.005287
22765	-0.027784	0.003285	0.007370
22766	-0.027004	0.005206	0.006085
22767	-0.028219	0.004387	0.006908
22768	-0.029124	0.004856	0.005779
22769	-0.028997	0.003668	0.005400
22770	-0.028832	0.003487	0.006277
22771	-0.029371	0.002475	0.006496
22772	-0.029496	0.003628	0.006057
22773	-0.028596	0.000827	0.008062
22774	-0.029257	0.002304	0.006621
22775	-0.028054	0.001604	0.009512
22776	-0.028958	0.002070	0.008385
22777	-0.028611	0.002132	0.007535
22778	-0.028201	0.002960	0.008100
22779	-0.027287	0.002433	0.008416
22780	-0.026459	0.002005	0.008764
22781	-0.025771	0.003063	0.006202
22782	-0.024777	0.001221	0.009402
22783	-0.025474	0.002610	0.009381
22784	-0.026865	0.001053	0.008885
22785	-0.027012	0.002300	0.008463
22786	-0.027498	0.001507	0.007123
22787	-0.027229	0.001321	0.006638
22788	-0.026400	0.000890	0.006988
22789	-0.026803	0.001081	0.006946
22790	-0.026879	-0.000115	0.008143
22791	-0.027776	0.000532	0.006902
22792	-0.027240	0.001435	0.005937
22793	-0.025754	0.000821	0.005768
22794	-0.026784	0.001204	0.006181
22795	-0.025395	0.000571	0.006220
22796	-0.025103	0.000462	0.005571
22797	-0.025882	0.000951	0.003013
22798	-0.024398	0.001128	0.005588
22799	-0.025762	0.000508	0.006544
22800	-0.027152	-0.001054	0.006056
22801	-0.025713	0.000645	0.004274
22802	-0.026324	-0.000230	0.004473
22803	-0.025443	-0.000691	0.004804
22804	-0.025810	-0.000556	0.004688
22805	-0.025462	-0.000779	0.004083
22806	-0.027682	-0.000686	0.001277
22807	-0.027764	-0.001685	0.001156
22808	-0.027110	0.000147	0.001412
22809	-0.027753	-0.000439	0.001484
22810	-0.027702	-0.001562	0.001156
22811	-0.027810	-0.002729	0.002453
22812	-0.027935	-0.001585	0.002024
22813	-0.027751	-0.001957	0.003094
22814	-0.026135	-0.002563	0.001389
22815	-0.027144	-0.002072	0.000504
22816	-0.026974	-0.002264	0.001395
22817	-0.028406	-0.000556	0.001989
22818	-0.028773	-0.000425	0.001878
22819	-0.029971	-0.000991	0.001245
22820	-0.029140	-0.001429	0.001606
22821	-0.029232	-0.000033	-0.000276
22822	-0.028229	-0.001882	0.002938
22823	-0.030677	-0.002910	0.000571
22824	-0.030389	-0.002168	0.002680
22825	-0.029878	-0.001174	0.001741
22826	-0.029288	-0.002625	0.002421
22827	-0.028776	-0.001847	0.002888
22828	-0.028481	-0.001965	0.002249
22829	-0.028610	-0.000778	0.001845
22830	-0.028316	-0.000896	0.001207
22831	-0.028215	-0.002116	0.000920
22832	-0.027925	-0.001375	0.003031
22833	-0.028045	-0.000206	0.002625
22834	-0.027751	-0.000325	0.001989
22835	-0.026957	-0.000635	0.002368
22836	-0.026785	-0.000830	0.003265
22837	-0.026497	-0.001210	0.004146
22838	-0.025720	0.000692	0.002875
22839	-0.024032	0.000956	0.003815
22840	-0.026377	0.000962	0.002554
22841	-0.026725	0.001194	0.001149
22842	-0.026553	0.000997	0.002048
22843	-0.027063	0.000281	0.000752
22844	-0.027429	0.000406	0.000649
22845	-0.028204	-0.000426	0.002428
22846	-0.025028	0.000336	0.002102
22847	-0.032642	-0.002583	0.002676
22848	-0.034035	-0.004163	0.002210
22849	-0.034313	-0.004006	0.000722
22850	-0.034146	-0.004206	0.001625
22851	-0.034468	-0.004024	0.001433
22852	-0.033400	-0.003461	0.001487
22853	-0.033425	-0.002254	-0.000371
22854	-0.034939	-0.003910	0.000699
22855	-0.034390	-0.003032	-0.000227
22856	-0.034223	-0.003234	0.000677
22857	-0.033140	-0.002680	0.000772
22858	-0.032851	-0.002809	0.000145
22859	-0.033543	-0.003780	0.000660
22860	-0.032715	-0.004230	0.001035
22861	-0.031822	-0.004519	-0.000012
22862	-0.032492	-0.003068	-0.001430
22863	-0.032298	-0.003292	-0.000507
22864	-0.030447	-0.002907	-0.002512
22865	-0.031128	-0.003880	-0.000803
22866	-0.029639	-0.004581	-0.000955
22867	-0.029318	-0.004768	-0.001536
22868	-0.028489	-0.005220	-0.001157
22869	-0.028154	-0.004347	-0.000413
22870	-0.027864	-0.004479	-0.001036
22871	-0.029034	-0.005424	-0.000189
22872	-0.029945	-0.004988	-0.001284
22873	-0.029051	-0.005261	-0.002354
22874	-0.030082	-0.004898	-0.001916
22875	-0.029638	-0.004071	-0.001358
22876	-0.029588	-0.005217	-0.001659
22877	-0.028816	-0.005565	-0.001194
22878	-0.027326	-0.005402	0.001401
22879	-0.029741	-0.006378	-0.001091
22880	-0.028611	-0.008167	0.000615
22881	-0.028743	-0.006848	0.000106
22882	-0.028994	-0.005795	0.001228
22883	-0.028681	-0.006040	0.000715
22884	-0.028512	-0.006249	0.001629
22885	-0.028122	-0.005438	0.002318
22886	-0.027832	-0.005575	0.001700
22887	-0.027958	-0.007384	0.000122
22888	-0.027309	-0.005569	0.000394
22889	-0.028539	-0.006485	0.002567
22890	-0.029029	-0.007315	0.001269
22891	-0.028450	-0.006524	0.000357
22892	-0.028160	-0.006663	-0.000259
22893	-0.028403	-0.006476	-0.001832
22894	-0.025591	-0.006813	-0.000292
22895	-0.026904	-0.007237	0.000427
22896	-0.026374	-0.006364	-0.000509
22897	-0.027514	-0.006862	-0.001308
22898	-0.027224	-0.007002	-0.001921
22899	-0.027630	-0.006774	-0.001968
22900	-0.027339	-0.006914	-0.002582
22901	-0.026721	-0.008421	-0.001836
22902	-0.025952	-0.006538	-0.003093
22903	-0.027307	-0.007106	-0.002158
22904	-0.028337	-0.007621	-0.004452
22905	-0.028801	-0.007313	-0.004453
22906	-0.028629	-0.007526	-0.003533
22907	-0.028382	-0.007826	-0.002632
22908	-0.027788	-0.009302	-0.001918
22909	-0.027830	-0.010485	-0.000699
22910	-0.028502	-0.009047	-0.002105
22911	-0.028397	-0.009204	-0.001035
22912	-0.027867	-0.008336	-0.001967
22913	-0.027843	-0.009388	-0.002225
22914	-0.028212	-0.009283	-0.002304
22915	-0.029070	-0.008976	-0.003328
22916	-0.028897	-0.009191	-0.002404
22917	-0.030483	-0.008362	-0.003001
22918	-0.030192	-0.008508	-0.003608
22919	-0.030159	-0.009501	-0.003929
22920	-0.031306	-0.009217	-0.001947
22921	-0.030436	-0.009908	-0.001374
22922	-0.030144	-0.010055	-0.001980
22923	-0.029592	-0.009202	-0.002893
22924	-0.028758	-0.009669	-0.002496
22925	-0.028470	-0.008802	-0.000415
22926	-0.029384	-0.009256	-0.004232
22927	-0.028920	-0.008202	-0.005116
22928	-0.029102	-0.009501	-0.002334
22929	-0.027798	-0.007796	-0.002647
22930	-0.026964	-0.008265	-0.002248
22931	-0.027310	-0.008104	-0.002361
22932	-0.026476	-0.008573	-0.001961
22933	-0.025373	-0.010425	-0.000045
22934	-0.027607	-0.010381	-0.002800
22935	-0.028405	-0.009035	-0.002582
22936	-0.028230	-0.009255	-0.001653
22937	-0.027244	-0.009705	-0.002757
22938	-0.028509	-0.010368	-0.001976
22939	-0.027874	-0.011757	-0.001350
22940	-0.027820	-0.012922	-0.001625
22941	-0.027761	-0.014164	-0.000571
22942	-0.025674	-0.012792	-0.002877
22943	-0.027086	-0.014382	-0.003199
22944	-0.025591	-0.015105	-0.003324
22945	-0.026368	-0.013750	-0.003149
22946	-0.026430	-0.014985	-0.001891
22947	-0.027342	-0.014524	-0.002942
22948	-0.026812	-0.013666	-0.003865
22949	-0.026961	-0.014931	-0.001109
22950	-0.026194	-0.013060	-0.002357
22951	-0.027294	-0.014555	-0.005873
22952	-0.026643	-0.012752	-0.005590
22953	-0.028256	-0.012251	-0.004607
22954	-0.027963	-0.012408	-0.005202
22955	-0.027548	-0.012677	-0.005900
22956	-0.027371	-0.012901	-0.004964
22957	-0.027929	-0.012894	-0.003264
22958	-0.027162	-0.011025	-0.004510
22959	-0.027267	-0.013090	-0.005884
22960	-0.027935	-0.010786	-0.004543
22961	-0.028774	-0.012621	-0.003978
22962	-0.029141	-0.012528	-0.004043
22963	-0.029258	-0.013840	-0.002527
22964	-0.028965	-0.014000	-0.003119
22965	-0.028376	-0.012054	-0.003989
22966	-0.029876	-0.013737	-0.002871
22967	-0.029429	-0.012874	-0.003565
22968	-0.030570	-0.012598	-0.001569
22969	-0.031273	-0.013538	-0.001021
22970	-0.030980	-0.013699	-0.001611
22971	-0.031074	-0.012638	-0.001981
22972	-0.031441	-0.012547	-0.002042
22973	-0.031343	-0.011391	-0.004123
22974	-0.032841	-0.013076	-0.003002
22975	-0.032379	-0.012091	-0.003831
22976	-0.032552	-0.013399	-0.001031
22977	-0.031291	-0.012776	-0.002591
22978	-0.030997	-0.012939	-0.003178
22979	-0.031474	-0.012847	-0.002945
22980	-0.030944	-0.011997	-0.003860
22981	-0.031741	-0.011406	-0.006495
22982	-0.031676	-0.011701	-0.004021
22983	-0.031108	-0.010917	-0.004894
22984	-0.030456	-0.009120	-0.004606
22985	-0.031902	-0.010811	-0.003530
22986	-0.031608	-0.010976	-0.004115
22987	-0.032075	-0.010672	-0.004089
22988	-0.032864	-0.009320	-0.003946
22989	-0.033086	-0.009214	-0.005486
22990	-0.034111	-0.008876	-0.005014
22991	-0.032731	-0.010460	-0.006352
22992	-0.032551	-0.010691	-0.005405
22993	-0.034464	-0.010997	-0.005357
22994	-0.034593	-0.009898	-0.005740
22995	-0.035711	-0.010619	-0.006376
22996	-0.035765	-0.011865	-0.005099
22997	-0.036883	-0.011522	-0.003142
22998	-0.037331	-0.009980	-0.007585
22999	-0.035832	-0.010995	-0.004912
23000	-0.036743	-0.010595	-0.005967
23001	-0.035072	-0.010205	-0.006302
23002	-0.035550	-0.010186	-0.004825
23003	-0.035894	-0.010026	-0.004935
23004	-0.035477	-0.009246	-0.004314
23005	-0.035054	-0.009113	-0.006604
23006	-0.035107	-0.010361	-0.005324
23007	-0.036259	-0.011122	-0.004610
23008	-0.037639	-0.012752	-0.005003
23009	-0.036982	-0.010935	-0.004682
23010	-0.035906	-0.010409	-0.004587
23011	-0.035704	-0.010662	-0.003598
23012	-0.036303	-0.011595	-0.003318
23013	-0.037244	-0.010996	-0.004423
23014	-0.036949	-0.011169	-0.004999
23015	-0.036423	-0.010275	-0.005883
23016	-0.036240	-0.010512	-0.004929
23017	-0.036443	-0.010390	-0.006523
23018	-0.036572	-0.009297	-0.006901
23019	-0.036248	-0.009507	-0.007443
23020	-0.035171	-0.008984	-0.007345
23021	-0.035595	-0.008952	-0.007164
23022	-0.036740	-0.009572	-0.007882
23023	-0.037601	-0.008263	-0.007476
23024	-0.036446	-0.010085	-0.005714
23025	-0.035889	-0.009278	-0.006585
23026	-0.037336	-0.007680	-0.005907
23027	-0.037117	-0.008054	-0.004842
23028	-0.037905	-0.006710	-0.004690
23029	-0.037981	-0.005527	-0.006434
23030	-0.036937	-0.007412	-0.003141
23031	-0.037739	-0.005986	-0.002973
23032	-0.038649	-0.005595	-0.004018
23033	-0.037648	-0.004838	-0.003902
23034	-0.037352	-0.005017	-0.004472
23035	-0.039172	-0.005389	-0.004558
23036	-0.039768	-0.006329	-0.004269
23037	-0.040163	-0.006381	-0.002839
23038	-0.042403	-0.006375	-0.005555
23039	-0.041766	-0.005527	-0.006629
23040	-0.041458	-0.004815	-0.004471
23041	-0.040856	-0.006502	-0.003469
23042	-0.041644	-0.005161	-0.003314
23043	-0.040566	-0.004519	-0.003254
23044	-0.041162	-0.005460	-0.002962
23045	-0.041502	-0.005321	-0.003044
23046	-0.039986	-0.005180	-0.000409
23047	-0.034007	-0.000437	0.004654
23048	-0.033471	0.000398	0.003761
23049	-0.034569	-0.000206	0.003011
23050	-0.034377	-0.000447	0.003979
23051	-0.034652	0.000728	0.005144
23052	-0.034775	0.001816	0.004778
23053	-0.033718	-0.000112	0.008182
23054	-0.033416	-0.000293	0.007623
23055	-0.034143	0.001045	0.007728
23056	-0.035514	-0.000597	0.007359
23057	-0.034274	0.001105	0.007190
23058	-0.034863	0.000163	0.007491
23059	-0.034666	0.000138	0.007054
23060	-0.034596	-0.001060	0.006830
23061	-0.033650	0.000733	0.004097
23062	-0.035131	-0.000970	0.005259
23063	-0.035079	-0.002079	0.005041
23064	-0.034885	-0.002322	0.006014
23065	-0.035217	-0.002261	0.005996
23066	-0.035572	-0.002191	0.005966
23067	-0.035162	-0.002524	0.005390
23068	-0.035201	-0.003783	0.006697
23069	-0.035150	-0.005222	0.008043
23070	-0.034381	-0.003378	0.006822
23071	-0.035051	-0.002108	0.006875
23072	-0.035104	-0.004265	0.005461
23073	-0.035513	-0.004170	0.005574
23074	-0.035318	-0.004415	0.006549
23075	-0.034320	-0.004973	0.005555
23076	-0.035333	-0.004650	0.006055
23077	-0.035386	-0.005982	0.008753
23078	-0.033301	-0.004651	0.006481
23079	-0.035343	-0.002728	0.007567
23080	-0.033955	-0.004443	0.006298
23081	-0.033859	-0.004468	0.007326
23082	-0.034213	-0.004402	0.007301
23083	-0.034126	-0.004643	0.008555
23084	-0.034481	-0.004578	0.008531
23085	-0.035578	-0.005271	0.007875
23086	-0.035274	-0.005461	0.007326
23087	-0.033946	-0.006453	0.010414
23088	-0.035315	-0.008105	0.010059
23089	-0.034721	-0.007367	0.009194
23090	-0.035075	-0.007303	0.009172
23091	-0.035944	-0.006969	0.009419
23092	-0.035640	-0.007162	0.008872
23093	-0.036089	-0.007123	0.010372
23094	-0.035321	-0.005285	0.009155
23095	-0.036644	-0.005801	0.010042
23096	-0.037549	-0.005425	0.009020
23097	-0.038477	-0.005266	0.009565
23098	-0.038723	-0.005147	0.008017
23099	-0.038446	-0.005475	0.008973
23100	-0.038800	-0.005413	0.008954
23101	-0.038837	-0.006692	0.010342
23102	-0.041075	-0.006706	0.007653
23103	-0.039285	-0.005632	0.010035
23104	-0.040189	-0.005258	0.009015
23105	-0.039863	-0.005190	0.008218
23106	-0.039789	-0.006401	0.008011
23107	-0.039325	-0.005759	0.008762
23108	-0.039019	-0.005956	0.008220
23109	-0.039244	-0.007165	0.011189
23110	-0.038939	-0.007363	0.010647
23111	-0.039635	-0.006017	0.010683
23112	-0.039223	-0.006158	0.008615
23113	-0.039604	-0.005891	0.008517
23114	-0.040508	-0.005520	0.007500
23115	-0.040772	-0.005389	0.006042
23116	-0.040467	-0.005588	0.005503
23117	-0.040136	-0.004591	0.006185
23118	-0.039830	-0.004790	0.005646
23119	-0.040597	-0.003528	0.005923
23120	-0.040522	-0.004744	0.005721
23121	-0.040164	-0.004937	0.005121
23122	-0.040748	-0.005896	0.005445
23123	-0.041115	-0.005908	0.005588
23124	-0.040809	-0.006109	0.005051
23125	-0.040413	-0.005435	0.007156
23126	-0.040107	-0.005637	0.006619
23127	-0.042529	-0.006734	0.004286
23128	-0.042329	-0.006991	0.005278
23129	-0.042716	-0.006866	0.005327
23130	-0.043068	-0.006812	0.005317
23131	-0.043050	-0.008143	0.006655
23132	-0.043402	-0.008089	0.006646
23133	-0.043705	-0.006899	0.007873
23134	-0.043399	-0.007103	0.007339
23135	-0.044506	-0.007997	0.008148
23136	-0.042653	-0.007700	0.006227
23137	-0.043794	-0.008507	0.007023
23138	-0.043593	-0.008767	0.008017
23139	-0.043925	-0.008714	0.008031
23140	-0.044829	-0.008350	0.007023
23141	-0.044998	-0.008213	0.005357
23142	-0.045152	-0.010451	0.005503
23143	-0.045171	-0.011460	0.005369
23144	-0.044509	-0.009689	0.005688
23145	-0.043582	-0.010072	0.005945
23146	-0.043275	-0.010280	0.005415
23147	-0.043390	-0.009176	0.005085
23148	-0.043616	-0.008164	0.006269
23149	-0.043658	-0.006988	0.004451
23150	-0.045126	-0.008713	0.005649
23151	-0.044599	-0.007806	0.004755
23152	-0.044397	-0.008068	0.005753
23153	-0.044946	-0.008988	0.004786
23154	-0.044638	-0.009197	0.004258
23155	-0.045095	-0.009141	0.004531
23156	-0.045446	-0.009093	0.004529
23157	-0.044485	-0.009657	0.003640
23158	-0.043404	-0.011560	0.006984
23159	-0.044089	-0.010252	0.007041
23160	-0.045452	-0.011926	0.006718
23161	-0.045788	-0.011770	0.006639
23162	-0.046138	-0.011724	0.006639
23163	-0.046252	-0.010843	0.007771
23164	-0.046602	-0.010797	0.007772
23165	-0.047332	-0.009293	0.006477
23166	-0.047024	-0.009506	0.005953
23167	-0.046850	-0.009804	0.007117
23168	-0.046771	-0.011034	0.006934
23169	-0.047092	-0.010992	0.006933
23170	-0.047441	-0.010948	0.006935
23171	-0.047797	-0.010914	0.007025
23172	-0.048146	-0.010870	0.007028
23173	-0.048813	-0.009349	0.005573
23174	-0.047854	-0.012219	0.007736
23175	-0.047187	-0.011607	0.006848
23176	-0.047965	-0.010289	0.007035
23177	-0.046982	-0.010906	0.006150
23178	-0.047559	-0.011880	0.006496
23179	-0.046717	-0.012367	0.007040
23180	-0.047066	-0.012325	0.007046
23181	-0.045264	-0.012165	0.006680
23182	-0.044829	-0.011418	0.007347
23183	-0.045051	-0.013899	0.009209
23184	-0.043530	-0.014687	0.009169
23185	-0.044302	-0.014350	0.007963
23186	-0.043993	-0.014569	0.007447
23187	-0.043464	-0.013992	0.008139
23188	-0.044470	-0.013693	0.008671
23189	-0.044242	-0.014037	0.009765
23190	-0.045705	-0.015772	0.010981
23191	-0.045211	-0.014872	0.010175
23192	-0.045004	-0.015144	0.011186
23193	-0.046401	-0.014393	0.010295
23194	-0.046977	-0.015371	0.010646
23195	-0.046571	-0.015763	0.010150
23196	-0.047931	-0.017448	0.009843
23197	-0.047183	-0.015732	0.010088
23198	-0.045889	-0.017541	0.010395
23199	-0.046653	-0.016341	0.010723
23200	-0.048013	-0.018029	0.010418
23201	-0.047555	-0.017339	0.011151
23202	-0.047903	-0.017303	0.011163
23203	-0.049018	-0.017930	0.010493
23204	-0.048708	-0.018154	0.009981
23205	-0.047704	-0.018570	0.008860
23206	-0.047723	-0.019862	0.010218
23207	-0.048481	-0.018697	0.010580
23208	-0.049840	-0.020387	0.010278
23209	-0.047975	-0.020363	0.009905
23210	-0.047538	-0.019622	0.010578
23211	-0.047626	-0.019527	0.008778
23212	-0.048631	-0.019234	0.009317
23213	-0.048808	-0.019168	0.007736
23214	-0.050267	-0.020909	0.008963
23215	-0.050157	-0.022141	0.008787
23216	-0.049492	-0.020384	0.009118
23217	-0.049946	-0.021301	0.007960
23218	-0.049736	-0.021579	0.008979
23219	-0.050723	-0.021043	0.008052
23220	-0.050639	-0.022289	0.007890
23221	-0.050855	-0.021174	0.007768
23222	-0.052312	-0.022917	0.008997
23223	-0.050357	-0.022762	0.007056
23224	-0.051133	-0.021454	0.007255
23225	-0.050979	-0.021764	0.008487
23226	-0.051755	-0.020457	0.008686
23227	-0.051483	-0.020674	0.008313
23228	-0.051272	-0.020954	0.009334
23229	-0.052227	-0.020492	0.008407
23230	-0.051789	-0.019754	0.009084
23231	-0.050375	-0.021398	0.007788
23232	-0.049711	-0.019644	0.008121
23233	-0.050498	-0.021760	0.008967
23234	-0.050843	-0.021732	0.008989
23235	-0.050458	-0.022074	0.008498
23236	-0.050803	-0.022047	0.008520
23237	-0.052454	-0.021348	0.009481
23238	-0.050701	-0.021135	0.009115
23239	-0.050586	-0.022549	0.009117
23240	-0.049921	-0.020797	0.009453
23241	-0.051237	-0.022518	0.009161
23242	-0.051151	-0.023771	0.009008
23243	-0.050265	-0.024069	0.008040
23244	-0.050052	-0.024353	0.009067
23245	-0.050243	-0.024251	0.007483
23246	-0.050257	-0.025552	0.008856
23247	-0.049736	-0.024646	0.007991
23248	-0.051090	-0.026349	0.007707
23249	-0.049245	-0.026218	0.007290
23250	-0.049921	-0.024869	0.005970
23251	-0.050306	-0.024667	0.005973
23252	-0.050650	-0.024643	0.006001
23253	-0.050202	-0.023838	0.006647
23254	-0.051203	-0.023553	0.007198
23255	-0.051919	-0.022323	0.007405
23256	-0.053273	-0.024028	0.007125
23257	-0.051340	-0.022803	0.007841
23258	-0.051684	-0.022781	0.007870
23259	-0.051965	-0.022682	0.007756
23260	-0.052309	-0.022661	0.007786
23261	-0.052852	-0.023791	0.009578
23262	-0.052539	-0.024032	0.009085
23263	-0.053338	-0.022668	0.009340
23264	-0.054240	-0.022340	0.008370
23265	-0.053233	-0.022995	0.008762
23266	-0.052919	-0.023237	0.008271
23267	-0.052772	-0.023420	0.009400
23268	-0.053772	-0.023138	0.009955
23269	-0.052735	-0.023734	0.008953
23270	-0.054186	-0.025489	0.010203
23271	-0.054613	-0.023090	0.008507
23272	-0.055966	-0.024800	0.008233
23273	-0.054831	-0.024382	0.009698
23274	-0.054742	-0.025644	0.009557
23275	-0.054228	-0.024792	0.008753
23276	-0.054570	-0.024775	0.008788
23277	-0.055207	-0.023675	0.008960
23278	-0.055342	-0.025957	0.009168
23279	-0.055689	-0.023706	0.007454
23280	-0.055795	-0.025059	0.010363
23281	-0.055474	-0.025159	0.009786
23282	-0.055816	-0.025143	0.009822
23283	-0.056074	-0.025086	0.009699
23284	-0.056416	-0.025071	0.009736
23285	-0.055318	-0.024418	0.009782
23286	-0.055453	-0.026702	0.009994
23287	-0.054800	-0.024834	0.010309
23288	-0.055702	-0.024512	0.009346
23289	-0.054464	-0.026307	0.011138
23290	-0.054581	-0.025276	0.010828
23291	-0.054614	-0.026291	0.010771
23292	-0.054731	-0.025259	0.010462
23293	-0.054703	-0.026651	0.011915
23294	-0.053939	-0.024865	0.010735
23295	-0.055210	-0.025494	0.011707
23296	-0.056111	-0.025175	0.010746
23297	-0.054331	-0.024934	0.010359
23298	-0.054768	-0.024966	0.011924
23299	-0.054456	-0.025168	0.012743
23300	-0.054797	-0.025157	0.012785
23301	-0.055390	-0.023799	0.011344
23302	-0.054946	-0.023076	0.012038
23303	-0.056069	-0.023647	0.012641
23304	-0.056971	-0.023330	0.011683
23305	-0.055282	-0.023177	0.012864
23306	-0.055623	-0.023167	0.012908
23307	-0.055960	-0.023332	0.013169
23308	-0.056524	-0.024341	0.013563
23309	-0.056940	-0.024126	0.013633
23310	-0.057938	-0.023853	0.014200
23311	-0.057185	-0.022153	0.014466
23312	-0.055971	-0.024040	0.016342
23313	-0.056657	-0.022857	0.016535
23314	-0.055685	-0.023377	0.015538
23315	-0.055196	-0.022596	0.016146
23316	-0.054751	-0.021876	0.016843
23317	-0.055361	-0.022836	0.017350
23318	-0.054598	-0.021056	0.016175
23319	-0.054548	-0.022121	0.016004
23320	-0.055450	-0.021808	0.015051
23321	-0.054406	-0.022449	0.015362
23322	-0.053961	-0.021731	0.016061
23323	-0.053238	-0.022046	0.016741
23324	-0.052921	-0.022304	0.016269
23325	-0.052595	-0.022757	0.016024
23326	-0.053463	-0.021511	0.017767
23327	-0.053866	-0.019284	0.016179
23328	-0.053900	-0.021539	0.014887
23329	-0.053738	-0.021679	0.015975
23330	-0.053948	-0.020698	0.017198
23331	-0.053546	-0.020820	0.016477
23332	-0.053324	-0.021123	0.017530
23333	-0.053640	-0.021249	0.017717
23334	-0.053323	-0.021511	0.017248
23335	-0.054223	-0.021200	0.016361
23336	-0.054996	-0.019915	0.016583
23337	-0.054095	-0.020365	0.017025
23338	-0.053777	-0.020627	0.016557
23339	-0.052806	-0.021213	0.015687
23340	-0.052359	-0.020498	0.016391
23341	-0.052262	-0.021696	0.016252
23342	-0.053256	-0.021430	0.016829
23343	-0.051405	-0.021445	0.015258
23344	-0.051180	-0.021750	0.016315
23345	-0.051230	-0.020625	0.015838
23346	-0.052002	-0.019342	0.016063
23347	-0.051494	-0.018414	0.015212
23348	-0.051703	-0.017436	0.016439
23349	-0.051103	-0.016643	0.015517
23350	-0.052542	-0.018417	0.016801
23351	-0.051988	-0.017704	0.016059
23352	-0.051319	-0.015973	0.016413
23353	-0.052487	-0.016635	0.015928
23354	-0.051383	-0.016188	0.016114
23355	-0.050592	-0.016532	0.016693
23356	-0.050366	-0.016839	0.017753
23357	-0.050012	-0.017099	0.017270
23358	-0.049693	-0.017367	0.016809
23359	-0.050684	-0.016912	0.015977
23360	-0.049146	-0.017751	0.015997
23361	-0.050066	-0.017590	0.016583
23362	-0.049747	-0.017859	0.016124
23363	-0.049282	-0.018170	0.015460
23364	-0.049619	-0.018175	0.015522
23365	-0.049911	-0.018136	0.015515
23366	-0.049148	-0.016368	0.014350
23367	-0.048050	-0.019167	0.015062
23368	-0.048821	-0.017888	0.015292
23369	-0.047184	-0.017658	0.016525
23370	-0.047520	-0.017664	0.016589
23371	-0.047207	-0.018089	0.017639
23372	-0.046887	-0.018362	0.017183
23373	-0.047361	-0.018167	0.017409
23374	-0.046599	-0.016402	0.016246
23375	-0.047817	-0.017145	0.017243
23376	-0.046590	-0.019047	0.019145
23377	-0.047774	-0.017591	0.016949
23378	-0.048110	-0.017599	0.017016
23379	-0.047298	-0.018057	0.017664
23380	-0.047634	-0.018066	0.017732
23381	-0.047384	-0.018239	0.017392
23382	-0.048375	-0.017982	0.017980
23383	-0.048190	-0.019490	0.017964
23384	-0.048961	-0.018214	0.018198
23385	-0.048719	-0.018461	0.019241
23386	-0.048399	-0.018737	0.018789
23387	-0.048123	-0.018944	0.018422
23388	-0.048679	-0.019974	0.018847
23389	-0.049055	-0.019791	0.018885
23390	-0.048293	-0.018030	0.017725
23391	-0.048198	-0.019304	0.017682
23392	-0.049098	-0.019012	0.016752
23393	-0.047494	-0.020003	0.016849
23394	-0.048485	-0.019749	0.017441
23395	-0.049172	-0.021680	0.017987
23396	-0.048851	-0.021959	0.017539
23397	-0.048932	-0.021014	0.017302
23398	-0.048610	-0.021294	0.016854
23399	-0.049316	-0.020180	0.017169
23400	-0.047644	-0.020048	0.018369
23401	-0.049395	-0.020725	0.018529
23402	-0.049820	-0.020776	0.020125
23403	-0.049403	-0.021206	0.019680
23404	-0.049737	-0.021221	0.019755
23405	-0.050282	-0.022165	0.020141
23406	-0.049831	-0.021464	0.020861
23407	-0.049823	-0.022857	0.021124
23408	-0.049151	-0.021137	0.021488
23409	-0.050084	-0.020935	0.020782
23410	-0.051073	-0.020685	0.021379
23411	-0.051407	-0.020445	0.021286
23412	-0.051085	-0.020730	0.020843
23413	-0.049929	-0.020046	0.019472
23414	-0.050918	-0.019796	0.020070
23415	-0.050585	-0.020117	0.021005
23416	-0.051484	-0.019832	0.020082
23417	-0.050291	-0.019410	0.020174
23418	-0.050844	-0.020448	0.020610
23419	-0.051696	-0.020245	0.019725
23420	-0.050808	-0.020835	0.020286
23421	-0.051018	-0.020888	0.018904
23422	-0.052006	-0.020640	0.019504
23423	-0.051386	-0.019669	0.018386
23424	-0.051153	-0.019991	0.019468
23425	-0.053415	-0.018942	0.019545
23426	-0.053092	-0.019230	0.019107
23427	-0.053308	-0.019360	0.019108
23428	-0.053729	-0.019415	0.020711
23429	-0.053340	-0.019849	0.020330
23430	-0.052886	-0.019152	0.021056
23431	-0.052254	-0.018452	0.020162
23432	-0.052019	-0.018776	0.021246
23433	-0.052962	-0.018621	0.021903
23434	-0.052072	-0.019214	0.022469
23435	-0.053270	-0.019730	0.021933
23436	-0.053165	-0.021041	0.021857
23437	-0.053554	-0.021067	0.022128
23438	-0.053100	-0.020372	0.022856
23439	-0.051228	-0.020189	0.021056
23440	-0.050993	-0.020516	0.022144
23441	-0.052661	-0.021174	0.020823
23442	-0.052992	-0.021198	0.020910
23443	-0.052054	-0.021795	0.021441
23444	-0.051948	-0.023108	0.021368
23445	-0.050803	-0.022477	0.020068
23446	-0.051790	-0.022234	0.020675
23447	-0.050407	-0.024470	0.013197
23448	-0.049731	-0.022758	0.013561
23449	-0.051886	-0.022076	0.013747
23450	-0.052214	-0.022103	0.013828
23451	-0.051850	-0.022565	0.013527
23452	-0.051523	-0.022861	0.013090
23453	-0.050716	-0.023300	0.013759
23454	-0.050519	-0.024585	0.012162
23455	-0.050339	-0.025902	0.011999
23456	-0.050974	-0.023654	0.013402
23457	-0.052044	-0.024417	0.012829
23458	-0.051716	-0.024715	0.012394
23459	-0.052633	-0.024468	0.012911
23460	-0.051737	-0.025068	0.013478
23461	-0.052258	-0.025993	0.013821
23462	-0.051494	-0.024251	0.012667
23463	-0.053568	-0.022363	0.013923
23464	-0.053588	-0.024671	0.012690
23465	-0.053120	-0.023894	0.013385
23466	-0.053229	-0.022904	0.013111
23467	-0.052277	-0.023541	0.013662
23468	-0.053259	-0.023304	0.014268
23469	-0.054299	-0.023142	0.015137
23470	-0.053840	-0.022455	0.015865
23471	-0.054741	-0.022241	0.015075
23472	-0.053188	-0.023114	0.015126
23473	-0.054983	-0.023502	0.015129
23474	-0.054871	-0.024825	0.015060
23475	-0.055602	-0.023457	0.013892
23476	-0.055273	-0.023760	0.013463
23477	-0.055038	-0.021722	0.011291
23478	-0.056454	-0.023529	0.012622
23479	-0.054884	-0.024175	0.012494
23480	-0.055780	-0.023909	0.011584
23481	-0.055018	-0.025464	0.012349
23482	-0.055782	-0.024209	0.012598
23483	-0.054806	-0.024659	0.011620
23484	-0.054779	-0.026016	0.013074
23485	-0.054146	-0.025405	0.012272
23486	-0.054250	-0.027753	0.012569
23487	-0.053657	-0.026955	0.011678
23488	-0.052979	-0.025250	0.012049
23489	-0.055485	-0.026313	0.011210
23490	-0.055941	-0.027341	0.010146
23491	-0.055247	-0.026574	0.009056
23492	-0.055219	-0.027933	0.010514
23493	-0.055730	-0.028792	0.010791
23494	-0.055098	-0.028049	0.008486
23495	-0.054575	-0.027183	0.007671
23496	-0.055338	-0.025931	0.007922
23497	-0.054546	-0.026424	0.008689
23498	-0.055440	-0.026163	0.007785
23499	-0.055837	-0.026013	0.007921
23500	-0.055375	-0.025331	0.008656
23501	-0.056801	-0.026910	0.009887
23502	-0.055029	-0.026769	0.009586
23503	-0.054454	-0.026118	0.008861
23504	-0.052898	-0.026999	0.008924
23505	-0.053610	-0.025539	0.007628
23506	-0.053147	-0.024858	0.008365
23507	-0.053989	-0.024631	0.008756
23508	-0.053658	-0.024942	0.008337
23509	-0.053316	-0.025184	0.007899
23510	-0.052553	-0.023454	0.006754
23511	-0.053293	-0.022082	0.006916
23512	-0.054619	-0.023867	0.006742
23513	-0.053507	-0.023438	0.007022
23514	-0.053043	-0.022759	0.007760
23515	-0.053915	-0.022555	0.008230
23516	-0.053583	-0.022869	0.007814
23517	-0.053428	-0.020974	0.007256
23518	-0.054837	-0.022790	0.008604
23519	-0.054183	-0.022171	0.007748
23520	-0.053503	-0.020472	0.008124
23521	-0.054339	-0.020278	0.007221
23522	-0.054661	-0.020323	0.007325
23523	-0.054794	-0.019271	0.008422
23524	-0.055116	-0.019316	0.008526
23525	-0.055636	-0.020242	0.008898
23526	-0.054873	-0.018516	0.007756
23527	-0.054572	-0.018810	0.008773
23528	-0.054322	-0.019155	0.009879
23529	-0.054962	-0.017892	0.008608
23530	-0.055499	-0.018960	0.009078
23531	-0.055816	-0.018930	0.009165
23532	-0.054828	-0.019520	0.008236
23533	-0.055666	-0.021623	0.010648
23534	-0.054903	-0.019899	0.009508
23535	-0.054294	-0.019260	0.008723
23536	-0.052602	-0.019155	0.009950
23537	-0.053749	-0.019963	0.010928
23538	-0.055298	-0.019441	0.010554
23539	-0.056239	-0.019307	0.011244
23540	-0.055905	-0.019628	0.010835
23541	-0.056441	-0.020742	0.012739
23542	-0.054665	-0.020612	0.012449
23543	-0.052812	-0.020587	0.010848
23544	-0.052560	-0.020936	0.011959
23545	-0.053474	-0.020712	0.011199
23546	-0.053795	-0.020763	0.011310
23547	-0.053677	-0.022168	0.011401
23548	-0.054212	-0.023241	0.011879
23549	-0.054064	-0.023486	0.013180
23550	-0.053301	-0.021766	0.012044
23551	-0.054532	-0.022704	0.013320
23552	-0.055425	-0.022458	0.012432
23553	-0.055879	-0.022550	0.014258
23554	-0.055104	-0.024170	0.013704
23555	-0.053803	-0.022616	0.014903
23556	-0.054778	-0.022397	0.015535
23557	-0.055062	-0.022255	0.015462
23558	-0.054727	-0.022581	0.015060
23559	-0.055465	-0.021208	0.015218
23560	-0.057668	-0.020419	0.015367
23561	-0.056898	-0.021983	0.016155
23562	-0.056430	-0.021314	0.016905
23563	-0.056050	-0.021730	0.016556
23564	-0.055141	-0.022356	0.017157
23565	-0.055568	-0.020056	0.015510
23566	-0.056674	-0.020836	0.014994
23567	-0.055075	-0.021808	0.015132
23568	-0.057409	-0.022018	0.014133
23569	-0.057594	-0.021136	0.015526
23570	-0.057045	-0.020444	0.014760
23571	-0.056631	-0.020947	0.015724
23572	-0.056081	-0.020255	0.014959
23573	-0.056502	-0.021252	0.015196
23574	-0.056166	-0.021583	0.014799
23575	-0.054761	-0.023386	0.013775
23576	-0.054079	-0.021698	0.014161
23577	-0.055640	-0.021128	0.013844
23578	-0.055958	-0.021186	0.013965
23579	-0.055979	-0.020157	0.013545
23580	-0.056510	-0.021239	0.014034
23581	-0.055776	-0.020668	0.013041
23582	-0.056749	-0.020455	0.013680
23583	-0.057628	-0.020237	0.012854
23584	-0.059829	-0.019453	0.013010
23585	-0.058852	-0.020059	0.013519
23586	-0.058957	-0.019098	0.013274
23587	-0.058624	-0.019617	0.014460
23588	-0.058075	-0.018930	0.013699
23589	-0.057929	-0.020545	0.015259
23590	-0.057166	-0.018836	0.014130
23591	-0.057916	-0.017521	0.014372
23592	-0.055333	-0.020021	0.015317
23593	-0.056926	-0.019470	0.015077
23594	-0.057243	-0.019533	0.015203
23595	-0.057424	-0.019921	0.015403
23596	-0.058395	-0.019711	0.016046
23597	-0.057111	-0.019231	0.014595
23598	-0.059816	-0.020518	0.017009
23599	-0.059173	-0.018788	0.017513
23600	-0.057898	-0.020742	0.019494
23601	-0.059257	-0.020218	0.017446
23602	-0.059361	-0.019261	0.017205
23603	-0.058031	-0.018947	0.017136
23604	-0.058268	-0.018990	0.015748
23605	-0.056425	-0.018845	0.015373
23606	-0.057820	-0.020682	0.016758
23607	-0.058310	-0.018316	0.015188
23608	-0.059626	-0.020131	0.015057
23609	-0.057292	-0.020307	0.015905
23610	-0.057608	-0.020374	0.016036
23611	-0.058406	-0.020191	0.015071
23612	-0.058722	-0.020258	0.015202
23613	-0.058971	-0.020390	0.015313
23614	-0.057190	-0.020280	0.015043
23615	-0.058126	-0.019843	0.014133
23616	-0.060325	-0.019067	0.014297
23617	-0.058442	-0.019337	0.015546
23618	-0.058102	-0.019680	0.015164
23619	-0.057718	-0.019944	0.014677
23620	-0.056724	-0.020562	0.013779
23621	-0.056668	-0.019746	0.013385
23622	-0.055309	-0.021685	0.013859
23623	-0.056626	-0.022308	0.015061
23624	-0.057517	-0.022083	0.014196
23625	-0.056767	-0.023915	0.015320
23626	-0.056870	-0.022963	0.015085
23627	-0.056652	-0.023278	0.016337
23628	-0.056523	-0.024648	0.016329
23629	-0.056639	-0.027147	0.018260
23630	-0.054568	-0.025998	0.016107
23631	-0.055211	-0.024698	0.016138
23632	-0.056524	-0.026521	0.016018
23633	-0.054427	-0.025368	0.015208
23634	-0.054952	-0.026465	0.015718
23635	-0.054381	-0.025865	0.016393
23636	-0.053829	-0.025191	0.015644
23637	-0.055363	-0.024599	0.015268
23638	-0.053580	-0.024497	0.015005
23639	-0.053396	-0.025886	0.014980
23640	-0.054153	-0.024663	0.015264
23641	-0.053048	-0.024283	0.015641
23642	-0.052784	-0.024654	0.016782
23643	-0.052829	-0.023742	0.016530
23644	-0.053141	-0.023818	0.016672
23645	-0.053496	-0.024841	0.015495
23646	-0.051425	-0.023698	0.013347
23647	-0.047729	-0.020634	0.013111
23648	-0.050343	-0.021909	0.014028
23649	-0.048571	-0.021826	0.013898
23650	-0.048879	-0.021902	0.014040
23651	-0.048231	-0.021373	0.013293
23652	-0.047961	-0.021745	0.014436
23653	-0.046603	-0.020081	0.012753
23654	-0.047985	-0.021928	0.014157
23655	-0.047355	-0.021271	0.013329
23656	-0.047084	-0.021643	0.014473
23657	-0.048677	-0.021160	0.014333
23658	-0.048196	-0.020510	0.015105
23659	-0.048609	-0.020613	0.015596
23660	-0.048472	-0.021991	0.015599
23661	-0.049551	-0.021468	0.016274
23662	-0.049203	-0.021822	0.015904
23663	-0.050370	-0.022465	0.016828
23664	-0.051255	-0.022249	0.015975
23665	-0.050057	-0.021875	0.014843
23666	-0.050364	-0.021954	0.014991
23667	-0.050622	-0.022135	0.015204
23668	-0.051506	-0.021920	0.014352
23669	-0.051766	-0.022021	0.014481
23670	-0.049691	-0.020883	0.012338
23671	-0.050429	-0.019437	0.012438
23672	-0.049133	-0.021407	0.014447
23673	-0.050371	-0.019828	0.012196
23674	-0.050677	-0.019910	0.012346
23675	-0.049569	-0.020570	0.011306
23676	-0.049799	-0.020634	0.009941
23677	-0.049460	-0.021052	0.009710
23678	-0.049111	-0.021411	0.009347
23679	-0.048397	-0.019559	0.009570
23680	-0.049699	-0.021395	0.009470
23681	-0.048808	-0.021796	0.009991
23682	-0.048459	-0.022156	0.009629
23683	-0.047293	-0.021932	0.010043
23684	-0.047598	-0.022016	0.010196
23685	-0.046401	-0.021667	0.009082
23686	-0.047777	-0.023522	0.010500
23687	-0.048256	-0.021219	0.008963
23688	-0.046539	-0.021146	0.010229
23689	-0.046965	-0.022266	0.009309
23690	-0.047060	-0.021327	0.009089
23691	-0.046773	-0.021734	0.010311
23692	-0.046349	-0.022080	0.008437
23693	-0.045743	-0.021540	0.007780
23694	-0.046700	-0.021350	0.008451
23695	-0.046423	-0.021740	0.009672
23696	-0.047306	-0.021534	0.008829
23697	-0.046797	-0.020911	0.008304
23698	-0.045867	-0.021570	0.008948
23699	-0.045996	-0.020540	0.008784
23700	-0.045511	-0.019898	0.009568
23701	-0.046438	-0.019579	0.008776
23702	-0.047529	-0.020398	0.008311
23703	-0.045591	-0.020312	0.006474
23704	-0.047916	-0.020561	0.005524
23705	-0.047638	-0.020790	0.006588
23706	-0.047659	-0.019840	0.004858
23707	-0.048583	-0.019707	0.004235
23708	-0.048885	-0.019797	0.004396
23709	-0.048458	-0.020129	0.003889
23710	-0.047691	-0.018449	0.002784
23711	-0.048616	-0.018306	0.002167
23712	-0.048337	-0.018690	0.003330
23713	-0.049855	-0.018087	0.002924
23714	-0.049503	-0.018456	0.002573
23715	-0.050372	-0.018294	0.001812
23716	-0.050674	-0.018386	0.001975
23717	-0.050220	-0.018698	0.001402
23718	-0.050148	-0.020107	0.002943
23719	-0.050655	-0.017748	0.001416
23720	-0.051537	-0.017548	0.000581
23721	-0.051178	-0.017860	0.000227
23722	-0.050826	-0.018231	-0.000122
23723	-0.050834	-0.017380	-0.000398
23724	-0.050481	-0.017751	-0.000746
23725	-0.051089	-0.019814	-0.001414
23726	-0.050187	-0.017128	-0.001379
23727	-0.049776	-0.017455	-0.003165
23728	-0.050657	-0.017257	-0.003997
23729	-0.050178	-0.016251	-0.004826
23730	-0.051059	-0.016054	-0.005658
23731	-0.051845	-0.015888	-0.006622
23732	-0.051491	-0.016261	-0.006967
23733	-0.050873	-0.015370	-0.007993
23734	-0.050654	-0.016755	-0.009473
23735	-0.051590	-0.016460	-0.010232
23736	-0.050894	-0.014800	-0.009818
23737	-0.052078	-0.015517	-0.008749
23738	-0.051964	-0.013565	-0.009335
23739	-0.051847	-0.014948	-0.007846
23740	-0.051358	-0.014313	-0.007053
23741	-0.051204	-0.012207	-0.009152
23742	-0.051262	-0.014632	-0.008737
23743	-0.051687	-0.012366	-0.010380
23744	-0.053874	-0.011615	-0.010181
23745	-0.052204	-0.012658	-0.008709
23746	-0.052502	-0.012757	-0.008536
23747	-0.052779	-0.012932	-0.008263
23748	-0.053077	-0.013031	-0.008089
23749	-0.052169	-0.013683	-0.008630
23750	-0.052843	-0.012467	-0.009834
23751	-0.053978	-0.013402	-0.008669
23752	-0.053417	-0.012757	-0.009387
23753	-0.054518	-0.013669	-0.009666
23754	-0.054439	-0.015086	-0.008112
23755	-0.053880	-0.014291	-0.008903
23756	-0.054177	-0.014392	-0.008727
23757	-0.054326	-0.014381	-0.010280
23758	-0.055688	-0.016253	-0.008831
23759	-0.055175	-0.015575	-0.009384
23760	-0.054889	-0.015969	-0.008207
23761	-0.054885	-0.015078	-0.008541
23762	-0.055182	-0.015180	-0.008363
23763	-0.054697	-0.015670	-0.008820
23764	-0.054340	-0.016053	-0.009154
23765	-0.055068	-0.014837	-0.008831
23766	-0.054847	-0.016234	-0.010297
23767	-0.054125	-0.014505	-0.009946
23768	-0.055415	-0.016368	-0.010006
23769	-0.053731	-0.016293	-0.008557
23770	-0.053957	-0.016387	-0.009889
23771	-0.053572	-0.016792	-0.010206
23772	-0.053009	-0.016153	-0.010918
23773	-0.052010	-0.017019	-0.010144
23774	-0.052959	-0.016846	-0.009449
23775	-0.052827	-0.018148	-0.009395
23776	-0.052129	-0.016496	-0.008974
23777	-0.053137	-0.017231	-0.009625
23778	-0.054017	-0.017047	-0.010442
23779	-0.054067	-0.016185	-0.010621
23780	-0.054362	-0.016292	-0.010437
23781	-0.055428	-0.017035	-0.010936
23782	-0.056376	-0.016863	-0.010240
23783	-0.055727	-0.016405	-0.010920
23784	-0.055028	-0.014754	-0.010498
23785	-0.055292	-0.016005	-0.011633
23786	-0.055586	-0.016114	-0.011447
23787	-0.055932	-0.016272	-0.012394
23788	-0.055953	-0.015347	-0.014102
23789	-0.055688	-0.015707	-0.012828
23790	-0.054921	-0.014047	-0.013916
23791	-0.057334	-0.014562	-0.011618
23792	-0.056770	-0.013927	-0.012325
23793	-0.057322	-0.015032	-0.011597
23794	-0.057411	-0.014118	-0.011791
23795	-0.057676	-0.014317	-0.011500
23796	-0.058623	-0.014148	-0.010799
23797	-0.058880	-0.014382	-0.010511
23798	-0.060099	-0.015248	-0.007915
23799	-0.059283	-0.013390	-0.010600
23800	-0.060161	-0.013212	-0.011410
23801	-0.059756	-0.013693	-0.010346
23802	-0.061287	-0.013235	-0.010643
23803	-0.061650	-0.013206	-0.010390
23804	-0.061154	-0.012583	-0.009582
23805	-0.060493	-0.011772	-0.011946
23806	-0.061847	-0.013655	-0.010476
23807	-0.061300	-0.012997	-0.011097
23808	-0.062314	-0.013839	-0.013033
23809	-0.059953	-0.014096	-0.012086
23810	-0.060246	-0.014211	-0.011893
23811	-0.060262	-0.013177	-0.013669
23812	-0.060554	-0.013292	-0.013476
23813	-0.058546	-0.012166	-0.014065
23814	-0.059898	-0.014051	-0.012592
23815	-0.059309	-0.013194	-0.013520
23816	-0.059915	-0.011988	-0.016219
23817	-0.058886	-0.011553	-0.014330
23818	-0.058524	-0.011951	-0.014646
23819	-0.058754	-0.012092	-0.014501
23820	-0.058257	-0.011473	-0.013689
23821	-0.059207	-0.011058	-0.014499
23822	-0.058981	-0.012476	-0.015941
23823	-0.059687	-0.011247	-0.015674
23824	-0.060564	-0.011076	-0.016476
23825	-0.059834	-0.012695	-0.015395
23826	-0.059336	-0.012077	-0.014581
23827	-0.059777	-0.013363	-0.015254
23828	-0.060067	-0.013482	-0.015055
23829	-0.060048	-0.012616	-0.016727
23830	-0.060991	-0.012454	-0.016015
23831	-0.059131	-0.012458	-0.017557
23832	-0.058430	-0.010816	-0.017126
23833	-0.060097	-0.011424	-0.017073
23834	-0.060453	-0.011552	-0.015361
23835	-0.060644	-0.011615	-0.015359
23836	-0.060079	-0.010993	-0.016054
23837	-0.060305	-0.011220	-0.015819
23838	-0.059536	-0.009572	-0.016898
23839	-0.060595	-0.010435	-0.015920
23840	-0.061471	-0.010269	-0.016717
23841	-0.060862	-0.009617	-0.016095
23842	-0.062392	-0.009169	-0.016380
23843	-0.062804	-0.010272	-0.017279
23844	-0.063746	-0.010113	-0.016564
23845	-0.063109	-0.009534	-0.017304
23846	-0.061439	-0.010505	-0.018634
23847	-0.062337	-0.010223	-0.019414
23848	-0.062038	-0.010635	-0.018210
23849	-0.063607	-0.010360	-0.018154
23850	-0.063693	-0.009458	-0.018334
23851	-0.064069	-0.009457	-0.019334
23852	-0.064357	-0.009582	-0.019127
23853	-0.062460	-0.008515	-0.019401
23854	-0.063804	-0.010410	-0.017911
23855	-0.062013	-0.010435	-0.019300
23856	-0.062616	-0.008231	-0.017843
23857	-0.064200	-0.008884	-0.019288
23858	-0.064036	-0.010319	-0.019204
23859	-0.064842	-0.010188	-0.020039
23860	-0.065331	-0.011341	-0.019444
23861	-0.064914	-0.011824	-0.019713
23862	-0.065854	-0.011668	-0.018992
23863	-0.066731	-0.011352	-0.019848
23864	-0.067606	-0.011192	-0.020637
23865	-0.066655	-0.012065	-0.019674
23866	-0.066289	-0.012476	-0.019974
23867	-0.067111	-0.012224	-0.020897
23868	-0.067333	-0.012349	-0.022195
23869	-0.067269	-0.013658	-0.021955
23870	-0.068345	-0.014527	-0.022354
23871	-0.067747	-0.014007	-0.022930
23872	-0.070064	-0.014306	-0.023818
23873	-0.069164	-0.014989	-0.021585
23874	-0.069249	-0.014094	-0.021759
23875	-0.069509	-0.014324	-0.021440
23876	-0.069995	-0.015481	-0.020838
23877	-0.070667	-0.014159	-0.022080
23878	-0.069259	-0.016171	-0.021500
23879	-0.068474	-0.014608	-0.021106
23880	-0.067906	-0.013998	-0.021789
23881	-0.068351	-0.014853	-0.022853
23882	-0.067983	-0.015269	-0.023147
23883	-0.067039	-0.016064	-0.022262
23884	-0.067913	-0.015910	-0.023044
23885	-0.068908	-0.015714	-0.022148
23886	-0.068541	-0.016131	-0.022441
23887	-0.068427	-0.017445	-0.022263
23888	-0.067722	-0.015813	-0.021822
23889	-0.068591	-0.015616	-0.022586
23890	-0.068812	-0.015748	-0.023876
23891	-0.068726	-0.017009	-0.023702
23892	-0.069800	-0.017884	-0.024093
23893	-0.070097	-0.018101	-0.022332
23894	-0.068023	-0.017036	-0.024420
23895	-0.069173	-0.017913	-0.023204
23896	-0.070046	-0.017763	-0.023982
23897	-0.070154	-0.016939	-0.023972
23898	-0.070238	-0.016049	-0.024139
23899	-0.071164	-0.015874	-0.024748
23900	-0.071448	-0.016010	-0.024526
23901	-0.072032	-0.017112	-0.023676
23902	-0.072569	-0.014912	-0.023721
23903	-0.072522	-0.016151	-0.023475
23904	-0.071953	-0.015547	-0.024151
23905	-0.073121	-0.016531	-0.022771
23906	-0.074057	-0.016384	-0.022037
23907	-0.074290	-0.015301	-0.020625
23908	-0.073921	-0.015724	-0.020911
23909	-0.075787	-0.017602	-0.020201
23910	-0.073713	-0.016542	-0.022285
23911	-0.075793	-0.014628	-0.020927
23912	-0.077065	-0.016535	-0.020921
23913	-0.075747	-0.016314	-0.020794
23914	-0.075830	-0.015427	-0.020958
23915	-0.075977	-0.014295	-0.021139
23916	-0.074954	-0.015006	-0.021932
23917	-0.075781	-0.014993	-0.021239
23918	-0.073707	-0.013936	-0.023321
23919	-0.074383	-0.012757	-0.023034
23920	-0.073030	-0.014782	-0.020927
23921	-0.074512	-0.014325	-0.021248
23922	-0.075584	-0.015208	-0.021627
23923	-0.075016	-0.014533	-0.022292
23924	-0.075496	-0.015702	-0.021672
23925	-0.076305	-0.015570	-0.022500
23926	-0.077239	-0.015428	-0.021760
23927	-0.078201	-0.014902	-0.022634
23928	-0.079073	-0.014760	-0.023403
23929	-0.077278	-0.014690	-0.022140
23930	-0.078150	-0.014549	-0.022908
23931	-0.078368	-0.014868	-0.022566
23932	-0.078649	-0.015013	-0.022334
23933	-0.078324	-0.015424	-0.022450
23934	-0.077952	-0.015855	-0.022727
23935	-0.078737	-0.014740	-0.022130
23936	-0.078563	-0.016198	-0.022014
23937	-0.079275	-0.015116	-0.022922
23938	-0.078510	-0.016859	-0.021807
23939	-0.079196	-0.016957	-0.022682
23940	-0.079339	-0.016076	-0.021331
23941	-0.078750	-0.015533	-0.021905
23942	-0.078377	-0.015966	-0.022179
23943	-0.077969	-0.016355	-0.023878
23944	-0.079099	-0.017244	-0.022741
23945	-0.077696	-0.015862	-0.022866
23946	-0.077915	-0.016011	-0.024137
23947	-0.077261	-0.015561	-0.023410
23948	-0.077085	-0.017023	-0.023290
23949	-0.078177	-0.017949	-0.022130
23950	-0.077409	-0.016330	-0.023186
23951	-0.078468	-0.017329	-0.022020
23952	-0.079339	-0.017195	-0.022780
23953	-0.079074	-0.018969	-0.022459
23954	-0.078563	-0.018377	-0.021614
23955	-0.078845	-0.018532	-0.021287
23956	-0.078668	-0.019997	-0.021163
23957	-0.079075	-0.021219	-0.021947
23958	-0.080005	-0.021084	-0.021197
23959	-0.079427	-0.020621	-0.021681
23960	-0.081346	-0.018891	-0.023322
23961	-0.080593	-0.020587	-0.020761
23962	-0.080219	-0.021026	-0.021028
23963	-0.080164	-0.020270	-0.021304
23964	-0.080382	-0.020426	-0.022569
23965	-0.080306	-0.019621	-0.022927
23966	-0.079931	-0.020061	-0.023193
23967	-0.079563	-0.020639	-0.021849
23968	-0.080570	-0.021539	-0.023718
23969	-0.080044	-0.020749	-0.023030
23970	-0.080914	-0.020619	-0.023784
23971	-0.080487	-0.021026	-0.024117
23972	-0.081161	-0.019870	-0.025264
23973	-0.080938	-0.021210	-0.025286
23974	-0.080169	-0.019598	-0.026337
23975	-0.081296	-0.020491	-0.025099
23976	-0.082165	-0.020364	-0.025851
23977	-0.080423	-0.020312	-0.024425
23978	-0.080699	-0.020469	-0.024178
23979	-0.080804	-0.020819	-0.024046
23980	-0.080427	-0.021263	-0.024308
23981	-0.081524	-0.023279	-0.024474
23982	-0.079450	-0.022243	-0.026541
23983	-0.080182	-0.021018	-0.026171
23984	-0.081443	-0.022948	-0.026131
23985	-0.080197	-0.022616	-0.025925
23986	-0.080276	-0.021747	-0.026071
23987	-0.081195	-0.021635	-0.025220
23988	-0.080680	-0.021049	-0.024367
23989	-0.080446	-0.022672	-0.024123
23990	-0.081373	-0.022544	-0.023364
23991	-0.082256	-0.022401	-0.024026
23992	-0.083125	-0.022279	-0.024773
23993	-0.081932	-0.021971	-0.024416
23994	-0.082605	-0.020822	-0.025558
23995	-0.082914	-0.020991	-0.025141
23996	-0.082992	-0.020124	-0.025284
23997	-0.083038	-0.019356	-0.025326
23998	-0.084355	-0.021285	-0.023773
23999	-0.084779	-0.019178	-0.025289
24000	-0.082103	-0.021797	-0.024167
24001	-0.082728	-0.020785	-0.025203
24002	-0.082350	-0.021236	-0.025457
24003	-0.081942	-0.021698	-0.025694
24004	-0.082867	-0.021573	-0.024931
24005	-0.082128	-0.019828	-0.025977
24006	-0.083444	-0.021760	-0.024421
24007	-0.081472	-0.020611	-0.024901
24008	-0.081287	-0.022091	-0.024756
24009	-0.080546	-0.021632	-0.026960
24010	-0.079377	-0.021340	-0.026609
24011	-0.079596	-0.021394	-0.026498
24012	-0.079216	-0.021848	-0.026748
24013	-0.079843	-0.020580	-0.028031
24014	-0.081157	-0.022513	-0.026471
24015	-0.081624	-0.020124	-0.028162
24016	-0.081576	-0.022641	-0.029123
24017	-0.080983	-0.022178	-0.028230
24018	-0.081254	-0.022345	-0.027970
24019	-0.081366	-0.021403	-0.028022
24020	-0.080985	-0.021859	-0.028269
24021	-0.082104	-0.022700	-0.027091
24022	-0.081585	-0.022122	-0.026229
24023	-0.080109	-0.024166	-0.027003
24024	-0.082029	-0.022454	-0.028628
24025	-0.081757	-0.022717	-0.028727
24026	-0.080780	-0.023457	-0.027974
24027	-0.080888	-0.022536	-0.028020
24028	-0.079911	-0.023276	-0.027266
24029	-0.079829	-0.022504	-0.027598
24030	-0.079447	-0.022963	-0.027842
24031	-0.078955	-0.022286	-0.028324
24032	-0.079683	-0.021139	-0.027950
24033	-0.078034	-0.022080	-0.029123
24034	-0.076862	-0.021794	-0.028765
24035	-0.076337	-0.021256	-0.027794
24036	-0.077203	-0.021146	-0.028527
24037	-0.077608	-0.022512	-0.027745
24038	-0.076837	-0.020917	-0.028782
24039	-0.077492	-0.019805	-0.028455
24040	-0.077441	-0.022332	-0.029404
24041	-0.076986	-0.021518	-0.028541
24042	-0.076603	-0.021981	-0.028780
24043	-0.075502	-0.021693	-0.028168
24044	-0.076561	-0.022614	-0.028499
24045	-0.078114	-0.022196	-0.027193
24046	-0.077731	-0.022659	-0.027431
24047	-0.066491	-0.009762	-0.006494
24048	-0.064988	-0.011822	-0.007332
24049	-0.066294	-0.010327	-0.007962
24050	-0.067996	-0.010949	-0.007767
24051	-0.067619	-0.011272	-0.008049
24052	-0.068071	-0.012465	-0.007363
24053	-0.068488	-0.013683	-0.006652
24054	-0.067708	-0.012081	-0.007669
24055	-0.067144	-0.011376	-0.008331
24056	-0.068000	-0.011260	-0.009041
24057	-0.067063	-0.011977	-0.008107
24058	-0.068112	-0.012890	-0.008417
24059	-0.068156	-0.012003	-0.008536
24060	-0.068415	-0.012169	-0.008246
24061	-0.068521	-0.012486	-0.008022
24062	-0.069431	-0.012363	-0.007225
24063	-0.068929	-0.012798	-0.009026
24064	-0.069785	-0.012684	-0.009734
24065	-0.069007	-0.011122	-0.009238
24066	-0.069917	-0.010999	-0.008440
24067	-0.070170	-0.011189	-0.008069
24068	-0.069776	-0.011648	-0.008284
24069	-0.070112	-0.012986	-0.007588
24070	-0.069332	-0.011388	-0.008602
24071	-0.070555	-0.013390	-0.008413
24072	-0.068526	-0.012363	-0.008936
24073	-0.070933	-0.012546	-0.009628
24074	-0.070346	-0.011977	-0.010241
24075	-0.071242	-0.011817	-0.009446
24076	-0.071444	-0.011998	-0.010656
24077	-0.070073	-0.011819	-0.011857
24078	-0.070981	-0.011699	-0.011054
24079	-0.070447	-0.010933	-0.011717
24080	-0.071440	-0.011863	-0.013523
24081	-0.070561	-0.010239	-0.013284
24082	-0.070624	-0.009382	-0.013388
24083	-0.070853	-0.009466	-0.013180
24084	-0.070457	-0.009929	-0.013389
24085	-0.069991	-0.010320	-0.013756
24086	-0.071037	-0.011241	-0.014054
24087	-0.070457	-0.010777	-0.014469
24088	-0.071172	-0.009630	-0.014065
24089	-0.071426	-0.010963	-0.014945
24090	-0.070891	-0.010387	-0.014049
24091	-0.070584	-0.010816	-0.014057
24092	-0.070186	-0.011281	-0.014264
24093	-0.070628	-0.012376	-0.012215
24094	-0.071290	-0.011242	-0.013315
24095	-0.069689	-0.013229	-0.014345
24096	-0.070265	-0.011043	-0.012837
24097	-0.070266	-0.010162	-0.014441
24098	-0.071119	-0.010058	-0.015137
24099	-0.070193	-0.010921	-0.014008
24100	-0.070255	-0.010068	-0.014108
24101	-0.070355	-0.009131	-0.014170
24102	-0.071260	-0.009016	-0.013361
24103	-0.070781	-0.009596	-0.014948
24104	-0.071634	-0.009494	-0.015642
24105	-0.070667	-0.010183	-0.014787
24106	-0.071572	-0.010069	-0.013977
24107	-0.070592	-0.010872	-0.013023
24108	-0.070845	-0.011051	-0.012718
24109	-0.069685	-0.011835	-0.013558
24110	-0.070347	-0.010706	-0.014653
24111	-0.069895	-0.011192	-0.013459
24112	-0.070886	-0.012134	-0.015251
24113	-0.069549	-0.010956	-0.013547
24114	-0.070401	-0.010857	-0.014238
24115	-0.070659	-0.011047	-0.013841
24116	-0.071702	-0.011978	-0.014128
24117	-0.071098	-0.011575	-0.014519
24118	-0.072382	-0.013522	-0.012898
24119	-0.072865	-0.011351	-0.014327
24120	-0.069770	-0.011937	-0.013943
24121	-0.071171	-0.011665	-0.014130
24122	-0.072674	-0.011276	-0.014312
24123	-0.072004	-0.010677	-0.015056
24124	-0.072255	-0.010859	-0.014746
24125	-0.073834	-0.011679	-0.013065
24126	-0.073192	-0.011138	-0.015167
24127	-0.072660	-0.010466	-0.015708
24128	-0.074954	-0.010830	-0.016482
24129	-0.073047	-0.010854	-0.016642
24130	-0.072044	-0.011609	-0.015837
24131	-0.072836	-0.011687	-0.016386
24132	-0.073687	-0.011593	-0.017071
24133	-0.073890	-0.010495	-0.017096
24134	-0.073867	-0.013032	-0.016479
24135	-0.073422	-0.012381	-0.016835
24136	-0.071388	-0.011371	-0.017343
24137	-0.073276	-0.013055	-0.016619
24138	-0.073526	-0.013241	-0.016304
24139	-0.073117	-0.013843	-0.016305
24140	-0.071924	-0.013571	-0.015902
24141	-0.072258	-0.014813	-0.015292
24142	-0.071995	-0.016337	-0.016579
24143	-0.071361	-0.014528	-0.016047
24144	-0.072212	-0.014437	-0.016728
24145	-0.071507	-0.013929	-0.017434
24146	-0.071755	-0.014117	-0.017116
24147	-0.072552	-0.014016	-0.017846
24148	-0.071497	-0.014791	-0.018538
24149	-0.072115	-0.013721	-0.019587
24150	-0.072089	-0.016263	-0.018962
24151	-0.071435	-0.015812	-0.019504
24152	-0.070842	-0.015265	-0.020095
24153	-0.071678	-0.015193	-0.019286
24154	-0.071926	-0.015383	-0.018965
24155	-0.072451	-0.016489	-0.018124
24156	-0.072510	-0.015649	-0.018209
24157	-0.071452	-0.016464	-0.018792
24158	-0.072351	-0.016362	-0.017965
24159	-0.071599	-0.014762	-0.017439
24160	-0.072825	-0.016737	-0.017302
24161	-0.071665	-0.016318	-0.016920
24162	-0.072051	-0.017556	-0.017693
24163	-0.071901	-0.015680	-0.018166
24164	-0.071307	-0.015136	-0.018753
24165	-0.070214	-0.014776	-0.019606
24166	-0.070283	-0.017290	-0.015969
24167	-0.069655	-0.016686	-0.016626
24168	-0.068922	-0.015096	-0.016117
24169	-0.070359	-0.014808	-0.017665
24170	-0.069954	-0.015296	-0.017844
24171	-0.070283	-0.015295	-0.017506
24172	-0.071180	-0.015195	-0.016675
24173	-0.070768	-0.014413	-0.015673
24174	-0.070737	-0.016963	-0.015036
24175	-0.071179	-0.014831	-0.016507
24176	-0.070724	-0.015338	-0.018186
24177	-0.070090	-0.014867	-0.017273
24178	-0.069081	-0.015634	-0.016452
24179	-0.069046	-0.014786	-0.018081
24180	-0.068688	-0.015260	-0.016755
24181	-0.069355	-0.013986	-0.017926
24182	-0.068948	-0.014478	-0.018101
24183	-0.068601	-0.016015	-0.018026
24184	-0.068006	-0.015476	-0.018608
24185	-0.068146	-0.015528	-0.018572
24186	-0.068342	-0.015744	-0.019743
24187	-0.068412	-0.014912	-0.019726
24188	-0.068421	-0.014099	-0.021304
24189	-0.067691	-0.013484	-0.023589
24190	-0.068586	-0.013389	-0.022752
24191	-0.067878	-0.011706	-0.022220
24192	-0.069099	-0.013690	-0.022068
24193	-0.068408	-0.012205	-0.021298
24194	-0.068047	-0.012682	-0.019967
24195	-0.067292	-0.012429	-0.019056
24196	-0.068790	-0.012058	-0.019215
24197	-0.067845	-0.012694	-0.018333
24198	-0.068879	-0.013649	-0.018587
24199	-0.067114	-0.013567	-0.019996
24200	-0.066752	-0.014045	-0.018663
24201	-0.067753	-0.013782	-0.019159
24202	-0.067391	-0.014261	-0.017825
24203	-0.068266	-0.013974	-0.018590
24204	-0.067065	-0.013718	-0.018169
24205	-0.067565	-0.014872	-0.017305
24206	-0.068226	-0.013769	-0.018374
24207	-0.067406	-0.012232	-0.020765
24208	-0.068253	-0.012160	-0.021424
24209	-0.067102	-0.011883	-0.020865
24210	-0.067529	-0.013117	-0.020116
24211	-0.068323	-0.012941	-0.020924
24212	-0.067912	-0.013441	-0.021088
24213	-0.067027	-0.012097	-0.021968
24214	-0.066756	-0.013648	-0.023223
24215	-0.067467	-0.012470	-0.022770
24216	-0.067009	-0.012991	-0.024434
24217	-0.066791	-0.014556	-0.022639
24218	-0.066799	-0.013752	-0.024207
24219	-0.066920	-0.014129	-0.023845
24220	-0.066555	-0.014612	-0.022505
24221	-0.065689	-0.013300	-0.021886
24222	-0.065138	-0.012752	-0.020956
24223	-0.066232	-0.013682	-0.019614
24224	-0.068659	-0.015126	-0.021441
24225	-0.066842	-0.015206	-0.019905
24226	-0.066430	-0.015710	-0.020065
24227	-0.066514	-0.014831	-0.020068
24228	-0.066102	-0.015336	-0.020227
24229	-0.066225	-0.014476	-0.018692
24230	-0.064370	-0.014522	-0.018766
24231	-0.065232	-0.014437	-0.019339
24232	-0.066077	-0.014372	-0.019990
24233	-0.064958	-0.015163	-0.019272
24234	-0.065151	-0.015395	-0.020425
24235	-0.065160	-0.014465	-0.020619
24236	-0.065398	-0.014676	-0.020272
24237	-0.064604	-0.014229	-0.021075
24238	-0.065634	-0.015197	-0.021312
24239	-0.063968	-0.016214	-0.020957
24240	-0.066255	-0.016611	-0.021687
24241	-0.065084	-0.016410	-0.021068
24242	-0.065137	-0.015592	-0.021130
24243	-0.065545	-0.016803	-0.021801
24244	-0.065598	-0.015985	-0.021862
24245	-0.068044	-0.016278	-0.020890
24246	-0.066327	-0.017381	-0.022049
24247	-0.062059	-0.009064	-0.011431
24248	-0.063269	-0.011059	-0.011244
24249	-0.062664	-0.010407	-0.011883
24250	-0.063505	-0.010339	-0.012519
24251	-0.063767	-0.010596	-0.011973
24252	-0.063350	-0.011100	-0.012115
24253	-0.063608	-0.011442	-0.011484
24254	-0.062822	-0.009884	-0.012449
24255	-0.065086	-0.010094	-0.010496
24256	-0.065927	-0.010028	-0.011130
24257	-0.064863	-0.010854	-0.011657
24258	-0.063609	-0.010626	-0.012712
24259	-0.062371	-0.011452	-0.013596
24260	-0.063072	-0.010333	-0.013142
24261	-0.061602	-0.009184	-0.014477
24262	-0.062486	-0.009097	-0.013609
24263	-0.063313	-0.009112	-0.014098
24264	-0.064153	-0.009049	-0.014729
24265	-0.063097	-0.009766	-0.015380
24266	-0.063329	-0.009977	-0.015014
24267	-0.064065	-0.010119	-0.015546
24268	-0.063646	-0.010628	-0.015681
24269	-0.064698	-0.011552	-0.014396
24270	-0.062609	-0.010594	-0.016363
24271	-0.063802	-0.012672	-0.016023
24272	-0.063059	-0.011096	-0.015484
24273	-0.064008	-0.012100	-0.015757
24274	-0.064621	-0.011032	-0.018297
24275	-0.065079	-0.012210	-0.017429
24276	-0.064987	-0.010337	-0.016388
24277	-0.064226	-0.008757	-0.015819
24278	-0.064171	-0.011332	-0.015124
24279	-0.063540	-0.010827	-0.015646
24280	-0.062796	-0.009252	-0.015106
24281	-0.062866	-0.009564	-0.016313
24282	-0.062262	-0.009046	-0.016858
24283	-0.061833	-0.009616	-0.016871
24284	-0.062348	-0.007470	-0.016825
24285	-0.063991	-0.008181	-0.016477
24286	-0.063570	-0.008695	-0.016606
24287	-0.062959	-0.008142	-0.017140
24288	-0.061137	-0.008171	-0.015689
24289	-0.063473	-0.008558	-0.016242
24290	-0.063051	-0.009073	-0.016370
24291	-0.063258	-0.009281	-0.015998
24292	-0.062836	-0.009797	-0.016125
24293	-0.064124	-0.008488	-0.015096
24294	-0.063842	-0.010062	-0.016306
24295	-0.063261	-0.009517	-0.016771
24296	-0.062881	-0.010009	-0.015398
24297	-0.064064	-0.008609	-0.017598
24298	-0.064293	-0.008828	-0.017221
24299	-0.063743	-0.008213	-0.016243
24300	-0.063502	-0.009763	-0.015952
24301	-0.063094	-0.010193	-0.016084
24302	-0.063749	-0.009109	-0.017118
24303	-0.063059	-0.008573	-0.017797
24304	-0.064260	-0.010585	-0.017583
24305	-0.063754	-0.010009	-0.016498
24306	-0.063940	-0.010257	-0.017617
24307	-0.063205	-0.009878	-0.018151
24308	-0.063432	-0.010100	-0.017771
24309	-0.064484	-0.011113	-0.017803
24310	-0.063696	-0.009571	-0.018756
24311	-0.063058	-0.009005	-0.019354
24312	-0.063894	-0.008955	-0.019969
24313	-0.062715	-0.008911	-0.017691
24314	-0.063552	-0.008862	-0.018305
24315	-0.063521	-0.008015	-0.018471
24316	-0.062956	-0.007479	-0.017508
24317	-0.065029	-0.006880	-0.017103
24318	-0.064241	-0.005339	-0.018054
24319	-0.065432	-0.007399	-0.017740
24320	-0.064685	-0.005832	-0.017192
24321	-0.064923	-0.007312	-0.017830
24322	-0.065758	-0.007266	-0.018442
24323	-0.065841	-0.006556	-0.016768
24324	-0.065885	-0.005749	-0.016800
24325	-0.066205	-0.005857	-0.016295
24326	-0.065778	-0.006383	-0.016411
24327	-0.065069	-0.005908	-0.017035
24328	-0.067926	-0.001596	-0.018388
24329	-0.066053	-0.002840	-0.018140
24330	-0.065626	-0.003366	-0.018254
24331	-0.064996	-0.002949	-0.018664
24332	-0.065871	-0.002877	-0.017775
24333	-0.064949	-0.000119	-0.017756
24334	-0.066185	-0.002111	-0.016031
24335	-0.065336	-0.000826	-0.015293
24336	-0.065230	-0.003447	-0.016067
24337	-0.066145	-0.003384	-0.015027
24338	-0.066368	-0.003614	-0.014637
24339	-0.066389	-0.002812	-0.014633
24340	-0.065961	-0.003342	-0.014744
24341	-0.065285	-0.002951	-0.015207
24342	-0.064637	-0.002478	-0.017232
24343	-0.065620	-0.003471	-0.015967
24344	-0.065011	-0.002969	-0.016494
24345	-0.066520	-0.002612	-0.017961
24346	-0.066131	-0.003115	-0.016572
24347	-0.066136	-0.002438	-0.016457
24348	-0.066358	-0.002670	-0.016064
24349	-0.067592	-0.001353	-0.016567
24350	-0.065720	-0.001425	-0.016597
24351	-0.065415	-0.003002	-0.016293
24352	-0.064665	-0.001441	-0.015739
24353	-0.064960	-0.001360	-0.016955
24354	-0.065793	-0.001322	-0.017556
24355	-0.065300	-0.001885	-0.017673
24356	-0.065700	-0.003151	-0.016859
24357	-0.065246	-0.004751	-0.016826
24358	-0.064676	-0.004223	-0.015853
24359	-0.065126	-0.002208	-0.017173
24360	-0.063292	-0.002252	-0.015703
24361	-0.064085	-0.002279	-0.016216
24362	-0.064739	-0.001211	-0.017233
24363	-0.064316	-0.002025	-0.016925
24364	-0.063923	-0.002532	-0.015530
24365	-0.064917	-0.003620	-0.015556
24366	-0.064345	-0.003094	-0.014580
24367	-0.064768	-0.000903	-0.016134
24368	-0.064299	-0.001472	-0.017731
24369	-0.064473	-0.001587	-0.017497
24370	-0.063862	-0.001093	-0.018017
24371	-0.064079	-0.001368	-0.017509
24372	-0.064733	-0.000303	-0.018524
24373	-0.063077	-0.001347	-0.018051
24374	-0.065249	-0.000682	-0.016149
24375	-0.063682	-0.002830	-0.016808
24376	-0.064232	-0.000672	-0.015249
24377	-0.065292	-0.001772	-0.016605
24378	-0.065510	-0.002012	-0.016202
24379	-0.064985	-0.002815	-0.016109
24380	-0.064374	-0.002324	-0.016625
24381	-0.063310	-0.003327	-0.016914
24382	-0.062736	-0.002805	-0.015934
24383	-0.061974	-0.001297	-0.015280
24384	-0.060492	-0.003412	-0.012962
24385	-0.061040	-0.002384	-0.014063
24386	-0.061258	-0.002626	-0.013656
24387	-0.061424	-0.002766	-0.013391
24388	-0.061463	-0.001976	-0.013405
24389	-0.060302	-0.001645	-0.014313
24390	-0.061311	-0.002651	-0.014481
24391	-0.061758	-0.000693	-0.012815
24392	-0.059703	0.000256	-0.013253
24393	-0.062025	-0.000093	-0.013838
24394	-0.062064	0.000696	-0.013850
24395	-0.062220	0.000354	-0.013366
24396	-0.061786	-0.000192	-0.013457
24397	-0.062660	-0.000136	-0.012468
24398	-0.060568	0.000779	-0.014400
24399	-0.061674	0.000045	-0.013184
24400	-0.061061	0.000530	-0.013694
24401	-0.062173	-0.001658	-0.013313
24402	-0.061596	-0.001140	-0.012327
24403	-0.061052	-0.001554	-0.012703
24404	-0.061090	-0.000767	-0.012713
24405	-0.061141	0.000078	-0.014144
24406	-0.062220	-0.000866	-0.011314
24407	-0.063175	-0.000748	-0.011666
24408	-0.064218	-0.001727	-0.010331
24409	-0.062310	-0.001822	-0.010311
24410	-0.063140	-0.001801	-0.010893
24411	-0.062609	-0.001274	-0.009757
24412	-0.062646	-0.000489	-0.009764
24413	-0.062740	-0.000897	-0.009309
24414	-0.063393	0.000156	-0.010312
24415	-0.062919	-0.000464	-0.011764
24416	-0.065050	0.000161	-0.011345
24417	-0.063869	-0.000595	-0.012151
24418	-0.063906	0.000188	-0.012157
24419	-0.063442	-0.000230	-0.010922
24420	-0.063005	-0.000784	-0.011004
24421	-0.062320	-0.000206	-0.010216
24422	-0.063184	-0.000154	-0.009299
24423	-0.062450	0.000087	-0.009686
24424	-0.062047	-0.000433	-0.008272
24425	-0.062737	-0.000620	-0.008799
24426	-0.062299	-0.001175	-0.008879
24427	-0.062350	-0.000372	-0.008807
24428	-0.061912	-0.000928	-0.008886
24429	-0.063369	0.000632	-0.009259
24430	-0.063142	-0.000923	-0.007418
24431	-0.062396	-0.000448	-0.008086
24432	-0.063013	0.000565	-0.010579
24433	-0.063204	0.000185	-0.008511
24434	-0.062624	0.000696	-0.007518
24435	-0.061960	0.001210	-0.008083
24436	-0.061555	0.000688	-0.006664
24437	-0.062029	-0.000567	-0.005619
24438	-0.062471	0.001477	-0.008535
24439	-0.063318	0.002782	-0.007903
24440	-0.064498	0.000727	-0.007626
24441	-0.062989	0.002045	-0.007754
24442	-0.063166	0.001753	-0.008824
24443	-0.062522	0.002263	-0.007870
24444	-0.062557	0.003040	-0.007869
24445	-0.062433	0.004846	-0.009655
24446	-0.063645	0.002826	-0.007881
24447	-0.060256	-0.005157	-0.012646
24448	-0.058261	-0.004161	-0.010082
24449	-0.059135	-0.005210	-0.011860
24450	-0.058690	-0.005783	-0.011932
24451	-0.058890	-0.005954	-0.013015
24452	-0.059572	-0.004885	-0.012515
24453	-0.058614	-0.005558	-0.011510
24454	-0.060846	-0.006058	-0.013644
24455	-0.060246	-0.005475	-0.014162
24456	-0.060928	-0.004408	-0.013660
24457	-0.060493	-0.004804	-0.013834
24458	-0.060523	-0.004041	-0.013830
24459	-0.060569	-0.003257	-0.013742
24460	-0.059506	-0.004100	-0.012815
24461	-0.059789	-0.005423	-0.012046
24462	-0.058993	-0.003932	-0.012966
24463	-0.061321	-0.005593	-0.014615
24464	-0.060559	-0.004065	-0.014040
24465	-0.059417	-0.005034	-0.013054
24466	-0.060889	-0.004735	-0.013119
24467	-0.060437	-0.006488	-0.012872
24468	-0.060641	-0.006762	-0.012439
24469	-0.060576	-0.006101	-0.012414
24470	-0.060129	-0.006680	-0.012479
24471	-0.060813	-0.005625	-0.011875
24472	-0.060333	-0.006242	-0.013433
24473	-0.060606	-0.006433	-0.012886
24474	-0.060809	-0.006708	-0.012451
24475	-0.060168	-0.006252	-0.012882
24476	-0.060197	-0.005494	-0.012874
24477	-0.061500	-0.005268	-0.014571
24478	-0.061052	-0.005849	-0.014634
24479	-0.061701	-0.004888	-0.013990
24480	-0.059983	-0.006041	-0.013554
24481	-0.062161	-0.005412	-0.012959
24482	-0.061712	-0.005994	-0.013020
24483	-0.061837	-0.006282	-0.011160
24484	-0.061865	-0.005526	-0.011149
24485	-0.061546	-0.007019	-0.010920
24486	-0.060749	-0.005534	-0.011834
24487	-0.061445	-0.005530	-0.012577
24488	-0.059726	-0.006685	-0.012138
24489	-0.060271	-0.005596	-0.013319
24490	-0.060472	-0.005875	-0.012880
24491	-0.060734	-0.005934	-0.012485
24492	-0.060762	-0.005179	-0.012473
24493	-0.059723	-0.006071	-0.011342
24494	-0.057624	-0.005200	-0.013250
24495	-0.058510	-0.005073	-0.013743
24496	-0.057745	-0.003551	-0.013162
24497	-0.058621	-0.003566	-0.012054
24498	-0.058822	-0.003847	-0.011612
24499	-0.059039	-0.004206	-0.010957
24500	-0.058588	-0.004793	-0.011011
24501	-0.059483	-0.004681	-0.009997
24502	-0.061714	-0.005200	-0.012111
24503	-0.059888	-0.005381	-0.013299
24504	-0.059122	-0.003861	-0.012716
24505	-0.060954	-0.005617	-0.011830
24506	-0.061773	-0.005634	-0.012380
24507	-0.061324	-0.006188	-0.010910
24508	-0.062142	-0.006205	-0.011460
24509	-0.062258	-0.006371	-0.011227
24510	-0.061806	-0.006961	-0.011278
24511	-0.062318	-0.006167	-0.010717
24512	-0.063136	-0.006186	-0.011265
24513	-0.062887	-0.007824	-0.010743
24514	-0.063532	-0.006809	-0.011719
24515	-0.063003	-0.006259	-0.010574
24516	-0.063821	-0.006279	-0.011121
24517	-0.063370	-0.006601	-0.008438
24518	-0.065255	-0.005057	-0.011404
24519	-0.063621	-0.006174	-0.010752
24520	-0.064439	-0.006195	-0.011298
24521	-0.063965	-0.006878	-0.009738
24522	-0.064641	-0.005824	-0.009220
24523	-0.064800	-0.006113	-0.008776
24524	-0.064377	-0.006666	-0.007330
24525	-0.064687	-0.006875	-0.005194
24526	-0.065332	-0.005863	-0.006168
24527	-0.063137	-0.005027	-0.006666
24528	-0.064298	-0.007120	-0.006349
24529	-0.063427	-0.005848	-0.007079
24530	-0.062800	-0.005410	-0.007553
24531	-0.063571	-0.005552	-0.007978
24532	-0.063767	-0.005841	-0.007524
24533	-0.063628	-0.005221	-0.009085
24534	-0.064818	-0.007274	-0.007272
24535	-0.063968	-0.005798	-0.006721
24536	-0.063826	-0.008507	-0.007394
24537	-0.063897	-0.007609	-0.008854
24538	-0.064743	-0.007594	-0.007901
24539	-0.064267	-0.008083	-0.008016
24540	-0.064432	-0.008417	-0.009052
24541	-0.063943	-0.009042	-0.007572
24542	-0.064931	-0.010105	-0.007679
24543	-0.063029	-0.010046	-0.009272
24544	-0.064045	-0.011066	-0.007886
24545	-0.063488	-0.011750	-0.007952
24546	-0.063682	-0.012043	-0.007494
24547	-0.063898	-0.012366	-0.006885
24548	-0.064713	-0.012396	-0.007421
24549	-0.064260	-0.012879	-0.008974
24550	-0.065104	-0.012866	-0.008018
24551	-0.064780	-0.014328	-0.007822
24552	-0.065453	-0.013281	-0.007297
24553	-0.065613	-0.013587	-0.006800
24554	-0.065806	-0.013882	-0.006339
24555	-0.066380	-0.012820	-0.005948
24556	-0.065130	-0.012653	-0.005420
24557	-0.066796	-0.013351	-0.003476
24558	-0.067441	-0.012348	-0.004442
24559	-0.065483	-0.012490	-0.005939
24560	-0.066496	-0.013514	-0.004548
24561	-0.065756	-0.013168	-0.005077
24562	-0.066571	-0.013202	-0.005609
24563	-0.065896	-0.012769	-0.004573
24564	-0.065946	-0.011988	-0.003050
24565	-0.064627	-0.012109	-0.005223
24566	-0.065810	-0.014170	-0.003396
24567	-0.066259	-0.012140	-0.001804
24568	-0.064328	-0.012328	-0.003259
24569	-0.063741	-0.012925	-0.003448
24570	-0.064385	-0.011926	-0.004410
24571	-0.064536	-0.012229	-0.003941
24572	-0.065038	-0.010150	-0.003844
24573	-0.065207	-0.010360	-0.006409
24574	-0.066387	-0.012423	-0.004579
24575	-0.065667	-0.010851	-0.003886
24576	-0.065037	-0.010425	-0.004348
24577	-0.065362	-0.011837	-0.003357
24578	-0.065383	-0.011104	-0.003321
24579	-0.066240	-0.011051	-0.002289
24580	-0.066430	-0.011353	-0.001820
24581	-0.066341	-0.010676	-0.003351
24582	-0.067520	-0.012741	-0.001518
24583	-0.066601	-0.011247	-0.001115
24584	-0.067414	-0.011287	-0.001639
24585	-0.066778	-0.010866	-0.002024
24586	-0.068241	-0.010598	-0.002052
24587	-0.067868	-0.011136	-0.001910
24588	-0.068538	-0.010096	-0.001376
24589	-0.070046	-0.009858	-0.001213
24590	-0.069584	-0.010471	-0.001236
24591	-0.068904	-0.010144	-0.001616
24592	-0.069574	-0.009105	-0.001082
24593	-0.068101	-0.007939	-0.000957
24594	-0.068262	-0.008291	-0.001974
24595	-0.067793	-0.009094	-0.001711
24596	-0.067954	-0.009446	-0.002727
24597	-0.066927	-0.011433	-0.002852
24598	-0.066126	-0.009978	-0.003742
24599	-0.066799	-0.008735	-0.003350
24600	-0.066504	-0.010387	-0.002935
24601	-0.067751	-0.009182	-0.003311
24602	-0.067145	-0.008716	-0.002275
24603	-0.067273	-0.009219	-0.003116
24604	-0.067460	-0.009527	-0.002638
24605	-0.067252	-0.009243	-0.005448
24606	-0.068089	-0.009242	-0.004475
24607	-0.067411	-0.008773	-0.004977
24608	-0.066973	-0.009345	-0.003503
24609	-0.068456	-0.008922	-0.003579
24610	-0.067849	-0.008458	-0.002540
24611	-0.067404	-0.008932	-0.002590
24612	-0.067448	-0.008159	-0.001056
24613	-0.068478	-0.009351	-0.002312
24614	-0.069315	-0.009352	-0.001336
24615	-0.067338	-0.009467	-0.002879
24616	-0.067092	-0.011028	0.000523
24617	-0.066597	-0.011630	0.000520
24618	-0.066614	-0.010906	0.000566
24619	-0.066110	-0.011522	0.000556
24620	-0.065502	-0.011061	0.001597
24621	-0.065607	-0.011469	0.000633
24622	-0.066777	-0.013544	0.002484
24623	-0.066099	-0.013041	0.001930
24624	-0.067102	-0.014080	0.003345
24625	-0.066165	-0.012508	0.002140
24626	-0.067000	-0.012512	0.003120
24627	-0.067178	-0.012787	0.002128
24628	-0.066085	-0.013674	0.003113
24629	-0.065400	-0.013205	0.004075
24630	-0.067678	-0.013673	0.004993
24631	-0.065557	-0.012885	0.004703
24632	-0.064922	-0.012475	0.004258
24633	-0.065893	-0.013467	0.004154
24634	-0.066701	-0.013522	0.003647
24635	-0.066007	-0.013324	0.003395
24636	-0.066841	-0.013330	0.004377
24637	-0.067442	-0.012339	0.003429
24638	-0.068609	-0.014417	0.005287
24639	-0.067716	-0.013021	0.005862
24640	-0.068525	-0.013077	0.005356
24641	-0.067856	-0.012724	0.004989
24642	-0.067871	-0.012006	0.005041
24643	-0.067900	-0.011139	0.005046
24644	-0.068057	-0.011507	0.004047
24645	-0.068196	-0.011900	0.004611
24646	-0.067727	-0.012530	0.004607
24647	-0.061219	-0.007326	0.000924
24648	-0.062019	-0.007380	0.000416
24649	-0.061348	-0.007095	-0.001360
24650	-0.061521	-0.007411	-0.000874
24651	-0.062293	-0.007446	-0.001379
24652	-0.061673	-0.006986	-0.000336
24653	-0.062127	-0.008277	0.000825
24654	-0.062618	-0.006209	0.000930
24655	-0.061971	-0.006889	-0.000773
24656	-0.061185	-0.005395	-0.000167
24657	-0.062574	-0.003993	-0.000455
24658	-0.061468	-0.004882	0.000534
24659	-0.061586	-0.005141	0.000927
24660	-0.061107	-0.005770	0.000923
24661	-0.061302	-0.006186	0.000150
24662	-0.059426	-0.006251	0.003185
24663	-0.058739	-0.006015	0.002933
24664	-0.059538	-0.006073	0.002430
24665	-0.059026	-0.006589	0.002310
24666	-0.058736	-0.008206	0.004236
24667	-0.058711	-0.007392	0.004200
24668	-0.058740	-0.006625	0.005742
24669	-0.057997	-0.006428	0.002423
24670	-0.058818	-0.006437	0.003410
24671	-0.058478	-0.008067	0.003833
24672	-0.058991	-0.005952	0.005430
24673	-0.058483	-0.007755	0.005722
24674	-0.058654	-0.008077	0.006216
24675	-0.058614	-0.007528	0.004949
24676	-0.058595	-0.006865	0.003516
24677	-0.058686	-0.007192	0.002436
24678	-0.059506	-0.007202	0.003426
24679	-0.057462	-0.006219	0.006092
24680	-0.058402	-0.007370	0.004546
24681	-0.059135	-0.006384	0.006878
24682	-0.059304	-0.006708	0.007375
24683	-0.059941	-0.006984	0.006885
24684	-0.060596	-0.005959	0.007436
24685	-0.060455	-0.005328	0.005876
24686	-0.061274	-0.005340	0.006868
24687	-0.059288	-0.004284	0.009568
24688	-0.059898	-0.003365	0.007144
24689	-0.059544	-0.004925	0.008972
24690	-0.060363	-0.004938	0.009965
24691	-0.059651	-0.004589	0.009538
24692	-0.059168	-0.005228	0.009545
24693	-0.058677	-0.005851	0.011100
24694	-0.058194	-0.006491	0.011108
24695	-0.058738	-0.005455	0.011509
24696	-0.059348	-0.004539	0.009087
24697	-0.059559	-0.006014	0.010000
24698	-0.059076	-0.006655	0.010009
24699	-0.059185	-0.006925	0.010413
24700	-0.059331	-0.007307	0.009428
24701	-0.059409	-0.006442	0.011046
24702	-0.061299	-0.004955	0.008125
24703	-0.059658	-0.007186	0.007549
24704	-0.059195	-0.007775	0.009048
24705	-0.059725	-0.006871	0.008066
24706	-0.059727	-0.006165	0.008129
24707	-0.059890	-0.006404	0.008608
24708	-0.060664	-0.006529	0.006632
24709	-0.060218	-0.007132	0.008263
24710	-0.059405	-0.005702	0.007392
24711	-0.060015	-0.004678	0.007941
24712	-0.060952	-0.005841	0.006409
24713	-0.061625	-0.004746	0.005496
24714	-0.061790	-0.005077	0.006003
24715	-0.060428	-0.005222	0.006798
24716	-0.061222	-0.005296	0.006312
24717	-0.060618	-0.005942	0.007683
24718	-0.061249	-0.004979	0.006755
24719	-0.059065	-0.004156	0.006324
24720	-0.061160	-0.003603	0.006825
24721	-0.059902	-0.004578	0.006207
24722	-0.059882	-0.003930	0.004787
24723	-0.059418	-0.004584	0.006447
24724	-0.058768	-0.004196	0.006022
24725	-0.059204	-0.002181	0.003147
24726	-0.057313	-0.002256	0.006197
24727	-0.057973	-0.001200	0.006814
24728	-0.057282	-0.000923	0.003417
24729	-0.057973	0.000213	0.004006
24730	-0.057485	-0.000437	0.004026
24731	-0.058742	0.000710	0.003769
24732	-0.058904	0.000374	0.004283
24733	-0.058399	-0.000114	0.005680
24734	-0.057910	-0.000765	0.005702
24735	-0.058718	-0.000795	0.002259
24736	-0.059692	-0.001855	0.003710
24737	-0.059522	-0.000110	0.003395
24738	-0.058870	0.000275	0.002975
24739	-0.060217	0.000550	0.002835
24740	-0.059585	0.000991	0.003901
24741	-0.060568	-0.000013	0.006901
24742	-0.062460	0.001460	0.003991
24743	-0.060787	-0.000942	0.003561
24744	-0.061435	0.000070	0.004127
24745	-0.060756	0.000502	0.003679
24746	-0.060754	0.001200	0.003753
24747	-0.060793	0.000737	0.004251
24748	-0.061746	-0.000383	0.004220
24749	-0.061068	0.000043	0.002273
24750	-0.061735	0.001111	0.004326
24751	-0.061465	-0.000650	0.005073
24752	-0.062255	-0.000734	0.004599
24753	-0.061486	-0.000440	0.005641
24754	-0.062277	-0.000524	0.005168
24755	-0.061874	-0.002297	0.004155
24756	-0.062033	-0.002640	0.004677
24757	-0.062402	-0.003776	0.005551
24758	-0.064295	-0.002309	0.002646
24759	-0.063924	-0.003988	0.003104
24760	-0.064571	-0.002979	0.003673
24761	-0.063728	-0.001435	0.002696
24762	-0.063725	-0.000741	0.002773
24763	-0.063948	-0.000967	0.003381
24764	-0.064106	-0.001311	0.003905
24765	-0.064040	-0.000658	0.003983
24766	-0.063403	-0.000222	0.005056
24767	-0.064369	-0.001191	0.006486
24768	-0.064837	0.000796	0.005126
24769	-0.065606	0.000595	0.004826
24770	-0.064952	0.000971	0.004414
24771	-0.065103	0.000641	0.004996
24772	-0.065732	0.001590	0.004082
24773	-0.064405	0.001635	0.004751
24774	-0.066620	0.001022	0.002743
24775	-0.065891	0.002605	0.003469
24776	-0.065557	0.000905	0.003952
24777	-0.066184	0.001888	0.003081
24778	-0.065689	0.001225	0.003118
24779	-0.065021	0.001676	0.002679
24780	-0.065016	0.002366	0.002762
24781	-0.066326	0.002363	0.001351
24782	-0.065830	0.001698	0.001390
24783	-0.063724	0.002454	0.001199
24784	-0.064334	0.003340	-0.001196
24785	-0.065220	0.002168	0.000311
24786	-0.065357	0.001759	-0.000643
24787	-0.066104	0.001753	-0.001200
24788	-0.066258	0.001403	-0.000668
24789	-0.066591	0.003222	-0.002029
24790	-0.067715	0.001112	-0.000110
24791	-0.066881	0.002523	0.000600
24792	-0.066367	0.001795	-0.000842
24793	-0.065692	0.002127	-0.001156
24794	-0.066479	0.002032	-0.001616
24795	-0.065863	0.001245	-0.001594
24796	-0.065839	0.001870	-0.002991
24797	-0.064492	0.001936	-0.002378
24798	-0.063994	0.001267	-0.002333
24799	-0.064633	0.002263	-0.001672
24800	-0.065419	0.002166	-0.002130
24801	-0.065291	0.002707	-0.003560
24802	-0.064633	0.003074	-0.003962
24803	-0.064573	0.003728	-0.003860
24804	-0.063915	0.004095	-0.004262
24805	-0.063181	0.004581	-0.001825
24806	-0.065393	0.003955	-0.003819
24807	-0.063367	0.003709	-0.005277
24808	-0.063058	0.002121	-0.001812
24809	-0.062933	0.004060	-0.002243
24810	-0.062290	0.004486	-0.001159
24811	-0.062950	0.005446	-0.001935
24812	-0.062450	0.004773	-0.001886
24813	-0.063438	0.006900	-0.004261
24814	-0.064555	0.004785	-0.002332
24815	-0.062599	0.004520	-0.003624
24816	-0.061797	0.005983	-0.002988
24817	-0.062682	0.004696	-0.002860
24818	-0.063292	0.005570	-0.005244
24819	-0.062724	0.004740	-0.005073
24820	-0.060778	0.004529	-0.004967
24821	-0.061722	0.003328	-0.003294
24822	-0.063617	0.004774	-0.006180
24823	-0.064512	0.003572	-0.007646
24824	-0.063392	0.007110	-0.007907
24825	-0.064164	0.007160	-0.008465
24826	-0.064312	0.006800	-0.007920
24827	-0.064355	0.007448	-0.007601
24828	-0.063852	0.006770	-0.007546
24829	-0.063221	0.007237	-0.006393
24830	-0.062402	0.008634	-0.007236
24831	-0.064733	0.006960	-0.008762
24832	-0.065372	0.007955	-0.008175
24833	-0.063916	0.007834	-0.007565
24834	-0.063412	0.007155	-0.007507
24835	-0.063483	0.006684	-0.006907
24836	-0.063629	0.006321	-0.006359
24837	-0.063543	0.006881	-0.007724
24838	-0.064340	0.006836	-0.006685
24839	-0.063683	0.007299	-0.007098
24840	-0.064637	0.006215	-0.005608
24841	-0.064546	0.008051	-0.005854
24842	-0.064535	0.008725	-0.005754
24843	-0.064515	0.009288	-0.005461
24844	-0.064024	0.008669	-0.003917
24845	-0.064223	0.007450	-0.003245
24846	-0.063403	0.008844	-0.004085
24847	-0.061672	0.001452	-0.003379
24848	-0.060863	0.002899	-0.002734
24849	-0.060967	0.002406	-0.003562
24850	-0.061108	0.002030	-0.003007
24851	-0.061677	0.002854	-0.002285
24852	-0.061011	0.003198	-0.002671
24853	-0.060351	0.002403	-0.001194
24854	-0.060801	0.004294	-0.004017
24855	-0.061431	0.005191	-0.003250
24856	-0.061220	0.002354	-0.003763
24857	-0.060453	0.003916	-0.003071
24858	-0.061216	0.003728	-0.004990
24859	-0.061167	0.004490	-0.004983
24860	-0.060500	0.004832	-0.005366
24861	-0.060625	0.003145	-0.004320
24862	-0.061218	0.003930	-0.008172
24863	-0.059092	0.004772	-0.005431
24864	-0.058567	0.004009	-0.006843
24865	-0.058254	0.005357	-0.006995
24866	-0.057742	0.004658	-0.006924
24867	-0.058398	0.005591	-0.007671
24868	-0.059174	0.005464	-0.008103
24869	-0.058061	0.004609	-0.006985
24870	-0.060267	0.003951	-0.008950
24871	-0.059563	0.004214	-0.009235
24872	-0.060195	0.005191	-0.008636
24873	-0.060070	0.005820	-0.008629
24874	-0.059402	0.006157	-0.009008
24875	-0.059867	0.007015	-0.010068
24876	-0.059992	0.006567	-0.010986
24877	-0.059419	0.005825	-0.009370
24878	-0.062926	0.005802	-0.010354
24879	-0.060792	0.006619	-0.010649
24880	-0.061423	0.007594	-0.010049
24881	-0.060374	0.005531	-0.008467
24882	-0.060187	0.007158	-0.010290
24883	-0.060871	0.008358	-0.009746
24884	-0.062438	0.007442	-0.010712
24885	-0.061048	0.007604	-0.008742
24886	-0.059232	0.006260	-0.009642
24887	-0.059820	0.007295	-0.009113
24888	-0.060426	0.008135	-0.011473
24889	-0.059880	0.007425	-0.011362
24890	-0.060015	0.007039	-0.010794
24891	-0.058571	0.006824	-0.011571
24892	-0.057262	0.006904	-0.010951
24893	-0.058633	0.007017	-0.010822
24894	-0.056816	0.005670	-0.011719
24895	-0.058714	0.007107	-0.009919
24896	-0.059487	0.006973	-0.010342
24897	-0.059378	0.007518	-0.011734
24898	-0.058706	0.007849	-0.012106
24899	-0.058970	0.006580	-0.012757
24900	-0.059754	0.006512	-0.011697
24901	-0.060429	0.007521	-0.014016
24902	-0.058777	0.005200	-0.012974
24903	-0.059381	0.006173	-0.012332
24904	-0.059160	0.003318	-0.012820
24905	-0.059666	0.005096	-0.013785
24906	-0.058994	0.005425	-0.014154
24907	-0.059206	0.005182	-0.015022
24908	-0.059977	0.005044	-0.015440
24909	-0.059901	0.005669	-0.016850
24910	-0.060992	0.003520	-0.014876
24911	-0.059146	0.003285	-0.015953
24912	-0.060082	0.002175	-0.014434
24913	-0.059843	0.002652	-0.016027
24914	-0.060614	0.002512	-0.016443
24915	-0.061255	0.003554	-0.017335
24916	-0.061233	0.004201	-0.017213
24917	-0.060436	0.004345	-0.019084
24918	-0.061217	0.004273	-0.018018
24919	-0.060627	0.004621	-0.018139
24920	-0.061562	0.003509	-0.016616
24921	-0.060724	0.003618	-0.018531
24922	-0.060060	0.004011	-0.017415
24923	-0.060884	0.002604	-0.018772
24924	-0.061025	0.002279	-0.016712
24925	-0.061158	0.001975	-0.016138
24926	-0.060331	0.003338	-0.016958
24927	-0.061170	0.002138	-0.015443
24928	-0.061939	0.001994	-0.015854
24929	-0.061223	0.002327	-0.017762
24930	-0.061352	0.001931	-0.017180
24931	-0.061465	0.001311	-0.016288
24932	-0.061440	0.001954	-0.016162
24933	-0.061725	0.000334	-0.014814
24934	-0.060897	0.001694	-0.015632
24935	-0.061946	0.000871	-0.014095
24936	-0.062552	0.001694	-0.016441
24937	-0.061345	0.000769	-0.015403
24938	-0.062113	0.000622	-0.015811
24939	-0.061543	0.001035	-0.015962
24940	-0.061661	0.000566	-0.016856
24941	-0.060986	0.001089	-0.015813
24942	-0.060157	0.002447	-0.016629
24943	-0.061228	0.000110	-0.018987
24944	-0.060409	0.001539	-0.018323
24945	-0.061117	0.001326	-0.018696
24946	-0.061244	0.000926	-0.018108
24947	-0.060788	0.000277	-0.017853
24948	-0.060905	-0.000194	-0.018744
24949	-0.060160	0.000065	-0.020632
24950	-0.059492	0.000453	-0.019508
24951	-0.060368	-0.000731	-0.017921
24952	-0.061135	-0.000881	-0.018324
24953	-0.059643	0.000114	-0.019517
24954	-0.059260	-0.001722	-0.020436
24955	-0.059372	-0.002013	-0.019906
24956	-0.059648	-0.003456	-0.018856
24957	-0.059345	-0.001824	-0.020842
24958	-0.059122	-0.004629	-0.019821
24959	-0.058474	-0.004163	-0.020192
24960	-0.057654	-0.002738	-0.019524
24961	-0.056992	-0.003564	-0.019504
24962	-0.056313	-0.003252	-0.019857
24963	-0.056975	-0.002335	-0.020561
24964	-0.056448	-0.003062	-0.020454
24965	-0.058424	-0.001622	-0.021556
24966	-0.059483	-0.003929	-0.022515
24967	-0.057321	-0.003003	-0.019893
24968	-0.057926	-0.002191	-0.022228
24969	-0.058037	-0.002727	-0.021421
24970	-0.058151	-0.003206	-0.022304
24971	-0.057440	-0.002988	-0.022527
24972	-0.058205	-0.003145	-0.022923
24973	-0.057548	-0.004025	-0.024365
24974	-0.058320	-0.004110	-0.023281
24975	-0.056253	-0.004346	-0.024808
24976	-0.055430	-0.002924	-0.024136
24977	-0.054923	-0.003782	-0.023750
24978	-0.055686	-0.003941	-0.024143
24979	-0.055602	-0.003384	-0.023947
24980	-0.055866	-0.004906	-0.024366
24981	-0.056492	-0.004100	-0.025014
24982	-0.056263	-0.006913	-0.023981
24983	-0.054078	-0.006117	-0.021257
24984	-0.054841	-0.006278	-0.021648
24985	-0.055412	-0.005356	-0.022544
24986	-0.054581	-0.004010	-0.023349
24987	-0.054637	-0.004510	-0.022695
24988	-0.055408	-0.004598	-0.021606
24989	-0.054571	-0.007482	-0.021151
24990	-0.053740	-0.006137	-0.021955
24991	-0.055842	-0.005784	-0.024136
24992	-0.054016	-0.007093	-0.023513
24993	-0.055277	-0.005920	-0.023760
24994	-0.055245	-0.005293	-0.023616
24995	-0.055407	-0.005789	-0.022736
24996	-0.056820	-0.005629	-0.022636
24997	-0.056002	-0.005503	-0.024518
24998	-0.057070	-0.007674	-0.022504
24999	-0.056139	-0.006382	-0.021821
25000	-0.056901	-0.006547	-0.022206
25001	-0.056880	-0.005790	-0.023644
25002	-0.056197	-0.005488	-0.023984
25003	-0.056343	-0.005998	-0.024666
25004	-0.056453	-0.006489	-0.025536
25005	-0.057621	-0.004126	-0.026296
25006	-0.058388	-0.004217	-0.025202
25007	-0.056442	-0.004493	-0.026419
25008	-0.055915	-0.005159	-0.024818
25009	-0.055752	-0.004696	-0.026223
25010	-0.056369	-0.003748	-0.025589
25011	-0.056540	-0.004053	-0.024901
25012	-0.055856	-0.003754	-0.025238
25013	-0.057972	-0.003224	-0.026043
25014	-0.057437	-0.003966	-0.025918
25015	-0.056705	-0.003809	-0.026111
25016	-0.057322	-0.002862	-0.025475
25017	-0.056055	-0.004078	-0.025747
25018	-0.056666	-0.003208	-0.026588
25019	-0.056126	-0.003985	-0.026341
25020	-0.056737	-0.003115	-0.027182
25021	-0.056637	-0.002452	-0.025582
25022	-0.055804	-0.001115	-0.026378
25023	-0.055202	-0.002034	-0.027650
25024	-0.056115	-0.003170	-0.026087
25025	-0.056542	-0.001305	-0.027322
25026	-0.057158	-0.000360	-0.026684
25027	-0.057054	0.000130	-0.026438
25028	-0.057162	-0.000368	-0.027299
25029	-0.056297	0.000957	-0.028063
25030	-0.058209	0.002474	-0.027930
25031	-0.057538	0.002840	-0.028212
25032	-0.057148	0.001052	-0.027617
25033	-0.057817	0.001957	-0.028284
25034	-0.057131	0.002250	-0.028614
25035	-0.056666	0.001487	-0.028219
25036	-0.057926	0.002678	-0.028570
25037	-0.057908	0.001990	-0.029389
25038	-0.057216	0.002205	-0.031195
25039	-0.057797	0.003113	-0.030498
25040	-0.058554	0.002937	-0.030869
25041	-0.057932	0.003172	-0.029358
25042	-0.058394	0.005076	-0.030656
25043	-0.059034	0.004725	-0.030979
25044	-0.059140	0.004222	-0.031834
25045	-0.060504	0.004383	-0.031729
25046	-0.060106	0.002514	-0.032604
25047	-0.059362	0.002713	-0.032862
25048	-0.061267	0.004148	-0.034201
25049	-0.059938	0.004338	-0.033604
25050	-0.060048	0.003912	-0.032981
25051	-0.060579	0.004799	-0.033918
25052	-0.060037	0.004046	-0.033779
25053	-0.059435	0.003271	-0.033654
25054	-0.060195	0.003169	-0.032545
25055	-0.058455	0.000657	-0.032837
25056	-0.057623	0.002063	-0.032149
25057	-0.059015	0.002149	-0.033460
25058	-0.058976	0.002761	-0.033298
25059	-0.058757	0.004477	-0.033665
25060	-0.059512	0.004295	-0.034030
25061	-0.059716	0.002813	-0.031389
25062	-0.060323	0.003671	-0.032218
25063	-0.060807	0.005676	-0.033493
25064	-0.059108	0.003227	-0.033854
25065	-0.059935	0.001954	-0.033768
25066	-0.060038	0.001443	-0.034615
25067	-0.060074	0.000792	-0.033800
25068	-0.060180	0.000361	-0.033170
25069	-0.060053	0.001970	-0.034770
25070	-0.059359	0.002173	-0.036565
25071	-0.060280	0.001199	-0.035047
25072	-0.059731	0.000361	-0.036376
25073	-0.059076	0.000587	-0.034905
25074	-0.059032	0.001116	-0.036215
25075	-0.059432	0.002805	-0.037310
25076	-0.059537	0.002371	-0.036678
25077	-0.060246	0.002112	-0.036956
25078	-0.059551	0.002312	-0.038749
25079	-0.060175	0.003317	-0.038055
25080	-0.059483	0.003597	-0.038371
25081	-0.060289	0.002089	-0.038057
25082	-0.061186	0.000860	-0.037947
25083	-0.061333	0.000243	-0.038486
25084	-0.061292	0.000849	-0.038317
25085	-0.060609	-0.000118	-0.038146
25086	-0.061363	-0.000227	-0.037026
25087	-0.061790	0.001536	-0.038151
25088	-0.062542	0.001345	-0.038506
25089	-0.062044	0.000575	-0.036596
25090	-0.062795	0.000384	-0.036950
25091	-0.063528	0.000273	-0.037339
25092	-0.063630	-0.000164	-0.036702
25093	-0.062130	0.000908	-0.036421
25094	-0.062736	0.001757	-0.037240
25095	-0.063302	0.002622	-0.036509
25096	-0.064052	0.002429	-0.036861
25097	-0.062218	0.001180	-0.036182
25098	-0.062173	0.001700	-0.037484
25099	-0.060846	0.000671	-0.036505
25100	-0.062245	0.000722	-0.037847
25101	-0.062280	0.000159	-0.037117
25102	-0.061441	0.001473	-0.037894
25103	-0.061941	0.002149	-0.037076
25104	-0.061246	0.002422	-0.037385
25105	-0.061390	0.001798	-0.037917
25106	-0.061201	0.003439	-0.038209
25107	-0.061371	0.001709	-0.036882
25108	-0.061324	0.002226	-0.038181
25109	-0.060980	0.000447	-0.038924
25110	-0.061730	0.000333	-0.037796
25111	-0.059702	-0.000266	-0.038799
25112	-0.058865	0.001129	-0.038099
25113	-0.059815	-0.000010	-0.037878
25114	-0.060563	-0.000208	-0.038223
25115	-0.059179	-0.000051	-0.037692
25116	-0.059134	0.000547	-0.037514
25117	-0.058309	0.001933	-0.038247
25118	-0.057611	0.002119	-0.040026
25119	-0.058587	-0.000019	-0.039628
25120	-0.059189	0.000739	-0.041913
25121	-0.057755	0.000645	-0.041175
25122	-0.059010	0.001814	-0.041502
25123	-0.059049	0.001332	-0.040837
25124	-0.059653	0.002173	-0.041647
25125	-0.059660	0.001696	-0.041054
25126	-0.058820	0.003005	-0.041825
25127	-0.059270	0.003636	-0.041055
25128	-0.060016	0.003433	-0.041395
25129	-0.058552	0.003452	-0.040857
25130	-0.058504	0.003962	-0.042149
25131	-0.058791	0.003683	-0.041191
25132	-0.059537	0.003480	-0.041530
25133	-0.058367	0.002414	-0.043280
25134	-0.058970	0.003252	-0.044087
25135	-0.059463	0.004087	-0.043461
25136	-0.059050	0.002268	-0.042821
25137	-0.059728	0.002188	-0.043351
25138	-0.059680	0.002696	-0.044640
25139	-0.059818	0.002208	-0.043760
25140	-0.059912	0.001674	-0.044579
25141	-0.060161	0.000080	-0.044795
25142	-0.060622	0.002042	-0.044597
25143	-0.059773	0.002213	-0.045016
25144	-0.060517	0.002006	-0.045350
25145	-0.059469	-0.000073	-0.045136
25146	-0.060072	0.000846	-0.044467
25147	-0.059420	0.001281	-0.043216
25148	-0.058720	0.001541	-0.043511
25149	-0.060044	0.002737	-0.042057
25150	-0.059486	0.001955	-0.041882
25151	-0.060192	0.001771	-0.042227
25152	-0.062096	0.003176	-0.043538
25153	-0.061402	0.003575	-0.042316
25154	-0.060843	0.002792	-0.042139
25155	-0.061410	0.002265	-0.043978
25156	-0.061360	0.002853	-0.043789
25157	-0.061601	0.001306	-0.042482
25158	-0.062202	0.002137	-0.043283
25159	-0.061366	0.003405	-0.045477
25160	-0.062392	0.001110	-0.044863
25161	-0.060980	0.002320	-0.044538
25162	-0.061072	0.001778	-0.045349
25163	-0.061018	0.000791	-0.044283
25164	-0.059665	0.000804	-0.043583
25165	-0.060302	0.001742	-0.044319
25166	-0.059741	0.000955	-0.044138
25167	-0.060059	0.002647	-0.045390
25168	-0.059639	0.000818	-0.044736
25169	-0.061693	0.000945	-0.045185
25170	-0.061783	0.000400	-0.045992
25171	-0.061841	-0.000126	-0.045208
25172	-0.061930	-0.000584	-0.044542
25173	-0.060648	-0.000459	-0.045278
25174	-0.062692	-0.000102	-0.046110
25175	-0.061776	0.001034	-0.045173
25176	-0.058747	-0.001944	-0.043498
25177	-0.059302	-0.001315	-0.045629
25178	-0.060043	-0.001532	-0.045951
25179	-0.060117	-0.000872	-0.045474
25180	-0.058761	-0.000864	-0.044769
25181	-0.057857	0.000298	-0.046974
25182	-0.058877	-0.001917	-0.044878
25183	-0.059738	-0.001886	-0.045131
25184	-0.057732	-0.002297	-0.046379
25185	-0.059362	-0.003031	-0.045668
25186	-0.060102	-0.003251	-0.045987
25187	-0.060020	-0.002719	-0.045694
25188	-0.059317	-0.002558	-0.047449
25189	-0.058422	-0.001370	-0.048098
25190	-0.060603	-0.001972	-0.046979
25191	-0.061199	-0.001038	-0.046235
25192	-0.059472	-0.003536	-0.046534
25193	-0.060107	-0.002408	-0.045922
25194	-0.060195	-0.002961	-0.046720
25195	-0.060145	-0.002623	-0.047713
25196	-0.060231	-0.003087	-0.047039
25197	-0.060385	-0.003528	-0.046152
25198	-0.059681	-0.003371	-0.047903
25199	-0.059225	-0.005166	-0.047249
25200	-0.059680	-0.003126	-0.045568
25201	-0.060316	-0.002169	-0.046351
25202	-0.061054	-0.002393	-0.046665
25203	-0.061035	-0.001681	-0.046456
25204	-0.060468	-0.002479	-0.046260
25205	-0.061576	-0.001584	-0.046470
25206	-0.061287	-0.004467	-0.045324
25207	-0.061696	-0.002880	-0.046296
25208	-0.060989	-0.002637	-0.046573
25209	-0.061222	-0.004186	-0.045246
25210	-0.061306	-0.004654	-0.044566
25211	-0.061139	-0.004157	-0.044404
25212	-0.061083	-0.003583	-0.044199
25213	-0.060459	-0.004494	-0.045477
25214	-0.061193	-0.004631	-0.044315
25215	-0.060770	-0.006678	-0.043319
25216	-0.062674	-0.005290	-0.044612
25217	-0.061321	-0.005223	-0.043863
25218	-0.061780	-0.003367	-0.045121
25219	-0.061100	-0.004347	-0.044829
25220	-0.060392	-0.004107	-0.045102
25221	-0.059269	-0.005212	-0.045127
25222	-0.059867	-0.004400	-0.045908
25223	-0.060559	-0.004796	-0.046028
25224	-0.059709	-0.003424	-0.045304
25225	-0.061837	-0.004225	-0.045539
25226	-0.060993	-0.003036	-0.047756
25227	-0.060918	-0.002384	-0.047582
25228	-0.060347	-0.003189	-0.047377
25229	-0.061688	-0.003010	-0.047267
25230	-0.060982	-0.002864	-0.049007
25231	-0.060076	-0.001617	-0.048148
25232	-0.061086	-0.003935	-0.047499
25233	-0.059790	-0.004017	-0.048034
25234	-0.059731	-0.003449	-0.047822
25235	-0.059640	-0.002856	-0.047597
25236	-0.060236	-0.002047	-0.048374
25237	-0.060356	-0.003607	-0.047263
25238	-0.060952	-0.002799	-0.048039
25239	-0.058819	-0.003326	-0.049313
25240	-0.060997	-0.004031	-0.049645
25241	-0.059673	-0.004170	-0.048598
25242	-0.059751	-0.004647	-0.047907
25243	-0.059814	-0.005143	-0.048716
25244	-0.059895	-0.005712	-0.049494
25245	-0.060680	-0.005593	-0.048411
25246	-0.061549	-0.006873	-0.048232
25247	-0.051784	0.001441	-0.024654
25248	-0.051068	0.001679	-0.024897
25249	-0.052468	0.001935	-0.026347
25250	-0.051752	0.002172	-0.026589
25251	-0.052118	0.000572	-0.026528
25252	-0.052705	0.001475	-0.025809
25253	-0.052162	0.000541	-0.025260
25254	-0.052753	0.001351	-0.026011
25255	-0.052025	0.001513	-0.026103
25256	-0.052752	0.001279	-0.026376
25257	-0.052214	0.000520	-0.026007
25258	-0.052285	0.000046	-0.025289
25259	-0.054141	0.001438	-0.024891
25260	-0.054211	0.000963	-0.024172
25261	-0.054823	0.000581	-0.022800
25262	-0.054100	0.000908	-0.021570
25263	-0.053072	0.002165	-0.020958
25264	-0.052495	0.001261	-0.022188
25265	-0.051756	0.001485	-0.022367
25266	-0.051826	0.001008	-0.021647
25267	-0.053083	0.002038	-0.023260
25268	-0.053673	0.002844	-0.024007
25269	-0.054503	0.002929	-0.022776
25270	-0.053649	0.004204	-0.023491
25271	-0.052963	0.004483	-0.023660
25272	-0.052244	0.004714	-0.023896
25273	-0.053813	0.003700	-0.022954
25274	-0.053751	0.004170	-0.024178
25275	-0.053653	0.004703	-0.023886
25276	-0.052928	0.005028	-0.022652
25277	-0.054376	0.003003	-0.021750
25278	-0.053521	0.004275	-0.022462
25279	-0.052842	0.004569	-0.022615
25280	-0.052122	0.004798	-0.022848
25281	-0.052934	0.004730	-0.023064
25282	-0.053523	0.005532	-0.023806
25283	-0.054782	0.006795	-0.022550
25284	-0.054719	0.007262	-0.023771
25285	-0.053803	0.008693	-0.024745
25286	-0.054791	0.006459	-0.022580
25287	-0.053960	0.006701	-0.022948
25288	-0.056128	0.005988	-0.023240
25289	-0.055369	0.006249	-0.023508
25290	-0.055435	0.005766	-0.022779
25291	-0.055871	0.006294	-0.025026
25292	-0.055801	0.006854	-0.024777
25293	-0.056548	0.006715	-0.025047
25294	-0.057406	0.005427	-0.024827
25295	-0.056581	0.005603	-0.025111
25296	-0.058479	0.006975	-0.026359
25297	-0.057785	0.007221	-0.026469
25298	-0.057063	0.007446	-0.026697
25299	-0.056173	0.007711	-0.027198
25300	-0.056102	0.008269	-0.026947
25301	-0.055900	0.009741	-0.026926
25302	-0.055581	0.006834	-0.025712
25303	-0.054653	0.009086	-0.026626
25304	-0.053789	0.010449	-0.025865
25305	-0.053424	0.008767	-0.025115
25306	-0.053360	0.009228	-0.026329
25307	-0.054121	0.009129	-0.024963
25308	-0.054842	0.008881	-0.025217
25309	-0.056284	0.008901	-0.026319
25310	-0.055426	0.010166	-0.027024
25311	-0.058943	0.010366	-0.026481
25312	-0.056916	0.009917	-0.027662
25313	-0.057860	0.008741	-0.027394
25314	-0.057921	0.008253	-0.026657
25315	-0.058654	0.009207	-0.027238
25316	-0.057405	0.008145	-0.025990
25317	-0.056650	0.008419	-0.026270
25318	-0.057362	0.008265	-0.025053
25319	-0.056696	0.008432	-0.025062
25320	-0.058594	0.009797	-0.026304
25321	-0.057398	0.008740	-0.024863
25322	-0.057458	0.008249	-0.024124
25323	-0.058147	0.009177	-0.024744
25324	-0.058207	0.008686	-0.024004
25325	-0.058263	0.008127	-0.024741
25326	-0.059116	0.006830	-0.024507
25327	-0.058402	0.007132	-0.024752
25328	-0.060299	0.008495	-0.025992
25329	-0.059563	0.008708	-0.027772
25330	-0.059489	0.009259	-0.027512
25331	-0.058924	0.008465	-0.027168
25332	-0.060295	0.008546	-0.026935
25333	-0.060840	0.009452	-0.027807
25334	-0.060247	0.008623	-0.027541
25335	-0.062081	0.009786	-0.028596
25336	-0.061354	0.010000	-0.028812
25337	-0.061481	0.008407	-0.029192
25338	-0.060887	0.007577	-0.028925
25339	-0.060916	0.006974	-0.028040
25340	-0.061501	0.007761	-0.028766
25341	-0.059531	0.007446	-0.028309
25342	-0.060116	0.008232	-0.029034
25343	-0.060648	0.009135	-0.028320
25344	-0.061629	0.006788	-0.027595
25345	-0.060863	0.008287	-0.026748
25346	-0.061439	0.009171	-0.026006
25347	-0.061285	0.009539	-0.027214
25348	-0.060689	0.008705	-0.026943
25349	-0.062039	0.008654	-0.028104
25350	-0.062746	0.008494	-0.026877
25351	-0.060691	0.007923	-0.027852
25352	-0.059821	0.009277	-0.027081
25353	-0.060580	0.007949	-0.026862
25354	-0.060503	0.008495	-0.026595
25355	-0.061082	0.009305	-0.027265
25356	-0.061136	0.008806	-0.026514
25357	-0.060357	0.008933	-0.026643
25358	-0.063567	0.010861	-0.028385
25359	-0.063001	0.008939	-0.027668
25360	-0.060827	0.009617	-0.027850
25361	-0.062116	0.009634	-0.027637
25362	-0.062699	0.010415	-0.028357
25363	-0.062072	0.009547	-0.028012
25364	-0.062645	0.010428	-0.027265
25365	-0.062579	0.010911	-0.028393
25366	-0.061839	0.011218	-0.027134
25367	-0.062391	0.012001	-0.026233
25368	-0.060357	0.011532	-0.027394
25369	-0.061174	0.010127	-0.027048
25370	-0.061095	0.010669	-0.026776
25371	-0.061733	0.010324	-0.026934
25372	-0.062446	0.010057	-0.027165
25373	-0.061180	0.009102	-0.025955
25374	-0.063348	0.008262	-0.027677
25375	-0.062654	0.008521	-0.027794
25376	-0.061782	0.009870	-0.027017
25377	-0.063284	0.010163	-0.026697
25378	-0.062682	0.009321	-0.026415
25379	-0.063246	0.010021	-0.027024
25380	-0.062644	0.009179	-0.026742
25381	-0.062331	0.010699	-0.028649
25382	-0.061849	0.008913	-0.026415
25383	-0.061066	0.008928	-0.026364
25384	-0.061919	0.007511	-0.027571
25385	-0.063253	0.007469	-0.027186
25386	-0.063302	0.006963	-0.026424
25387	-0.063936	0.006457	-0.026446
25388	-0.063985	0.005950	-0.025684
25389	-0.063992	0.005564	-0.025071
25390	-0.063129	0.006807	-0.025757
25391	-0.065170	0.006990	-0.027873
25392	-0.064295	0.008335	-0.027093
25393	-0.064266	0.008027	-0.026632
25394	-0.064336	0.007313	-0.028798
25395	-0.064320	0.009173	-0.028860
25396	-0.064238	0.009709	-0.028581
25397	-0.064757	0.010395	-0.027573
25398	-0.062589	0.010959	-0.029210
25399	-0.063067	0.011806	-0.028481
25400	-0.063659	0.012472	-0.030654
25401	-0.063002	0.011535	-0.030279
25402	-0.063059	0.010921	-0.030976
25403	-0.063008	0.010448	-0.030315
25404	-0.062936	0.010878	-0.031499
25405	-0.062852	0.009942	-0.032010
25406	-0.060800	0.009563	-0.031693
25407	-0.062922	0.009917	-0.033819
25408	-0.062045	0.011259	-0.033036
25409	-0.062026	0.010709	-0.032275
25410	-0.063386	0.010770	-0.032017
25411	-0.062621	0.009723	-0.031701
25412	-0.063200	0.010489	-0.032406
25413	-0.062325	0.011611	-0.034521
25414	-0.061552	0.012116	-0.030321
25415	-0.062170	0.012817	-0.029222
25416	-0.061715	0.010710	-0.031367
25417	-0.061475	0.011064	-0.031106
25418	-0.060737	0.011255	-0.031297
25419	-0.060766	0.011865	-0.030844
25420	-0.060809	0.011350	-0.030071
25421	-0.060529	0.011684	-0.029851
25422	-0.059663	0.012918	-0.030529
25423	-0.059137	0.011020	-0.029724
25424	-0.059843	0.010738	-0.029937
25425	-0.060995	0.011808	-0.031818
25426	-0.060909	0.012336	-0.031531
25427	-0.060297	0.011255	-0.030907
25428	-0.061655	0.011311	-0.030643
25429	-0.061687	0.010676	-0.031301
25430	-0.062239	0.011648	-0.029073
25431	-0.062786	0.012605	-0.028394
25432	-0.063747	0.010231	-0.027627
25433	-0.063581	0.010697	-0.027368
25434	-0.063494	0.011223	-0.027079
25435	-0.064072	0.011941	-0.027641
25436	-0.064112	0.011421	-0.026862
25437	-0.064030	0.011610	-0.027718
25438	-0.064721	0.011430	-0.026463
25439	-0.062841	0.010085	-0.025584
25440	-0.063546	0.009798	-0.025791
25441	-0.063388	0.011289	-0.025673
25442	-0.064745	0.011342	-0.025405
25443	-0.065297	0.011987	-0.025912
25444	-0.064556	0.012170	-0.026095
25445	-0.065213	0.011873	-0.024706
25446	-0.063155	0.011482	-0.024376
25447	-0.056433	0.008317	-0.021167
25448	-0.056849	0.010327	-0.019422
25449	-0.056888	0.009801	-0.018599
25450	-0.056791	0.010318	-0.018303
25451	-0.057505	0.009943	-0.018280
25452	-0.057549	0.009308	-0.018956
25453	-0.057251	0.010683	-0.020624
25454	-0.056629	0.009814	-0.020311
25455	-0.055795	0.010000	-0.020608
25456	-0.055158	0.009237	-0.018831
25457	-0.056384	0.010354	-0.017357
25458	-0.056428	0.009717	-0.018030
25459	-0.056372	0.010404	-0.017816
25460	-0.056415	0.009766	-0.018489
25461	-0.057045	0.009745	-0.017421
25462	-0.057642	0.010277	-0.021034
25463	-0.057235	0.008558	-0.020215
25464	-0.056345	0.009885	-0.019417
25465	-0.056266	0.009208	-0.018555
25466	-0.055641	0.008335	-0.018237
25467	-0.055032	0.007447	-0.016195
25468	-0.054281	0.007618	-0.016368
25469	-0.054117	0.007984	-0.014291
25470	-0.053492	0.007110	-0.013972
25471	-0.054229	0.006680	-0.017074
25472	-0.053337	0.008004	-0.016274
25473	-0.054636	0.008215	-0.014608
25474	-0.054552	0.008618	-0.015766
25475	-0.054581	0.009257	-0.015302
25476	-0.054607	0.008722	-0.014506
25477	-0.055225	0.008496	-0.011620
25478	-0.057127	0.009704	-0.014278
25479	-0.055003	0.009257	-0.015545
25480	-0.055555	0.010108	-0.014765
25481	-0.055549	0.009626	-0.013983
25482	-0.055589	0.008980	-0.014647
25483	-0.054756	0.009088	-0.014820
25484	-0.054003	0.009255	-0.014988
25485	-0.053260	0.009409	-0.015023
25486	-0.051077	0.009937	-0.016632
25487	-0.053099	0.010133	-0.018757
25488	-0.050901	0.010771	-0.018903
25489	-0.050732	0.011243	-0.018615
25490	-0.051423	0.010937	-0.018801
25491	-0.050701	0.011225	-0.018970
25492	-0.050599	0.011732	-0.018661
25493	-0.051439	0.011350	-0.020005
25494	-0.050560	0.012560	-0.020662
25495	-0.049827	0.012905	-0.020909
25496	-0.050626	0.011661	-0.019139
25497	-0.049877	0.011639	-0.020600
25498	-0.049107	0.011913	-0.019302
25499	-0.049119	0.011479	-0.018576
25500	-0.049668	0.012325	-0.017790
25501	-0.049578	0.012518	-0.020256
25502	-0.050251	0.012319	-0.018976
25503	-0.049473	0.012550	-0.019186
25504	-0.048825	0.011776	-0.017393
25505	-0.047997	0.011805	-0.019044
25506	-0.047893	0.012308	-0.018730
25507	-0.047942	0.011737	-0.019412
25508	-0.047838	0.012240	-0.019098
25509	-0.047757	0.011326	-0.019581
25510	-0.045647	0.011133	-0.016305
25511	-0.046110	0.011971	-0.015589
25512	-0.046798	0.011658	-0.015767
25513	-0.047242	0.012222	-0.016404
25514	-0.047262	0.011678	-0.015595
25515	-0.046525	0.012015	-0.015835
25516	-0.047230	0.011590	-0.017473
25517	-0.047173	0.010825	-0.018083
25518	-0.047843	0.010622	-0.016799
25519	-0.047038	0.010530	-0.016681
25520	-0.047831	0.009280	-0.014901
25521	-0.046222	0.009909	-0.015824
25522	-0.046786	0.010639	-0.016493
25523	-0.047951	0.011785	-0.015185
25524	-0.048514	0.012514	-0.015854
25525	-0.049071	0.013022	-0.017796
25526	-0.048295	0.013290	-0.016490
25527	-0.047702	0.011451	-0.015843
25528	-0.046943	0.011605	-0.015997
25529	-0.047622	0.011235	-0.016057
25530	-0.046969	0.010455	-0.014255
25531	-0.046771	0.010850	-0.013901
25532	-0.046664	0.011346	-0.013581
25533	-0.045960	0.011447	-0.015118
25534	-0.045428	0.009620	-0.012820
25535	-0.046056	0.009208	-0.012935
25536	-0.045156	0.010519	-0.012121
25537	-0.044539	0.009732	-0.011800
25538	-0.044431	0.010227	-0.011477
25539	-0.043749	0.009425	-0.009620
25540	-0.043111	0.008530	-0.009274
25541	-0.041840	0.006196	-0.007337
25542	-0.040957	0.007392	-0.007982
25543	-0.040130	0.007337	-0.007928
25544	-0.040954	0.005855	-0.009059
25545	-0.041490	0.006633	-0.008117
25546	-0.040851	0.005735	-0.007769
25547	-0.042078	0.005972	-0.007865
25548	-0.042762	0.005649	-0.008030
25549	-0.042452	0.007232	-0.009961
25550	-0.043360	0.004929	-0.007673
25551	-0.042485	0.005100	-0.007979
25552	-0.040521	0.003626	-0.007115
25553	-0.041076	0.004556	-0.007941
25554	-0.041088	0.004000	-0.007117
25555	-0.042207	0.004979	-0.007346
25556	-0.041547	0.004192	-0.005535
25557	-0.040897	0.003488	-0.003726
25558	-0.040013	0.004679	-0.004368
25559	-0.040621	0.005559	-0.003396
25560	-0.041545	0.003139	-0.002563
25561	-0.039959	0.005117	-0.004091
25562	-0.040641	0.004789	-0.004252
25563	-0.040531	0.004007	-0.004969
25564	-0.040541	0.003449	-0.004142
25565	-0.040593	0.003054	-0.001741
25566	-0.039708	0.004243	-0.002381
25567	-0.041972	0.002349	-0.003543
25568	-0.041069	0.003653	-0.002723
25569	-0.041133	0.003124	-0.001739
25570	-0.041041	0.003495	-0.002867
25571	-0.042444	0.003660	-0.002496
25572	-0.041559	0.004848	-0.003134
25573	-0.041629	0.004247	-0.003648
25574	-0.042291	0.004031	-0.002346
25575	-0.041448	0.005123	-0.001089
25576	-0.040962	0.002939	-0.003150
25577	-0.041553	0.003962	-0.002383
25578	-0.042112	0.004677	-0.003036
25579	-0.041334	0.004865	-0.003213
25580	-0.041222	0.005349	-0.002879
25581	-0.041154	0.005684	-0.005470
25582	-0.040608	0.003846	-0.003151
25583	-0.041070	0.004638	-0.002402
25584	-0.041749	0.004304	-0.002555
25585	-0.041548	0.005887	-0.002614
25586	-0.040249	0.004633	-0.002723
25587	-0.039458	0.004759	-0.002765
25588	-0.040117	0.004540	-0.001458
25589	-0.040702	0.005220	-0.003575
25590	-0.040055	0.004309	-0.003210
25591	-0.039202	0.004108	-0.003017
25592	-0.041046	0.005626	-0.001264
25593	-0.040440	0.004739	-0.002438
25594	-0.040445	0.004173	-0.001601
25595	-0.040389	0.003354	-0.000534
25596	-0.039482	0.004651	0.000292
25597	-0.040239	0.003244	0.000659
25598	-0.040658	0.005116	0.000971
25599	-0.042726	0.005411	-0.001147
25600	-0.041819	0.006709	-0.000319
25601	-0.041033	0.008295	0.000511
25602	-0.040265	0.008427	0.000380
25603	-0.040877	0.008162	0.001753
25604	-0.040880	0.007593	0.002594
25605	-0.040780	0.008282	0.004403
25606	-0.040032	0.008296	0.002815
25607	-0.039373	0.007453	0.004734
25608	-0.040049	0.007112	0.004590
25609	-0.039883	0.007634	0.004859
25610	-0.039114	0.007764	0.004731
25611	-0.039786	0.007406	0.004680
25612	-0.039788	0.006835	0.005524
25613	-0.040288	0.008651	0.004500
25614	-0.041179	0.006332	0.006817
25615	-0.039084	0.005631	0.005934
25616	-0.039620	0.006453	0.006751
25617	-0.039690	0.005882	0.007795
25618	-0.040344	0.005656	0.009113
25619	-0.040108	0.006015	0.009418
25620	-0.039990	0.006489	0.009763
25621	-0.039696	0.007517	0.006878
25622	-0.040585	0.005196	0.009199
25623	-0.039803	0.005391	0.009036
25624	-0.039032	0.005517	0.008913
25625	-0.039358	0.007332	0.009194
25626	-0.038705	0.006410	0.009572
25627	-0.039287	0.007249	0.008956
25628	-0.038612	0.006446	0.010793
25629	-0.037668	0.007649	0.011767
25630	-0.038267	0.008110	0.008215
25631	-0.037437	0.009346	0.009344
25632	-0.038110	0.008998	0.009209
