// General information: 
//  MT Manager version: 2021.4.0 
//  XDA version: 2021.4.0 build 6323 rev 112641 built on 2021-09-28
// Device information: 
//  DeviceId: 00B43859
//  ProductCode: MTW2-3A7G6
//  Firmware Version: 4.3.4
//  Hardware Version: 1.1.0
// Device settings: 
//  Filter Profile: human(46.1)
//  Option Flags: Orientation Smoother Disabled, Position/Velocity Smoother Disabled, Continuous Zero Rotation Update Disabled, AHS Disabled, ICC Disabled
// Coordinate system: ENU
PacketCounter	Roll	Pitch	Yaw
10550	-12.426989	1.571445	-0.646784
10551	-12.588408	1.432291	-0.484158
10552	-12.725986	1.301723	-0.315390
10553	-12.851228	1.183830	-0.133119
10554	-12.961616	1.038330	-0.008622
10555	-13.104456	0.890854	0.081558
10556	-13.291055	0.767939	0.166524
10557	-13.520483	0.648885	0.264600
10558	-13.792656	0.517125	0.340280
10559	-14.120997	0.350763	0.346172
10560	-14.520401	0.153171	0.285330
10561	-14.993041	-0.073887	0.224011
10562	-15.510192	-0.320724	0.195236
10563	-16.084839	-0.602588	0.148279
10564	-16.733050	-0.911215	0.056324
10565	-17.459555	-1.248901	-0.044165
10566	-18.259350	-1.609600	-0.149095
10567	-19.132381	-1.988281	-0.243861
10568	-20.057860	-2.385563	-0.297900
10569	-21.066026	-2.816787	-0.338860
10570	-22.140279	-3.273268	-0.331093
10571	-23.270755	-3.741944	-0.276534
10572	-24.465089	-4.240200	-0.225822
10573	-25.709295	-4.781443	-0.239420
10574	-27.020362	-5.364648	-0.323553
10575	-28.429768	-5.953341	-0.459374
10576	-29.923083	-6.599540	-0.667000
10577	-31.473593	-7.295043	-0.993303
10578	-33.063034	-8.010947	-1.394065
10579	-34.688104	-8.802923	-1.899064
10580	-36.318456	-9.623498	-2.435887
10581	-37.905259	-10.494480	-2.993557
10582	-39.429892	-11.386963	-3.432378
10583	-40.914226	-12.256499	-3.729123
10584	-42.410493	-13.000099	-3.998832
10585	-43.731493	-13.422335	-4.111128
10586	-44.903878	-13.597232	-4.240874
10587	-45.985813	-13.673606	-4.285800
10588	-47.005977	-13.632788	-4.200339
10589	-47.800902	-13.814504	-4.286112
10590	-48.409493	-14.050340	-4.724175
10591	-48.585381	-14.545020	-5.267394
10592	-48.432580	-15.011918	-5.759513
10593	-48.060942	-15.101969	-6.135966
10594	-47.571130	-14.646479	-6.257352
10595	-46.942509	-13.776725	-6.236477
10596	-46.041981	-12.816755	-6.241873
10597	-44.896098	-11.830667	-6.301014
10598	-43.612202	-10.869873	-6.437719
10599	-42.172107	-10.020602	-6.670582
10600	-40.550562	-9.325593	-6.964681
10601	-38.741631	-8.739567	-7.307952
10602	-36.762885	-8.215665	-7.712704
10603	-34.592432	-7.710762	-8.180535
10604	-32.298036	-7.154041	-8.669893
10605	-29.917726	-6.471425	-9.091674
10606	-27.486121	-5.606836	-9.316252
10607	-25.009755	-4.671888	-9.448754
10608	-22.515698	-3.734143	-9.562998
10609	-19.942481	-2.812443	-9.660711
10610	-17.292186	-1.925493	-9.685303
10611	-14.602946	-1.034955	-9.574279
10612	-11.948333	-0.098855	-9.270045
10613	-9.339808	0.862925	-8.745544
10614	-6.782912	1.806152	-8.041502
10615	-4.276084	2.711867	-7.194937
10616	-1.860008	3.531956	-6.314207
10617	0.464289	4.181559	-5.502265
10618	2.647077	4.662044	-4.877657
10619	4.632475	5.016739	-4.451349
10620	6.329110	5.335577	-4.107891
10621	7.710691	5.633385	-3.811896
10622	8.811201	5.867338	-3.448995
10623	9.660136	6.014856	-3.000775
10624	10.265549	6.074152	-2.455772
10625	10.585336	6.065197	-1.793750
10626	10.581424	5.976531	-1.073867
10627	10.219496	5.839888	-0.351248
10628	9.497233	5.678623	0.317035
10629	8.503230	5.432746	0.845570
10630	7.292844	5.231054	1.407702
10631	6.322871	5.153793	1.367760
10632	5.863308	4.987170	0.681085
10633	5.406113	4.873444	0.908004
10634	4.658681	4.725284	2.172917
10635	3.268005	4.682136	3.135089
10636	1.802234	4.499964	3.300927
10637	0.527823	4.235355	3.546407
10638	-0.695480	4.074565	3.991333
10639	-1.824730	4.000467	4.607604
10640	-2.761298	3.914898	4.954296
10641	-3.631214	3.847859	4.950338
10642	-4.525813	3.843284	4.693283
10643	-5.361969	3.809965	4.307764
10644	-6.102619	3.827083	3.858857
10645	-6.782290	3.889750	3.439486
10646	-7.408429	3.937583	3.110931
10647	-8.020837	3.962719	2.839230
10648	-8.578535	3.977102	2.683436
10649	-9.072587	3.978320	2.710165
10650	-9.528756	3.909578	2.797926
10651	-9.964697	3.849307	2.875885
10652	-10.348693	3.784919	2.913069
10653	-10.717493	3.718133	2.905624
10654	-11.059403	3.633649	2.900355
10655	-11.379921	3.511629	2.922980
10656	-11.678729	3.390635	2.975888
10657	-11.942809	3.277501	3.030873
10658	-12.186115	3.167412	3.044495
10659	-12.409289	3.041157	3.033106
10660	-12.611671	2.910435	2.981973
10661	-12.811939	2.777977	2.919535
10662	-12.986927	2.651360	2.883636
10663	-13.141617	2.527227	2.816871
10664	-13.281337	2.410672	2.723097
10665	-13.433483	2.291580	2.637768
10666	-13.583844	2.178806	2.587259
10667	-13.733391	2.042746	2.545068
10668	-13.888491	1.940169	2.540851
10669	-14.033708	1.852701	2.549843
10670	-14.177943	1.765073	2.547356
10671	-14.342828	1.662405	2.516863
10672	-14.528631	1.563581	2.507970
10673	-14.741120	1.456379	2.512492
10674	-14.980770	1.345319	2.522119
10675	-15.282016	1.232167	2.541117
10676	-15.653628	1.111020	2.572074
10677	-16.121165	0.985023	2.649313
10678	-16.674890	0.857359	2.767646
10679	-17.305186	0.708459	2.893072
10680	-18.013161	0.542372	2.967338
10681	-18.810654	0.359049	3.038145
10682	-19.658571	0.127123	3.069412
10683	-20.537670	-0.188098	3.008105
10684	-21.448870	-0.538084	2.906222
10685	-22.409001	-0.894235	2.838621
10686	-23.447422	-1.281775	2.718791
10687	-24.564261	-1.706442	2.551635
10688	-25.758412	-2.169971	2.362339
10689	-27.030536	-2.678679	2.127448
10690	-28.359151	-3.220715	1.848670
10691	-29.776166	-3.762026	1.517359
10692	-31.310391	-4.317691	1.189445
10693	-32.927526	-4.908446	0.824977
10694	-34.587465	-5.481585	0.425259
10695	-36.261734	-6.098808	-0.110962
10696	-37.901492	-6.814713	-0.702414
10697	-39.488276	-7.636599	-1.313079
10698	-41.007470	-8.518092	-1.854846
10699	-42.452679	-9.464626	-2.351402
10700	-43.896526	-10.321350	-2.877595
10701	-45.204403	-10.873428	-3.256343
10702	-46.282602	-11.180967	-3.421486
10703	-47.223978	-11.404246	-3.488135
10704	-48.218570	-11.320356	-3.385299
10705	-48.987930	-11.525864	-3.546127
10706	-49.579113	-11.955993	-4.091011
10707	-49.745670	-12.762115	-5.032951
10708	-49.424562	-13.816095	-6.100220
10709	-48.830987	-14.607077	-7.219493
10710	-48.183951	-14.704105	-8.117776
10711	-47.477602	-14.097820	-8.662280
10712	-46.553544	-13.346285	-9.006554
10713	-45.416695	-12.588304	-9.287932
10714	-44.142100	-11.889474	-9.588283
10715	-42.775645	-11.170311	-9.878127
10716	-41.278893	-10.466592	-10.142108
10717	-39.579758	-9.790771	-10.387459
10718	-37.699735	-9.057632	-10.597733
10719	-35.636169	-8.203016	-10.747920
10720	-33.452090	-7.257719	-10.820530
10721	-31.195127	-6.257244	-10.850485
10722	-28.879377	-5.232531	-10.841300
10723	-26.498604	-4.249127	-10.846516
10724	-24.059240	-3.340703	-10.887596
10725	-21.541480	-2.486445	-10.946983
10726	-18.933430	-1.656625	-10.990939
10727	-16.247119	-0.842644	-11.018989
10728	-13.529020	-0.061108	-10.985843
10729	-10.824361	0.741381	-10.782568
10730	-8.157562	1.569084	-10.295115
10731	-5.534098	2.399240	-9.490903
10732	-2.988563	3.171735	-8.407258
10733	-0.537333	3.788178	-7.158558
10734	1.781181	4.191803	-5.832402
10735	3.894124	4.423699	-4.614518
10736	5.747843	4.511898	-3.568455
10737	7.311604	4.516101	-2.610331
10738	8.570954	4.486320	-1.714097
10739	9.527143	4.475900	-0.861176
10740	10.209630	4.458903	-0.086239
10741	10.577016	4.409712	0.586124
10742	10.548826	4.359333	1.266864
10743	10.159651	4.274525	1.907260
10744	9.468207	4.168400	2.441508
10745	8.453619	3.988946	2.829544
10746	7.261951	3.931725	3.106283
10747	6.446069	3.954163	2.474929
10748	6.093861	3.846468	1.513753
10749	5.651771	3.770641	1.875897
10750	4.669728	3.726165	3.241078
10751	3.092394	3.678355	3.882553
10752	1.641200	3.457608	3.986912
10753	0.363195	3.185908	4.137041
10754	-0.902968	3.086903	4.739609
10755	-2.028627	3.040252	5.336468
10756	-2.990135	2.939755	5.500090
10757	-3.877629	2.880298	5.478433
10758	-4.771948	2.898476	5.285244
10759	-5.538394	2.889367	4.969079
10760	-6.211070	2.948990	4.621886
10761	-6.813932	3.000862	4.297383
10762	-7.358091	3.014746	3.985357
10763	-7.873713	3.043251	3.687766
10764	-8.363756	3.065092	3.422762
10765	-8.875779	3.042904	3.270554
10766	-9.361521	2.949297	3.233495
10767	-9.813783	2.845462	3.141572
10768	-10.209384	2.768464	3.061315
10769	-10.570246	2.662578	2.941898
10770	-10.880234	2.552410	2.893484
10771	-11.141671	2.428029	2.900584
10772	-11.360005	2.302704	2.974418
10773	-11.560425	2.160077	3.042717
10774	-11.739009	2.047078	3.142569
10775	-11.893754	1.918467	3.231635
10776	-12.029026	1.794113	3.370823
10777	-12.157940	1.684229	3.539581
10778	-12.292880	1.605263	3.735758
10779	-12.438568	1.538439	3.928424
10780	-12.564619	1.472092	4.093724
10781	-12.704117	1.410310	4.185100
10782	-12.858680	1.349306	4.220337
10783	-13.043574	1.298418	4.244329
10784	-13.242547	1.261015	4.291175
10785	-13.458348	1.202742	4.364883
10786	-13.677908	1.143752	4.447884
10787	-13.960482	1.087409	4.521081
10788	-14.276052	0.997750	4.621232
10789	-14.642945	0.877408	4.715416
10790	-15.038574	0.770627	4.817143
10791	-15.496847	0.647506	4.889803
10792	-16.019172	0.497915	4.936773
10793	-16.596429	0.321066	4.986170
10794	-17.232755	0.140170	5.026339
10795	-17.931503	-0.052962	5.039753
10796	-18.688757	-0.272524	5.014122
10797	-19.527935	-0.528485	4.963062
10798	-20.436382	-0.816945	4.900955
10799	-21.417773	-1.126486	4.832690
10800	-22.470217	-1.472314	4.754893
10801	-23.612457	-1.848760	4.644006
10802	-24.865440	-2.225272	4.532961
10803	-26.207289	-2.611705	4.443819
10804	-27.641164	-3.040573	4.305073
10805	-29.155043	-3.514444	4.128724
10806	-30.721939	-4.004545	3.921776
10807	-32.339464	-4.507443	3.656314
10808	-34.076218	-5.012977	3.341183
10809	-35.855850	-5.591317	3.020193
10810	-37.656841	-6.188868	2.664377
10811	-39.381518	-6.845125	2.243033
10812	-41.020045	-7.564874	1.805291
10813	-42.581095	-8.312050	1.423619
10814	-44.087589	-9.092097	1.029963
10815	-45.487268	-9.768031	0.679774
10816	-46.759250	-10.214185	0.416771
10817	-47.845819	-10.588814	0.276669
10818	-48.883431	-10.902075	0.244967
10819	-49.776805	-11.122233	0.231356
10820	-50.392900	-11.623097	-0.038787
10821	-50.712607	-12.241405	-0.725190
10822	-50.473515	-13.167086	-1.619269
10823	-49.839643	-13.987959	-2.567775
10824	-49.052885	-14.391469	-3.520530
10825	-48.199331	-14.275445	-4.260510
10826	-47.251401	-13.766777	-4.758928
10827	-46.086629	-13.187896	-5.130378
10828	-44.762133	-12.630250	-5.455347
10829	-43.312615	-12.038986	-5.721163
10830	-41.772874	-11.405717	-5.920287
10831	-40.104993	-10.745823	-6.111193
10832	-38.259229	-10.075270	-6.312229
10833	-36.246941	-9.278423	-6.483026
10834	-34.081397	-8.356645	-6.620308
10835	-31.777538	-7.365525	-6.720912
10836	-29.413257	-6.333923	-6.815574
10837	-26.994114	-5.355631	-6.966819
10838	-24.552807	-4.454038	-7.209494
10839	-22.073822	-3.596048	-7.524883
10840	-19.530166	-2.732040	-7.813000
10841	-16.901907	-1.839111	-8.003364
10842	-14.274355	-0.931646	-8.072855
10843	-11.697668	-0.044874	-7.949489
10844	-9.187031	0.813409	-7.572481
10845	-6.710893	1.637872	-6.947395
10846	-4.294413	2.415199	-6.121058
10847	-1.984557	3.090918	-5.185242
10848	0.160792	3.594702	-4.325548
10849	2.104627	3.930869	-3.640230
10850	3.822024	4.165314	-3.144688
10851	5.312851	4.327636	-2.822425
10852	6.551163	4.458263	-2.553868
10853	7.513331	4.606221	-2.231033
10854	8.214637	4.738527	-1.852565
10855	8.681475	4.786053	-1.354228
10856	8.864049	4.745974	-0.725935
10857	8.748746	4.638051	-0.009118
10858	8.354694	4.455990	0.676308
10859	7.571344	4.247427	1.309147
10860	6.384779	4.114797	1.894526
10861	5.201189	4.139882	1.703088
10862	4.482018	4.032231	0.500749
10863	3.851006	3.849589	0.049441
10864	2.930848	3.822679	0.938574
10865	1.472541	3.744843	1.834290
10866	-0.044972	3.482545	2.097158
10867	-1.330390	3.199103	2.356780
10868	-2.530007	3.087550	2.677304
10869	-3.609830	3.102035	3.156556
10870	-4.462957	3.094025	3.416402
10871	-5.251458	3.099767	3.287221
10872	-6.089021	3.112696	2.874120
10873	-6.911122	3.012509	2.179613
10874	-7.630867	2.919927	1.315198
10875	-8.255333	2.853669	0.545592
10876	-8.825846	2.837187	0.117160
10877	-9.370128	2.793655	-0.024915
10878	-9.859776	2.781770	0.218937
10879	-10.281010	2.725835	0.489346
10880	-10.672792	2.629266	0.625751
10881	-11.102404	2.535660	0.593658
10882	-11.488873	2.469869	0.544595
10883	-11.791962	2.395604	0.589277
10884	-12.043209	2.284998	0.629411
10885	-12.276366	2.162327	0.674414
10886	-12.472141	2.057566	0.727340
10887	-12.647297	1.932214	0.765133
10888	-12.814849	1.806607	0.811880
10889	-13.012082	1.692075	0.880009
10890	-13.204586	1.565002	0.941889
10891	-13.386989	1.441851	1.011465
10892	-13.544449	1.329335	1.042462
10893	-13.728891	1.228655	1.021810
10894	-13.916207	1.121040	1.029838
10895	-14.114467	0.995571	0.976631
10896	-14.305372	0.865940	0.990489
10897	-14.487927	0.769106	1.134914
10898	-14.647728	0.658716	1.288140
10899	-14.842979	0.544374	1.414007
10900	-15.032449	0.397312	1.488604
10901	-15.251857	0.267869	1.556849
10902	-15.474894	0.161838	1.638477
10903	-15.725097	0.044646	1.718311
10904	-16.016222	-0.099517	1.762883
10905	-16.360186	-0.257623	1.767611
10906	-16.750700	-0.418561	1.754352
10907	-17.186150	-0.602694	1.725770
10908	-17.670106	-0.812408	1.658176
10909	-18.229234	-1.051540	1.589899
10910	-18.854238	-1.323875	1.514835
10911	-19.550515	-1.624916	1.436676
10912	-20.294233	-1.945988	1.371113
10913	-21.098378	-2.319225	1.243163
10914	-21.991690	-2.719528	1.088707
10915	-22.961295	-3.128780	0.992901
10916	-23.983588	-3.567414	0.946207
10917	-25.088362	-4.001858	0.954483
10918	-26.293610	-4.441356	1.020168
10919	-27.605007	-4.883059	1.120204
10920	-29.015179	-5.342724	1.201873
10921	-30.488240	-5.800976	1.229505
10922	-32.044668	-6.286842	1.165698
10923	-33.710720	-6.808725	1.025727
10924	-35.443179	-7.361174	0.855273
10925	-37.190663	-7.938406	0.546000
10926	-38.910310	-8.610562	0.119134
10927	-40.561363	-9.353677	-0.286471
10928	-42.155164	-10.233209	-0.700664
10929	-43.681014	-11.268246	-1.103047
10930	-45.117452	-12.331264	-1.460268
10931	-46.465048	-13.074497	-1.691984
10932	-47.668358	-13.474235	-1.825570
10933	-48.717969	-13.597353	-1.740914
10934	-49.677560	-13.492385	-1.533808
10935	-50.340652	-13.633718	-1.502871
10936	-50.853112	-13.786133	-1.937578
10937	-50.755027	-14.558590	-2.767956
10938	-50.337167	-15.392291	-3.644431
10939	-49.813263	-15.683160	-4.408027
10940	-49.183486	-15.363119	-4.900963
10941	-48.417071	-14.633452	-5.162098
10942	-47.415234	-13.772734	-5.394204
10943	-46.169719	-12.897829	-5.612326
10944	-44.788904	-12.067857	-5.908927
10945	-43.263200	-11.261977	-6.261927
10946	-41.583023	-10.474070	-6.597198
10947	-39.728020	-9.709988	-6.914024
10948	-37.730691	-8.890719	-7.226561
10949	-35.584075	-7.998476	-7.536608
10950	-33.308768	-7.099434	-7.854675
10951	-30.933287	-6.146399	-8.097134
10952	-28.487870	-5.127039	-8.251249
10953	-25.966029	-4.093687	-8.386226
10954	-23.381041	-3.079988	-8.545208
10955	-20.711428	-2.047290	-8.668395
10956	-17.966132	-1.018432	-8.757159
10957	-15.163594	0.006193	-8.748206
10958	-12.358865	1.025524	-8.565910
10959	-9.583117	2.023357	-8.129852
10960	-6.865492	2.971546	-7.425995
10961	-4.226743	3.854521	-6.458702
10962	-1.702646	4.596471	-5.345242
10963	0.670253	5.118004	-4.228726
10964	2.812846	5.421685	-3.227107
10965	4.695366	5.538656	-2.314122
10966	6.303632	5.508131	-1.382390
10967	7.619836	5.371582	-0.378156
10968	8.636504	5.152949	0.789228
10969	9.363063	4.886765	1.983557
10970	9.775769	4.667164	2.981888
10971	9.875056	4.490790	3.832059
10972	9.654703	4.333232	4.678575
10973	9.081191	4.239753	5.410498
10974	8.191435	4.080173	5.855802
10975	6.945817	4.103532	6.226920
10976	6.023631	4.223344	5.188417
10977	5.515260	4.156304	3.554256
10978	4.871422	4.227034	3.419168
10979	3.689644	4.207351	4.535498
10980	2.129392	4.051358	5.262796
10981	0.799968	3.727024	5.467706
10982	-0.417306	3.466328	5.667355
10983	-1.635199	3.381150	6.042626
10984	-2.633272	3.340661	6.325591
10985	-3.465101	3.316157	6.247407
10986	-4.277683	3.395962	6.137728
10987	-5.059829	3.490060	5.926442
10988	-5.817750	3.610350	5.519471
10989	-6.540226	3.707359	5.052870
10990	-7.214605	3.766333	4.639795
10991	-7.865383	3.806461	4.529336
10992	-8.451060	3.866627	4.644351
10993	-8.949870	3.938970	4.882746
10994	-9.389725	3.992216	5.071195
10995	-9.803932	3.982205	5.110659
10996	-10.188806	3.920648	5.036624
10997	-10.532212	3.848981	4.927073
10998	-10.821898	3.793227	4.812382
10999	-11.075766	3.749091	4.798828
11000	-11.287753	3.702023	4.836233
11001	-11.493281	3.641849	4.843103
11002	-11.698725	3.590096	4.826893
11003	-11.907608	3.526516	4.692170
11004	-12.119178	3.446406	4.472018
11005	-12.332284	3.386170	4.398089
11006	-12.518098	3.322170	4.318717
11007	-12.704160	3.208139	4.099903
11008	-12.918268	3.105863	3.872380
11009	-13.147756	3.022989	3.738443
11010	-13.371519	2.919674	3.577608
11011	-13.609140	2.839991	3.505664
11012	-13.840216	2.773864	3.511706
11013	-14.071884	2.705217	3.577085
11014	-14.296010	2.648717	3.667288
11015	-14.533205	2.588023	3.772962
11016	-14.782485	2.545581	3.920089
11017	-15.062775	2.510095	4.114629
11018	-15.348410	2.471114	4.322382
11019	-15.641396	2.415118	4.533494
11020	-15.946437	2.332342	4.729423
11021	-16.308793	2.234184	4.904016
11022	-16.720810	2.131459	5.067867
11023	-17.191845	1.993218	5.206015
11024	-17.709552	1.782998	5.273167
11025	-18.277080	1.521207	5.272430
11026	-18.918430	1.220521	5.223985
11027	-19.639575	0.854290	5.124884
11028	-20.428587	0.439682	4.955347
11029	-21.297117	-0.014957	4.743063
11030	-22.251475	-0.511800	4.508355
11031	-23.274561	-1.051157	4.280141
11032	-24.354724	-1.609316	4.078513
11033	-25.501909	-2.175478	3.925818
11034	-26.715247	-2.773521	3.800330
11035	-27.994299	-3.360103	3.693515
11036	-29.335736	-3.933743	3.540977
11037	-30.774898	-4.498162	3.394611
11038	-32.328838	-5.071153	3.267962
11039	-33.982123	-5.622999	3.178992
11040	-35.720438	-6.163947	3.079833
11041	-37.494502	-6.656074	3.075627
11042	-39.295133	-7.176427	3.022425
11043	-41.002010	-7.890541	2.904292
11044	-42.692677	-8.671365	2.822734
11045	-44.337813	-9.416081	2.804389
11046	-45.927909	-9.968684	2.848498
11047	-47.269205	-10.365005	2.943848
11048	-48.415855	-10.665678	3.069241
11049	-49.559963	-10.759209	3.235707
11050	-50.614964	-10.803683	3.371705
11051	-51.578713	-10.779467	3.406121
11052	-52.265166	-11.084599	2.846634
11053	-52.430752	-11.900013	1.936829
11054	-52.233177	-12.782261	0.970283
11055	-51.764210	-13.372360	0.097691
11056	-51.111174	-13.529708	-0.610712
11057	-50.296252	-13.335624	-1.210556
11058	-49.291496	-13.008808	-1.779008
11059	-48.065970	-12.674191	-2.390656
11060	-46.691901	-12.340144	-3.034372
11061	-45.164591	-11.916617	-3.632451
11062	-43.474545	-11.385347	-4.147562
11063	-41.600145	-10.857169	-4.666214
11064	-39.602375	-10.247628	-5.164073
11065	-37.491795	-9.464292	-5.585054
11066	-35.263591	-8.553675	-5.901450
11067	-32.906115	-7.503288	-6.064728
11068	-30.476132	-6.322339	-6.099216
11069	-27.970102	-5.153965	-6.154587
11070	-25.395012	-4.122282	-6.343576
11071	-22.753123	-3.168838	-6.590956
11072	-20.050953	-2.246974	-6.818225
11073	-17.288652	-1.329498	-6.966423
11074	-14.536031	-0.367388	-6.949171
11075	-11.818674	0.621807	-6.701760
11076	-9.136603	1.568602	-6.224308
11077	-6.511723	2.445008	-5.542624
11078	-3.980622	3.216203	-4.713521
11079	-1.591577	3.805757	-3.867287
11080	0.587326	4.185108	-3.143664
11081	2.516342	4.390290	-2.610712
11082	4.150485	4.505160	-2.275377
11083	5.473479	4.607355	-1.937265
11084	6.451371	4.747380	-1.505230
11085	7.128494	4.855066	-0.991292
11086	7.514360	4.927255	-0.352533
11087	7.588317	4.980376	0.288612
11088	7.405004	4.908684	0.736220
11089	6.837675	4.820485	1.287009
11090	5.771888	4.774171	1.794117
11091	4.499609	4.920851	1.829457
11092	3.800525	4.796481	0.282612
11093	3.181646	4.589015	-0.510097
11094	2.140573	4.665978	0.658188
11095	0.556097	4.593667	1.788897
11096	-0.848919	4.141784	2.074792
11097	-2.035612	3.796351	2.607119
11098	-3.229208	3.787773	3.598191
11099	-4.167495	3.713885	4.292072
11100	-4.946518	3.656620	4.511889
11101	-5.779123	3.734065	4.505476
11102	-6.541823	3.674228	4.040322
11103	-7.320391	3.601524	3.274344
11104	-8.000348	3.559361	2.658632
11105	-8.615635	3.495041	2.099154
11106	-9.198388	3.502296	1.910985
11107	-9.688258	3.478810	1.936315
11108	-10.101924	3.414043	2.088204
11109	-10.510249	3.320622	2.136963
11110	-10.898234	3.219565	2.052675
11111	-11.291416	3.115878	1.925642
11112	-11.622758	2.987244	1.903381
11113	-11.911471	2.841899	1.952423
11114	-12.127613	2.709971	2.083547
11115	-12.329473	2.593007	2.215182
11116	-12.506214	2.474593	2.293097
11117	-12.680382	2.351961	2.279972
11118	-12.836680	2.226349	2.233534
11119	-13.001202	2.108223	2.185647
11120	-13.142167	1.981558	2.153653
11121	-13.286944	1.870431	2.109301
11122	-13.410622	1.778695	2.101839
11123	-13.537601	1.672200	2.118309
11124	-13.654664	1.560000	2.136325
11125	-13.788704	1.458534	2.138713
11126	-13.932676	1.363370	2.153617
11127	-14.091511	1.255513	2.156234
11128	-14.252722	1.148216	2.153869
11129	-14.442961	1.035115	2.169235
11130	-14.651874	0.911196	2.182730
11131	-14.905518	0.786672	2.188327
11132	-15.180285	0.661894	2.202123
11133	-15.514334	0.519036	2.188014
11134	-15.902010	0.368061	2.171299
11135	-16.360922	0.187817	2.156685
11136	-16.877021	-0.004646	2.150105
11137	-17.461947	-0.207577	2.155846
11138	-18.126910	-0.440547	2.182391
11139	-18.868698	-0.704000	2.216973
11140	-19.660587	-0.988716	2.273342
11141	-20.513147	-1.292839	2.324199
11142	-21.417007	-1.622722	2.364857
11143	-22.371968	-1.957732	2.383112
11144	-23.378672	-2.292776	2.398992
11145	-24.445184	-2.634190	2.421860
11146	-25.557289	-2.993106	2.446559
11147	-26.732815	-3.370572	2.469482
11148	-27.994202	-3.758914	2.518781
11149	-29.337657	-4.181513	2.584110
11150	-30.726049	-4.616735	2.620577
11151	-32.202433	-5.055586	2.564243
11152	-33.810501	-5.539087	2.427160
11153	-35.539138	-6.045704	2.228423
11154	-37.340389	-6.585492	1.953818
11155	-39.153382	-7.245356	1.567124
11156	-40.912039	-7.935801	1.232795
11157	-42.548861	-8.745604	0.873758
11158	-44.092211	-9.712796	0.522345
11159	-45.606932	-10.600545	0.322480
11160	-46.967591	-11.485446	0.130691
11161	-48.092812	-12.192552	-0.044142
11162	-49.061426	-12.447064	-0.048912
11163	-49.993780	-12.321931	0.120634
11164	-50.799862	-12.124565	0.334348
11165	-51.499440	-12.008410	0.319796
11166	-51.991383	-12.186274	-0.239867
11167	-51.985065	-12.961472	-1.028247
11168	-51.679986	-13.771566	-1.778344
11169	-51.203409	-14.031920	-2.392218
11170	-50.585374	-13.699091	-2.855320
11171	-49.791453	-13.023977	-3.234235
11172	-48.731023	-12.293284	-3.702855
11173	-47.402867	-11.641492	-4.272229
11174	-45.963760	-11.065219	-4.937783
11175	-44.409567	-10.497124	-5.625255
11176	-42.709119	-9.924092	-6.233935
11177	-40.806471	-9.373194	-6.788898
11178	-38.746329	-8.808669	-7.362251
11179	-36.544276	-8.166770	-7.944924
11180	-34.225403	-7.443048	-8.472885
11181	-31.803992	-6.603433	-8.904419
11182	-29.318695	-5.624838	-9.190193
11183	-26.776732	-4.564639	-9.375899
11184	-24.196601	-3.507840	-9.525873
11185	-21.560749	-2.434072	-9.616279
11186	-18.835751	-1.372435	-9.632868
11187	-16.004351	-0.427116	-9.698319
11188	-13.147079	0.406403	-9.833227
11189	-10.333671	1.246026	-9.881568
11190	-7.616160	2.146892	-9.676341
11191	-5.020203	3.104873	-9.211826
11192	-2.535254	4.019038	-8.606039
11193	-0.159400	4.812662	-7.948448
11194	2.064457	5.422222	-7.366836
11195	4.084046	5.881588	-6.872362
11196	5.844815	6.229672	-6.377617
11197	7.340587	6.491959	-5.815891
11198	8.592768	6.651720	-5.205009
11199	9.595431	6.748565	-4.578527
11200	10.379531	6.784458	-3.938258
11201	10.933192	6.773677	-3.224037
11202	11.235042	6.713491	-2.494489
11203	11.280556	6.612649	-1.643406
11204	11.044865	6.496442	-0.744882
11205	10.519929	6.365631	-0.034708
11206	9.722959	6.117758	0.642320
11207	8.510299	6.051288	1.310508
11208	7.390000	6.136364	0.918223
11209	6.787476	6.009827	-0.629071
11210	6.183116	5.889933	-0.800076
11211	5.325004	5.669504	0.768583
11212	3.852052	5.430456	2.085585
11213	2.375562	5.146161	2.539233
11214	1.137345	4.836736	2.547419
11215	-0.125095	4.667052	2.800399
11216	-1.286650	4.600255	3.073339
11217	-2.169395	4.464259	3.185001
11218	-2.935577	4.437771	3.302667
11219	-3.665455	4.440838	3.222772
11220	-4.345653	4.394547	2.928799
11221	-4.982308	4.385342	2.577373
11222	-5.563487	4.383485	2.143076
11223	-6.129475	4.349794	1.801118
11224	-6.661397	4.316421	1.642946
11225	-7.084456	4.283240	1.652444
11226	-7.445570	4.222991	1.754164
11227	-7.813292	4.136446	1.802007
11228	-8.178727	4.043564	1.704961
11229	-8.519403	3.959360	1.529060
11230	-8.831699	3.874560	1.354806
11231	-9.121787	3.775434	1.283318
11232	-9.350640	3.670441	1.233230
11233	-9.574842	3.565954	1.191248
11234	-9.775377	3.426465	1.101052
11235	-9.988048	3.281901	0.993767
11236	-10.173286	3.150204	0.976811
11237	-10.346076	3.032272	1.029026
11238	-10.485136	2.916220	1.103743
11239	-10.623496	2.784028	1.144132
11240	-10.778806	2.670263	1.127163
11241	-10.958788	2.571987	1.108963
11242	-11.136658	2.476582	1.137402
11243	-11.332513	2.381978	1.165490
11244	-11.529305	2.296422	1.180239
11245	-11.728616	2.214072	1.220735
11246	-11.925384	2.135636	1.260474
11247	-12.132962	2.067577	1.336471
11248	-12.332080	2.000321	1.425912
11249	-12.535389	1.929489	1.516749
11250	-12.750184	1.850954	1.583788
11251	-13.007387	1.752045	1.595671
11252	-13.294352	1.628660	1.566157
11253	-13.629880	1.487360	1.503883
11254	-14.030155	1.315238	1.429202
11255	-14.514623	1.120421	1.381332
11256	-15.073954	0.908746	1.367501
11257	-15.701104	0.678203	1.374210
11258	-16.366774	0.405827	1.392608
11259	-17.084952	0.095944	1.376830
11260	-17.853240	-0.230318	1.332861
11261	-18.672468	-0.593919	1.271523
11262	-19.528020	-0.980782	1.208013
11263	-20.434794	-1.389753	1.170296
11264	-21.401666	-1.808270	1.177511
11265	-22.439814	-2.235940	1.230611
11266	-23.552256	-2.655278	1.323940
11267	-24.744505	-3.079404	1.417458
11268	-26.016255	-3.546778	1.441186
11269	-27.386474	-4.073968	1.403589
11270	-28.820294	-4.621506	1.333155
11271	-30.343120	-5.200778	1.237598
11272	-31.989441	-5.761083	1.181356
11273	-33.759946	-6.273982	1.176514
11274	-35.619070	-6.748256	1.124183
11275	-37.484139	-7.247662	0.963679
11276	-39.258666	-7.890313	0.692310
11277	-40.939311	-8.630232	0.354508
11278	-42.535626	-9.515815	-0.072582
11279	-44.053359	-10.468175	-0.520666
11280	-45.477731	-11.324967	-0.893093
11281	-46.709348	-11.900857	-1.141061
11282	-47.712480	-12.271200	-1.240350
11283	-48.673724	-12.426062	-1.183042
11284	-49.568557	-12.358980	-1.036933
11285	-50.252434	-12.529403	-1.119689
11286	-50.779472	-12.810599	-1.660426
11287	-50.794560	-13.530261	-2.474174
11288	-50.396056	-14.273473	-3.268749
11289	-49.772042	-14.540003	-3.930633
11290	-49.015406	-14.271568	-4.411833
11291	-48.135941	-13.596238	-4.676026
11292	-47.063294	-12.775610	-4.875060
11293	-45.772608	-11.953910	-5.078909
11294	-44.333761	-11.158993	-5.360269
11295	-42.714792	-10.399329	-5.709834
11296	-40.949089	-9.707604	-6.088637
11297	-39.019072	-9.097922	-6.519370
11298	-36.957347	-8.497641	-7.008665
11299	-34.757712	-7.886361	-7.566837
11300	-32.455612	-7.203474	-8.108280
11301	-30.070184	-6.385419	-8.537400
11302	-27.614515	-5.501892	-8.909564
11303	-25.089931	-4.574406	-9.248050
11304	-22.523739	-3.548055	-9.457715
11305	-19.872899	-2.439647	-9.495063
11306	-17.103824	-1.349707	-9.415230
11307	-14.247977	-0.287440	-9.217238
11308	-11.375275	0.732866	-8.897235
11309	-8.525590	1.705807	-8.456107
11310	-5.718398	2.639932	-7.871768
11311	-2.944510	3.494721	-7.194944
11312	-0.240924	4.221077	-6.493371
11313	2.347810	4.787095	-5.801819
11314	4.786073	5.204407	-5.106193
11315	7.026895	5.502368	-4.325704
11316	9.037507	5.702114	-3.453019
11317	10.857417	5.787288	-2.424684
11318	12.464622	5.785860	-1.369021
11319	13.777479	5.784930	-0.556263
11320	14.744515	5.857096	0.037846
11321	15.370822	5.947027	0.495389
11322	15.636911	6.047079	0.838705
11323	15.544543	6.098451	1.076129
11324	15.088026	6.040667	1.320567
11325	14.255539	5.927693	1.621891
11326	13.134411	5.688361	1.916604
11327	11.813942	5.567331	2.362746
11328	10.922632	5.583050	1.942000
11329	10.571147	5.462323	1.398033
11330	10.173631	5.336650	2.056506
11331	9.241330	5.101371	3.298870
11332	7.816161	4.899029	4.045945
11333	6.291117	4.690192	4.508970
11334	4.736892	4.463540	4.816635
11335	3.139042	4.257603	5.241491
11336	1.698503	4.020809	5.962911
11337	0.380420	3.840033	6.697294
11338	-0.833400	3.758794	7.030184
11339	-1.911306	3.682056	6.889768
11340	-2.904464	3.710791	6.605952
11341	-3.837137	3.768693	6.171957
11342	-4.599008	3.782317	5.781219
11343	-5.302857	3.850819	5.408114
11344	-5.947469	3.867441	4.934312
11345	-6.578559	3.857258	4.473545
11346	-7.103253	3.839001	4.120889
11347	-7.620834	3.756233	3.825775
11348	-8.107203	3.666167	3.704029
11349	-8.538749	3.542272	3.509421
11350	-8.929035	3.434389	3.387132
11351	-9.335592	3.339075	3.327233
11352	-9.700211	3.248647	3.349350
11353	-10.020695	3.173098	3.440470
11354	-10.284786	3.072894	3.484308
11355	-10.556929	2.966200	3.445966
11356	-10.802863	2.849908	3.420097
11357	-11.038829	2.727459	3.416109
11358	-11.261643	2.623448	3.486220
11359	-11.476039	2.536591	3.608150
11360	-11.672587	2.461979	3.761655
11361	-11.871219	2.390014	3.901051
11362	-12.063327	2.317219	3.992300
11363	-12.276161	2.243504	4.038679
11364	-12.479721	2.185493	4.081096
11365	-12.661272	2.136559	4.135281
11366	-12.831905	2.095438	4.180424
11367	-13.005917	2.065251	4.212424
11368	-13.180328	2.018302	4.216094
11369	-13.354218	1.955998	4.207907
11370	-13.516583	1.875323	4.170989
11371	-13.707760	1.779735	4.100118
11372	-13.926843	1.684204	4.025439
11373	-14.211376	1.566239	3.923148
11374	-14.558898	1.434090	3.841157
11375	-14.979237	1.271596	3.769858
11376	-15.468905	1.080696	3.719730
11377	-16.061038	0.854380	3.683333
11378	-16.738855	0.608218	3.691219
11379	-17.487552	0.354106	3.724451
11380	-18.306772	0.110264	3.741021
11381	-19.213658	-0.144410	3.747723
11382	-20.200594	-0.419902	3.764482
11383	-21.258765	-0.722566	3.801348
11384	-22.367039	-1.022013	3.865933
11385	-23.554370	-1.344987	3.947368
11386	-24.842140	-1.670135	4.034283
11387	-26.203318	-2.031979	4.092196
11388	-27.610855	-2.412826	4.134180
11389	-29.039517	-2.875432	4.070292
11390	-30.535902	-3.375109	3.954026
11391	-32.096198	-3.894622	3.821220
11392	-33.751251	-4.408059	3.631910
11393	-35.489427	-4.916747	3.394832
11394	-37.258792	-5.442095	3.094667
11395	-38.955479	-6.085750	2.658758
11396	-40.500540	-6.963770	2.116510
11397	-41.908241	-7.992448	1.530148
11398	-43.284282	-9.032482	0.999680
11399	-44.686450	-9.950543	0.559863
11400	-46.025408	-10.601283	0.248377
11401	-47.137664	-11.117225	-0.042909
11402	-48.144799	-11.551976	-0.258418
11403	-49.185925	-11.608488	-0.329077
11404	-49.982427	-11.860330	-0.619747
11405	-50.522676	-12.249650	-1.326938
11406	-50.615329	-12.928919	-2.405423
11407	-50.189444	-13.804664	-3.615239
11408	-49.452278	-14.525803	-4.854177
11409	-48.590501	-14.845175	-6.024788
11410	-47.705700	-14.676981	-6.994239
11411	-46.698172	-14.166058	-7.734245
11412	-45.560431	-13.419582	-8.261686
11413	-44.248648	-12.591082	-8.713126
11414	-42.772944	-11.736656	-9.110655
11415	-41.136238	-10.858367	-9.464336
11416	-39.331003	-10.042571	-9.802992
11417	-37.347875	-9.242143	-10.155299
11418	-35.233848	-8.353742	-10.485888
11419	-32.973802	-7.373644	-10.758187
11420	-30.592548	-6.305280	-10.885035
11421	-28.117465	-5.198537	-10.922374
11422	-25.576309	-4.163899	-11.009942
11423	-22.973893	-3.228786	-11.193684
11424	-20.319772	-2.362930	-11.431773
11425	-17.566930	-1.560594	-11.699306
11426	-14.735866	-0.777362	-11.914927
11427	-11.895106	0.074745	-11.899458
11428	-9.111083	0.993919	-11.524092
11429	-6.383743	1.934766	-10.746870
11430	-3.709428	2.818258	-9.637658
11431	-1.085808	3.578292	-8.341312
11432	1.480771	4.159390	-6.968810
11433	3.965078	4.553130	-5.599153
11434	6.299973	4.789919	-4.350871
11435	8.418242	4.921491	-3.249303
11436	10.258478	5.021833	-2.271330
11437	11.828035	5.127772	-1.358032
11438	13.119910	5.257367	-0.626123
11439	14.130926	5.398851	-0.130056
11440	14.819544	5.536795	0.273004
11441	15.136246	5.624216	0.725802
11442	15.099392	5.693169	1.237008
11443	14.754665	5.736239	1.698298
11444	14.136807	5.690603	1.993833
11445	13.210695	5.594268	2.256045
11446	12.004638	5.382426	2.463373
11447	10.658253	5.316181	2.664938
11448	9.793511	5.273184	2.315257
11449	9.393953	5.116257	2.373014
11450	9.023514	4.976185	3.669652
11451	8.133991	4.729298	5.201613
11452	6.789137	4.494874	6.026480
11453	5.226706	4.350413	6.136097
11454	3.676352	4.206222	6.086276
11455	2.208120	4.070720	6.403419
11456	0.863446	3.996753	7.092265
11457	-0.336454	3.912042	7.628825
11458	-1.417150	3.800455	7.810377
11459	-2.405160	3.760968	7.824330
11460	-3.317842	3.795488	7.601718
11461	-4.140320	3.811414	7.188350
11462	-4.872660	3.849090	6.847308
11463	-5.579820	3.878086	6.502181
11464	-6.259090	3.899806	6.248417
11465	-6.810641	3.944268	6.174146
11466	-7.342312	3.925578	6.276442
11467	-7.844146	3.899530	6.476730
11468	-8.275410	3.857745	6.600555
11469	-8.696000	3.787016	6.588866
11470	-9.116523	3.694259	6.470518
11471	-9.512433	3.599323	6.375226
11472	-9.830576	3.503800	6.336370
11473	-10.124454	3.404046	6.315730
11474	-10.398569	3.306738	6.287466
11475	-10.668018	3.194293	6.232326
11476	-10.901564	3.075487	6.143825
11477	-11.112281	2.961143	6.052354
11478	-11.301501	2.845780	5.988238
11479	-11.489551	2.737709	5.947814
11480	-11.668162	2.642496	5.881646
11481	-11.867128	2.573334	5.834507
11482	-12.059766	2.505671	5.789035
11483	-12.261917	2.443728	5.739418
11484	-12.468884	2.385976	5.713031
11485	-12.696044	2.321787	5.730296
11486	-12.904917	2.269763	5.769017
11487	-13.121226	2.205722	5.785150
11488	-13.359265	2.131914	5.787505
11489	-13.641051	2.058173	5.797536
11490	-13.944193	1.982697	5.840987
11491	-14.273297	1.893623	5.897386
11492	-14.614013	1.797483	5.947109
11493	-14.997534	1.698688	5.970562
11494	-15.433601	1.587437	5.958967
11495	-15.914690	1.449972	5.938700
11496	-16.433097	1.302776	5.918027
11497	-17.013317	1.137970	5.892589
11498	-17.658944	0.940434	5.868470
11499	-18.389775	0.720070	5.876873
11500	-19.189327	0.472227	5.895517
11501	-20.050997	0.206365	5.901467
11502	-20.968707	-0.091846	5.849132
11503	-21.978875	-0.417492	5.752254
11504	-23.066995	-0.750145	5.658250
11505	-24.243574	-1.085608	5.598059
11506	-25.500537	-1.411129	5.567173
11507	-26.851659	-1.748090	5.541817
11508	-28.279639	-2.119955	5.504744
11509	-29.778946	-2.519666	5.437467
11510	-31.338038	-2.961981	5.276490
11511	-32.998875	-3.452946	5.021884
11512	-34.744480	-3.973579	4.707617
11513	-36.558734	-4.513383	4.235266
11514	-38.376934	-5.150884	3.593937
11515	-40.117902	-5.892442	2.911879
11516	-41.753478	-6.776383	2.159496
11517	-43.262519	-7.762191	1.457754
11518	-44.704170	-8.710116	0.891247
11519	-46.090545	-9.464929	0.437579
11520	-47.368253	-9.981003	0.039157
11521	-48.384981	-10.473277	-0.261740
11522	-49.294486	-10.875798	-0.477540
11523	-50.035986	-11.282564	-0.810920
11524	-50.578527	-11.787094	-1.418774
11525	-50.727801	-12.431571	-2.485247
11526	-50.301009	-13.341099	-3.791077
11527	-49.458724	-14.146861	-5.216989
11528	-48.409458	-14.635885	-6.611379
11529	-47.312471	-14.605480	-7.761461
11530	-46.142116	-14.202005	-8.650716
11531	-44.859745	-13.515247	-9.264708
11532	-43.428451	-12.772815	-9.776079
11533	-41.843444	-12.004066	-10.255680
11534	-40.170381	-11.195814	-10.695134
11535	-38.354053	-10.338522	-11.027990
11536	-36.383735	-9.428823	-11.246061
11537	-34.254084	-8.437982	-11.386904
11538	-32.016191	-7.338948	-11.440839
11539	-29.666875	-6.139324	-11.339105
11540	-27.249593	-4.896592	-11.124037
11541	-24.759718	-3.690093	-10.892083
11542	-22.223298	-2.554694	-10.680993
11543	-19.620405	-1.514157	-10.492478
11544	-16.920681	-0.609215	-10.338347
11545	-14.115311	0.182506	-10.236881
11546	-11.259598	0.921935	-10.132782
11547	-8.404798	1.646350	-9.978259
11548	-5.607132	2.369824	-9.687571
11549	-2.893502	3.106708	-9.192950
11550	-0.281896	3.803280	-8.492019
11551	2.218542	4.373933	-7.611207
11552	4.578396	4.753280	-6.561380
11553	6.720742	4.964096	-5.376684
11554	8.566002	5.067519	-4.117706
11555	10.150635	5.063611	-2.893668
11556	11.486131	5.005996	-1.758013
11557	12.558527	4.953439	-0.849881
11558	13.367983	4.897583	-0.072457
11559	13.861464	4.825452	0.645613
11560	14.024399	4.713686	1.234161
11561	13.854664	4.612660	1.851839
11562	13.402995	4.492646	2.452387
11563	12.707676	4.279760	3.072287
11564	11.745674	4.065762	3.747156
11565	10.547432	3.823934	4.289901
11566	9.444384	3.789683	4.252184
11567	8.869964	3.778078	3.251667
11568	8.428936	3.743932	2.817228
11569	7.757558	3.653109	3.779152
11570	6.416061	3.513555	5.187087
11571	4.786330	3.366197	5.942510
11572	3.288347	3.158740	6.168004
11573	1.839543	2.974290	6.093920
11574	0.400648	2.843969	6.210290
11575	-0.997443	2.764367	6.254122
11576	-2.263375	2.688818	6.089696
11577	-3.381100	2.685847	6.065607
11578	-4.339223	2.798115	6.098412
11579	-5.126424	2.951249	6.050926
11580	-5.780148	3.092157	5.903744
11581	-6.432656	3.217281	5.642664
11582	-7.112130	3.258984	5.161249
11583	-7.764920	3.235469	4.595773
11584	-8.386978	3.181939	4.132207
11585	-8.909720	3.083735	3.872114
11586	-9.373684	2.963641	3.856967
11587	-9.810267	2.816042	3.723114
11588	-10.238798	2.731151	3.655391
11589	-10.633072	2.660427	3.640603
11590	-10.962854	2.581259	3.653765
11591	-11.284643	2.484657	3.663070
11592	-11.592938	2.377996	3.618683
11593	-11.858491	2.285917	3.595024
11594	-12.096293	2.184541	3.566784
11595	-12.329008	2.075290	3.558230
11596	-12.543700	1.976638	3.591234
11597	-12.761813	1.897345	3.668299
11598	-12.973773	1.834522	3.732376
11599	-13.182519	1.761968	3.782678
11600	-13.371264	1.695213	3.816140
11601	-13.562499	1.633402	3.824515
11602	-13.755820	1.577622	3.846551
11603	-13.979010	1.561295	3.948962
11604	-14.208109	1.575788	4.108972
11605	-14.454583	1.603127	4.273137
11606	-14.726868	1.643301	4.428110
11607	-15.049795	1.696503	4.583740
11608	-15.361389	1.686484	4.711716
11609	-15.633292	1.572223	4.691711
11610	-15.911041	1.440816	4.626440
11611	-16.260168	1.284693	4.553618
11612	-16.685564	1.064366	4.456812
11613	-17.207445	0.803274	4.354848
11614	-17.820687	0.521050	4.279251
11615	-18.538051	0.216021	4.176200
11616	-19.352302	-0.113973	4.036468
11617	-20.248332	-0.469314	3.893253
11618	-21.192896	-0.853832	3.733356
11619	-22.191134	-1.275327	3.543149
11620	-23.249039	-1.713817	3.361980
11621	-24.367470	-2.166664	3.225230
11622	-25.532852	-2.630564	3.119637
11623	-26.772016	-3.098864	3.022052
11624	-28.059445	-3.630614	2.877086
11625	-29.420282	-4.207567	2.647457
11626	-30.838094	-4.801445	2.383420
11627	-32.322501	-5.431287	2.092226
11628	-33.885233	-6.096172	1.726896
11629	-35.491921	-6.826998	1.270770
11630	-37.121711	-7.583231	0.747239
11631	-38.708247	-8.432822	0.166339
11632	-40.245895	-9.297982	-0.377360
11633	-41.708283	-10.154385	-0.848496
11634	-43.122182	-11.019734	-1.237499
11635	-44.517463	-11.690260	-1.590771
11636	-45.791078	-12.197542	-1.911887
11637	-46.876698	-12.642876	-2.224310
11638	-47.894469	-13.037041	-2.450507
11639	-48.848612	-13.294817	-2.635061
11640	-49.603797	-13.735528	-2.984095
11641	-50.146153	-14.149014	-3.596438
11642	-50.201338	-14.841614	-4.418380
11643	-49.837268	-15.583563	-5.330818
11644	-49.272029	-16.022749	-6.231466
11645	-48.588954	-16.038518	-6.986792
11646	-47.832866	-15.592066	-7.521087
11647	-46.864275	-14.911500	-7.908370
11648	-45.701735	-14.110864	-8.185247
11649	-44.353946	-13.224837	-8.419557
11650	-42.842599	-12.327864	-8.675597
11651	-41.146830	-11.497859	-8.989781
11652	-39.279899	-10.744493	-9.341857
11653	-37.261852	-9.978723	-9.722996
11654	-35.119013	-9.153908	-10.136852
11655	-32.848115	-8.238312	-10.531324
11656	-30.474177	-7.212060	-10.829468
11657	-28.014778	-6.091881	-11.049173
11658	-25.503455	-4.959249	-11.270269
11659	-22.936597	-3.832382	-11.483644
11660	-20.300615	-2.723726	-11.645953
11661	-17.560305	-1.635708	-11.728231
11662	-14.724259	-0.568716	-11.697879
11663	-11.810394	0.501823	-11.465024
11664	-8.885095	1.573609	-11.007254
11665	-5.974902	2.586325	-10.428050
11666	-3.094234	3.488709	-9.766990
11667	-0.268550	4.269879	-9.037991
11668	2.442898	4.882312	-8.346620
11669	4.985526	5.300150	-7.555930
11670	7.235563	5.587037	-6.510336
11671	9.170249	5.765968	-5.369116
11672	10.857336	5.861777	-4.149692
11673	12.334052	5.894486	-2.946932
11674	13.533788	5.927662	-1.830615
11675	14.449211	5.928591	-0.811464
11676	15.062995	5.872446	0.053738
11677	15.312663	5.849039	0.685735
11678	15.251453	5.842763	1.104824
11679	14.903360	5.842354	1.368103
11680	14.271240	5.735528	1.584524
11681	13.305698	5.607356	2.044523
11682	12.054960	5.358996	2.534084
11683	10.570372	5.285497	3.148699
11684	9.481346	5.290450	2.968806
11685	8.960473	5.128930	2.668169
11686	8.457711	5.020908	3.468077
11687	7.447642	4.850674	4.804434
11688	5.898689	4.681937	5.585266
11689	4.222556	4.500876	5.648617
11690	2.616555	4.269933	5.649217
11691	1.096248	4.104158	6.087847
11692	-0.291973	4.074346	6.833373
11693	-1.467676	3.999337	7.197533
11694	-2.571520	3.989916	7.328295
11695	-3.628448	4.126224	7.397151
11696	-4.469376	4.226751	7.045521
11697	-5.255214	4.362875	6.426685
11698	-6.032677	4.475361	5.740884
11699	-6.787626	4.523351	5.077726
11700	-7.477605	4.595125	4.624543
11701	-8.024098	4.606321	4.546591
11702	-8.431801	4.461316	4.550922
11703	-8.854196	4.262661	4.438407
11704	-9.252621	4.129566	4.317315
11705	-9.654170	4.028193	4.142419
11706	-10.008434	3.939731	4.099213
11707	-10.299835	3.820542	4.143619
11708	-10.543686	3.694580	4.223774
11709	-10.773250	3.599154	4.222244
11710	-11.000571	3.507143	4.125451
11711	-11.233864	3.415799	3.998141
11712	-11.429914	3.328708	3.895933
11713	-11.610126	3.238695	3.844594
11714	-11.769360	3.158433	3.853434
11715	-11.947758	3.080014	3.914807
11716	-12.117093	3.014591	3.984597
11717	-12.292480	2.963118	4.026703
11718	-12.457216	2.912893	4.033354
11719	-12.644408	2.876670	4.035353
11720	-12.859951	2.869165	4.085449
11721	-13.113622	2.897766	4.228805
11722	-13.376020	2.963258	4.450871
11723	-13.660891	3.041671	4.699661
11724	-13.969007	3.124094	4.923702
11725	-14.329165	3.182137	5.108922
11726	-14.684963	3.200889	5.279453
11727	-15.006565	3.103065	5.310869
11728	-15.349578	3.004924	5.354490
11729	-15.742943	2.879639	5.409868
11730	-16.189241	2.737520	5.467871
11731	-16.711698	2.559563	5.500946
11732	-17.303197	2.351105	5.500300
11733	-17.973763	2.100060	5.453786
11734	-18.728757	1.832486	5.396500
11735	-19.564410	1.542383	5.345136
11736	-20.455178	1.225859	5.290499
11737	-21.415419	0.893490	5.237282
11738	-22.430685	0.526710	5.179849
11739	-23.502239	0.130981	5.135908
11740	-24.615947	-0.282317	5.120020
11741	-25.797999	-0.712052	5.109096
11742	-27.050520	-1.177315	5.047173
11743	-28.362358	-1.688505	4.939147
11744	-29.708680	-2.238005	4.777865
11745	-31.125834	-2.809562	4.578150
11746	-32.671589	-3.352223	4.416041
11747	-34.309659	-3.921413	4.235853
11748	-36.026954	-4.486188	4.024729
11749	-37.800340	-5.044850	3.777201
11750	-39.549530	-5.653440	3.458830
11751	-41.198014	-6.419168	3.019976
11752	-42.713322	-7.449488	2.452547
11753	-44.231146	-8.411692	1.971719
11754	-45.762207	-9.123356	1.632936
11755	-47.092288	-9.765106	1.319348
11756	-48.221953	-10.321916	1.136650
11757	-49.308975	-10.678662	1.046809
11758	-50.299456	-10.878061	0.989784
11759	-51.066793	-11.312957	0.658870
11760	-51.692772	-11.810080	-0.124971
11761	-51.775761	-12.737354	-1.297817
11762	-51.375603	-13.732652	-2.568814
11763	-50.665973	-14.413199	-3.796827
11764	-49.819900	-14.579444	-4.846151
11765	-48.861716	-14.297923	-5.657532
11766	-47.735698	-13.781944	-6.310859
11767	-46.419204	-13.103702	-6.833927
11768	-44.930316	-12.307735	-7.247759
11769	-43.258091	-11.415231	-7.631292
11770	-41.437262	-10.488853	-7.988557
11771	-39.448846	-9.553005	-8.322318
11772	-37.288668	-8.616410	-8.629903
11773	-34.971342	-7.646848	-8.925013
11774	-32.549479	-6.593970	-9.132196
11775	-30.008533	-5.448675	-9.178646
11776	-27.359907	-4.321531	-9.181585
11777	-24.616419	-3.250911	-9.201081
11778	-21.821519	-2.209783	-9.190830
11779	-18.952669	-1.218557	-9.131364
11780	-15.993152	-0.308185	-9.024433
11781	-12.942570	0.544470	-8.815674
11782	-9.878360	1.375501	-8.425022
11783	-6.842254	2.204461	-7.778741
11784	-3.877065	2.989800	-6.941593
11785	-0.980524	3.693109	-5.984727
11786	1.811531	4.299198	-4.903863
11787	4.474652	4.745753	-3.835073
11788	6.955314	5.039217	-2.839235
11789	9.203248	5.235321	-1.876266
11790	11.169108	5.373817	-1.023382
11791	12.882167	5.481794	-0.206046
11792	14.340965	5.544880	0.468051
11793	15.498633	5.572640	1.046032
11794	16.286930	5.584956	1.608135
11795	16.677815	5.552843	2.087124
11796	16.680542	5.471493	2.575572
11797	16.311952	5.346894	3.071853
11798	15.627206	5.176814	3.482535
11799	14.672164	4.911652	3.844505
11800	13.433330	4.707907	4.330216
11801	12.199515	4.617011	4.478694
11802	11.463751	4.661521	4.014747
11803	11.059837	4.716215	3.581303
11804	10.635303	4.830647	4.081548
11805	9.788901	4.806328	4.873810
11806	8.568454	4.639120	5.487402
11807	7.163538	4.476492	5.644014
11808	5.584932	4.358964	5.527280
11809	3.967339	4.242947	5.390354
11810	2.410150	4.042531	5.645324
11811	0.947205	3.844459	6.085994
11812	-0.385073	3.712075	6.529200
11813	-1.482443	3.680086	6.845410
11814	-2.322046	3.743543	7.029301
11815	-2.982684	3.869981	7.144474
11816	-3.556101	3.985727	7.139040
11817	-4.118828	4.003727	6.854660
11818	-4.732707	3.984357	6.287105
11819	-5.404870	3.999456	5.747827
11820	-5.920004	4.063852	5.213744
11821	-6.443690	4.136384	4.893603
11822	-6.879928	4.110564	4.775529
11823	-7.229231	4.013672	4.800686
11824	-7.500073	3.883182	4.837058
11825	-7.775663	3.775367	4.812278
11826	-8.064946	3.677206	4.672794
11827	-8.359828	3.592638	4.523386
11828	-8.613429	3.517545	4.396275
11829	-8.849549	3.430703	4.306109
11830	-9.049102	3.343151	4.214632
11831	-9.258595	3.258109	4.080033
11832	-9.461720	3.182529	3.977686
11833	-9.669732	3.116757	3.923779
11834	-9.856859	3.047153	3.899375
11835	-10.063123	2.986338	3.881236
11836	-10.270076	2.946130	3.886569
11837	-10.499510	2.911133	3.889891
11838	-10.728867	2.894651	3.923843
11839	-10.962928	2.878198	3.977101
11840	-11.185215	2.853625	4.032200
11841	-11.413186	2.841908	4.084246
11842	-11.632537	2.831139	4.134324
11843	-11.863717	2.811586	4.174213
11844	-12.101757	2.797464	4.191762
11845	-12.372721	2.776974	4.192724
11846	-12.678876	2.731366	4.185451
11847	-13.044707	2.673026	4.189777
11848	-13.459675	2.589264	4.216815
11849	-13.943742	2.481008	4.304902
11850	-14.489801	2.351637	4.428643
11851	-15.131725	2.208805	4.570931
11852	-15.862626	2.046387	4.706838
11853	-16.691556	1.886034	4.846349
11854	-17.597136	1.723618	4.982185
11855	-18.582297	1.539605	5.101762
11856	-19.577047	1.254266	5.154173
11857	-20.624211	0.939972	5.224217
11858	-21.703601	0.607384	5.329413
11859	-22.839643	0.241580	5.416063
11860	-24.038166	-0.160179	5.453413
11861	-25.298162	-0.606163	5.443405
11862	-26.601869	-1.074588	5.400520
11863	-27.952203	-1.576545	5.299071
11864	-29.358353	-2.129393	5.144140
11865	-30.818681	-2.722093	4.921087
11866	-32.317342	-3.339697	4.698841
11867	-33.888782	-3.959988	4.460478
11868	-35.516232	-4.664658	4.115648
11869	-37.236322	-5.309438	3.800087
11870	-38.966408	-6.014689	3.415022
11871	-40.631882	-6.815650	2.987214
11872	-42.214436	-7.792487	2.469418
11873	-43.731114	-8.783108	2.054015
11874	-45.239830	-9.620382	1.745529
11875	-46.673096	-10.218202	1.486135
11876	-47.842104	-10.720200	1.295110
11877	-48.737540	-11.184087	1.183823
11878	-49.635552	-11.477179	1.128747
11879	-50.423368	-11.539912	1.083260
11880	-51.045737	-11.773831	0.818308
11881	-51.570450	-12.040506	0.080716
11882	-51.642949	-12.910544	-1.183178
11883	-51.259961	-14.019189	-2.573019
11884	-50.583792	-14.820623	-3.834801
11885	-49.657180	-15.070486	-4.883578
11886	-48.628546	-14.748568	-5.701902
11887	-47.500799	-13.949550	-6.319511
11888	-46.218381	-12.974394	-6.759308
11889	-44.750933	-11.968914	-7.151319
11890	-43.092990	-11.036019	-7.593250
11891	-41.233514	-10.189252	-8.103475
11892	-39.201238	-9.437880	-8.663705
11893	-37.006072	-8.738270	-9.268525
11894	-34.688936	-8.018528	-9.915286
11895	-32.241276	-7.206784	-10.555936
11896	-29.701871	-6.252892	-11.073939
11897	-27.077315	-5.175121	-11.434234
11898	-24.407938	-4.062355	-11.741816
11899	-21.702026	-2.943162	-12.010922
11900	-18.968679	-1.806929	-12.140258
11901	-16.141042	-0.680260	-12.063346
11902	-13.205364	0.439176	-11.712951
11903	-10.175761	1.554423	-11.043384
11904	-7.136572	2.613766	-10.126944
11905	-4.112650	3.584380	-8.977258
11906	-1.141530	4.422827	-7.648194
11907	1.747234	5.056715	-6.322757
11908	4.504399	5.453963	-5.104267
11909	7.067187	5.626058	-4.044807
11910	9.333356	5.674462	-3.089940
11911	11.249654	5.700066	-2.214714
11912	12.835255	5.742851	-1.402489
11913	14.162196	5.775753	-0.550231
11914	15.221779	5.787150	0.176614
11915	15.940151	5.767068	0.859008
11916	16.254771	5.702719	1.526263
11917	16.155345	5.614709	2.064596
11918	15.660989	5.531260	2.529932
11919	14.812525	5.404200	2.885927
11920	13.682885	5.248045	3.116078
11921	12.372021	5.196799	3.340213
11922	11.397100	5.372213	2.914401
11923	10.908358	5.403847	2.397504
11924	10.553347	5.414970	3.115095
11925	9.720615	5.248478	4.382563
11926	8.441642	4.968993	5.262048
11927	6.983768	4.747351	5.689368
11928	5.358622	4.618616	5.659319
11929	3.724089	4.491130	5.556991
11930	2.218010	4.283039	5.834928
11931	0.833803	4.149025	6.384629
11932	-0.414031	4.135648	6.908497
11933	-1.452141	4.145874	7.387310
11934	-2.313902	4.266609	7.765284
11935	-3.083024	4.443823	7.886424
11936	-3.765834	4.500597	7.645186
11937	-4.484739	4.514341	7.194284
11938	-5.234881	4.468191	6.551408
11939	-5.929587	4.462000	6.047964
11940	-6.467425	4.516182	5.816608
11941	-6.947543	4.553864	5.870921
11942	-7.396643	4.582037	6.143762
11943	-7.803894	4.544174	6.422452
11944	-8.167910	4.487942	6.542238
11945	-8.525522	4.421695	6.477449
11946	-8.881357	4.357811	6.321382
11947	-9.217085	4.289500	6.164205
11948	-9.490480	4.234073	6.008027
11949	-9.776914	4.181182	5.897975
11950	-10.043033	4.116821	5.821416
11951	-10.296917	4.046594	5.714135
11952	-10.536414	3.990394	5.644815
11953	-10.771886	3.932795	5.606239
11954	-11.004109	3.889537	5.633591
11955	-11.247168	3.852848	5.698308
11956	-11.477897	3.831597	5.804351
11957	-11.709482	3.804823	5.906902
11958	-11.946401	3.774743	5.918935
11959	-12.225244	3.769339	5.915085
11960	-12.506764	3.771833	5.964223
11961	-12.773347	3.783627	6.080455
11962	-13.032747	3.815107	6.255466
11963	-13.328574	3.845335	6.408298
11964	-13.637936	3.857204	6.535603
11965	-13.987549	3.863777	6.669650
11966	-14.359587	3.850246	6.786178
11967	-14.789819	3.812862	6.892260
11968	-15.275904	3.755783	7.014777
11969	-15.826663	3.665712	7.156757
11970	-16.424346	3.546062	7.293603
11971	-17.088543	3.389688	7.397337
11972	-17.822217	3.200699	7.464137
11973	-18.635983	2.974483	7.499446
11974	-19.488056	2.707872	7.496450
11975	-20.403974	2.390264	7.416233
11976	-21.370887	2.019662	7.271995
11977	-22.408320	1.595459	7.103120
11978	-23.502728	1.124468	6.923976
11979	-24.651773	0.619151	6.744862
11980	-25.863902	0.098759	6.551237
11981	-27.158324	-0.447126	6.341071
11982	-28.521184	-1.028056	6.127163
11983	-29.921671	-1.640502	5.906876
11984	-31.378872	-2.282195	5.651633
11985	-32.945564	-2.899765	5.455633
11986	-34.577782	-3.534583	5.276192
11987	-36.234374	-4.258431	5.011599
11988	-37.886117	-5.114233	4.712069
11989	-39.527684	-6.072705	4.357326
11990	-41.157467	-7.118010	3.927968
11991	-42.728663	-8.193160	3.555159
11992	-44.357487	-9.048289	3.380052
11993	-45.961606	-9.672712	3.261838
11994	-47.323483	-10.322202	3.090443
11995	-48.367661	-10.930503	3.035478
11996	-49.434247	-11.123871	3.220770
11997	-50.465562	-11.150897	3.418557
11998	-51.350575	-11.175615	3.568512
11999	-52.151665	-11.200360	3.383318
12000	-52.452843	-11.890157	2.517396
12001	-52.234690	-12.994866	1.373486
12002	-51.706395	-13.845364	0.287049
12003	-50.917028	-14.094603	-0.567726
12004	-49.993704	-13.702644	-1.137979
12005	-48.951306	-12.827960	-1.537926
12006	-47.657967	-11.991830	-1.989868
12007	-46.138943	-11.293467	-2.553447
12008	-44.486117	-10.649480	-3.218508
12009	-42.636909	-10.012941	-3.895096
12010	-40.578193	-9.434946	-4.566531
12011	-38.356325	-8.797338	-5.238711
12012	-36.014927	-8.035853	-5.906848
12013	-33.534013	-7.150897	-6.539983
12014	-30.955041	-6.167491	-7.098937
12015	-28.271310	-5.142520	-7.631244
12016	-25.516510	-4.124851	-8.177298
12017	-22.717827	-3.045457	-8.611743
12018	-19.868853	-1.918884	-8.872994
12019	-16.911421	-0.789140	-8.971120
12020	-13.850674	0.305246	-8.915159
12021	-10.707579	1.322735	-8.713602
12022	-7.585662	2.290051	-8.309945
12023	-4.536705	3.200424	-7.668739
12024	-1.598411	3.959748	-6.885488
12025	1.219318	4.517738	-6.041635
12026	3.863254	4.843791	-5.157152
12027	6.293663	4.992895	-4.227166
12028	8.423270	5.063348	-3.258242
12029	10.208601	5.095267	-2.340086
12030	11.656945	5.125618	-1.505869
12031	12.788367	5.189537	-0.761730
12032	13.630890	5.244136	-0.137483
12033	14.145143	5.282451	0.372288
12034	14.348725	5.228126	0.874187
12035	14.167864	5.108351	1.371671
12036	13.580594	4.975787	1.859484
12037	12.653503	4.851748	2.416151
12038	11.445127	4.690068	2.969457
12039	10.194417	4.873150	3.211558
12040	9.573789	4.987201	2.394719
12041	9.201837	4.996032	2.193125
12042	8.724440	4.928425	3.154332
12043	7.666029	4.660015	4.275634
12044	6.176886	4.499169	4.761605
12045	4.551175	4.381838	4.480399
12046	2.990396	4.189796	4.304645
12047	1.506240	4.006007	5.054905
12048	0.188194	3.953534	6.135017
12049	-0.871953	3.810487	6.862390
12050	-1.867665	3.810507	7.373418
12051	-2.853530	3.962312	7.540529
12052	-3.663272	4.074633	7.242102
12053	-4.429359	4.186471	6.639834
12054	-5.180523	4.250344	5.908134
12055	-5.925694	4.308400	5.318204
12056	-6.642074	4.413106	5.133828
12057	-7.192733	4.455312	5.379842
12058	-7.695184	4.436973	5.739640
12059	-8.174188	4.403226	5.971901
12060	-8.641283	4.341400	5.942866
12061	-9.106110	4.288118	5.763106
12062	-9.519573	4.236833	5.622808
12063	-9.876871	4.173516	5.595710
12064	-10.178329	4.117267	5.654630
12065	-10.443736	4.050885	5.701438
12066	-10.676593	3.971883	5.656978
12067	-10.919228	3.887920	5.529326
12068	-11.130272	3.802370	5.407542
12069	-11.315521	3.722886	5.335215
12070	-11.472475	3.653402	5.340497
12071	-11.634995	3.568883	5.334592
12072	-11.799469	3.478478	5.278687
12073	-11.958944	3.365684	5.229042
12074	-12.103155	3.265335	5.230823
12075	-12.251302	3.168990	5.232803
12076	-12.414231	3.077721	5.225992
12077	-12.602404	3.009480	5.278277
12078	-12.787902	2.964673	5.376536
12079	-12.994559	2.918421	5.489192
12080	-13.217202	2.853885	5.568796
12081	-13.494687	2.783759	5.627861
12082	-13.807718	2.714725	5.707390
12083	-14.175963	2.638659	5.810956
12084	-14.580361	2.548911	5.938112
12085	-15.062089	2.457238	6.088923
12086	-15.610521	2.350507	6.261268
12087	-16.219408	2.205803	6.429754
12088	-16.854074	2.026373	6.545497
12089	-17.544408	1.808194	6.589987
12090	-18.285447	1.543949	6.586230
12091	-19.088904	1.256926	6.560402
12092	-19.936585	0.958007	6.531551
12093	-20.857362	0.651933	6.491103
12094	-21.849116	0.334804	6.456148
12095	-22.915143	-0.005196	6.439324
12096	-24.035502	-0.374933	6.433741
12097	-25.208797	-0.790265	6.408411
12098	-26.431555	-1.271488	6.337875
12099	-27.713458	-1.818173	6.168800
12100	-29.072499	-2.347530	5.979061
12101	-30.511403	-2.928218	5.712032
12102	-32.048959	-3.510364	5.445503
12103	-33.639547	-4.125856	5.165705
12104	-35.312869	-4.735841	4.853266
12105	-37.005407	-5.331157	4.541433
12106	-38.675777	-6.014110	4.211720
12107	-40.269924	-6.814598	3.843931
12108	-41.803269	-7.731817	3.504227
12109	-43.310794	-8.638981	3.245981
12110	-44.791741	-9.367925	3.084791
12111	-46.071932	-9.919259	2.973721
12112	-47.112745	-10.409042	2.901993
12113	-48.166685	-10.660334	2.879895
12114	-49.131626	-10.783878	2.890087
12115	-49.916775	-11.017115	2.828820
12116	-50.480339	-11.493404	2.160504
12117	-50.310219	-12.768620	0.847947
12118	-49.705453	-14.081144	-0.545276
12119	-48.867886	-14.827831	-1.835720
12120	-47.913436	-14.915660	-2.934788
12121	-46.919189	-14.385646	-3.783467
12122	-45.712138	-13.651987	-4.489193
12123	-44.259889	-12.890009	-5.120615
12124	-42.666403	-12.122437	-5.744206
12125	-40.945950	-11.290967	-6.313753
12126	-39.070590	-10.432550	-6.781384
12127	-36.990284	-9.575428	-7.227360
12128	-34.753721	-8.661705	-7.703710
12129	-32.365176	-7.656597	-8.212873
12130	-29.833722	-6.581942	-8.679033
12131	-27.190321	-5.453409	-9.083787
12132	-24.479764	-4.327435	-9.499098
12133	-21.722263	-3.215936	-9.995040
12134	-18.953447	-2.096798	-10.508676
12135	-16.133493	-0.970510	-10.939828
12136	-13.261989	0.157103	-11.208603
12137	-10.354805	1.306535	-11.191275
12138	-7.501597	2.437020	-10.869850
12139	-4.745905	3.467241	-10.327057
12140	-2.114566	4.363418	-9.551678
12141	0.387608	5.089087	-8.607900
12142	2.719325	5.591002	-7.650580
12143	4.857600	5.889719	-6.684120
12144	6.779390	6.017288	-5.700519
12145	8.453801	6.033606	-4.725830
12146	9.850583	6.013674	-3.672690
12147	10.993256	5.992207	-2.560266
12148	11.904431	5.948739	-1.585201
12149	12.577842	5.890967	-0.724157
12150	13.000445	5.783120	0.105912
12151	13.137027	5.657293	0.888308
12152	13.044481	5.493373	1.579798
12153	12.676522	5.326867	2.133396
12154	12.033460	5.192853	2.496006
12155	11.170639	5.064609	2.750316
12156	10.103925	4.966819	3.133029
12157	9.041775	5.178212	3.197688
12158	8.533882	5.252171	2.557434
12159	8.212590	5.305693	2.511518
12160	7.738811	5.261464	3.308869
12161	6.735514	5.072412	4.012268
12162	5.376611	4.924694	3.990928
12163	4.024106	4.793336	3.499372
12164	2.710992	4.610126	3.016602
12165	1.447900	4.406161	3.426728
12166	0.268810	4.270725	4.312003
12167	-0.758989	4.133631	5.267898
12168	-1.668879	4.080802	6.171961
12169	-2.624280	4.218761	6.904573
12170	-3.370197	4.184983	7.067665
12171	-4.022148	4.145683	6.709145
12172	-4.687880	4.154868	6.026928
12173	-5.327011	4.175316	5.341117
12174	-5.858757	4.236896	4.987325
12175	-6.296328	4.309436	5.069570
12176	-6.677724	4.324180	5.370739
12177	-7.052802	4.254371	5.551008
12178	-7.418373	4.181712	5.515954
12179	-7.798409	4.130967	5.395691
12180	-8.159642	4.078716	5.283055
12181	-8.511415	4.015016	5.228412
12182	-8.821252	3.931075	5.187670
12183	-9.109712	3.839004	5.132843
12184	-9.376617	3.749512	5.009483
12185	-9.655942	3.644570	4.821959
12186	-9.906926	3.542129	4.666470
12187	-10.107819	3.386608	4.459074
12188	-10.290038	3.239198	4.352788
12189	-10.470606	3.119313	4.320773
12190	-10.635918	3.004014	4.295293
12191	-10.806664	2.892116	4.253233
12192	-10.960738	2.770806	4.133505
12193	-11.132183	2.638584	3.984645
12194	-11.296396	2.518833	3.892909
12195	-11.492019	2.426260	3.878882
12196	-11.682561	2.347568	3.913218
12197	-11.919431	2.236059	3.917286
12198	-12.213470	2.137961	3.934178
12199	-12.574943	2.045499	3.962811
12200	-12.989132	1.951326	4.002246
12201	-13.457998	1.830036	4.034883
12202	-13.974407	1.691719	4.047295
12203	-14.562534	1.531913	4.044363
12204	-15.199462	1.337913	4.030445
12205	-15.892600	1.105484	4.012986
12206	-16.647611	0.856294	3.992836
12207	-17.476185	0.565289	3.956906
12208	-18.362318	0.246952	3.903032
12209	-19.300817	-0.101020	3.863445
12210	-20.282364	-0.480020	3.832806
12211	-21.328353	-0.884894	3.807425
12212	-22.446925	-1.309517	3.807680
12213	-23.630148	-1.757643	3.833254
12214	-24.863937	-2.219746	3.877698
12215	-26.164961	-2.677899	3.933650
12216	-27.518572	-3.150576	3.938007
12217	-28.938185	-3.663161	3.895460
12218	-30.432163	-4.170326	3.828103
12219	-31.991095	-4.731043	3.707488
12220	-33.594690	-5.369017	3.453812
12221	-35.249473	-6.006951	3.169554
12222	-36.957857	-6.671935	2.828890
12223	-38.666882	-7.385357	2.486088
12224	-40.344906	-8.189515	2.145897
12225	-41.967068	-8.984647	1.939315
12226	-43.557979	-9.736286	1.833002
12227	-45.099308	-10.284247	1.754656
12228	-46.444877	-10.713578	1.670152
12229	-47.555282	-11.170868	1.533959
12230	-48.691125	-11.419879	1.474444
12231	-49.611663	-11.712009	1.315646
12232	-50.369556	-12.082859	0.957044
12233	-50.755882	-12.767409	0.035088
12234	-50.617370	-13.808344	-1.180217
12235	-50.114528	-14.633961	-2.434904
12236	-49.366550	-14.950508	-3.534871
12237	-48.443751	-14.750911	-4.404966
12238	-47.388462	-14.165289	-5.093272
12239	-46.139990	-13.379983	-5.610122
12240	-44.729589	-12.524269	-6.009520
12241	-43.128970	-11.678048	-6.403071
12242	-41.359138	-10.822011	-6.800267
12243	-39.415252	-10.030866	-7.235857
12244	-37.334270	-9.301117	-7.725184
12245	-35.105994	-8.610654	-8.276525
12246	-32.766192	-7.915245	-8.866910
12247	-30.326708	-7.117137	-9.406959
12248	-27.819968	-6.167473	-9.770730
12249	-25.262279	-5.102253	-9.984222
12250	-22.700628	-4.028866	-10.170033
12251	-20.114077	-2.931882	-10.257248
12252	-17.476063	-1.813765	-10.127647
12253	-14.758760	-0.716648	-9.795059
12254	-12.019019	0.337712	-9.286812
12255	-9.286939	1.312419	-8.665423
12256	-6.595352	2.152692	-8.061226
12257	-3.979167	2.890187	-7.528141
12258	-1.483857	3.585224	-7.009342
12259	0.860447	4.183562	-6.568263
12260	3.047559	4.634498	-6.228596
12261	5.029190	4.991470	-5.937827
12262	6.754796	5.304465	-5.644580
12263	8.220350	5.584813	-5.263701
12264	9.409287	5.833648	-4.649573
12265	10.338003	6.038229	-3.813909
12266	11.035047	6.137604	-2.878248
12267	11.497354	6.117163	-1.826049
12268	11.691273	6.008872	-0.722703
12269	11.611095	5.830642	0.208390
12270	11.231170	5.647924	1.005554
12271	10.497927	5.549568	1.628564
12272	9.488528	5.364245	2.106974
12273	8.245610	5.218628	2.699628
12274	7.234712	5.159761	2.481829
12275	6.659263	5.020103	1.567193
12276	6.057963	4.845423	1.626975
12277	5.033348	4.545806	3.100287
12278	3.462785	4.301827	4.435788
12279	1.877486	4.089924	5.349653
12280	0.598998	3.892608	5.938957
12281	-0.623495	3.768748	6.337170
12282	-1.789504	3.694342	6.562099
12283	-2.815112	3.583124	6.420495
12284	-3.703947	3.563642	6.291547
12285	-4.496200	3.652445	6.063511
12286	-5.179777	3.716750	5.721017
12287	-5.821428	3.807310	5.368811
12288	-6.432335	3.870406	4.867871
12289	-6.990611	3.883761	4.486807
12290	-7.548638	3.854813	4.151742
12291	-8.064963	3.822247	3.923462
12292	-8.553698	3.797777	3.762084
12293	-8.991768	3.744825	3.642125
12294	-9.387464	3.673576	3.545275
12295	-9.729310	3.575319	3.408507
12296	-10.034830	3.471279	3.186033
12297	-10.309244	3.344235	2.949344
12298	-10.539039	3.206054	2.720381
12299	-10.737537	3.067405	2.518887
12300	-10.901162	2.922914	2.357212
12301	-11.085426	2.775835	2.204285
12302	-11.244528	2.627621	2.133571
12303	-11.391063	2.490150	2.100652
12304	-11.523592	2.367521	2.079245
12305	-11.674751	2.237346	2.037637
12306	-11.838088	2.123124	2.003467
12307	-12.004011	2.022911	2.026047
12308	-12.163086	1.929689	2.061307
12309	-12.333337	1.836050	2.113816
12310	-12.505340	1.740719	2.152631
12311	-12.700533	1.657464	2.205268
12312	-12.888619	1.553517	2.219529
12313	-13.081084	1.438704	2.250303
12314	-13.292340	1.318337	2.291351
12315	-13.570245	1.182344	2.311536
12316	-13.909722	1.064043	2.354066
12317	-14.326754	0.932189	2.385960
12318	-14.797984	0.769147	2.409163
12319	-15.347834	0.573965	2.381242
12320	-15.986663	0.365596	2.365041
12321	-16.698016	0.119192	2.361032
12322	-17.451716	-0.159508	2.362342
12323	-18.257506	-0.461601	2.355122
12324	-19.117382	-0.790245	2.358561
12325	-20.025695	-1.154978	2.356264
12326	-20.979869	-1.555849	2.314650
12327	-21.970085	-1.974770	2.278102
12328	-23.008721	-2.407168	2.249304
12329	-24.113737	-2.860946	2.220247
12330	-25.296239	-3.317382	2.211297
12331	-26.577124	-3.772230	2.222810
12332	-27.951757	-4.247597	2.249846
12333	-29.388731	-4.754627	2.219224
12334	-30.915453	-5.291611	2.120487
12335	-32.570297	-5.844329	1.990435
12336	-34.295092	-6.447698	1.826177
12337	-36.064190	-7.030098	1.538819
12338	-37.816320	-7.739145	1.077147
12339	-39.528604	-8.480721	0.605134
12340	-41.185745	-9.350915	0.111970
12341	-42.757716	-10.269213	-0.274108
12342	-44.379129	-11.010798	-0.481171
12343	-45.953582	-11.544398	-0.571594
12344	-47.422298	-11.922473	-0.576523
12345	-48.760598	-12.234901	-0.566731
12346	-49.880574	-12.596535	-0.658257
12347	-50.701848	-13.176647	-1.017241
12348	-51.188316	-13.777969	-1.680887
12349	-51.143315	-14.492426	-2.521400
12350	-50.699509	-15.163495	-3.592370
12351	-50.008099	-15.633220	-4.766529
12352	-49.210963	-15.723258	-5.853941
12353	-48.211092	-15.599416	-6.794311
12354	-47.081983	-15.252071	-7.557290
12355	-45.800292	-14.698694	-8.189502
12356	-44.371444	-13.980483	-8.690252
12357	-42.805767	-13.099722	-9.033744
12358	-41.115672	-12.115409	-9.254405
12359	-39.276346	-11.060928	-9.423821
12360	-37.298363	-9.950887	-9.568982
12361	-35.151679	-8.801090	-9.673344
12362	-32.871686	-7.662826	-9.752745
12363	-30.489164	-6.521335	-9.818530
12364	-28.056618	-5.411237	-9.912270
12365	-25.580137	-4.360440	-10.082354
12366	-23.053523	-3.395128	-10.325153
12367	-20.443362	-2.488286	-10.590110
12368	-17.757148	-1.625368	-10.839636
12369	-15.028399	-0.819683	-11.113680
12370	-12.310941	-0.028331	-11.283504
12371	-9.639939	0.826356	-11.155413
12372	-7.055667	1.710452	-10.637291
12373	-4.561772	2.557998	-9.765373
12374	-2.176170	3.309896	-8.659061
12375	0.106884	3.898056	-7.548266
12376	2.254217	4.333682	-6.602778
12377	4.221640	4.721137	-5.866648
12378	5.987437	5.089989	-5.340471
12379	7.563429	5.439073	-4.904512
12380	8.880379	5.802023	-4.471828
12381	9.959041	6.163285	-4.028574
12382	10.842565	6.471521	-3.562464
12383	11.521882	6.741153	-3.061737
12384	12.000683	6.948120	-2.561161
12385	12.247241	7.066813	-2.092228
12386	12.222478	7.127238	-1.752102
12387	11.892043	7.154969	-1.471670
12388	11.277135	7.150348	-1.149667
12389	10.388506	7.012268	-0.687746
12390	9.110164	6.825249	0.101318
12391	7.695313	6.629123	0.875947
12392	6.768851	6.397885	0.939292
12393	6.298214	6.086724	0.899245
12394	5.491867	5.926710	2.286843
12395	3.973275	5.854418	3.447396
12396	2.173764	5.661331	3.528117
12397	0.738275	5.314116	3.391490
12398	-0.697328	5.213293	3.636686
12399	-1.978689	5.102214	3.691674
12400	-3.080182	4.951474	3.511588
12401	-4.179150	4.963590	3.401976
12402	-5.090234	4.868185	3.295757
12403	-5.890610	4.820800	3.207769
12404	-6.614047	4.778619	2.980077
12405	-7.319967	4.761155	2.641319
12406	-7.947693	4.761973	2.353076
12407	-8.481194	4.721001	2.219377
12408	-8.950182	4.630558	2.203410
12409	-9.411233	4.555778	2.150272
12410	-9.829338	4.458384	2.027481
12411	-10.220254	4.315197	1.859152
12412	-10.560179	4.151475	1.785458
12413	-10.843381	3.966220	1.822929
12414	-11.057266	3.797737	1.987505
12415	-11.246569	3.631599	2.145428
12416	-11.421758	3.472421	2.252091
12417	-11.588183	3.317082	2.282062
12418	-11.758391	3.187185	2.240973
12419	-11.951859	3.053870	2.202248
12420	-12.129524	2.923318	2.223336
12421	-12.296057	2.801249	2.331430
12422	-12.443792	2.685230	2.482406
12423	-12.606468	2.568106	2.589021
12424	-12.790122	2.459400	2.677661
12425	-12.993344	2.355501	2.803777
12426	-13.202000	2.269167	2.956440
12427	-13.419795	2.173346	3.120588
12428	-13.660975	2.089055	3.248987
12429	-13.928915	1.985615	3.313047
12430	-14.216184	1.874730	3.327252
12431	-14.513579	1.769026	3.339412
12432	-14.816791	1.668049	3.362500
12433	-15.152124	1.571453	3.384103
12434	-15.495828	1.451994	3.363869
12435	-15.871123	1.335196	3.314051
12436	-16.274626	1.206455	3.225828
12437	-16.758099	1.056817	3.117856
12438	-17.327084	0.894222	3.028656
12439	-17.985898	0.690478	2.967256
12440	-18.715381	0.446977	2.932980
12441	-19.531280	0.193343	2.909667
12442	-20.416658	-0.073834	2.878097
12443	-21.375813	-0.373608	2.818979
12444	-22.394307	-0.694473	2.730776
12445	-23.462222	-1.053019	2.624582
12446	-24.574544	-1.440612	2.493782
12447	-25.740694	-1.865937	2.332284
12448	-26.976199	-2.320009	2.119482
12449	-28.261035	-2.814131	1.834578
12450	-29.603765	-3.361576	1.441471
12451	-31.016139	-3.941088	0.954960
12452	-32.504773	-4.567173	0.437546
12453	-34.039999	-5.279508	-0.149925
12454	-35.647853	-6.017319	-0.785235
12455	-37.282361	-6.752061	-1.401840
12456	-38.922578	-7.468299	-1.951578
12457	-40.465065	-8.203511	-2.425030
12458	-41.971094	-8.928111	-2.830819
12459	-43.402344	-9.671343	-3.202009
12460	-44.763010	-10.272298	-3.485491
12461	-45.983921	-10.659664	-3.645804
12462	-47.100379	-10.904277	-3.724438
12463	-48.056068	-11.104411	-3.766661
12464	-48.773919	-11.567957	-4.061978
12465	-49.284924	-12.081086	-4.639513
12466	-49.344905	-12.912398	-5.557692
12467	-48.979614	-13.888686	-6.617319
12468	-48.468271	-14.598498	-7.782616
12469	-47.853091	-14.847815	-8.751107
12470	-47.166761	-14.700252	-9.432949
12471	-46.287863	-14.388015	-9.994109
12472	-45.249987	-13.961745	-10.419358
12473	-44.111257	-13.393963	-10.681745
12474	-42.885209	-12.653846	-10.753765
12475	-41.503646	-11.805004	-10.675080
12476	-39.958139	-10.958372	-10.561340
12477	-38.264412	-10.066218	-10.496743
12478	-36.454135	-9.114043	-10.462359
12479	-34.509796	-8.117998	-10.401663
12480	-32.468995	-7.126471	-10.318404
12481	-30.350360	-6.199279	-10.277360
12482	-28.190042	-5.396814	-10.345230
12483	-25.985565	-4.738921	-10.558205
12484	-23.744393	-4.173796	-10.858229
12485	-21.444326	-3.640881	-11.199210
12486	-19.103010	-3.075268	-11.478433
12487	-16.734676	-2.419969	-11.560734
12488	-14.380980	-1.680934	-11.378936
12489	-12.033303	-0.886411	-10.916818
12490	-9.685669	-0.074526	-10.182826
12491	-7.332518	0.727435	-9.216122
12492	-5.008561	1.486856	-8.066336
12493	-2.723709	2.169335	-6.855133
12494	-0.484060	2.749046	-5.655726
12495	1.690617	3.234779	-4.521118
12496	3.751423	3.622317	-3.548557
12497	5.651000	3.951821	-2.654939
12498	7.340981	4.237239	-1.764968
12499	8.838345	4.459831	-0.840648
12500	10.137178	4.622258	0.100510
12501	11.233791	4.752050	1.002306
12502	12.111301	4.874629	1.787214
12503	12.748755	5.001954	2.460717
12504	13.102922	5.104439	3.058227
12505	13.153732	5.162058	3.572689
12506	12.902937	5.206867	4.007624
12507	12.386624	5.149139	4.223525
12508	11.479946	4.970114	4.724469
12509	10.077466	4.760287	5.433840
12510	8.803509	4.654979	5.405886
12511	8.128344	4.491943	4.999394
12512	7.394450	4.386093	6.049699
12513	6.084579	4.411536	7.261990
12514	4.332720	4.308698	7.269643
12515	2.849647	4.047416	7.124019
12516	1.320009	4.032033	7.398008
12517	-0.087432	4.004232	7.495829
12518	-1.303061	3.919902	7.467415
12519	-2.432359	3.944599	7.569248
12520	-3.348793	3.921248	7.532762
12521	-4.169563	3.989683	7.452033
12522	-4.930033	4.030151	7.287402
12523	-5.637158	4.051129	7.015870
12524	-6.238613	4.059755	6.782989
12525	-6.758240	4.031763	6.736343
12526	-7.190965	3.968901	6.840411
12527	-7.542885	3.904001	6.937300
12528	-7.858042	3.822533	6.907419
12529	-8.182539	3.715168	6.802530
12530	-8.468917	3.620597	6.697011
12531	-8.698457	3.524992	6.655674
12532	-8.875153	3.417432	6.643655
12533	-9.045649	3.321824	6.619758
12534	-9.197738	3.251114	6.577312
12535	-9.347564	3.184471	6.484869
12536	-9.493797	3.128697	6.337200
12537	-9.654563	3.080373	6.171524
12538	-9.802114	3.053708	6.083736
12539	-9.933741	3.036422	6.102812
12540	-10.063798	3.014784	6.179477
12541	-10.223684	3.014620	6.247193
12542	-10.384036	3.030122	6.291560
12543	-10.558306	3.041104	6.319404
12544	-10.726949	3.061094	6.335330
12545	-10.912664	3.089580	6.360939
12546	-11.105015	3.109682	6.404078
12547	-11.316980	3.112234	6.435929
12548	-11.543314	3.119428	6.468600
12549	-11.809998	3.119198	6.502595
12550	-12.114695	3.112699	6.547254
12551	-12.482959	3.100467	6.593739
12552	-12.911371	3.103940	6.664486
12553	-13.402406	3.115657	6.763100
12554	-13.938781	3.128037	6.864530
12555	-14.525208	3.069667	6.926341
12556	-15.130925	2.927768	6.856878
12557	-15.779114	2.761005	6.810371
12558	-16.463941	2.583038	6.761041
12559	-17.224860	2.348108	6.663739
12560	-18.054245	2.079040	6.528441
12561	-18.940854	1.778237	6.386244
12562	-19.876511	1.458176	6.245421
12563	-20.883179	1.107016	6.078768
12564	-21.975341	0.744342	5.895186
12565	-23.170944	0.370179	5.714263
12566	-24.454304	-0.017600	5.535748
12567	-25.810725	-0.459096	5.304514
12568	-27.242926	-0.925981	5.005534
12569	-28.740780	-1.443543	4.648834
12570	-30.323605	-1.999737	4.246097
12571	-32.007412	-2.595667	3.809904
12572	-33.802855	-3.222414	3.329503
12573	-35.646947	-3.859279	2.877568
12574	-37.529094	-4.454180	2.394989
12575	-39.299108	-5.181004	1.818228
12576	-40.945890	-6.001671	1.203028
12577	-42.418685	-6.977959	0.590768
12578	-43.802999	-7.940701	0.027319
12579	-45.116378	-8.690535	-0.451620
12580	-46.305242	-9.228960	-0.775686
12581	-47.371341	-9.607403	-0.904104
12582	-48.367405	-9.853021	-0.874104
12583	-49.228005	-10.159411	-1.001127
12584	-49.923763	-10.635896	-1.363431
12585	-50.297200	-11.261151	-2.095087
12586	-50.141077	-12.187433	-3.102514
12587	-49.491698	-13.120484	-4.223826
12588	-48.553271	-13.749544	-5.342310
12589	-47.517969	-13.837438	-6.288129
12590	-46.395964	-13.517798	-7.019330
12591	-45.137667	-12.994056	-7.522360
12592	-43.750871	-12.399511	-7.912215
12593	-42.196666	-11.788306	-8.243453
12594	-40.522816	-11.163788	-8.519122
12595	-38.729838	-10.471746	-8.743029
12596	-36.810046	-9.691142	-8.896871
12597	-34.726663	-8.850059	-9.029173
12598	-32.500315	-7.951544	-9.140457
12599	-30.133855	-6.971566	-9.161596
12600	-27.677827	-5.956100	-9.099526
12601	-25.160048	-4.941644	-9.017532
12602	-22.624074	-3.938520	-8.915597
12603	-20.043804	-2.972317	-8.797334
12604	-17.394885	-2.072163	-8.651642
12605	-14.654872	-1.210182	-8.456002
12606	-11.880331	-0.382393	-8.172619
12607	-9.148713	0.464912	-7.680047
12608	-6.501891	1.298390	-6.919101
12609	-3.933649	2.063397	-5.923973
12610	-1.461144	2.700185	-4.799602
12611	0.906652	3.168318	-3.574908
12612	3.142818	3.457388	-2.380478
12613	5.205115	3.593126	-1.335266
12614	7.018459	3.634731	-0.433691
12615	8.540784	3.632841	0.330756
12616	9.743345	3.648788	1.014014
12617	10.667189	3.697709	1.717131
12618	11.301612	3.800316	2.416513
12619	11.669929	3.929472	2.961049
12620	11.781425	4.045663	3.458042
12621	11.619227	4.149813	3.809857
12622	11.223487	4.222213	4.009108
12623	10.572466	4.235726	4.109312
12624	9.615633	4.136735	4.400556
12625	8.372481	4.120694	4.966607
12626	7.485975	4.121695	4.895697
12627	7.129468	4.028881	4.578018
12628	6.660468	3.959957	5.472449
12629	5.595091	3.882889	6.725447
12630	3.932933	3.814407	7.030578
12631	2.426836	3.612748	7.040163
12632	1.084883	3.485185	7.164889
12633	-0.256955	3.485650	7.786606
12634	-1.481395	3.486445	8.291533
12635	-2.564911	3.442829	8.623268
12636	-3.605030	3.512360	8.896857
12637	-4.522173	3.569221	8.831157
12638	-5.266440	3.606207	8.576666
12639	-5.960622	3.638087	8.037864
12640	-6.626806	3.634388	7.426277
12641	-7.243540	3.626904	7.030123
12642	-7.779416	3.613627	6.810141
12643	-8.277170	3.642400	6.838159
12644	-8.721545	3.608917	6.921446
12645	-9.153323	3.530938	6.874541
12646	-9.587012	3.453260	6.725814
12647	-10.015165	3.347197	6.575175
12648	-10.395972	3.258839	6.573133
12649	-10.735613	3.202630	6.645818
12650	-11.041153	3.157885	6.707914
12651	-11.353571	3.109855	6.650678
12652	-11.660247	3.070434	6.515910
12653	-11.958996	3.034114	6.396152
12654	-12.217217	3.005817	6.352300
12655	-12.459375	2.978945	6.387432
12656	-12.678971	2.958658	6.474057
12657	-12.887976	2.938345	6.520759
12658	-13.088428	2.916406	6.527661
12659	-13.312417	2.908253	6.529305
12660	-13.529108	2.902172	6.542788
12661	-13.746574	2.916631	6.590365
12662	-13.977135	2.976356	6.694803
12663	-14.247086	3.046099	6.844632
12664	-14.546547	3.128937	7.003959
12665	-14.874300	3.203770	7.166557
12666	-15.225560	3.280044	7.319230
12667	-15.628568	3.325663	7.445754
12668	-16.069299	3.335307	7.551075
12669	-16.564869	3.321864	7.687726
12670	-17.101329	3.270244	7.834476
12671	-17.693163	3.177725	7.972563
12672	-18.343058	3.048108	8.080486
12673	-19.064737	2.860788	8.160331
12674	-19.830782	2.624277	8.208291
12675	-20.644067	2.334663	8.216863
12676	-21.515576	2.003956	8.153189
12677	-22.457550	1.605348	7.991215
12678	-23.461383	1.159713	7.746652
12679	-24.523102	0.687747	7.512361
12680	-25.636371	0.186117	7.268461
12681	-26.823731	-0.360740	7.000747
12682	-28.080358	-0.927245	6.699875
12683	-29.394413	-1.545798	6.328391
12684	-30.752491	-2.201990	5.881958
12685	-32.165373	-2.895077	5.376685
12686	-33.647676	-3.608675	4.849605
12687	-35.191358	-4.368754	4.323490
12688	-36.799758	-5.103831	3.862365
12689	-38.450344	-5.856736	3.362661
12690	-40.089387	-6.649795	2.927195
12691	-41.672610	-7.552330	2.538415
12692	-43.224442	-8.450968	2.367945
12693	-44.828426	-9.117972	2.407086
12694	-46.326213	-9.725249	2.430337
12695	-47.549940	-10.245734	2.491894
12696	-48.643757	-10.534784	2.682844
12697	-49.667428	-10.613836	2.941166
12698	-50.504812	-10.717316	3.103200
12699	-51.311275	-10.724987	3.081621
12700	-51.831657	-11.101338	2.435276
12701	-51.784020	-12.113163	1.366165
12702	-51.387700	-13.106171	0.243974
12703	-50.695339	-13.684593	-0.739688
12704	-49.745594	-13.771767	-1.508809
12705	-48.610086	-13.447664	-2.118281
12706	-47.316117	-12.900402	-2.665331
12707	-45.817603	-12.270180	-3.180593
12708	-44.170619	-11.640660	-3.720351
12709	-42.352287	-11.014445	-4.315776
12710	-40.370653	-10.388330	-4.937502
12711	-38.226738	-9.731573	-5.530247
12712	-35.955275	-9.035511	-6.120328
12713	-33.567765	-8.273126	-6.711850
12714	-31.098091	-7.399393	-7.230320
12715	-28.563770	-6.356101	-7.563041
12716	-25.972526	-5.245575	-7.804486
12717	-23.301322	-4.179442	-8.073863
12718	-20.580990	-3.136119	-8.297140
12719	-17.807497	-2.063624	-8.336242
12720	-14.989598	-0.998186	-8.184083
12721	-12.155878	0.033381	-7.862483
12722	-9.355348	0.989701	-7.339913
12723	-6.600008	1.843910	-6.563447
12724	-3.936463	2.573181	-5.573157
12725	-1.375707	3.180613	-4.408380
12726	1.036161	3.640163	-3.246020
12727	3.258158	3.964923	-2.288338
12728	5.259302	4.202398	-1.557127
12729	7.028863	4.392502	-0.997295
12730	8.537655	4.565090	-0.505639
12731	9.774716	4.743882	-0.011453
12732	10.746315	4.931431	0.445217
12733	11.480680	5.085613	0.867967
12734	11.971689	5.185787	1.257436
12735	12.219909	5.200801	1.678662
12736	12.187359	5.170297	2.173401
12737	11.878473	5.103836	2.646685
12738	11.332726	4.967189	3.100211
12739	10.511547	4.863720	3.559274
12740	9.443138	4.708472	3.943260
12741	8.339080	4.707207	4.160957
12742	7.664143	4.716642	3.556041
12743	7.248234	4.662129	3.305974
12744	6.780769	4.643907	4.058692
12745	5.838161	4.542672	5.150176
12746	4.572494	4.363088	5.558274
12747	3.204467	4.155584	5.604018
12748	1.855390	3.972658	5.698365
12749	0.583856	3.847510	6.100816
12750	-0.554811	3.788219	6.691661
12751	-1.551908	3.746063	7.079580
12752	-2.504740	3.741774	7.256402
12753	-3.370325	3.758017	7.361817
12754	-4.097419	3.790916	7.302334
12755	-4.793520	3.837189	6.823012
12756	-5.472361	3.874594	6.202336
12757	-6.156274	3.921039	5.626122
12758	-6.808437	3.943372	4.998443
12759	-7.359727	3.987476	4.750310
12760	-7.866110	3.944193	4.777087
12761	-8.301497	3.834488	4.864595
12762	-8.695085	3.762383	4.848864
12763	-9.090320	3.673198	4.682222
12764	-9.453701	3.592750	4.524643
12765	-9.791558	3.496753	4.417665
12766	-10.078849	3.420390	4.361890
12767	-10.345100	3.358371	4.335071
12768	-10.597698	3.284340	4.289293
12769	-10.838395	3.194338	4.201097
12770	-11.073642	3.094958	4.116787
12771	-11.288878	2.975686	4.063839
12772	-11.489605	2.822666	3.948473
12773	-11.676050	2.701140	3.926050
12774	-11.848674	2.563971	3.913378
12775	-12.046252	2.453220	3.946669
12776	-12.225486	2.360769	3.985701
12777	-12.413502	2.302161	4.031461
12778	-12.612265	2.213733	4.009890
12779	-12.832332	2.125182	3.960655
12780	-13.057586	2.055299	3.943744
12781	-13.298410	1.980962	3.972687
12782	-13.545983	1.902437	4.014741
12783	-13.824568	1.823019	4.039427
12784	-14.142420	1.737032	4.027326
12785	-14.525316	1.626366	3.981069
12786	-14.947274	1.491599	3.935217
12787	-15.419404	1.341300	3.881803
12788	-15.936231	1.171099	3.811602
12789	-16.524919	0.970865	3.736539
12790	-17.177137	0.741646	3.669386
12791	-17.882083	0.494721	3.643925
12792	-18.628514	0.217086	3.626448
12793	-19.447587	-0.063283	3.600632
12794	-20.315121	-0.364032	3.538500
12795	-21.239841	-0.687507	3.452668
12796	-22.207003	-1.040839	3.364259
12797	-23.223568	-1.425916	3.283293
12798	-24.300553	-1.838254	3.187968
12799	-25.452923	-2.286567	3.065974
12800	-26.672995	-2.765001	2.897596
12801	-27.943506	-3.283694	2.687626
12802	-29.281047	-3.840539	2.384557
12803	-30.695987	-4.424248	2.020236
12804	-32.177461	-5.049195	1.579182
12805	-33.641650	-5.734822	1.043893
12806	-35.097580	-6.484236	0.359175
12807	-36.583688	-7.313765	-0.413998
12808	-38.105996	-8.169166	-1.145773
12809	-39.593802	-9.047803	-1.793566
12810	-41.018657	-9.967501	-2.309956
12811	-42.429878	-10.868071	-2.679356
12812	-43.860427	-11.718285	-2.962984
12813	-45.238646	-12.349500	-3.212936
12814	-46.440702	-12.810510	-3.413469
12815	-47.526750	-13.119525	-3.622112
12816	-48.515438	-13.209375	-3.684392
12817	-49.197582	-13.581033	-3.803719
12818	-49.872296	-13.796716	-4.120788
12819	-50.177360	-14.346898	-4.921377
12820	-50.081449	-15.201738	-5.880312
12821	-49.769314	-15.792260	-6.777504
12822	-49.261486	-15.900080	-7.510364
12823	-48.569592	-15.462941	-7.955562
12824	-47.750291	-14.630263	-8.166206
12825	-46.672100	-13.695976	-8.328494
12826	-45.404696	-12.768699	-8.497354
12827	-43.984321	-11.925020	-8.799460
12828	-42.399926	-11.218448	-9.238568
12829	-40.618536	-10.612505	-9.723408
12830	-38.691126	-9.975220	-10.156333
12831	-36.624686	-9.250256	-10.553763
12832	-34.413975	-8.440330	-10.882628
12833	-32.034929	-7.547772	-11.090201
12834	-29.538479	-6.553596	-11.155244
12835	-26.943320	-5.498751	-11.144453
12836	-24.289979	-4.409687	-11.070699
12837	-21.585636	-3.278470	-10.870229
12838	-18.801334	-2.153680	-10.539473
12839	-15.883036	-1.083696	-10.101994
12840	-12.851006	-0.074850	-9.527095
12841	-9.792421	0.885259	-8.807197
12842	-6.777063	1.763705	-7.991823
12843	-3.794042	2.520424	-7.169479
12844	-0.888884	3.183472	-6.356849
12845	1.896420	3.759001	-5.575027
12846	4.519151	4.192130	-4.844775
12847	6.926334	4.510350	-4.105808
12848	9.056920	4.755931	-3.334290
12849	10.921909	4.951797	-2.499374
12850	12.547518	5.104955	-1.600355
12851	13.923055	5.196906	-0.788046
12852	14.988777	5.251820	-0.015404
12853	15.666189	5.269216	0.691887
12854	15.925937	5.287072	1.274113
12855	15.773276	5.318340	1.735618
12856	15.276449	5.288227	2.050215
12857	14.450020	5.146322	2.403257
12858	13.316637	4.951134	2.903026
12859	12.042901	4.792845	3.387239
12860	11.113937	4.795834	3.338611
12861	10.690993	4.686360	3.087710
12862	10.390138	4.530788	3.670081
12863	9.797221	4.342577	4.838724
12864	8.754688	4.161535	5.694297
12865	7.483216	3.991224	6.336682
12866	6.168883	3.816917	6.665072
12867	4.758911	3.711538	6.775325
12868	3.334290	3.604779	7.234200
12869	1.998516	3.431166	7.986529
12870	0.750794	3.323798	8.598113
12871	-0.405102	3.281068	8.852660
12872	-1.494643	3.317576	8.811261
12873	-2.476173	3.386364	8.630060
12874	-3.316544	3.475253	8.419088
12875	-4.103259	3.561748	8.072857
12876	-4.804711	3.614517	7.673331
12877	-5.479029	3.664196	7.258837
12878	-6.133055	3.722924	6.871190
12879	-6.735534	3.751752	6.595702
12880	-7.314646	3.793521	6.490480
12881	-7.826406	3.801608	6.494235
12882	-8.294190	3.803101	6.488949
12883	-8.763845	3.782020	6.383616
12884	-9.203295	3.729088	6.182850
12885	-9.638115	3.664326	5.927259
12886	-10.042047	3.613887	5.700279
12887	-10.426036	3.580958	5.571782
12888	-10.780337	3.536170	5.477798
12889	-11.107609	3.478308	5.417011
12890	-11.412752	3.418606	5.355202
12891	-11.716479	3.355766	5.260529
12892	-12.021943	3.306825	5.171817
12893	-12.336093	3.249651	5.109013
12894	-12.649982	3.217933	5.107192
12895	-12.954956	3.193755	5.180134
12896	-13.233719	3.159848	5.257635
12897	-13.515541	3.115426	5.301092
12898	-13.793151	3.055412	5.358078
12899	-14.056578	2.941357	5.333590
12900	-14.319104	2.825751	5.334910
12901	-14.590697	2.716776	5.417423
12902	-14.869110	2.605469	5.482816
12903	-15.175424	2.495820	5.530350
12904	-15.513304	2.381648	5.534448
12905	-15.876401	2.226266	5.515970
12906	-16.283346	2.061893	5.489272
12907	-16.753988	1.876855	5.476231
12908	-17.273602	1.656940	5.467377
12909	-17.866031	1.413390	5.465548
12910	-18.513888	1.134928	5.438088
12911	-19.232849	0.801209	5.345649
12912	-20.032473	0.438705	5.217930
12913	-20.896941	0.051665	5.097471
12914	-21.817015	-0.351673	4.982499
12915	-22.808045	-0.782403	4.878453
12916	-23.860461	-1.241121	4.778452
12917	-24.969436	-1.724888	4.685518
12918	-26.128737	-2.230330	4.572556
12919	-27.357200	-2.759885	4.418395
12920	-28.619231	-3.350534	4.204711
12921	-29.942705	-4.014092	3.911774
12922	-31.329394	-4.685156	3.580076
12923	-32.798700	-5.347143	3.299905
12924	-34.341093	-6.028526	2.967051
12925	-35.962616	-6.682962	2.633291
12926	-37.636401	-7.348530	2.275186
12927	-39.350167	-8.035146	1.909546
12928	-41.036315	-8.827891	1.597771
12929	-42.675972	-9.623129	1.436274
12930	-44.280272	-10.368639	1.318278
12931	-45.780836	-10.945669	1.238868
12932	-47.061882	-11.383998	1.198197
12933	-48.110123	-11.699133	1.208289
12934	-49.125004	-11.895964	1.238933
12935	-49.930634	-12.027878	1.243371
12936	-50.672478	-12.143134	1.069223
12937	-51.168686	-12.500103	0.302107
12938	-51.152245	-13.454013	-0.902889
12939	-50.766302	-14.486686	-2.215706
12940	-50.097833	-15.205922	-3.396318
12941	-49.167706	-15.440588	-4.319167
12942	-48.104017	-15.220700	-5.020892
12943	-46.927943	-14.638773	-5.579052
12944	-45.594103	-13.906901	-6.036269
12945	-44.099049	-13.109611	-6.443687
12946	-42.434354	-12.380507	-6.909558
12947	-40.562629	-11.673877	-7.417498
12948	-38.537224	-10.944669	-7.916875
12949	-36.376019	-10.186637	-8.419755
12950	-34.106850	-9.328191	-8.853876
12951	-31.717087	-8.319666	-9.127065
12952	-29.223115	-7.179164	-9.185357
12953	-26.643956	-5.952736	-9.108243
12954	-24.017987	-4.749866	-9.068967
12955	-21.326130	-3.635118	-9.093978
12956	-18.566180	-2.612410	-9.103788
12957	-15.724827	-1.653725	-9.066441
12958	-12.860775	-0.731978	-8.921080
12959	-10.034751	0.185869	-8.589903
12960	-7.295232	1.086182	-7.989580
12961	-4.625017	1.915628	-7.134320
12962	-2.046003	2.626950	-6.129762
12963	0.424674	3.181727	-5.040900
12964	2.773313	3.569292	-3.874078
12965	4.961842	3.841313	-2.622855
12966	6.943450	4.032787	-1.341651
12967	8.708407	4.175572	-0.124004
12968	10.249746	4.283951	0.989659
12969	11.582962	4.392892	1.991279
12970	12.699025	4.513081	2.720928
12971	13.585040	4.669931	3.163196
12972	14.227437	4.840184	3.411783
12973	14.543560	5.052225	3.544714
12974	14.516926	5.271898	3.599946
12975	14.155186	5.455231	3.695281
12976	13.530664	5.563491	3.840324
12977	12.659452	5.442466	3.982884
12978	11.354110	5.316382	4.586211
12979	9.999168	5.248211	4.844436
12980	9.271212	5.172560	4.379619
12981	8.816130	5.021343	4.647664
12982	8.013613	4.852735	6.272956
12983	6.506349	4.759845	7.155136
12984	4.801865	4.601538	7.167020
12985	3.219302	4.414449	7.210557
12986	1.637256	4.307643	7.656455
12987	0.166267	4.193898	8.151087
12988	-1.103585	4.096514	8.507540
12989	-2.255520	4.094645	8.809358
12990	-3.313052	4.183035	8.895262
12991	-4.224658	4.249358	8.537093
12992	-5.093668	4.341710	7.996449
12993	-5.933908	4.405101	7.363980
12994	-6.695980	4.417971	6.828598
12995	-7.357918	4.413233	6.511766
12996	-7.929903	4.396797	6.407697
12997	-8.399697	4.383338	6.430409
12998	-8.840480	4.355544	6.467791
12999	-9.263119	4.301084	6.376515
13000	-9.667643	4.255797	6.179443
13001	-10.063662	4.218772	5.966843
13002	-10.411046	4.161540	5.784259
13003	-10.732146	4.085396	5.659661
13004	-11.019579	4.027859	5.557586
13005	-11.261495	3.981727	5.460243
13006	-11.486237	3.910755	5.331584
13007	-11.729334	3.839973	5.191451
13008	-11.965341	3.797374	5.125092
13009	-12.216757	3.797847	5.169794
13010	-12.455092	3.804424	5.274738
13011	-12.720569	3.807997	5.358816
13012	-12.974842	3.806241	5.426977
13013	-13.235034	3.811153	5.521628
13014	-13.492015	3.830053	5.656417
13015	-13.774213	3.844129	5.812219
13016	-14.054413	3.845529	6.006087
13017	-14.334788	3.840373	6.228190
13018	-14.602201	3.831160	6.426196
13019	-14.895281	3.800933	6.578685
13020	-15.211073	3.748730	6.687127
13021	-15.556352	3.677769	6.792690
13022	-15.918567	3.594320	6.902240
13023	-16.317043	3.490128	6.998565
13024	-16.761686	3.362385	7.074089
13025	-17.265925	3.205100	7.152493
13026	-17.809395	3.018936	7.222169
13027	-18.411032	2.794470	7.240315
13028	-19.071834	2.526339	7.178356
13029	-19.798916	2.223715	7.057720
13030	-20.583354	1.887968	6.906323
13031	-21.414548	1.501185	6.663050
13032	-22.278568	1.073898	6.381409
13033	-23.213987	0.618385	6.095930
13034	-24.191659	0.117119	5.797992
13035	-25.238230	-0.370404	5.545462
13036	-26.325705	-0.887014	5.264807
13037	-27.491570	-1.430729	4.923692
13038	-28.705830	-2.022381	4.524221
13039	-29.993133	-2.671312	4.045878
13040	-31.331688	-3.359416	3.533100
13041	-32.762864	-4.096893	2.991141
13042	-34.248844	-4.863262	2.428177
13043	-35.800535	-5.606306	1.874833
13044	-37.397393	-6.365700	1.302600
13045	-39.014417	-7.111036	0.792953
13046	-40.598010	-7.977911	0.318171
13047	-42.142786	-8.899383	0.026389
13048	-43.719103	-9.687921	-0.084350
13049	-45.250183	-10.282958	-0.106739
13050	-46.635948	-10.634747	-0.042224
13051	-47.784654	-10.912091	0.081221
13052	-48.852891	-11.140177	0.166776
13053	-49.673881	-11.297567	0.186966
13054	-50.364554	-11.574191	-0.080696
13055	-50.823082	-12.108927	-0.974572
13056	-50.740040	-13.237640	-2.362055
13057	-50.224686	-14.514861	-3.890254
13058	-49.433070	-15.492371	-5.350733
13059	-48.402481	-15.949890	-6.634977
13060	-47.219598	-15.909785	-7.692939
13061	-45.930175	-15.457010	-8.533902
13062	-44.520780	-14.784949	-9.222325
13063	-42.964481	-14.044862	-9.817344
13064	-41.284101	-13.279623	-10.362457
13065	-39.471108	-12.438330	-10.849593
13066	-37.526089	-11.530160	-11.250062
13067	-35.433418	-10.549387	-11.582584
13068	-33.217035	-9.451916	-11.804124
13069	-30.860339	-8.218558	-11.841078
13070	-28.381470	-6.917387	-11.714009
13071	-25.792301	-5.631499	-11.554466
13072	-23.138008	-4.390196	-11.426985
13073	-20.435119	-3.187562	-11.311747
13074	-17.672537	-2.032231	-11.166588
13075	-14.803531	-0.929071	-10.961063
13076	-11.840641	0.060404	-10.737867
13077	-8.824638	0.936104	-10.489481
13078	-5.848782	1.768117	-10.049677
13079	-2.967472	2.591841	-9.261363
13080	-0.221840	3.349901	-8.187036
13081	2.383626	3.949216	-6.992849
13082	4.825224	4.343933	-5.706764
13083	7.080048	4.573302	-4.363162
13084	9.078846	4.694146	-3.063727
13085	10.813935	4.743156	-1.911365
13086	12.262216	4.803627	-0.910767
13087	13.418592	4.921022	-0.129097
13088	14.280062	5.074786	0.331511
13089	14.827068	5.206970	0.671738
13090	15.043502	5.294278	1.024687
13091	14.935375	5.342775	1.358917
13092	14.517175	5.336916	1.728556
13093	13.795705	5.269207	2.091957
13094	12.788762	5.124264	2.592884
13095	11.563413	4.939841	3.126351
13096	10.411846	4.875878	3.570672
13097	9.782368	4.849917	3.363175
13098	9.544569	4.717261	3.402453
13099	9.266996	4.627557	4.501583
13100	8.543679	4.472267	5.481460
13101	7.353536	4.378904	5.994142
13102	6.006334	4.275460	5.961184
13103	4.604971	4.187327	5.652680
13104	3.200847	4.101161	5.491222
13105	1.853553	3.959919	5.771697
13106	0.561853	3.833477	6.296695
13107	-0.621667	3.712999	6.624753
13108	-1.673742	3.640915	6.742911
13109	-2.605255	3.657655	6.762725
13110	-3.379250	3.710079	6.717504
13111	-4.055048	3.706540	6.501802
13112	-4.663159	3.674443	6.271098
13113	-5.276274	3.653017	5.937610
13114	-5.859036	3.608603	5.582613
13115	-6.371827	3.603970	5.501544
13116	-6.852535	3.635576	5.702809
13117	-7.281793	3.629095	5.946436
13118	-7.666764	3.645739	6.184386
13119	-8.041491	3.657155	6.375481
13120	-8.385336	3.626299	6.420172
13121	-8.726288	3.598642	6.368881
13122	-9.045383	3.573719	6.230494
13123	-9.365564	3.541052	6.057160
13124	-9.682320	3.488659	5.821104
13125	-10.010186	3.457619	5.719350
13126	-10.310141	3.434678	5.698125
13127	-10.574591	3.362517	5.597256
13128	-10.846079	3.274384	5.411950
13129	-11.122261	3.170398	5.223696
13130	-11.382073	3.067058	5.055012
13131	-11.645570	2.978683	4.979100
13132	-11.889900	2.880034	4.900768
13133	-12.142330	2.785122	4.838991
13134	-12.372627	2.695835	4.834645
13135	-12.581885	2.574193	4.812603
13136	-12.790779	2.495963	4.866683
13137	-13.024221	2.413546	4.931966
13138	-13.271431	2.317086	4.968699
13139	-13.562334	2.196699	4.964328
13140	-13.907505	2.040784	4.884251
13141	-14.318020	1.868397	4.828382
13142	-14.777771	1.717398	4.818714
13143	-15.306714	1.535977	4.809201
13144	-15.902100	1.296641	4.741558
13145	-16.571977	1.031120	4.617020
13146	-17.295566	0.742037	4.470480
13147	-18.079714	0.423319	4.330791
13148	-18.914492	0.082189	4.164122
13149	-19.808928	-0.284821	3.983921
13150	-20.757478	-0.685441	3.817945
13151	-21.757904	-1.109738	3.702219
13152	-22.788792	-1.574795	3.612899
13153	-23.852561	-2.063403	3.541585
13154	-24.954286	-2.559398	3.470806
13155	-26.099530	-3.092192	3.369073
13156	-27.276797	-3.666575	3.179683
13157	-28.509641	-4.292528	2.912529
13158	-29.835626	-4.921377	2.607703
13159	-31.212807	-5.632773	2.229400
13160	-32.615041	-6.397077	1.760606
13161	-34.074716	-7.173814	1.212376
13162	-35.627904	-7.920300	0.749378
13163	-37.270653	-8.645903	0.367257
13164	-38.938689	-9.413060	0.082391
13165	-40.568699	-10.195629	-0.082319
13166	-42.230333	-10.879827	-0.137090
13167	-43.843822	-11.503326	-0.160930
13168	-45.315222	-12.052388	-0.174901
13169	-46.544913	-12.508686	-0.181839
13170	-47.694719	-12.816974	-0.196183
13171	-48.780946	-12.829785	-0.086428
13172	-49.588782	-12.962172	-0.070424
13173	-50.280162	-13.040296	-0.361691
13174	-50.614478	-13.514757	-1.205054
13175	-50.499417	-14.365651	-2.318716
13176	-50.093878	-15.115577	-3.451586
13177	-49.412345	-15.430178	-4.399120
13178	-48.494865	-15.308416	-5.158605
13179	-47.369491	-14.831979	-5.793777
13180	-46.066006	-14.073128	-6.329214
13181	-44.568161	-13.166786	-6.751114
13182	-42.932306	-12.226469	-7.146491
13183	-41.111905	-11.309697	-7.600727
13184	-39.115403	-10.477146	-8.156363
13185	-36.928510	-9.775955	-8.816595
13186	-34.622032	-9.092546	-9.518172
13187	-32.190952	-8.291954	-10.171542
13188	-29.623544	-7.360979	-10.711258
13189	-26.916551	-6.307763	-11.109330
13190	-24.142612	-5.168859	-11.402124
13191	-21.335259	-3.965520	-11.649211
13192	-18.504542	-2.732490	-11.856171
13193	-15.605485	-1.508098	-11.962564
13194	-12.618089	-0.308692	-11.873817
13195	-9.570911	0.860636	-11.528848
13196	-6.529133	1.975077	-10.905878
13197	-3.505375	2.996615	-10.001302
13198	-0.555001	3.879071	-8.900574
13199	2.300850	4.564263	-7.803289
13200	5.028676	5.028824	-6.760093
13201	7.629510	5.299595	-5.699259
13202	10.043142	5.447704	-4.570697
13203	12.236209	5.546318	-3.381399
13204	14.178708	5.633046	-2.240882
13205	15.845178	5.756061	-1.339352
13206	17.183060	5.934121	-0.754265
13207	18.126556	6.154322	-0.341520
13208	18.679603	6.353893	-0.035767
13209	18.811703	6.525240	0.156470
13210	18.502645	6.655621	0.275674
13211	17.804397	6.732122	0.284520
13212	16.812275	6.721696	0.264447
13213	15.553251	6.576334	0.400602
13214	14.099631	6.352913	0.862638
13215	12.810278	6.199138	1.228223
13216	12.104902	6.068477	1.360988
13217	11.742448	5.872209	1.840376
13218	11.334676	5.590421	3.048149
13219	10.555188	5.325429	4.229490
13220	9.547625	5.053310	4.796251
13221	8.324346	4.861465	5.048976
13222	6.893913	4.758977	4.974952
13223	5.395496	4.659466	4.954312
13224	3.996704	4.449425	5.314107
13225	2.702265	4.203733	6.016201
13226	1.463629	4.003968	6.578186
13227	0.287991	3.880266	6.964814
13228	-0.749878	3.826551	7.181086
13229	-1.690079	3.853309	7.331224
13230	-2.497298	3.897082	7.399287
13231	-3.210398	3.940135	7.374917
13232	-3.817204	3.946263	7.089066
13233	-4.421037	3.968450	6.753339
13234	-5.010551	4.016333	6.491412
13235	-5.522023	4.041700	6.241607
13236	-5.976251	4.050391	6.098767
13237	-6.380358	4.016201	6.031718
13238	-6.742192	3.944516	5.907423
13239	-7.108410	3.876832	5.832460
13240	-7.463834	3.827493	5.720330
13241	-7.801428	3.760406	5.568250
13242	-8.130836	3.715103	5.412322
13243	-8.462082	3.658899	5.238821
13244	-8.764439	3.571191	5.003066
13245	-9.075391	3.501068	4.840578
13246	-9.347311	3.432510	4.784660
13247	-9.590468	3.378801	4.777846
13248	-9.819750	3.343378	4.785165
13249	-10.054457	3.311618	4.745275
13250	-10.276180	3.292941	4.684480
13251	-10.486857	3.269389	4.634138
13252	-10.687990	3.266610	4.631897
13253	-10.889814	3.275705	4.676853
13254	-11.078761	3.270674	4.725232
13255	-11.267714	3.247657	4.739231
13256	-11.438022	3.218663	4.720115
13257	-11.640653	3.175350	4.647033
13258	-11.889822	3.123242	4.550171
13259	-12.189804	3.055691	4.475385
13260	-12.527674	2.964302	4.425325
13261	-12.919429	2.848786	4.397140
13262	-13.357619	2.681053	4.327814
13263	-13.886382	2.474775	4.239337
13264	-14.499608	2.240256	4.125017
13265	-15.186935	1.966413	3.992415
13266	-15.936105	1.678742	3.839735
13267	-16.780769	1.330131	3.645195
13268	-17.712325	0.954344	3.471268
13269	-18.698881	0.564807	3.367649
13270	-19.738118	0.161360	3.320898
13271	-20.832724	-0.262468	3.299013
13272	-21.979644	-0.716477	3.275469
13273	-23.187881	-1.199712	3.232728
13274	-24.456374	-1.743153	3.127165
13275	-25.780923	-2.310878	2.955320
13276	-27.173261	-2.894772	2.749607
13277	-28.651515	-3.511890	2.504271
13278	-30.216233	-4.158190	2.239688
13279	-31.865765	-4.854344	1.911982
13280	-33.615157	-5.570994	1.530622
13281	-35.377676	-6.357547	1.048779
13282	-37.055232	-7.253462	0.381408
13283	-38.623135	-8.349584	-0.510439
13284	-40.161726	-9.556913	-1.472712
13285	-41.634397	-10.711575	-2.274833
13286	-43.111424	-11.631234	-2.835204
13287	-44.601864	-12.149072	-3.199566
13288	-45.943542	-12.528644	-3.403142
13289	-47.277896	-12.790273	-3.571605
13290	-48.453492	-13.189500	-3.830613
13291	-49.348244	-13.892948	-4.213373
13292	-50.126114	-14.430200	-4.723290
13293	-50.503644	-14.962298	-5.374588
13294	-50.468319	-15.435558	-6.118967
13295	-50.090382	-15.674688	-6.922530
13296	-49.505011	-15.574229	-7.662131
13297	-48.671420	-15.269912	-8.348470
13298	-47.678570	-14.757299	-8.904893
13299	-46.528031	-14.090016	-9.414914
13300	-45.246586	-13.305008	-9.868589
13301	-43.844811	-12.390787	-10.225449
13302	-42.284997	-11.439461	-10.471223
13303	-40.523224	-10.487806	-10.660282
13304	-38.585739	-9.548951	-10.845405
13305	-36.508639	-8.593016	-11.079440
13306	-34.316798	-7.626236	-11.332299
13307	-31.986813	-6.620406	-11.534875
13308	-29.549408	-5.625154	-11.733573
13309	-27.007209	-4.669222	-11.969003
13310	-24.410598	-3.692495	-12.173691
13311	-21.756160	-2.686305	-12.319363
13312	-19.033856	-1.670141	-12.381573
13313	-16.207179	-0.654337	-12.366337
13314	-13.290557	0.349429	-12.227742
13315	-10.304536	1.357577	-11.879901
13316	-7.314107	2.357711	-11.300403
13317	-4.343197	3.306286	-10.554702
13318	-1.424820	4.140937	-9.673350
13319	1.403297	4.844686	-8.672640
13320	4.073514	5.390075	-7.692393
13321	6.565323	5.760843	-6.746153
13322	8.813304	6.017494	-5.798726
13323	10.816785	6.205147	-4.848061
13324	12.587570	6.326396	-3.822866
13325	14.115948	6.408052	-2.838549
13326	15.367550	6.448357	-2.014475
13327	16.282187	6.456042	-1.212901
13328	16.797352	6.480507	-0.437634
13329	16.948082	6.489551	0.176773
13330	16.724473	6.495583	0.691364
13331	16.136286	6.465594	1.169068
13332	15.229967	6.349171	1.589962
13333	14.037370	6.151489	2.084904
13334	12.557525	5.914665	2.818554
13335	11.266116	5.812743	3.038153
13336	10.641422	5.667283	2.454794
13337	10.154501	5.525603	2.841007
13338	9.419384	5.225880	4.332793
13339	8.064047	4.954796	5.715406
13340	6.558995	4.724619	6.464003
13341	5.062720	4.505444	6.814355
13342	3.527426	4.371933	7.044866
13343	2.072005	4.259749	7.404098
13344	0.741074	4.157229	7.607936
13345	-0.475948	4.071794	7.688308
13346	-1.593554	4.092696	7.873471
13347	-2.541225	4.156226	7.946933
13348	-3.322946	4.252845	7.838565
13349	-4.048376	4.352588	7.586281
13350	-4.747473	4.404818	7.244566
13351	-5.452333	4.451346	6.925576
13352	-6.064880	4.493923	6.671269
13353	-6.588670	4.562006	6.448404
13354	-7.004820	4.587527	6.181587
13355	-7.397635	4.542055	5.921045
13356	-7.765070	4.508277	5.772262
13357	-8.077094	4.455967	5.624493
13358	-8.366129	4.415830	5.421253
13359	-8.649266	4.378161	5.187278
13360	-8.906209	4.333574	4.962144
13361	-9.143462	4.299493	4.843448
13362	-9.318196	4.270623	4.781392
13363	-9.490625	4.241521	4.752905
13364	-9.655646	4.228288	4.730546
13365	-9.834667	4.215843	4.646806
13366	-10.020551	4.204967	4.520977
13367	-10.228155	4.193099	4.420943
13368	-10.426038	4.189739	4.405262
13369	-10.617329	4.186904	4.415773
13370	-10.814151	4.205037	4.436797
13371	-11.068923	4.240654	4.483957
13372	-11.337449	4.280984	4.555741
13373	-11.616741	4.323913	4.649374
13374	-11.884506	4.374721	4.748517
13375	-12.181902	4.423149	4.816046
13376	-12.496397	4.439434	4.836291
13377	-12.840979	4.432054	4.847325
13378	-13.209213	4.422539	4.877221
13379	-13.623420	4.388249	4.926024
13380	-14.097930	4.345009	4.990769
13381	-14.645092	4.271686	5.072338
13382	-15.245826	4.174895	5.196052
13383	-15.900521	4.026893	5.295302
13384	-16.607988	3.860442	5.374073
13385	-17.367317	3.666320	5.439515
13386	-18.147426	3.431317	5.441381
13387	-18.964268	3.122284	5.370811
13388	-19.813002	2.764813	5.239092
13389	-20.707498	2.364187	5.103023
13390	-21.645072	1.925606	4.991328
13391	-22.627365	1.444146	4.893186
13392	-23.648183	0.932877	4.783757
13393	-24.740739	0.380500	4.621313
13394	-25.903340	-0.219416	4.402160
13395	-27.119578	-0.879425	4.120664
13396	-28.426348	-1.579126	3.748421
13397	-29.860367	-2.220468	3.411952
13398	-31.377372	-2.910480	3.019460
13399	-32.980213	-3.617417	2.648264
13400	-34.635176	-4.364345	2.255066
13401	-36.369856	-5.188115	1.763590
13402	-38.145192	-5.976577	1.376977
13403	-39.890739	-6.893309	0.923114
13404	-41.555539	-8.022517	0.452827
13405	-43.175511	-9.104721	0.184579
13406	-44.870651	-9.820434	0.190524
13407	-46.432735	-10.301885	0.276907
13408	-47.699889	-10.610069	0.525403
13409	-48.796294	-10.823713	0.845244
13410	-49.864564	-10.670729	1.250304
13411	-50.661495	-10.701668	1.387912
13412	-51.362815	-10.852274	1.095172
13413	-51.710866	-11.466318	0.149121
13414	-51.558989	-12.583292	-1.099672
13415	-51.008332	-13.648133	-2.388615
13416	-50.151646	-14.280987	-3.550930
13417	-49.039020	-14.394409	-4.520848
13418	-47.783946	-14.141689	-5.361257
13419	-46.399479	-13.572873	-6.061679
13420	-44.891710	-12.871172	-6.655265
13421	-43.223503	-12.168729	-7.242446
13422	-41.403821	-11.462671	-7.799677
13423	-39.420645	-10.733007	-8.312261
13424	-37.312656	-9.998976	-8.802157
13425	-35.073238	-9.193507	-9.255357
13426	-32.718616	-8.241054	-9.575509
13427	-30.222757	-7.165592	-9.744237
13428	-27.635530	-6.035706	-9.827208
13429	-24.988601	-4.870040	-9.884074
13430	-22.323226	-3.696073	-9.905642
13431	-19.608920	-2.517512	-9.832360
13432	-16.807433	-1.361839	-9.621538
13433	-13.884043	-0.229456	-9.246564
13434	-10.885424	0.829728	-8.749801
13435	-7.884327	1.755708	-8.253118
13436	-4.948011	2.591083	-7.612566
13437	-2.094007	3.364290	-6.751952
13438	0.635650	4.029153	-5.810275
13439	3.207429	4.535967	-4.855898
13440	5.570705	4.859563	-3.917793
13441	7.643477	5.098283	-3.078007
13442	9.398675	5.256542	-2.368166
13443	10.863425	5.369951	-1.681208
13444	12.044547	5.482472	-0.917481
13445	12.972471	5.588931	-0.162752
13446	13.625631	5.655189	0.429955
13447	13.960918	5.693263	0.895589
13448	13.977783	5.705703	1.193177
13449	13.673312	5.736260	1.421731
13450	13.066580	5.723894	1.660124
13451	12.165125	5.673589	2.019879
13452	11.027084	5.517569	2.325817
13453	9.747652	5.472098	2.816264
13454	8.802976	5.572407	2.678827
13455	8.417387	5.473949	2.276574
13456	8.085865	5.404745	2.945988
13457	7.316733	5.175201	4.406982
13458	6.093197	4.947874	5.419752
13459	4.662125	4.817943	5.824389
13460	3.245969	4.682525	5.851041
13461	1.891201	4.553629	5.754613
13462	0.642372	4.439407	6.008258
13463	-0.477467	4.321031	6.315130
13464	-1.531257	4.256063	6.501872
13465	-2.463731	4.240357	6.671260
13466	-3.269694	4.285254	6.672441
13467	-3.978460	4.361600	6.463956
13468	-4.651930	4.410221	6.051729
13469	-5.316449	4.417760	5.562201
13470	-5.961064	4.455322	5.150230
13471	-6.497064	4.487264	4.885414
13472	-6.925419	4.525298	4.910671
13473	-7.353169	4.547328	5.063326
13474	-7.720026	4.552392	5.177907
13475	-8.053685	4.537807	5.209290
13476	-8.350129	4.505006	5.139655
13477	-8.640468	4.471588	5.009088
13478	-8.910101	4.441045	4.839452
13479	-9.160496	4.400338	4.662292
13480	-9.401521	4.349962	4.560507
13481	-9.647255	4.288597	4.514377
13482	-9.880738	4.241411	4.491487
13483	-10.119660	4.188901	4.474852
13484	-10.359588	4.143247	4.430871
13485	-10.621417	4.101875	4.378164
13486	-10.869840	4.060380	4.349402
13487	-11.119905	4.009430	4.349595
13488	-11.368460	3.959334	4.368630
13489	-11.617680	3.898873	4.397336
13490	-11.872324	3.862886	4.439272
13491	-12.146411	3.833054	4.506683
13492	-12.429867	3.812693	4.608824
13493	-12.733149	3.780414	4.711184
13494	-13.051611	3.749477	4.838437
13495	-13.406190	3.712400	4.974936
13496	-13.773540	3.662372	5.111618
13497	-14.172365	3.593728	5.223003
13498	-14.585392	3.509476	5.298070
13499	-15.037399	3.402508	5.351166
13500	-15.502266	3.273026	5.404324
13501	-16.016521	3.130116	5.447822
13502	-16.569213	2.948674	5.447959
13503	-17.186498	2.719268	5.410000
13504	-17.862310	2.461931	5.347779
13505	-18.608810	2.152407	5.244094
13506	-19.421176	1.795505	5.091919
13507	-20.311483	1.380270	4.886294
13508	-21.254628	0.916550	4.696266
13509	-22.250297	0.434237	4.534968
13510	-23.314313	-0.081099	4.364173
13511	-24.435495	-0.628488	4.190345
13512	-25.631622	-1.213139	3.975649
13513	-26.892443	-1.850091	3.685476
13514	-28.216651	-2.527467	3.338135
13515	-29.636352	-3.245570	2.905402
13516	-31.146595	-3.959153	2.509485
13517	-32.722630	-4.708626	2.046091
13518	-34.359405	-5.502433	1.577622
13519	-36.052384	-6.262472	1.204082
13520	-37.734389	-7.139352	0.798496
13521	-39.377620	-8.086213	0.454124
13522	-40.990305	-9.097086	0.101135
13523	-42.548948	-10.140113	-0.163888
13524	-44.132523	-10.909970	-0.247376
13525	-45.492173	-11.538664	-0.276632
13526	-46.582410	-12.043687	-0.236266
13527	-47.623141	-12.294784	-0.118450
13528	-48.699921	-12.183481	0.130967
13529	-49.481853	-12.209373	0.307679
13530	-50.219853	-12.216517	0.188802
13531	-50.526544	-12.796615	-0.638478
13532	-50.305564	-13.964448	-1.763423
13533	-49.761233	-14.871709	-2.798679
13534	-48.985787	-15.062174	-3.615601
13535	-47.970061	-14.696473	-4.264622
13536	-46.771565	-13.987629	-4.822450
13537	-45.329853	-13.108339	-5.349689
13538	-43.752948	-12.165422	-5.880862
13539	-42.046604	-11.291093	-6.493773
13540	-40.174454	-10.543286	-7.158279
13541	-38.077269	-9.904051	-7.872948
13542	-35.773592	-9.318564	-8.653015
13543	-33.313552	-8.664934	-9.525994
13544	-30.738537	-7.843369	-10.359164
13545	-28.054368	-6.837547	-11.018536
13546	-25.307348	-5.695270	-11.501255
13547	-22.503874	-4.497658	-11.939587
13548	-19.677401	-3.239005	-12.300972
13549	-16.794476	-1.937598	-12.484179
13550	-13.826759	-0.637647	-12.367701
13551	-10.784567	0.671651	-11.852739
13552	-7.741021	1.941818	-10.911926
13553	-4.763503	3.103139	-9.714468
13554	-1.909788	4.057277	-8.401562
13555	0.801059	4.751090	-7.111620
13556	3.326073	5.167677	-6.000061
13557	5.652488	5.338123	-5.052528
13558	7.714279	5.356569	-4.182509
13559	9.434859	5.335131	-3.342707
13560	10.853013	5.287645	-2.395655
13561	11.980161	5.236049	-1.301043
13562	12.818220	5.180795	-0.255047
13563	13.348540	5.114646	0.737481
13564	13.551946	5.025645	1.721246
13565	13.460717	4.895086	2.551868
13566	13.047726	4.767016	3.115219
13567	12.295620	4.675072	3.460843
13568	11.251085	4.564312	3.644298
13569	9.944013	4.566220	4.011410
13570	8.890201	4.775397	3.684420
13571	8.419924	4.795977	2.926176
13572	8.077508	4.873257	3.325949
13573	7.332458	4.716058	4.753036
13574	6.083939	4.468535	5.652536
13575	4.579790	4.314493	5.674952
13576	3.110100	4.169523	5.319595
13577	1.740250	4.043477	5.144876
13578	0.441216	4.009866	5.471836
13579	-0.688446	3.991062	5.659387
13580	-1.663891	3.950247	5.872651
13581	-2.575315	4.024901	6.174727
13582	-3.337933	4.145461	6.266855
13583	-3.968860	4.227633	6.074618
13584	-4.569682	4.311172	5.725553
13585	-5.180959	4.323726	5.285219
13586	-5.745824	4.298625	4.874349
13587	-6.216589	4.340154	4.732547
13588	-6.626238	4.357818	4.846891
13589	-7.027988	4.363043	5.024145
13590	-7.405654	4.326980	5.076324
13591	-7.784904	4.270846	4.971720
13592	-8.135292	4.238785	4.848299
13593	-8.460946	4.187023	4.767912
13594	-8.764857	4.134080	4.722334
13595	-9.044726	4.090383	4.719182
13596	-9.328364	4.035058	4.736662
13597	-9.613396	3.968037	4.705029
13598	-9.884827	3.913435	4.668841
13599	-10.158958	3.865873	4.656118
13600	-10.427987	3.814580	4.640301
13601	-10.714369	3.757941	4.602478
13602	-11.011176	3.722631	4.554029
13603	-11.324775	3.670033	4.492549
13604	-11.638992	3.637048	4.539331
13605	-11.956468	3.593501	4.623189
13606	-12.267405	3.556895	4.731400
13607	-12.575102	3.522063	4.850358
13608	-12.862483	3.500541	4.993099
13609	-13.169169	3.482774	5.147922
13610	-13.474067	3.463756	5.316379
13611	-13.800964	3.445809	5.502531
13612	-14.126700	3.406906	5.676530
13613	-14.482539	3.353150	5.832635
13614	-14.866878	3.280223	5.964580
13615	-15.302641	3.191019	6.089466
13616	-15.750598	3.069244	6.184900
13617	-16.251923	2.924328	6.246003
13618	-16.825500	2.752275	6.263032
13619	-17.487035	2.537459	6.299941
13620	-18.222367	2.307355	6.382287
13621	-19.028970	2.054130	6.473521
13622	-19.891131	1.757878	6.511840
13623	-20.830563	1.406356	6.480726
13624	-21.826104	1.002405	6.401604
13625	-22.877435	0.550008	6.288051
13626	-23.968016	0.049584	6.113588
13627	-25.117000	-0.477684	5.923469
13628	-26.330148	-1.028137	5.725739
13629	-27.604343	-1.628068	5.486796
13630	-28.924010	-2.256105	5.217473
13631	-30.302534	-2.959113	4.839029
13632	-31.797229	-3.661698	4.453294
13633	-33.376850	-4.375411	4.080624
13634	-35.034283	-5.113891	3.689473
13635	-36.745849	-5.884936	3.304485
13636	-38.498551	-6.701746	2.969305
13637	-40.208773	-7.602128	2.623299
13638	-41.888157	-8.558000	2.325319
13639	-43.500052	-9.550014	2.156379
13640	-45.124916	-10.318712	2.168364
13641	-46.611447	-10.900679	2.219578
13642	-47.924136	-11.294625	2.352140
13643	-49.120569	-11.479015	2.584914
13644	-50.229666	-11.465233	2.845421
13645	-51.206215	-11.397499	3.026877
13646	-52.095142	-11.242004	2.894059
13647	-52.397252	-11.801874	2.057974
13648	-52.152532	-12.866589	0.859162
13649	-51.583644	-13.699230	-0.376225
13650	-50.773784	-14.008056	-1.451147
13651	-49.703860	-13.913029	-2.362530
13652	-48.473892	-13.463892	-3.141183
13653	-47.020300	-12.865761	-3.868148
13654	-45.373180	-12.252473	-4.576428
13655	-43.563513	-11.616248	-5.311352
13656	-41.572651	-10.972348	-6.053978
13657	-39.371887	-10.357670	-6.816793
13658	-37.024879	-9.735299	-7.576455
13659	-34.564709	-9.012016	-8.332691
13660	-32.026879	-8.150021	-9.033658
13661	-29.397525	-7.098183	-9.565336
13662	-26.693315	-5.867893	-9.851759
13663	-23.918146	-4.573900	-10.035123
13664	-21.111423	-3.296111	-10.180922
13665	-18.256144	-2.021551	-10.196480
13666	-15.322181	-0.779895	-10.030510
13667	-12.302729	0.433869	-9.685181
13668	-9.277555	1.607504	-9.186206
13669	-6.282409	2.704727	-8.574120
13670	-3.364054	3.667191	-7.926430
13671	-0.535588	4.474805	-7.273203
13672	2.124462	5.142947	-6.620668
13673	4.562800	5.643482	-6.105857
13674	6.750421	5.986282	-5.652972
13675	8.645268	6.201546	-5.192548
13676	10.255557	6.319121	-4.645545
13677	11.564086	6.400833	-3.857107
13678	12.580095	6.432067	-2.887396
13679	13.307208	6.348696	-1.873037
13680	13.721353	6.146700	-0.829648
13681	13.816560	5.850715	0.316372
13682	13.615845	5.489143	1.456281
13683	13.087053	5.120783	2.499481
13684	12.226338	4.850600	3.358781
13685	11.115867	4.618484	3.878796
13686	9.874979	4.738438	4.121460
13687	9.065025	4.950303	3.123163
13688	8.607549	5.019602	2.088436
13689	8.059585	5.057624	2.215521
13690	6.946853	4.825685	3.392373
13691	5.438647	4.569085	4.352485
13692	3.877320	4.350870	4.845726
13693	2.374044	4.103683	4.964290
13694	0.902285	3.875031	5.225650
13695	-0.427988	3.671479	5.777876
13696	-1.679325	3.561862	6.141606
13697	-2.770457	3.484610	6.280613
13698	-3.732589	3.525777	6.426149
13699	-4.570654	3.655979	6.479503
13700	-5.292535	3.772004	6.290347
13701	-5.990286	3.829354	5.973006
13702	-6.712958	3.847447	5.551972
13703	-7.462386	3.820810	5.121913
13704	-8.132905	3.837196	4.755703
13705	-8.735253	3.836829	4.546432
13706	-9.270813	3.783739	4.550607
13707	-9.715820	3.645482	4.436167
13708	-10.102024	3.499113	4.354573
13709	-10.459942	3.382476	4.211830
13710	-10.785784	3.270225	3.990026
13711	-11.094935	3.179295	3.839911
13712	-11.346174	3.080660	3.771774
13713	-11.580549	2.992555	3.780295
13714	-11.751931	2.896871	3.827914
13715	-11.914248	2.753225	3.784866
13716	-12.072572	2.613079	3.696902
13717	-12.231026	2.474759	3.578769
13718	-12.384514	2.351291	3.473290
13719	-12.526359	2.215246	3.462157
13720	-12.661645	2.098895	3.483129
13721	-12.794875	1.988410	3.497114
13722	-12.955681	1.915212	3.504825
13723	-13.153611	1.863432	3.529919
13724	-13.357428	1.831938	3.603158
13725	-13.564031	1.797955	3.704843
13726	-13.777150	1.760680	3.777092
13727	-14.013642	1.710083	3.806171
13728	-14.250444	1.655945	3.808458
13729	-14.501565	1.588084	3.797390
13730	-14.773772	1.502353	3.759407
13731	-15.097990	1.378802	3.695520
13732	-15.463510	1.241651	3.673661
13733	-15.877241	1.084094	3.699219
13734	-16.339317	0.899581	3.745465
13735	-16.889745	0.682320	3.759212
13736	-17.523243	0.438149	3.719330
13737	-18.230349	0.160446	3.673171
13738	-18.981274	-0.154732	3.612764
13739	-19.796534	-0.506479	3.535884
13740	-20.676643	-0.875911	3.470944
13741	-21.618004	-1.267663	3.447674
13742	-22.607686	-1.687938	3.431737
13743	-23.651031	-2.126691	3.416515
13744	-24.749044	-2.593688	3.367752
13745	-25.927592	-3.081198	3.289368
13746	-27.154459	-3.604301	3.172687
13747	-28.471641	-4.187947	2.975492
13748	-29.890810	-4.770603	2.765366
13749	-31.396511	-5.380419	2.523609
13750	-32.960966	-6.017775	2.206966
13751	-34.560728	-6.706293	1.752947
13752	-36.178922	-7.447829	1.200888
13753	-37.763370	-8.292780	0.539507
13754	-39.305035	-9.265094	-0.217631
13755	-40.785741	-10.308656	-0.961436
13756	-42.232687	-11.324911	-1.548994
13757	-43.693713	-12.190340	-1.991643
13758	-45.145705	-12.815836	-2.284146
13759	-46.423557	-13.249529	-2.429059
13760	-47.597983	-13.578180	-2.609941
13761	-48.657194	-13.833898	-2.791879
13762	-49.398110	-14.374465	-3.161962
13763	-49.958084	-14.936322	-3.775048
13764	-50.184242	-15.537311	-4.707455
13765	-49.897425	-16.273031	-5.733238
13766	-49.259935	-16.782744	-6.774056
13767	-48.379695	-16.860934	-7.670520
13768	-47.412152	-16.406449	-8.331324
13769	-46.333218	-15.632299	-8.819718
13770	-45.150925	-14.748572	-9.212836
13771	-43.840776	-13.806253	-9.578838
13772	-42.402714	-12.846144	-9.945564
13773	-40.804060	-11.919642	-10.321737
13774	-39.018674	-11.066412	-10.693643
13775	-37.078603	-10.164972	-11.035631
13776	-35.016050	-9.214653	-11.364821
13777	-32.798113	-8.231572	-11.674688
13778	-30.457439	-7.219192	-11.944455
13779	-28.014680	-6.171228	-12.197063
13780	-25.517525	-5.094747	-12.424795
13781	-22.987625	-3.977727	-12.595773
13782	-20.439647	-2.848807	-12.683697
13783	-17.823143	-1.731517	-12.665581
13784	-15.126650	-0.637484	-12.468805
13785	-12.341737	0.420653	-12.085728
13786	-9.546616	1.427605	-11.542273
13787	-6.785176	2.363768	-10.854413
13788	-4.078451	3.209601	-9.999925
13789	-1.432629	3.944268	-9.014051
13790	1.114519	4.545485	-7.919359
13791	3.527365	4.979940	-6.771523
13792	5.783753	5.238305	-5.608185
13793	7.854751	5.368915	-4.465817
13794	9.691614	5.409001	-3.361661
13795	11.266136	5.427351	-2.279316
13796	12.570038	5.448260	-1.286975
13797	13.609110	5.477542	-0.469256
13798	14.343640	5.511295	0.205899
13799	14.727922	5.538251	0.793149
13800	14.791722	5.561946	1.248232
13801	14.559146	5.587863	1.593869
13802	14.058333	5.599946	1.929955
13803	13.288518	5.510374	2.267017
13804	12.244497	5.353335	2.661275
13805	11.020192	5.147963	3.241196
13806	9.987331	5.151109	3.532073
13807	9.537150	5.083626	3.301877
13808	9.287257	4.987257	3.918266
13809	8.731881	4.740316	5.246305
13810	7.558823	4.544227	6.216688
13811	6.062876	4.459254	6.242270
13812	4.582968	4.341144	6.029508
13813	3.188066	4.197701	5.869668
13814	1.878092	4.041918	6.210996
13815	0.618749	3.878373	6.786659
13816	-0.551525	3.744943	7.192349
13817	-1.553057	3.674748	7.341554
13818	-2.511810	3.755348	7.356266
13819	-3.423374	3.837251	7.265798
13820	-4.157255	3.775900	7.094535
13821	-4.805526	3.703805	6.647865
13822	-5.442194	3.665545	6.186556
13823	-6.014022	3.685276	5.891651
13824	-6.472659	3.597079	5.656121
13825	-6.954900	3.477405	5.621366
13826	-7.388186	3.366388	5.611740
13827	-7.799017	3.281409	5.562537
13828	-8.191657	3.188648	5.495650
13829	-8.581830	3.085125	5.465479
13830	-8.914258	2.971962	5.443241
13831	-9.218712	2.877539	5.481143
13832	-9.499857	2.762378	5.475088
13833	-9.780793	2.649733	5.450458
13834	-10.036693	2.561069	5.484816
13835	-10.267927	2.465973	5.530337
13836	-10.491298	2.369783	5.538290
13837	-10.740068	2.291985	5.527610
13838	-10.994705	2.226248	5.534103
13839	-11.255509	2.162356	5.597238
13840	-11.507032	2.115473	5.691699
13841	-11.771274	2.068129	5.810279
13842	-12.029485	2.016044	5.927981
13843	-12.298762	1.973668	6.036711
13844	-12.571790	1.940424	6.107608
13845	-12.869875	1.890308	6.158211
13846	-13.168983	1.819143	6.201184
13847	-13.510575	1.758368	6.217448
13848	-13.886983	1.693730	6.233612
13849	-14.307280	1.589142	6.218800
13850	-14.767202	1.473991	6.184610
13851	-15.286845	1.346937	6.155577
13852	-15.861071	1.188169	6.110226
13853	-16.510253	1.003130	6.042146
13854	-17.200827	0.795363	5.983418
13855	-17.964357	0.545827	5.912490
13856	-18.781991	0.277615	5.830583
13857	-19.661317	-0.020229	5.738637
13858	-20.596764	-0.352148	5.599006
13859	-21.596913	-0.700876	5.429078
13860	-22.637719	-1.074141	5.278499
13861	-23.741794	-1.485385	5.138673
13862	-24.905503	-1.928729	5.007835
13863	-26.120687	-2.391703	4.878398
13864	-27.395590	-2.886803	4.709842
13865	-28.742515	-3.399945	4.471266
13866	-30.164207	-3.962317	4.148843
13867	-31.681004	-4.592310	3.698512
13868	-33.237830	-5.303759	3.142178
13869	-34.807175	-6.066457	2.470975
13870	-36.360417	-6.824934	1.765246
13871	-37.885356	-7.681464	1.015408
13872	-39.396477	-8.613633	0.245890
13873	-40.810775	-9.586930	-0.421370
13874	-42.184169	-10.512094	-0.928798
13875	-43.513326	-11.372269	-1.321435
13876	-44.768828	-12.150469	-1.641515
13877	-45.856300	-12.848488	-1.992896
13878	-46.831159	-13.340483	-2.281408
13879	-47.819651	-13.433284	-2.388856
13880	-48.548741	-13.766660	-2.517808
13881	-49.226761	-13.940638	-2.745487
13882	-49.435279	-14.553213	-3.570818
13883	-49.151192	-15.556715	-4.712561
13884	-48.647896	-16.326687	-5.780487
13885	-47.928397	-16.537521	-6.639370
13886	-47.026185	-16.214875	-7.187963
13887	-45.981815	-15.520986	-7.531273
13888	-44.740404	-14.686683	-7.857275
13889	-43.304060	-13.844655	-8.227348
13890	-41.732511	-13.066198	-8.690096
13891	-39.987127	-12.333400	-9.205780
13892	-38.081517	-11.560293	-9.688824
13893	-35.998926	-10.745421	-10.135186
13894	-33.782454	-9.891927	-10.602456
13895	-31.425460	-8.983648	-11.077165
13896	-28.967685	-8.015547	-11.515852
13897	-26.430085	-7.007496	-11.924301
13898	-23.849712	-5.976804	-12.316483
13899	-21.246391	-4.900526	-12.659672
13900	-18.627462	-3.777547	-12.885814
13901	-15.937408	-2.619578	-12.925345
13902	-13.163966	-1.443965	-12.710652
13903	-10.312112	-0.264442	-12.205815
13904	-7.439628	0.882726	-11.445707
13905	-4.577949	1.954154	-10.483718
13906	-1.765814	2.915632	-9.382726
13907	0.978830	3.724434	-8.250453
13908	3.600078	4.364878	-7.162851
13909	6.072595	4.818164	-6.157586
13910	8.373645	5.115027	-5.181735
13911	10.492642	5.302532	-4.210297
13912	12.387641	5.432065	-3.151597
13913	14.053930	5.529466	-2.115656
13914	15.464812	5.621574	-1.337044
13915	16.565615	5.763416	-0.739531
13916	17.328034	5.961221	-0.260684
13917	17.763977	6.127872	0.144881
13918	17.806736	6.293742	0.480619
13919	17.471004	6.461558	0.592342
13920	16.819724	6.556320	0.553740
13921	15.874380	6.564050	0.494644
13922	14.660231	6.449684	0.663667
13923	13.282275	6.190911	1.178917
13924	12.129353	6.023518	1.707972
13925	11.521975	5.760527	1.956491
13926	11.177925	5.441652	2.996628
13927	10.524145	5.078307	4.552502
13928	9.404529	4.877307	5.378852
13929	8.008326	4.743716	5.414384
13930	6.535710	4.639113	5.206916
13931	5.014717	4.568265	5.044016
13932	3.572738	4.478298	5.125532
13933	2.257708	4.335948	5.421848
13934	1.084552	4.208426	5.731819
13935	-0.045644	4.151516	5.927484
13936	-1.059904	4.134770	5.889861
13937	-2.047032	4.218469	5.704196
13938	-2.964451	4.290044	5.475172
13939	-3.754684	4.251846	5.249015
13940	-4.455561	4.231578	5.002200
13941	-5.074257	4.236219	4.725249
13942	-5.636478	4.205885	4.389148
13943	-6.181740	4.130834	4.129189
13944	-6.712530	4.044819	3.933430
13945	-7.203073	3.960526	3.782680
13946	-7.679840	3.862635	3.679952
13947	-8.150801	3.748958	3.647398
13948	-8.578497	3.650944	3.649146
13949	-8.995667	3.586483	3.726064
13950	-9.395191	3.505360	3.761475
13951	-9.792716	3.411778	3.717754
13952	-10.166606	3.320673	3.638452
13953	-10.512235	3.204328	3.550530
13954	-10.847967	3.102333	3.484340
13955	-11.166970	2.982134	3.469538
13956	-11.473926	2.883507	3.524595
13957	-11.771434	2.784608	3.621842
13958	-12.064432	2.691630	3.708402
13959	-12.361656	2.595246	3.774919
13960	-12.650620	2.524075	3.834132
13961	-12.953982	2.455323	3.882760
13962	-13.239389	2.383935	3.935326
13963	-13.509976	2.320140	3.991222
13964	-13.771179	2.254443	4.017589
13965	-14.063774	2.159783	4.002103
13966	-14.360149	2.060889	3.994551
13967	-14.671689	1.954408	4.003248
13968	-14.995204	1.836259	3.992050
13969	-15.361411	1.700501	3.934888
13970	-15.759521	1.558710	3.866744
13971	-16.211558	1.404381	3.805408
13972	-16.698048	1.240032	3.771345
13973	-17.244471	1.032760	3.719572
13974	-17.881951	0.827659	3.703140
13975	-18.620769	0.610408	3.742773
13976	-19.407290	0.336283	3.734993
13977	-20.261286	0.028006	3.702252
13978	-21.170164	-0.269915	3.743843
13979	-22.153337	-0.615339	3.771339
13980	-23.207995	-0.971746	3.760224
13981	-24.315396	-1.350129	3.718708
13982	-25.471752	-1.746213	3.629308
13983	-26.677129	-2.197768	3.455728
13984	-27.926483	-2.717608	3.194758
13985	-29.226777	-3.272342	2.840943
13986	-30.559662	-3.875330	2.444260
13987	-31.980822	-4.533632	1.929625
13988	-33.415993	-5.248473	1.381064
13989	-34.832276	-6.062553	0.677660
13990	-36.264400	-6.930208	-0.138595
13991	-37.733249	-7.861487	-0.940664
13992	-39.259547	-8.784798	-1.633176
13993	-40.792682	-9.649907	-2.112279
13994	-42.337710	-10.390232	-2.392078
13995	-43.867542	-11.014479	-2.501060
13996	-45.355776	-11.473132	-2.474498
13997	-46.626020	-11.817705	-2.358379
13998	-47.783995	-12.046839	-2.260198
13999	-48.848103	-12.124365	-2.144828
14000	-49.589702	-12.416442	-2.166041
14001	-50.200908	-12.705563	-2.501225
14002	-50.458158	-13.363590	-3.466106
14003	-50.214637	-14.425438	-4.725683
14004	-49.694911	-15.374727	-6.044945
14005	-48.922703	-15.891726	-7.213213
14006	-47.888655	-16.014372	-8.191277
14007	-46.639756	-15.790744	-9.010986
14008	-45.236453	-15.242226	-9.689849
14009	-43.670546	-14.503821	-10.228147
14010	-41.973352	-13.704537	-10.675069
14011	-40.106907	-12.875768	-11.108533
14012	-38.087257	-11.996385	-11.560612
14013	-35.901530	-11.078887	-12.032672
14014	-33.597140	-10.083967	-12.460621
14015	-31.172968	-8.939864	-12.748014
14016	-28.634800	-7.629468	-12.789352
14017	-25.980151	-6.253873	-12.669722
14018	-23.263833	-4.910215	-12.549472
14019	-20.509234	-3.613454	-12.491041
14020	-17.707917	-2.396942	-12.451367
14021	-14.796304	-1.268956	-12.412810
14022	-11.790354	-0.162146	-12.254945
14023	-8.739626	0.953858	-11.894755
14024	-5.711253	2.022812	-11.313751
14025	-2.717259	3.007440	-10.498207
14026	0.210740	3.864014	-9.543541
14027	3.050017	4.539462	-8.589412
14028	5.749549	5.066602	-7.549589
14029	8.300952	5.468897	-6.478128
14030	10.694516	5.779337	-5.385621
14031	12.900392	6.053062	-4.198012
14032	14.870916	6.274421	-3.090069
14033	16.607402	6.439017	-2.133950
14034	18.066796	6.578741	-1.304527
14035	19.176699	6.804227	-0.769573
14036	19.923391	7.062930	-0.416109
14037	20.213031	7.335626	-0.208088
14038	20.075137	7.547891	-0.183378
14039	19.581293	7.652451	-0.244141
14040	18.752557	7.658209	-0.279505
14041	17.627206	7.525269	-0.124241
14042	16.287443	7.245398	0.336728
14043	14.887820	6.882315	1.091781
14044	13.735225	6.713442	1.752638
14045	13.088129	6.485903	1.999550
14046	12.642968	6.151246	3.032110
14047	11.889669	5.833007	4.270299
14048	10.717308	5.587109	4.854397
14049	9.272525	5.434152	4.965915
14050	7.632335	5.369834	4.761074
14051	5.923075	5.281670	4.684200
14052	4.357825	5.040606	5.179183
14053	2.951811	4.779332	6.218557
14054	1.662855	4.576223	7.091609
14055	0.500763	4.420590	7.487335
14056	-0.565039	4.375055	7.471005
14057	-1.590972	4.442111	7.228633
14058	-2.461644	4.450560	6.613170
14059	-3.247005	4.437396	5.830094
14060	-3.972717	4.447517	5.166769
14061	-4.620864	4.429807	4.701661
14062	-5.160360	4.430067	4.642064
14063	-5.641965	4.384261	4.846615
14064	-6.062231	4.317283	5.162958
14065	-6.444228	4.260374	5.303649
14066	-6.835042	4.226781	5.254287
14067	-7.234961	4.181289	5.084434
14068	-7.599462	4.126228	4.948658
14069	-7.920282	4.052529	4.884453
14070	-8.189787	3.970433	4.903590
14071	-8.426936	3.900394	4.959761
14072	-8.641418	3.851703	4.996395
14073	-8.856218	3.793915	4.993471
14074	-9.039779	3.731247	4.960318
14075	-9.227805	3.683528	4.910330
14076	-9.415855	3.654187	4.888962
14077	-9.611462	3.621403	4.892575
14078	-9.796182	3.588827	4.873029
14079	-10.002442	3.567314	4.820921
14080	-10.220770	3.555683	4.775290
14081	-10.449629	3.549241	4.795826
14082	-10.660890	3.542164	4.851593
14083	-10.872115	3.519123	4.880916
14084	-11.065485	3.486151	4.854823
14085	-11.292726	3.449627	4.790340
14086	-11.550150	3.404501	4.695207
14087	-11.852248	3.344140	4.609221
14088	-12.180353	3.274675	4.557289
14089	-12.562522	3.180102	4.525433
14090	-12.997643	3.074739	4.506439
14091	-13.514620	2.937026	4.478962
14092	-14.103385	2.755482	4.431806
14093	-14.753229	2.552059	4.402559
14094	-15.457538	2.358094	4.406725
14095	-16.254948	2.169927	4.419980
14096	-17.131825	1.984226	4.449225
14097	-18.055279	1.785680	4.497865
14098	-19.003255	1.583640	4.566922
14099	-19.988671	1.363075	4.648636
14100	-21.012808	1.117140	4.715940
14101	-22.076433	0.842997	4.761137
14102	-23.154203	0.520506	4.769427
14103	-24.248007	0.132922	4.674050
14104	-25.379212	-0.312863	4.492194
14105	-26.553920	-0.802159	4.266795
14106	-27.791659	-1.327996	4.004432
14107	-29.096337	-1.907617	3.676923
14108	-30.481848	-2.535495	3.332311
14109	-31.959033	-3.176856	2.969577
14110	-33.538338	-3.858220	2.540634
14111	-35.202102	-4.551209	2.097251
14112	-36.903410	-5.249658	1.615740
14113	-38.560272	-6.002691	1.083671
14114	-40.115695	-6.889563	0.473283
14115	-41.535529	-7.957199	-0.139913
14116	-42.887909	-9.089164	-0.691865
14117	-44.233508	-10.081018	-1.152086
14118	-45.564461	-10.701547	-1.415225
14119	-46.748665	-11.107632	-1.468944
14120	-47.824942	-11.430883	-1.352186
14121	-48.882014	-11.416590	-1.120863
14122	-49.710110	-11.635667	-1.201136
14123	-50.302750	-12.015609	-1.640911
14124	-50.536490	-12.702234	-2.531602
14125	-50.278662	-13.706078	-3.705181
14126	-49.658081	-14.609279	-4.955856
14127	-48.789037	-15.136920	-6.129502
14128	-47.780154	-15.195007	-7.124547
14129	-46.602763	-14.878006	-7.945311
14130	-45.312048	-14.319323	-8.556440
14131	-43.874231	-13.720402	-9.111061
14132	-42.292492	-13.106931	-9.637651
14133	-40.588992	-12.383663	-10.071047
14134	-38.758951	-11.571479	-10.390342
14135	-36.760642	-10.698096	-10.616343
14136	-34.628636	-9.739744	-10.790328
14137	-32.352886	-8.686163	-10.915888
14138	-29.938190	-7.596234	-10.977133
14139	-27.392901	-6.495125	-11.000023
14140	-24.777854	-5.422358	-11.041257
14141	-22.101653	-4.387406	-11.134025
14142	-19.371783	-3.380136	-11.243812
14143	-16.548151	-2.387904	-11.337239
14144	-13.626962	-1.422137	-11.396209
14145	-10.637197	-0.427853	-11.343887
14146	-7.653729	0.600833	-11.109668
14147	-4.694775	1.620501	-10.682171
14148	-1.794035	2.590645	-10.033218
14149	1.024917	3.474637	-9.201038
14150	3.746206	4.198557	-8.256852
14151	6.313933	4.746980	-7.234240
14152	8.695187	5.127422	-6.257797
14153	10.887375	5.385521	-5.282724
14154	12.892762	5.575139	-4.208341
14155	14.730530	5.700748	-3.245696
14156	16.314484	5.803113	-2.470136
14157	17.522590	5.945479	-1.742459
14158	18.297811	6.140433	-1.106167
14159	18.655933	6.346919	-0.620517
14160	18.647575	6.484277	-0.276739
14161	18.248380	6.513471	0.062127
14162	17.499399	6.446225	0.383369
14163	16.402133	6.257421	0.736193
14164	14.995800	6.024822	1.249380
14165	13.534821	5.799392	1.817036
14166	12.622630	5.710085	1.840930
14167	12.259006	5.503777	1.657657
14168	11.860896	5.307036	2.462498
14169	11.119853	5.021103	3.488344
14170	9.989328	4.822335	3.896315
14171	8.735832	4.610760	4.105159
14172	7.413350	4.382095	4.210398
14173	5.926791	4.221281	4.368879
14174	4.476650	4.019620	5.063657
14175	3.167774	3.753683	6.123747
14176	1.985667	3.542194	6.943298
14177	0.892260	3.384681	7.161923
14178	-0.138050	3.305439	7.025760
14179	-1.084748	3.272612	6.774921
14180	-1.905994	3.262131	6.606511
14181	-2.635552	3.253202	6.416034
14182	-3.273140	3.231348	6.361811
14183	-3.906044	3.248029	6.323077
14184	-4.516623	3.273464	6.333415
14185	-5.112263	3.315972	6.533405
14186	-5.671494	3.331050	6.819313
14187	-6.194554	3.289123	7.140297
14188	-6.676710	3.220313	7.452508
14189	-7.168810	3.142405	7.651382
14190	-7.648448	3.082254	7.805935
14191	-8.098553	3.017160	7.939009
14192	-8.522223	2.949578	8.072076
14193	-8.939606	2.878731	8.157176
14194	-9.341843	2.825064	8.209928
14195	-9.737630	2.771944	8.256598
14196	-10.094077	2.716352	8.298635
14197	-10.453899	2.679253	8.353020
14198	-10.789129	2.661496	8.404901
14199	-11.113094	2.639391	8.443311
14200	-11.407787	2.589602	8.446464
14201	-11.678968	2.529795	8.403781
14202	-11.916223	2.466369	8.353193
14203	-12.157594	2.395368	8.301686
14204	-12.389963	2.317812	8.231215
14205	-12.608413	2.215233	8.124787
14206	-12.836978	2.123739	7.972339
14207	-13.102766	2.033331	7.797212
14208	-13.398537	1.919813	7.603033
14209	-13.741862	1.781982	7.395841
14210	-14.123757	1.630911	7.173934
14211	-14.562700	1.456012	6.960265
14212	-15.077787	1.268766	6.772237
14213	-15.648727	1.085767	6.633301
14214	-16.274314	0.881269	6.494923
14215	-16.980660	0.629355	6.312108
14216	-17.765548	0.343735	6.082815
14217	-18.631804	0.052860	5.869878
14218	-19.575836	-0.282425	5.671600
14219	-20.576391	-0.644411	5.544869
14220	-21.640818	-1.009583	5.451607
14221	-22.812169	-1.357678	5.393848
14222	-24.066510	-1.735002	5.297821
14223	-25.406742	-2.130235	5.171855
14224	-26.785309	-2.518755	5.042691
14225	-28.241419	-2.912473	4.881564
14226	-29.792412	-3.280400	4.723650
14227	-31.420752	-3.686264	4.489611
14228	-33.131209	-4.073952	4.169884
14229	-34.879797	-4.528417	3.666376
14230	-36.655073	-5.048425	3.030790
14231	-38.402005	-5.615342	2.347901
14232	-40.066076	-6.335280	1.450068
14233	-41.546089	-7.281899	0.457381
14234	-42.925236	-8.342774	-0.413308
14235	-44.349824	-9.250889	-1.143812
14236	-45.820415	-9.902159	-1.674366
14237	-47.177830	-10.545632	-2.201366
14238	-48.338266	-11.170796	-2.755540
14239	-49.138366	-12.045468	-3.474445
14240	-49.571817	-13.055525	-4.491324
14241	-49.531425	-14.061474	-5.734167
14242	-49.170988	-14.873658	-7.018515
14243	-48.593961	-15.377309	-8.229176
14244	-47.865108	-15.661733	-9.309253
14245	-46.939568	-15.729394	-10.277655
14246	-45.903000	-15.501052	-11.003516
14247	-44.805931	-14.907291	-11.480386
14248	-43.601426	-14.022684	-11.706828
14249	-42.241512	-12.936487	-11.723534
14250	-40.720175	-11.791948	-11.636647
14251	-38.994108	-10.669816	-11.582167
14252	-37.080920	-9.638713	-11.645929
14253	-34.993519	-8.731751	-11.875312
14254	-32.819966	-7.908414	-12.231713
14255	-30.585264	-7.080983	-12.635029
14256	-28.293979	-6.208152	-12.993867
14257	-25.921602	-5.341288	-13.329388
14258	-23.502688	-4.508320	-13.663397
14259	-21.052531	-3.654354	-13.931159
14260	-18.561729	-2.766386	-14.051452
14261	-16.001174	-1.845001	-13.986088
14262	-13.394216	-0.910366	-13.711806
14263	-10.760356	0.026195	-13.208311
14264	-8.127462	0.952599	-12.447513
14265	-5.505180	1.836314	-11.513094
14266	-2.894220	2.611262	-10.508806
14267	-0.307245	3.248438	-9.521279
14268	2.225331	3.754625	-8.570794
14269	4.700707	4.132895	-7.652093
14270	7.094292	4.422233	-6.778481
14271	9.379459	4.670067	-5.934048
14272	11.499092	4.878521	-5.097170
14273	13.339597	5.071137	-4.191044
14274	14.814695	5.300009	-3.368352
14275	16.001399	5.549463	-2.722000
14276	16.938744	5.799387	-2.268240
14277	17.634962	6.003967	-1.831347
14278	18.048710	6.138206	-1.401544
14279	18.083596	6.237855	-1.043687
14280	17.721021	6.362573	-0.820876
14281	17.051312	6.418256	-0.767331
14282	16.132734	6.309690	-0.496433
14283	14.937086	6.003130	0.091520
14284	13.438445	5.579496	1.119180
14285	11.972060	5.271576	2.043594
14286	11.138982	5.012027	2.365965
14287	10.604823	4.748922	3.183965
14288	9.802207	4.510757	4.663727
14289	8.400992	4.307098	5.521063
14290	6.627662	4.149203	5.489437
14291	4.875546	3.960519	5.476953
14292	3.239488	3.775907	5.680146
14293	1.682778	3.651783	6.113297
14294	0.229869	3.573348	6.463808
14295	-1.122432	3.473821	6.526371
14296	-2.371308	3.496571	6.494729
14297	-3.436718	3.523471	5.988319
14298	-4.396255	3.524097	5.299373
14299	-5.286417	3.534123	4.769299
14300	-6.068054	3.492695	4.313824
14301	-6.766338	3.519894	4.220215
14302	-7.324911	3.526496	4.349805
14303	-7.787127	3.489130	4.613264
14304	-8.192724	3.421692	4.691869
14305	-8.596742	3.345072	4.572372
14306	-8.984028	3.258130	4.402919
14307	-9.345209	3.140826	4.323776
14308	-9.647284	3.004131	4.389826
14309	-9.903363	2.871747	4.551189
14310	-10.100684	2.751744	4.689345
14311	-10.320070	2.628521	4.726999
14312	-10.545722	2.519956	4.733209
14313	-10.765586	2.432855	4.780421
14314	-10.957800	2.359984	4.858663
14315	-11.160221	2.305486	4.962585
14316	-11.347786	2.267955	5.029380
14317	-11.543439	2.217528	5.046142
14318	-11.731754	2.172779	5.028026
14319	-11.936527	2.128698	5.022339
14320	-12.123545	2.066913	5.062453
14321	-12.314838	2.015708	5.144606
14322	-12.487916	1.978522	5.254472
14323	-12.667436	1.936544	5.338458
14324	-12.855152	1.878996	5.344343
14325	-13.084269	1.840139	5.319456
14326	-13.315238	1.793222	5.284358
14327	-13.569899	1.729326	5.241891
14328	-13.855716	1.670776	5.184949
14329	-14.212185	1.615869	5.128176
14330	-14.628812	1.541816	5.086346
14331	-15.102047	1.443043	5.086158
14332	-15.620348	1.319094	5.117377
14333	-16.202784	1.168452	5.143642
14334	-16.857378	0.989975	5.150989
14335	-17.587583	0.788295	5.150078
14336	-18.356098	0.559270	5.128443
14337	-19.192256	0.304702	5.048045
14338	-20.086937	0.038610	4.931691
14339	-21.041975	-0.252333	4.836322
14340	-22.052743	-0.576586	4.762194
14341	-23.129629	-0.923491	4.689366
14342	-24.256432	-1.283572	4.609654
14343	-25.471824	-1.657701	4.499542
14344	-26.766977	-2.063272	4.337640
14345	-28.132615	-2.518064	4.103097
14346	-29.571105	-2.966156	3.836873
14347	-31.098329	-3.440195	3.557431
14348	-32.683302	-3.927962	3.250856
14349	-34.300029	-4.432856	2.908612
14350	-35.968232	-4.971369	2.441448
14351	-37.625549	-5.589555	1.913045
14352	-39.210684	-6.326837	1.299059
14353	-40.688671	-7.223889	0.570956
14354	-42.092325	-8.260682	-0.180331
14355	-43.449605	-9.323081	-0.862712
14356	-44.757094	-10.270041	-1.418531
14357	-45.918062	-11.098937	-1.945949
14358	-46.868897	-11.817408	-2.350228
14359	-47.738033	-12.249755	-2.521689
14360	-48.605989	-12.367663	-2.480118
14361	-49.234739	-12.703339	-2.589929
14362	-49.801989	-12.932067	-2.952190
14363	-49.862692	-13.602067	-3.824392
14364	-49.376268	-14.628865	-4.909498
14365	-48.640903	-15.376156	-5.991417
14366	-47.768545	-15.572683	-6.900847
14367	-46.796902	-15.282964	-7.542954
14368	-45.733992	-14.654758	-7.987470
14369	-44.453863	-13.945235	-8.321145
14370	-43.032516	-13.202629	-8.618913
14371	-41.472950	-12.442458	-8.945764
14372	-39.779213	-11.671281	-9.240259
14373	-37.908515	-10.891937	-9.456286
14374	-35.865268	-10.095835	-9.630252
14375	-33.671449	-9.201900	-9.786950
14376	-31.347646	-8.195384	-9.908258
14377	-28.897140	-7.105853	-9.953667
14378	-26.371840	-5.988942	-9.963993
14379	-23.800329	-4.888647	-10.021025
14380	-21.201550	-3.843165	-10.144925
14381	-18.540834	-2.844336	-10.290634
14382	-15.804483	-1.880162	-10.395062
14383	-12.975061	-0.943231	-10.428507
14384	-10.103830	-0.033071	-10.343877
14385	-7.242687	0.888853	-10.068323
14386	-4.436520	1.802815	-9.600714
14387	-1.701297	2.687256	-8.995331
14388	0.956344	3.488195	-8.298499
14389	3.515881	4.190559	-7.437275
14390	5.925412	4.773042	-6.475377
14391	8.205901	5.225776	-5.511805
14392	10.361992	5.570565	-4.485788
14393	12.370182	5.819848	-3.363689
14394	14.168714	5.992137	-2.309809
14395	15.700816	6.134492	-1.385686
14396	16.914291	6.270072	-0.514942
14397	17.761962	6.465777	0.146784
14398	18.251341	6.681059	0.634953
14399	18.411855	6.833084	1.020628
14400	18.227087	6.899469	1.334473
14401	17.681429	6.916429	1.594480
14402	16.790949	6.871851	1.934027
14403	15.658280	6.704203	2.311788
14404	14.290017	6.388273	3.106850
14405	12.942004	6.277869	3.686866
14406	12.201694	6.174750	3.206612
14407	11.717802	6.031946	3.342304
14408	11.025478	5.685606	4.590635
14409	9.661730	5.359402	5.722970
14410	7.915569	5.225192	6.087294
14411	6.201529	5.040304	6.216400
14412	4.596114	4.810621	6.339131
14413	3.055667	4.571782	6.654807
14414	1.595672	4.394501	7.031219
14415	0.232608	4.278697	7.333789
14416	-0.946739	4.229522	7.400531
14417	-2.042084	4.302558	7.326086
14418	-3.088261	4.406635	7.126058
14419	-3.962042	4.377861	6.907777
14420	-4.712314	4.369739	6.586927
14421	-5.437247	4.435050	6.280535
14422	-6.084752	4.497197	6.068625
14423	-6.650224	4.482943	5.850938
14424	-7.152940	4.418134	5.539619
14425	-7.646962	4.319679	5.406851
14426	-8.110115	4.229477	5.219761
14427	-8.552794	4.127423	5.012298
14428	-8.987885	4.018690	4.824214
14429	-9.398202	3.925874	4.727526
14430	-9.746717	3.821764	4.630535
14431	-10.086980	3.724905	4.572271
14432	-10.397958	3.574941	4.418577
14433	-10.730986	3.444723	4.292664
14434	-11.020808	3.353927	4.320931
14435	-11.254429	3.240761	4.392998
14436	-11.486333	3.148138	4.450050
14437	-11.733914	3.073591	4.444034
14438	-11.973837	3.012263	4.405956
14439	-12.220740	2.948812	4.356950
14440	-12.448018	2.894981	4.350361
14441	-12.671796	2.842354	4.386447
14442	-12.885651	2.803267	4.459358
14443	-13.097959	2.773245	4.533850
14444	-13.286677	2.743810	4.592789
14445	-13.477321	2.704595	4.619148
14446	-13.665696	2.664621	4.618559
14447	-13.883793	2.614510	4.613260
14448	-14.115161	2.551005	4.620021
14449	-14.377204	2.472072	4.641035
14450	-14.663118	2.392051	4.656573
14451	-15.028955	2.286633	4.634590
14452	-15.461910	2.164372	4.610271
14453	-15.960792	1.983492	4.539397
14454	-16.522459	1.802831	4.477913
14455	-17.161309	1.608638	4.461543
14456	-17.868757	1.403893	4.515177
14457	-18.656648	1.161999	4.574598
14458	-19.511382	0.917038	4.648013
14459	-20.431537	0.647902	4.696838
14460	-21.414778	0.345133	4.701517
14461	-22.481835	0.014630	4.675246
14462	-23.616605	-0.324184	4.635725
14463	-24.810149	-0.686403	4.562825
14464	-26.065102	-1.088987	4.413382
14465	-27.396285	-1.527906	4.191264
14466	-28.781724	-2.028931	3.877622
14467	-30.219848	-2.581598	3.491760
14468	-31.730600	-3.163322	3.035872
14469	-33.319589	-3.809382	2.525036
14470	-34.934690	-4.547074	1.923708
14471	-36.567874	-5.256994	1.298787
14472	-38.254200	-5.984780	0.613002
14473	-39.950125	-6.737399	0.028442
14474	-41.594788	-7.499303	-0.417842
14475	-43.117249	-8.268482	-0.686427
14476	-44.589702	-8.967432	-0.805678
14477	-46.000639	-9.510559	-0.843130
14478	-47.192631	-9.989222	-0.789939
14479	-48.227798	-10.300067	-0.667645
14480	-49.191670	-10.449978	-0.472827
14481	-49.905441	-10.703703	-0.467538
14482	-50.544311	-11.059146	-0.718405
14483	-50.992408	-11.513457	-1.482878
14484	-50.910220	-12.509156	-2.694113
14485	-50.395838	-13.535927	-4.046645
14486	-49.598061	-14.100504	-5.284284
14487	-48.551277	-14.124705	-6.306526
14488	-47.378297	-13.681462	-7.072688
14489	-46.034464	-12.981522	-7.676711
14490	-44.489389	-12.277029	-8.207369
14491	-42.790905	-11.579651	-8.746310
14492	-41.001862	-10.852279	-9.309439
14493	-39.082511	-10.150021	-9.936418
14494	-37.020590	-9.514604	-10.622022
14495	-34.816206	-8.872493	-11.326157
14496	-32.490933	-8.129788	-11.961763
14497	-30.032181	-7.251626	-12.461280
14498	-27.488689	-6.266321	-12.784022
14499	-24.898839	-5.174066	-12.942283
14500	-22.275638	-4.055787	-13.018566
14501	-19.572474	-2.990571	-13.068370
14502	-16.787890	-1.985127	-13.049745
14503	-13.921607	-1.029436	-12.919181
14504	-11.029843	-0.115133	-12.626293
14505	-8.158345	0.820724	-12.048971
14506	-5.334034	1.732647	-11.154472
14507	-2.550233	2.548559	-10.036813
14508	0.157420	3.224906	-8.823995
14509	2.783524	3.741138	-7.590002
14510	5.310371	4.106853	-6.367473
14511	7.709976	4.377761	-5.183780
14512	9.939647	4.557740	-4.096022
14513	11.976295	4.685676	-3.090270
14514	13.800700	4.812544	-2.155319
14515	15.424917	4.930895	-1.427759
14516	16.792464	5.077507	-0.974908
14517	17.819492	5.280122	-0.696054
14518	18.461010	5.548466	-0.526042
14519	18.736807	5.799400	-0.396439
14520	18.628254	5.973233	-0.210161
14521	18.156067	6.020209	-0.034270
14522	17.306939	5.951103	0.259108
14523	16.128864	5.787271	0.658632
14524	14.786191	5.514859	1.191548
14525	13.687113	5.398878	1.534573
14526	13.181171	5.218195	1.578440
14527	12.877431	4.853244	2.681451
14528	12.253545	4.450348	4.369689
14529	11.109715	4.225642	5.377343
14530	9.803406	4.045039	5.848354
14531	8.527904	3.840400	5.867526
14532	7.151640	3.773491	5.711211
14533	5.646211	3.696727	5.810499
14534	4.149454	3.544522	6.267341
14535	2.736965	3.424221	6.739714
14536	1.499230	3.332500	6.829386
14537	0.356801	3.237748	6.637242
14538	-0.688766	3.207017	6.503580
14539	-1.625800	3.183424	6.303744
14540	-2.457805	3.190238	6.028634
14541	-3.192462	3.205008	5.740867
14542	-3.875880	3.257072	5.398833
14543	-4.518824	3.280976	5.031984
14544	-5.147900	3.284040	4.704248
14545	-5.762329	3.267426	4.504243
14546	-6.310927	3.220435	4.323431
14547	-6.795518	3.168443	4.324725
14548	-7.240586	3.092169	4.326548
14549	-7.695613	3.020198	4.306184
14550	-8.103169	2.951861	4.304084
14551	-8.473332	2.891675	4.320919
14552	-8.822129	2.834521	4.319518
14553	-9.160151	2.776826	4.285194
14554	-9.477135	2.698917	4.204140
14555	-9.782260	2.581743	4.137486
14556	-10.065868	2.471472	4.144778
14557	-10.325411	2.385906	4.241445
14558	-10.565251	2.317897	4.381886
14559	-10.799894	2.236441	4.521269
14560	-11.030274	2.161483	4.595134
14561	-11.269184	2.114723	4.653414
14562	-11.514799	2.055209	4.675618
14563	-11.765612	2.001250	4.680813
14564	-12.013587	1.960907	4.653191
14565	-12.259139	1.911675	4.622362
14566	-12.511561	1.847085	4.556299
14567	-12.806520	1.777848	4.470168
14568	-13.136708	1.695208	4.410542
14569	-13.520197	1.588254	4.363470
14570	-13.943964	1.482874	4.338908
14571	-14.435928	1.361553	4.303527
14572	-14.995211	1.208344	4.256107
14573	-15.651505	1.035234	4.219120
14574	-16.390603	0.881773	4.227031
14575	-17.216022	0.734488	4.281219
14576	-18.119032	0.583446	4.353523
14577	-19.107174	0.403934	4.428607
14578	-20.168392	0.217392	4.540696
14579	-21.282307	0.027036	4.675767
14580	-22.442278	-0.191574	4.802930
14581	-23.641901	-0.462173	4.892306
14582	-24.889900	-0.740365	4.995584
14583	-26.178213	-1.061557	5.032709
14584	-27.517300	-1.438882	4.985074
14585	-28.898850	-1.875241	4.842216
14586	-30.337559	-2.354713	4.607562
14587	-31.848069	-2.851034	4.312679
14588	-33.437991	-3.397393	3.971208
14589	-35.071210	-3.996101	3.541050
14590	-36.710595	-4.649690	2.997971
14591	-38.300516	-5.514308	2.208527
14592	-39.862520	-6.474947	1.402518
14593	-41.382680	-7.520718	0.630381
14594	-42.832037	-8.686618	-0.045797
14595	-44.215238	-9.836275	-0.541541
14596	-45.565588	-10.806869	-0.867959
14597	-46.749695	-11.619445	-1.131532
14598	-47.756400	-12.196941	-1.214556
14599	-48.646073	-12.466601	-1.061014
14600	-49.541138	-12.335275	-0.718191
14601	-50.206573	-12.285592	-0.580194
14602	-50.700344	-12.421306	-0.828844
14603	-50.876258	-12.876990	-1.674985
14604	-50.592345	-13.860175	-2.932853
14605	-49.940826	-14.891797	-4.272400
14606	-49.039257	-15.537455	-5.469346
14607	-47.930841	-15.661189	-6.407660
14608	-46.726415	-15.216891	-7.027444
14609	-45.388019	-14.404620	-7.395713
14610	-43.943982	-13.441715	-7.614271
14611	-42.349357	-12.553287	-7.864468
14612	-40.674920	-11.714804	-8.168441
14613	-38.885231	-10.904504	-8.480014
14614	-36.942015	-10.106614	-8.734037
14615	-34.815199	-9.251213	-8.945748
14616	-32.522510	-8.301710	-9.113193
14617	-30.080251	-7.232517	-9.184916
14618	-27.553532	-6.101502	-9.172181
14619	-24.957048	-4.927674	-9.144477
14620	-22.318479	-3.750231	-9.095895
14621	-19.614723	-2.596240	-9.023084
14622	-16.842654	-1.506276	-8.926377
14623	-13.976948	-0.489715	-8.784981
14624	-11.017459	0.407983	-8.583309
14625	-8.026107	1.226903	-8.365197
14626	-5.082129	2.057958	-7.997580
14627	-2.204884	2.885849	-7.455323
14628	0.576300	3.655084	-6.780178
14629	3.244216	4.322769	-5.942675
14630	5.756207	4.830476	-4.929635
14631	8.071956	5.177868	-3.841934
14632	10.147420	5.410428	-2.773530
14633	11.994851	5.566117	-1.728891
14634	13.637283	5.669788	-0.696449
14635	15.049594	5.741924	0.202779
14636	16.190505	5.797553	0.930237
14637	16.997584	5.821362	1.510870
14638	17.379418	5.865143	1.959746
14639	17.367480	5.936625	2.373464
14640	17.083004	5.994480	2.646431
14641	16.531057	5.966381	2.909463
14642	15.665762	5.879567	3.329530
14643	14.537993	5.613701	3.786649
14644	13.159148	5.460614	4.412426
14645	12.098250	5.514918	4.225498
14646	11.619002	5.463069	3.784047
14647	11.224446	5.348514	4.544170
14648	10.490401	5.077891	6.014041
14649	9.264717	4.886444	6.925589
14650	7.942718	4.740700	7.270254
14651	6.612878	4.646620	7.143750
14652	5.215948	4.604050	6.932502
14653	3.837523	4.511545	7.009265
14654	2.593080	4.405995	7.265292
14655	1.477244	4.347089	7.521874
14656	0.466597	4.338555	7.616171
14657	-0.454878	4.377769	7.519720
14658	-1.316043	4.461628	7.264794
14659	-2.107231	4.524620	6.931343
14660	-2.793180	4.510030	6.482768
14661	-3.405375	4.457202	5.996667
14662	-4.014600	4.456184	5.531311
14663	-4.540554	4.444118	5.316093
14664	-5.030678	4.387599	5.257245
14665	-5.481850	4.328623	5.277182
14666	-5.892357	4.286937	5.284471
14667	-6.296615	4.227168	5.240921
14668	-6.678045	4.146589	5.189535
14669	-7.036074	4.076888	5.107454
14670	-7.359798	4.013940	5.041802
14671	-7.689440	3.949871	4.991612
14672	-7.998875	3.900188	4.954096
14673	-8.301958	3.841339	4.903237
14674	-8.567484	3.777317	4.849659
14675	-8.831435	3.717795	4.768265
14676	-9.092772	3.678416	4.671832
14677	-9.357152	3.640419	4.628524
14678	-9.612804	3.606393	4.649172
14679	-9.849189	3.565760	4.710213
14680	-10.065380	3.524807	4.755026
14681	-10.293042	3.492395	4.770989
14682	-10.516488	3.467954	4.769389
14683	-10.747216	3.435826	4.768668
14684	-10.973509	3.407922	4.780114
14685	-11.227611	3.382566	4.802240
14686	-11.511060	3.354067	4.828037
14687	-11.832268	3.317841	4.848782
14688	-12.179835	3.264689	4.868480
14689	-12.589550	3.179051	4.862689
14690	-13.060397	3.081342	4.841764
14691	-13.590522	2.957865	4.831286
14692	-14.165698	2.808070	4.828147
14693	-14.793571	2.642099	4.823139
14694	-15.479823	2.450738	4.813617
14695	-16.255995	2.246930	4.828575
14696	-17.088230	2.039051	4.879629
14697	-17.980509	1.835466	4.941581
14698	-18.936021	1.622473	5.001171
14699	-19.953602	1.388871	5.063081
14700	-21.022021	1.127357	5.134283
14701	-22.125112	0.844229	5.221420
14702	-23.251698	0.534213	5.283754
14703	-24.421012	0.189154	5.285265
14704	-25.636847	-0.192629	5.216022
14705	-26.892456	-0.632779	5.066625
14706	-28.193271	-1.108109	4.864813
14707	-29.571579	-1.632167	4.585638
14708	-31.008232	-2.236758	4.253838
14709	-32.512262	-2.891981	3.850226
14710	-34.074203	-3.534632	3.414305
14711	-35.707437	-4.241362	2.857252
14712	-37.375254	-4.979450	2.302063
14713	-39.038155	-5.701323	1.772397
14714	-40.552801	-6.680325	1.144959
14715	-41.978121	-7.814339	0.582656
14716	-43.427526	-8.868546	0.191608
14717	-44.839069	-9.812790	-0.098970
14718	-46.189738	-10.550544	-0.295597
14719	-47.352889	-10.986880	-0.287881
14720	-48.319519	-11.282323	-0.081820
14721	-49.253795	-11.302291	0.238751
14722	-50.012666	-11.265236	0.459379
14723	-50.586636	-11.450458	0.318913
14724	-50.923925	-11.929218	-0.459986
14725	-50.731205	-13.008036	-1.704768
14726	-50.146270	-14.228004	-3.118135
14727	-49.267882	-15.102394	-4.487717
14728	-48.175627	-15.392374	-5.616147
14729	-46.926576	-15.103615	-6.449475
14730	-45.529466	-14.466620	-7.064319
14731	-43.989329	-13.705984	-7.557219
14732	-42.348039	-12.912928	-7.993578
14733	-40.589501	-12.098648	-8.383866
14734	-38.699158	-11.268175	-8.713537
14735	-36.611667	-10.430324	-8.961988
14736	-34.370100	-9.539655	-9.156308
14737	-31.986882	-8.527887	-9.285153
14738	-29.477327	-7.401518	-9.279686
14739	-26.833745	-6.221108	-9.171202
14740	-24.104363	-5.030155	-9.026873
14741	-21.310481	-3.824804	-8.869610
14742	-18.448299	-2.665758	-8.707133
14743	-15.475892	-1.592940	-8.544775
14744	-12.390893	-0.605029	-8.374155
14745	-9.235292	0.340202	-8.122234
14746	-6.103535	1.290054	-7.716807
14747	-3.029095	2.192584	-7.215016
14748	-0.032002	2.999795	-6.660197
14749	2.880797	3.696982	-6.050013
14750	5.635332	4.257089	-5.299200
14751	8.140567	4.695335	-4.400167
14752	10.391863	5.000887	-3.445848
14753	12.423289	5.213576	-2.405381
14754	14.256675	5.349940	-1.369590
14755	15.840515	5.438119	-0.412680
14756	17.117417	5.481024	0.504625
14757	18.041528	5.512279	1.182246
14758	18.555619	5.619714	1.651418
14759	18.654113	5.800625	1.960535
14760	18.387221	5.941453	2.116894
14761	17.783190	5.966198	2.280806
14762	16.883732	5.898719	2.519275
14763	15.739196	5.720460	2.756514
14764	14.372055	5.512814	3.145505
14765	13.094013	5.382907	3.439055
14766	12.295704	5.350808	3.568373
14767	11.888088	5.239258	3.840790
14768	11.538483	5.140644	4.799519
14769	10.933329	5.067642	5.916370
14770	10.190673	4.944431	6.317464
14771	9.283957	4.881465	6.420237
14772	8.246447	4.843294	6.212124
14773	7.074365	4.891121	5.811384
14774	5.783100	4.907043	5.642615
14775	4.518022	4.793655	5.725887
14776	3.310799	4.666530	5.795123
14777	2.187490	4.543496	5.984572
14778	1.126451	4.503653	6.383336
14779	0.176109	4.521861	6.679763
14780	-0.641532	4.529170	6.683755
14781	-1.403674	4.565221	6.507955
14782	-2.046302	4.589770	6.157927
14783	-2.599273	4.585381	5.695294
14784	-3.129588	4.598382	5.302666
14785	-3.623378	4.587854	4.963084
14786	-4.051813	4.598228	4.829010
14787	-4.451418	4.615654	4.888906
14788	-4.805502	4.592514	4.987422
14789	-5.159325	4.556800	4.995093
14790	-5.495778	4.536889	4.913720
14791	-5.822172	4.512132	4.793958
14792	-6.116399	4.481232	4.792548
14793	-6.403972	4.440491	4.775961
14794	-6.678469	4.376539	4.655148
14795	-6.976502	4.316238	4.432035
14796	-7.261722	4.249571	4.156736
14797	-7.565362	4.186607	3.919286
14798	-7.849757	4.134959	3.765183
14799	-8.122845	4.078492	3.673765
14800	-8.368026	4.021201	3.589563
14801	-8.620857	3.977280	3.483841
14802	-8.890641	3.945932	3.380620
14803	-9.195135	3.924029	3.337978
14804	-9.495825	3.895832	3.377927
14805	-9.828944	3.864600	3.456910
14806	-10.193075	3.816017	3.494743
14807	-10.599271	3.745077	3.500513
14808	-11.019220	3.667748	3.529260
14809	-11.454077	3.549082	3.529988
14810	-11.921745	3.393243	3.484618
14811	-12.440089	3.213903	3.433729
14812	-13.000378	3.021000	3.411323
14813	-13.606337	2.804814	3.430875
14814	-14.239120	2.581047	3.473628
14815	-14.921638	2.338746	3.490455
14816	-15.669825	2.058286	3.462302
14817	-16.474550	1.741786	3.413334
14818	-17.319998	1.389980	3.341081
14819	-18.223562	1.007155	3.242802
14820	-19.165965	0.611282	3.172627
14821	-20.179977	0.181749	3.138161
14822	-21.235456	-0.261933	3.144776
14823	-22.336653	-0.712794	3.179494
14824	-23.495675	-1.150818	3.201202
14825	-24.714513	-1.622437	3.160906
14826	-25.974336	-2.134131	3.041316
14827	-27.285702	-2.667988	2.830704
14828	-28.629859	-3.248825	2.575335
14829	-30.012650	-3.939367	2.239255
14830	-31.435523	-4.634544	1.873781
14831	-32.858622	-5.375180	1.448278
14832	-34.333517	-6.038493	1.052879
14833	-35.888669	-6.717657	0.673757
14834	-37.486678	-7.404020	0.349667
14835	-39.101615	-8.095606	0.054061
14836	-40.684198	-8.865742	-0.163375
14837	-42.323998	-9.518990	-0.330552
14838	-43.914558	-10.069743	-0.424442
14839	-45.284529	-10.647261	-0.568004
14840	-46.401334	-11.344772	-0.861874
14841	-47.310675	-11.981283	-1.169294
14842	-48.296986	-12.168264	-1.259592
14843	-49.177881	-12.210813	-1.210143
14844	-50.024027	-12.159654	-1.259257
14845	-50.468508	-12.502501	-1.923474
14846	-50.396300	-13.473683	-3.106975
14847	-49.976832	-14.478541	-4.374440
14848	-49.329128	-14.909770	-5.429060
14849	-48.401399	-14.734834	-6.185219
14850	-47.310306	-14.090086	-6.647532
14851	-45.982845	-13.162481	-7.032113
14852	-44.444110	-12.214948	-7.439017
14853	-42.784679	-11.351877	-7.967500
14854	-41.016947	-10.531597	-8.529552
14855	-39.053010	-9.745155	-9.046956
14856	-36.868843	-8.965710	-9.474181
14857	-34.501984	-8.103620	-9.889412
14858	-32.002576	-7.132198	-10.306080
14859	-29.351416	-6.049838	-10.633738
14860	-26.583089	-4.942003	-10.870482
14861	-23.717816	-3.844974	-11.105909
14862	-20.813317	-2.757447	-11.357126
14863	-17.856546	-1.650750	-11.533110
14864	-14.810079	-0.550871	-11.583927
14865	-11.624669	0.529650	-11.434069
14866	-8.363531	1.590344	-11.052788
14867	-5.087581	2.623747	-10.453951
14868	-1.865589	3.601377	-9.609189
14869	1.260651	4.459919	-8.581925
14870	4.248941	5.131166	-7.533366
14871	7.103823	5.604776	-6.445257
14872	9.806091	5.905422	-5.297213
14873	12.340081	6.090743	-4.060061
14874	14.670241	6.210026	-2.799161
14875	16.738823	6.297840	-1.733425
14876	18.478649	6.377775	-0.771235
14877	19.753325	6.562345	-0.126141
14878	20.576987	6.817234	0.224999
14879	20.944675	7.010642	0.616337
14880	20.827625	7.149008	0.888384
14881	20.329779	7.149522	1.012748
14882	19.468444	7.043974	1.152539
14883	18.286037	6.849870	1.344582
14884	16.903045	6.533643	1.776125
14885	15.628927	6.299428	2.253958
14886	14.872854	6.253855	2.487902
14887	14.494931	6.163879	2.788935
14888	14.094958	6.039504	3.595611
14889	13.293177	5.976922	4.161483
14890	12.316342	5.905989	4.197584
14891	11.278693	5.764953	4.256577
14892	10.130057	5.582082	4.303219
14893	8.759201	5.490979	4.141459
14894	7.189984	5.313967	4.298834
14895	5.641936	4.964317	5.080887
14896	4.212294	4.640764	6.122973
14897	2.935952	4.400127	6.929889
14898	1.726703	4.262797	7.442387
14899	0.579835	4.250582	7.529234
14900	-0.447930	4.271918	7.189715
14901	-1.325245	4.317555	6.653564
14902	-2.143773	4.388699	5.915354
14903	-2.905431	4.398745	5.104132
14904	-3.620882	4.404828	4.432192
14905	-4.304036	4.459200	4.109922
14906	-4.875648	4.466256	3.886820
14907	-5.375435	4.477040	4.016939
14908	-5.802149	4.437131	4.262055
14909	-6.216498	4.351336	4.358018
14910	-6.638511	4.261765	4.245966
14911	-7.084510	4.174037	3.990895
14912	-7.512888	4.104524	3.736758
14913	-7.941529	4.051681	3.534680
14914	-8.322012	4.008251	3.435858
14915	-8.696103	3.961816	3.388156
14916	-9.051039	3.893549	3.334830
14917	-9.410270	3.824366	3.275266
14918	-9.743890	3.765275	3.216614
14919	-10.061728	3.701696	3.193980
14920	-10.346254	3.638910	3.213661
14921	-10.598850	3.559181	3.177464
14922	-10.839139	3.491924	3.091385
14923	-11.108197	3.425338	3.016966
14924	-11.361876	3.357366	3.009408
14925	-11.614736	3.295123	3.107726
14926	-11.842315	3.221534	3.230447
14927	-12.086573	3.152325	3.350652
14928	-12.322088	3.091324	3.444277
14929	-12.582651	3.020377	3.490797
14930	-12.843333	2.910686	3.475160
14931	-13.117611	2.784938	3.469188
14932	-13.405388	2.657917	3.499521
14933	-13.730217	2.532396	3.561672
14934	-14.075243	2.404455	3.666415
14935	-14.461798	2.249927	3.777909
14936	-14.885940	2.051965	3.859336
14937	-15.377286	1.837221	3.890792
14938	-15.945486	1.580229	3.882021
14939	-16.618630	1.290180	3.846749
14940	-17.361695	0.980362	3.827654
14941	-18.180500	0.646350	3.819989
14942	-19.075683	0.280208	3.813698
14943	-20.040402	-0.114229	3.811837
14944	-21.053590	-0.532668	3.816828
14945	-22.113669	-0.968172	3.826791
14946	-23.219966	-1.408832	3.836343
14947	-24.388439	-1.864786	3.844137
14948	-25.591755	-2.372695	3.783341
14949	-26.840723	-2.911258	3.673159
14950	-28.161442	-3.431875	3.547549
14951	-29.513167	-4.053538	3.358446
14952	-30.895008	-4.755483	3.088156
14953	-32.348748	-5.424564	2.777038
14954	-33.901318	-6.097100	2.432295
14955	-35.541129	-6.753330	2.149576
14956	-37.216269	-7.460129	1.834396
14957	-38.882626	-8.213452	1.541158
14958	-40.503588	-9.056030	1.310119
14959	-42.122304	-9.914945	1.098252
14960	-43.724675	-10.669390	0.916791
14961	-45.117709	-11.335273	0.735202
14962	-46.196031	-12.073454	0.501430
14963	-47.175916	-12.538632	0.349109
14964	-48.324968	-12.511960	0.387802
14965	-49.241099	-12.555860	0.376754
14966	-49.952493	-12.696753	0.084144
14967	-50.261791	-13.229367	-0.860247
14968	-50.069503	-14.289740	-2.132582
14969	-49.572385	-15.246469	-3.433643
14970	-48.865408	-15.660242	-4.508626
14971	-47.951298	-15.503317	-5.254819
14972	-46.908978	-14.899622	-5.763890
14973	-45.678241	-14.010401	-6.143395
14974	-44.299705	-12.987939	-6.414129
14975	-42.755144	-12.004602	-6.734402
14976	-41.063672	-11.082762	-7.143117
14977	-39.182397	-10.238645	-7.614411
14978	-37.113671	-9.448243	-8.085015
14979	-34.856882	-8.614215	-8.542792
14980	-32.443279	-7.674533	-8.950072
14981	-29.867654	-6.632367	-9.256078
14982	-27.178434	-5.539899	-9.487609
14983	-24.404627	-4.425770	-9.740109
14984	-21.588196	-3.327819	-10.077893
14985	-18.703169	-2.269002	-10.487114
14986	-15.739697	-1.263555	-10.925017
14987	-12.676691	-0.275112	-11.318721
14988	-9.582248	0.781929	-11.510003
14989	-6.520521	1.932354	-11.417947
14990	-3.525753	3.077800	-11.093542
14991	-0.597426	4.162403	-10.556428
14992	2.218679	5.118067	-9.827136
14993	4.880444	5.890893	-8.988720
14994	7.351611	6.426424	-8.031123
14995	9.609869	6.737060	-6.983262
14996	11.610084	6.881069	-5.791430
14997	13.366493	6.899096	-4.423130
14998	14.851746	6.827144	-2.990805
14999	16.044866	6.676323	-1.548872
15000	16.949553	6.457303	-0.125950
15001	17.540594	6.221715	0.975115
15002	17.724478	6.037235	1.826570
15003	17.467289	5.893383	2.629483
15004	16.826282	5.788698	3.225918
15005	15.933645	5.639048	3.614946
15006	14.808294	5.462917	3.942740
15007	13.487786	5.308914	4.327441
15008	12.437197	5.401196	4.109917
15009	11.901812	5.425757	3.295236
15010	11.493304	5.422360	3.588140
15011	10.748857	5.209316	4.850370
15012	9.530827	4.922280	6.067251
15013	8.114881	4.700512	6.781735
15014	6.647238	4.501591	6.965575
15015	5.113411	4.369772	6.906034
15016	3.610376	4.200508	7.090498
15017	2.179265	4.001352	7.306853
15018	0.838019	3.860285	7.465246
15019	-0.395024	3.839625	7.616982
15020	-1.515743	3.903697	7.757954
15021	-2.523476	3.993448	7.875868
15022	-3.366198	4.037094	7.906638
15023	-4.096021	4.056565	7.688274
15024	-4.814038	4.104751	7.217519
15025	-5.523683	4.160540	6.673698
15026	-6.168759	4.186041	6.236174
15027	-6.735597	4.221615	6.135006
15028	-7.228199	4.244154	6.282330
15029	-7.652154	4.225093	6.476751
15030	-8.053438	4.162852	6.480618
15031	-8.458935	4.068991	6.314055
15032	-8.839493	4.009636	6.061558
15033	-9.199687	3.942189	5.781742
15034	-9.542530	3.875472	5.534660
15035	-9.840877	3.788208	5.305888
15036	-10.099165	3.669642	4.990212
15037	-10.350674	3.538746	4.700189
15038	-10.561608	3.390310	4.420187
15039	-10.769747	3.227484	4.139515
15040	-10.959399	3.113218	4.027666
15041	-11.158776	3.032871	4.015291
15042	-11.327183	2.967786	4.075221
15043	-11.494588	2.897117	4.099638
15044	-11.664203	2.838980	4.055617
15045	-11.843188	2.793550	4.013549
15046	-12.010810	2.749030	3.979837
15047	-12.176006	2.704535	3.963905
15048	-12.326609	2.668851	3.967599
15049	-12.486283	2.651597	3.997505
15050	-12.651424	2.625944	3.994523
15051	-12.878548	2.562011	3.930989
15052	-13.151277	2.487112	3.882565
15053	-13.459700	2.389903	3.876072
15054	-13.826473	2.282720	3.888778
15055	-14.276226	2.139728	3.914095
15056	-14.795661	1.968630	3.940794
15057	-15.377144	1.759224	3.933058
15058	-16.025818	1.529107	3.920900
15059	-16.749500	1.263221	3.905218
15060	-17.529834	0.968747	3.889919
15061	-18.375477	0.655375	3.875544
15062	-19.272280	0.315485	3.862468
15063	-20.232866	-0.047993	3.867747
15064	-21.257633	-0.444312	3.874451
15065	-22.329540	-0.865077	3.884489
15066	-23.441072	-1.298947	3.887113
15067	-24.604061	-1.735390	3.871673
15068	-25.820600	-2.195184	3.817988
15069	-27.092274	-2.665622	3.715098
15070	-28.419094	-3.174345	3.584693
15071	-29.823269	-3.730800	3.400106
15072	-31.305303	-4.327878	3.177529
15073	-32.833083	-4.991694	2.864422
15074	-34.446024	-5.657936	2.465613
15075	-36.112077	-6.317324	2.039136
15076	-37.789319	-7.003022	1.528973
15077	-39.399177	-7.798485	0.958297
15078	-40.944134	-8.734065	0.358985
15079	-42.425087	-9.707590	-0.119713
15080	-43.881764	-10.625831	-0.530326
15081	-45.310234	-11.297084	-0.822104
15082	-46.605546	-11.744963	-0.916130
15083	-47.776930	-12.094844	-0.953507
15084	-48.881986	-12.337663	-0.944182
15085	-49.746554	-12.608680	-1.084439
15086	-50.442622	-13.003925	-1.492935
15087	-50.887306	-13.503590	-2.366389
15088	-50.808377	-14.440128	-3.592577
15089	-50.305238	-15.431367	-4.973826
15090	-49.544735	-16.103234	-6.305384
15091	-48.586758	-16.322116	-7.430766
15092	-47.477343	-16.151395	-8.382528
15093	-46.225920	-15.697268	-9.193532
15094	-44.882830	-15.039553	-9.855207
15095	-43.410060	-14.252432	-10.404292
15096	-41.807885	-13.374106	-10.848152
15097	-40.046945	-12.395245	-11.199567
15098	-38.123154	-11.366796	-11.462882
15099	-36.029839	-10.283145	-11.655036
15100	-33.796950	-9.164006	-11.790558
15101	-31.424548	-8.030371	-11.904294
15102	-28.949889	-6.855270	-11.943976
15103	-26.366952	-5.669395	-11.941233
15104	-23.706958	-4.529324	-11.962119
15105	-20.986515	-3.425011	-12.006157
15106	-18.209151	-2.347242	-12.017403
15107	-15.328087	-1.286425	-11.949583
15108	-12.340252	-0.268034	-11.798495
15109	-9.281466	0.721783	-11.528903
15110	-6.231172	1.705469	-11.093988
15111	-3.209279	2.637833	-10.517841
15112	-0.236618	3.466231	-9.820549
15113	2.664483	4.179504	-8.998477
15114	5.420291	4.733668	-8.069688
15115	7.953087	5.127579	-7.013576
15116	10.212250	5.379539	-5.844530
15117	12.243054	5.509692	-4.576706
15118	14.082489	5.553620	-3.256956
15119	15.690204	5.552764	-2.074588
15120	16.985224	5.554787	-1.050541
15121	17.913545	5.602454	-0.342681
15122	18.449507	5.756581	-0.002756
15123	18.584841	5.932496	0.143766
15124	18.293551	6.097266	0.252415
15125	17.652663	6.191599	0.313492
15126	16.739308	6.144428	0.424202
15127	15.553375	5.979506	0.744047
15128	14.197148	5.741490	1.255659
15129	13.031568	5.659098	1.781450
15130	12.486260	5.611243	1.565677
15131	12.200662	5.475445	1.685590
15132	11.706764	5.272789	2.460737
15133	10.768273	5.058235	3.004802
15134	9.553912	4.928148	3.214677
15135	8.203472	4.813475	3.296415
15136	6.772786	4.693858	3.328151
15137	5.320260	4.493728	3.522806
15138	3.973618	4.185825	4.285858
15139	2.731806	3.851792	5.157608
15140	1.504446	3.648888	5.788252
15141	0.349305	3.561504	5.987452
15142	-0.671920	3.510667	5.889300
15143	-1.570440	3.475647	5.680973
15144	-2.321667	3.478210	5.532297
15145	-2.929995	3.472211	5.347327
15146	-3.431304	3.502733	5.130726
15147	-3.987799	3.615767	4.935925
15148	-4.481305	3.650764	4.642581
15149	-4.987933	3.656645	4.371136
15150	-5.460715	3.634013	4.339942
15151	-5.881806	3.538369	4.268747
15152	-6.287160	3.458570	4.226595
15153	-6.712913	3.359505	4.053322
15154	-7.140324	3.259952	3.826467
15155	-7.552888	3.185593	3.720885
15156	-7.945079	3.095710	3.660739
15157	-8.346014	2.999566	3.638218
15158	-8.716848	2.902494	3.593586
15159	-9.064957	2.797628	3.537036
15160	-9.372379	2.702200	3.523039
15161	-9.664084	2.621026	3.532377
15162	-9.934303	2.531579	3.482894
15163	-10.221378	2.443449	3.429194
15164	-10.496278	2.359147	3.380512
15165	-10.769922	2.280664	3.371266
15166	-11.044759	2.205829	3.376613
15167	-11.328616	2.143144	3.407424
15168	-11.597658	2.092328	3.419796
15169	-11.891553	2.041613	3.402777
15170	-12.193640	1.997003	3.384675
15171	-12.526209	1.940063	3.373558
15172	-12.895504	1.875960	3.361328
15173	-13.313027	1.796828	3.385040
15174	-13.769353	1.700468	3.443000
15175	-14.296751	1.598417	3.514851
15176	-14.899872	1.502061	3.613118
15177	-15.591253	1.404947	3.752409
15178	-16.341104	1.299916	3.887960
15179	-17.139402	1.184701	4.003725
15180	-17.979290	1.030780	4.089704
15181	-18.831993	0.787897	4.116654
15182	-19.681424	0.468577	4.101855
15183	-20.562921	0.138991	4.062320
15184	-21.474492	-0.235638	3.981965
15185	-22.449922	-0.627832	3.896916
15186	-23.472603	-1.048522	3.820025
15187	-24.550510	-1.492225	3.740635
15188	-25.663550	-1.938876	3.638297
15189	-26.827178	-2.415288	3.485593
15190	-28.045456	-2.937393	3.272464
15191	-29.314114	-3.528228	2.950695
15192	-30.644393	-4.157401	2.595900
15193	-32.073268	-4.772110	2.222966
15194	-33.528597	-5.463454	1.782422
15195	-34.990556	-6.193686	1.258916
15196	-36.491690	-6.967832	0.600524
15197	-37.985663	-7.812574	-0.055226
15198	-39.507420	-8.674781	-0.695099
15199	-40.969455	-9.571544	-1.238119
15200	-42.397312	-10.423654	-1.675642
15201	-43.773004	-11.209358	-2.067134
15202	-45.098364	-11.863584	-2.430457
15203	-46.232997	-12.387451	-2.770759
15204	-47.209706	-12.801206	-3.067889
15205	-48.169728	-13.053130	-3.297395
15206	-48.894654	-13.326891	-3.527786
15207	-49.517729	-13.613912	-3.926730
15208	-49.954821	-14.014560	-4.817467
15209	-49.860033	-14.902553	-6.046351
15210	-49.398088	-15.841003	-7.339775
15211	-48.722653	-16.295889	-8.449436
15212	-47.881115	-16.158655	-9.264673
15213	-46.897493	-15.557829	-9.829313
15214	-45.765606	-14.698520	-10.253744
15215	-44.463410	-13.720132	-10.589930
15216	-43.031500	-12.761745	-10.926763
15217	-41.445357	-11.867384	-11.366247
15218	-39.726656	-11.011166	-11.881997
15219	-37.847463	-10.146483	-12.385925
15220	-35.829259	-9.237601	-12.839804
15221	-33.682493	-8.226839	-13.220437
15222	-31.411150	-7.135429	-13.494948
15223	-29.005837	-5.999203	-13.656693
15224	-26.516443	-4.848187	-13.782031
15225	-23.965002	-3.675853	-13.882869
15226	-21.366250	-2.494848	-13.911151
15227	-18.669611	-1.343150	-13.845697
15228	-15.859159	-0.219556	-13.638864
15229	-12.934631	0.883065	-13.308031
15230	-9.933914	1.898350	-12.930947
15231	-6.911223	2.837787	-12.511888
15232	-3.917263	3.720918	-12.013772
15233	-0.976120	4.525410	-11.484261
15234	1.865769	5.219198	-10.914098
15235	4.588411	5.772653	-10.167477
15236	7.125042	6.155558	-9.193476
15237	9.419351	6.373327	-8.065647
15238	11.453701	6.448643	-6.792449
15239	13.231458	6.435943	-5.381431
15240	14.757174	6.358558	-3.984278
15241	16.026811	6.230011	-2.652167
15242	16.994434	6.041577	-1.444935
15243	17.585252	5.899914	-0.584596
15244	17.780421	5.825605	-0.090678
15245	17.559356	5.796340	0.268620
15246	16.962445	5.781792	0.534319
15247	16.101538	5.649510	0.798405
15248	14.966064	5.425121	1.215996
15249	13.647817	5.174456	1.787100
15250	12.540831	5.095670	2.302534
15251	11.978691	5.053957	2.245363
15252	11.663254	4.906958	2.634715
15253	11.187265	4.740063	3.687608
15254	10.355949	4.550077	4.248397
15255	9.286712	4.389552	4.591786
15256	8.100165	4.240221	4.679673
15257	6.727300	4.176179	4.582845
15258	5.269841	4.052624	4.863758
15259	3.917845	3.810959	5.692342
15260	2.680238	3.584987	6.690530
15261	1.624757	3.368932	7.501478
15262	0.644096	3.280285	7.961956
15263	-0.287938	3.268505	8.210249
15264	-1.107038	3.268121	8.124437
15265	-1.878356	3.298596	7.843746
15266	-2.586131	3.336953	7.378940
15267	-3.267202	3.389613	6.753862
15268	-3.905470	3.456454	6.218805
15269	-4.483175	3.505324	5.973839
15270	-5.017362	3.493628	6.029615
15271	-5.515616	3.427636	6.260365
15272	-5.942178	3.352801	6.531096
15273	-6.362246	3.286313	6.699111
15274	-6.821770	3.247578	6.790565
15275	-7.281303	3.194973	6.826961
15276	-7.688753	3.135846	6.935582
15277	-8.085375	3.063097	7.004738
15278	-8.468616	3.003613	7.034328
15279	-8.842639	2.948120	7.067640
15280	-9.172577	2.880836	7.172971
15281	-9.473759	2.812669	7.285249
15282	-9.742483	2.767597	7.433609
15283	-9.994004	2.731389	7.596663
15284	-10.221388	2.694028	7.710717
15285	-10.442255	2.664045	7.777184
15286	-10.650834	2.642630	7.775109
15287	-10.867073	2.625354	7.741472
15288	-11.089685	2.603234	7.711211
15289	-11.328321	2.563355	7.677207
15290	-11.578108	2.528744	7.631203
15291	-11.863180	2.492151	7.591813
15292	-12.185193	2.453897	7.524052
15293	-12.569060	2.394654	7.381572
15294	-13.011999	2.315766	7.223517
15295	-13.515406	2.209377	7.082075
15296	-14.063886	2.087432	6.975452
15297	-14.683732	1.950586	6.883907
15298	-15.377343	1.779581	6.787613
15299	-16.132548	1.569075	6.682855
15300	-16.949606	1.363339	6.584257
15301	-17.821593	1.130250	6.478816
15302	-18.733819	0.843074	6.298244
15303	-19.693625	0.540816	6.131750
15304	-20.671450	0.245186	6.057697
15305	-21.693887	-0.070371	6.004600
15306	-22.750854	-0.417206	5.930485
15307	-23.852426	-0.793635	5.819634
15308	-24.995624	-1.197812	5.637977
15309	-26.202786	-1.634634	5.376349
15310	-27.451447	-2.096198	5.057552
15311	-28.778343	-2.600182	4.650777
15312	-30.212033	-3.116413	4.221077
15313	-31.706530	-3.660673	3.735471
15314	-33.207742	-4.265706	3.139778
15315	-34.683876	-4.959818	2.395485
15316	-36.205528	-5.736675	1.529977
15317	-37.753341	-6.619399	0.615485
15318	-39.289106	-7.541594	-0.245265
15319	-40.705574	-8.581695	-1.078562
15320	-42.112535	-9.634272	-1.748377
15321	-43.482121	-10.676800	-2.244204
15322	-44.824120	-11.622313	-2.623903
15323	-46.041438	-12.320853	-2.882767
15324	-47.070437	-12.741445	-2.946176
15325	-48.021423	-12.854840	-2.840575
15326	-48.818742	-12.679926	-2.558270
15327	-49.339193	-12.780139	-2.538827
15328	-49.746187	-12.879435	-2.967019
15329	-49.588679	-13.713810	-3.953598
15330	-49.062537	-14.852630	-5.197541
15331	-48.290904	-15.714421	-6.448114
15332	-47.320126	-16.018585	-7.511679
15333	-46.208462	-15.785016	-8.317578
15334	-44.987629	-15.141724	-8.921121
15335	-43.581943	-14.318465	-9.349199
15336	-42.032733	-13.500959	-9.757913
15337	-40.335422	-12.725018	-10.210126
15338	-38.537374	-11.895624	-10.610024
15339	-36.581007	-11.016447	-10.893588
15340	-34.456906	-10.094315	-11.071085
15341	-32.178646	-9.067862	-11.157891
15342	-29.762928	-7.944519	-11.131006
15343	-27.206206	-6.786974	-11.031524
15344	-24.559070	-5.645902	-10.908609
15345	-21.839017	-4.483717	-10.755777
15346	-19.066199	-3.325374	-10.572248
15347	-16.194832	-2.216823	-10.400378
15348	-13.213139	-1.210660	-10.307136
15349	-10.122484	-0.276248	-10.273529
15350	-6.993345	0.661381	-10.194804
15351	-3.888180	1.645789	-9.970234
15352	-0.867180	2.651969	-9.565336
15353	2.027970	3.610016	-9.104088
15354	4.798410	4.424962	-8.631987
15355	7.441447	5.088803	-8.078529
15356	9.905129	5.600365	-7.396406
15357	12.110066	6.012755	-6.458569
15358	14.053068	6.294042	-5.420274
15359	15.749878	6.483515	-4.488922
15360	17.186757	6.602247	-3.533653
15361	18.258718	6.715205	-2.588128
15362	18.909179	6.874173	-1.870079
15363	19.169323	7.000373	-1.279260
15364	19.020389	7.084740	-0.787187
15365	18.505312	7.128440	-0.459379
15366	17.685493	7.040437	-0.246537
15367	16.529357	6.845809	0.188750
15368	15.153679	6.468598	0.759593
15369	13.754716	6.198040	1.664609
15370	12.856946	6.073341	1.986311
15371	12.441563	5.782226	2.726130
15372	11.908259	5.416612	4.251577
15373	10.820400	5.091970	5.291521
15374	9.334915	4.931233	5.428717
15375	7.778256	4.805169	5.130949
15376	6.142302	4.677096	4.981373
15377	4.513258	4.479085	5.379144
15378	2.984532	4.283431	6.149561
15379	1.666580	4.042855	6.813194
15380	0.463641	3.829838	7.199581
15381	-0.696194	3.717745	7.224641
15382	-1.791702	3.707569	7.046168
15383	-2.766779	3.684411	6.757312
15384	-3.636020	3.661911	6.391076
15385	-4.435751	3.644490	6.037853
15386	-5.173375	3.639394	5.838463
15387	-5.830466	3.639451	5.794883
15388	-6.393280	3.638431	6.027147
15389	-6.920954	3.577723	6.260534
15390	-7.413943	3.505594	6.352663
15391	-7.909333	3.437773	6.293011
15392	-8.379653	3.362939	6.215723
15393	-8.810786	3.283997	6.188838
15394	-9.179315	3.210056	6.236755
15395	-9.536895	3.138770	6.246862
15396	-9.872509	3.071871	6.184065
15397	-10.211945	3.010801	6.068622
15398	-10.514682	2.951221	5.956153
15399	-10.797106	2.884035	5.843617
15400	-11.041841	2.800401	5.756155
15401	-11.285403	2.730341	5.672999
15402	-11.504835	2.658619	5.624540
15403	-11.719600	2.581045	5.603462
15404	-11.911121	2.498311	5.552941
15405	-12.122946	2.427919	5.470929
15406	-12.337095	2.362396	5.401081
15407	-12.551422	2.292745	5.382357
15408	-12.751527	2.234568	5.375474
15409	-12.980267	2.160896	5.320740
15410	-13.241433	2.073200	5.226087
15411	-13.539691	1.973341	5.112245
15412	-13.853388	1.868983	5.005363
15413	-14.194768	1.747412	4.892030
15414	-14.577874	1.620159	4.761443
15415	-15.022701	1.503900	4.699152
15416	-15.501099	1.379342	4.708190
15417	-16.035853	1.227077	4.718042
15418	-16.635339	1.061762	4.700470
15419	-17.326512	0.874707	4.660916
15420	-18.097882	0.685117	4.643208
15421	-18.940189	0.484951	4.644375
15422	-19.848099	0.275207	4.631943
15423	-20.824150	0.052398	4.624837
15424	-21.867325	-0.194250	4.629117
15425	-22.972143	-0.448986	4.654197
15426	-24.126178	-0.706338	4.686061
15427	-25.346542	-0.984145	4.690625
15428	-26.629266	-1.298522	4.639003
15429	-27.959114	-1.668358	4.522141
15430	-29.333057	-2.103001	4.327741
15431	-30.746937	-2.608559	4.013577
15432	-32.221995	-3.214172	3.592303
15433	-33.771459	-3.839706	3.104135
15434	-35.341609	-4.584714	2.438954
15435	-36.941263	-5.376246	1.684207
15436	-38.545965	-6.286385	0.843212
15437	-40.081256	-7.295384	0.092284
15438	-41.522759	-8.464519	-0.619931
15439	-42.919537	-9.710959	-1.224887
15440	-44.303279	-10.793718	-1.600133
15441	-45.639016	-11.529862	-1.794591
15442	-46.878307	-11.939629	-1.813281
15443	-47.987030	-12.168733	-1.692131
15444	-48.953229	-12.149066	-1.454744
15445	-49.665892	-12.395207	-1.581651
15446	-50.164356	-12.762425	-2.128734
15447	-50.142721	-13.528569	-3.133811
15448	-49.620713	-14.600263	-4.471530
15449	-48.764223	-15.527670	-5.971762
15450	-47.749258	-16.009091	-7.387061
15451	-46.603213	-16.022165	-8.604279
15452	-45.264381	-15.776349	-9.654236
15453	-43.769003	-15.256138	-10.457941
15454	-42.165580	-14.541621	-11.058043
15455	-40.447376	-13.667521	-11.505872
15456	-38.654007	-12.669005	-11.816516
15457	-36.704777	-11.645926	-12.054310
15458	-34.606989	-10.596604	-12.241636
15459	-32.356857	-9.487162	-12.385595
15460	-29.980660	-8.264608	-12.389698
15461	-27.472806	-6.940066	-12.196127
15462	-24.874286	-5.621200	-11.929067
15463	-22.201998	-4.345346	-11.697755
15464	-19.474556	-3.153959	-11.579125
15465	-16.669429	-2.083398	-11.593121
15466	-13.794164	-1.095851	-11.699355
15467	-10.855661	-0.131528	-11.820202
15468	-7.912745	0.857950	-11.856658
15469	-5.004532	1.896957	-11.710451
15470	-2.162842	2.931797	-11.390300
15471	0.625686	3.882083	-10.928930
15472	3.333385	4.706489	-10.315709
15473	5.920344	5.374549	-9.537482
15474	8.356290	5.882525	-8.624674
15475	10.620735	6.270389	-7.602048
15476	12.697114	6.569819	-6.529111
15477	14.557498	6.798814	-5.549522
15478	16.135977	6.992752	-4.622201
15479	17.383603	7.158740	-3.694332
15480	18.240505	7.325386	-2.897335
15481	18.727305	7.449375	-2.205786
15482	18.872660	7.505343	-1.560523
15483	18.669530	7.443070	-0.960240
15484	18.076029	7.303539	-0.281285
15485	17.139884	7.079391	0.387985
15486	15.954729	6.767575	1.137144
15487	14.585199	6.415794	1.879533
15488	13.182423	6.177612	2.685475
15489	12.193871	6.117219	2.858707
15490	11.678361	5.935551	2.839183
15491	11.177078	5.749386	3.788834
15492	10.355352	5.474411	4.992702
15493	9.099033	5.288457	5.554817
15494	7.621783	5.191270	5.661535
15495	6.067213	5.058181	5.707674
15496	4.525027	4.879706	6.042331
15497	3.122401	4.630676	6.819737
15498	1.866376	4.432815	7.671658
15499	0.662652	4.283168	8.042969
15500	-0.447780	4.176809	7.890340
15501	-1.443443	4.117046	7.494497
15502	-2.355247	4.082003	6.836955
15503	-3.136041	4.044751	6.348213
15504	-3.805300	4.041302	5.958768
15505	-4.455862	4.088890	5.707386
15506	-5.002512	4.140644	5.746217
15507	-5.486607	4.169199	5.999474
15508	-5.923455	4.140468	6.303787
15509	-6.361739	4.092803	6.458158
15510	-6.799335	4.057451	6.428575
15511	-7.241441	4.006492	6.317743
15512	-7.663203	3.944885	6.207079
15513	-8.040150	3.884174	6.181327
15514	-8.363407	3.816848	6.213836
15515	-8.669279	3.738710	6.234084
15516	-8.971083	3.656691	6.181307
15517	-9.276950	3.580743	6.100076
15518	-9.545755	3.500777	6.030239
15519	-9.800250	3.423967	5.979017
15520	-10.046230	3.369257	5.926298
15521	-10.296122	3.322679	5.877427
15522	-10.522855	3.286068	5.835338
15523	-10.746422	3.245811	5.764503
15524	-10.946277	3.206008	5.671725
15525	-11.155140	3.167424	5.550176
15526	-11.364769	3.128805	5.421212
15527	-11.603835	3.090530	5.341675
15528	-11.864392	3.084028	5.334242
15529	-12.159083	3.097482	5.327923
15530	-12.488917	3.095677	5.267569
15531	-12.898904	3.083771	5.154449
15532	-13.355349	3.070571	5.079330
15533	-13.864780	3.064517	5.092621
15534	-14.420907	3.063720	5.173101
15535	-15.023985	2.998953	5.241738
15536	-15.649249	2.832717	5.206027
15537	-16.342090	2.676219	5.231289
15538	-17.053195	2.470731	5.220018
15539	-17.813516	2.196372	5.078764
15540	-18.633289	1.916448	4.899531
15541	-19.510166	1.622254	4.716073
15542	-20.434102	1.298226	4.529031
15543	-21.415393	0.959603	4.357813
15544	-22.440371	0.613981	4.181623
15545	-23.522307	0.236644	3.978801
15546	-24.662863	-0.183734	3.729737
15547	-25.873563	-0.656251	3.414620
15548	-27.123669	-1.168913	3.045079
15549	-28.463907	-1.720100	2.569118
15550	-29.894307	-2.283403	2.101701
15551	-31.425867	-2.893047	1.590788
15552	-32.978009	-3.569743	0.999562
15553	-34.535397	-4.290259	0.333156
15554	-36.137246	-5.106046	-0.531963
15555	-37.728119	-5.992105	-1.401123
15556	-39.267111	-6.923487	-2.243841
15557	-40.680124	-7.975858	-3.074360
15558	-42.015817	-9.057617	-3.761452
15559	-43.288913	-10.054946	-4.310128
15560	-44.535831	-10.863940	-4.823518
15561	-45.593728	-11.537649	-5.288244
15562	-46.404853	-12.123847	-5.616085
15563	-47.083896	-12.564971	-5.838133
15564	-47.699280	-12.728217	-5.892396
15565	-48.027788	-13.150933	-6.200980
15566	-48.341146	-13.449305	-6.742296
15567	-48.367482	-13.985185	-7.749631
15568	-47.924618	-14.933751	-8.943378
15569	-47.170376	-15.758276	-10.118445
15570	-46.219612	-16.067603	-11.081074
15571	-45.096338	-15.860208	-11.779000
15572	-43.916320	-15.198428	-12.197019
15573	-42.631564	-14.236571	-12.383298
15574	-41.231416	-13.178338	-12.422874
15575	-39.685750	-12.151468	-12.469061
15576	-38.012130	-11.227046	-12.569906
15577	-36.229179	-10.313243	-12.686084
15578	-34.297266	-9.399640	-12.746849
15579	-32.184931	-8.441992	-12.749721
15580	-29.906036	-7.399707	-12.688017
15581	-27.459085	-6.276717	-12.542706
15582	-24.883271	-5.147922	-12.353391
15583	-22.218619	-4.006088	-12.153165
15584	-19.514011	-2.851296	-11.926629
15585	-16.745226	-1.710915	-11.644948
15586	-13.892597	-0.631587	-11.307271
15587	-10.913804	0.345575	-10.960821
15588	-7.841988	1.213171	-10.623527
15589	-4.745024	2.033075	-10.246871
15590	-1.704294	2.829281	-9.786345
15591	1.204386	3.601663	-9.218508
15592	3.934327	4.304300	-8.552251
15593	6.501148	4.854985	-7.763464
15594	8.872713	5.238842	-6.839889
15595	11.001891	5.500731	-5.808773
15596	12.869626	5.678858	-4.676392
15597	14.483530	5.764017	-3.549902
15598	15.780533	5.783034	-2.490635
15599	16.683276	5.770473	-1.531054
15600	17.142639	5.798034	-0.872689
15601	17.174969	5.802038	-0.330288
15602	16.761056	5.748036	0.273499
15603	15.983383	5.612516	0.855460
15604	14.903917	5.382956	1.447472
15605	13.520311	5.152295	2.079426
15606	12.087639	4.983524	2.553574
15607	11.085153	4.952195	2.596912
15608	10.570249	4.783230	2.600344
15609	10.116205	4.598498	3.643281
15610	9.265413	4.330844	5.047230
15611	8.045133	4.069771	6.064483
15612	6.673223	3.882862	6.611878
15613	5.316531	3.723420	6.860647
15614	3.943226	3.663601	6.903790
15615	2.551575	3.622274	7.343122
15616	1.334206	3.567450	8.047924
15617	0.246298	3.501437	8.303734
15618	-0.737110	3.434450	8.092281
15619	-1.668994	3.436576	7.839664
15620	-2.420770	3.448376	7.663336
15621	-3.117365	3.505997	7.348098
15622	-3.775029	3.560745	7.153252
15623	-4.409062	3.567657	7.102747
15624	-4.978844	3.573208	7.088921
15625	-5.474674	3.572955	7.190470
15626	-5.947038	3.564484	7.353012
15627	-6.423557	3.535382	7.534624
15628	-6.877879	3.509605	7.674095
15629	-7.319999	3.489325	7.837455
15630	-7.742407	3.463998	7.914639
15631	-8.120755	3.415832	7.941200
15632	-8.469152	3.341674	7.907698
15633	-8.814134	3.276010	7.838078
15634	-9.125653	3.232619	7.769150
15635	-9.414015	3.183337	7.708556
15636	-9.663122	3.111020	7.638311
15637	-9.883869	3.022503	7.585342
15638	-10.085095	2.969574	7.566630
15639	-10.284914	2.924317	7.561890
15640	-10.454358	2.881225	7.591190
15641	-10.617669	2.826331	7.608274
15642	-10.765420	2.784687	7.626234
15643	-10.928316	2.753066	7.613462
15644	-11.097246	2.727424	7.577085
15645	-11.300503	2.703407	7.515377
15646	-11.512089	2.679965	7.437128
15647	-11.756437	2.662444	7.353675
15648	-12.045021	2.643894	7.229613
15649	-12.404825	2.594784	7.101310
15650	-12.807590	2.516346	6.982423
15651	-13.265706	2.407807	6.864496
15652	-13.774241	2.289106	6.755246
15653	-14.351429	2.138328	6.653461
15654	-14.996724	1.955707	6.563800
15655	-15.709942	1.751735	6.502663
15656	-16.455820	1.531863	6.434521
15657	-17.284423	1.276997	6.341971
15658	-18.166927	1.001381	6.253550
15659	-19.100478	0.706003	6.197881
15660	-20.077981	0.410396	6.195930
15661	-21.115489	0.106154	6.229672
15662	-22.214680	-0.181343	6.285113
15663	-23.375868	-0.463792	6.344658
15664	-24.595816	-0.758749	6.359780
15665	-25.876245	-1.098092	6.300589
15666	-27.224476	-1.461172	6.143792
15667	-28.686827	-1.875965	5.927266
15668	-30.262110	-2.298913	5.686338
15669	-31.889722	-2.774750	5.386319
15670	-33.593427	-3.297952	4.958115
15671	-35.364917	-3.907513	4.366350
15672	-37.187221	-4.532886	3.724463
15673	-38.937436	-5.329220	2.921676
15674	-40.548885	-6.293306	2.052430
15675	-42.018139	-7.458225	1.139574
15676	-43.370816	-8.791023	0.276892
15677	-44.679462	-9.999410	-0.474618
15678	-45.931216	-10.898973	-1.106790
15679	-46.980841	-11.502138	-1.528535
15680	-47.804899	-11.950626	-1.746683
15681	-48.604545	-12.072389	-1.812843
15682	-49.289938	-12.084406	-1.930961
15683	-49.690428	-12.345873	-2.405855
15684	-49.784452	-12.850203	-3.434137
15685	-49.343608	-13.797365	-4.844541
15686	-48.504155	-14.733326	-6.336357
15687	-47.375319	-15.228922	-7.714457
15688	-46.117391	-15.056148	-8.739652
15689	-44.754165	-14.293818	-9.392526
15690	-43.236736	-13.270498	-9.714552
15691	-41.554967	-12.170258	-9.919379
15692	-39.712589	-11.151110	-10.188305
15693	-37.764259	-10.182410	-10.571638
15694	-35.716967	-9.326438	-11.039734
15695	-33.536321	-8.505129	-11.500455
15696	-31.237660	-7.604992	-11.896173
15697	-28.771474	-6.617639	-12.239852
15698	-26.174991	-5.604236	-12.535231
15699	-23.492970	-4.548349	-12.769480
15700	-20.769383	-3.421889	-12.902673
15701	-17.998105	-2.255532	-12.970841
15702	-15.170936	-1.113937	-13.002812
15703	-12.267169	0.000799	-12.943933
15704	-9.312094	1.073575	-12.757066
15705	-6.356630	2.123146	-12.390450
15706	-3.464684	3.138035	-11.840456
15707	-0.625617	4.051477	-11.206026
15708	2.121246	4.840653	-10.527556
15709	4.756203	5.483709	-9.789611
15710	7.228693	5.960078	-8.975854
15711	9.491540	6.271411	-8.056605
15712	11.498599	6.448792	-6.995923
15713	13.292245	6.488383	-5.760880
15714	14.813733	6.420400	-4.448692
15715	15.995027	6.309209	-3.151289
15716	16.806303	6.163114	-1.830833
15717	17.253903	6.002824	-0.655922
15718	17.337846	5.834506	0.316411
15719	17.043146	5.675693	1.165716
15720	16.384708	5.495027	1.824131
15721	15.363766	5.288550	2.422611
15722	14.021866	5.090482	3.024189
15723	12.590158	4.956485	3.648725
15724	11.665266	4.988845	3.504205
15725	11.258981	4.918676	3.083352
15726	10.853253	4.817091	3.739077
15727	10.037578	4.546938	4.850709
15728	8.828034	4.399035	5.429224
15729	7.564077	4.288270	5.610353
15730	6.263081	4.208283	5.553198
15731	4.910900	4.146983	5.468433
15732	3.621473	4.038965	5.540473
15733	2.388212	3.904381	5.687688
15734	1.256321	3.785673	5.756038
15735	0.182396	3.751454	5.692883
15736	-0.762239	3.772111	5.625620
15737	-1.633085	3.845543	5.703197
15738	-2.372046	3.900963	5.883761
15739	-2.981505	3.907663	6.008690
15740	-3.525589	3.914680	5.960132
15741	-4.076832	3.964184	5.685064
15742	-4.600242	3.987814	5.205961
15743	-5.147147	4.018377	4.901032
15744	-5.634787	4.015821	4.771401
15745	-6.053763	3.996002	4.732004
15746	-6.470394	3.975335	4.693497
15747	-6.889446	3.911098	4.684856
15748	-7.282086	3.822630	4.574442
15749	-7.670765	3.756391	4.435764
15750	-8.045087	3.707439	4.295497
15751	-8.402680	3.624494	4.086156
15752	-8.745569	3.553157	3.949052
15753	-9.052410	3.470898	3.853084
15754	-9.335894	3.391798	3.754581
15755	-9.601749	3.307590	3.676243
15756	-9.842041	3.220354	3.563089
15757	-10.058951	3.146895	3.534621
15758	-10.244032	3.087961	3.535327
15759	-10.430962	3.033802	3.549088
15760	-10.621604	2.999829	3.570281
15761	-10.831336	2.974209	3.620700
15762	-11.036403	2.951170	3.681657
15763	-11.251113	2.911511	3.725413
15764	-11.482918	2.878241	3.757991
15765	-11.770520	2.834257	3.763755
15766	-12.095277	2.761664	3.749793
15767	-12.459135	2.653645	3.715294
15768	-12.855021	2.537999	3.680598
15769	-13.314610	2.386333	3.640921
15770	-13.831994	2.225055	3.622092
15771	-14.416012	2.030854	3.627975
15772	-15.061934	1.794473	3.639333
15773	-15.780097	1.539515	3.640277
15774	-16.570216	1.279657	3.620551
15775	-17.459965	0.995964	3.586211
15776	-18.417758	0.707388	3.599110
15777	-19.440855	0.414035	3.665544
15778	-20.527544	0.117085	3.758496
15779	-21.674873	-0.208891	3.853065
15780	-22.875857	-0.549367	3.944717
15781	-24.117842	-0.916530	4.004599
15782	-25.396851	-1.326429	3.990920
15783	-26.713866	-1.808880	3.871241
15784	-28.085544	-2.330674	3.669526
15785	-29.542299	-2.843772	3.404195
15786	-31.080787	-3.404822	3.103283
15787	-32.672812	-4.042632	2.690618
15788	-34.308118	-4.713325	2.223512
15789	-35.989046	-5.424204	1.701882
15790	-37.690100	-6.094561	1.272165
15791	-39.333060	-6.919787	0.744052
15792	-40.854907	-7.900225	0.314580
15793	-42.283699	-8.886428	0.031613
15794	-43.713305	-9.725966	-0.181455
15795	-45.035479	-10.417813	-0.388179
15796	-46.101597	-11.012859	-0.500620
15797	-46.964591	-11.470663	-0.518895
15798	-47.852491	-11.679177	-0.444650
15799	-48.621775	-11.660252	-0.356526
15800	-49.220675	-11.823265	-0.500806
15801	-49.645286	-12.108317	-1.222924
15802	-49.555711	-13.078349	-2.500688
15803	-49.000412	-14.299770	-3.968422
15804	-48.169602	-15.141001	-5.310132
15805	-47.111116	-15.310030	-6.325363
15806	-45.964552	-14.846433	-6.990879
15807	-44.701349	-13.935100	-7.430995
15808	-43.275282	-12.875114	-7.726004
15809	-41.645348	-11.882027	-8.055335
15810	-39.855954	-10.992007	-8.500137
15811	-37.893410	-10.204486	-9.030461
15812	-35.762172	-9.471018	-9.532680
15813	-33.458995	-8.730263	-10.017065
15814	-31.013532	-7.913096	-10.477821
15815	-28.434063	-6.955044	-10.831991
15816	-25.786505	-5.907514	-11.052875
15817	-23.080077	-4.792379	-11.193619
15818	-20.318133	-3.674856	-11.281584
15819	-17.480070	-2.567111	-11.285490
15820	-14.560771	-1.479426	-11.131966
15821	-11.540877	-0.422456	-10.804858
15822	-8.466951	0.611124	-10.265752
15823	-5.388843	1.632992	-9.531218
15824	-2.346599	2.573051	-8.737085
15825	0.631376	3.389787	-7.968782
15826	3.475956	4.084970	-7.288446
15827	6.169362	4.636408	-6.641018
15828	8.681357	5.052457	-5.920545
15829	10.975158	5.386138	-5.118738
15830	13.024839	5.669539	-4.244343
15831	14.845738	5.886834	-3.411424
15832	16.412162	6.058533	-2.664665
15833	17.650623	6.205501	-1.933196
15834	18.466668	6.374466	-1.363873
15835	18.860259	6.539139	-0.981412
15836	18.830623	6.695844	-0.662812
15837	18.430869	6.763328	-0.441772
15838	17.705286	6.742594	-0.294433
15839	16.659213	6.596494	-0.039634
15840	15.326013	6.364808	0.429679
15841	13.880362	6.110591	1.039441
15842	12.719567	6.023854	1.513972
15843	12.102126	5.981210	1.418625
15844	11.682203	5.852533	1.742425
15845	11.134309	5.644211	2.701920
15846	10.262511	5.406615	3.256436
15847	9.141724	5.248170	3.409052
15848	7.871108	5.093821	3.463819
15849	6.445408	4.963534	3.665740
15850	4.982259	4.793703	4.309404
15851	3.609483	4.524693	5.329148
15852	2.330136	4.290431	6.434497
15853	1.151114	4.116210	7.186234
15854	0.061907	4.027763	7.529989
15855	-0.921854	4.003865	7.576272
15856	-1.769654	4.027227	7.444896
15857	-2.528156	4.099484	7.141633
15858	-3.210646	4.174388	6.677700
15859	-3.857324	4.237381	6.062947
15860	-4.504722	4.333498	5.545953
15861	-5.101476	4.406021	5.284114
15862	-5.635615	4.461065	5.326657
15863	-6.124905	4.462394	5.514663
15864	-6.537911	4.440922	5.680620
15865	-6.946140	4.419705	5.722809
15866	-7.368966	4.383403	5.548397
15867	-7.826251	4.340311	5.200038
15868	-8.266524	4.314998	4.830684
15869	-8.682232	4.287884	4.579063
15870	-9.049301	4.243136	4.428659
15871	-9.382398	4.203470	4.335490
15872	-9.698461	4.163430	4.256195
15873	-10.021834	4.122169	4.156096
15874	-10.346766	4.119491	4.116339
15875	-10.695420	4.151231	4.137937
15876	-11.015353	4.171833	4.192873
15877	-11.321251	4.180022	4.244786
15878	-11.617413	4.198696	4.265479
15879	-11.926486	4.218259	4.282093
15880	-12.208605	4.234318	4.345566
15881	-12.482458	4.253415	4.453476
15882	-12.731837	4.263827	4.572140
15883	-12.970930	4.262152	4.689182
15884	-13.198744	4.233760	4.729064
15885	-13.451296	4.185378	4.722036
15886	-13.728227	4.118687	4.700014
15887	-14.062041	4.027213	4.678787
15888	-14.439480	3.931468	4.705013
15889	-14.871187	3.803149	4.764999
15890	-15.372874	3.636163	4.811656
15891	-15.981930	3.422468	4.829321
15892	-16.663002	3.171923	4.830886
15893	-17.406674	2.888832	4.796856
15894	-18.212879	2.572509	4.723634
15895	-19.087243	2.214677	4.617061
15896	-20.018787	1.819769	4.529516
15897	-21.014822	1.391641	4.458182
15898	-22.050776	0.930314	4.410898
15899	-23.143851	0.453779	4.348270
15900	-24.314003	-0.034867	4.260495
15901	-25.561675	-0.558428	4.105061
15902	-26.868553	-1.095923	3.926134
15903	-28.225394	-1.684687	3.640996
15904	-29.654243	-2.320205	3.284609
15905	-31.161882	-3.017025	2.816644
15906	-32.705555	-3.792835	2.289542
15907	-34.285295	-4.616502	1.702932
15908	-35.904289	-5.517726	1.077148
15909	-37.574065	-6.420587	0.538171
15910	-39.260605	-7.443357	-0.042309
15911	-40.844266	-8.666376	-0.621718
15912	-42.468078	-9.689235	-0.840765
15913	-44.092857	-10.415222	-0.858059
15914	-45.541910	-10.980334	-0.862190
15915	-46.723580	-11.312009	-0.782880
15916	-47.736517	-11.514528	-0.652369
15917	-48.542688	-11.683308	-0.582407
15918	-49.192080	-11.856894	-0.603520
15919	-49.842268	-11.816854	-0.968078
15920	-49.974541	-12.465761	-2.121719
15921	-49.560661	-13.548823	-3.630354
15922	-48.771807	-14.471089	-5.141976
15923	-47.666975	-14.937720	-6.449081
15924	-46.384978	-14.917935	-7.484071
15925	-45.048841	-14.426931	-8.291043
15926	-43.649937	-13.616940	-8.898088
15927	-42.106757	-12.724589	-9.414601
15928	-40.405982	-11.931176	-10.025777
15929	-38.582526	-11.153998	-10.709295
15930	-36.631852	-10.414264	-11.383356
15931	-34.519665	-9.690268	-11.987677
15932	-32.286036	-8.879990	-12.483508
15933	-29.924344	-7.884986	-12.801600
15934	-27.443038	-6.736308	-12.872209
15935	-24.857220	-5.496199	-12.774378
15936	-22.219739	-4.179104	-12.560393
15937	-19.529317	-2.804088	-12.205387
15938	-16.761350	-1.459708	-11.689071
15939	-13.844365	-0.211671	-11.052693
15940	-10.774678	0.880633	-10.339852
15941	-7.606681	1.845871	-9.601817
15942	-4.428833	2.722002	-8.866992
15943	-1.268520	3.536808	-8.160255
15944	1.801937	4.270644	-7.574432
15945	4.754152	4.913112	-7.069488
15946	7.531062	5.457822	-6.418677
15947	10.100074	5.910565	-5.583948
15948	12.458134	6.274768	-4.583585
15949	14.609557	6.570025	-3.531864
15950	16.482307	6.845307	-2.696790
15951	18.029472	7.104680	-2.011409
15952	19.156698	7.391204	-1.475536
15953	19.864601	7.672335	-1.125693
15954	20.095803	7.966585	-0.941421
15955	19.861896	8.206037	-0.898364
15956	19.277474	8.274888	-0.847010
15957	18.386585	8.158114	-0.591334
15958	17.222511	7.861965	-0.102985
15959	15.846169	7.454425	0.798006
15960	14.559669	7.123763	1.664474
15961	13.751548	6.986725	2.145567
15962	13.333413	6.808554	2.536609
15963	12.932969	6.596869	3.561040
15964	12.201854	6.428188	4.096692
15965	11.242811	6.311455	3.819935
15966	10.111545	6.262011	3.402281
15967	8.825602	6.239440	3.013585
15968	7.383859	6.205307	2.688107
15969	5.946481	5.995041	2.877371
15970	4.662167	5.646389	3.651282
15971	3.527730	5.317174	4.537963
15972	2.441153	5.090760	5.157438
15973	1.358500	4.993080	5.408686
15974	0.341399	4.968679	5.377072
15975	-0.532145	4.944097	5.180693
15976	-1.303241	4.968462	4.929676
15977	-1.958666	4.950610	4.593416
15978	-2.527614	4.913660	4.208354
15979	-3.048771	4.884849	3.940976
15980	-3.502963	4.872232	3.931909
15981	-3.907798	4.845363	3.980173
15982	-4.261017	4.818665	4.040494
15983	-4.604211	4.773885	4.072275
15984	-4.949265	4.719340	4.008556
15985	-5.314889	4.664021	3.917120
15986	-5.665742	4.630379	3.879585
15987	-5.991590	4.602097	3.910599
15988	-6.294505	4.567575	3.908905
15989	-6.595852	4.503912	3.799486
15990	-6.873336	4.389958	3.499756
15991	-7.174048	4.271949	3.179901
15992	-7.466148	4.181702	2.981629
15993	-7.780196	4.127848	2.893418
15994	-8.064123	4.054820	2.877080
15995	-8.343573	3.970188	2.866478
15996	-8.598492	3.908749	2.912982
15997	-8.865025	3.857646	2.923399
15998	-9.131577	3.831549	2.962091
15999	-9.377477	3.791213	3.049161
16000	-9.608473	3.744155	3.133105
16001	-9.842098	3.700201	3.198498
16002	-10.063359	3.641302	3.209704
16003	-10.307082	3.571078	3.165058
16004	-10.581202	3.483643	3.057047
16005	-10.911462	3.374422	2.953201
16006	-11.280065	3.238433	2.863506
16007	-11.720230	3.079458	2.823364
16008	-12.249497	2.908692	2.808597
16009	-12.878200	2.708541	2.793650
16010	-13.583595	2.475389	2.778959
16011	-14.360458	2.221748	2.774831
16012	-15.193724	1.944642	2.768366
16013	-16.082509	1.625108	2.732723
16014	-16.979758	1.285364	2.681622
16015	-17.925379	0.910878	2.599154
16016	-18.918504	0.489720	2.516898
16017	-19.963266	0.027404	2.458482
16018	-21.050281	-0.456021	2.421071
16019	-22.177347	-0.954644	2.391235
16020	-23.364285	-1.473636	2.322244
16021	-24.612802	-1.994908	2.195192
16022	-25.944150	-2.536742	1.998774
16023	-27.374222	-3.105683	1.749491
16024	-28.851416	-3.738756	1.448974
16025	-30.349664	-4.401639	1.134080
16026	-31.913983	-5.087341	0.801228
16027	-33.578677	-5.772746	0.503402
16028	-35.315552	-6.469010	0.274598
16029	-37.038025	-7.234101	-0.004508
16030	-38.726541	-8.073011	-0.296904
16031	-40.369709	-8.956173	-0.556324
16032	-41.946808	-9.808898	-0.767326
16033	-43.436152	-10.524965	-0.937775
16034	-44.747739	-11.144710	-1.130280
16035	-45.754580	-11.673026	-1.231879
16036	-46.687956	-11.995686	-1.215669
16037	-47.621738	-11.938950	-1.016416
16038	-48.338199	-11.957958	-0.922536
16039	-48.917806	-11.994048	-1.177799
16040	-49.118621	-12.525664	-2.054077
16041	-48.854401	-13.539653	-3.239913
16042	-48.274450	-14.453556	-4.407487
16043	-47.378755	-14.866454	-5.357071
16044	-46.254399	-14.686988	-5.989215
16045	-44.982826	-13.940491	-6.383460
16046	-43.520879	-12.951682	-6.611061
16047	-41.888075	-11.861332	-6.783112
16048	-40.128252	-10.805992	-7.027039
16049	-38.208569	-9.834042	-7.358546
16050	-36.095446	-9.017752	-7.738216
16051	-33.776789	-8.285708	-8.153907
16052	-31.299513	-7.543162	-8.608275
16053	-28.658584	-6.720091	-9.074705
16054	-25.906831	-5.790962	-9.464250
16055	-23.061541	-4.766651	-9.756205
16056	-20.165222	-3.672456	-9.984754
16057	-17.214841	-2.540258	-10.183583
16058	-14.222295	-1.393276	-10.325223
16059	-11.158120	-0.226383	-10.339496
16060	-8.027525	0.922929	-10.177755
16061	-4.877155	2.057703	-9.796460
16062	-1.785689	3.137485	-9.250263
16063	1.209291	4.080539	-8.694383
16064	4.077708	4.833354	-8.195833
