// General information: 
//  MT Manager version: 2021.4.0 
//  XDA version: 2021.4.0 build 6323 rev 112641 built on 2021-09-28
// Device information: 
//  DeviceId: 00B43773
//  ProductCode: MTW2-3A7G6
//  Firmware Version: 4.3.4
//  Hardware Version: 1.1.0
// Device settings: 
//  Filter Profile: human(46.1)
//  Option Flags: Orientation Smoother Disabled, Position/Velocity Smoother Disabled, Continuous Zero Rotation Update Disabled, AHS Disabled, ICC Disabled
// Coordinate system: ENU
PacketCounter	SampleTimeFine	Roll	Pitch	Yaw
01532		-5.343273	-5.303929	136.539851
01533		-5.310249	-5.686991	136.596706
01534		-5.297716	-6.034748	136.625862
01535		-5.316558	-6.380574	136.641039
01536		-5.346814	-6.698988	136.649752
01537		-5.379004	-6.981058	136.660358
01538		-5.388780	-7.234123	136.654628
01539		-5.364007	-7.444190	136.641579
01540		-5.304574	-7.617878	136.635101
01541		-5.209137	-7.718875	136.653985
01542		-5.098283	-7.754677	136.686528
01543		-4.968165	-7.709524	136.735255
01544		-4.810335	-7.588882	136.793443
01545		-4.636711	-7.379208	136.860820
01546		-4.469984	-7.127196	136.931064
01547		-4.298048	-6.821320	137.001416
01548		-4.131996	-6.511009	137.081653
01549		-3.984509	-6.234172	137.174053
01550		-3.848519	-6.016024	137.259828
01551		-3.722050	-5.856491	137.343716
01552		-3.590141	-5.767488	137.409516
01553		-3.462061	-5.737044	137.465708
01554		-3.323803	-5.751064	137.512291
01555		-3.179312	-5.786667	137.556174
01556		-3.028926	-5.854277	137.598517
01557		-2.884902	-5.937644	137.635440
01558		-2.742435	-6.039569	137.668320
01559		-2.610319	-6.154773	137.702425
01560		-2.498598	-6.295982	137.726778
01561		-2.416670	-6.462838	137.741205
01562		-2.364235	-6.673589	137.729017
01563		-2.363938	-6.925556	137.667093
01564		-2.387520	-7.240972	137.580057
01565		-2.400770	-7.612726	137.517782
01566		-2.384767	-8.075616	137.484640
01567		-2.353514	-8.607306	137.458254
01568		-2.295801	-9.218966	137.425085
01569		-2.201849	-9.890929	137.396533
01570		-2.106425	-10.640110	137.361104
01571		-2.008058	-11.478273	137.317061
01572		-1.899004	-12.429001	137.263446
01573		-1.780953	-13.497989	137.203329
01574		-1.666091	-14.719723	137.127190
01575		-1.550597	-16.114068	137.026639
01576		-1.413283	-17.698162	136.872911
01577		-1.259076	-19.470318	136.651758
01578		-1.109523	-21.545457	136.417957
01579		-0.964893	-24.051354	136.161673
01580		-0.956504	-27.128936	135.943453
01581		-1.047484	-30.842538	135.847807
01582		-0.997890	-34.963744	135.664829
01583		-0.739934	-39.280487	135.252809
01584		-0.325462	-43.750551	134.809260
01585		-0.026844	-48.638649	134.495014
01586		0.606942	-53.387050	133.789518
01587		1.845370	-57.379493	132.153520
01588		3.897749	-60.695947	129.859641
01589		6.642578	-63.492713	127.162485
01590		9.696448	-65.480548	124.320693
01591		11.990747	-66.490172	122.348458
01592		13.376560	-66.379641	121.345520
01593		13.915520	-65.675956	121.113935
01594		14.026875	-64.653622	121.297104
01595		14.022712	-63.456293	121.565136
01596		14.023207	-62.089421	121.733394
01597		13.966411	-60.500776	121.808164
01598		13.734802	-58.602746	121.904507
01599		13.306892	-56.383546	122.083635
01600		12.737203	-53.859270	122.392344
01601		12.101734	-51.118812	122.766456
01602		11.386271	-48.206186	123.140630
01603		10.529688	-45.172133	123.482753
01604		9.491709	-42.041752	123.840316
01605		8.310035	-38.898241	124.229892
01606		7.001916	-35.736586	124.691110
01607		5.625623	-32.565933	125.191365
01608		4.163932	-29.343141	125.738347
01609		2.654732	-26.129745	126.222402
01610		1.116965	-22.958793	126.551908
01611		-0.416269	-19.900489	126.679845
01612		-1.926742	-16.924866	126.655732
01613		-3.376679	-14.004849	126.490906
01614		-4.791553	-11.030597	126.334293
01615		-6.194977	-7.976664	126.304050
01616		-7.622418	-4.868766	126.414103
01617		-9.078857	-1.785341	126.606916
01618		-10.523771	1.220783	126.861201
01619		-11.890116	4.064819	127.162840
01620		-13.121602	6.748313	127.525285
01621		-14.094907	9.218747	127.936332
01622		-14.767746	11.402425	128.380530
01623		-15.193104	13.187209	128.832707
01624		-15.487667	14.502373	129.235667
01625		-15.672279	15.274924	129.561077
01626		-15.611039	15.478700	129.808240
01627		-15.090906	15.158538	130.058350
01628		-13.834278	14.318019	130.457054
01629		-12.068523	12.823399	130.893280
01630		-10.520481	11.473975	130.984310
01631		-9.458451	9.826197	130.972163
01632		-8.340071	7.966503	131.259595
01633		-7.481117	5.936313	131.620040
01634		-7.287756	3.885930	132.117950
01635		-7.206792	1.954958	132.510394
01636		-6.962712	0.261557	132.527783
01637		-6.812190	-1.177286	132.423656
01638		-6.778658	-2.452666	132.370616
01639		-6.719772	-3.410831	132.448879
01640		-6.613788	-4.267896	132.545155
01641		-6.533487	-4.950133	132.590303
01642		-6.474186	-5.498765	132.603647
01643		-6.369862	-5.948341	132.592695
01644		-6.227169	-6.313727	132.558416
01645		-6.080685	-6.618156	132.488272
01646		-5.927502	-6.882394	132.391578
01647		-5.756794	-7.093816	132.310153
01648		-5.542925	-7.266331	132.241663
01649		-5.274636	-7.357500	132.182664
01650		-4.939775	-7.379998	132.126944
01651		-4.555206	-7.318661	132.090637
01652		-4.158397	-7.196867	132.066114
01653		-3.807941	-7.018582	132.076595
01654		-3.502280	-6.805580	132.101968
01655		-3.213036	-6.547401	132.138289
01656		-2.941012	-6.270289	132.186331
01657		-2.694575	-5.979486	132.254359
01658		-2.479513	-5.725260	132.345149
01659		-2.285664	-5.507565	132.449386
01660		-2.096203	-5.340060	132.533594
01661		-1.925149	-5.228807	132.621473
01662		-1.761267	-5.213565	132.696636
01663		-1.575286	-5.246752	132.765322
01664		-1.359820	-5.317658	132.825470
01665		-1.113774	-5.402875	132.897551
01666		-0.843837	-5.512018	132.970722
01667		-0.569297	-5.647543	133.038192
01668		-0.291921	-5.833003	133.099717
01669		-0.023834	-6.050288	133.160189
01670		0.211545	-6.311410	133.185558
01671		0.290424	-6.633006	133.071738
01672		0.370160	-7.056826	132.932148
01673		0.586944	-7.584734	132.870555
01674		0.794834	-8.203305	132.784856
01675		1.023707	-8.895979	132.721478
01676		1.231538	-9.676479	132.664141
01677		1.423160	-10.526301	132.627971
01678		1.610911	-11.452043	132.600079
01679		1.803662	-12.442771	132.573077
01680		2.019613	-13.522475	132.531230
01681		2.248399	-14.695790	132.468292
01682		2.529926	-16.008545	132.362396
01683		2.886110	-17.472484	132.180118
01684		3.341571	-19.123995	131.874240
01685		3.899185	-20.997034	131.390208
01686		4.555774	-23.138588	130.660714
01687		5.220628	-25.606527	129.762801
01688		5.904547	-28.632180	128.802937
01689		6.617874	-32.255318	127.859541
01690		7.653468	-36.199013	126.710981
01691		9.003360	-40.578994	125.176873
01692		10.195665	-45.469759	123.518414
01693		11.678919	-49.883156	121.525586
01694		13.708224	-53.594487	119.014563
01695		16.384097	-56.774389	115.851196
01696		19.814540	-59.397539	112.362277
01697		23.604844	-61.362400	108.898148
01698		26.216707	-62.600746	106.998813
01699		27.302839	-63.097399	106.652699
01700		27.094370	-63.168116	107.497284
01701		26.124299	-62.989958	108.832530
01702		24.680041	-62.549054	110.398820
01703		23.108200	-61.829315	111.866619
01704		21.469943	-60.784047	113.276680
01705		19.859678	-59.401707	114.609808
01706		18.277527	-57.647793	115.907751
01707		16.753454	-55.561744	117.146754
01708		15.331282	-53.178187	118.242102
01709		14.035262	-50.582306	119.080064
01710		12.764510	-47.783084	119.697853
01711		11.432088	-44.793364	120.221189
01712		10.009049	-41.636005	120.787826
01713		8.614576	-38.452202	121.348858
01714		7.250077	-35.292665	121.865339
01715		5.866583	-32.153330	122.327772
01716		4.422733	-28.986379	122.735897
01717		2.949253	-25.854956	123.047935
01718		1.442544	-22.735253	123.288129
01719		-0.069676	-19.667670	123.452421
01720		-1.593224	-16.621328	123.539941
01721		-3.077111	-13.625251	123.530037
01722		-4.534106	-10.561236	123.530898
01723		-5.944897	-7.435247	123.654646
01724		-7.314488	-4.283455	123.924941
01725		-8.661691	-1.229072	124.299507
01726		-9.992923	1.684300	124.720818
01727		-11.316724	4.473319	125.195749
01728		-12.550030	7.202683	125.780892
01729		-13.572112	9.755420	126.496255
01730		-14.315558	12.039500	127.351895
01731		-14.710370	13.957165	128.320032
01732		-14.825632	15.398752	129.285425
01733		-14.904086	16.283292	130.091508
01734		-15.153831	16.581811	130.643896
01735		-15.345056	16.310636	131.025443
01736		-15.106989	15.517200	131.381543
01737		-14.191857	14.210659	131.823368
01738		-12.960387	12.616388	132.188371
01739		-11.661650	11.224002	132.233786
01740		-10.374779	9.353261	132.318981
01741		-9.015582	7.314541	132.661721
01742		-8.165972	5.105769	133.175461
01743		-7.761202	3.050277	133.759589
01744		-7.219529	1.255101	133.817835
01745		-6.607047	-0.279871	133.761188
01746		-6.231690	-1.699785	133.795239
01747		-5.944660	-2.700339	133.978471
01748		-5.567674	-3.548284	134.052224
01749		-5.230516	-4.176754	134.130308
01750		-4.940480	-4.690448	134.172898
01751		-4.680879	-5.089981	134.188201
01752		-4.432763	-5.406522	134.190370
01753		-4.198987	-5.654753	134.189071
01754		-3.983452	-5.881913	134.184762
01755		-3.800093	-6.086691	134.189089
01756		-3.663841	-6.270205	134.190811
01757		-3.551051	-6.366550	134.186251
01758		-3.417799	-6.410067	134.189716
01759		-3.265627	-6.403289	134.203726
01760		-3.097008	-6.375350	134.224997
01761		-2.920589	-6.300928	134.256604
01762		-2.749499	-6.210330	134.293926
01763		-2.589754	-6.065532	134.337869
01764		-2.425378	-5.887979	134.381463
01765		-2.241091	-5.698003	134.431479
01766		-2.020589	-5.531819	134.486547
01767		-1.785272	-5.390815	134.543940
01768		-1.566390	-5.311664	134.599847
01769		-1.395260	-5.295118	134.653346
01770		-1.252244	-5.335061	134.698412
01771		-1.114808	-5.398729	134.748599
01772		-0.967822	-5.495231	134.789761
01773		-0.807601	-5.605802	134.829789
01774		-0.661276	-5.750866	134.842397
01775		-0.553563	-5.908991	134.816325
01776		-0.485792	-6.102136	134.756978
01777		-0.422889	-6.312515	134.705091
01778		-0.317721	-6.581983	134.681704
01779		-0.220668	-6.882139	134.630742
01780		-0.115747	-7.239599	134.563476
01781		-0.019572	-7.620887	134.507885
01782		0.076612	-8.047727	134.481145
01783		0.167867	-8.521809	134.464323
01784		0.257930	-9.063651	134.443980
01785		0.375134	-9.671600	134.421004
01786		0.524544	-10.345947	134.393787
01787		0.717543	-11.082843	134.370048
01788		0.950077	-11.902787	134.346321
01789		1.227808	-12.807556	134.300136
01790		1.557664	-13.820034	134.216853
01791		1.926941	-14.942759	134.099222
01792		2.327302	-16.202980	133.929742
01793		2.751641	-17.616390	133.672259
01794		3.232824	-19.212426	133.297691
01795		3.785144	-20.966564	132.734681
01796		4.338440	-22.956160	132.099822
01797		4.932957	-25.340765	131.383963
01798		5.437513	-28.415701	130.568340
01799		5.825632	-32.683616	129.713770
01800		6.550196	-37.386485	128.375702
01801		7.810377	-41.721538	126.493994
01802		9.414956	-45.731666	124.249491
01803		11.010433	-49.127348	121.786222
01804		12.668351	-52.130438	119.225809
01805		14.919718	-54.675638	116.207776
01806		17.858658	-56.834505	112.829664
01807		20.608464	-58.252614	109.956559
01808		22.779076	-58.973206	107.915249
01809		24.359436	-59.229196	106.520662
01810		25.202007	-59.215439	105.783275
01811		25.437153	-58.981428	105.442904
01812		25.064001	-58.538337	105.477942
01813		24.256062	-57.923370	105.802956
01814		23.137746	-57.133383	106.433971
01815		21.840882	-56.186123	107.322684
01816		20.388560	-55.037759	108.470040
01817		18.830374	-53.654233	109.817295
01818		17.186977	-51.992746	111.293056
01819		15.520833	-50.083870	112.750361
01820		13.816617	-47.929453	114.149064
01821		12.119095	-45.578321	115.426684
01822		10.445432	-43.046791	116.570717
01823		8.824193	-40.368824	117.559281
01824		7.222869	-37.513961	118.414945
01825		5.680409	-34.557473	119.119221
01826		4.189684	-31.533999	119.696235
01827		2.788080	-28.529034	120.138360
01828		1.418024	-25.542372	120.454132
01829		0.087124	-22.579474	120.650143
01830		-1.236254	-19.595782	120.760033
01831		-2.551334	-16.589469	120.749564
01832		-3.847505	-13.499340	120.658443
01833		-5.089088	-10.354448	120.613383
01834		-6.310598	-7.124266	120.774954
01835		-7.529651	-3.867323	121.163886
01836		-8.693197	-0.645529	121.729176
01837		-9.724169	2.400812	122.411792
01838		-10.655052	5.216642	123.162972
01839		-11.542433	7.729780	123.928416
01840		-12.393607	9.898278	124.715530
01841		-13.220309	11.714665	125.510479
01842		-14.016332	13.170238	126.294825
01843		-14.732743	14.237282	127.022342
01844		-15.374681	14.917542	127.613783
01845		-15.905221	15.179399	128.011772
01846		-16.151531	15.025276	128.286474
01847		-15.885807	14.486814	128.549238
01848		-14.751958	13.435747	128.985172
01849		-13.175788	12.002900	129.239945
01850		-11.612025	10.703980	129.057992
01851		-10.301212	8.928105	128.844060
01852		-9.071909	7.032398	128.983542
01853		-8.355153	4.984987	129.404228
01854		-8.158809	2.984452	129.885959
01855		-7.773908	1.240388	130.039181
01856		-7.281292	-0.235779	129.935426
01857		-7.088274	-1.507924	129.854646
01858		-6.949555	-2.456991	129.858468
01859		-6.749473	-3.266277	129.913776
01860		-6.592722	-3.963239	129.973886
01861		-6.493458	-4.503643	130.036550
01862		-6.396631	-4.946557	130.084719
01863		-6.292394	-5.301218	130.118140
01864		-6.202537	-5.635132	130.144710
01865		-6.145327	-5.947693	130.159914
01866		-6.109648	-6.284867	130.162140
01867		-6.093956	-6.603327	130.155891
01868		-6.077535	-6.910594	130.140410
01869		-6.045005	-7.179537	130.117319
01870		-5.959415	-7.408293	130.098089
01871		-5.825518	-7.566215	130.097167
01872		-5.667313	-7.637441	130.104121
01873		-5.487254	-7.609521	130.114670
01874		-5.225000	-7.482348	130.128458
01875		-4.896993	-7.231559	130.150322
01876		-4.534724	-6.921718	130.184568
01877		-4.173831	-6.599147	130.246783
01878		-3.834470	-6.344680	130.323264
01879		-3.524725	-6.151682	130.401848
01880		-3.245819	-6.022420	130.469045
01881		-3.004747	-5.927521	130.520940
01882		-2.760524	-5.867053	130.553848
01883		-2.505666	-5.851289	130.587805
01884		-2.224113	-5.896903	130.623230
01885		-1.954568	-5.969986	130.662679
01886		-1.686744	-6.109203	130.707294
01887		-1.459221	-6.287351	130.745108
01888		-1.246230	-6.534338	130.801227
01889		-1.041725	-6.832931	130.861965
01890		-0.812548	-7.155352	130.926556
01891		-0.555698	-7.472656	130.986302
01892		-0.286828	-7.785736	131.019726
01893		-0.068937	-8.103484	130.979236
01894		0.110488	-8.510446	130.854453
01895		0.399930	-9.032544	130.785466
01896		0.744698	-9.691149	130.708616
01897		1.068064	-10.408735	130.623456
01898		1.428428	-11.229909	130.547552
01899		1.760024	-12.179365	130.489350
01900		2.103262	-13.274960	130.437209
01901		2.467497	-14.471573	130.359635
01902		2.859356	-15.781853	130.245932
01903		3.301544	-17.256757	130.083645
01904		3.793840	-18.976701	129.823478
01905		4.340455	-20.914332	129.418083
01906		4.995633	-23.053903	128.840980
01907		5.808864	-25.555183	127.984607
01908		6.728827	-28.463973	126.794045
01909		7.692806	-31.882829	125.441982
01910		8.950680	-35.622664	123.876671
01911		10.629244	-39.421732	121.833206
01912		12.521031	-43.456799	119.497836
01913		14.447010	-47.323643	116.869086
01914		16.756301	-50.917277	113.910993
01915		19.674090	-53.996200	110.477410
01916		23.580631	-56.494939	106.619126
01917		27.724581	-58.301077	103.235948
01918		30.452157	-59.221490	101.797311
01919		31.596490	-59.510760	101.788331
01920		31.338583	-59.466735	102.651688
01921		30.223232	-59.225092	103.749857
01922		28.553266	-58.762829	104.942974
01923		26.628021	-58.050280	106.180508
01924		24.577707	-57.038320	107.593225
01925		22.510987	-55.731275	109.171081
01926		20.383956	-54.096131	110.906423
01927		18.268268	-52.170748	112.624077
01928		16.189815	-49.938136	114.229951
01929		14.224203	-47.500423	115.626767
01930		12.388066	-44.911202	116.818470
01931		10.700966	-42.261226	117.799290
01932		9.067814	-39.518613	118.672997
01933		7.472800	-36.675550	119.409204
01934		5.888328	-33.634694	120.042051
01935		4.374024	-30.461780	120.521153
01936		2.939532	-27.196442	120.818579
01937		1.589461	-23.962296	120.890912
01938		0.265265	-20.726984	120.802542
01939		-1.049774	-17.519761	120.593796
01940		-2.401503	-14.286071	120.316698
01941		-3.731532	-11.072244	120.019452
01942		-5.071627	-7.820593	119.816665
01943		-6.484355	-4.568760	119.821665
01944		-8.025982	-1.319532	120.072534
01945		-9.589016	1.838081	120.495995
01946		-11.000967	4.945636	121.129653
01947		-12.128557	7.898610	121.971348
01948		-12.969486	10.578240	122.978093
01949		-13.564928	12.864617	124.093574
01950		-13.969047	14.716593	125.228961
01951		-14.199857	16.089779	126.283202
01952		-14.464869	16.911280	127.076351
01953		-14.904325	17.143957	127.504926
01954		-15.204188	16.869796	127.729821
01955		-14.940478	16.173353	127.954774
01956		-14.068602	15.111093	128.218772
01957		-12.697315	13.592762	128.506449
01958		-11.390052	12.211210	128.596136
01959		-10.229237	10.484618	128.547792
01960		-8.896830	8.509949	128.751875
01961		-7.897558	6.399956	129.050050
01962		-7.474861	4.301554	129.411889
01963		-7.136046	2.354324	129.690868
01964		-6.681732	0.611242	129.665162
01965		-6.500805	-0.845008	129.596191
01966		-6.426512	-2.131803	129.581319
01967		-6.338383	-3.131918	129.644419
01968		-6.219254	-4.010591	129.725912
01969		-6.130122	-4.690818	129.780383
01970		-6.070660	-5.237937	129.836609
01971		-6.007803	-5.651965	129.874901
01972		-5.942655	-5.996209	129.901321
01973		-5.901459	-6.283010	129.921278
01974		-5.865861	-6.574154	129.914844
01975		-5.841776	-6.846946	129.891010
01976		-5.818639	-7.110430	129.850118
01977		-5.789541	-7.341137	129.811182
01978		-5.704235	-7.535034	129.769359
01979		-5.559507	-7.660971	129.752994
01980		-5.346541	-7.721179	129.761493
01981		-5.072787	-7.671383	129.782178
01982		-4.738439	-7.537347	129.817236
01983		-4.331514	-7.313213	129.879164
01984		-3.861404	-7.023537	129.932319
01985		-3.387221	-6.707318	129.992730
01986		-2.950139	-6.405814	130.059806
01987		-2.578809	-6.119425	130.123120
01988		-2.267951	-5.882323	130.169838
01989		-2.011137	-5.694586	130.211176
01990		-1.787389	-5.589560	130.241223
01991		-1.571911	-5.543897	130.261942
01992		-1.351036	-5.570492	130.275746
01993		-1.124869	-5.640406	130.298503
01994		-0.879944	-5.754712	130.325685
01995		-0.635016	-5.896059	130.362176
01996		-0.395316	-6.085581	130.397865
01997		-0.173441	-6.299535	130.423759
01998		0.055384	-6.536011	130.443668
01999		0.264155	-6.793665	130.435420
02000		0.405327	-7.123850	130.343453
02001		0.523786	-7.513719	130.221782
02002		0.743021	-8.006154	130.169720
02003		0.922952	-8.561066	130.114084
02004		1.096603	-9.198458	130.078749
02005		1.250970	-9.918442	130.057692
02006		1.398575	-10.726319	130.048426
02007		1.537499	-11.604984	130.046069
02008		1.703720	-12.563569	130.050204
02009		1.911386	-13.607799	130.057170
02010		2.165059	-14.771640	130.020660
02011		2.479038	-16.057555	129.915564
02012		2.872511	-17.489127	129.723192
02013		3.341286	-19.074767	129.424354
02014		3.892277	-20.846969	128.978083
02015		4.497957	-22.782937	128.385244
02016		5.170483	-25.004986	127.709365
02017		5.861320	-27.663689	126.972579
02018		6.469294	-30.932667	126.310342
02019		7.317035	-34.666136	125.414597
02020		8.587836	-38.541378	124.008740
02021		10.120513	-42.735401	122.365350
02022		11.795877	-47.156428	120.619857
02023		13.912053	-51.729257	118.395709
02024		16.681002	-55.627469	115.249910
02025		20.505219	-58.641038	111.152547
02026		25.074801	-60.869945	106.947292
02027		29.724829	-62.299101	103.004742
02028		33.016815	-62.915044	100.470246
02029		34.390334	-62.623143	99.590628
02030		34.412381	-61.916749	99.781306
02031		33.741046	-61.025912	100.465414
02032		32.644515	-60.006711	101.459635
02033		31.330130	-58.870519	102.579106
02034		29.716417	-57.592238	103.946729
02035		27.901404	-56.190411	105.495394
02036		25.903016	-54.653416	107.205576
02037		23.823439	-52.989020	108.953218
02038		21.652619	-51.140595	110.717468
02039		19.433699	-49.101318	112.436114
02040		17.145792	-46.847362	114.131633
02041		14.869226	-44.427038	115.774540
02042		12.620968	-41.837813	117.365481
02043		10.443973	-39.100607	118.839492
02044		8.306006	-36.185658	120.199216
02045		6.252005	-33.146728	121.348580
02046		4.294296	-30.007594	122.217800
02047		2.444649	-26.854212	122.734382
02048		0.702601	-23.700270	122.918069
02049		-0.906885	-20.590201	122.830455
02050		-2.381127	-17.465294	122.598253
02051		-3.732340	-14.365829	122.312007
02052		-5.115044	-11.207341	122.059363
02053		-6.599723	-7.930442	121.954637
02054		-8.145147	-4.526280	122.086505
02055		-9.619912	-1.158079	122.411838
02056		-10.918809	2.066883	122.875446
02057		-11.982240	5.030630	123.420590
02058		-12.834185	7.725577	124.002268
02059		-13.450902	10.099267	124.612066
02060		-13.814485	12.097925	125.259515
02061		-13.962941	13.655159	125.939554
02062		-14.015048	14.680420	126.594738
02063		-14.026973	15.080358	127.167460
02064		-13.992693	14.861346	127.671807
02065		-13.680524	14.105617	128.260680
02066		-12.684698	12.730540	129.168611
02067		-11.588839	11.268248	129.906436
02068		-10.625579	9.868081	130.257871
02069		-9.467825	8.170767	130.557391
02070		-8.219718	6.285073	130.720600
02071		-7.402936	4.265895	130.854835
02072		-6.933091	2.356392	131.089985
02073		-6.561417	0.759077	131.147772
02074		-6.172546	-0.763491	131.227646
02075		-5.905970	-2.095189	131.257558
02076		-5.671732	-3.065279	131.384580
02077		-5.446116	-3.880992	131.439726
02078		-5.304375	-4.510534	131.480206
02079		-5.220748	-5.031404	131.495612
02080		-5.131316	-5.465756	131.493397
02081		-5.031770	-5.818001	131.492872
02082		-4.958073	-6.139559	131.498120
02083		-4.915890	-6.431947	131.513102
02084		-4.879274	-6.692677	131.523567
02085		-4.855652	-6.877600	131.537156
02086		-4.818602	-6.983365	131.553732
02087		-4.753538	-6.992903	131.582984
02088		-4.650173	-6.931090	131.616066
02089		-4.533344	-6.809754	131.660438
02090		-4.422872	-6.656365	131.709959
02091		-4.300469	-6.467199	131.774562
02092		-4.141534	-6.247080	131.850824
02093		-3.951585	-5.989474	131.931717
02094		-3.748659	-5.751767	132.001646
02095		-3.532795	-5.548600	132.081822
02096		-3.319217	-5.398142	132.152344
02097		-3.136580	-5.301137	132.205798
02098		-2.987601	-5.280291	132.247774
02099		-2.835397	-5.301535	132.289253
02100		-2.668786	-5.364246	132.325771
02101		-2.494765	-5.451652	132.357770
02102		-2.301784	-5.571386	132.380180
02103		-2.118228	-5.716931	132.384694
02104		-1.986919	-5.903506	132.355362
02105		-1.912184	-6.119765	132.303229
02106		-1.861057	-6.359287	132.250964
02107		-1.821085	-6.626355	132.198867
02108		-1.761428	-6.935225	132.150040
02109		-1.657474	-7.289360	132.109237
02110		-1.546064	-7.675948	132.065765
02111		-1.450663	-8.094287	132.030865
02112		-1.362507	-8.572228	132.006943
02113		-1.305297	-9.106634	131.994464
02114		-1.242983	-9.718667	131.988826
02115		-1.170751	-10.392886	131.990131
02116		-1.083524	-11.150167	132.004059
02117		-0.988487	-11.976069	132.020808
02118		-0.876853	-12.905611	132.035132
02119		-0.703103	-13.944976	132.043719
02120		-0.460831	-15.106533	132.020859
02121		-0.177210	-16.404979	131.960920
02122		0.168298	-17.863096	131.830357
02123		0.538759	-19.462810	131.630024
02124		0.985568	-21.232085	131.301296
02125		1.453552	-23.257347	130.877196
02126		1.941776	-25.682027	130.360896
02127		2.366351	-28.673119	129.824257
02128		2.713624	-32.311962	129.345862
02129		3.346441	-36.446477	128.641552
02130		4.357056	-41.096277	127.440759
02131		5.715785	-45.858016	125.875433
02132		7.578817	-50.235593	123.936907
02133		9.983473	-53.932124	121.475908
02134		12.763370	-57.101660	118.416430
02135		16.176758	-59.734303	114.918479
02136		20.168705	-61.831596	111.076591
02137		23.536681	-63.073328	108.046190
02138		25.770236	-63.502126	106.177351
02139		26.827633	-63.361189	105.381136
02140		26.949784	-62.903554	105.354151
02141		26.476486	-62.237809	105.776881
02142		25.540624	-61.365906	106.523105
02143		24.248158	-60.276934	107.517145
02144		22.667478	-58.949127	108.782791
02145		20.973297	-57.421215	110.223725
02146		19.229464	-55.670987	111.801219
02147		17.531897	-53.704623	113.374771
02148		15.857328	-51.491706	114.879632
02149		14.213362	-49.086397	116.234201
02150		12.549300	-46.493091	117.494814
02151		10.884365	-43.770815	118.628463
02152		9.172629	-40.896698	119.702388
02153		7.455363	-37.910271	120.734767
02154		5.753308	-34.819052	121.761737
02155		4.104681	-31.706136	122.695414
02156		2.460220	-28.572684	123.470848
02157		0.800992	-25.462016	124.021598
02158		-0.849087	-22.329595	124.332635
02159		-2.411588	-19.216924	124.419037
02160		-3.840466	-16.087068	124.385860
02161		-5.110907	-12.950841	124.315438
02162		-6.338603	-9.719099	124.302509
02163		-7.617144	-6.404323	124.432995
02164		-8.902507	-3.027601	124.710344
02165		-10.043052	0.272296	125.100498
02166		-11.000632	3.431839	125.590096
02167		-11.822424	6.350341	126.151486
02168		-12.527663	8.984520	126.810727
02169		-13.057509	11.250870	127.580631
02170		-13.359604	13.142615	128.467308
02171		-13.458926	14.551730	129.411887
02172		-13.436494	15.386677	130.347904
02173		-13.377901	15.577813	131.195636
02174		-13.223891	15.126768	131.968793
02175		-12.753006	14.005708	132.745789
02176		-12.080012	12.298440	133.408723
02177		-11.047485	10.730216	133.902135
02178		-9.966742	8.966495	134.055122
02179		-8.752565	7.069121	134.263521
02180		-7.730579	5.058813	134.544846
02181		-7.126629	3.028362	134.921303
02182		-6.637976	1.243733	135.105106
02183		-6.153766	-0.266343	135.045932
02184		-5.702264	-1.738904	134.950851
02185		-5.278604	-2.751019	134.984509
02186		-4.783078	-3.557697	134.946397
02187		-4.304016	-4.136919	134.892052
02188		-3.941296	-4.644631	134.855068
02189		-3.642294	-5.062098	134.808456
02190		-3.385028	-5.410937	134.779448
02191		-3.163654	-5.715413	134.768767
02192		-2.998326	-5.994053	134.751959
02193		-2.899296	-6.218669	134.736650
02194		-2.845199	-6.422567	134.742130
02195		-2.783755	-6.546847	134.758732
02196		-2.697353	-6.608259	134.779490
02197		-2.580207	-6.575058	134.811606
02198		-2.388797	-6.448020	134.866106
02199		-2.140677	-6.241755	134.943567
02200		-1.880744	-6.030568	135.043447
02201		-1.639447	-5.847350	135.162044
02202		-1.431987	-5.727418	135.283489
02203		-1.236423	-5.663658	135.399456
02204		-1.024823	-5.643912	135.508931
02205		-0.781130	-5.658446	135.607878
02206		-0.561080	-5.723223	135.675462
02207		-0.418681	-5.855188	135.680018
02208		-0.349417	-6.074271	135.619409
02209		-0.190324	-6.367574	135.636691
02210		-0.063096	-6.710715	135.630550
02211		0.061714	-7.055454	135.616136
02212		0.214611	-7.430221	135.588629
02213		0.371955	-7.803588	135.555759
02214		0.541550	-8.197281	135.512717
02215		0.691330	-8.591670	135.461715
02216		0.842015	-9.010973	135.407928
02217		0.996642	-9.450413	135.354519
02218		1.142115	-9.938217	135.287851
02219		1.286277	-10.472349	135.211261
02220		1.425433	-11.055623	135.147064
02221		1.549719	-11.681004	135.112234
02222		1.680544	-12.359436	135.103769
02223		1.815085	-13.091080	135.109541
02224		1.945110	-13.887889	135.107474
02225		2.077367	-14.721319	135.111209
02226		2.233039	-15.593754	135.109585
02227		2.445039	-16.536774	135.094245
02228		2.715539	-17.583677	135.022498
02229		3.032469	-18.730049	134.878689
02230		3.378143	-19.999367	134.650184
02231		3.747176	-21.385365	134.359352
02232		4.142070	-22.934086	134.003425
02233		4.539536	-24.676072	133.549314
02234		4.884434	-26.689207	133.091503
02235		5.198880	-29.043129	132.644084
02236		5.414928	-31.829415	132.187806
02237		5.597972	-35.070332	131.747891
02238		6.001644	-38.683582	131.149938
02239		6.861896	-42.427284	130.136412
02240		8.061178	-46.300245	128.888715
02241		9.377267	-50.285307	127.631067
02242		11.077620	-54.162108	126.071290
02243		13.121884	-57.824264	123.970989
02244		16.125902	-61.163290	120.925798
02245		20.559681	-64.020182	116.729000
02246		25.995966	-66.108768	112.008598
02247		31.098835	-67.197523	107.671797
02248		34.815550	-67.266989	104.364706
02249		35.657113	-66.183164	103.361198
02250		34.684100	-64.493851	103.932399
02251		33.262731	-62.708126	105.017317
02252		31.698476	-61.004285	106.358271
02253		30.103012	-59.369369	107.753111
02254		28.216383	-57.716138	109.325882
02255		26.034906	-55.968444	111.013752
02256		23.553557	-54.049966	112.834044
02257		20.920097	-51.963350	114.762265
02258		18.283251	-49.671589	116.774371
02259		15.826214	-47.232784	118.620261
02260		13.507949	-44.632953	120.259239
02261		11.311566	-41.893117	121.640280
02262		9.234560	-39.021289	122.695259
02263		7.335328	-36.099030	123.323556
02264		5.600665	-33.106749	123.596899
02265		4.027805	-30.082385	123.540996
02266		2.533150	-26.974546	123.304901
02267		1.139308	-23.824225	122.986928
02268		-0.184972	-20.604186	122.688232
02269		-1.484955	-17.323402	122.534748
02270		-2.809782	-13.945475	122.601956
02271		-4.186721	-10.521875	122.920381
02272		-5.635511	-7.036157	123.506123
02273		-7.086252	-3.607142	124.310351
02274		-8.447934	-0.264382	125.265796
02275		-9.632838	2.900888	126.290001
02276		-10.665561	5.893606	127.327791
02277		-11.554570	8.633539	128.315688
02278		-12.312694	11.085454	129.220167
02279		-12.953748	13.145680	130.011580
02280		-13.496166	14.794677	130.667343
02281		-13.998649	15.951587	131.089425
02282		-14.623755	16.595177	131.160225
02283		-15.293473	16.753361	130.914649
02284		-15.613813	16.486538	130.561904
02285		-15.314955	15.835770	130.286277
02286		-14.520732	14.838696	130.108455
02287		-13.422127	13.513293	130.007545
02288		-12.043325	12.082072	130.096177
02289		-10.841740	10.742982	130.287899
02290		-9.744805	9.187530	130.864864
02291		-8.786176	7.267551	131.693151
02292		-8.379937	5.274483	132.562621
02293		-8.221708	3.364527	133.343990
02294		-7.794429	1.579593	133.520629
02295		-7.372846	-0.004330	133.260171
02296		-7.134495	-1.440720	133.206758
02297		-6.975550	-2.628881	133.240410
02298		-6.819146	-3.639503	133.308365
02299		-6.658790	-4.477046	133.349239
02300		-6.536420	-5.131332	133.395705
02301		-6.399662	-5.635558	133.452817
02302		-6.250187	-6.046376	133.479947
02303		-6.127658	-6.386514	133.505278
02304		-6.035588	-6.706081	133.517885
02305		-5.977901	-6.983689	133.519740
02306		-5.931275	-7.241293	133.505575
02307		-5.895247	-7.467483	133.485044
02308		-5.830670	-7.698623	133.448455
02309		-5.722622	-7.903584	133.416628
02310		-5.559877	-8.074759	133.385352
02311		-5.344481	-8.174951	133.372911
02312		-5.086740	-8.201180	133.377994
02313		-4.771248	-8.114184	133.415200
02314		-4.410600	-7.954864	133.455003
02315		-4.059197	-7.722258	133.509317
02316		-3.757500	-7.478529	133.578515
02317		-3.492270	-7.212548	133.666805
02318		-3.261363	-6.956649	133.757415
02319		-3.057912	-6.712741	133.852306
02320		-2.875630	-6.527439	133.936400
02321		-2.695777	-6.376379	134.020626
02322		-2.503822	-6.293692	134.091694
02323		-2.296426	-6.238116	134.163342
02324		-2.075690	-6.245975	134.225803
02325		-1.848088	-6.293171	134.286513
02326		-1.611665	-6.383902	134.339257
02327		-1.390798	-6.495936	134.391308
02328		-1.198033	-6.652571	134.418641
02329		-1.078790	-6.852343	134.386074
02330		-1.014312	-7.125857	134.272585
02331		-0.940274	-7.432196	134.158805
02332		-0.813169	-7.805964	134.071020
02333		-0.624710	-8.249818	134.027108
02334		-0.421174	-8.771746	133.993790
02335		-0.211769	-9.354092	133.973383
02336		0.006758	-10.016264	133.953119
02337		0.234122	-10.732850	133.942976
02338		0.477449	-11.535031	133.929778
02339		0.731950	-12.399509	133.913271
02340		1.011880	-13.374623	133.867675
02341		1.306152	-14.451557	133.798817
02342		1.631122	-15.673973	133.687273
02343		1.975038	-17.036981	133.518125
02344		2.299888	-18.572318	133.277442
02345		2.633774	-20.251540	132.936797
02346		2.993960	-22.071187	132.503377
02347		3.404362	-24.148573	132.010142
02348		3.794071	-26.660745	131.453926
02349		4.036213	-29.887085	131.005549
02350		4.502611	-33.760648	130.362249
02351		5.484350	-37.794543	129.207480
02352		6.887266	-41.956537	127.726185
02353		8.346456	-46.225396	126.193811
02354		9.930547	-50.459815	124.554297
02355		11.966131	-54.703146	122.427746
02356		14.844010	-58.621217	119.435176
02357		19.048404	-62.073346	115.329706
02358		24.463969	-64.786441	110.392578
02359		30.377019	-66.564824	105.151447
02360		35.830951	-67.519521	100.242389
02361		39.512357	-67.631262	96.563326
02362		40.339895	-66.858923	95.275501
02363		39.011154	-65.453975	96.041985
02364		36.354492	-63.613360	98.342935
02365		33.265108	-61.532448	101.365348
02366		30.239095	-59.402025	104.511532
02367		27.544676	-57.367285	107.327469
02368		25.048712	-55.328610	109.801020
02369		22.679196	-53.241987	111.918871
02370		20.278410	-51.020100	113.848536
02371		17.931296	-48.685909	115.585728
02372		15.625926	-46.209937	117.257123
02373		13.441988	-43.636639	118.837692
02374		11.326597	-40.930159	120.360580
02375		9.267848	-38.108681	121.765838
02376		7.198997	-35.084156	123.073290
02377		5.163774	-31.944830	124.203746
02378		3.170130	-28.705457	125.091787
02379		1.241757	-25.508312	125.627207
02380		-0.635975	-22.302725	125.851233
02381		-2.360347	-19.124190	125.837006
02382		-3.881082	-15.896301	125.730515
02383		-5.206604	-12.682015	125.590997
02384		-6.452989	-9.414092	125.445287
02385		-7.697880	-6.050342	125.369866
02386		-8.946166	-2.510484	125.510235
02387		-10.150271	0.989832	125.858291
02388		-11.291659	4.349445	126.379887
02389		-12.285505	7.417289	127.031328
02390		-13.126056	10.174705	127.785156
02391		-13.798627	12.570751	128.614260
02392		-14.246898	14.624057	129.516948
02393		-14.427056	16.228120	130.411845
02394		-14.491116	17.267771	131.159602
02395		-14.645329	17.643886	131.636694
02396		-14.746472	17.354221	131.927518
02397		-14.460042	16.482091	132.221996
02398		-13.539555	15.142899	132.727138
02399		-12.318234	13.553867	133.250381
02400		-11.156501	12.120102	133.521408
02401		-9.947687	10.319619	133.867784
02402		-8.601275	8.253274	134.187189
02403		-7.647156	6.187121	134.533129
02404		-7.244563	4.171642	134.945377
02405		-6.953455	2.361399	135.195189
02406		-6.499953	0.776942	135.098311
02407		-6.152654	-0.744360	135.091994
02408		-5.840321	-2.034511	135.115709
02409		-5.503964	-2.934517	135.191335
02410		-5.145478	-3.644087	135.198594
02411		-4.839809	-4.107328	135.184151
02412		-4.576762	-4.490983	135.129526
02413		-4.286958	-4.733918	135.038002
02414		-3.994683	-4.926159	134.953437
02415		-3.748311	-5.051035	134.887058
02416		-3.565542	-5.184448	134.830328
02417		-3.442691	-5.297523	134.807350
02418		-3.352071	-5.411137	134.796139
02419		-3.306548	-5.471732	134.794296
02420		-3.253977	-5.507196	134.783423
02421		-3.186979	-5.469161	134.791328
02422		-3.108165	-5.408531	134.816923
02423		-3.046118	-5.302618	134.876158
02424		-2.964677	-5.167451	134.941412
02425		-2.886926	-4.991993	135.027478
02426		-2.800261	-4.850964	135.122656
02427		-2.709911	-4.711382	135.222386
02428		-2.621318	-4.626524	135.311075
02429		-2.552828	-4.565787	135.400587
02430		-2.487928	-4.569077	135.473391
02431		-2.421932	-4.597990	135.529879
02432		-2.345946	-4.690314	135.574315
02433		-2.253756	-4.800695	135.618357
02434		-2.112888	-4.946868	135.661686
02435		-1.921278	-5.101044	135.716788
02436		-1.675218	-5.293589	135.773538
02437		-1.430859	-5.498898	135.828502
02438		-1.187420	-5.739217	135.882426
02439		-0.964546	-5.981083	135.938836
02440		-0.762886	-6.247802	135.984843
02441		-0.575531	-6.512859	136.031597
02442		-0.392829	-6.799713	136.062836
02443		-0.282280	-7.103865	136.027468
02444		-0.245862	-7.458085	135.920432
02445		-0.201808	-7.849123	135.855768
02446		-0.129495	-8.337061	135.828994
02447		-0.089945	-8.859605	135.820577
02448		-0.010988	-9.469644	135.814211
02449		0.087641	-10.134766	135.809624
02450		0.212772	-10.892448	135.791856
02451		0.337729	-11.707772	135.777854
02452		0.489122	-12.618395	135.757496
02453		0.669546	-13.612568	135.745690
02454		0.896159	-14.719067	135.707956
02455		1.166320	-15.941078	135.639742
02456		1.489292	-17.319614	135.499849
02457		1.850142	-18.844852	135.271369
02458		2.286555	-20.537829	134.892426
02459		2.736301	-22.354386	134.422469
02460		3.278684	-24.478675	133.855695
02461		3.793921	-27.201889	133.250462
02462		4.168625	-30.783086	132.714763
02463		4.727727	-35.088445	131.890341
02464		5.544897	-40.315585	130.526995
02465		6.867344	-45.469712	128.527870
02466		8.718202	-49.819251	126.040663
02467		11.244273	-53.375159	123.321476
02468		13.914970	-56.490049	120.424975
02469		17.212004	-59.045802	116.949686
02470		20.570583	-60.849765	113.601042
02471		23.040385	-61.641215	111.309188
02472		24.685542	-61.743560	109.965838
02473		25.494164	-61.580263	109.565622
02474		25.816226	-61.291699	109.577256
02475		25.679594	-60.901276	109.784117
02476		25.100434	-60.337497	110.077996
02477		24.173888	-59.618282	110.455250
02478		22.937128	-58.745884	111.087008
02479		21.510240	-57.757008	112.005625
02480		19.890123	-56.591482	113.294959
02481		18.183084	-55.242511	114.842291
02482		16.390546	-53.632176	116.586511
02483		14.591708	-51.804079	118.355434
02484		12.755165	-49.731703	120.133625
02485		10.977970	-47.483778	121.803285
02486		9.266646	-45.035607	123.376492
02487		7.679649	-42.457203	124.788103
02488		6.186265	-39.702667	126.076022
02489		4.827905	-36.833584	127.162803
02490		3.544797	-33.780086	128.070726
02491		2.331817	-30.588427	128.796800
02492		1.125461	-27.237172	129.361190
02493		-0.064530	-23.881643	129.699426
02494		-1.261148	-20.552494	129.785579
02495		-2.449995	-17.312033	129.584037
02496		-3.605719	-14.062949	129.165447
02497		-4.649831	-10.859811	128.657564
02498		-5.655931	-7.574600	128.150394
02499		-6.744259	-4.221746	127.733631
02500		-8.008310	-0.848070	127.467673
02501		-9.425451	2.370354	127.322511
02502		-10.906154	5.376779	127.298412
02503		-12.328984	8.051319	127.377368
02504		-13.644627	10.434078	127.588901
02505		-14.688912	12.543505	127.925138
02506		-15.343441	14.349913	128.363661
02507		-15.760620	15.695402	128.782775
02508		-16.191412	16.462381	129.051433
02509		-16.575545	16.576646	129.213445
02510		-16.527268	16.071314	129.468921
02511		-15.789849	15.074955	129.957027
02512		-14.341162	13.607404	130.682443
02513		-12.865214	12.266924	131.295957
02514		-11.523694	10.855540	131.722488
02515		-9.952335	9.170357	132.193530
02516		-8.389870	7.288561	132.558888
02517		-7.474245	5.343459	132.958671
02518		-7.012232	3.473343	133.345536
02519		-6.574119	1.725949	133.510357
02520		-6.184879	0.183026	133.443876
02521		-5.891121	-1.164925	133.539588
02522		-5.607030	-2.190735	133.713645
02523		-5.311897	-2.982791	133.903986
02524		-5.042781	-3.641554	134.027876
02525		-4.847427	-4.120662	134.111466
02526		-4.692806	-4.531247	134.181930
02527		-4.546968	-4.838973	134.234792
02528		-4.413856	-5.127955	134.273131
02529		-4.332509	-5.374541	134.307065
02530		-4.296405	-5.609324	134.334533
02531		-4.278677	-5.790818	134.366258
02532		-4.249364	-5.959794	134.395140
02533		-4.205853	-6.058929	134.424733
02534		-4.128868	-6.129827	134.445840
02535		-4.024605	-6.131978	134.469157
02536		-3.900667	-6.115332	134.480035
02537		-3.755169	-6.054175	134.498084
02538		-3.562108	-5.979103	134.512309
02539		-3.332951	-5.862428	134.533900
02540		-3.070367	-5.758264	134.548352
02541		-2.796709	-5.618949	134.559909
02542		-2.517159	-5.509901	134.563882
02543		-2.281651	-5.446049	134.572928
02544		-2.058413	-5.441316	134.581197
02545		-1.828991	-5.459780	134.601752
02546		-1.586992	-5.536378	134.620949
02547		-1.330868	-5.625907	134.654790
02548		-1.043150	-5.752439	134.671491
02549		-0.748367	-5.879098	134.699551
02550		-0.467660	-6.039654	134.712114
02551		-0.269945	-6.220066	134.664245
02552		-0.138533	-6.467956	134.558309
02553		-0.023383	-6.725451	134.466636
02554		0.139879	-7.041635	134.425098
02555		0.264388	-7.364616	134.381932
02556		0.386834	-7.735515	134.330260
02557		0.499467	-8.132395	134.266660
02558		0.621610	-8.610846	134.192982
02559		0.730212	-9.134656	134.130086
02560		0.837771	-9.729465	134.090230
02561		0.946399	-10.376870	134.080566
02562		1.080235	-11.115351	134.069853
02563		1.235312	-11.916375	134.050953
02564		1.430126	-12.811232	134.015425
02565		1.621773	-13.776502	133.982674
02566		1.821604	-14.849773	133.942783
02567		2.039704	-16.025365	133.886438
02568		2.286259	-17.351018	133.767761
02569		2.564326	-18.820067	133.597473
02570		2.892520	-20.494769	133.314751
02571		3.276454	-22.387976	132.869854
02572		3.718174	-24.539438	132.259555
02573		4.092135	-27.043450	131.669675
02574		4.435475	-30.171082	131.146048
02575		4.739618	-33.938969	130.636865
02576		5.383909	-38.104441	129.796288
02577		6.550650	-42.372221	128.448018
02578		7.814650	-46.778463	127.034419
02579		9.194804	-51.202220	125.689499
02580		11.023014	-55.535966	124.019106
02581		13.424869	-59.733662	121.592022
02582		17.165231	-63.439993	117.960314
02583		22.335243	-66.425868	113.293166
02584		27.979750	-68.349080	108.472361
02585		32.916677	-69.260091	104.201205
02586		35.447542	-68.990865	101.783422
02587		35.276032	-67.706592	101.725634
02588		33.804930	-65.940946	102.913781
02589		31.963968	-64.053909	104.563832
02590		30.083838	-62.115326	106.291435
02591		28.287394	-60.192984	107.837061
02592		26.310550	-58.191092	109.408441
02593		24.206423	-56.111890	110.961321
02594		21.975632	-53.898228	112.553533
02595		19.724008	-51.566701	114.177015
02596		17.451297	-49.075555	115.923440
02597		15.270503	-46.507121	117.636887
02598		13.123437	-43.795057	119.325861
02599		11.055257	-40.978807	120.869096
02600		8.995108	-37.994118	122.250355
02601		7.006645	-34.877602	123.375279
02602		5.102922	-31.614737	124.192687
02603		3.342877	-28.363455	124.624763
02604		1.681061	-25.070326	124.724010
02605		0.130919	-21.779632	124.565005
02606		-1.294928	-18.430736	124.321867
02607		-2.610112	-15.101938	124.071799
02608		-3.925270	-11.707316	123.889458
02609		-5.293914	-8.263325	123.837431
02610		-6.766230	-4.685601	124.011352
02611		-8.288823	-1.123671	124.398074
02612		-9.831087	2.346603	124.931244
02613		-11.318229	5.567464	125.500902
02614		-12.698292	8.574457	126.121162
02615		-13.832963	11.296231	126.833484
02616		-14.577398	13.727601	127.712911
02617		-14.876111	15.780191	128.719188
02618		-14.809721	17.349797	129.775285
02619		-14.676225	18.259663	130.673391
02620		-14.792067	18.483128	131.265287
02621		-14.940800	18.094991	131.663393
02622		-14.629553	17.143579	132.100836
02623		-13.804943	15.753711	132.634410
02624		-12.612807	14.260871	133.221597
02625		-11.512293	13.010740	133.677933
02626		-10.465911	11.495792	133.991657
02627		-9.185941	9.649801	134.299578
02628		-8.214413	7.550961	134.574225
02629		-7.796249	5.609115	134.967746
02630		-7.513608	3.761319	135.345910
02631		-7.104856	2.102714	135.482696
02632		-6.715676	0.643642	135.406108
02633		-6.471183	-0.629255	135.370114
02634		-6.237361	-1.789310	135.352570
02635		-6.031053	-2.697572	135.404512
02636		-5.807332	-3.450381	135.390124
02637		-5.577776	-4.025338	135.338014
02638		-5.342183	-4.483551	135.316048
02639		-5.038269	-4.805198	135.269779
02640		-4.728153	-5.103890	135.221328
02641		-4.481979	-5.371924	135.187688
02642		-4.280197	-5.644430	135.150099
02643		-4.124518	-5.884960	135.135671
02644		-4.004246	-6.096458	135.120087
02645		-3.916138	-6.267008	135.105758
02646		-3.820034	-6.433831	135.084613
02647		-3.716984	-6.559571	135.077467
02648		-3.597435	-6.680604	135.071366
02649		-3.473999	-6.746048	135.079230
02650		-3.335227	-6.774922	135.092114
02651		-3.155116	-6.734811	135.124645
02652		-2.948442	-6.665636	135.174246
02653		-2.752219	-6.540129	135.248929
02654		-2.585226	-6.391226	135.332241
02655		-2.447667	-6.195922	135.423995
02656		-2.329366	-6.027898	135.509801
02657		-2.234930	-5.882099	135.609145
02658		-2.133139	-5.801985	135.691498
02659		-2.025334	-5.758146	135.766324
02660		-1.890603	-5.782231	135.837829
02661		-1.733257	-5.825287	135.912228
02662		-1.560453	-5.917069	135.980942
02663		-1.395438	-6.025578	136.044363
02664		-1.238224	-6.183493	136.098172
02665		-1.084772	-6.343656	136.155211
02666		-0.914376	-6.541787	136.200990
02667		-0.764148	-6.768408	136.215101
02668		-0.679108	-7.078129	136.144393
02669		-0.620558	-7.426608	136.043596
02670		-0.495597	-7.855693	135.995705
02671		-0.354967	-8.341268	135.980232
02672		-0.199664	-8.907044	135.979273
02673		-0.046021	-9.528149	135.969004
02674		0.121386	-10.228318	135.956413
02675		0.306585	-10.977026	135.962241
02676		0.493731	-11.807217	135.970052
02677		0.680461	-12.729111	135.965702
02678		0.879188	-13.766986	135.936437
02679		1.071133	-14.913915	135.884088
02680		1.284179	-16.208207	135.811667
02681		1.482625	-17.658968	135.699979
02682		1.688981	-19.304516	135.514833
02683		1.904761	-21.082281	135.238887
02684		2.152805	-23.070453	134.922638
02685		2.419888	-25.459928	134.586336
02686		2.513869	-28.484254	134.284617
02687		2.510591	-32.224424	134.065896
02688		2.758697	-36.415000	133.627023
02689		3.402045	-40.751349	132.714808
02690		4.234194	-45.218167	131.628450
02691		5.356088	-49.681872	130.593608
02692		7.109093	-53.991637	129.308970
02693		9.154116	-58.281564	127.528197
02694		12.165092	-62.413595	124.760110
02695		16.517395	-66.016913	120.860179
02696		22.310922	-68.691702	115.800411
02697		27.830911	-70.053447	110.925299
02698		32.065334	-70.271785	106.731236
02699		33.547119	-69.346005	104.777010
02700		32.565044	-67.583730	105.139829
02701		30.989931	-65.522838	106.319716
02702		29.303754	-63.436065	107.850197
02703		27.751417	-61.396409	109.281698
02704		26.055069	-59.314696	110.721722
02705		24.153583	-57.167394	112.188821
02706		22.067864	-54.911207	113.695996
02707		19.950864	-52.597923	115.198807
02708		17.812368	-50.170382	116.772040
02709		15.761079	-47.657500	118.308638
02710		13.740827	-45.014857	119.764931
02711		11.735885	-42.275977	121.067133
02712		9.710750	-39.345921	122.263664
02713		7.769576	-36.313819	123.256752
02714		5.920459	-33.174128	124.005691
02715		4.176140	-29.970116	124.473328
02716		2.467894	-26.621379	124.719168
02717		0.819409	-23.258948	124.718281
02718		-0.785487	-19.881204	124.514837
02719		-2.331578	-16.584904	124.216288
02720		-3.857607	-13.326796	124.000841
02721		-5.377580	-10.114089	123.925798
02722		-6.982817	-6.781024	124.113615
02723		-8.572240	-3.355900	124.619180
02724		-10.053360	0.123647	125.357161
02725		-11.336722	3.433823	126.211419
02726		-12.456953	6.521413	127.100915
02727		-13.393835	9.298878	127.966391
02728		-14.069269	11.780020	128.819648
02729		-14.386817	13.841633	129.661768
02730		-14.415154	15.407283	130.477196
02731		-14.322560	16.319343	131.179732
02732		-14.280890	16.531122	131.704064
02733		-14.202390	16.088666	132.121299
02734		-13.687029	15.063486	132.705720
02735		-12.650740	13.508190	133.464310
02736		-11.643744	12.184024	133.881374
02737		-10.611865	10.604064	134.101663
02738		-9.284273	8.688685	134.326105
02739		-8.093835	6.626996	134.416126
02740		-7.418090	4.582158	134.583554
02741		-7.027475	2.667288	134.810114
02742		-6.568629	0.974887	134.873539
02743		-6.259843	-0.665963	134.895594
02744		-6.013929	-2.058630	134.901892
02745		-5.764277	-3.093626	134.960183
02746		-5.494168	-3.884312	135.000371
02747		-5.305812	-4.450774	134.994641
02748		-5.183661	-4.902104	134.967311
02749		-5.047071	-5.232340	134.916996
02750		-4.882293	-5.481951	134.864153
02751		-4.743817	-5.653585	134.819266
02752		-4.647107	-5.812694	134.775674
02753		-4.578743	-5.926631	134.746245
02754		-4.477674	-6.025458	134.718313
02755		-4.404446	-6.053253	134.692254
02756		-4.314824	-6.042442	134.668147
02757		-4.236348	-5.972923	134.654440
02758		-4.116353	-5.868744	134.647024
02759		-4.023120	-5.718453	134.668865
02760		-3.939548	-5.575193	134.712004
02761		-3.872614	-5.420711	134.786292
02762		-3.787383	-5.287016	134.871516
02763		-3.695509	-5.158477	134.970043
02764		-3.576924	-5.075515	135.073336
02765		-3.447556	-5.016523	135.163515
02766		-3.314181	-5.027684	135.243681
02767		-3.169507	-5.064231	135.318065
02768		-3.006554	-5.137481	135.383665
02769		-2.827460	-5.218543	135.445859
02770		-2.625803	-5.340412	135.503209
02771		-2.401743	-5.468073	135.564670
02772		-2.164101	-5.619638	135.610175
02773		-1.951729	-5.769873	135.657609
02774		-1.763142	-5.952437	135.696007
02775		-1.614890	-6.131348	135.727606
02776		-1.465011	-6.332456	135.753191
02777		-1.322360	-6.527739	135.770790
02778		-1.164348	-6.747718	135.789068
02779		-1.042815	-6.984084	135.788201
02780		-0.982644	-7.269040	135.718773
02781		-0.968961	-7.588757	135.618211
02782		-0.925706	-7.984843	135.559691
02783		-0.860252	-8.461021	135.537176
02784		-0.824946	-9.026205	135.513204
02785		-0.767424	-9.672690	135.498950
02786		-0.705379	-10.408615	135.490627
02787		-0.653386	-11.206214	135.504388
02788		-0.598283	-12.106287	135.522289
02789		-0.535692	-13.095436	135.536256
02790		-0.416761	-14.212686	135.515057
02791		-0.239903	-15.449477	135.469561
02792		-0.030351	-16.871571	135.368055
02793		0.184383	-18.456219	135.209119
02794		0.427310	-20.220634	134.957255
02795		0.674505	-22.163506	134.637858
02796		0.908191	-24.470527	134.312897
02797		1.049443	-27.312423	134.000666
02798		1.027848	-30.857601	133.790597
02799		1.066875	-35.008093	133.556531
02800		1.516908	-39.385070	132.908394
02801		2.268192	-43.817294	131.991001
02802		3.066642	-48.381083	131.183574
02803		4.533617	-52.743858	130.181209
02804		6.249726	-57.118289	128.838071
02805		8.484530	-61.469967	126.693672
02806		12.158598	-65.376787	123.220367
02807		17.507515	-68.401792	118.507821
02808		23.278157	-70.153609	113.429956
02809		28.111791	-70.677253	108.790811
02810		29.918490	-69.709240	106.631712
02811		29.320011	-67.766797	106.732380
02812		28.122704	-65.546240	107.623520
02813		26.956177	-63.447898	108.693364
02814		25.956827	-61.491094	109.591273
02815		24.907745	-59.620921	110.267189
02816		23.497317	-57.655092	110.913254
02817		21.731542	-55.539184	111.575453
02818		19.642471	-53.207735	112.426782
02819		17.462025	-50.703319	113.444714
02820		15.228543	-47.951700	114.669459
02821		13.019734	-44.975747	116.033609
02822		10.807848	-41.741573	117.531787
02823		8.669503	-38.359168	118.973453
02824		6.584453	-34.858435	120.262855
02825		4.589126	-31.368567	121.253336
02826		2.623436	-27.869685	121.946944
02827		0.744592	-24.443074	122.317169
02828		-1.046297	-20.983536	122.366682
02829		-2.668388	-17.541986	122.198649
02830		-4.162224	-14.087528	122.018910
02831		-5.557283	-10.747971	121.924387
02832		-6.995504	-7.425721	121.993516
02833		-8.520403	-4.069438	122.305334
02834		-10.024109	-0.638097	122.846145
02835		-11.330687	2.704182	123.539230
02836		-12.462288	5.859567	124.307417
02837		-13.502312	8.688390	125.078156
02838		-14.505066	11.201236	125.839003
02839		-15.336043	13.409946	126.632110
02840		-15.842087	15.317339	127.496138
02841		-16.031623	16.762081	128.373093
02842		-16.195763	17.616307	129.093873
02843		-16.540154	17.831531	129.564652
02844		-16.797157	17.458812	129.949725
02845		-16.543598	16.623154	130.420499
02846		-15.691088	15.390995	131.000575
02847		-14.348546	13.765244	131.604049
02848		-12.935436	12.391603	131.933973
02849		-11.387921	10.553664	132.024688
02850		-9.699713	8.371303	132.296646
02851		-8.712039	6.209280	132.870546
02852		-8.248073	4.073937	133.566155
02853		-7.730062	2.220258	133.746740
02854		-7.173570	0.423029	133.629190
02855		-6.826736	-1.149100	133.555042
02856		-6.546907	-2.377056	133.564955
02857		-6.207807	-3.301350	133.644885
02858		-5.950614	-4.023299	133.695114
02859		-5.800257	-4.511898	133.734087
02860		-5.643834	-4.963932	133.721704
02861		-5.457912	-5.279321	133.689911
02862		-5.263571	-5.536329	133.641355
02863		-5.093247	-5.721659	133.592184
02864		-4.934651	-5.885722	133.537002
02865		-4.804898	-6.005001	133.498543
02866		-4.696950	-6.097227	133.467544
02867		-4.575826	-6.133181	133.430041
02868		-4.400578	-6.138588	133.388106
02869		-4.203158	-6.112526	133.367964
02870		-4.051983	-6.087926	133.379879
02871		-3.946820	-6.044146	133.406276
02872		-3.857447	-6.027849	133.443829
02873		-3.760097	-5.977593	133.495494
02874		-3.637897	-5.901226	133.568839
02875		-3.479295	-5.786194	133.658579
02876		-3.301233	-5.683839	133.757512
02877		-3.103330	-5.601474	133.873432
02878		-2.875797	-5.526550	133.997114
02879		-2.644911	-5.452636	134.105078
02880		-2.408092	-5.404660	134.193247
02881		-2.132582	-5.368706	134.276099
02882		-1.799099	-5.371063	134.355797
02883		-1.431076	-5.383072	134.440772
02884		-1.082519	-5.447205	134.510137
02885		-0.832267	-5.554332	134.486240
02886		-0.639440	-5.748152	134.373896
02887		-0.463075	-5.991028	134.242568
02888		-0.215728	-6.315824	134.159777
02889		-0.004095	-6.689715	134.052681
02890		0.199358	-7.115693	133.956422
02891		0.414232	-7.590601	133.890495
02892		0.630408	-8.136013	133.827705
02893		0.850776	-8.735730	133.765546
02894		1.072477	-9.413831	133.693608
02895		1.301288	-10.150821	133.621715
02896		1.532532	-10.937313	133.536688
02897		1.770079	-11.749794	133.455823
02898		2.014137	-12.596258	133.377076
02899		2.239552	-13.479058	133.303416
02900		2.463306	-14.431909	133.223938
02901		2.687322	-15.453956	133.131557
02902		2.923510	-16.564086	133.014767
02903		3.169189	-17.772052	132.859473
02904		3.437287	-19.114202	132.628785
02905		3.701117	-20.582421	132.324084
02906		3.983776	-22.209793	131.924840
02907		4.251336	-24.062451	131.457527
02908		4.465744	-26.240500	130.986980
02909		4.621956	-28.738317	130.480505
02910		4.683262	-31.800500	129.961046
02911		4.613954	-35.807135	129.449308
02912		4.805678	-39.871307	128.738118
02913		5.513583	-43.553183	127.698197
02914		6.587275	-47.036245	126.425448
02915		8.030205	-50.137377	124.848554
02916		9.818002	-52.950865	122.910703
02917		12.207900	-55.405023	120.440390
02918		15.261203	-57.558373	117.556698
02919		18.429841	-59.178036	114.714149
02920		20.830464	-59.946783	112.685343
02921		22.466772	-59.941011	111.349202
02922		23.344294	-59.386268	110.722061
02923		23.755899	-58.522237	110.601139
02924		23.797906	-57.480300	110.820389
02925		23.612980	-56.334233	111.113763
02926		23.173026	-55.052784	111.472484
02927		22.531107	-53.658369	111.878285
02928		21.696577	-52.169949	112.434464
02929		20.742236	-50.632142	113.144652
02930		19.675554	-49.022037	113.986203
02931		18.476076	-47.309761	114.876499
02932		17.077382	-45.429137	115.838276
02933		15.547680	-43.369904	116.783981
02934		13.927891	-41.109554	117.694923
02935		12.318906	-38.716630	118.506383
02936		10.735710	-36.230434	119.196227
02937		9.183771	-33.705905	119.760347
02938		7.648459	-31.148606	120.239798
02939		6.139277	-28.594896	120.680075
02940		4.628098	-26.002390	121.131399
02941		3.179994	-23.399394	121.584002
02942		1.769597	-20.741536	122.059583
02943		0.360097	-18.044181	122.509800
02944		-1.056816	-15.264769	122.940654
02945		-2.436468	-12.409566	123.389924
02946		-3.815899	-9.466999	123.912965
02947		-5.230444	-6.519506	124.502610
02948		-6.681122	-3.594298	125.151484
02949		-8.076241	-0.762169	125.867889
02950		-9.364267	1.986697	126.618109
02951		-10.468645	4.612949	127.386859
02952		-11.385752	7.114974	128.164799
02953		-12.158967	9.411582	128.927535
02954		-12.843835	11.472225	129.670273
02955		-13.470028	13.214788	130.340506
02956		-14.181644	14.559626	130.806023
02957		-15.165749	15.405982	130.886493
02958		-16.330445	15.751721	130.626310
02959		-17.147534	15.677233	130.332304
02960		-17.178994	15.297352	130.299287
02961		-16.472529	14.708647	130.513230
02962		-15.402609	13.844942	130.834709
02963		-14.043930	12.435835	131.284729
02964		-12.561709	11.032549	131.802556
02965		-11.175356	9.494374	132.213119
02966		-9.793236	7.501129	132.733659
02967		-8.663156	5.362938	133.215209
02968		-8.064402	3.224964	133.672898
02969		-7.493953	1.152709	133.877346
02970		-6.995367	-0.687088	133.700699
02971		-6.555634	-2.318535	133.862296
02972		-6.301311	-3.522943	134.008039
02973		-6.015289	-4.440274	134.133082
02974		-5.708198	-5.241567	134.206761
02975		-5.438636	-5.911107	134.238297
02976		-5.186137	-6.474288	134.218274
02977		-4.950177	-6.925164	134.173291
02978		-4.720491	-7.311937	134.120249
02979		-4.523632	-7.650180	134.073871
02980		-4.382939	-7.956077	134.016212
02981		-4.285128	-8.202510	133.959832
02982		-4.151706	-8.382250	133.910115
02983		-3.974063	-8.461401	133.883413
02984		-3.753238	-8.478781	133.880763
02985		-3.514027	-8.422628	133.906219
02986		-3.275762	-8.311437	133.959972
02987		-3.045925	-8.135969	134.053047
02988		-2.831279	-7.923237	134.158827
02989		-2.626130	-7.680469	134.276602
02990		-2.436969	-7.450228	134.392069
02991		-2.275333	-7.282798	134.498799
02992		-2.160713	-7.208436	134.560920
02993		-2.117890	-7.227659	134.569248
02994		-2.117061	-7.334049	134.539664
02995		-2.090112	-7.498804	134.544930
02996		-2.038033	-7.729476	134.549155
02997		-1.983202	-7.997353	134.549249
02998		-1.903025	-8.315878	134.544338
02999		-1.806385	-8.625903	134.534353
03000		-1.697254	-8.951843	134.527333
03001		-1.590005	-9.283222	134.509544
03002		-1.487308	-9.635681	134.480991
03003		-1.383305	-9.976693	134.450871
03004		-1.271642	-10.326555	134.421773
03005		-1.138286	-10.680275	134.398824
03006		-1.000546	-11.055247	134.359534
03007		-0.875120	-11.432452	134.314612
03008		-0.748480	-11.821531	134.272564
03009		-0.627245	-12.220935	134.244002
03010		-0.501887	-12.676269	134.214835
03011		-0.378990	-13.177305	134.185588
03012		-0.223536	-13.747549	134.168277
03013		-0.051014	-14.363943	134.166002
03014		0.156998	-15.063087	134.165378
03015		0.377778	-15.837719	134.150750
03016		0.632390	-16.693668	134.107986
03017		0.916155	-17.637783	134.047037
03018		1.234173	-18.692338	133.951793
03019		1.579955	-19.861642	133.800999
03020		1.960528	-21.179532	133.576990
03021		2.372618	-22.616844	133.269633
03022		2.820228	-24.240206	132.884978
03023		3.226017	-26.068214	132.449649
03024		3.583028	-28.191824	132.030719
03025		3.877004	-30.720049	131.610637
03026		3.987121	-33.764739	131.227529
03027		4.082942	-37.346176	130.809144
03028		4.581156	-41.248215	129.998507
03029		5.475336	-45.344061	128.880266
03030		6.475685	-49.626648	127.756065
03031		7.462320	-53.918463	126.771284
03032		8.777132	-58.065378	125.492870
03033		10.712951	-61.937620	123.440043
03034		14.015441	-65.461755	120.298744
03035		18.819767	-68.350387	116.015501
03036		24.877664	-70.308876	110.879659
03037		30.525990	-71.145260	106.108521
03038		34.960277	-70.971932	101.898205
03039		35.922950	-69.587462	100.521338
03040		34.734760	-67.450941	101.114646
03041		33.138448	-65.154075	102.310356
03042		31.554461	-62.896028	103.718093
03043		30.121079	-60.732870	105.105204
03044		28.562366	-58.621243	106.586086
03045		26.764941	-56.476426	108.164708
03046		24.758643	-54.254114	109.785893
03047		22.671739	-52.002001	111.377593
03048		20.525744	-49.666040	113.008979
03049		18.393364	-47.266369	114.607755
03050		16.206767	-44.759672	116.152377
03051		13.954511	-42.106890	117.626631
03052		11.637272	-39.242534	119.020466
03053		9.387341	-36.233864	120.208329
03054		7.248663	-33.123119	121.116976
03055		5.239333	-30.000442	121.668351
03056		3.300112	-26.840732	121.885061
03057		1.449045	-23.690274	121.804822
03058		-0.333707	-20.514468	121.540048
03059		-1.985360	-17.354817	121.256340
03060		-3.467778	-14.200503	121.095091
03061		-4.852716	-11.056192	121.101837
03062		-6.331884	-7.796035	121.347747
03063		-7.885199	-4.431964	121.874701
03064		-9.364594	-1.026714	122.674882
03065		-10.627940	2.246173	123.691345
03066		-11.696724	5.332764	124.857237
03067		-12.579897	8.146315	126.114003
03068		-13.271332	10.656368	127.457139
03069		-13.757145	12.778259	128.861349
03070		-14.065093	14.478162	130.257076
03071		-14.280648	15.641312	131.511783
03072		-14.664685	16.225936	132.433635
03073		-15.335636	16.241151	132.930422
03074		-15.927965	15.751567	133.199056
03075		-15.975463	14.850092	133.450076
03076		-15.265205	13.640362	133.786017
03077		-13.818206	12.097909	134.244484
03078		-12.326719	10.788697	134.431015
03079		-10.944801	9.208053	134.465819
03080		-9.333978	7.323896	134.623706
03081		-8.004387	5.292778	134.805642
03082		-7.247345	3.262315	135.225395
03083		-6.748193	1.378681	135.592264
03084		-6.274145	-0.216344	135.547054
03085		-5.909810	-1.768458	135.538270
03086		-5.663067	-2.961292	135.628375
03087		-5.392339	-3.840052	135.727859
03088		-5.102251	-4.578643	135.758561
03089		-4.864764	-5.120398	135.766776
03090		-4.661508	-5.574766	135.744495
03091		-4.424892	-5.906425	135.707373
03092		-4.174907	-6.174466	135.667752
03093		-3.953298	-6.397144	135.633460
03094		-3.782359	-6.599430	135.593893
03095		-3.663940	-6.765570	135.555053
03096		-3.575992	-6.888025	135.531874
03097		-3.478013	-6.914522	135.525195
03098		-3.374026	-6.883851	135.536059
03099		-3.270992	-6.797796	135.574389
03100		-3.134508	-6.673310	135.634954
03101		-2.992647	-6.508825	135.715203
03102		-2.855511	-6.358305	135.811599
03103		-2.724635	-6.209099	135.906498
03104		-2.583650	-6.097115	135.988424
03105		-2.434284	-6.028067	136.070122
03106		-2.268634	-6.004669	136.138156
03107		-2.118076	-6.017400	136.190196
03108		-1.978922	-6.084561	136.236902
03109		-1.849265	-6.162540	136.283123
03110		-1.710363	-6.272881	136.328548
03111		-1.560678	-6.391481	136.364493
03112		-1.409676	-6.533266	136.387546
03113		-1.270447	-6.679439	136.387484
03114		-1.151522	-6.842512	136.362504
03115		-1.062675	-7.021959	136.307702
03116		-1.007586	-7.232663	136.230706
03117		-0.947107	-7.455183	136.175098
03118		-0.876500	-7.705705	136.139307
03119		-0.835675	-7.966172	136.101545
03120		-0.800414	-8.256289	136.073808
03121		-0.772071	-8.574302	136.044192
03122		-0.730713	-8.942810	136.007146
03123		-0.679712	-9.351038	135.973127
03124		-0.615566	-9.810700	135.937991
03125		-0.544436	-10.312270	135.907582
03126		-0.444150	-10.881917	135.869964
03127		-0.309739	-11.507992	135.830035
03128		-0.152947	-12.218832	135.791041
03129		-0.000442	-13.002893	135.762301
03130		0.135083	-13.880983	135.739946
03131		0.262341	-14.838948	135.715712
03132		0.406076	-15.896817	135.692090
03133		0.564304	-17.069171	135.648548
03134		0.763023	-18.377397	135.554705
03135		1.018149	-19.841518	135.383415
03136		1.350588	-21.479648	135.108633
03137		1.760377	-23.339204	134.710663
03138		2.190052	-25.461372	134.194579
03139		2.622110	-27.983970	133.659408
03140		3.075296	-31.037867	133.062892
03141		3.612984	-34.629090	132.400217
03142		4.587006	-38.542209	131.323100
03143		5.994130	-42.519620	129.842277
03144		7.428793	-46.666605	128.309453
03145		8.672798	-50.852985	126.804875
03146		10.196473	-54.852879	125.004841
03147		12.251874	-58.658090	122.606428
03148		15.329007	-62.222535	119.395238
03149		19.647905	-65.254361	115.117071
03150		25.222993	-67.458525	109.834538
03151		30.595229	-68.682749	104.842976
03152		34.643925	-69.104186	101.071884
03153		35.761720	-68.527324	99.979616
03154		34.106675	-67.186947	101.554115
03155		31.515756	-65.471976	104.215123
03156		28.881940	-63.669917	106.972986
03157		26.522772	-61.875610	109.390247
03158		24.241514	-60.030835	111.542731
03159		22.004780	-58.098819	113.447913
03160		19.820052	-56.029044	115.224965
03161		17.790664	-53.876572	116.886540
03162		15.903637	-51.599612	118.508119
03163		14.175639	-49.198473	120.037390
03164		12.548513	-46.645489	121.372752
03165		10.961201	-43.944802	122.451316
03166		9.326082	-41.008777	123.349377
03167		7.725874	-37.921851	124.037045
03168		6.180424	-34.739514	124.505685
03169		4.708428	-31.543805	124.702095
03170		3.224679	-28.269448	124.689450
03171		1.750749	-24.990217	124.491258
03172		0.289632	-21.711587	124.139646
03173		-1.142125	-18.503516	123.677830
03174		-2.573010	-15.309336	123.176882
03175		-4.033686	-12.127963	122.661906
03176		-5.611422	-8.816584	122.294491
03177		-7.239196	-5.416498	122.187074
03178		-8.873007	-1.971195	122.388701
03179		-10.430698	1.344542	122.826415
03180		-11.826952	4.480550	123.447554
03181		-12.913491	7.343152	124.215735
03182		-13.645757	9.888678	125.103386
03183		-14.070768	12.032267	126.048932
03184		-14.289477	13.747329	126.975548
03185		-14.440306	14.917099	127.790853
03186		-14.667827	15.466743	128.435291
03187		-14.953444	15.383835	128.951032
03188		-14.988623	14.763587	129.553536
03189		-14.142845	13.563203	130.587151
03190		-12.943040	12.103954	131.561631
03191		-11.793286	10.874990	132.015344
03192		-10.548038	9.246363	132.309516
03193		-9.096372	7.475803	132.476540
03194		-8.020450	5.549764	132.585751
03195		-7.409027	3.672499	132.845257
03196		-6.942555	1.972686	133.129788
03197		-6.416883	0.575159	133.140127
03198		-6.013826	-0.850057	133.180428
03199		-5.671863	-2.009149	133.273067
03200		-5.334279	-2.866635	133.352711
03201		-5.045880	-3.527201	133.387448
03202		-4.812173	-4.006192	133.363917
03203		-4.652056	-4.423870	133.340122
03204		-4.508554	-4.758144	133.330068
03205		-4.393078	-5.029699	133.338931
03206		-4.323606	-5.266387	133.346130
03207		-4.312843	-5.443179	133.363463
03208		-4.343039	-5.594713	133.379867
03209		-4.383769	-5.695631	133.395698
03210		-4.412471	-5.748428	133.400644
03211		-4.411175	-5.744895	133.407956
03212		-4.366141	-5.693403	133.411312
03213		-4.297636	-5.594728	133.427993
03214		-4.196020	-5.489361	133.470818
03215		-4.074440	-5.349458	133.532187
03216		-3.936586	-5.216935	133.595050
03217		-3.798110	-5.092671	133.655840
03218		-3.645302	-5.026433	133.715497
03219		-3.456574	-4.961867	133.775373
03220		-3.269101	-4.946329	133.834720
03221		-3.067061	-4.963474	133.892360
03222		-2.854164	-5.024822	133.941902
03223		-2.626947	-5.098967	133.991052
03224		-2.380707	-5.195496	134.035827
03225		-2.107671	-5.291863	134.080386
03226		-1.828198	-5.417062	134.115613
03227		-1.548312	-5.541306	134.153690
03228		-1.301381	-5.704571	134.179891
03229		-1.116940	-5.880847	134.193693
03230		-1.006131	-6.098079	134.166550
03231		-0.950198	-6.340515	134.113479
03232		-0.903225	-6.619558	134.050271
03233		-0.821139	-6.935983	134.023320
03234		-0.742581	-7.285007	133.990828
03235		-0.665456	-7.656792	133.967380
03236		-0.577946	-8.092364	133.944764
03237		-0.509197	-8.567164	133.924559
03238		-0.414246	-9.105091	133.910679
03239		-0.295531	-9.694750	133.898153
03240		-0.154591	-10.364866	133.882908
03241		-0.005188	-11.102756	133.868862
03242		0.157501	-11.937796	133.864899
03243		0.358379	-12.854608	133.864751
03244		0.581071	-13.889914	133.843971
03245		0.827182	-15.045286	133.791972
03246		1.127556	-16.340479	133.684848
03247		1.447996	-17.791239	133.520499
03248		1.803538	-19.426711	133.278928
03249		2.208095	-21.246300	132.913713
03250		2.626936	-23.259682	132.430736
03251		3.089414	-25.654884	131.889308
03252		3.502329	-28.598880	131.306230
03253		3.806744	-32.293348	130.791080
03254		4.439418	-36.475392	129.997389
03255		5.661266	-40.716315	128.596625
03256		7.246423	-45.086313	126.909643
03257		8.783941	-49.813855	125.142355
03258		10.935510	-53.972874	122.651707
03259		14.057451	-57.330123	119.101617
03260		18.161534	-60.068962	115.104152
03261		22.744760	-62.129199	111.021699
03262		26.717999	-63.407349	107.801612
03263		29.181128	-63.809986	105.831237
03264		30.058570	-63.497838	105.220799
03265		29.925886	-62.820362	105.437718
03266		29.102705	-61.893422	106.339923
03267		27.988897	-60.793546	107.565930
03268		26.659050	-59.528625	108.981380
03269		25.251406	-58.085231	110.353574
03270		23.694883	-56.415695	111.669085
03271		22.081709	-54.551709	112.835392
03272		20.414137	-52.490703	113.906448
03273		18.728903	-50.293338	114.907827
03274		16.986439	-47.957996	115.912910
03275		15.259082	-45.520218	116.855318
03276		13.464958	-42.909397	117.791970
03277		11.605549	-40.159123	118.692632
03278		9.665464	-37.232606	119.554975
03279		7.727808	-34.226250	120.317951
03280		5.802931	-31.151117	120.961503
03281		3.971008	-28.142764	121.442040
03282		2.200036	-25.159877	121.745179
03283		0.487844	-22.197800	121.866293
03284		-1.186998	-19.204960	121.861915
03285		-2.765896	-16.215987	121.811298
03286		-4.294243	-13.161161	121.743031
03287		-5.808614	-10.011203	121.719213
03288		-7.329600	-6.675636	121.882961
03289		-8.793468	-3.277412	122.251383
03290		-10.189604	0.099961	122.801595
03291		-11.459536	3.298281	123.464253
03292		-12.567228	6.322660	124.204711
03293		-13.443559	9.094761	124.989406
03294		-14.050982	11.598284	125.809977
03295		-14.343868	13.721830	126.689992
03296		-14.434096	15.363705	127.556045
03297		-14.397514	16.407643	128.323917
03298		-14.343238	16.832167	128.915284
03299		-14.150591	16.632623	129.374937
03300		-13.639327	15.873584	129.758454
03301		-12.770134	14.635854	130.071697
03302		-11.692389	13.048808	130.309708
03303		-10.673623	11.733621	130.492813
03304		-9.709962	10.099356	130.722086
03305		-8.729184	8.287110	131.142549
03306		-8.048193	6.232109	131.676507
03307		-7.784655	4.311728	132.189609
03308		-7.490021	2.486781	132.547024
03309		-7.006012	0.928640	132.443828
03310		-6.587118	-0.391165	132.362687
03311		-6.307871	-1.633891	132.409018
03312		-6.030115	-2.575922	132.541382
03313		-5.704622	-3.320299	132.560320
03314		-5.447736	-3.894086	132.588879
03315		-5.240374	-4.297679	132.607140
03316		-4.994901	-4.629120	132.580007
03317		-4.751667	-4.883114	132.555067
03318		-4.542769	-5.104963	132.532095
03319		-4.410893	-5.281342	132.519892
03320		-4.316804	-5.450332	132.510322
03321		-4.244497	-5.556635	132.502939
03322		-4.176445	-5.634942	132.493177
03323		-4.101578	-5.672446	132.479588
03324		-4.007697	-5.684863	132.459057
03325		-3.904110	-5.648655	132.440826
03326		-3.770529	-5.589681	132.426529
03327		-3.607942	-5.509499	132.420126
03328		-3.425976	-5.447101	132.433241
03329		-3.200101	-5.332101	132.465793
03330		-2.960005	-5.201781	132.527842
03331		-2.698642	-5.035066	132.598917
03332		-2.464119	-4.925540	132.680320
03333		-2.296425	-4.864024	132.754270
03334		-2.161690	-4.869649	132.826104
03335		-2.050389	-4.906285	132.899724
03336		-1.933182	-4.984998	132.967861
03337		-1.804470	-5.075230	133.033954
03338		-1.649985	-5.198531	133.101815
03339		-1.464413	-5.335810	133.172405
03340		-1.285895	-5.505473	133.229314
03341		-1.128980	-5.676861	133.286037
03342		-0.990317	-5.871294	133.336140
03343		-0.851738	-6.068751	133.380706
03344		-0.703762	-6.296534	133.415160
03345		-0.580490	-6.543945	133.425363
03346		-0.534131	-6.842304	133.343592
03347		-0.486278	-7.173542	133.261460
03348		-0.391462	-7.582277	133.226362
03349		-0.298327	-8.042937	133.213544
03350		-0.186586	-8.594941	133.211696
03351		-0.069995	-9.218585	133.200612
03352		0.053906	-9.932453	133.175330
03353		0.195789	-10.721182	133.158976
03354		0.338463	-11.597468	133.149449
03355		0.474607	-12.556969	133.140263
03356		0.620834	-13.642931	133.110324
03357		0.793106	-14.846357	133.055985
03358		1.011837	-16.197857	132.972162
03359		1.238149	-17.703724	132.841934
03360		1.477896	-19.394693	132.633807
03361		1.731709	-21.243220	132.335533
03362		1.961010	-23.382926	132.025178
03363		2.187952	-26.003679	131.729819
03364		2.288164	-29.276732	131.484825
03365		2.438111	-33.146816	131.220373
03366		2.874631	-37.395025	130.639156
03367		3.652630	-41.797707	129.703818
03368		4.723120	-46.272125	128.630802
03369		6.181866	-50.692954	127.511393
03370		8.112131	-55.022581	126.022916
03371		10.547323	-59.228138	123.801827
03372		14.201230	-63.086173	120.488266
03373		19.462283	-66.329128	115.877148
03374		25.755513	-68.581154	110.570886
03375		31.182944	-69.582807	105.847954
03376		34.965705	-69.476048	102.161729
03377		35.446440	-68.185264	101.323956
03378		34.012498	-66.215222	102.439944
03379		32.200152	-64.101247	104.231476
03380		30.449982	-62.028568	106.100502
03381		28.845615	-60.020406	107.740379
03382		27.007395	-57.953126	109.345359
03383		24.944637	-55.790271	110.875697
03384		22.712581	-53.502623	112.366445
03385		20.478543	-51.161814	113.837555
03386		18.280853	-48.708900	115.358969
03387		16.183159	-46.143853	116.880529
03388		14.073147	-43.402107	118.405537
03389		11.983438	-40.534143	119.790897
03390		9.867120	-37.493519	120.957157
03391		7.789486	-34.356561	121.816483
03392		5.763499	-31.100553	122.405679
03393		3.872781	-27.845018	122.665647
03394		2.073895	-24.585908	122.570455
03395		0.350481	-21.391075	122.180509
03396		-1.291891	-18.207774	121.684482
03397		-2.827461	-15.088458	121.249734
03398		-4.331838	-11.974389	120.951854
03399		-5.871195	-8.919755	120.831992
03400		-7.502451	-5.830246	120.941783
03401		-9.103776	-2.779313	121.249996
03402		-10.653822	0.206155	121.734206
03403		-12.168565	3.020029	122.319534
03404		-13.624567	5.683266	122.966465
03405		-14.818655	8.115743	123.680520
03406		-15.673960	10.309857	124.462572
03407		-16.204231	12.198472	125.293040
03408		-16.475460	13.755518	126.169955
03409		-16.510731	14.901431	127.055988
03410		-16.399757	15.581334	127.917704
03411		-16.190122	15.703619	128.753807
03412		-15.815847	15.264972	129.615129
03413		-15.089798	14.309756	130.572461
03414		-13.836867	12.855051	131.675510
03415		-12.620831	11.623799	132.477023
03416		-11.431174	10.138917	132.944011
03417		-9.994520	8.272674	133.163453
03418		-8.878257	6.270920	133.362256
03419		-8.172781	4.226822	133.642568
03420		-7.563015	2.482887	133.853485
03421		-6.996686	1.188957	133.872316
03422		-6.631672	-0.206229	133.916969
03423		-6.267862	-1.286834	133.935202
03424		-5.913965	-2.096287	134.035118
03425		-5.569991	-2.726494	134.088810
03426		-5.310518	-3.173013	134.103993
03427		-5.135896	-3.545079	134.096142
03428		-4.945472	-3.819789	134.069617
03429		-4.748062	-4.018670	134.050948
03430		-4.572315	-4.203552	134.032848
03431		-4.442681	-4.358466	134.018736
03432		-4.348044	-4.483870	134.006681
03433		-4.272925	-4.551929	134.005600
03434		-4.222097	-4.586944	134.008707
03435		-4.153979	-4.568838	134.009983
03436		-4.052291	-4.526750	134.014078
03437		-3.919945	-4.444685	134.035270
03438		-3.751292	-4.359457	134.082706
03439		-3.551549	-4.247840	134.144019
03440		-3.340990	-4.139879	134.198547
03441		-3.120187	-4.011156	134.251067
03442		-2.897554	-3.905854	134.296439
03443		-2.668215	-3.834505	134.349645
03444		-2.452471	-3.819825	134.393856
03445		-2.247668	-3.843583	134.438590
03446		-2.068112	-3.912296	134.475466
03447		-1.901692	-4.001585	134.517886
03448		-1.726738	-4.122925	134.562737
03449		-1.538255	-4.255446	134.594230
03450		-1.329360	-4.401641	134.631314
03451		-1.110614	-4.542976	134.676395
03452		-0.899621	-4.707585	134.709752
03453		-0.700800	-4.876084	134.746042
03454		-0.530099	-5.072270	134.774448
03455		-0.367933	-5.286158	134.795669
03456		-0.257483	-5.543569	134.757106
03457		-0.184467	-5.828802	134.681359
03458		-0.094511	-6.159706	134.617802
03459		0.060247	-6.551939	134.601786
03460		0.228619	-6.997532	134.594821
03461		0.442325	-7.509839	134.598128
03462		0.667440	-8.089426	134.588023
03463		0.923109	-8.737254	134.575607
03464		1.207430	-9.460858	134.562302
03465		1.534572	-10.253858	134.546449
03466		1.891476	-11.139028	134.518100
03467		2.263635	-12.117727	134.453494
03468		2.647541	-13.216167	134.353778
03469		3.039863	-14.425516	134.213247
03470		3.435660	-15.792073	134.012976
03471		3.796914	-17.313489	133.740788
03472		4.136427	-18.996549	133.362472
03473		4.466398	-20.846603	132.932047
03474		4.839556	-22.977165	132.440107
03475		5.197083	-25.586566	131.939582
03476		5.563363	-28.926502	131.477038
03477		6.171696	-32.793147	130.719774
03478		7.178007	-36.901266	129.531035
03479		8.636407	-41.052680	128.027227
03480		10.244386	-45.281178	126.420546
03481		12.175984	-49.465523	124.665416
03482		14.601434	-53.535725	122.431621
03483		17.583161	-57.450903	119.507201
03484		21.636157	-60.937415	115.573369
03485		26.865348	-63.555562	110.779469
03486		32.241334	-65.031242	106.082176
03487		36.420427	-65.496504	102.356333
03488		38.219891	-65.001963	100.445980
03489		37.798433	-63.683247	100.507875
03490		36.314262	-62.052376	101.705140
03491		34.452654	-60.333846	103.422336
03492		32.441218	-58.572352	105.305220
03493		30.351194	-56.795376	107.097015
03494		28.075712	-54.956491	108.833659
03495		25.678259	-53.047682	110.528226
03496		23.178524	-51.058038	112.250658
03497		20.658580	-48.977499	114.049352
03498		18.135629	-46.756895	115.974657
03499		15.648746	-44.418052	117.928107
03500		13.159539	-41.913019	119.864929
03501		10.702749	-39.241448	121.704259
03502		8.292263	-36.391953	123.394839
03503		6.014352	-33.446597	124.825857
03504		3.866656	-30.420612	125.976642
03505		1.885121	-27.439343	126.781392
03506		0.057052	-24.482634	127.286214
03507		-1.637370	-21.553669	127.597887
03508		-3.196947	-18.559401	127.790455
03509		-4.568518	-15.519497	127.862143
03510		-5.812030	-12.372966	127.880404
03511		-7.012198	-9.104234	127.932139
03512		-8.211298	-5.673437	128.104645
03513		-9.330467	-2.231087	128.429010
03514		-10.341478	1.089958	128.898525
03515		-11.277289	4.161005	129.465753
03516		-12.180800	6.975709	130.071732
03517		-13.033383	9.488732	130.665082
03518		-13.795594	11.689881	131.226026
03519		-14.467147	13.523055	131.739728
03520		-15.064942	14.951447	132.195014
03521		-15.602196	15.911216	132.565426
03522		-16.122361	16.418888	132.831507
03523		-16.594093	16.521468	132.980575
03524		-16.840575	16.273016	133.061014
03525		-16.653788	15.665495	133.151599
03526		-16.006748	14.720733	133.258137
03527		-14.788352	13.304065	133.482228
03528		-13.426369	12.019731	133.664017
03529		-12.222823	10.729634	133.799245
03530		-10.881415	9.091236	134.187523
03531		-9.568875	7.237785	134.626987
03532		-8.811355	5.395624	135.194778
03533		-8.382802	3.635286	135.727973
03534		-7.900485	2.033105	135.958709
03535		-7.398801	0.632416	135.865622
03536		-7.102723	-0.719271	135.844018
03537		-6.893312	-1.807733	135.873585
03538		-6.711421	-2.715499	135.976186
03539		-6.566392	-3.505387	136.091307
03540		-6.465702	-4.144146	136.182622
03541		-6.385444	-4.662678	136.282288
03542		-6.276227	-5.127844	136.354934
03543		-6.149031	-5.540408	136.411402
03544		-6.030732	-5.900208	136.448381
03545		-5.935650	-6.205666	136.468938
03546		-5.875012	-6.480194	136.496907
03547		-5.846759	-6.703709	136.519088
03548		-5.811261	-6.885781	136.532195
03549		-5.755645	-7.010942	136.543919
03550		-5.687208	-7.076108	136.543984
03551		-5.621735	-7.084463	136.535547
03552		-5.551114	-7.067357	136.529046
03553		-5.456170	-7.014838	136.528459
03554		-5.333082	-6.940640	136.533797
03555		-5.195239	-6.827018	136.541808
03556		-5.027818	-6.686902	136.561106
03557		-4.848438	-6.518655	136.588087
03558		-4.666137	-6.358378	136.621414
03559		-4.494292	-6.203129	136.665198
03560		-4.337946	-6.082198	136.718316
03561		-4.172799	-5.965978	136.780610
03562		-4.001900	-5.885120	136.848504
03563		-3.826773	-5.829529	136.912475
03564		-3.646744	-5.826543	136.972448
03565		-3.468909	-5.846676	137.023036
03566		-3.314563	-5.908486	137.070555
03567		-3.201946	-5.999065	137.107857
03568		-3.118220	-6.130098	137.122915
03569		-3.066811	-6.290397	137.100496
03570		-3.026522	-6.497001	137.044972
03571		-2.971667	-6.724701	136.982254
03572		-2.901443	-6.987515	136.912523
03573		-2.830351	-7.302395	136.853774
03574		-2.747432	-7.673845	136.814130
03575		-2.673938	-8.097942	136.782030
03576		-2.591925	-8.586314	136.760321
03577		-2.488078	-9.147000	136.747709
03578		-2.351430	-9.793118	136.733099
03579		-2.174066	-10.510668	136.705956
03580		-1.957187	-11.304665	136.684628
03581		-1.714894	-12.185944	136.666715
03582		-1.436529	-13.177050	136.622989
03583		-1.124114	-14.281878	136.550797
03584		-0.793766	-15.516333	136.438428
03585		-0.443203	-16.903609	136.282445
03586		-0.077772	-18.452391	136.062933
03587		0.293428	-20.092499	135.773676
03588		0.726111	-21.932553	135.465093
03589		1.245278	-24.059262	135.046110
03590		1.754111	-26.590915	134.502361
03591		2.214023	-29.767382	133.978165
03592		2.858420	-33.548711	133.276666
03593		3.974060	-37.526764	132.050469
03594		5.455327	-41.742309	130.474516
03595		6.786339	-46.534207	128.821095
03596		7.922109	-51.213528	126.870158
03597		9.588336	-54.964302	124.166889
03598		12.141187	-57.986390	120.751846
03599		15.524586	-60.495771	116.901884
03600		19.298030	-62.368437	112.963846
03601		22.006688	-63.454785	110.313350
03602		23.443514	-63.718571	109.092562
03603		23.635150	-63.557160	109.177625
03604		23.074666	-63.184693	109.964522
03605		22.044109	-62.679743	111.071412
03606		20.742696	-62.032349	112.229886
03607		19.292281	-61.212358	113.351354
03608		17.758412	-60.154887	114.462825
03609		16.233142	-58.842136	115.582305
03610		14.729980	-57.221156	116.753007
03611		13.279495	-55.273552	117.939724
03612		11.859384	-52.989485	119.088305
03613		10.494630	-50.455289	120.125584
03614		9.161904	-47.698936	121.007747
03615		7.841102	-44.793162	121.752275
03616		6.524124	-41.767256	122.365736
03617		5.217520	-38.679500	122.856669
03618		3.898175	-35.496072	123.268724
03619		2.577233	-32.233176	123.599357
03620		1.246447	-28.899828	123.772617
03621		-0.099429	-25.577681	123.718242
03622		-1.458393	-22.275223	123.422050
03623		-2.766884	-19.041335	122.894282
03624		-3.984841	-15.830313	122.217765
03625		-5.078153	-12.698731	121.465865
03626		-6.192242	-9.545160	120.718661
03627		-7.446376	-6.325947	120.159275
03628		-8.808678	-3.103908	119.850981
03629		-10.296191	-0.002821	119.788214
03630		-11.887683	2.980319	119.904934
03631		-13.400811	5.795603	120.208360
03632		-14.623379	8.440139	120.746636
03633		-15.478622	10.890855	121.502591
03634		-15.962575	13.100364	122.424368
03635		-16.116085	14.918300	123.410396
03636		-16.152232	16.185148	124.291514
03637		-16.406125	16.806805	124.909204
03638		-16.867974	16.800589	125.350193
03639		-17.062469	16.255211	125.879636
03640		-16.644918	15.337644	126.685952
03641		-15.301201	14.062108	127.930905
03642		-13.696419	12.546449	129.170755
03643		-12.185802	11.205395	129.917165
03644		-10.607262	9.318441	130.390389
03645		-9.062406	7.181834	130.630176
03646		-8.138517	5.002508	130.843767
03647		-7.441035	2.832405	131.053164
03648		-6.955111	1.035829	130.957204
03649		-6.470419	-0.401935	131.092983
03650		-6.164917	-1.629375	131.154547
03651		-5.824947	-2.516984	131.218229
03652		-5.414729	-3.254065	131.210083
03653		-5.075399	-3.763354	131.165241
03654		-4.792048	-4.170458	131.097311
03655		-4.505954	-4.466892	131.018142
03656		-4.233702	-4.683078	130.950395
03657		-4.028000	-4.841705	130.902965
03658		-3.883146	-5.006724	130.865546
03659		-3.772030	-5.142122	130.846463
03660		-3.660648	-5.265011	130.835294
03661		-3.539168	-5.307127	130.837743
03662		-3.372924	-5.247623	130.843734
03663		-3.181139	-5.102593	130.864802
03664		-2.950108	-4.902296	130.899853
03665		-2.709717	-4.655740	130.946373
03666		-2.465263	-4.390452	131.011165
03667		-2.204829	-4.103034	131.102016
03668		-1.924192	-3.832911	131.202840
03669		-1.646892	-3.608610	131.276065
03670		-1.386780	-3.474823	131.335544
03671		-1.158106	-3.410319	131.391766
03672		-0.945536	-3.401646	131.437344
03673		-0.760037	-3.450222	131.486899
03674		-0.572157	-3.557538	131.535671
03675		-0.337122	-3.691320	131.587245
03676		-0.040770	-3.848529	131.645487
03677		0.290955	-4.028859	131.713306
03678		0.638692	-4.263312	131.764134
03679		0.983154	-4.525103	131.814589
03680		1.326937	-4.827081	131.867588
03681		1.669176	-5.152073	131.916990
03682		1.993307	-5.504565	131.946008
03683		2.255494	-5.866020	131.873733
03684		2.441927	-6.285307	131.678909
03685		2.824578	-6.827021	131.608494
03686		3.171317	-7.450611	131.492378
03687		3.520732	-8.154968	131.381459
03688		3.883023	-8.975188	131.258550
03689		4.229826	-9.890722	131.152445
03690		4.585282	-10.898196	131.067725
03691		4.950868	-11.992755	130.987998
03692		5.335488	-13.229515	130.866086
03693		5.756747	-14.697876	130.691183
03694		6.210525	-16.479713	130.436104
03695		6.651416	-18.723965	130.130547
03696		7.149947	-21.551361	129.662175
03697		7.903500	-24.846553	128.869813
03698		8.965269	-28.438461	127.381817
03699		10.546357	-32.235767	125.189331
03700		12.487403	-35.707691	122.511523
03701		14.825504	-38.865015	119.574146
03702		17.273900	-41.845504	116.598898
03703		19.573851	-44.339493	113.678294
03704		22.268002	-46.158412	110.671665
03705		24.267031	-47.056569	108.733789
03706		25.688680	-47.489561	107.693532
03707		26.506568	-47.889273	107.201097
03708		26.718876	-48.313557	106.937734
03709		26.253808	-48.629406	106.787995
03710		25.190991	-48.759274	106.923408
03711		23.795253	-48.698028	107.462267
03712		22.145484	-48.421326	108.465147
03713		20.304754	-47.902939	109.766232
03714		18.296105	-47.107247	111.197817
03715		16.225639	-46.052835	112.606658
03716		14.171027	-44.738657	113.990381
03717		12.246137	-43.195971	115.320152
03718		10.458650	-41.410219	116.600527
03719		8.809718	-39.403828	117.777196
03720		7.244066	-37.155389	118.836582
03721		5.750772	-34.694747	119.766912
03722		4.327213	-32.013464	120.591700
03723		3.020003	-29.194164	121.306159
03724		1.812699	-26.281163	121.889449
03725		0.663909	-23.360290	122.302872
03726		-0.463677	-20.417788	122.570242
03727		-1.583629	-17.496282	122.701418
03728		-2.704544	-14.584146	122.714100
03729		-3.842269	-11.667529	122.603111
03730		-5.087170	-8.606563	122.473754
03731		-6.443686	-5.413808	122.454077
03732		-7.907923	-2.140434	122.648460
03733		-9.423027	1.072619	123.048711
03734		-10.887052	4.176471	123.576532
03735		-12.129002	7.084117	124.213532
03736		-13.098318	9.779502	124.944972
03737		-13.853076	12.205733	125.730959
03738		-14.465103	14.308834	126.514274
03739		-14.976264	15.998964	127.232274
03740		-15.457844	17.206476	127.815727
03741		-16.095011	17.894994	128.170653
03742		-16.897782	18.110264	128.288636
03743		-17.594978	17.917405	128.306410
03744		-17.863872	17.392220	128.359312
03745		-17.545673	16.610122	128.508053
03746		-16.665199	15.575616	128.804275
03747		-15.278604	14.369100	129.285123
03748		-13.596103	13.153060	129.944683
03749		-12.315379	11.966193	130.488005
03750		-10.952962	10.415419	131.007407
03751		-9.671755	8.487274	131.433437
03752		-9.071586	6.468098	132.005021
03753		-8.609549	4.500230	132.557796
03754		-7.991986	2.740405	132.751454
03755		-7.421691	1.276389	132.671133
03756		-7.032399	-0.047436	132.700627
03757		-6.698587	-1.123686	132.791590
03758		-6.426155	-2.008685	133.020754
03759		-6.096017	-2.746521	133.128221
03760		-5.789763	-3.326989	133.223718
03761		-5.423795	-3.771509	133.281193
03762		-5.006776	-4.133053	133.311614
03763		-4.605487	-4.416494	133.326985
03764		-4.275563	-4.668268	133.325555
03765		-4.051966	-4.905362	133.315140
03766		-3.918820	-5.131735	133.295555
03767		-3.818767	-5.311347	133.273979
03768		-3.719540	-5.464529	133.242462
03769		-3.610487	-5.559464	133.216202
03770		-3.436644	-5.606521	133.209521
03771		-3.224745	-5.592044	133.213960
03772		-2.998178	-5.535792	133.225774
03773		-2.784111	-5.414461	133.253890
03774		-2.565137	-5.247585	133.305977
03775		-2.335202	-5.043823	133.377166
03776		-2.088778	-4.851634	133.458053
03777		-1.857472	-4.697222	133.549931
03778		-1.644942	-4.612817	133.657415
03779		-1.447426	-4.587094	133.767417
03780		-1.254833	-4.627616	133.863428
03781		-1.062584	-4.696869	133.955037
03782		-0.850675	-4.806329	134.034642
03783		-0.625400	-4.927930	134.110348
03784		-0.426352	-5.093552	134.131602
03785		-0.278641	-5.297885	134.087853
03786		-0.132078	-5.552569	134.030222
03787		0.068862	-5.848838	134.011794
03788		0.240057	-6.175167	133.979165
03789		0.403770	-6.519110	133.950690
03790		0.559221	-6.910483	133.905045
03791		0.709093	-7.338579	133.849167
03792		0.861422	-7.815241	133.790484
03793		1.004262	-8.325547	133.740730
03794		1.153956	-8.909457	133.678228
03795		1.317778	-9.565771	133.600861
03796		1.516502	-10.303225	133.513342
03797		1.750854	-11.094835	133.435666
03798		2.020453	-11.974294	133.357425
03799		2.306507	-12.928589	133.288083
03800		2.632962	-13.979598	133.196504
03801		2.997601	-15.130380	133.062224
03802		3.408592	-16.397876	132.875961
03803		3.860899	-17.780072	132.619741
03804		4.368127	-19.321831	132.245583
03805		4.907985	-21.028267	131.707754
03806		5.450192	-22.885537	131.050059
03807		5.972882	-24.957543	130.427257
03808		6.498785	-27.468932	129.790669
03809		6.872329	-30.503541	129.171438
03810		7.395846	-34.061007	128.418734
03811		8.305118	-37.751636	127.283784
03812		9.500361	-41.523511	125.917678
03813		10.598079	-45.527443	124.582589
03814		11.853723	-49.425003	123.023977
03815		13.502036	-53.332339	121.058545
03816		15.795181	-56.895105	118.345412
03817		19.387615	-59.849712	114.672823
03818		23.817128	-62.113332	110.621532
03819		28.197300	-63.515808	106.710663
03820		31.742359	-64.072311	103.393163
03821		33.373036	-63.594023	101.561471
03822		33.427017	-62.434559	101.154649
03823		32.683485	-61.013517	101.569445
03824		31.605017	-59.516616	102.432183
03825		30.424926	-58.048444	103.446476
03826		29.028926	-56.584306	104.653918
03827		27.436729	-55.097337	106.003853
03828		25.665221	-53.550717	107.468802
03829		23.809980	-51.943958	108.959541
03830		21.859875	-50.226792	110.495631
03831		19.843728	-48.393995	112.028250
03832		17.695037	-46.379434	113.583380
03833		15.436278	-44.182977	115.180068
03834		13.117007	-41.775999	116.833713
03835		10.872402	-39.235128	118.419661
03836		8.700691	-36.568925	119.898325
03837		6.587390	-33.812329	121.205849
03838		4.482197	-30.927172	122.320473
03839		2.431358	-28.011886	123.196218
03840		0.460159	-25.060200	123.856697
03841		-1.363348	-22.117958	124.321275
03842		-3.018395	-19.109998	124.636985
03843		-4.486598	-16.037651	124.800857
03844		-5.849306	-12.796079	124.856842
03845		-7.179552	-9.392426	124.863325
03846		-8.501406	-5.808188	124.922641
03847		-9.788879	-2.175836	125.086362
03848		-11.030423	1.422658	125.346553
03849		-12.152441	4.862540	125.694003
03850		-13.082558	8.078468	126.115217
03851		-13.814586	10.916283	126.581469
03852		-14.489660	13.314044	127.053536
03853		-15.143568	15.208284	127.517860
03854		-15.827261	16.549271	127.909482
03855		-16.601782	17.305257	128.184043
03856		-17.329699	17.522826	128.387936
03857		-17.559031	17.290297	128.675973
03858		-17.056392	16.686137	129.116794
03859		-16.099934	15.719998	129.575333
03860		-15.026731	14.380442	129.890875
03861		-13.713080	12.926575	130.224863
03862		-12.465247	11.602271	130.559883
03863		-11.128219	10.029087	131.048011
03864		-9.773064	8.075894	131.554573
03865		-8.858178	6.058702	132.049796
03866		-8.335982	4.105344	132.526713
03867		-7.693193	2.272973	132.688555
03868		-7.010744	0.649990	132.514932
03869		-6.531497	-0.767815	132.564396
03870		-6.200709	-1.984000	132.665598
03871		-5.941606	-2.902046	132.855822
03872		-5.672177	-3.645721	132.929232
03873		-5.479326	-4.235376	133.003723
03874		-5.287102	-4.719841	133.059132
03875		-5.062852	-5.121568	133.073934
03876		-4.812549	-5.475794	133.071085
03877		-4.556697	-5.772373	133.056259
03878		-4.317111	-6.045025	133.029994
03879		-4.138603	-6.287653	133.008130
03880		-3.991617	-6.505212	132.989592
03881		-3.862977	-6.659023	132.979398
03882		-3.751886	-6.760197	132.970033
03883		-3.639123	-6.784104	132.973416
03884		-3.498661	-6.759316	132.989715
03885		-3.334974	-6.685105	133.038094
03886		-3.179731	-6.588941	133.110264
03887		-3.041597	-6.457090	133.199040
03888		-2.898337	-6.323838	133.290309
03889		-2.742367	-6.173000	133.374833
03890		-2.571365	-6.053631	133.436876
03891		-2.414478	-5.976955	133.485480
03892		-2.269554	-5.965108	133.528238
03893		-2.147268	-5.986259	133.559775
03894		-2.031684	-6.062633	133.586438
03895		-1.917434	-6.161741	133.603300
03896		-1.800771	-6.301683	133.600627
03897		-1.686051	-6.458720	133.572331
03898		-1.568192	-6.643190	133.503896
03899		-1.448975	-6.835349	133.433067
03900		-1.315450	-7.073638	133.386463
03901		-1.196839	-7.342225	133.339393
03902		-1.084667	-7.648364	133.283117
03903		-0.971848	-7.964984	133.226634
03904		-0.856096	-8.320679	133.169918
03905		-0.737652	-8.702232	133.119051
03906		-0.623744	-9.131255	133.059537
03907		-0.507180	-9.592523	133.012019
03908		-0.393467	-10.103740	132.975168
03909		-0.280253	-10.650974	132.944597
03910		-0.151872	-11.272107	132.919541
03911		-0.010746	-11.956006	132.891003
03912		0.158552	-12.723394	132.870720
03913		0.324749	-13.555776	132.862725
03914		0.508738	-14.475246	132.855038
03915		0.700628	-15.470886	132.843000
03916		0.925573	-16.567811	132.807467
03917		1.183421	-17.764377	132.745199
03918		1.503053	-19.108072	132.628197
03919		1.889428	-20.591793	132.411710
03920		2.380284	-22.261212	132.056790
03921		2.939540	-24.121852	131.571267
03922		3.555148	-26.292437	131.006208
03923		4.227672	-28.905462	130.343968
03924		4.916402	-32.123678	129.613192
03925		5.944811	-35.776670	128.641983
03926		7.551780	-39.550090	127.021138
03927		9.436663	-43.508054	125.096396
03928		11.154706	-47.851819	123.126623
03929		13.073920	-52.143560	120.759035
03930		15.606705	-55.744817	117.595890
03931		19.189396	-58.717500	113.507734
03932		23.620119	-61.067484	109.148483
03933		28.272236	-62.723122	104.905024
03934		31.950676	-63.856818	101.937743
03935		33.900228	-64.369381	100.518297
03936		33.999545	-64.431639	100.805649
03937		32.946643	-64.249339	102.073392
03938		31.112091	-63.887441	104.036146
03939		29.001908	-63.377052	106.210842
03940		26.705285	-62.663670	108.486021
03941		24.383804	-61.720395	110.710010
03942		22.034837	-60.466640	112.910603
03943		19.821984	-58.919005	114.963927
03944		17.747343	-57.050227	116.889523
03945		15.861514	-54.922809	118.615826
03946		14.088556	-52.511104	120.147213
03947		12.425695	-49.873636	121.437604
03948		10.773056	-47.003649	122.563354
03949		9.148410	-43.966300	123.541762
03950		7.545623	-40.779032	124.425683
03951		5.989846	-37.541340	125.197655
03952		4.401277	-34.223351	125.891990
03953		2.814223	-30.911758	126.465421
03954		1.212624	-27.639462	126.892657
03955		-0.359220	-24.443452	127.153189
03956		-1.906303	-21.218917	127.301046
03957		-3.347427	-17.990984	127.310540
03958		-4.670955	-14.711590	127.220914
03959		-5.898409	-11.470645	127.066649
03960		-7.140619	-8.162764	126.916397
03961		-8.394826	-4.796668	126.880439
03962		-9.618566	-1.402564	127.024320
03963		-10.790484	1.850757	127.350936
03964		-11.890376	4.901968	127.835261
03965		-12.826752	7.655451	128.455575
03966		-13.534070	10.078829	129.169116
03967		-14.008701	12.112975	129.893219
03968		-14.317245	13.762048	130.561935
03969		-14.524229	14.954782	131.120634
03970		-14.679782	15.623302	131.520404
03971		-14.740252	15.714255	131.797330
03972		-14.557437	15.234746	132.041680
03973		-13.827962	14.076074	132.415022
03974		-12.780927	12.468248	132.770347
03975		-11.565410	10.911878	132.938113
03976		-10.503823	9.209548	132.999135
03977		-9.287088	7.376310	133.227811
03978		-8.230276	5.505960	133.491254
03979		-7.492967	3.629557	133.886973
03980		-6.842603	1.959732	134.095802
03981		-6.278568	0.643598	134.097432
03982		-5.852062	-0.754331	134.083359
03983		-5.515068	-1.796972	134.169245
03984		-5.203227	-2.592222	134.284895
03985		-4.962801	-3.257931	134.348077
03986		-4.810488	-3.818844	134.422045
03987		-4.737577	-4.306823	134.497925
03988		-4.682933	-4.729496	134.583066
03989		-4.647329	-5.057533	134.663586
03990		-4.614357	-5.365721	134.740481
03991		-4.600666	-5.605973	134.798275
03992		-4.600224	-5.809361	134.848094
03993		-4.602586	-5.932541	134.881878
03994		-4.582599	-6.000973	134.899730
03995		-4.528179	-5.983247	134.912136
03996		-4.421801	-5.917843	134.927838
03997		-4.287422	-5.781624	134.956986
03998		-4.143438	-5.622741	134.998406
03999		-3.989025	-5.442888	135.046808
04000		-3.829045	-5.296325	135.091575
04001		-3.667365	-5.171623	135.124748
04002		-3.518126	-5.121331	135.152634
04003		-3.358539	-5.090610	135.177659
04004		-3.182390	-5.096554	135.197813
04005		-3.008580	-5.124093	135.218551
04006		-2.822135	-5.199611	135.234460
04007		-2.631887	-5.285287	135.255449
04008		-2.415774	-5.406450	135.272461
04009		-2.169592	-5.530604	135.296616
04010		-1.900342	-5.683032	135.313043
04011		-1.627277	-5.837246	135.317820
04012		-1.373718	-6.018331	135.285565
04013		-1.156949	-6.210950	135.227442
04014		-0.962498	-6.429385	135.157124
04015		-0.776370	-6.657437	135.106107
04016		-0.574597	-6.938546	135.083239
04017		-0.391513	-7.233873	135.051717
04018		-0.200966	-7.572123	135.021231
04019		-0.017191	-7.937259	134.989649
04020		0.163784	-8.363431	134.949367
04021		0.314742	-8.827626	134.913551
04022		0.460061	-9.359046	134.881945
04023		0.610770	-9.936622	134.867865
04024		0.782932	-10.599418	134.858546
04025		0.959046	-11.332276	134.845170
04026		1.139583	-12.151153	134.829566
04027		1.318302	-13.027824	134.824558
04028		1.503477	-13.993077	134.829755
04029		1.702214	-15.044235	134.824452
04030		1.938909	-16.238289	134.774754
04031		2.236743	-17.566335	134.653537
04032		2.591925	-19.050545	134.437797
04033		3.012934	-20.683880	134.095378
04034		3.520239	-22.525452	133.567749
04035		4.066314	-24.577147	132.893714
04036		4.612990	-26.987721	132.195144
04037		5.133727	-29.947031	131.508520
04038		5.642885	-33.516311	130.823889
04039		6.494197	-37.434831	129.793319
04040		7.818648	-41.400186	128.320146
04041		9.334282	-45.521367	126.719990
04042		10.746055	-49.704085	125.160038
04043		12.461560	-53.844742	123.311746
04044		14.638493	-57.731269	120.828205
04045		18.027740	-61.095324	117.282156
04046		22.539097	-63.812529	112.967160
04047		27.709978	-65.708012	108.240639
04048		32.623166	-66.807128	103.791247
04049		36.200108	-67.117713	100.267249
04050		37.560668	-66.567333	98.618576
04051		37.147411	-65.483772	98.611135
04052		35.553358	-64.058713	99.898923
04053		33.408639	-62.470371	101.902977
04054		31.020947	-60.795683	104.219320
04055		28.614577	-59.128314	106.527974
04056		26.176348	-57.422951	108.761048
04057		23.776226	-55.669476	110.781157
04058		21.299692	-53.742758	112.709680
04059		18.816639	-51.626861	114.538685
04060		16.362031	-49.294597	116.346099
04061		14.050507	-46.837548	118.063717
04062		11.857558	-44.235420	119.663390
04063		9.760291	-41.487557	121.110103
04064		7.682886	-38.510622	122.428113
04065		5.716613	-35.397356	123.497921
04066		3.892253	-32.193465	124.278186
04067		2.269265	-29.064765	124.700429
04068		0.823962	-25.985512	124.772348
04069		-0.455001	-22.975159	124.550995
04070		-1.656803	-19.923863	124.167166
04071		-2.738652	-16.904275	123.702332
04072		-3.777073	-13.885873	123.222705
04073		-4.900317	-10.867080	122.810883
04074		-6.204671	-7.738534	122.603232
04075		-7.604455	-4.594919	122.661978
04076		-9.091228	-1.481649	122.988346
04077		-10.588439	1.448617	123.491592
04078		-12.040545	4.208706	124.138908
04079		-13.307054	6.760727	124.878563
04080		-14.270874	9.123975	125.677987
04081		-14.919227	11.236778	126.461883
04082		-15.372966	13.084378	127.157674
04083		-15.678762	14.569143	127.723145
04084		-15.886059	15.604833	128.154103
04085		-16.087539	16.112752	128.449764
04086		-16.287717	16.126151	128.675672
04087		-16.306857	15.724116	128.973586
04088		-15.738176	14.946067	129.572747
04089		-14.546913	13.704994	130.481679
04090		-13.164300	12.361061	131.254010
04091		-11.924145	11.022928	131.671476
04092		-10.594653	9.299792	132.034550
04093		-9.305531	7.466820	132.343820
04094		-8.518426	5.542215	132.730135
04095		-8.065496	3.644383	133.110095
04096		-7.584181	1.897458	133.250058
04097		-7.096278	0.428965	133.151195
04098		-6.768379	-1.029330	133.175296
04099		-6.500291	-2.208970	133.260745
04100		-6.210531	-3.164171	133.383048
04101		-5.895473	-3.917762	133.415769
04102		-5.634664	-4.499009	133.450995
04103		-5.413307	-4.984989	133.467496
04104		-5.199203	-5.403357	133.468846
04105		-5.027729	-5.748819	133.476312
04106		-4.885337	-6.064745	133.476882
04107		-4.771435	-6.347005	133.479191
04108		-4.662901	-6.617997	133.463844
04109		-4.544851	-6.812242	133.428652
04110		-4.398012	-6.927938	133.389198
04111		-4.191187	-6.955439	133.356039
04112		-3.931574	-6.942711	133.336061
04113		-3.639636	-6.861592	133.353050
04114		-3.317374	-6.728125	133.396652
04115		-2.999425	-6.521828	133.467836
04116		-2.716140	-6.308359	133.551500
04117		-2.429458	-6.099463	133.649733
04118		-2.151224	-5.931516	133.743855
04119		-1.865974	-5.807373	133.840431
04120		-1.584857	-5.752762	133.925839
04121		-1.330202	-5.753846	134.000155
04122		-1.078712	-5.817680	134.062238
04123		-0.832171	-5.910761	134.117032
04124		-0.613648	-6.042453	134.136725
04125		-0.435926	-6.197408	134.112632
04126		-0.279355	-6.391097	134.047287
04127		-0.117698	-6.593356	133.986373
04128		0.082310	-6.834744	133.959419
04129		0.240772	-7.093263	133.925116
04130		0.381149	-7.385469	133.887967
04131		0.498007	-7.710533	133.844997
04132		0.607745	-8.079292	133.797436
04133		0.715882	-8.481660	133.763004
04134		0.803849	-8.917760	133.745184
04135		0.896449	-9.401398	133.755814
04136		1.008146	-9.956447	133.767471
04137		1.144808	-10.578155	133.760167
04138		1.325741	-11.275000	133.747502
04139		1.537346	-12.021890	133.744812
04140		1.787349	-12.844122	133.743804
04141		2.054134	-13.747142	133.722675
04142		2.370296	-14.760473	133.673859
04143		2.729848	-15.889100	133.593878
04144		3.126401	-17.142704	133.460200
04145		3.539673	-18.531283	133.250396
04146		3.981425	-20.061965	132.923710
04147		4.472874	-21.748289	132.462442
04148		5.010548	-23.595270	131.870640
04149		5.572361	-25.707812	131.236941
04150		6.131204	-28.271533	130.560126
04151		6.532007	-31.456663	129.969756
04152		7.056433	-35.204617	129.207515
04153		7.938805	-39.150261	128.038451
04154		9.280897	-43.184474	126.500679
04155		10.779019	-47.398722	124.839742
04156		12.492185	-51.545610	123.113854
04157		14.705691	-55.499242	120.965092
04158		17.671095	-59.156033	118.091352
04159		21.623740	-62.535331	114.397864
04160		26.805143	-65.325719	109.700430
04161		33.086467	-67.231385	104.139516
04162		38.784359	-68.118613	98.979644
04163		42.880122	-68.093489	94.910941
04164		43.537618	-67.064272	93.697799
04165		41.821554	-65.320074	94.775175
04166		39.261723	-63.276702	96.949488
04167		36.670047	-61.179513	99.402136
04168		34.281725	-59.109343	101.723536
04169		32.040413	-57.135745	103.773865
04170		29.730620	-55.173135	105.657196
04171		27.350311	-53.197767	107.388856
04172		24.835066	-51.122257	109.147068
04173		22.306415	-48.971215	110.954402
04174		19.796003	-46.710442	112.805462
04175		17.325082	-44.352787	114.647392
04176		14.855155	-41.870801	116.416672
04177		12.381982	-39.255941	118.021490
04178		9.875697	-36.457210	119.427514
04179		7.433091	-33.506710	120.594091
04180		5.114281	-30.406121	121.516960
04181		3.005660	-27.300094	122.125822
04182		1.084412	-24.237609	122.396270
04183		-0.670805	-21.255161	122.399048
04184		-2.322177	-18.256484	122.256219
04185		-3.806357	-15.252533	122.075774
04186		-5.169788	-12.211897	121.919244
04187		-6.539635	-9.094901	121.826137
04188		-7.993374	-5.849288	121.840504
04189		-9.439041	-2.584030	121.981202
04190		-10.902266	0.600106	122.270367
04191		-12.384060	3.602148	122.679026
04192		-13.771572	6.425611	123.205240
04193		-14.871589	9.045971	123.874798
04194		-15.595222	11.455486	124.689044
04195		-15.943242	13.583155	125.607377
04196		-16.039483	15.295754	126.509011
04197		-16.051392	16.437210	127.239792
04198		-16.207825	16.914180	127.702044
04199		-16.431502	16.731013	127.999732
04200		-16.374302	16.008819	128.374109
04201		-15.659749	14.912556	129.046567
04202		-14.320186	13.370550	129.924374
04203		-12.906514	12.118524	130.481644
04204		-11.508185	10.559275	130.754718
04205		-9.864118	8.673461	131.023288
04206		-8.505354	6.652240	131.168717
04207		-7.804641	4.656933	131.439193
04208		-7.350815	2.749239	131.751553
04209		-6.883187	1.102289	131.755912
04210		-6.438716	-0.316490	131.782254
04211		-6.189377	-1.613499	131.809249
04212		-5.947245	-2.587638	131.917499
04213		-5.695195	-3.387541	131.965831
04214		-5.503690	-4.013655	132.007473
04215		-5.370699	-4.527375	132.025323
04216		-5.223087	-4.986754	132.016403
04217		-5.079751	-5.378006	131.997923
04218		-4.964501	-5.737541	131.988661
04219		-4.904124	-6.060512	131.989240
04220		-4.861830	-6.359799	131.988780
04221		-4.809664	-6.607513	131.988273
04222		-4.734761	-6.784436	131.980352
04223		-4.629159	-6.862604	131.977602
04224		-4.466407	-6.865067	131.980535
04225		-4.260913	-6.777050	131.990422
04226		-4.043898	-6.639145	132.021728
04227		-3.826035	-6.453161	132.075933
04228		-3.598157	-6.271542	132.163810
04229		-3.385427	-6.065490	132.263844
04230		-3.139885	-5.837047	132.350628
04231		-2.896871	-5.609635	132.441526
04232		-2.672996	-5.427350	132.521697
04233		-2.485056	-5.293195	132.573366
04234		-2.338174	-5.237926	132.604653
04235		-2.207644	-5.221281	132.627826
04236		-2.055472	-5.241196	132.649571
04237		-1.878231	-5.273985	132.670043
04238		-1.667715	-5.333183	132.683120
04239		-1.434518	-5.402147	132.700340
04240		-1.192363	-5.496522	132.722858
04241		-0.968217	-5.610748	132.738671
04242		-0.769016	-5.749927	132.756332
04243		-0.575501	-5.907784	132.775924
04244		-0.388003	-6.086046	132.790814
04245		-0.193399	-6.277644	132.800410
04246		0.013961	-6.492197	132.813266
04247		0.212673	-6.740921	132.814932
04248		0.348567	-7.038135	132.756532
04249		0.433085	-7.389711	132.661036
04250		0.561693	-7.826810	132.605614
04251		0.745211	-8.356113	132.588685
04252		0.915945	-8.968652	132.569726
04253		1.114070	-9.662757	132.550415
04254		1.322846	-10.450822	132.544504
04255		1.547015	-11.323476	132.542945
04256		1.788502	-12.306740	132.528185
04257		2.062995	-13.387601	132.491210
04258		2.389761	-14.601716	132.415363
04259		2.746865	-15.953417	132.294104
04260		3.136817	-17.502515	132.096789
04261		3.562008	-19.235410	131.770853
04262		4.007144	-21.066442	131.366081
04263		4.595414	-23.138076	130.874529
04264		5.279844	-25.597331	130.215277
04265		5.889803	-28.765118	129.520271
04266		6.624492	-32.788196	128.681147
04267		7.850912	-36.987746	127.236497
04268		9.512763	-41.301189	125.376348
04269		11.381028	-45.695555	123.352952
04270		13.541767	-50.190256	121.015079
04271		16.441533	-54.016941	117.866997
04272		20.394351	-57.172073	113.786903
04273		25.197355	-59.646237	109.461235
04274		30.220313	-61.366490	105.248165
04275		34.256109	-62.278625	102.043786
04276		36.328546	-62.299605	100.317196
04277		36.636081	-61.743543	99.957216
04278		35.800618	-60.898423	100.552671
04279		34.354065	-59.973377	101.761080
04280		32.655216	-59.028673	103.289488
04281		30.852467	-58.103180	104.965297
04282		28.876102	-57.124880	106.795267
04283		26.757064	-56.050369	108.707321
04284		24.462743	-54.777919	110.728537
04285		22.084095	-53.281165	112.798549
04286		19.649895	-51.501683	114.898391
04287		17.271338	-49.459254	116.926294
04288		14.968051	-47.146715	118.793749
04289		12.778364	-44.621874	120.378273
04290		10.621123	-41.855221	121.695506
04291		8.522286	-38.885417	122.756220
04292		6.505903	-35.730430	123.614014
04293		4.644425	-32.514085	124.241266
04294		2.881823	-29.229632	124.611202
04295		1.169710	-25.917469	124.756625
04296		-0.489265	-22.600107	124.686673
04297		-2.063775	-19.410645	124.402618
04298		-3.592345	-16.301841	123.967116
04299		-5.078949	-13.284881	123.458669
04300		-6.586384	-10.273798	122.876387
04301		-8.148954	-7.185425	122.363807
04302		-9.718915	-4.025887	122.033377
04303		-11.313196	-0.966764	121.896446
04304		-13.041676	1.962247	121.931230
04305		-14.770733	4.697294	122.115036
04306		-16.311186	7.269140	122.477289
04307		-17.518906	9.695926	123.022935
04308		-18.310766	11.999363	123.731371
04309		-18.598575	14.032963	124.571351
04310		-18.527493	15.631619	125.401934
04311		-18.428303	16.620226	126.041298
04312		-18.575287	16.942743	126.405382
04313		-18.747382	16.656597	126.678318
04314		-18.436865	15.845707	127.109052
04315		-17.385117	14.668168	127.829418
04316		-15.709075	13.172878	128.718054
04317		-14.215534	12.000390	129.340991
04318		-12.661904	10.492026	129.837613
04319		-10.881014	8.724075	130.230881
04320		-9.589779	6.775379	130.575338
04321		-8.915421	4.806824	130.816254
04322		-8.353770	2.962128	131.033195
04323		-7.773323	1.310744	131.068596
04324		-7.466722	-0.160286	131.111302
04325		-7.313260	-1.433572	131.120131
04326		-7.165436	-2.510126	131.196444
04327		-7.051406	-3.428734	131.283080
04328		-6.976462	-4.141205	131.352438
04329		-6.899936	-4.728014	131.404665
04330		-6.782638	-5.217522	131.430718
04331		-6.690256	-5.612601	131.456112
04332		-6.649310	-5.956241	131.479760
04333		-6.647471	-6.247195	131.500562
04334		-6.653739	-6.513085	131.514195
04335		-6.657875	-6.735907	131.521007
04336		-6.630875	-6.942774	131.516322
04337		-6.578087	-7.108187	131.507675
04338		-6.480035	-7.252537	131.499892
04339		-6.340011	-7.324912	131.505048
04340		-6.168045	-7.319733	131.525588
04341		-5.961020	-7.214485	131.561777
04342		-5.700758	-7.013845	131.592375
04343		-5.391791	-6.726941	131.625673
04344		-5.034792	-6.383590	131.660440
04345		-4.648142	-5.977829	131.698655
04346		-4.251941	-5.565022	131.759406
04347		-3.880682	-5.182342	131.824564
04348		-3.553882	-4.883399	131.882624
04349		-3.265241	-4.664123	131.923739
04350		-3.002889	-4.522016	131.948063
04351		-2.769200	-4.432009	131.974744
04352		-2.558980	-4.411352	132.002492
04353		-2.382709	-4.433431	132.026217
04354		-2.224873	-4.505797	132.050385
04355		-2.071950	-4.591034	132.073504
04356		-1.898763	-4.695367	132.097013
04357		-1.705669	-4.819087	132.128738
04358		-1.488012	-4.972813	132.158842
04359		-1.240837	-5.148394	132.188119
04360		-0.967036	-5.362065	132.228740
04361		-0.693235	-5.609904	132.270501
04362		-0.426024	-5.917942	132.314582
04363		-0.145971	-6.283165	132.349624
04364		0.079330	-6.713542	132.310846
04365		0.210221	-7.237483	132.168775
04366		0.436707	-7.870490	132.088366
04367		0.740410	-8.636437	132.051087
04368		1.006025	-9.479119	132.002878
04369		1.280229	-10.419744	131.943741
04370		1.551484	-11.469038	131.879839
04371		1.827930	-12.634234	131.795288
04372		2.110632	-13.956503	131.672566
04373		2.414717	-15.427202	131.485191
04374		2.714113	-17.077837	131.217973
04375		3.020851	-18.918865	130.854314
04376		3.338847	-20.961576	130.390129
04377		3.708187	-23.370614	129.817448
04378		4.038993	-26.404581	129.226833
04379		4.300231	-30.283644	128.669456
04380		4.853874	-34.671892	127.775674
04381		5.718926	-39.684049	126.499302
04382		6.724410	-45.124638	124.817667
04383		8.367784	-49.711455	122.598666
04384		10.680709	-53.477841	120.026684
04385		13.331367	-56.726095	117.097995
04386		16.678223	-59.382023	113.713208
04387		20.236317	-61.285838	110.415430
04388		22.738931	-62.147949	108.371967
04389		24.262652	-62.197469	107.335956
04390		24.788013	-61.866797	107.188953
04391		24.819350	-61.373586	107.346229
04392		24.434829	-60.689734	107.689891
04393		23.737997	-59.807531	108.139500
04394		22.690996	-58.643605	108.813236
04395		21.310430	-57.147844	109.795223
04396		19.631038	-55.262823	111.105655
04397		17.811044	-53.032869	112.587718
04398		15.923419	-50.476999	114.087753
04399		14.052817	-47.685555	115.439225
04400		12.218810	-44.708442	116.619353
04401		10.498723	-41.665922	117.545301
04402		8.829462	-38.565163	118.326308
04403		7.230292	-35.457713	119.012256
04404		5.674285	-32.335030	119.584064
04405		4.154055	-29.236926	119.979370
04406		2.614448	-26.112447	120.187545
04407		1.075972	-22.979837	120.220675
04408		-0.456345	-19.794773	120.136869
04409		-1.923453	-16.624934	120.028218
04410		-3.358464	-13.450037	119.998815
04411		-4.798324	-10.268855	120.172675
04412		-6.320001	-6.989663	120.667611
04413		-7.912018	-3.677397	121.481671
04414		-9.452196	-0.357250	122.521464
04415		-10.792962	2.850775	123.667647
04416		-11.888447	5.919964	124.845369
04417		-12.726996	8.763723	125.995599
04418		-13.311718	11.318048	127.107601
04419		-13.653738	13.493051	128.175741
04420		-13.818737	15.221752	129.144860
04421		-13.967452	16.396125	129.909798
04422		-14.354108	16.969359	130.361902
04423		-14.999654	16.956403	130.511551
04424		-15.598232	16.478552	130.553773
04425		-15.810255	15.670553	130.676573
04426		-15.382415	14.539725	131.057642
04427		-14.396429	13.189830	131.748075
04428		-13.141248	11.787553	132.661083
04429		-12.010996	10.554744	133.719384
04430		-11.040751	9.189682	134.727041
04431		-9.849832	7.478174	135.414961
04432		-9.062866	5.424771	135.852384
04433		-8.677367	3.438708	136.213750
04434		-8.191065	1.664267	136.234096
04435		-7.701731	0.158314	136.156678
04436		-7.443972	-1.265836	136.121386
04437		-7.236302	-2.352729	136.177706
04438		-7.039023	-3.311442	136.251880
04439		-6.875586	-4.088931	136.301232
04440		-6.750954	-4.663705	136.372201
04441		-6.598240	-5.134258	136.417624
04442		-6.379881	-5.544708	136.435349
04443		-6.163039	-5.871500	136.447877
04444		-5.984752	-6.160386	136.452497
04445		-5.886854	-6.410533	136.462054
04446		-5.854522	-6.627029	136.472779
04447		-5.848209	-6.770153	136.482665
04448		-5.827665	-6.855980	136.494755
04449		-5.792037	-6.866300	136.503524
04450		-5.734351	-6.842134	136.511759
04451		-5.651354	-6.780316	136.538073
04452		-5.526555	-6.689698	136.583211
04453		-5.358678	-6.538357	136.648744
04454		-5.153303	-6.353441	136.719337
04455		-4.957494	-6.136017	136.790890
04456		-4.759078	-5.907993	136.857438
04457		-4.559235	-5.692190	136.934205
04458		-4.369476	-5.522760	137.007728
04459		-4.202447	-5.408094	137.081520
04460		-4.046295	-5.363811	137.143451
04461		-3.870072	-5.370815	137.193969
04462		-3.654924	-5.438536	137.250639
04463		-3.378053	-5.528293	137.306446
04464		-3.037886	-5.663491	137.350239
04465		-2.696244	-5.826613	137.352480
04466		-2.371024	-6.039121	137.317362
04467		-2.065851	-6.279208	137.257632
04468		-1.763276	-6.570112	137.221600
04469		-1.461423	-6.904003	137.195912
04470		-1.195198	-7.303460	137.158342
04471		-0.916477	-7.754482	137.110799
04472		-0.642444	-8.262011	137.061930
04473		-0.402066	-8.806540	137.011731
04474		-0.202916	-9.420075	136.968537
04475		-0.048545	-10.086743	136.944445
04476		0.072097	-10.823441	136.947438
04477		0.153149	-11.612453	136.974638
04478		0.208929	-12.472792	137.018100
04479		0.250942	-13.394748	137.056571
04480		0.313430	-14.417774	137.077056
04481		0.404149	-15.546455	137.070873
04482		0.547228	-16.802360	137.016217
04483		0.730270	-18.196005	136.886854
04484		0.977586	-19.762649	136.644053
04485		1.254611	-21.503950	136.297624
04486		1.534547	-23.514767	135.854206
04487		1.737604	-25.873540	135.385297
04488		1.832123	-28.739094	135.030598
04489		1.852587	-32.157795	134.790606
04490		1.943689	-36.049683	134.504850
04491		2.295789	-40.294655	133.958291
04492		2.952635	-44.754000	133.161475
04493		3.766167	-49.383721	132.305282
04494		4.641304	-54.304480	131.301445
04495		6.295119	-58.702587	129.437099
04496		9.136996	-62.229215	126.407204
04497		13.027383	-64.972777	122.718620
04498		17.706033	-66.925588	118.431322
04499		22.318665	-67.906692	113.947236
04500		25.545169	-67.706251	110.647695
04501		27.445066	-66.709575	108.573948
04502		28.331734	-65.322511	107.528493
04503		28.516524	-63.729218	107.319867
04504		28.225703	-61.991290	107.632926
04505		27.474841	-60.120528	108.321035
04506		26.211725	-58.033193	109.345090
04507		24.535314	-55.742491	110.604370
04508		22.604701	-53.262278	112.013268
04509		20.662191	-50.704205	113.455104
04510		18.720653	-48.093537	114.947960
04511		16.801614	-45.458125	116.372465
04512		14.775359	-42.715291	117.757900
04513		12.665103	-39.868698	119.062871
04514		10.504256	-36.898234	120.233584
04515		8.382103	-33.869800	121.221089
04516		6.327646	-30.768132	122.053659
04517		4.387410	-27.677822	122.691539
04518		2.514383	-24.558731	123.161769
04519		0.699044	-21.438995	123.474485
04520		-1.083713	-18.278665	123.714393
04521		-2.765933	-15.130108	123.933758
04522		-4.391769	-11.896776	124.181300
04523		-5.973189	-8.547937	124.510822
04524		-7.487820	-5.084745	124.906113
04525		-8.887093	-1.617673	125.301844
04526		-10.202597	1.807219	125.633870
04527		-11.452197	5.045234	125.878494
04528		-12.681574	8.043798	126.032065
04529		-13.863753	10.727068	126.151731
04530		-14.960169	13.115359	126.315535
04531		-15.929366	15.158107	126.554274
04532		-16.735316	16.822933	126.839235
04533		-17.455383	17.970271	127.051990
04534		-18.289079	18.509139	127.072332
04535		-19.119906	18.443710	126.978760
04536		-19.551910	17.871727	126.983951
04537		-19.327234	16.951980	127.241386
04538		-18.365900	15.779167	127.899959
04539		-16.848410	14.419794	128.888924
04540		-14.975101	13.076898	130.092305
04541		-13.575016	11.868499	131.237799
04542		-12.073779	10.379669	132.356903
04543		-10.405701	8.461507	133.216310
04544		-9.361621	6.357636	133.858685
04545		-8.674186	4.209426	134.262172
04546		-7.743234	2.172167	134.184680
04547		-6.982785	0.399390	134.022112
04548		-6.395108	-1.155198	134.134884
04549		-5.863120	-2.199865	134.288221
04550		-5.293060	-2.875105	134.336210
04551		-4.748759	-3.345242	134.275352
04552		-4.367925	-3.812439	134.255868
04553		-3.998545	-4.132449	134.215259
04554		-3.641166	-4.369118	134.174850
04555		-3.363713	-4.531249	134.139500
04556		-3.193471	-4.674175	134.106287
04557		-3.135376	-4.807577	134.086649
04558		-3.122627	-4.952443	134.074906
04559		-3.125389	-5.045826	134.066951
04560		-3.087329	-5.067695	134.065356
04561		-3.016645	-5.014319	134.088964
04562		-2.930018	-4.933047	134.146252
04563		-2.824913	-4.797760	134.230880
04564		-2.698688	-4.654213	134.327093
04565		-2.574693	-4.525813	134.425828
04566		-2.468057	-4.457468	134.513780
04567		-2.391705	-4.440500	134.603856
04568		-2.298016	-4.485977	134.686356
04569		-2.196858	-4.560426	134.764956
04570		-2.077651	-4.682280	134.833649
04571		-1.950981	-4.818242	134.899647
04572		-1.808904	-4.986387	134.964815
04573		-1.646572	-5.152635	135.030902
04574		-1.457800	-5.340222	135.097473
04575		-1.259314	-5.518481	135.155934
04576		-1.069401	-5.719214	135.185969
04577		-0.924222	-5.919513	135.166674
04578		-0.802853	-6.139221	135.115434
04579		-0.712325	-6.356833	135.063389
04580		-0.603045	-6.617241	135.035489
04581		-0.506986	-6.895491	134.994799
04582		-0.435695	-7.215920	134.942214
04583		-0.380778	-7.555533	134.892977
04584		-0.361957	-7.942434	134.860565
04585		-0.377668	-8.360465	134.859347
04586		-0.428473	-8.833827	134.861745
04587		-0.472917	-9.359609	134.874202
04588		-0.482589	-9.966296	134.885134
04589		-0.460157	-10.633189	134.897523
04590		-0.397927	-11.375296	134.904203
04591		-0.306146	-12.179631	134.907403
04592		-0.165658	-13.087192	134.905601
04593		0.012518	-14.092910	134.890895
04594		0.203335	-15.222673	134.836593
04595		0.422743	-16.462307	134.746011
04596		0.660023	-17.853274	134.619459
04597		0.926203	-19.380610	134.432013
04598		1.198698	-21.097769	134.168111
04599		1.478133	-23.055451	133.835144
04600		1.757901	-25.424620	133.472637
04601		2.028003	-28.270061	133.120065
04602		2.283562	-31.640699	132.782915
04603		2.826878	-35.454052	132.234907
04604		3.908520	-39.391106	131.131537
04605		5.458798	-43.396185	129.639718
04606		7.117932	-47.600111	128.082743
04607		8.912266	-51.898977	126.348644
04608		10.970236	-56.086374	123.939952
04609		14.121388	-59.524428	120.258706
04610		18.515108	-62.177613	115.778246
04611		23.549157	-63.946807	111.104926
04612		27.650873	-64.722218	107.514556
04613		29.593402	-64.499189	105.876375
04614		29.456472	-63.542312	106.062211
04615		28.327482	-62.384966	107.092030
04616		26.765517	-61.254018	108.522023
04617		25.092500	-60.179721	109.996542
04618		23.218117	-59.057266	111.525455
04619		21.170131	-57.790108	113.066304
04620		18.948900	-56.279167	114.663480
04621		16.736697	-54.542809	116.236499
04622		14.599776	-52.547080	117.812750
04623		12.647068	-50.338039	119.272784
04624		10.827083	-47.920687	120.627521
04625		9.159476	-45.391546	121.777434
04626		7.560005	-42.722443	122.753858
04627		6.020144	-39.970470	123.530812
04628		4.503645	-37.084612	124.168253
04629		3.062277	-34.152805	124.648110
04630		1.661233	-31.167239	124.983821
04631		0.314722	-28.202710	125.154310
04632		-1.014538	-25.208270	125.220708
04633		-2.276785	-22.210366	125.206224
04634		-3.478181	-19.147874	125.141236
04635		-4.634795	-16.067830	125.040815
04636		-5.858024	-12.884776	124.970366
04637		-7.178650	-9.626953	124.974516
04638		-8.619475	-6.293119	125.080757
04639		-10.078910	-3.055750	125.259070
04640		-11.549232	0.036253	125.497176
04641		-12.980287	2.904418	125.771598
04642		-14.316271	5.596926	126.089104
04643		-15.422101	8.043653	126.447196
04644		-16.293587	10.233337	126.822357
04645		-16.963299	12.091912	127.181021
04646		-17.501878	13.590936	127.493133
04647		-17.971472	14.649145	127.742245
04648		-18.464073	15.270753	127.905568
04649		-18.906444	15.484952	128.029881
04650		-19.024267	15.315145	128.256728
04651		-18.592256	14.761803	128.666654
04652		-17.672461	13.883984	129.223840
04653		-16.208438	12.546361	129.909138
04654		-14.693264	11.337551	130.412954
04655		-13.251405	10.088296	130.771320
04656		-11.703540	8.362755	131.260238
04657		-10.395835	6.339667	131.791900
04658		-9.671975	4.343705	132.416568
04659		-9.036496	2.449335	132.833984
04660		-8.363600	0.821890	132.750959
04661		-7.843580	-0.735031	132.822578
04662		-7.493282	-2.123657	132.902655
04663		-7.213159	-3.162446	133.137330
04664		-6.891657	-4.044797	133.269744
04665		-6.703597	-4.704771	133.397403
04666		-6.575434	-5.231951	133.482047
04667		-6.454164	-5.623464	133.529089
04668		-6.336056	-5.965064	133.583427
04669		-6.250759	-6.242112	133.630624
04670		-6.198604	-6.498210	133.670416
04671		-6.180548	-6.713660	133.709468
04672		-6.163221	-6.903266	133.737939
04673		-6.140931	-7.001822	133.745731
04674		-6.080724	-7.036876	133.747588
04675		-5.970423	-6.965275	133.762177
04676		-5.819328	-6.828280	133.786856
04677		-5.654116	-6.621601	133.837324
04678		-5.474500	-6.397720	133.894888
04679		-5.299904	-6.153982	133.950699
04680		-5.130271	-5.943494	133.997994
04681		-4.967359	-5.772912	134.053435
04682		-4.793126	-5.681649	134.103436
04683		-4.634222	-5.639398	134.149183
04684		-4.488156	-5.661964	134.190607
04685		-4.372502	-5.726946	134.229465
04686		-4.269390	-5.858621	134.261162
04687		-4.177280	-6.015019	134.287298
04688		-4.079942	-6.208984	134.286048
04689		-4.006863	-6.413962	134.254532
04690		-3.917391	-6.649706	134.206784
04691		-3.829354	-6.888958	134.160507
04692		-3.738383	-7.167635	134.118490
04693		-3.656131	-7.456054	134.080262
04694		-3.583019	-7.775441	134.037272
04695		-3.517715	-8.101405	133.996942
04696		-3.446500	-8.465578	133.948805
04697		-3.379214	-8.842542	133.903983
04698		-3.318212	-9.262007	133.859694
04699		-3.265822	-9.699730	133.826717
04700		-3.230691	-10.188081	133.803396
04701		-3.201759	-10.717219	133.794303
04702		-3.148924	-11.306552	133.783900
04703		-3.054996	-11.940203	133.765202
04704		-2.910775	-12.656001	133.740581
04705		-2.743553	-13.446390	133.704482
04706		-2.573951	-14.331522	133.663881
04707		-2.391707	-15.281037	133.629910
04708		-2.191293	-16.334667	133.607156
04709		-1.971504	-17.496298	133.583955
04710		-1.729996	-18.800507	133.534483
04711		-1.456064	-20.258463	133.433503
04712		-1.113301	-21.938899	133.262008
04713		-0.732753	-23.841486	132.996148
04714		-0.345681	-25.988624	132.686484
04715		0.055271	-28.532060	132.345841
04716		0.382305	-31.562241	131.994115
04717		0.768090	-35.089848	131.624209
04718		1.521727	-38.906325	130.979789
04719		2.733533	-42.865649	129.947090
04720		3.965377	-47.007476	128.959252
04721		5.281414	-51.107423	127.954691
04722		6.782051	-55.162366	126.603525
04723		8.430808	-59.086859	124.722551
04724		11.037521	-62.632664	121.986132
04725		14.899590	-65.525894	118.336541
04726		19.516783	-67.446031	114.414681
04727		23.217809	-68.388188	111.697799
04728		25.464784	-68.515682	110.244801
04729		25.104646	-67.589127	110.897205
04730		23.689275	-66.231559	112.415653
04731		22.425390	-64.908524	113.810958
04732		21.168132	-63.540130	115.191148
04733		19.983037	-62.109334	116.472021
04734		18.697881	-60.491290	117.742234
04735		17.395240	-58.650760	118.899023
04736		16.051326	-56.559525	120.028725
04737		14.752916	-54.303734	121.053720
04738		13.469609	-51.852153	121.982453
04739		12.198090	-49.254893	122.797809
04740		10.862893	-46.475795	123.539911
04741		9.464885	-43.564111	124.239469
04742		8.005558	-40.507521	124.943257
04743		6.558819	-37.404376	125.580775
04744		5.102598	-34.238304	126.108130
04745		3.627529	-31.116267	126.395513
04746		2.070706	-27.962690	126.432119
04747		0.490046	-24.794372	126.261871
04748		-1.080877	-21.530049	125.993060
04749		-2.545129	-18.249512	125.679789
04750		-3.953969	-14.877424	125.451884
04751		-5.342047	-11.461542	125.370044
04752		-6.834960	-7.916866	125.529247
04753		-8.430033	-4.345901	125.904452
04754		-10.057131	-0.792070	126.436875
04755		-11.564241	2.574953	127.010949
04756		-12.924552	5.758366	127.597929
04757		-14.041017	8.701164	128.209795
04758		-14.810349	11.388550	128.894007
04759		-15.204759	13.686528	129.628141
04760		-15.358375	15.513212	130.341662
04761		-15.422766	16.764193	130.945472
04762		-15.599420	17.386264	131.352667
04763		-15.849922	17.401608	131.626365
04764		-15.810170	16.880594	131.946748
04765		-15.168647	15.886288	132.464546
04766		-13.944241	14.306772	133.085961
04767		-12.712555	13.010374	133.482467
04768		-11.598503	11.494998	133.589597
04769		-10.334516	9.766800	133.783859
04770		-9.338941	7.829559	134.098654
04771		-8.944150	5.899085	134.514364
04772		-8.719257	4.088909	134.922946
04773		-8.288102	2.418822	135.122186
04774		-7.873287	0.886613	135.053334
04775		-7.618291	-0.443976	134.923434
04776		-7.399237	-1.641626	134.880014
04777		-7.214536	-2.618671	134.903918
04778		-7.040027	-3.432044	134.946467
04779		-6.938035	-4.115557	135.027158
04780		-6.857191	-4.681120	135.099400
04781		-6.782596	-5.158999	135.179035
04782		-6.720729	-5.608539	135.238551
04783		-6.712383	-5.988099	135.284622
04784		-6.749057	-6.350381	135.308097
04785		-6.818100	-6.643765	135.309075
04786		-6.885098	-6.906704	135.281777
04787		-6.934246	-7.135861	135.245359
04788		-6.929003	-7.380468	135.200181
04789		-6.889229	-7.579521	135.162129
04790		-6.819296	-7.749107	135.131133
04791		-6.719983	-7.828621	135.118639
04792		-6.557918	-7.862789	135.124124
04793		-6.329879	-7.812509	135.136750
04794		-6.052496	-7.713224	135.151160
04795		-5.770206	-7.542176	135.185373
04796		-5.473462	-7.336561	135.221008
04797		-5.207631	-7.091169	135.273408
04798		-4.950154	-6.856942	135.337509
04799		-4.702421	-6.621571	135.412269
04800		-4.445393	-6.431248	135.493754
04801		-4.181803	-6.273009	135.583512
04802		-3.905859	-6.179176	135.662442
04803		-3.623976	-6.131115	135.731711
04804		-3.350831	-6.152522	135.794015
04805		-3.088845	-6.208564	135.848928
04806		-2.859375	-6.325418	135.887564
04807		-2.684733	-6.477858	135.904041
04808		-2.548445	-6.678280	135.902218
04809		-2.458722	-6.901995	135.865102
04810		-2.395071	-7.173384	135.788668
04811		-2.332484	-7.467214	135.712543
04812		-2.244292	-7.829036	135.640401
04813		-2.129770	-8.237139	135.597709
04814		-2.027550	-8.721860	135.550102
04815		-1.939877	-9.258054	135.529778
04816		-1.881678	-9.890373	135.519229
04817		-1.847060	-10.595737	135.537036
04818		-1.806170	-11.412495	135.559260
04819		-1.769820	-12.310461	135.605104
04820		-1.706532	-13.316073	135.645779
04821		-1.618304	-14.423968	135.678678
04822		-1.480308	-15.664535	135.683859
04823		-1.275563	-17.041212	135.652890
04824		-0.987365	-18.608717	135.560149
04825		-0.653948	-20.345411	135.391827
04826		-0.254545	-22.342116	135.112822
04827		0.161491	-24.641672	134.777329
04828		0.616409	-27.387000	134.423193
04829		1.017803	-30.677476	134.110925
04830		1.531818	-34.523289	133.706060
04831		2.432649	-38.652278	132.855692
04832		3.769491	-42.805356	131.613089
04833		5.435507	-46.975170	130.197897
04834		7.338956	-51.140417	128.667512
04835		9.520748	-55.237333	126.699487
04836		12.128267	-59.204255	123.965677
04837		15.972145	-62.651169	120.098570
04838		21.003525	-65.311852	115.415839
04839		26.306132	-66.970014	110.640322
04840		30.690594	-67.746999	106.697841
04841		32.956902	-67.585210	104.511015
04842		32.720018	-66.525096	104.711097
04843		31.282630	-65.070996	106.252270
04844		29.479581	-63.541529	108.348181
04845		27.747666	-62.044121	110.378326
04846		25.948842	-60.516904	112.290817
04847		24.030685	-58.900632	114.044480
04848		21.946968	-57.108821	115.737332
04849		19.831349	-55.187930	117.349553
04850		17.664476	-53.065343	119.035138
04851		15.554792	-50.764011	120.693755
04852		13.486689	-48.247737	122.290326
04853		11.487299	-45.600625	123.738590
04854		9.508683	-42.790893	125.040677
04855		7.601222	-39.890167	126.108345
04856		5.758700	-36.876777	126.937546
04857		4.040182	-33.838457	127.464388
04858		2.441600	-30.774599	127.689956
04859		0.973733	-27.744597	127.606273
04860		-0.398508	-24.685859	127.334057
04861		-1.682107	-21.642609	126.931336
04862		-2.945232	-18.523511	126.525942
04863		-4.211819	-15.357419	126.157801
04864		-5.553109	-12.068754	125.950673
04865		-6.984275	-8.732304	125.917821
04866		-8.513035	-5.349557	126.083539
04867		-10.034168	-2.086047	126.369507
04868		-11.485545	1.025425	126.730586
04869		-12.819769	3.925470	127.123131
04870		-13.942442	6.670750	127.576791
04871		-14.708302	9.188296	128.085172
04872		-15.123701	11.412894	128.634381
04873		-15.292446	13.187985	129.191739
04874		-15.381438	14.460368	129.736573
04875		-15.464372	15.172233	130.259059
04876		-15.570406	15.331158	130.761041
04877		-15.607329	14.974811	131.305167
04878		-15.289568	14.177531	132.030280
04879		-14.327813	12.816171	133.020932
04880		-13.168562	11.415258	133.752222
04881		-12.069742	10.056012	134.051823
04882		-10.832422	8.360758	134.269833
04883		-9.563082	6.500608	134.365081
04884		-8.676483	4.553891	134.485159
04885		-8.032803	2.671826	134.733095
04886		-7.474374	1.051936	134.818585
04887		-6.979111	-0.359442	134.881897
04888		-6.711536	-1.719622	134.916589
04889		-6.521836	-2.696721	135.033749
04890		-6.358739	-3.574245	135.131213
04891		-6.274494	-4.247973	135.199861
04892		-6.241516	-4.777158	135.208300
04893		-6.223726	-5.203962	135.198585
04894		-6.196215	-5.553648	135.184951
04895		-6.182556	-5.818718	135.160022
04896		-6.187531	-6.035760	135.123030
04897		-6.210459	-6.198826	135.091763
04898		-6.235352	-6.316571	135.056491
04899		-6.253801	-6.369716	135.020174
04900		-6.232738	-6.361765	134.980195
04901		-6.156206	-6.262412	134.947708
04902		-6.016826	-6.120202	134.919642
04903		-5.831865	-5.927566	134.922897
04904		-5.604804	-5.715156	134.949938
04905		-5.322205	-5.462698	134.999401
04906		-5.016469	-5.223655	135.065439
04907		-4.726876	-5.026484	135.150261
04908		-4.444047	-4.913111	135.235584
04909		-4.184642	-4.854848	135.323860
04910		-3.967724	-4.869646	135.398976
04911		-3.792640	-4.922851	135.469121
04912		-3.639030	-5.017672	135.530387
04913		-3.495640	-5.127559	135.590596
04914		-3.344135	-5.269094	135.640243
04915		-3.195791	-5.422274	135.675159
04916		-3.036028	-5.594208	135.717912
04917		-2.889224	-5.763163	135.754569
04918		-2.768870	-5.958936	135.769197
04919		-2.695509	-6.168763	135.743015
04920		-2.666336	-6.401639	135.678036
04921		-2.635457	-6.653177	135.609611
04922		-2.589178	-6.937046	135.550657
04923		-2.540755	-7.260063	135.512112
04924		-2.493165	-7.634204	135.480793
04925		-2.472159	-8.054131	135.452285
04926		-2.476674	-8.519788	135.449846
04927		-2.498673	-9.029655	135.471968
04928		-2.511257	-9.602424	135.494470
04929		-2.490178	-10.239313	135.510117
04930		-2.423393	-10.953977	135.507654
04931		-2.318496	-11.735756	135.508636
04932		-2.204823	-12.603000	135.507544
04933		-2.064771	-13.557849	135.506652
04934		-1.882355	-14.637977	135.485300
04935		-1.651399	-15.843092	135.435153
04936		-1.376026	-17.203664	135.357443
04937		-1.085142	-18.746027	135.235444
04938		-0.795716	-20.480328	135.035846
04939		-0.526453	-22.492139	134.756809
04940		-0.341131	-24.866142	134.444034
04941		-0.296954	-27.792947	134.238925
04942		-0.370748	-31.342481	134.129809
04943		-0.308327	-35.368693	133.966522
04944		0.171003	-39.558741	133.424096
04945		0.985524	-43.797569	132.706345
04946		1.962143	-48.104793	132.015056
04947		3.389748	-52.329816	131.134199
04948		4.954250	-56.604021	129.892879
04949		7.257820	-60.705460	127.674239
04950		10.990791	-64.242805	124.278623
04951		15.881442	-67.042663	120.142172
04952		21.037596	-68.813010	115.681639
04953		25.644218	-69.593048	111.292890
04954		28.088812	-69.152134	108.608116
04955		28.389482	-67.771271	108.011879
04956		27.640094	-65.908150	108.741739
04957		26.455035	-63.873841	110.181727
04958		25.141013	-61.757040	111.837386
04959		23.750813	-59.633511	113.420328
04960		22.154589	-57.422409	115.006873
04961		20.432018	-55.132693	116.501858
04962		18.585085	-52.750577	117.993137
04963		16.713441	-50.312780	119.474761
04964		14.831454	-47.789042	120.947660
04965		12.969515	-45.216502	122.283175
04966		11.036887	-42.494591	123.545830
04967		9.066321	-39.609165	124.700219
04968		7.148691	-36.552774	125.696897
04969		5.399788	-33.427675	126.431115
04970		3.814064	-30.246172	126.888323
04971		2.351040	-27.069691	127.046244
04972		0.939647	-23.879782	126.993542
04973		-0.430565	-20.743112	126.793467
04974		-1.778461	-17.612412	126.566834
04975		-3.071958	-14.523491	126.383970
04976		-4.358920	-11.415336	126.290705
04977		-5.718400	-8.272624	126.362104
04978		-7.147624	-5.019902	126.677957
04979		-8.567418	-1.760178	127.208352
04980		-9.984737	1.412388	127.901365
04981		-11.366314	4.393784	128.630358
04982		-12.700026	7.182123	129.377366
04983		-13.895455	9.743295	130.119029
04984		-14.874235	12.087639	130.885681
04985		-15.598586	14.156556	131.642994
04986		-16.077251	15.875911	132.315941
04987		-16.411848	17.094233	132.795952
04988		-16.806723	17.729196	132.974312
04989		-17.319138	17.790898	132.889101
04990		-17.666215	17.365072	132.764265
04991		-17.466093	16.516290	132.846783
04992		-16.617375	15.354121	133.221519
04993		-15.071221	13.876842	133.930739
04994		-13.523458	12.567509	134.521647
04995		-12.189093	11.160915	135.032582
04996		-10.628381	9.422286	135.589171
04997		-9.328944	7.447608	136.120644
04998		-8.761926	5.474883	136.711591
04999		-8.373619	3.541799	137.184161
05000		-7.831606	1.742005	137.183803
05001		-7.349016	0.088598	137.035014
05002		-7.020143	-1.465410	137.052321
05003		-6.725132	-2.626255	137.203512
05004		-6.410898	-3.505571	137.318857
05005		-6.118429	-4.135632	137.352737
05006		-5.896251	-4.618074	137.383313
05007		-5.680012	-4.965768	137.389684
05008		-5.445868	-5.219178	137.372880
05009		-5.218513	-5.409098	137.358785
05010		-5.045047	-5.572963	137.342102
05011		-4.925154	-5.697067	137.316133
05012		-4.817242	-5.795967	137.278922
05013		-4.700815	-5.825444	137.244944
05014		-4.555592	-5.802991	137.213580
05015		-4.403955	-5.715513	137.205527
05016		-4.247027	-5.598297	137.210161
05017		-4.100435	-5.450086	137.243058
05018		-3.967092	-5.305008	137.304849
05019		-3.834617	-5.144560	137.385088
05020		-3.705965	-5.017724	137.461892
05021		-3.605019	-4.917739	137.537979
05022		-3.506982	-4.862384	137.608474
05023		-3.405706	-4.825051	137.680577
05024		-3.308637	-4.843657	137.738563
05025		-3.228917	-4.901413	137.791794
05026		-3.160982	-4.995954	137.835318
05027		-3.083888	-5.103627	137.888165
05028		-2.989325	-5.232527	137.937161
05029		-2.868333	-5.366549	137.994462
05030		-2.731659	-5.514915	138.037443
05031		-2.575553	-5.668194	138.089371
05032		-2.427923	-5.844219	138.125989
05033		-2.300710	-6.012712	138.168043
05034		-2.191064	-6.208033	138.203756
05035		-2.086846	-6.419838	138.243451
05036		-1.989437	-6.652169	138.258209
05037		-1.916120	-6.895222	138.236796
05038		-1.867813	-7.165250	138.166767
05039		-1.831037	-7.453949	138.104389
05040		-1.787654	-7.793964	138.057891
05041		-1.742206	-8.181171	138.033503
05042		-1.702173	-8.629091	138.018723
05043		-1.666338	-9.136128	138.020757
05044		-1.616696	-9.724625	138.025803
05045		-1.564103	-10.379764	138.042023
05046		-1.485207	-11.108893	138.052442
05047		-1.385392	-11.903183	138.063481
05048		-1.249400	-12.795839	138.060068
05049		-1.065613	-13.787473	138.028743
05050		-0.834815	-14.912210	137.953655
05051		-0.556598	-16.180231	137.851941
05052		-0.257375	-17.616240	137.708504
05053		0.026916	-19.231652	137.492210
05054		0.302064	-21.009973	137.200170
05055		0.566697	-23.078083	136.901715
05056		0.814859	-25.639898	136.593121
05057		0.922754	-28.864006	136.372063
05058		1.022438	-32.775369	136.145811
05059		1.469097	-37.028877	135.569514
05060		2.298547	-41.317874	134.626974
05061		3.337119	-45.678553	133.566178
05062		4.652866	-49.957816	132.565403
05063		6.317090	-54.168320	131.232965
05064		8.392760	-58.333782	129.202895
05065		11.421923	-62.341267	126.265298
05066		15.943466	-65.694412	122.009108
05067		21.538961	-68.034870	116.930585
05068		26.340431	-69.047530	112.408362
05069		29.360727	-68.960571	109.194306
05070		29.379429	-67.677378	108.719799
05071		27.892294	-65.846610	109.910189
05072		26.219728	-64.004748	111.563020
05073		24.633353	-62.284874	113.194223
05074		23.030045	-60.575069	114.689226
05075		21.217816	-58.782871	116.079135
05076		19.182286	-56.815346	117.452134
05077		17.089421	-54.713522	118.772174
05078		15.078469	-52.452577	120.062224
05079		13.252817	-50.065662	121.247102
05080		11.552451	-47.511627	122.340709
05081		9.947307	-44.797211	123.231636
05082		8.331406	-41.863780	123.964477
05083		6.720480	-38.765034	124.528008
05084		5.143750	-35.552453	124.926156
05085		3.634324	-32.293797	125.132166
05086		2.159072	-28.961207	125.203153
05087		0.725915	-25.675030	125.072692
05088		-0.703004	-22.418950	124.753999
05089		-2.137775	-19.232371	124.280721
05090		-3.552726	-16.070751	123.796319
05091		-4.944716	-12.943734	123.324253
05092		-6.416783	-9.679141	123.028113
05093		-7.963096	-6.264076	122.976268
05094		-9.565222	-2.745739	123.201916
05095		-11.180543	0.688185	123.631275
05096		-12.723084	3.974148	124.198241
05097		-14.075450	7.015483	124.863051
05098		-15.149723	9.821436	125.641263
05099		-15.856179	12.324571	126.539788
05100		-16.180210	14.492383	127.535348
05101		-16.223404	16.204190	128.503058
05102		-16.260371	17.354486	129.289398
05103		-16.544197	17.857190	129.778383
05104		-16.910013	17.720425	130.131345
05105		-16.842888	17.002853	130.610667
05106		-16.069555	15.795955	131.360816
05107		-14.636798	14.213139	132.360780
05108		-13.216637	12.863028	133.232906
05109		-11.939996	11.481439	133.905904
05110		-10.394451	9.703631	134.466661
05111		-9.028837	7.673029	134.836049
05112		-8.314262	5.688088	135.169416
05113		-7.935011	3.791988	135.536542
05114		-7.488415	2.077947	135.674069
05115		-7.090966	0.581041	135.564804
05116		-6.887069	-0.897550	135.540549
05117		-6.680240	-2.072258	135.548933
05118		-6.525120	-3.038801	135.627654
05119		-6.423392	-3.807545	135.670693
05120		-6.358949	-4.380312	135.697127
05121		-6.265995	-4.833178	135.704756
05122		-6.125351	-5.233615	135.702818
05123		-5.988021	-5.558433	135.691329
05124		-5.873790	-5.861495	135.660501
05125		-5.779041	-6.128615	135.629812
05126		-5.668166	-6.368526	135.582210
05127		-5.550048	-6.529951	135.539478
05128		-5.406936	-6.622784	135.499736
05129		-5.245385	-6.645573	135.477707
05130		-5.062229	-6.606990	135.472060
05131		-4.887945	-6.503141	135.487231
05132		-4.737907	-6.370519	135.518140
05133		-4.595480	-6.199636	135.569915
05134		-4.423265	-6.000558	135.624267
05135		-4.232525	-5.762207	135.687708
05136		-4.045086	-5.538397	135.770156
05137		-3.875568	-5.338133	135.864168
05138		-3.723293	-5.187362	135.945335
05139		-3.605369	-5.103120	136.032127
05140		-3.500299	-5.080437	136.114374
05141		-3.397599	-5.093240	136.194843
05142		-3.289687	-5.149101	136.262259
05143		-3.150969	-5.209493	136.326929
05144		-2.986892	-5.292920	136.384806
05145		-2.826690	-5.385173	136.444077
05146		-2.683675	-5.509312	136.492170
05147		-2.569080	-5.648001	136.532053
05148		-2.464707	-5.800162	136.571961
05149		-2.372668	-5.961618	136.614977
05150		-2.291498	-6.152766	136.639737
05151		-2.229885	-6.363453	136.652034
05152		-2.210854	-6.614287	136.636518
05153		-2.248223	-6.883372	136.597158
05154		-2.317148	-7.197678	136.554649
05155		-2.393759	-7.559411	136.526624
05156		-2.432665	-8.009690	136.512158
05157		-2.439363	-8.527562	136.497069
05158		-2.398380	-9.130991	136.487181
05159		-2.331247	-9.819912	136.476802
05160		-2.237999	-10.609384	136.464760
05161		-2.120977	-11.492592	136.445902
05162		-1.947753	-12.499736	136.421814
05163		-1.752793	-13.635958	136.381654
05164		-1.545372	-14.932369	136.331754
05165		-1.342400	-16.411292	136.267359
05166		-1.150293	-18.085022	136.172391
05167		-0.964414	-19.960064	136.045622
05168		-0.807915	-22.134855	135.903308
05169		-0.679458	-24.785260	135.757152
05170		-0.629306	-28.076561	135.636581
05171		-0.578098	-31.993056	135.508201
05172		-0.285231	-36.341750	135.109172
05173		0.454538	-40.840228	134.263868
05174		1.763364	-45.294973	133.145603
05175		3.139855	-49.749350	132.096719
05176		4.602830	-54.262897	130.867956
05177		6.333673	-58.726933	128.904246
05178		9.511320	-62.566680	125.491040
05179		14.051520	-65.596305	121.217969
05180		19.141920	-67.652260	116.646509
05181		23.887540	-69.036957	112.479181
05182		27.075657	-69.558035	109.506478
05183		28.093921	-69.212267	108.477796
05184		27.600127	-68.374679	108.941169
05185		26.201866	-67.257934	110.412856
05186		24.387864	-65.936387	112.406910
05187		22.478942	-64.475536	114.489015
05188		20.521440	-62.854399	116.521981
05189		18.602961	-61.041238	118.344787
05190		16.697141	-58.973905	120.022351
05191		14.902484	-56.671531	121.556061
05192		13.256513	-54.148513	122.966990
05193		11.791416	-51.454490	124.183223
05194		10.418497	-48.553361	125.235142
05195		9.075809	-45.471611	126.129780
05196		7.741445	-42.233609	126.914342
05197		6.451904	-38.936979	127.563677
05198		5.172278	-35.622169	128.153366
05199		3.882088	-32.352376	128.646973
05200		2.508581	-29.124703	129.049642
05201		1.042910	-25.986567	129.314176
05202		-0.510809	-22.875445	129.479698
05203		-2.105768	-19.828200	129.527891
05204		-3.681002	-16.738334	129.481397
05205		-5.139523	-13.626077	129.345294
05206		-6.560668	-10.414558	129.254933
05207		-8.033806	-7.078649	129.285611
05208		-9.563778	-3.659469	129.481031
05209		-11.048604	-0.289966	129.814897
05210		-12.413429	2.964182	130.263378
05211		-13.598925	6.012757	130.770791
05212		-14.566997	8.823660	131.333974
05213		-15.256290	11.316745	131.928124
05214		-15.657588	13.422091	132.566512
05215		-15.846113	15.026327	133.199448
05216		-15.971080	16.050195	133.761832
05217		-16.161109	16.457601	134.180393
05218		-16.360677	16.314173	134.502956
05219		-16.285058	15.648142	134.845347
05220		-15.669472	14.555475	135.324042
05221		-14.368479	13.022053	135.966305
05222		-13.123034	11.677953	136.322108
05223		-11.931182	10.175059	136.503388
05224		-10.398715	8.219346	136.632945
05225		-9.064771	6.002455	136.622176
05226		-8.223220	3.851571	136.819209
05227		-7.507359	1.893381	137.009665
05228		-6.970579	0.459442	137.201464
05229		-6.547340	-0.992479	137.329428
05230		-6.285371	-1.969056	137.437903
05231		-6.037240	-2.755109	137.579000
05232		-5.819606	-3.406535	137.647606
05233		-5.753947	-3.926559	137.724973
05234		-5.757987	-4.355817	137.773534
05235		-5.753444	-4.689098	137.816139
05236		-5.758138	-4.967654	137.856848
05237		-5.815840	-5.191159	137.907505
05238		-5.903731	-5.383611	137.948227
05239		-6.003406	-5.520705	137.976493
05240		-6.081664	-5.601409	137.983305
05241		-6.143350	-5.602039	137.988797
05242		-6.165794	-5.556986	137.994805
05243		-6.157361	-5.497668	138.002802
05244		-6.134766	-5.473799	137.990393
05245		-6.129319	-5.459649	137.968885
05246		-6.113408	-5.457691	137.952148
05247		-6.069696	-5.441954	137.945743
05248		-5.993239	-5.416940	137.933128
05249		-5.897332	-5.385265	137.928295
05250		-5.803887	-5.472027	137.897697
05251		-5.761461	-5.776094	137.820056
05252		-5.747717	-6.135982	137.744773
05253		-5.745543	-6.468667	137.699165
05254		-5.729217	-6.731277	137.667519
05255		-5.684340	-6.931522	137.658922
05256		-5.638519	-7.164135	137.635771
05257		-5.580747	-7.422461	137.609940
05258		-5.513886	-7.672073	137.585591
05259		-5.444681	-7.893116	137.573503
05260		-5.378102	-8.089327	137.565007
05261		-5.333110	-8.230559	137.565350
05262		-5.295726	-8.350702	137.565713
05263		-5.265180	-8.436360	137.561468
05264		-5.237802	-8.524256	137.549453
05265		-5.213387	-8.599319	137.544112
05266		-5.198044	-8.688120	137.547743
05267		-5.210811	-8.786606	137.562998
05268		-5.230475	-8.927161	137.592290
05269		-5.260840	-9.100017	137.645268
05270		-5.299074	-9.350029	137.710248
05271		-5.347226	-9.701414	137.776332
05272		-5.395419	-10.171484	137.833309
05273		-5.412043	-10.741527	137.897818
05274		-5.411150	-11.418976	137.965426
05275		-5.371992	-12.202587	138.028814
05276		-5.292579	-13.121994	138.065227
05277		-5.128349	-14.176615	138.076948
05278		-4.903758	-15.381269	138.036111
05279		-4.638768	-16.746120	137.963303
05280		-4.365863	-18.291776	137.838544
05281		-4.148133	-20.025898	137.693139
05282		-3.944438	-22.001475	137.517628
05283		-3.779212	-24.329579	137.364481
05284		-3.689669	-27.113889	137.260522
05285		-3.726547	-30.423286	137.278588
05286		-3.737487	-34.185092	137.292238
05287		-3.556845	-38.253426	137.074045
05288		-3.090362	-42.407224	136.689574
05289		-2.645342	-46.604395	136.431770
05290		-2.391375	-50.803682	136.343255
05291		-2.212354	-55.033923	136.165113
05292		-2.059501	-59.218883	135.623876
05293		-1.247225	-63.264236	134.484903
05294		0.873414	-66.871228	132.327816
05295		4.476703	-69.662781	129.015190
05296		8.164123	-71.241551	125.654986
05297		11.304635	-71.869465	122.723709
05298		12.485877	-71.128319	121.670907
05299		12.351006	-69.430385	122.061829
05300		12.047831	-67.488054	122.788940
05301		11.854310	-65.518140	123.378572
05302		11.843157	-63.496192	123.621636
05303		11.850770	-61.368398	123.590768
05304		11.833465	-59.054189	123.378943
05305		11.751100	-56.596711	123.097739
05306		11.548101	-53.967213	122.906299
05307		11.236468	-51.170559	122.812344
05308		10.748605	-48.190249	122.872224
05309		10.088096	-45.099438	123.052089
05310		9.229843	-41.934990	123.351463
05311		8.192058	-38.799042	123.689191
05312		6.954624	-35.710636	124.040427
05313		5.540749	-32.690048	124.322813
05314		3.954026	-29.662811	124.552647
05315		2.292220	-26.647481	124.691448
05316		0.606389	-23.628265	124.747820
05317		-1.047473	-20.635224	124.648878
05318		-2.664222	-17.635418	124.446619
05319		-4.234387	-14.669633	124.185586
05320		-5.838680	-11.643963	123.998079
05321		-7.510210	-8.507856	123.995185
05322		-9.239696	-5.277483	124.242869
05323		-10.968261	-2.072479	124.683148
05324		-12.605993	1.047700	125.227229
05325		-14.078880	3.999644	125.786536
05326		-15.379423	6.790569	126.330959
05327		-16.438022	9.360475	126.840903
05328		-17.185172	11.644893	127.340949
05329		-17.629177	13.528932	127.806963
05330		-17.908202	14.904395	128.220194
05331		-18.168740	15.673960	128.545171
05332		-18.403455	15.837342	128.861022
05333		-18.381106	15.489817	129.332086
05334		-17.837940	14.747176	130.104798
05335		-16.372485	13.559526	131.377448
05336		-14.655572	12.066952	132.500548
05337		-13.165060	10.804334	133.136165
05338		-11.659961	9.147553	133.617710
05339		-10.168397	7.233621	133.874194
05340		-9.232881	5.120307	134.086234
05341		-8.881285	3.113343	134.412771
05342		-8.580726	1.316623	134.602143
05343		-8.127173	-0.262654	134.554868
05344		-7.933429	-1.711160	134.541336
05345		-7.798190	-2.818469	134.559402
05346		-7.660417	-3.773698	134.614045
05347		-7.596272	-4.550705	134.674429
05348		-7.574697	-5.172582	134.705386
05349		-7.550012	-5.683512	134.711481
05350		-7.485286	-6.128350	134.678761
05351		-7.418014	-6.506749	134.622191
05352		-7.362455	-6.851766	134.537597
05353		-7.324692	-7.155112	134.459226
05354		-7.305265	-7.436838	134.378691
05355		-7.292907	-7.675880	134.310383
05356		-7.254100	-7.886169	134.252337
05357		-7.185317	-8.035904	134.207240
05358		-7.087020	-8.157110	134.170744
05359		-6.984331	-8.238030	134.142563
05360		-6.874434	-8.317330	134.112813
05361		-6.726452	-8.367760	134.091357
05362		-6.509565	-8.381346	134.074129
05363		-6.197695	-8.319844	134.048800
05364		-5.771998	-8.167501	134.017568
05365		-5.257738	-7.914131	134.015837
05366		-4.762235	-7.591214	134.043599
05367		-4.319396	-7.233341	134.100878
05368		-3.925359	-6.896844	134.169480
05369		-3.588360	-6.601990	134.248273
05370		-3.296264	-6.365236	134.332296
05371		-3.049388	-6.208787	134.432946
05372		-2.809794	-6.128814	134.517489
05373		-2.592935	-6.102537	134.600996
05374		-2.375170	-6.127805	134.670049
05375		-2.151755	-6.177814	134.734558
05376		-1.912363	-6.272430	134.793226
05377		-1.700718	-6.414905	134.835756
05378		-1.545200	-6.633565	134.803981
05379		-1.408187	-6.912070	134.720082
05380		-1.229198	-7.271295	134.670237
05381		-1.062346	-7.712586	134.641403
05382		-0.949238	-8.222614	134.618975
05383		-0.877722	-8.803740	134.603407
05384		-0.821100	-9.466029	134.608158
05385		-0.794623	-10.202634	134.631092
05386		-0.766146	-11.019010	134.664434
05387		-0.731035	-11.903878	134.716401
05388		-0.678480	-12.887098	134.780194
05389		-0.569955	-13.967530	134.834184
05390		-0.351468	-15.185969	134.839178
05391		-0.047403	-16.546362	134.779748
05392		0.361674	-18.076292	134.612885
05393		0.871153	-19.774595	134.327429
05394		1.477536	-21.685517	133.900907
05395		2.088887	-23.903585	133.361567
05396		2.740543	-26.566740	132.740631
05397		3.317994	-29.819212	132.130620
05398		3.928789	-33.658178	131.514917
05399		4.880362	-37.784991	130.518243
05400		6.131924	-42.052629	129.193576
05401		7.418421	-46.494182	127.821441
05402		9.020622	-50.990730	126.202611
05403		11.078953	-55.308993	123.875367
05404		14.342716	-58.824539	120.321595
05405		18.688552	-61.612709	116.202017
05406		23.590421	-63.600886	111.886324
05407		27.984897	-64.843975	108.260550
05408		30.553337	-65.246612	106.084907
05409		31.226846	-64.848269	105.549276
05410		30.531887	-64.029738	106.166059
05411		29.070150	-62.977462	107.498593
05412		27.310586	-61.749468	109.134008
05413		25.455384	-60.420681	110.801979
05414		23.478852	-58.948786	112.488266
05415		21.411384	-57.311062	114.111641
05416		19.245934	-55.452415	115.729608
05417		17.107902	-53.377299	117.281601
05418		15.031623	-51.077040	118.757911
05419		13.055753	-48.582587	120.055426
05420		11.111314	-45.853045	121.190733
05421		9.222026	-42.924464	122.141056
05422		7.417038	-39.830613	122.950276
05423		5.746033	-36.673926	123.549634
05424		4.151611	-33.433973	123.966947
05425		2.587695	-30.054433	124.242417
05426		1.052610	-26.584619	124.398307
05427		-0.441549	-23.206525	124.320621
05428		-1.949738	-19.921481	124.012334
05429		-3.464925	-16.760546	123.542055
05430		-4.945013	-13.649126	123.053420
05431		-6.441238	-10.476475	122.671997
05432		-7.963627	-7.118317	122.645118
05433		-9.461466	-3.682042	122.984889
05434		-11.007895	-0.238651	123.652732
05435		-12.456480	3.089986	124.523609
05436		-13.659461	6.230559	125.575991
05437		-14.576267	9.099258	126.757732
05438		-15.219826	11.680662	128.034969
05439		-15.557986	13.894232	129.332655
05440		-15.622643	15.649087	130.560501
05441		-15.634818	16.809691	131.533343
05442		-15.929250	17.324847	132.077460
05443		-16.433338	17.201065	132.285703
05444		-16.660157	16.520815	132.433028
05445		-16.210111	15.435706	132.735403
05446		-14.896921	14.025643	133.312099
05447		-13.303937	12.569434	133.832941
05448		-11.981544	11.252515	134.152587
05449		-10.575802	9.627554	134.531246
05450		-9.090966	7.679705	134.810639
05451		-8.170032	5.695993	135.187661
05452		-7.610436	3.681552	135.601929
05453		-7.006118	1.823389	135.769475
05454		-6.523764	0.183150	135.724387
05455		-6.210247	-1.318587	135.773200
05456		-5.991767	-2.398755	135.869801
05457		-5.761185	-3.188605	135.958436
05458		-5.537553	-3.837162	135.964492
05459		-5.414857	-4.361112	135.986751
05460		-5.306638	-4.790077	135.997349
05461		-5.166086	-5.115254	136.003606
05462		-5.026821	-5.388626	136.007021
05463		-4.960797	-5.593271	136.032603
05464		-4.970527	-5.773837	136.055645
05465		-5.030878	-5.912310	136.091074
05466		-5.106224	-6.019653	136.102785
05467		-5.156182	-6.093483	136.109744
05468		-5.196480	-6.242126	136.072639
05469		-5.230016	-6.443850	136.025300
05470		-5.260583	-6.668396	135.973595
05471		-5.279319	-6.876712	135.942637
05472		-5.254515	-7.043304	135.927951
05473		-5.214546	-7.143903	135.935972
05474		-5.150958	-7.231150	135.947041
05475		-5.068256	-7.281414	135.976966
05476		-4.959570	-7.313701	136.009439
05477		-4.863228	-7.313606	136.054498
05478		-4.775686	-7.405773	136.084596
05479		-4.699013	-7.521709	136.117998
05480		-4.619852	-7.667008	136.142782
05481		-4.540914	-7.794325	136.162943
05482		-4.481766	-7.921244	136.142046
05483		-4.414586	-8.031969	136.118603
05484		-4.344781	-8.151539	136.082515
05485		-4.278258	-8.271002	136.060634
05486		-4.200828	-8.390268	136.062757
05487		-4.146951	-8.496810	136.077208
05488		-4.097468	-8.609437	136.102026
05489		-4.065307	-8.730863	136.129925
05490		-4.035273	-8.879862	136.148670
05491		-4.009041	-9.050236	136.187173
05492		-3.994333	-9.258625	136.227018
05493		-4.021953	-9.513396	136.270656
05494		-4.069624	-9.830344	136.303443
05495		-4.128601	-10.187368	136.346258
05496		-4.171531	-10.601290	136.382658
05497		-4.189633	-11.075390	136.424203
05498		-4.190001	-11.629973	136.451635
05499		-4.172846	-12.257937	136.492905
05500		-4.117976	-12.975557	136.523407
05501		-4.016048	-13.775939	136.553567
05502		-3.851539	-14.681614	136.571359
05503		-3.650930	-15.705828	136.554583
05504		-3.408007	-16.851860	136.489990
05505		-3.143762	-18.112076	136.402078
05506		-2.873503	-19.533336	136.284180
05507		-2.633873	-21.124582	136.153123
05508		-2.400735	-22.957860	135.974499
05509		-2.189936	-25.060301	135.787918
05510		-2.017712	-27.515889	135.610855
05511		-1.926091	-30.383543	135.487403
05512		-1.863279	-33.679804	135.386037
05513		-1.663916	-37.348017	135.192974
05514		-1.155544	-41.260331	134.751867
05515		-0.322353	-45.325284	134.082342
05516		0.433002	-49.561946	133.515387
05517		1.055366	-54.026647	133.011620
05518		1.707258	-58.516353	131.989422
05519		3.401853	-62.269948	129.464542
05520		6.405187	-65.148767	126.038684
05521		10.240553	-67.319328	122.176116
05522		13.803229	-68.673250	118.980889
05523		15.346781	-69.019280	117.967859
05524		15.080257	-68.532953	118.853790
05525		13.757947	-67.760162	120.657190
05526		11.967474	-66.794991	122.824574
05527		10.185060	-65.665336	124.792280
05528		8.507765	-64.280376	126.517901
05529		7.043841	-62.605612	127.912417
05530		5.835813	-60.612404	129.075189
05531		4.992854	-58.383073	129.906144
05532		4.483845	-55.927984	130.393258
05533		4.242972	-53.298170	130.414225
05534		4.079824	-50.450179	130.140784
05535		3.929912	-47.437032	129.643075
05536		3.706226	-44.247747	129.108633
05537		3.418439	-40.973763	128.546335
05538		3.021590	-37.647186	127.997662
05539		2.455633	-34.326490	127.449779
05540		1.686381	-31.000251	126.945402
05541		0.751816	-27.745994	126.428530
05542		-0.318914	-24.492964	125.980672
05543		-1.469884	-21.244439	125.646250
05544		-2.685394	-17.965740	125.564992
05545		-3.940190	-14.777296	125.699330
05546		-5.328380	-11.624321	126.101410
05547		-6.826662	-8.510832	126.742165
05548		-8.289892	-5.403085	127.664754
05549		-9.540217	-2.392988	128.770150
05550		-10.551812	0.458729	129.978876
05551		-11.312044	3.077732	131.152400
05552		-11.824316	5.468529	132.226486
05553		-12.095178	7.553018	133.109825
05554		-12.270146	9.350382	133.781304
05555		-12.434055	10.874438	134.244700
05556		-12.570791	12.073315	134.537339
05557		-12.663408	12.833892	134.684426
05558		-12.673491	13.071868	134.718164
05559		-12.559075	12.816530	134.711430
05560		-12.242602	12.158688	134.774190
05561		-11.563675	10.954542	135.036871
05562		-10.744729	9.534222	135.320192
05563		-9.971319	8.308243	135.509087
05564		-9.258427	6.734695	135.744139
05565		-8.490101	4.922438	135.981226
05566		-8.046990	3.093172	136.382471
05567		-7.768694	1.372946	136.825875
05568		-7.407819	-0.117898	136.701770
05569		-7.144317	-1.420290	136.524843
05570		-6.983788	-2.606131	136.435411
05571		-6.872585	-3.583286	136.494175
05572		-6.756149	-4.481442	136.510698
05573		-6.679003	-5.186095	136.513643
05574		-6.617807	-5.738163	136.511753
05575		-6.499955	-6.168519	136.471205
05576		-6.350530	-6.501622	136.388271
05577		-6.210951	-6.763066	136.315328
05578		-6.060280	-6.995559	136.221165
05579		-5.881692	-7.181251	136.143033
05580		-5.710223	-7.320681	136.083406
05581		-5.594408	-7.429285	136.096584
05582		-5.464398	-7.499647	136.092810
05583		-5.378602	-7.547068	136.103058
05584		-5.309491	-7.602968	136.089123
05585		-5.269821	-7.639622	136.089520
05586		-5.250586	-7.693044	136.080087
05587		-5.233076	-7.721178	136.089649
05588		-5.200846	-7.736419	136.089831
05589		-5.156236	-7.726531	136.110288
05590		-5.109552	-7.731370	136.119459
05591		-5.056652	-7.715252	136.138567
05592		-4.966271	-7.692173	136.156665
05593		-4.840179	-7.628859	136.196403
05594		-4.655094	-7.530628	136.239861
05595		-4.429072	-7.374546	136.302002
05596		-4.185901	-7.221525	136.358168
05597		-3.911956	-7.055963	136.438773
05598		-3.595636	-6.900292	136.513810
05599		-3.282909	-6.776858	136.608981
05600		-2.991252	-6.727818	136.700683
05601		-2.729833	-6.722696	136.795561
05602		-2.497848	-6.781749	136.872378
05603		-2.290440	-6.890541	136.943902
05604		-2.139068	-7.078175	136.942963
05605		-2.056902	-7.328611	136.875033
05606		-1.968689	-7.643668	136.792981
05607		-1.864669	-8.002119	136.752220
05608		-1.734637	-8.442267	136.729879
05609		-1.619532	-8.942007	136.716516
05610		-1.509844	-9.524609	136.690816
05611		-1.412081	-10.176544	136.678320
05612		-1.317124	-10.907160	136.664845
05613		-1.226997	-11.695977	136.674681
05614		-1.155540	-12.582846	136.676419
05615		-1.065959	-13.565399	136.686048
05616		-0.929539	-14.678296	136.663336
05617		-0.755290	-15.921294	136.616749
05618		-0.543001	-17.340086	136.530433
05619		-0.314351	-18.913302	136.392241
05620		-0.034516	-20.683498	136.153258
05621		0.272205	-22.701089	135.872478
05622		0.604409	-25.067058	135.539788
05623		0.861332	-27.875047	135.209937
05624		1.018174	-31.227656	134.922260
05625		1.330866	-34.954003	134.574885
05626		1.976353	-38.902642	133.926891
05627		2.898156	-42.935040	133.139147
05628		3.861748	-47.066692	132.392598
05629		5.125241	-51.462566	131.408298
05630		6.698123	-55.769874	129.800145
05631		9.252158	-59.436116	127.053677
05632		12.914518	-62.438795	123.603422
05633		17.218415	-64.739795	119.832509
05634		21.477669	-66.180152	116.104583
05635		24.427300	-66.645001	113.332210
05636		25.765469	-66.053569	111.964458
05637		25.977438	-64.948436	111.610004
05638		25.560083	-63.619404	112.027318
05639		24.949503	-62.259997	112.747444
05640		24.221260	-60.893571	113.623319
05641		23.329414	-59.503868	114.557785
05642		22.173519	-57.989917	115.624336
05643		20.804828	-56.347956	116.736021
05644		19.223880	-54.508091	117.995484
05645		17.584263	-52.504995	119.315637
05646		15.879450	-50.327053	120.724551
05647		14.159612	-48.001847	122.101219
05648		12.332810	-45.473784	123.509686
05649		10.409993	-42.779732	124.894152
05650		8.421466	-39.895958	126.292468
05651		6.497736	-36.943209	127.565375
05652		4.644650	-33.931056	128.705939
05653		2.891401	-30.938841	129.569290
05654		1.154091	-27.860284	130.231112
05655		-0.521665	-24.717600	130.683546
05656		-2.098493	-21.492221	131.032809
05657		-3.532715	-18.287498	131.207345
05658		-4.906672	-15.063972	131.285982
05659		-6.233193	-11.898162	131.264880
05660		-7.588707	-8.717932	131.282559
05661		-8.992753	-5.513712	131.322571
05662		-10.387259	-2.245242	131.470959
05663		-11.642084	0.941727	131.660885
05664		-12.743856	4.000472	131.921328
05665		-13.676296	6.803558	132.192239
05666		-14.409978	9.341264	132.525280
05667		-14.869827	11.513262	132.887777
05668		-15.129564	13.284838	133.290360
05669		-15.313759	14.580142	133.655262
05670		-15.552263	15.403635	133.946720
05671		-15.816004	15.755299	134.182295
05672		-15.970367	15.644116	134.443412
05673		-15.843528	15.126894	134.810273
05674		-15.345403	14.265897	135.304042
05675		-14.225649	12.938375	136.006975
05676		-12.924049	11.444220	136.542533
05677		-11.707223	10.074277	136.748147
05678		-10.524827	8.455902	136.988159
05679		-9.297558	6.664382	137.221302
05680		-8.384760	4.721959	137.474596
05681		-7.832804	2.904610	137.823794
05682		-7.342063	1.264803	137.984165
05683		-6.881138	-0.186299	137.958427
05684		-6.593137	-1.647146	137.958021
05685		-6.401069	-2.752668	138.095374
05686		-6.206731	-3.657727	138.232278
05687		-6.058697	-4.390566	138.335638
05688		-5.968337	-4.966976	138.390999
05689		-5.889094	-5.425101	138.443319
05690		-5.791907	-5.813397	138.464880
05691		-5.673555	-6.115952	138.492962
05692		-5.560302	-6.379512	138.493119
05693		-5.480213	-6.589405	138.507042
05694		-5.404002	-6.786908	138.501339
05695		-5.326517	-6.923912	138.505119
05696		-5.230700	-7.000324	138.489695
05697		-5.112298	-6.975793	138.503618
05698		-4.975235	-6.895262	138.515992
05699		-4.834323	-6.748128	138.563039
05700		-4.690253	-6.593383	138.606807
05701		-4.544213	-6.396682	138.674511
05702		-4.391819	-6.203655	138.722321
05703		-4.249230	-6.001178	138.770566
05704		-4.100696	-5.841305	138.791475
05705		-3.970740	-5.717306	138.821878
05706		-3.859548	-5.666861	138.826567
05707		-3.778668	-5.662079	138.843821
05708		-3.698696	-5.705578	138.843043
05709		-3.595206	-5.752138	138.861548
05710		-3.463413	-5.824523	138.868118
05711		-3.315447	-5.902712	138.891568
05712		-3.157339	-6.005268	138.896094
05713		-2.985275	-6.114454	138.921160
05714		-2.818242	-6.251388	138.924319
05715		-2.667849	-6.388968	138.931374
05716		-2.533878	-6.566251	138.924741
05717		-2.407932	-6.752561	138.922028
05718		-2.265934	-6.967572	138.886725
05719		-2.126790	-7.178207	138.833296
05720		-1.981738	-7.425752	138.755524
05721		-1.851831	-7.690603	138.682908
05722		-1.734869	-8.012347	138.603691
05723		-1.607277	-8.373734	138.576909
05724		-1.491034	-8.796288	138.546470
05725		-1.383836	-9.269913	138.538274
05726		-1.263172	-9.828985	138.507364
05727		-1.124351	-10.447856	138.486980
05728		-0.977072	-11.148548	138.458552
05729		-0.837396	-11.908183	138.445809
05730		-0.694296	-12.764137	138.407053
05731		-0.550423	-13.693913	138.362473
05732		-0.377851	-14.738606	138.285637
05733		-0.192153	-15.876439	138.202897
05734		0.018888	-17.174452	138.085471
05735		0.237962	-18.618817	137.917732
05736		0.478717	-20.228969	137.673474
05737		0.734897	-21.999355	137.365742
05738		1.009064	-24.093501	136.975098
05739		1.263472	-26.635909	136.539928
05740		1.425211	-29.811390	136.156637
05741		1.712818	-33.521289	135.678710
05742		2.320851	-37.472459	134.841975
05743		3.187053	-41.542828	133.820707
05744		4.026371	-45.759987	132.892286
05745		4.970388	-49.948248	132.007843
05746		6.152298	-54.135069	130.818315
05747		7.729268	-58.340453	128.974374
05748		10.691506	-62.133466	125.926746
05749		15.093234	-65.204975	121.849397
05750		20.015511	-67.266609	117.528817
05751		24.249851	-68.248569	113.657302
05752		26.239985	-67.985022	111.575550
05753		26.044089	-66.680799	111.573334
05754		24.916095	-65.039214	112.680237
05755		23.618718	-63.427061	114.135572
05756		22.309004	-61.836512	115.641003
05757		20.941243	-60.221723	116.983051
05758		19.340696	-58.422749	118.275409
05759		17.594800	-56.420733	119.465939
05760		15.751395	-54.189554	120.672061
05761		13.955628	-51.783043	121.814540
05762		12.216342	-49.177486	122.977647
05763		10.586986	-46.463151	124.015344
05764		8.984680	-43.589329	125.013333
05765		7.417596	-40.604079	125.865150
05766		5.821816	-37.482394	126.597407
05767		4.199899	-34.280411	127.113016
05768		2.543184	-30.945160	127.535943
05769		0.958396	-27.616813	127.792641
05770		-0.534126	-24.311992	127.946949
05771		-1.917076	-21.126278	127.900366
05772		-3.271949	-17.958145	127.791709
05773		-4.580360	-14.840076	127.548607
05774		-5.883005	-11.633593	127.380458
05775		-7.164273	-8.311288	127.365225
05776		-8.483642	-4.833687	127.641718
05777		-9.800371	-1.376005	128.049863
05778		-11.069448	1.970149	128.593891
05779		-12.232909	5.056821	129.163814
05780		-13.300279	7.914528	129.785933
05781		-14.184669	10.472778	130.391775
05782		-14.857023	12.705093	130.976867
05783		-15.343195	14.512411	131.447996
05784		-15.779560	15.862547	131.769134
05785		-16.244646	16.719066	131.884377
05786		-16.728195	17.132350	131.861070
05787		-17.067422	17.165890	131.791935
05788		-17.112926	16.843039	131.777330
05789		-16.799338	16.239089	131.878343
05790		-16.074790	15.331559	132.135672
05791		-14.938915	14.164420	132.611403
05792		-13.476125	12.783204	133.275272
05793		-12.170091	11.657162	133.939856
05794		-11.016015	10.435071	134.622291
05795		-9.776542	8.874985	135.187610
05796		-8.809615	6.994691	135.590890
05797		-8.412937	5.148201	135.882460
05798		-8.147310	3.302208	136.144953
05799		-7.691481	1.583952	136.168945
05800		-7.371293	0.077754	135.992349
05801		-7.204887	-1.254237	135.970678
05802		-7.081460	-2.436504	135.967667
05803		-6.926829	-3.421184	136.035065
05804		-6.752281	-4.299401	136.082588
05805		-6.594983	-4.971053	136.141564
05806		-6.406620	-5.503991	136.174416
05807		-6.194841	-5.927988	136.202680
05808		-6.014149	-6.301046	136.201946
05809		-5.915876	-6.619240	136.196486
05810		-5.856516	-6.939360	136.156288
05811		-5.825288	-7.211285	136.119195
05812		-5.792796	-7.454180	136.049790
05813		-5.752378	-7.641174	135.978761
05814		-5.678335	-7.785262	135.883545
05815		-5.556554	-7.842574	135.815442
05816		-5.367808	-7.814101	135.757721
05817		-5.133542	-7.679533	135.739697
05818		-4.858753	-7.472816	135.734583
05819		-4.539861	-7.190806	135.765908
05820		-4.181320	-6.846425	135.794122
05821		-3.847305	-6.457493	135.864593
05822		-3.552099	-6.114114	135.948124
05823		-3.316529	-5.835731	136.042579
05824		-3.133213	-5.662498	136.118702
05825		-2.978066	-5.551082	136.195403
05826		-2.832857	-5.525235	136.244776
05827		-2.688484	-5.545070	136.290670
05828		-2.531875	-5.613257	136.315581
05829		-2.357385	-5.697325	136.346092
05830		-2.167037	-5.802761	136.371550
05831		-1.962572	-5.922210	136.404840
05832		-1.748733	-6.068301	136.411905
05833		-1.511954	-6.218279	136.439420
05834		-1.268507	-6.397312	136.459761
05835		-1.022369	-6.594420	136.490824
05836		-0.778723	-6.832546	136.507489
05837		-0.544784	-7.097361	136.525734
05838		-0.365719	-7.426051	136.493355
05839		-0.260262	-7.809790	136.417800
05840		-0.150195	-8.268250	136.346818
05841		0.049125	-8.828698	136.339033
05842		0.263882	-9.481150	136.312651
05843		0.518118	-10.217689	136.296982
05844		0.791401	-11.044875	136.265848
05845		1.072054	-11.964843	136.246693
05846		1.385265	-13.009269	136.202093
05847		1.731869	-14.174405	136.126859
05848		2.131567	-15.500018	135.995060
05849		2.556893	-17.021740	135.768746
05850		2.978260	-18.774248	135.416732
05851		3.437678	-20.769582	134.929404
05852		3.924497	-23.152640	134.354894
05853		4.467440	-26.197278	133.783533
05854		4.895807	-30.684110	133.111892
05855		5.593388	-36.065927	131.908196
05856		6.964341	-41.239461	129.873409
05857		9.044756	-45.745375	127.178526
05858		11.677629	-49.485681	124.185755
05859		14.559490	-52.859684	121.184282
05860		17.836781	-55.675196	117.752777
05861		21.304642	-57.787053	114.345542
05862		23.718790	-58.753673	112.128461
05863		25.405214	-58.996978	110.729531
05864		26.149812	-58.845237	110.365076
05865		26.341082	-58.590109	110.435584
05866		25.969885	-58.233609	110.820285
05867		25.102597	-57.782752	111.341175
05868		23.814804	-57.240769	112.047389
05869		22.243493	-56.677409	112.928961
05870		20.351313	-56.053240	114.155598
05871		18.176427	-55.307901	115.678546
05872		15.675524	-54.250289	117.576651
05873		12.963585	-52.754795	119.805984
05874		10.217973	-50.754951	122.379406
05875		7.691965	-48.364977	125.033756
05876		5.437120	-45.655035	127.565387
05877		3.404531	-42.720222	129.711688
05878		1.503522	-39.560919	131.416854
05879		-0.248942	-36.262026	132.635412
05880		-1.803135	-32.848578	133.506026
05881		-3.114077	-29.422685	134.040319
05882		-4.216630	-25.974078	134.339404
05883		-5.176780	-22.561782	134.360807
05884		-6.071208	-19.152038	134.211662
05885		-6.946731	-15.807811	133.899602
05886		-7.801935	-12.494073	133.529458
05887		-8.624259	-9.214933	133.052747
05888		-9.435811	-5.882315	132.603399
05889		-10.265511	-2.522401	132.248760
05890		-11.096276	0.832323	132.036704
05891		-11.896201	4.030221	131.894661
05892		-12.700757	7.020320	131.850071
05893		-13.572261	9.722407	131.859465
05894		-14.547434	12.113208	131.992211
05895		-15.490228	14.138841	132.267006
05896		-16.210977	15.819807	132.746456
05897		-16.629942	17.112878	133.363631
05898		-16.871125	17.986837	133.994846
05899		-17.068960	18.412698	134.498746
05900		-17.198032	18.414424	134.855576
05901		-17.100622	18.048349	135.113525
05902		-16.683134	17.395446	135.324113
05903		-15.979849	16.498152	135.508144
05904		-15.050222	15.290630	135.661062
05905		-13.856448	13.883749	135.877828
05906		-12.515297	12.598775	136.220170
05907		-11.378389	11.354773	136.575588
05908		-10.181145	9.817396	136.970120
05909		-8.960877	7.963765	137.322701
05910		-8.233176	6.053039	137.678452
05911		-7.917143	4.245203	138.056670
05912		-7.577234	2.514481	138.247293
05913		-7.174143	0.951192	138.159909
05914		-6.892386	-0.406431	138.136104
05915		-6.682470	-1.646458	138.176762
05916		-6.464928	-2.640193	138.321991
05917		-6.228908	-3.459945	138.435488
05918		-6.044718	-4.112993	138.524622
05919		-5.920419	-4.615017	138.637413
05920		-5.793010	-5.037127	138.708714
05921		-5.674376	-5.394248	138.769344
05922		-5.579354	-5.721824	138.811660
05923		-5.542548	-6.025284	138.854164
05924		-5.556189	-6.319153	138.886453
05925		-5.609251	-6.587549	138.910268
05926		-5.678040	-6.830322	138.892124
05927		-5.747785	-7.035121	138.859987
05928		-5.798477	-7.220587	138.807123
05929		-5.836241	-7.374284	138.754768
05930		-5.862705	-7.497848	138.699669
05931		-5.877717	-7.568391	138.664245
05932		-5.882181	-7.636275	138.628376
05933		-5.862527	-7.688435	138.614103
05934		-5.819070	-7.740475	138.596557
05935		-5.745506	-7.772386	138.593981
05936		-5.649673	-7.801001	138.584038
05937		-5.563409	-7.835303	138.584787
05938		-5.477256	-7.879431	138.581092
05939		-5.382148	-7.910993	138.587674
05940		-5.259290	-7.928655	138.590985
05941		-5.115955	-7.927854	138.614221
05942		-4.943144	-7.910813	138.638844
05943		-4.766439	-7.876809	138.682245
05944		-4.573790	-7.819304	138.727080
05945		-4.388914	-7.733311	138.786639
05946		-4.229361	-7.642696	138.845917
05947		-4.093161	-7.564569	138.915973
05948		-3.969693	-7.500969	138.983905
05949		-3.845188	-7.439651	139.070446
05950		-3.724503	-7.402915	139.153893
05951		-3.615363	-7.409943	139.237158
05952		-3.550752	-7.494767	139.280261
05953		-3.539059	-7.646624	139.299788
05954		-3.561260	-7.872096	139.275378
05955		-3.587310	-8.162443	139.255216
05956		-3.605492	-8.544175	139.226099
05957		-3.603748	-9.016569	139.212277
05958		-3.589564	-9.594381	139.196330
05959		-3.559249	-10.246672	139.196771
05960		-3.509235	-10.989762	139.199145
05961		-3.440827	-11.825342	139.210716
05962		-3.332810	-12.764973	139.199008
05963		-3.186287	-13.825007	139.175233
05964		-2.991351	-15.004918	139.124997
05965		-2.781648	-16.328155	139.033445
05966		-2.538725	-17.831189	138.875544
05967		-2.291225	-19.510333	138.666519
05968		-1.999645	-21.431037	138.376646
05969		-1.698435	-23.673807	138.068789
05970		-1.421192	-26.361014	137.773367
05971		-1.196210	-29.586600	137.545661
05972		-0.908709	-33.283190	137.244433
05973		-0.409617	-37.300075	136.676061
05974		0.258511	-41.488940	135.986535
05975		0.904359	-45.744833	135.342357
05976		1.434195	-50.056297	134.828429
05977		1.954870	-54.416258	134.158892
05978		2.496756	-58.826125	133.098227
05979		3.920104	-63.030515	131.201055
05980		6.877262	-66.679089	128.025675
05981		11.039972	-69.481731	124.020937
05982		15.535621	-71.281122	119.849588
05983		19.181484	-72.214777	116.606295
05984		20.308836	-71.842597	115.824246
05985		19.653452	-70.554531	116.842760
05986		18.195539	-68.734617	118.680505
05987		16.657286	-66.639631	120.537396
05988		15.379416	-64.447368	122.021779
05989		14.336934	-62.196621	123.090728
05990		13.457086	-59.807877	123.867911
05991		12.628370	-57.250342	124.475429
05992		11.753002	-54.448622	125.079146
05993		10.864681	-51.453557	125.643618
05994		9.942427	-48.310384	126.194499
05995		8.991917	-45.139368	126.667552
05996		7.962323	-41.942137	127.133997
05997		6.840857	-38.773782	127.557937
05998		5.578953	-35.580507	128.011200
05999		4.195038	-32.346845	128.445255
06000		2.711429	-29.038278	128.863088
06001		1.174123	-25.680637	129.162420
06002		-0.364632	-22.240470	129.336620
06003		-1.837095	-18.762102	129.346112
06004		-3.240640	-15.213399	129.296349
06005		-4.568276	-11.646322	129.268183
06006		-5.869875	-8.051916	129.404235
06007		-7.192930	-4.476947	129.679219
06008		-8.533009	-0.910145	130.078236
06009		-9.765579	2.549266	130.545920
06010		-10.861555	5.841170	131.059066
06011		-11.871240	8.867250	131.526415
06012		-12.834128	11.610211	131.967739
06013		-13.683905	13.977664	132.366866
06014		-14.370538	15.947309	132.774310
06015		-14.893324	17.418226	133.186633
06016		-15.273703	18.356702	133.596060
06017		-15.522146	18.757092	133.974887
06018		-15.552955	18.637275	134.360738
06019		-15.263729	18.012800	134.784886
06020		-14.591192	16.921882	135.289941
06021		-13.390754	15.298176	135.971119
06022		-12.210355	13.792971	136.433361
06023		-11.177331	12.333986	136.713134
06024		-10.046577	10.608619	137.032258
06025		-8.929778	8.649035	137.349452
06026		-8.249716	6.600404	137.662768
06027		-7.988333	4.701937	138.052060
06028		-7.637948	2.907255	138.333000
06029		-7.153941	1.285175	138.308558
06030		-6.870164	-0.119135	138.239588
06031		-6.700460	-1.443748	138.271779
06032		-6.544702	-2.560399	138.365173
06033		-6.389545	-3.484585	138.470796
06034		-6.261587	-4.252994	138.521789
06035		-6.185280	-4.829321	138.598489
06036		-6.089016	-5.289814	138.633037
06037		-5.973249	-5.676802	138.645340
06038		-5.863404	-6.010219	138.627258
06039		-5.788966	-6.293383	138.600428
06040		-5.750059	-6.552600	138.551073
06041		-5.728727	-6.756908	138.505159
06042		-5.696399	-6.919874	138.446408
06043		-5.637221	-7.006774	138.394283
06044		-5.529379	-7.033303	138.340417
06045		-5.377663	-6.965828	138.307733
06046		-5.196116	-6.830394	138.287924
06047		-4.997804	-6.621252	138.300232
06048		-4.783103	-6.381464	138.332052
06049		-4.586339	-6.108435	138.388618
06050		-4.383121	-5.818990	138.440382
06051		-4.199203	-5.526470	138.515087
06052		-4.023497	-5.262715	138.583676
06053		-3.880583	-5.064333	138.652277
06054		-3.750504	-4.928188	138.693868
06055		-3.629957	-4.853864	138.737075
06056		-3.477401	-4.829544	138.769507
06057		-3.280117	-4.828727	138.805435
06058		-3.047124	-4.865672	138.830317
06059		-2.788588	-4.920149	138.850843
06060		-2.516921	-5.000548	138.870607
06061		-2.245529	-5.099155	138.895939
06062		-1.983897	-5.221511	138.919504
06063		-1.738620	-5.371335	138.950234
06064		-1.495935	-5.547145	138.977972
06065		-1.266819	-5.738071	139.013915
06066		-1.046734	-5.956689	139.046240
06067		-0.848361	-6.200775	139.083785
06068		-0.673367	-6.495719	139.110149
06069		-0.516379	-6.830631	139.135687
06070		-0.376542	-7.213465	139.134933
06071		-0.276543	-7.656915	139.077307
06072		-0.163883	-8.171565	138.993282
06073		0.059188	-8.767938	138.971599
06074		0.304038	-9.446787	138.941312
06075		0.577075	-10.204472	138.914289
06076		0.868479	-11.064879	138.869920
06077		1.175679	-12.032479	138.813879
06078		1.518993	-13.112404	138.711542
06079		1.888661	-14.325333	138.542222
06080		2.254747	-15.695634	138.295044
06081		2.592065	-17.230818	137.958360
06082		2.900578	-18.950126	137.540556
06083		3.259619	-20.968630	137.044991
06084		3.711373	-23.395434	136.426219
06085		4.235741	-26.445716	135.770032
06086		4.789836	-30.308728	134.951955
06087		5.612771	-34.837111	133.811412
06088		6.792364	-39.596522	132.331562
06089		7.960710	-44.742295	130.742513
06090		9.030899	-49.983059	128.964214
06091		10.823156	-54.094450	126.441842
06092		13.217483	-57.487644	123.446481
06093		16.198329	-60.140188	120.286473
06094		19.150396	-61.840983	117.450252
06095		20.930056	-62.483838	115.887930
06096		21.646769	-62.257500	115.542927
06097		21.581693	-61.790768	116.007906
06098		21.212580	-61.244608	116.725012
06099		20.630089	-60.643753	117.442397
06100		19.856483	-59.932176	118.082584
06101		18.923537	-59.088225	118.692804
06102		17.840221	-58.064082	119.460233
06103		16.687305	-56.853169	120.405935
06104		15.491859	-55.385544	121.548589
06105		14.274517	-53.622079	122.764047
06106		13.011550	-51.518950	123.984805
06107		11.720674	-49.130924	125.078034
06108		10.404756	-46.485155	126.040900
06109		9.104316	-43.668275	126.794121
06110		7.802189	-40.690091	127.380149
06111		6.482117	-37.574931	127.767321
06112		5.059572	-34.249802	128.131693
06113		3.597406	-30.792791	128.452388
06114		2.146793	-27.322133	128.739553
06115		0.722667	-23.991760	128.868931
06116		-0.773289	-20.770148	128.858419
06117		-2.373902	-17.636529	128.669794
06118		-4.010135	-14.521875	128.413482
06119		-5.594812	-11.420764	128.174594
06120		-7.159712	-8.173836	128.117094
06121		-8.735173	-4.776133	128.272715
06122		-10.325429	-1.318873	128.652648
06123		-11.894504	2.025734	129.134428
06124		-13.376641	5.191258	129.684333
06125		-14.647977	8.117224	130.241838
06126		-15.596621	10.781256	130.814207
06127		-16.163006	13.114014	131.367681
06128		-16.451069	15.041158	131.856269
06129		-16.659404	16.439805	132.165460
06130		-17.027472	17.248887	132.214918
06131		-17.570890	17.481650	132.056889
06132		-17.988571	17.218231	131.910714
06133		-17.878636	16.558007	132.020540
06134		-17.110900	15.585048	132.429772
06135		-15.616881	14.270256	133.155176
06136		-14.063114	13.024690	133.775767
06137		-12.713942	11.791271	134.227640
06138		-11.205741	10.218954	134.643196
06139		-9.728696	8.381671	135.070873
06140		-8.936539	6.443612	135.462761
06141		-8.609052	4.613881	135.927586
06142		-8.207616	2.876757	136.256547
06143		-7.741680	1.323670	136.249020
06144		-7.410729	-0.053296	136.184124
06145		-7.199862	-1.331277	136.207285
06146		-7.028313	-2.365968	136.331079
06147		-6.840911	-3.250822	136.455576
06148		-6.696504	-3.968318	136.518364
06149		-6.607523	-4.530270	136.608014
06150		-6.514222	-5.006080	136.667277
06151		-6.412350	-5.398827	136.722379
06152		-6.326859	-5.761070	136.755599
06153		-6.275056	-6.069088	136.780601
06154		-6.247550	-6.350837	136.789099
06155		-6.231631	-6.585396	136.804535
06156		-6.210661	-6.778206	136.790162
06157		-6.192571	-6.911884	136.781803
06158		-6.146774	-6.997230	136.767460
06159		-6.085825	-7.004796	136.773863
06160		-6.005593	-6.952114	136.771035
06161		-5.917662	-6.828190	136.787049
06162		-5.806255	-6.659284	136.804423
06163		-5.681693	-6.445237	136.838122
06164		-5.541825	-6.224454	136.859478
06165		-5.408896	-5.987122	136.892492
06166		-5.286030	-5.763281	136.920422
06167		-5.174729	-5.540806	136.963103
06168		-5.068583	-5.355020	137.001764
06169		-4.975705	-5.208476	137.053070
06170		-4.881882	-5.121844	137.084303
06171		-4.762533	-5.052510	137.126144
06172		-4.608425	-5.010540	137.154136
06173		-4.440789	-4.984010	137.197019
06174		-4.282120	-5.003214	137.227137
06175		-4.151025	-5.051468	137.260910
06176		-4.021604	-5.131654	137.285347
06177		-3.884721	-5.222329	137.318287
06178		-3.727525	-5.349948	137.343881
06179		-3.576645	-5.499853	137.376907
06180		-3.410632	-5.691657	137.404955
06181		-3.245571	-5.922787	137.447869
06182		-3.083445	-6.205733	137.488347
06183		-2.939595	-6.551444	137.533201
06184		-2.802763	-6.972918	137.548416
06185		-2.716816	-7.457494	137.513051
06186		-2.647694	-8.000705	137.431099
06187		-2.566910	-8.596567	137.375730
06188		-2.471550	-9.283125	137.331830
06189		-2.389920	-10.048505	137.307041
06190		-2.277535	-10.925708	137.271696
06191		-2.143307	-11.899919	137.230674
06192		-1.988011	-13.032791	137.166527
06193		-1.811544	-14.319648	137.076865
06194		-1.621558	-15.782169	136.953120
06195		-1.400496	-17.425750	136.799477
06196		-1.177056	-19.241513	136.597853
06197		-0.913251	-21.343256	136.356361
06198		-0.605098	-23.876934	136.056069
06199		-0.402946	-27.031810	135.825098
06200		-0.213462	-30.869355	135.611545
06201		0.181910	-35.097106	135.133238
06202		0.851187	-39.470680	134.329116
06203		1.653057	-43.938316	133.479047
06204		2.676763	-48.294529	132.709419
06205		3.840898	-52.681792	131.774561
06206		5.058891	-57.139802	130.313187
06207		7.396400	-61.171269	127.747631
06208		11.139790	-64.493213	124.241564
06209		15.618357	-66.925705	120.477206
06210		19.771514	-68.430650	117.260979
06211		22.195251	-68.886437	115.505261
06212		22.192739	-68.183916	115.824068
06213		20.841930	-66.862611	117.223500
06214		18.996801	-65.278095	119.081409
06215		17.278031	-63.665400	120.795835
06216		15.789988	-62.020990	122.257559
06217		14.445357	-60.273168	123.480511
06218		13.170280	-58.294952	124.582235
06219		12.003104	-56.101073	125.489692
06220		10.885280	-53.675431	126.333233
06221		9.867485	-51.076407	127.039116
06222		8.891606	-48.312963	127.667351
06223		7.915863	-45.451919	128.197584
06224		6.877046	-42.473681	128.708990
06225		5.778627	-39.452570	129.127108
06226		4.587394	-36.361978	129.525990
06227		3.357653	-33.262684	129.818249
06228		2.068578	-30.121019	130.067611
06229		0.769588	-26.983502	130.193449
06230		-0.552019	-23.795812	130.273563
06231		-1.868138	-20.626104	130.258127
06232		-3.198145	-17.424464	130.231208
06233		-4.518168	-14.214283	130.136824
06234		-5.823982	-10.931577	130.064615
06235		-7.113909	-7.616433	130.064848
06236		-8.470892	-4.226056	130.236088
06237		-9.874107	-0.857964	130.466286
06238		-11.262952	2.440648	130.759179
06239		-12.547928	5.557673	131.046615
06240		-13.687534	8.464672	131.373764
06241		-14.564910	11.074481	131.753584
06242		-15.146863	13.352549	132.217414
06243		-15.409351	15.186413	132.704543
06244		-15.477713	16.519126	133.139408
06245		-15.568911	17.292702	133.416089
06246		-15.682053	17.496741	133.575642
06247		-15.432918	17.089844	133.745520
06248		-14.588113	16.182445	133.984553
06249		-13.338903	14.810599	134.199416
06250		-12.058767	13.094294	134.229605
06251		-10.897359	11.730467	134.251337
06252		-9.792693	10.143586	134.428597
06253		-8.716650	8.421260	134.771054
06254		-7.957756	6.492675	135.159016
06255		-7.666619	4.594367	135.592950
06256		-7.448902	2.772712	135.954869
06257		-7.126025	1.117350	136.068116
06258		-6.894370	-0.300360	135.938636
06259		-6.761228	-1.597745	135.895395
06260		-6.610495	-2.683002	135.916768
06261		-6.457102	-3.591936	136.002391
06262		-6.307646	-4.372435	136.019366
06263		-6.232145	-4.969719	136.058655
06264		-6.131738	-5.449775	136.070790
06265		-5.980660	-5.838302	136.089909
06266		-5.829732	-6.184584	136.088478
06267		-5.726866	-6.479744	136.084543
06268		-5.658700	-6.773023	136.062499
06269		-5.592095	-7.029212	136.049165
06270		-5.518688	-7.256857	136.017179
06271		-5.417952	-7.426769	135.988361
06272		-5.273165	-7.554238	135.951689
06273		-5.111372	-7.607030	135.946858
06274		-4.927662	-7.592995	135.952580
06275		-4.750993	-7.500716	135.979838
06276		-4.563315	-7.341635	136.009143
06277		-4.368094	-7.116053	136.058788
06278		-4.144879	-6.851016	136.102694
06279		-3.914030	-6.538073	136.166303
06280		-3.697538	-6.246693	136.226345
06281		-3.494085	-5.987024	136.291049
06282		-3.298734	-5.793661	136.343250
06283		-3.102295	-5.656493	136.400528
06284		-2.905290	-5.600255	136.440016
06285		-2.716402	-5.597979	136.485175
06286		-2.511163	-5.643629	136.517597
06287		-2.298888	-5.707324	136.561488
06288		-2.089308	-5.805893	136.598583
06289		-1.908192	-5.930154	136.636003
06290		-1.741115	-6.082696	136.659137
06291		-1.578281	-6.252674	136.684940
06292		-1.415804	-6.449389	136.702302
06293		-1.321251	-6.686916	136.669778
06294		-1.278864	-6.986400	136.582640
06295		-1.244017	-7.337442	136.490691
06296		-1.136752	-7.773571	136.443777
06297		-1.009744	-8.277170	136.418749
06298		-0.855021	-8.862716	136.400492
06299		-0.681635	-9.522190	136.386067
06300		-0.487785	-10.258428	136.362547
06301		-0.275263	-11.046042	136.346131
06302		-0.053100	-11.914154	136.327559
06303		0.183330	-12.864892	136.301588
06304		0.435302	-13.923940	136.249317
06305		0.709561	-15.098096	136.170194
06306		1.026032	-16.420250	136.043881
06307		1.353853	-17.926669	135.864917
06308		1.717324	-19.638806	135.566012
06309		2.079439	-21.505418	135.175713
06310		2.517757	-23.709630	134.727057
06311		2.956150	-26.467700	134.221508
06312		3.291526	-29.984200	133.773231
06313		3.920139	-33.994267	133.137607
06314		4.970122	-38.130389	131.982912
06315		6.195670	-42.625324	130.616466
06316		7.511884	-47.402002	129.232016
06317		9.641727	-51.777662	127.137283
06318		12.450508	-55.428358	124.224077
06319		16.100171	-58.539530	120.699820
06320		20.332352	-61.057070	117.044577
06321		24.605679	-62.834060	113.577992
06322		27.462291	-63.772080	111.506198
06323		28.652389	-63.883859	110.837311
06324		28.399319	-63.538617	111.334470
06325		27.331603	-62.976856	112.431757
06326		25.827360	-62.278076	113.861694
06327		24.199455	-61.456858	115.289799
06328		22.419028	-60.421394	116.775656
06329		20.552371	-59.124512	118.267274
06330		18.638137	-57.505912	119.799248
06331		16.803499	-55.596404	121.215489
06332		15.024387	-53.377858	122.515872
06333		13.340131	-50.906115	123.554146
06334		11.724319	-48.185149	124.384319
06335		10.183311	-45.308259	124.990908
06336		8.659192	-42.286677	125.516415
06337		7.161375	-39.174729	125.931206
06338		5.636242	-35.944830	126.341855
06339		4.142176	-32.667439	126.661429
06340		2.668147	-29.378742	126.899992
06341		1.233456	-26.171245	126.935388
06342		-0.195844	-22.989985	126.805682
06343		-1.623606	-19.826313	126.531731
06344		-3.012035	-16.636509	126.239660
06345		-4.319360	-13.469583	125.956606
06346		-5.653110	-10.203005	125.819693
06347		-7.050979	-6.822874	125.886660
06348		-8.513167	-3.360382	126.219807
06349		-9.965112	0.035983	126.726742
06350		-11.333554	3.300981	127.353161
06351		-12.563245	6.330009	128.022662
06352		-13.633280	9.142590	128.758166
06353		-14.458912	11.668531	129.550125
06354		-14.977583	13.901256	130.435410
06355		-15.209961	15.697410	131.322737
06356		-15.312653	16.945384	132.095306
06357		-15.541993	17.524762	132.604526
06358		-15.884859	17.448668	132.880085
06359		-15.923867	16.793820	133.137666
06360		-15.231825	15.682062	133.616710
06361		-13.781388	14.027681	134.396976
06362		-12.311093	12.539731	135.016933
06363		-11.092381	10.926908	135.563005
06364		-9.725345	9.034609	136.209109
06365		-8.512551	6.900850	136.763806
06366		-7.923214	4.731620	137.236344
06367		-7.527513	2.665852	137.578577
06368		-6.985999	0.896014	137.409093
06369		-6.496185	-0.685641	137.413039
06370		-6.191107	-2.024860	137.502445
06371		-5.870545	-2.919081	137.625456
06372		-5.541381	-3.641095	137.633925
06373		-5.316052	-4.170100	137.639825
06374		-5.131064	-4.610002	137.601088
06375		-4.918418	-4.921847	137.542925
06376		-4.696860	-5.163941	137.481796
06377		-4.521628	-5.353327	137.446766
06378		-4.394875	-5.534436	137.408340
06379		-4.307373	-5.694800	137.391249
06380		-4.233656	-5.825184	137.367659
06381		-4.165155	-5.891967	137.352839
06382		-4.085672	-5.901755	137.322805
06383		-3.970480	-5.829977	137.315173
06384		-3.816580	-5.716778	137.307832
06385		-3.671901	-5.558565	137.340079
06386		-3.529440	-5.403128	137.392063
06387		-3.398106	-5.230722	137.471570
06388		-3.239771	-5.047387	137.552249
06389		-3.065687	-4.866454	137.646746
06390		-2.875219	-4.743974	137.729672
06391		-2.719201	-4.690085	137.813409
06392		-2.596373	-4.718051	137.878074
06393		-2.486452	-4.782428	137.947492
06394		-2.372020	-4.890178	137.998237
06395		-2.247443	-5.010794	138.063118
06396		-2.083086	-5.158063	138.111099
06397		-1.883693	-5.310241	138.171240
06398		-1.672132	-5.481522	138.224908
06399		-1.491942	-5.657036	138.283486
06400		-1.359316	-5.874891	138.316757
06401		-1.273388	-6.110477	138.345634
06402		-1.225601	-6.381265	138.326240
06403		-1.186714	-6.650883	138.292687
06404		-1.123005	-6.951631	138.237954
06405		-1.000252	-7.277685	138.221066
06406		-0.874120	-7.644597	138.165275
06407		-0.738798	-8.037968	138.123427
06408		-0.596336	-8.482748	138.073505
06409		-0.465320	-8.979282	138.038721
06410		-0.347501	-9.553973	138.002702
06411		-0.237472	-10.187759	137.984425
06412		-0.128819	-10.903707	137.965324
06413		-0.026996	-11.677627	137.973493
06414		0.073633	-12.550777	137.973573
06415		0.175376	-13.507729	137.964304
06416		0.326779	-14.586011	137.911904
06417		0.529851	-15.771679	137.830255
06418		0.779591	-17.106293	137.689220
06419		1.056140	-18.600265	137.465151
06420		1.373034	-20.296996	137.108761
06421		1.713190	-22.191567	136.652499
06422		2.045652	-24.465813	136.192694
06423		2.338036	-27.392143	135.766480
06424		2.568745	-31.009385	135.331291
06425		2.965433	-35.264173	134.694120
06426		3.678416	-39.977913	133.627897
06427		4.739057	-44.826032	132.220344
06428		6.054089	-49.343172	130.607478
06429		7.873223	-53.381526	128.462872
06430		10.328440	-56.737897	125.588534
06431		13.528410	-59.532811	122.169286
06432		17.363540	-61.755980	118.321183
06433		20.990740	-63.087504	114.722527
06434		23.447300	-63.438015	112.217496
06435		24.687391	-63.007023	110.810539
06436		24.805479	-62.175472	110.472168
06437		24.293625	-61.200052	110.772280
06438		23.335722	-60.149933	111.553197
06439		22.093906	-59.071714	112.576080
06440		20.551591	-57.920436	113.852184
06441		18.778027	-56.692686	115.301439
06442		16.824050	-55.340800	116.944281
06443		14.823232	-53.866100	118.661070
06444		12.816915	-52.200373	120.452738
06445		10.886422	-50.354532	122.184266
06446		9.036396	-48.276325	123.843030
06447		7.324644	-45.984849	125.309879
06448		5.729139	-43.461627	126.626412
06449		4.300575	-40.775143	127.709558
06450		3.038683	-37.929220	128.616552
06451		1.965942	-35.007592	129.324917
06452		1.035587	-32.000903	129.902160
06453		0.224092	-28.960979	130.314224
06454		-0.548105	-25.827025	130.657940
06455		-1.318679	-22.652847	130.944392
06456		-2.137509	-19.407414	131.265945
06457		-2.999375	-16.146310	131.561963
06458		-3.935532	-12.812879	131.850808
06459		-4.928774	-9.466334	132.068993
06460		-5.989448	-6.093390	132.263603
06461		-7.109617	-2.797831	132.384677
06462		-8.310046	0.389058	132.473393
06463		-9.570626	3.393335	132.489337
06464		-10.892729	6.216823	132.471033
06465		-12.245748	8.772794	132.410830
06466		-13.592508	11.033395	132.398410
06467		-14.775109	12.952889	132.488420
06468		-15.609396	14.524646	132.744467
06469		-15.953342	15.675531	133.163795
06470		-15.963484	16.350108	133.656578
06471		-15.926899	16.510047	134.057827
06472		-15.939600	16.199668	134.309837
06473		-15.703221	15.458383	134.535881
06474		-14.958488	14.299166	134.889228
06475		-13.519336	12.755624	135.522786
06476		-12.274048	11.352172	136.052914
06477		-11.199921	9.844248	136.598499
06478		-9.885398	7.913394	137.071736
06479		-8.770361	5.621485	137.323330
06480		-8.237967	3.463532	137.604261
06481		-7.801078	1.403427	137.761135
06482		-7.376047	-0.166065	137.745829
06483		-7.173808	-1.676808	137.811388
06484		-7.057065	-2.809272	137.895383
06485		-6.944927	-3.732500	138.009033
06486		-6.835869	-4.525948	138.044956
06487		-6.781328	-5.136695	138.061083
06488		-6.664573	-5.624929	138.011339
06489		-6.442429	-5.979177	137.949060
06490		-6.162096	-6.242605	137.875926
06491		-5.902368	-6.454826	137.809451
06492		-5.665962	-6.676929	137.730837
06493		-5.477419	-6.846982	137.671391
06494		-5.286094	-6.969326	137.603376
06495		-5.078574	-7.015029	137.557414
06496		-4.862084	-7.009437	137.498804
06497		-4.705690	-6.973441	137.496604
06498		-4.575283	-6.922777	137.505867
06499		-4.468998	-6.835093	137.557179
06500		-4.365252	-6.733169	137.611018
06501		-4.267508	-6.587283	137.696606
06502		-4.153601	-6.439094	137.792553
06503		-4.039091	-6.271923	137.911506
06504		-3.953001	-6.125855	138.001039
06505		-3.912730	-5.996700	138.096599
06506		-3.866180	-5.928169	138.155713
06507		-3.796988	-5.879083	138.224160
06508		-3.656182	-5.887710	138.289091
06509		-3.447380	-5.906342	138.370035
06510		-3.205898	-5.986269	138.426263
06511		-2.984871	-6.114417	138.454509
06512		-2.825231	-6.327450	138.386422
06513		-2.696576	-6.577062	138.307652
06514		-2.550026	-6.885373	138.239185
06515		-2.395084	-7.236407	138.189875
06516		-2.257625	-7.637193	138.115934
06517		-2.140292	-8.064029	138.061862
06518		-2.068307	-8.530005	138.001021
06519		-2.038271	-9.012855	137.979977
06520		-2.046277	-9.552997	137.955180
06521		-2.095240	-10.142803	137.933312
06522		-2.161499	-10.817283	137.900429
06523		-2.252683	-11.548570	137.895183
06524		-2.345299	-12.351284	137.899438
06525		-2.422073	-13.218222	137.929733
06526		-2.483679	-14.167782	137.943646
06527		-2.513233	-15.178511	137.953473
06528		-2.510246	-16.275837	137.924290
06529		-2.446457	-17.485687	137.888906
06530		-2.280982	-18.842675	137.780780
06531		-2.071312	-20.370486	137.631597
06532		-1.794831	-22.100264	137.383035
06533		-1.510664	-24.100585	137.063327
06534		-1.302514	-26.384978	136.718560
06535		-1.083553	-29.003139	136.415130
06536		-0.900454	-32.062530	136.121213
06537		-0.748125	-35.548361	135.859195
06538		-0.416821	-39.371888	135.467001
06539		0.145001	-43.378419	134.869773
06540		0.767875	-47.578145	134.260121
06541		1.230579	-51.881919	133.743689
06542		1.614505	-56.306851	133.115743
06543		2.286312	-60.572701	131.817089
06544		4.401760	-64.244593	129.268983
06545		7.800779	-67.175299	125.897047
06546		11.957229	-69.260240	121.976172
06547		16.299082	-70.554575	117.808002
06548		19.286865	-70.736433	114.851158
06549		20.610631	-69.891577	113.524432
06550		20.764188	-68.541733	113.323565
06551		20.246209	-66.925939	113.779949
06552		19.451703	-65.132832	114.519858
06553		18.563462	-63.249376	115.291098
06554		17.511240	-61.185415	116.180982
06555		16.348098	-58.923333	117.108626
06556		15.066387	-56.412762	118.134833
06557		13.791410	-53.723240	119.122347
06558		12.531713	-50.828587	120.141125
06559		11.373180	-47.841148	121.009099
06560		10.276857	-44.779781	121.803303
06561		9.233327	-41.756002	122.484933
06562		8.135562	-38.713520	123.158598
06563		6.954665	-35.661250	123.756437
06564		5.610891	-32.492369	124.394708
06565		4.165409	-29.313769	124.988197
06566		2.648634	-26.111084	125.609454
06567		1.130804	-22.929924	126.161903
06568		-0.412769	-19.652754	126.706788
06569		-1.919248	-16.329850	127.208944
06570		-3.378477	-12.909925	127.823143
06571		-4.811316	-9.488307	128.540344
06572		-6.357424	-6.010239	129.375339
06573		-7.976490	-2.569738	130.161943
06574		-9.578666	0.805526	130.917487
06575		-11.079662	3.979204	131.539802
06576		-12.547720	6.916620	132.044877
06577		-13.980097	9.521763	132.407203
06578		-15.317647	11.800104	132.711333
06579		-16.409026	13.707558	132.985155
06580		-17.164815	15.234746	133.259658
06581		-17.645919	16.275606	133.463665
06582		-18.101590	16.787717	133.523870
06583		-18.552411	16.784377	133.469982
06584		-18.714563	16.328776	133.500450
06585		-18.214486	15.479465	133.828978
06586		-16.910762	14.295459	134.541854
06587		-15.039598	12.727763	135.532564
06588		-13.438719	11.444069	136.122723
06589		-11.805867	9.593659	136.596553
06590		-10.153481	7.403021	136.982839
06591		-9.226540	5.086207	137.266374
06592		-8.814660	2.849652	137.660761
06593		-8.295234	0.808700	137.770782
06594		-7.776593	-0.932584	137.696695
06595		-7.510090	-2.465385	137.702071
06596		-7.300466	-3.639463	137.760991
06597		-7.110982	-4.650768	137.890153
06598		-6.941449	-5.506053	137.966193
06599		-6.829582	-6.191298	138.061647
06600		-6.670896	-6.787825	138.091576
06601		-6.497926	-7.267847	138.089163
06602		-6.360454	-7.701518	138.054456
06603		-6.296661	-8.077778	138.012011
06604		-6.281899	-8.431498	137.930332
06605		-6.322036	-8.717216	137.869897
06606		-6.344041	-8.946394	137.795490
06607		-6.347197	-9.102081	137.754349
06608		-6.340769	-9.238836	137.707004
06609		-6.313525	-9.349655	137.695508
06610		-6.246220	-9.466368	137.680314
06611		-6.161549	-9.559123	137.688317
06612		-6.071295	-9.672745	137.686804
06613		-5.989486	-9.767254	137.693749
06614		-5.918378	-9.916761	137.684023
06615		-5.871733	-10.097901	137.687482
06616		-5.843607	-10.300363	137.668374
06617		-5.862179	-10.499691	137.646619
06618		-5.908491	-10.731920	137.589263
06619		-5.952011	-10.949370	137.535436
06620		-5.953921	-11.171427	137.477361
06621		-5.911775	-11.356845	137.462999
06622		-5.858238	-11.586109	137.423017
06623		-5.808049	-11.825388	137.401217
06624		-5.766238	-12.082859	137.365989
06625		-5.733510	-12.302605	137.359220
06626		-5.714336	-12.517020	137.342818
06627		-5.714699	-12.697043	137.349420
06628		-5.705683	-12.902211	137.338920
06629		-5.689787	-13.084045	137.338531
06630		-5.657330	-13.289548	137.329194
06631		-5.618525	-13.491804	137.337576
06632		-5.568017	-13.734248	137.336835
06633		-5.511376	-13.984325	137.350018
06634		-5.448233	-14.275177	137.342698
06635		-5.395314	-14.565976	137.358693
06636		-5.349799	-14.918654	137.368494
06637		-5.319299	-15.332387	137.408460
06638		-5.293758	-15.833507	137.431805
06639		-5.284708	-16.393290	137.486863
06640		-5.283777	-17.047907	137.543146
06641		-5.272767	-17.779514	137.621634
06642		-5.215299	-18.652661	137.672655
06643		-5.071331	-19.641639	137.699390
06644		-4.853513	-20.764525	137.670396
06645		-4.604395	-22.014492	137.615469
06646		-4.316242	-23.440841	137.503555
06647		-4.018079	-25.058609	137.365415
06648		-3.713614	-26.932339	137.158593
06649		-3.473177	-29.089703	136.967110
06650		-3.254217	-31.587026	136.820406
06651		-3.084304	-34.455522	136.713029
06652		-2.905591	-37.710036	136.621369
06653		-2.551016	-41.265398	136.429419
06654		-1.974785	-45.089292	136.075083
06655		-1.416946	-49.115083	135.712620
06656		-0.892583	-53.174526	135.423656
06657		-0.445421	-57.374437	134.989601
06658		0.123680	-61.492711	133.928274
06659		2.015124	-65.117981	131.642583
06660		5.368531	-68.076578	128.348472
06661		9.539921	-70.156137	124.502328
06662		13.826806	-71.364479	120.608531
06663		16.551430	-71.356877	118.165293
06664		17.259983	-70.135766	117.671887
06665		16.951935	-68.406203	118.067693
06666		16.240162	-66.455343	118.873982
06667		15.586509	-64.495885	119.552883
06668		14.887374	-62.459181	120.201097
06669		14.092577	-60.286213	120.850470
06670		13.167347	-57.893782	121.617358
06671		12.240657	-55.376193	122.378678
06672		11.307954	-52.695080	123.220158
06673		10.449413	-49.929350	123.924031
06674		9.575270	-47.019980	124.514303
06675		8.641383	-43.997368	124.938551
06676		7.615931	-40.836259	125.246624
06677		6.556935	-37.646693	125.382617
06678		5.462561	-34.406216	125.449297
06679		4.342035	-31.183683	125.404641
06680		3.143476	-27.932687	125.331036
06681		1.872811	-24.710566	125.141407
06682		0.497621	-21.450314	124.933051
06683		-0.941230	-18.201483	124.688985
06684		-2.450082	-14.897641	124.577352
06685		-3.994308	-11.596654	124.592918
06686		-5.652776	-8.251942	124.867144
06687		-7.461258	-4.940213	125.290587
06688		-9.402198	-1.628795	125.842773
06689		-11.282544	1.569521	126.417193
06690		-12.986481	4.641973	127.040092
06691		-14.416602	7.529808	127.688736
06692		-15.556734	10.244029	128.433034
06693		-16.342917	12.663331	129.258609
06694		-16.802282	14.709732	130.187070
06695		-17.046129	16.229652	131.090157
06696		-17.353173	17.154965	131.836943
06697		-17.847933	17.478338	132.367688
06698		-18.212504	17.246405	132.854615
06699		-17.940691	16.505128	133.489073
06700		-16.925299	15.362108	134.338182
06701		-15.175180	13.752703	135.481338
06702		-13.544821	12.354943	136.268992
06703		-12.084744	10.807483	136.911781
06704		-10.490082	8.893816	137.471355
06705		-9.249327	6.715122	137.878321
06706		-8.646872	4.508397	138.137549
06707		-8.201526	2.364358	138.365959
06708		-7.635622	0.458616	138.217860
06709		-7.276108	-1.261914	138.204985
06710		-7.093356	-2.716350	138.188288
06711		-6.913289	-3.855924	138.295314
06712		-6.724409	-4.875307	138.339455
06713		-6.602293	-5.639779	138.400895
06714		-6.501086	-6.265354	138.426812
06715		-6.380150	-6.758496	138.437127
06716		-6.265354	-7.176780	138.419793
06717		-6.195215	-7.518114	138.418909
06718		-6.156500	-7.837593	138.384570
06719		-6.153634	-8.102801	138.358460
06720		-6.158313	-8.332070	138.308848
06721		-6.146059	-8.469215	138.279519
06722		-6.090188	-8.538308	138.245872
06723		-6.010365	-8.517596	138.242008
06724		-5.902222	-8.433052	138.222697
06725		-5.794110	-8.276476	138.243262
06726		-5.643068	-8.074917	138.261255
06727		-5.422282	-7.776405	138.299800
06728		-5.130647	-7.433359	138.314933
06729		-4.785453	-7.044357	138.352985
06730		-4.398134	-6.661682	138.381065
06731		-4.024525	-6.295550	138.440959
06732		-3.666744	-5.989719	138.481093
06733		-3.339044	-5.753653	138.533317
06734		-3.038109	-5.614061	138.554847
06735		-2.770609	-5.536025	138.587081
06736		-2.523207	-5.533275	138.597064
06737		-2.291846	-5.570603	138.624650
06738		-2.067590	-5.665490	138.630767
06739		-1.860386	-5.770422	138.657335
06740		-1.650867	-5.923205	138.671742
06741		-1.419061	-6.077256	138.707105
06742		-1.154591	-6.267808	138.730100
06743		-0.876083	-6.468096	138.771869
06744		-0.576349	-6.700509	138.785371
06745		-0.312731	-6.942283	138.751071
06746		-0.121937	-7.256974	138.617901
06747		0.059968	-7.621296	138.481377
06748		0.291005	-8.076892	138.377394
06749		0.518979	-8.592833	138.287668
06750		0.721502	-9.178829	138.191741
06751		0.901622	-9.828177	138.121798
06752		1.052086	-10.575764	138.056915
06753		1.168877	-11.393783	138.026684
06754		1.271964	-12.307981	137.994671
06755		1.366826	-13.293180	137.983826
06756		1.476294	-14.393352	137.944170
06757		1.596032	-15.594647	137.886903
06758		1.770087	-16.932261	137.753371
06759		1.995038	-18.409502	137.563409
06760		2.281140	-20.078766	137.265870
06761		2.611659	-21.934207	136.849980
06762		2.945095	-24.027503	136.350178
06763		3.332945	-26.537453	135.796653
06764		3.606732	-29.605708	135.244911
06765		3.797952	-33.262442	134.768278
06766		4.296133	-37.257661	134.094093
06767		5.329289	-41.232846	132.900610
06768		6.479406	-45.349230	131.668268
06769		7.834613	-49.524507	130.418479
06770		9.539223	-53.807214	128.757625
06771		11.754761	-57.939752	126.197515
06772		15.489647	-61.297497	122.315884
06773		20.440899	-63.804453	117.909617
06774		25.512654	-65.325077	113.767592
06775		29.486464	-65.826872	110.649453
06776		30.892918	-65.075213	109.647772
06777		30.484897	-63.673362	109.983139
06778		29.267398	-62.050653	110.935807
06779		27.847489	-60.434071	111.995935
06780		26.360341	-58.823366	113.077982
06781		24.718800	-57.213748	114.225986
06782		22.850123	-55.483992	115.559125
06783		20.862520	-53.641991	116.911226
06784		18.772330	-51.631459	118.362802
06785		16.740561	-49.487578	119.727655
06786		14.759971	-47.192367	121.022255
06787		12.860276	-44.790237	122.058062
06788		10.903620	-42.187700	122.993243
06789		8.944383	-39.417160	123.755146
06790		7.024455	-36.485658	124.359119
06791		5.220718	-33.520204	124.679707
06792		3.478635	-30.502374	124.812465
06793		1.815925	-27.503793	124.701076
06794		0.191081	-24.490876	124.471162
06795		-1.389080	-21.545420	124.092394
06796		-2.946785	-18.588751	123.729303
06797		-4.441619	-15.658608	123.358141
06798		-5.959158	-12.647412	123.156471
06799		-7.498679	-9.578248	123.162451
06800		-9.057936	-6.452248	123.444226
06801		-10.557900	-3.419761	123.918903
06802		-11.962271	-0.516823	124.609335
06803		-13.191050	2.189489	125.453398
06804		-14.196020	4.802371	126.479114
06805		-14.860330	7.274476	127.606072
06806		-15.233689	9.565629	128.799471
06807		-15.415234	11.547352	129.968821
06808		-15.495509	13.082679	131.073946
06809		-15.482470	14.053409	132.064541
06810		-15.419357	14.427843	132.925982
06811		-15.138963	14.175560	133.757916
06812		-14.490062	13.285768	134.665146
06813		-13.458701	11.872016	135.565129
06814		-12.232603	10.379844	136.047603
06815		-11.008355	8.730501	136.091686
06816		-9.720613	6.888907	136.145164
06817		-8.600396	4.964511	136.229086
06818		-7.845933	2.939216	136.383431
06819		-7.330928	1.120904	136.488568
06820		-6.839841	-0.442228	136.500741
06821		-6.475866	-1.985877	136.536943
06822		-6.171667	-3.153718	136.651938
06823		-5.849240	-4.083319	136.773821
06824		-5.587335	-4.876763	136.891429
06825		-5.384598	-5.475155	136.974230
06826		-5.217380	-6.002446	136.996521
06827		-5.068957	-6.428986	137.021537
06828		-4.935220	-6.794392	136.995564
06829		-4.857788	-7.100339	136.975978
06830		-4.828818	-7.384465	136.925402
06831		-4.836820	-7.567775	136.888703
06832		-4.827644	-7.677549	136.837993
06833		-4.807338	-7.749882	136.797254
06834		-4.786521	-7.930665	136.711163
06835		-4.777127	-8.166245	136.628089
06836		-4.761254	-8.382285	136.539681
06837		-4.777715	-8.576807	136.487954
06838		-4.821016	-8.834531	136.414725
06839		-4.891574	-9.089686	136.371487
06840		-4.963046	-9.394014	136.324170
06841		-5.037966	-9.741821	136.307304
06842		-5.080514	-10.135120	136.277820
06843		-5.101764	-10.504053	136.262935
06844		-5.110610	-10.863613	136.231448
06845		-5.108064	-11.179459	136.219170
06846		-5.064283	-11.470926	136.193518
06847		-4.988450	-11.714611	136.191491
06848		-4.877536	-11.956991	136.174165
06849		-4.743692	-12.169639	136.171133
06850		-4.600323	-12.373893	136.142901
06851		-4.490164	-12.547428	136.110484
06852		-4.413227	-12.708525	136.051546
06853		-4.359585	-12.873200	136.007310
06854		-4.329085	-13.124092	135.951441
06855		-4.280122	-13.415395	135.934492
06856		-4.208977	-13.734346	135.899230
06857		-4.132213	-14.048433	135.873581
06858		-4.049069	-14.407989	135.827941
06859		-3.975297	-14.785120	135.794823
06860		-3.888638	-15.190683	135.753407
06861		-3.805071	-15.586236	135.730392
06862		-3.689035	-15.993379	135.710304
06863		-3.572972	-16.400506	135.703559
06864		-3.424853	-16.822060	135.674815
06865		-3.264785	-17.228810	135.663226
06866		-3.105880	-17.667483	135.655585
06867		-2.960224	-18.160921	135.686357
06868		-2.812683	-18.766013	135.700085
06869		-2.660523	-19.475931	135.733031
06870		-2.482770	-20.335544	135.746209
06871		-2.286188	-21.350864	135.751543
06872		-2.074373	-22.599149	135.696403
06873		-1.825311	-24.063611	135.596182
06874		-1.565126	-25.820837	135.446066
06875		-1.394709	-27.857590	135.330386
06876		-1.325466	-30.281513	135.271923
06877		-1.309927	-33.112486	135.312939
06878		-1.346803	-36.348735	135.385593
06879		-1.261103	-39.944493	135.360661
06880		-0.804692	-43.823368	134.891180
06881		-0.159022	-47.888812	134.330625
06882		0.451210	-52.264104	133.840186
06883		1.306529	-56.673805	133.083309
06884		2.688125	-60.598985	131.386639
06885		5.212591	-63.848703	128.486468
06886		8.802069	-66.426382	125.014545
06887		13.130549	-68.250048	121.103531
06888		16.757509	-69.191160	118.094548
06889		18.764090	-68.951166	116.679708
06890		19.551412	-67.983238	116.316954
06891		19.699328	-66.577696	116.390278
06892		19.481270	-64.824449	116.665980
06893		19.121995	-62.816329	116.937882
06894		18.595535	-60.572681	117.403690
06895		18.050637	-58.206282	117.926102
06896		17.421331	-55.729483	118.561374
06897		16.695934	-53.190764	119.158676
06898		15.769140	-50.522215	119.784992
06899		14.690505	-47.782131	120.324459
06900		13.432711	-44.959175	120.867656
06901		12.052619	-42.126401	121.374167
06902		10.532662	-39.215573	121.954871
06903		8.941847	-36.267194	122.543509
06904		7.292556	-33.238242	123.232496
06905		5.676378	-30.229970	123.872310
06906		4.053391	-27.219591	124.461434
06907		2.442162	-24.236135	124.906320
06908		0.857786	-21.240929	125.338825
06909		-0.634159	-18.295556	125.732731
06910		-2.136360	-15.274620	126.246470
06911		-3.667860	-12.179175	126.908600
06912		-5.183082	-8.961281	127.811233
06913		-6.540853	-5.722410	128.809521
06914		-7.673197	-2.514346	129.900053
06915		-8.564991	0.505376	130.926791
06916		-9.339971	3.337360	131.844284
06917		-10.085546	5.920412	132.563834
06918		-10.790218	8.271427	133.160623
06919		-11.399587	10.280696	133.677252
06920		-11.912773	11.912681	134.211713
06921		-12.335983	13.095106	134.798671
06922		-12.670641	13.799485	135.439811
06923		-12.968040	14.079532	136.011145
06924		-13.212182	14.019682	136.477543
06925		-13.238121	13.583058	136.848445
06926		-12.825475	12.598673	137.140629
06927		-12.089619	11.259263	137.283403
06928		-11.010653	9.812382	137.299313
06929		-9.942002	8.487832	137.217685
06930		-8.943425	7.574551	137.018632
06931		-8.185732	6.850565	136.960326
06932		-7.662061	5.843549	137.136410
06933		-7.324421	4.736811	137.528818
06934		-7.246083	3.812219	138.101021
06935		-7.192877	3.041204	138.484681
06936		-7.196400	2.427534	138.433157
06937		-7.407563	1.973877	138.296048
06938		-7.605083	1.613460	138.200597
06939		-7.808834	1.345114	138.243150
06940		-7.987187	1.161978	138.299641
06941		-8.170908	1.080920	138.335026
06942		-8.350545	1.027687	138.341106
06943		-8.504701	0.971121	138.379062
06944		-8.585217	0.864787	138.396853
06945		-8.550206	0.743031	138.367118
06946		-8.437660	0.595721	138.310087
06947		-8.306428	0.437927	138.279006
06948		-8.233865	0.258211	138.267033
06949		-8.187321	0.054144	138.264754
06950		-8.123220	-0.200774	138.244337
06951		-8.024145	-0.517643	138.217951
06952		-7.900738	-0.943530	138.181215
06953		-7.785279	-1.389171	138.125997
06954		-7.626932	-1.856445	138.069929
06955		-7.476663	-2.331519	138.009706
06956		-7.340095	-2.774665	137.970885
06957		-7.198483	-3.214482	137.982942
06958		-7.023360	-3.641458	137.997345
06959		-6.827555	-4.103001	138.048572
06960		-6.632731	-4.566947	138.133377
06961		-6.383311	-4.976978	138.194935
06962		-6.078098	-5.347749	138.253482
06963		-5.658544	-5.599432	138.322346
06964		-5.125564	-5.738431	138.361098
06965		-4.525295	-5.785087	138.396102
06966		-4.029331	-5.866583	138.433540
06967		-3.635291	-5.994518	138.426605
06968		-3.302935	-6.161768	138.400315
06969		-3.009302	-6.413743	138.344524
06970		-2.781892	-6.804958	138.269559
06971		-2.617792	-7.200609	138.235691
06972		-2.466531	-7.571148	138.244467
06973		-2.346992	-7.889329	138.278217
06974		-2.206112	-8.144860	138.316842
06975		-2.050481	-8.327433	138.357065
06976		-1.900770	-8.450621	138.394120
06977		-1.790457	-8.507028	138.420642
06978		-1.730106	-8.522198	138.429045
06979		-1.719183	-8.502009	138.434130
06980		-1.753779	-8.466859	138.418601
06981		-1.817425	-8.411056	138.396357
06982		-1.876132	-8.351197	138.357698
06983		-1.903666	-8.296867	138.324823
06984		-1.901847	-8.239138	138.290975
06985		-1.883375	-8.182723	138.261642
06986		-1.850329	-8.140952	138.235847
06987		-1.796626	-8.105302	138.220219
06988		-1.732969	-8.053485	138.208617
06989		-1.671118	-7.986306	138.203968
06990		-1.611741	-7.911557	138.204636
06991		-1.555315	-7.803736	138.215295
06992		-1.499840	-7.649354	138.236030
06993		-1.454900	-7.476980	138.267502
06994		-1.455973	-7.514216	138.271305
06995		-1.494427	-7.681561	138.267605
06996		-1.574410	-7.875781	138.287054
06997		-1.686346	-7.973327	138.290907
06998		-1.801162	-7.953484	138.279027
06999		-1.890522	-7.866990	138.246866
07000		-1.955693	-7.787791	138.198044
07001		-2.005057	-7.700191	138.135039
07002		-2.033088	-7.588146	138.079810
07003		-2.069595	-7.432510	138.002063
07004		-2.117682	-7.242500	137.898928
07005		-2.145432	-7.014574	137.789987
07006		-2.137858	-6.754134	137.643715
07007		-2.075953	-6.480318	137.379012
07008		-2.001563	-6.215924	136.885560
07009		-1.958801	-5.952737	136.369989
07010		-2.001960	-5.735113	136.052035
07011		-2.142852	-5.584444	135.967510
07012		-2.236915	-5.465606	135.966154
07013		-2.262391	-5.349240	135.951007
07014		-2.252964	-5.280023	135.906965
07015		-2.240188	-5.235871	135.877375
07016		-2.254922	-5.211472	135.877459
07017		-2.265966	-5.202404	135.875378
07018		-2.277883	-5.194352	135.853102
07019		-2.289115	-5.191746	135.812336
07020		-2.312988	-5.184332	135.781124
07021		-2.319200	-5.170096	135.760241
07022		-2.318372	-5.148069	135.749885
07023		-2.311343	-5.132303	135.742693
07024		-2.310447	-5.138904	135.739990
07025		-2.313865	-5.168221	135.733168
07026		-2.309785	-5.224221	135.726596
07027		-2.289220	-5.278529	135.726229
07028		-2.240484	-5.332220	135.731819
07029		-2.163661	-5.376135	135.732246
07030		-2.073267	-5.416077	135.729535
07031		-1.961336	-5.450373	135.721491
07032		-1.861168	-5.489598	135.732271
07033		-1.801978	-5.532701	135.759647
07034		-1.798478	-5.573387	135.794601
07035		-1.832554	-5.601623	135.821878
07036		-1.877982	-5.622827	135.841804
07037		-1.914378	-5.652234	135.850168
07038		-1.933145	-5.698146	135.856903
07039		-1.906859	-5.762892	135.864015
07040		-1.819806	-5.838400	135.878503
07041		-1.680971	-5.911512	135.898252
07042		-1.516992	-5.980049	135.926139
07043		-1.345332	-6.047212	135.942433
07044		-1.204474	-6.110512	135.958323
07045		-1.122997	-6.177918	135.953645
07046		-1.119722	-6.239890	135.931771
07047		-1.175043	-6.294155	135.906477
07048		-1.272365	-6.339891	135.887750
07049		-1.390262	-6.393009	135.867177
07050		-1.504224	-6.464194	135.831672
07051		-1.592111	-6.558965	135.777509
07052		-1.648942	-6.674198	135.712625
07053		-1.680544	-6.813677	135.643667
07054		-1.696192	-6.972054	135.567890
07055		-1.694976	-7.136699	135.488361
07056		-1.686908	-7.273090	135.438177
07057		-1.675681	-7.382466	135.407407
07058		-1.662655	-7.474365	135.386545
07059		-1.653600	-7.558003	135.367329
07060		-1.653260	-7.646538	135.342583
07061		-1.667666	-7.739078	135.309604
07062		-1.690846	-7.828569	135.269800
07063		-1.715431	-7.921899	135.216996
07064		-1.729034	-7.996690	135.179099
07065		-1.730927	-8.059130	135.156604
07066		-1.725052	-8.107986	135.148332
07067		-1.713001	-8.146073	135.150792
07068		-1.691659	-8.164779	135.164581
07069		-1.671205	-8.168739	135.185027
07070		-1.657709	-8.194923	135.185154
07071		-1.653696	-8.237423	135.166191
07072		-1.644781	-8.274525	135.152155
07073		-1.631544	-8.321149	135.133580
07074		-1.624427	-8.372762	135.115697
07075		-1.615512	-8.419769	135.099586
07076		-1.608309	-8.465988	135.090663
07077		-1.598675	-8.501893	135.082813
07078		-1.583694	-8.520717	135.087574
07079		-1.566389	-8.524132	135.096780
07080		-1.545106	-8.519144	135.110880
07081		-1.522769	-8.511064	135.125885
07082		-1.501698	-8.505175	135.140590
07083		-1.485240	-8.492958	135.153686
07084		-1.466540	-8.465922	135.172847
07085		-1.433814	-8.420108	135.199374
07086		-1.380231	-8.335599	135.238727
07087		-1.315422	-8.248366	135.276394
07088		-1.271966	-8.216339	135.296797
07089		-1.236003	-8.191866	135.314373
07090		-1.198590	-8.162500	135.336015
07091		-1.160909	-8.122742	135.361323
07092		-1.117865	-8.072594	135.387288
07093		-1.074805	-8.012058	135.412621
07094		-1.024694	-7.938640	135.441146
07095		-0.975988	-7.840631	135.476477
07096		-0.928627	-7.708069	135.517340
07097		-0.870517	-7.526588	135.564386
07098		-0.805213	-7.296753	135.620685
07099		-0.741909	-7.037566	135.682776
07100		-0.684025	-6.762655	135.748190
07101		-0.624647	-6.486832	135.816476
07102		-0.578622	-6.230270	135.886500
07103		-0.543037	-6.005143	135.957866
07104		-0.510680	-5.795879	136.025437
07105		-0.477973	-5.602651	136.085854
07106		-0.452458	-5.431046	136.141289
07107		-0.436094	-5.280146	136.194035
07108		-0.429581	-5.148745	136.243413
07109		-0.425324	-5.045492	136.276848
07110		-0.429739	-4.962532	136.304096
07111		-0.438811	-4.897879	136.322132
07112		-0.453852	-4.842696	136.337554
07113		-0.476739	-4.790028	136.349034
07114		-0.517253	-4.773027	136.338563
07115		-0.581671	-4.962065	136.247763
07116		-0.665300	-5.313532	136.138375
07117		-0.754840	-5.637434	136.055657
07118		-0.856389	-5.857791	135.995516
07119		-0.962368	-6.005902	135.944496
07120		-1.076301	-6.090610	135.896682
07121		-1.196043	-6.179544	135.838485
07122		-1.307057	-6.269082	135.783156
07123		-1.405289	-6.318232	135.733597
07124		-1.486662	-6.320418	135.695144
07125		-1.554415	-6.290601	135.669706
07126		-1.610092	-6.251655	135.653950
07127		-1.649967	-6.204354	135.646421
07128		-1.681782	-6.134705	135.647875
07129		-1.692421	-6.047504	135.658518
07130		-1.690934	-5.942510	135.684543
07131		-1.676865	-5.814523	135.717724
07132		-1.662624	-5.663529	135.764421
07133		-1.648289	-5.497187	135.819047
07134		-1.630742	-5.332902	135.872758
07135		-1.608540	-5.174012	135.928203
07136		-1.575475	-5.019437	135.984909
07137		-1.524371	-4.876658	136.044475
07138		-1.467052	-4.746648	136.101576
07139		-1.410368	-4.656766	136.146162
07140		-1.361696	-4.609208	136.181404
07141		-1.308970	-4.565573	136.215061
07142		-1.257049	-4.513895	136.250568
07143		-1.200850	-4.459111	136.285769
07144		-1.144038	-4.393082	136.324774
07145		-1.086047	-4.317330	136.363726
07146		-1.030898	-4.239479	136.399809
07147		-0.974798	-4.158923	136.434577
07148		-0.930408	-4.075751	136.469751
07149		-0.890126	-3.992856	136.499977
07150		-0.856272	-3.917353	136.530099
07151		-0.818645	-3.845079	136.558089
07152		-0.775696	-3.770174	136.588189
07153		-0.728496	-3.700352	136.614912
07154		-0.685574	-3.636987	136.644164
07155		-0.646650	-3.589975	136.664468
07156		-0.622144	-3.545777	136.686113
07157		-0.601628	-3.509725	136.701996
07158		-0.584252	-3.473073	136.718278
07159		-0.562000	-3.442227	136.736086
07160		-0.542627	-3.411455	136.754893
07161		-0.529108	-3.381743	136.771632
07162		-0.527441	-3.348707	136.787952
07163		-0.529316	-3.313036	136.803331
07164		-0.534083	-3.277952	136.817115
07165		-0.541077	-3.241870	136.826641
07166		-0.555542	-3.204698	136.839278
07167		-0.569120	-3.173172	136.847448
07168		-0.579682	-3.139014	136.855612
07169		-0.580548	-3.108626	136.864163
07170		-0.576522	-3.073983	136.874614
07171		-0.574640	-3.041997	136.881797
07172		-0.588821	-3.011506	136.887911
07173		-0.614438	-2.975386	136.890169
07174		-0.649565	-2.940779	136.888572
07175		-0.688510	-2.906490	136.886297
07176		-0.729231	-2.879623	136.883111
07177		-0.769570	-2.852192	136.879715
07178		-0.805815	-2.824795	136.878730
07179		-0.834992	-2.800081	136.878099
07180		-0.858797	-2.779065	136.882072
07181		-0.867665	-2.768613	136.883689
07182		-0.875647	-2.755722	136.886116
07183		-0.874301	-2.744801	136.890506
07184		-0.869180	-2.733039	136.898289
07185		-0.862785	-2.727412	136.903226
07186		-0.863547	-2.723044	136.907607
07187		-0.867243	-2.721292	136.911904
07188		-0.872534	-2.717407	136.913720
07189		-0.871838	-2.716179	136.915171
07190		-0.870016	-2.713228	136.917921
07191		-0.865814	-2.708552	136.920240
07192		-0.858564	-2.704685	136.924411
07193		-0.846481	-2.703229	136.928401
07194		-0.829797	-2.700770	136.933545
07195		-0.805427	-2.698641	136.939208
07196		-0.773879	-2.696659	136.947692
07197		-0.749077	-2.692221	136.953726
07198		-0.726805	-2.690008	136.956275
07199		-0.705817	-2.688584	136.959568
07200		-0.676234	-2.688471	136.960644
07201		-0.631975	-2.690344	136.962200
07202		-0.581099	-2.686327	136.971667
07203		-0.531380	-2.676428	136.974982
07204		-0.490023	-2.667098	136.978434
07205		-0.458798	-2.662666	136.981801
07206		-0.438287	-2.658835	136.984861
07207		-0.417405	-2.662030	136.984069
07208		-0.402205	-2.666918	136.983921
07209		-0.385546	-2.671028	136.982854
07210		-0.379244	-2.675898	136.984174
07211		-0.375522	-2.677929	136.983274
07212		-0.375527	-2.684198	136.987890
07213		-0.381995	-2.682561	136.985803
07214		-0.395623	-2.682460	136.982562
07215		-0.418451	-2.679958	136.975762
07216		-0.447556	-2.674113	136.973053
07217		-0.483949	-2.668653	136.962678
07218		-0.532266	-2.666260	136.949779
07219		-0.591648	-2.666520	136.938537
07220		-0.658983	-2.672375	136.921429
07221		-0.734112	-2.680408	136.908534
07222		-0.805674	-2.690772	136.901389
07223		-0.879897	-2.701970	136.888569
07224		-0.953344	-2.717594	136.875677
07225		-1.017659	-2.735920	136.861888
07226		-1.076488	-2.751349	136.859397
07227		-1.116477	-2.771795	136.846775
07228		-1.153660	-2.787663	136.851569
07229		-1.175506	-2.800300	136.842596
07230		-1.194879	-2.814336	136.834838
07231		-1.206336	-2.834084	136.829208
07232		-1.212767	-2.856922	136.840806
07233		-1.217439	-2.883562	136.836760
07234		-1.227096	-2.907728	136.800542
07235		-1.237619	-2.926773	136.795299
07236		-1.245423	-2.942310	136.778611
07237		-1.254757	-2.957175	136.775956
07238		-1.272937	-2.975582	136.793996
07239		-1.296738	-2.991551	136.789593
07240		-1.323241	-3.005168	136.788347
07241		-1.350483	-3.017935	136.781932
07242		-1.372009	-3.033197	136.807451
07243		-1.394207	-3.047093	136.803190
07244		-1.407749	-3.057866	136.765239
07245		-1.408526	-3.070410	136.765599
07246		-1.402448	-3.077144	136.766943
07247		-1.392023	-3.088542	136.770412
07248		-1.383739	-3.098481	136.787959
07249		-1.376712	-3.106433	136.790642
07250		-1.377596	-3.112811	136.781368
07251		-1.382971	-3.117508	136.782760
07252		-1.392960	-3.120960	136.778187
07253		-1.408467	-3.119228	136.776889
07254		-1.426095	-3.116267	136.759909
07255		-1.441430	-3.111555	136.758328
07256		-1.453261	-3.105256	136.764487
07257		-1.458340	-3.100087	136.765648
07258		-1.455765	-3.095259	136.761453
07259		-1.442163	-3.094471	136.767038
07260		-1.423507	-3.092927	136.788244
07261		-1.398352	-3.095327	136.798487
07262		-1.368714	-3.095297	136.816729
07263		-1.329422	-3.097876	136.833348
07264		-1.285384	-3.095903	136.830752
07265		-1.233788	-3.093402	136.851835
07266		-1.185320	-3.087572	136.870414
07267		-1.148323	-3.078357	136.890435
07268		-1.115424	-3.069898	136.947008
07269		-1.088569	-3.063081	136.958699
07270		-1.064169	-3.058229	136.928801
07271		-1.043041	-3.051648	136.938616
07272		-1.014033	-3.042541	136.979859
07273		-0.972460	-3.034766	136.996470
07274		-0.924468	-3.027684	137.049698
07275		-0.868769	-3.022246	137.065902
07276		-0.814403	-3.013732	137.136726
07277		-0.761254	-3.004636	137.150070
07278		-0.717254	-2.996337	137.310117
07279		-0.686891	-2.987962	137.317173
07280		-0.671068	-2.978112	137.379084
07281		-0.660108	-2.969757	137.382202
07282		-0.652504	-2.962178	137.119325
07283		-0.641054	-2.955429	137.122433
07284		-0.629988	-2.945983	137.146141
07285		-0.612354	-2.940590	137.151162
07286		-0.597528	-2.928122	137.151564
07287		-0.578641	-2.916309	137.155207
07288		-0.564153	-2.903206	137.200025
07289		-0.563709	-2.890730	137.200082
07290		-0.578464	-2.882571	137.165696
07291		-0.600550	-2.876440	137.154664
07292		-0.630162	-2.869990	137.132356
07293		-0.655581	-2.864328	137.120183
07294		-0.679033	-2.859208	137.077269
07295		-0.696473	-2.860169	137.068904
07296		-0.706948	-2.863419	137.035707
07297		-0.711391	-2.866223	137.028424
07298		-0.714169	-2.868956	136.997757
07299		-0.716330	-2.868313	136.990349
07300		-0.715301	-2.873109	137.001778
07301		-0.717901	-2.874770	136.994004
07302		-0.725671	-2.875686	136.970129
07303		-0.732998	-2.876656	136.962075
07304		-0.737053	-2.875489	136.995165
07305		-0.737310	-2.873205	136.989761
07306		-0.732441	-2.872519	136.986933
07307		-0.721272	-2.869480	136.986581
07308		-0.706129	-2.870641	136.909572
07309		-0.697946	-2.872673	136.908341
07310		-0.701594	-2.871733	136.962964
07311		-0.714789	-2.871532	136.956115
07312		-0.734619	-2.873925	136.883175
07313		-0.755160	-2.876297	136.873048
07314		-0.773997	-2.882426	136.843849
07315		-0.791330	-2.886813	136.837616
07316		-0.800558	-2.896499	136.793870
07317		-0.811018	-2.900867	136.789300
07318		-0.815417	-2.907665	136.701146
07319		-0.819978	-2.908543	136.699452
07320		-0.822373	-2.903671	136.716507
07321		-0.826104	-2.895766	136.717141
07322		-0.826888	-2.887827	136.851119
07323		-0.826595	-2.877821	136.853898
07324		-0.824219	-2.868982	136.777316
07325		-0.818929	-2.860345	136.780998
07326		-0.810603	-2.853416	136.695101
07327		-0.797865	-2.850289	136.700095
07328		-0.784223	-2.847806	136.743910
07329		-0.769311	-2.843721	136.751540
07330		-0.754415	-2.834302	136.958832
07331		-0.742732	-2.823778	136.965434
07332		-0.735147	-2.810024	136.889024
07333		-0.731415	-2.796788	136.891444
07334		-0.737114	-2.777490	136.976964
07335		-0.744424	-2.758528	136.976299
07336		-0.752078	-2.741117	136.973341
07337		-0.760808	-2.720982	136.973531
07338		-0.770631	-2.703051	136.877083
07339		-0.778425	-2.686633	136.874791
07340		-0.793197	-2.667518	137.036017
07341		-0.813657	-2.647442	137.030501
07342		-0.831470	-2.626605	136.832904
07343		-0.843112	-2.602604	136.827051
07344		-0.848725	-2.581254	136.844146
07345		-0.850934	-2.560625	136.844124
07346		-0.851044	-2.541019	136.978300
07347		-0.844862	-2.520781	136.982862
07348		-0.833972	-2.501802	137.041436
07349		-0.819707	-2.481522	137.048711
07350		-0.807951	-2.458167	137.014337
07351		-0.797288	-2.437671	137.019838
07352		-0.800597	-2.416113	137.032300
07353		-0.809254	-2.392905	137.032230
07354		-0.817160	-2.368993	136.963531
07355		-0.819227	-2.345066	136.964525
07356		-0.810809	-2.329345	136.947350
07357		-0.795842	-2.318277	136.955190
07358		-0.773448	-2.312258	137.077959
07359		-0.746749	-2.305547	137.088716
07360		-0.717652	-2.299991	136.980344
07361		-0.683586	-2.294870	136.992818
07362		-0.647915	-2.290033	136.881147
07363		-0.619476	-2.289106	136.891311
07364		-0.598924	-2.284068	136.810972
07365		-0.576523	-2.278521	136.820174
07366		-0.550337	-2.274790	136.645386
07367		-0.521360	-2.268524	136.655666
07368		-0.489867	-2.258541	136.501838
07369		-0.456064	-2.245508	136.515050
07370		-0.420948	-2.230679	136.160336
07371		-0.384063	-2.213950	136.171353
07372		-0.340637	-2.200026	135.987269
07373		-0.295145	-2.182333	135.998308
07374		-0.243377	-2.165179	135.989701
