// General information: 
//  MT Manager version: 2021.4.0 
//  XDA version: 2021.4.0 build 6323 rev 112641 built on 2021-09-28
// Device information: 
//  DeviceId: 00B4387C
//  ProductCode: MTW2-3A7G6
//  Firmware Version: 4.3.4
//  Hardware Version: 1.1.0
// Device settings: 
//  Filter Profile: human(46.1)
//  Option Flags: Orientation Smoother Disabled, Position/Velocity Smoother Disabled, Continuous Zero Rotation Update Disabled, AHS Disabled, ICC Disabled
// Coordinate system: ENU
PacketCounter	Roll	Pitch	Yaw
56452	0.030925	-0.017730	0.010090
56453	0.030467	-0.017866	0.012194
56454	0.031606	-0.017596	0.013084
56455	0.030687	-0.017864	0.011573
56456	0.030476	-0.016985	0.010914
56457	0.030909	-0.016912	0.012843
56458	0.032183	-0.016616	0.014621
56459	0.031359	-0.016763	0.015014
56460	0.031876	-0.017554	0.016030
56461	0.031657	-0.017700	0.015126
56462	0.030336	-0.018918	0.015608
56463	0.031149	-0.018746	0.015531
56464	0.029723	-0.017234	0.014213
56465	0.029624	-0.018296	0.016146
56466	0.030275	-0.019061	0.018050
56467	0.030356	-0.018071	0.018353
56468	0.029887	-0.019088	0.018657
56469	0.029875	-0.018251	0.018791
56470	0.030745	-0.018032	0.017905
56471	0.030472	-0.019943	0.018119
56472	0.032204	-0.021369	0.019794
56473	0.030047	-0.020098	0.018558
56474	0.030200	-0.020054	0.018737
56475	0.030654	-0.020814	0.018940
56476	0.030578	-0.019910	0.019171
56477	0.029675	-0.020022	0.018725
56478	0.030814	-0.019752	0.019615
56479	0.030531	-0.018931	0.018865
56480	0.030291	-0.020809	0.019117
56481	0.029604	-0.021072	0.019328
56482	0.029136	-0.022090	0.019632
56483	0.028371	-0.022173	0.019236
56484	0.028659	-0.022104	0.020303
56485	0.028887	-0.023928	0.020552
56486	0.030027	-0.023658	0.021441
56487	0.029317	-0.023954	0.021592
56488	0.030322	-0.023710	0.021593
56489	0.030119	-0.023788	0.019909
56490	0.029651	-0.024806	0.020212
56491	0.029809	-0.024781	0.020360
56492	0.029828	-0.024763	0.019650
56493	0.030964	-0.024465	0.020567
56494	0.029374	-0.025735	0.019272
56495	0.029115	-0.024876	0.018587
56496	0.029633	-0.025668	0.019601
56497	0.028197	-0.025875	0.020332
56498	0.028973	-0.024770	0.020385
56499	0.029190	-0.025637	0.019595
56500	0.028979	-0.024758	0.018937
56501	0.029439	-0.025505	0.018256
56502	0.027661	-0.025002	0.018841
56503	0.028027	-0.025948	0.017925
56504	0.028574	-0.023983	0.018030
56505	0.028299	-0.025100	0.017282
56506	0.027237	-0.024422	0.016802
56507	0.026561	-0.024716	0.017847
56508	0.027701	-0.024446	0.018735
56509	0.027106	-0.024796	0.017925
56510	0.026545	-0.024928	0.019168
56511	0.025766	-0.025067	0.019561
56512	0.026771	-0.024823	0.019561
56513	0.026439	-0.025999	0.020488
56514	0.026458	-0.025981	0.019777
56515	0.025614	-0.026238	0.019159
56516	0.026254	-0.025159	0.018323
56517	0.025375	-0.024508	0.018639
56518	0.024543	-0.024692	0.018105
56519	0.025689	-0.027174	0.019038
56520	0.025750	-0.026245	0.020156
56521	0.026736	-0.025958	0.019349
56522	0.026268	-0.026977	0.019652
56523	0.025601	-0.026367	0.019897
56524	0.025620	-0.026349	0.019186
56525	0.025869	-0.026127	0.020470
56526	0.025982	-0.026996	0.018818
56527	0.025504	-0.026997	0.019372
56528	0.026509	-0.026753	0.019371
56529	0.025684	-0.026015	0.019806
56530	0.025123	-0.026148	0.021049
56531	0.025609	-0.026851	0.021314
56532	0.024777	-0.027034	0.020781
56533	0.025281	-0.028849	0.019812
56534	0.024748	-0.026224	0.020148
56535	0.025673	-0.025964	0.020179
56536	0.025436	-0.027844	0.020428
56537	0.025752	-0.027672	0.021641
56538	0.025907	-0.027629	0.021819
56539	0.026082	-0.027643	0.021011
56540	0.025250	-0.027826	0.020478
56541	0.025540	-0.027701	0.020740
56542	0.024708	-0.027884	0.020207
56543	0.024451	-0.026985	0.019577
56544	0.025916	-0.028463	0.019470
56545	0.026096	-0.027539	0.019662
56546	0.025400	-0.027697	0.020016
56547	0.025488	-0.027643	0.020225
56548	0.025413	-0.026739	0.020455
56549	0.026235	-0.025580	0.020541
56550	0.026134	-0.027434	0.021678
56551	0.025059	-0.028686	0.022947
56552	0.024849	-0.027807	0.022289
56553	0.026391	-0.029305	0.022147
56554	0.025831	-0.029438	0.023390
56555	0.025719	-0.028611	0.022634
56556	0.025117	-0.029655	0.022047
56557	0.025018	-0.030597	0.023261
56558	0.025888	-0.030378	0.022372
56559	0.027923	-0.030823	0.021216
56560	0.025068	-0.029661	0.022034
56561	0.025575	-0.030446	0.023075
56562	0.025960	-0.031264	0.023199
56563	0.025609	-0.032257	0.023520
56564	0.026751	-0.031988	0.024406
56565	0.028244	-0.032640	0.025142
56566	0.026196	-0.032188	0.023952
56567	0.026725	-0.032911	0.025059
56568	0.027246	-0.033704	0.026070
56569	0.027040	-0.031948	0.026318
56570	0.027103	-0.031020	0.027437
56571	0.027229	-0.031026	0.027526
56572	0.027521	-0.030959	0.028591
56573	0.029558	-0.030453	0.028432
56574	0.027026	-0.031038	0.028255
56575	0.027466	-0.031992	0.029050
56576	0.027256	-0.031114	0.028392
56577	0.027820	-0.031964	0.029303
56578	0.027125	-0.032122	0.029658
56579	0.026199	-0.031493	0.029072
56580	0.026355	-0.031451	0.029249
56581	0.027362	-0.031145	0.030175
56582	0.026531	-0.031328	0.029641
56583	0.027310	-0.030953	0.029860
56584	0.026130	-0.032149	0.031227
56585	0.026034	-0.031287	0.030526
56586	0.025432	-0.032331	0.029939
56587	0.026278	-0.032272	0.028828
56588	0.026205	-0.031369	0.029058
56589	0.026139	-0.031420	0.028255
56590	0.025308	-0.031603	0.027721
56591	0.026324	-0.031291	0.027810
56592	0.025171	-0.029728	0.028272
56593	0.025282	-0.029630	0.027644
56594	0.025438	-0.029588	0.027820
56595	0.025012	-0.030519	0.029104
56596	0.025168	-0.030476	0.029280
56597	0.025028	-0.029598	0.030369
56598	0.025140	-0.030466	0.028714
56599	0.024833	-0.029567	0.028088
56600	0.025839	-0.029324	0.028085
56601	0.026309	-0.031027	0.028126
56602	0.025614	-0.031186	0.028480
56603	0.025528	-0.030327	0.027781
56604	0.025684	-0.030285	0.027957
56605	0.025402	-0.032413	0.026969
56606	0.024870	-0.029789	0.027307
56607	0.025366	-0.030546	0.026618
56608	0.026857	-0.029265	0.025603
56609	0.026286	-0.029443	0.025917
56610	0.024741	-0.029803	0.026450
56611	0.023971	-0.030035	0.026713
56612	0.023506	-0.031055	0.027013
56613	0.023280	-0.032996	0.027162
56614	0.024150	-0.032777	0.026270
56615	0.023487	-0.032938	0.026598
56616	0.024035	-0.030973	0.026704
56617	0.023463	-0.031098	0.026184
56618	0.023756	-0.031032	0.027248
56619	0.023949	-0.031837	0.025675
56620	0.024105	-0.031795	0.025851
56621	0.024801	-0.029811	0.027710
56622	0.023969	-0.029994	0.027176
56623	0.025024	-0.029764	0.027135
56624	0.025063	-0.031596	0.029155
56625	0.024999	-0.030891	0.029098
56626	0.025385	-0.031710	0.029219
56627	0.025850	-0.031488	0.030484
56628	0.025778	-0.030585	0.030714
56629	0.026588	-0.029427	0.030847
56630	0.025732	-0.032370	0.031215
56631	0.025194	-0.032327	0.031833
56632	0.026201	-0.032084	0.031829
56633	0.026395	-0.032945	0.031027
56634	0.026322	-0.032042	0.031257
56635	0.025507	-0.032260	0.029789
56636	0.025893	-0.033079	0.029909
56637	0.026685	-0.031232	0.030678
56638	0.025829	-0.034175	0.031046
56639	0.024943	-0.034325	0.031432
56640	0.024458	-0.033494	0.028998
56641	0.024448	-0.032607	0.029190
56642	0.024834	-0.033427	0.029310
56643	0.024007	-0.032769	0.028776
56644	0.025014	-0.032526	0.028772
56645	0.025900	-0.031568	0.028591
56646	0.025070	-0.031752	0.028057
56647	0.027938	-0.031207	0.027523
56648	0.026762	-0.032405	0.028889
56649	0.026904	-0.032339	0.028205
56650	0.026786	-0.032345	0.026604
56651	0.026419	-0.032570	0.027673
56652	0.026347	-0.031667	0.027903
56653	0.026794	-0.032409	0.029004
56654	0.026722	-0.031506	0.029234
56655	0.025924	-0.034544	0.030331
56656	0.026656	-0.034349	0.028550
56657	0.026774	-0.034340	0.027799
56658	0.026081	-0.034499	0.028152
56659	0.026269	-0.034443	0.028352
56660	0.026426	-0.034401	0.028527
56661	0.025404	-0.036392	0.029042
56662	0.028249	-0.035723	0.029567
56663	0.027540	-0.035957	0.029827
56664	0.027330	-0.035078	0.029169
56665	0.027488	-0.036876	0.028260
56666	0.027645	-0.036834	0.028435
56667	0.026842	-0.037060	0.027812
56668	0.026999	-0.037019	0.027986
56669	0.025807	-0.036334	0.026655
56670	0.026677	-0.036116	0.025763
56671	0.026017	-0.036169	0.026275
56672	0.027483	-0.037649	0.026159
56673	0.026576	-0.036116	0.027414
56674	0.026963	-0.036936	0.027533
56675	0.028273	-0.036541	0.027729
56676	0.028660	-0.037361	0.027847
56677	0.027364	-0.035821	0.028292
56678	0.030209	-0.035153	0.028817
56679	0.027913	-0.035634	0.029622
56680	0.027703	-0.034755	0.028964
56681	0.028157	-0.034795	0.028964
56682	0.028936	-0.033691	0.029015
56683	0.028743	-0.032833	0.028323
56684	0.029889	-0.032567	0.029206
56685	0.028879	-0.033837	0.029565
56686	0.029749	-0.033618	0.028672
56687	0.030543	-0.034493	0.029504
56688	0.029851	-0.034653	0.029857
56689	0.030723	-0.034485	0.029761
56690	0.030123	-0.035530	0.029170
56691	0.029668	-0.036541	0.028598
56692	0.029826	-0.036501	0.028771
56693	0.030155	-0.036468	0.029794
56694	0.029325	-0.036652	0.029259
56695	0.030254	-0.036392	0.029294
56696	0.031056	-0.037142	0.032075
56697	0.030730	-0.036352	0.030378
56698	0.030129	-0.037397	0.029787
56699	0.029353	-0.036717	0.029261
56700	0.031212	-0.036273	0.029076
56701	0.031245	-0.036186	0.029344
56702	0.030415	-0.036370	0.028809
56703	0.028857	-0.035889	0.030191
56704	0.029865	-0.035647	0.030185
56705	0.029545	-0.033840	0.029669
56706	0.030553	-0.033598	0.029663
56707	0.030291	-0.034616	0.030810
56708	0.030311	-0.034598	0.030095
56709	0.031128	-0.036276	0.031006
56710	0.031057	-0.035374	0.031236
56711	0.031290	-0.036141	0.030565
56712	0.031840	-0.034177	0.030672
56713	0.031823	-0.036184	0.030673
56714	0.030993	-0.036367	0.030138
56715	0.031212	-0.036321	0.030283
56716	0.030751	-0.037343	0.030579
56717	0.030020	-0.037543	0.029999
56718	0.031167	-0.037278	0.030881
56719	0.033027	-0.037840	0.029584
56720	0.033554	-0.038637	0.030588
56721	0.029287	-0.029163	0.022815
56722	0.029443	-0.029115	0.022983
56723	0.029552	-0.028804	0.022687
56724	0.029938	-0.029616	0.022798
56725	0.029124	-0.029779	0.022287
56726	0.030450	-0.031274	0.021274
56727	0.031469	-0.031052	0.021228
56728	0.029557	-0.030568	0.020924
56729	0.030629	-0.030273	0.020960
56730	0.029935	-0.030427	0.021307
56731	0.030337	-0.029369	0.020435
56732	0.029873	-0.030383	0.020726
56733	0.030538	-0.028346	0.022633
56734	0.029428	-0.028568	0.020317
56735	0.030649	-0.030955	0.021373
56736	0.030437	-0.030069	0.020709
56737	0.032313	-0.029493	0.020689
56738	0.033319	-0.029244	0.020677
56739	0.033134	-0.028295	0.020989
56740	0.034001	-0.028068	0.020089
56741	0.033003	-0.027369	0.020472
56742	0.033848	-0.029904	0.020469
56743	0.033017	-0.030024	0.020855
56744	0.032805	-0.029137	0.020192
56745	0.031925	-0.028576	0.020371
56746	0.032931	-0.028326	0.020359
56747	0.033548	-0.027219	0.018666
56748	0.033565	-0.027194	0.017946
56749	0.032811	-0.028169	0.017453
56750	0.032279	-0.025537	0.017791
56751	0.033525	-0.025233	0.017819
56752	0.034051	-0.026023	0.018817
56753	0.034041	-0.026986	0.016992
56754	0.034336	-0.026915	0.018047
56755	0.033446	-0.027026	0.017611
56756	0.035392	-0.027459	0.016474
56757	0.034602	-0.026875	0.017542
56758	0.035190	-0.026694	0.014866
56759	0.034072	-0.027971	0.016075
56760	0.035559	-0.026681	0.015051
56761	0.034531	-0.025968	0.014603
56762	0.034687	-0.025921	0.014770
56763	0.035641	-0.024742	0.016631
56764	0.035518	-0.024739	0.015023
56765	0.036791	-0.024318	0.015241
56766	0.037637	-0.026854	0.015236
56767	0.036732	-0.027075	0.015491
56768	0.037279	-0.025103	0.015593
56769	0.036124	-0.025422	0.016991
56770	0.035292	-0.025598	0.016450
56771	0.036248	-0.025417	0.016343
56772	0.035186	-0.024732	0.015860
56773	0.035509	-0.025587	0.014167
56774	0.035235	-0.025674	0.017178
56775	0.034924	-0.024753	0.014838
56776	0.035450	-0.025544	0.015835
56777	0.034689	-0.025755	0.016090
56778	0.034846	-0.025708	0.016257
56779	0.033770	-0.025036	0.015747
56780	0.033927	-0.024988	0.015914
56781	0.034017	-0.024943	0.016942
56782	0.034124	-0.025801	0.015275
56783	0.033479	-0.025971	0.015595
56784	0.031289	-0.025533	0.013516
56785	0.031496	-0.025362	0.014737
56786	0.032732	-0.025973	0.014666
56787	0.032103	-0.026209	0.014864
56788	0.032121	-0.026184	0.014142
56789	0.031155	-0.025382	0.013827
56790	0.032022	-0.025155	0.012925
56791	0.030632	-0.026562	0.012225
56792	0.030420	-0.025676	0.011562
56793	0.030821	-0.027379	0.010705
56794	0.030839	-0.027354	0.009984
56795	0.031101	-0.027253	0.010200
56796	0.030549	-0.027385	0.011434
56797	0.031299	-0.026390	0.012156
56798	0.032445	-0.026118	0.013030
56799	0.032229	-0.025419	0.012079
56800	0.032756	-0.026211	0.013075
56801	0.031826	-0.025440	0.012703
56802	0.031614	-0.024554	0.012040
56803	0.032294	-0.025325	0.012191
56804	0.032082	-0.024438	0.011528
56805	0.031732	-0.025524	0.012549
56806	0.030900	-0.025701	0.012008
56807	0.031877	-0.025438	0.012030
56808	0.030727	-0.023870	0.012492
56809	0.031341	-0.025503	0.013473
56810	0.031358	-0.025478	0.012752
56811	0.031578	-0.026307	0.012837
56812	0.031366	-0.025421	0.012174
56813	0.031307	-0.024645	0.011304
56814	0.032455	-0.024374	0.012177
56815	0.031555	-0.024675	0.012308
56816	0.034260	-0.024022	0.011933
56817	0.033187	-0.025163	0.013341
56818	0.033115	-0.024255	0.013566
56819	0.033646	-0.024956	0.014671
56820	0.033574	-0.024048	0.014895
56821	0.032925	-0.024182	0.014395
56822	0.034073	-0.023911	0.015268
56823	0.034447	-0.024621	0.014662
56824	0.033015	-0.023097	0.013349
56825	0.034515	-0.023617	0.013384
56826	0.034762	-0.024453	0.012604
56827	0.034158	-0.024605	0.012047
56828	0.033097	-0.023921	0.011564
56829	0.035154	-0.024294	0.011355
56830	0.034323	-0.024471	0.010814
56831	0.034895	-0.025363	0.011651
56832	0.034964	-0.024433	0.012763
56833	0.035231	-0.025360	0.011826
56834	0.035530	-0.025291	0.012880
56835	0.035492	-0.025282	0.012135
56836	0.036500	-0.025033	0.012120
56837	0.035701	-0.025305	0.011422
56838	0.036370	-0.026076	0.013304
56839	0.039118	-0.025500	0.012780
56840	0.038230	-0.026653	0.015911
56841	0.038013	-0.025794	0.014336
56842	0.038650	-0.024706	0.013492
56843	0.037695	-0.023943	0.013998
56844	0.037234	-0.024959	0.014286
56845	0.037390	-0.024740	0.014689
56846	0.036840	-0.024874	0.015923
56847	0.036572	-0.024118	0.015040
56848	0.037383	-0.024868	0.017810
56849	0.036288	-0.024105	0.017434
56850	0.035368	-0.023399	0.017839
56851	0.036633	-0.023055	0.017928
56852	0.036791	-0.023008	0.018093
56853	0.037798	-0.021719	0.019253
56854	0.038186	-0.022534	0.019359
56855	0.037874	-0.021789	0.016749
56856	0.037466	-0.021901	0.018870
56857	0.037510	-0.021829	0.018185
56858	0.036908	-0.022867	0.017585
56859	0.037009	-0.022035	0.018537
56860	0.037167	-0.021988	0.018702
56861	0.037335	-0.020299	0.020532
56862	0.036504	-0.020476	0.019990
56863	0.036115	-0.020514	0.022210
56864	0.036644	-0.021307	0.023203
56865	0.037897	-0.021986	0.022141
56866	0.038055	-0.021939	0.022306
56867	0.037885	-0.021008	0.021681
56868	0.037673	-0.020121	0.021018
56869	0.036605	-0.018520	0.022391
56870	0.037452	-0.021057	0.022378
56871	0.036822	-0.018428	0.021859
56872	0.037352	-0.019221	0.022852
56873	0.037493	-0.019121	0.022223
56874	0.037422	-0.018213	0.022447
56875	0.037536	-0.018017	0.021954
56876	0.038403	-0.017790	0.021051
56877	0.037388	-0.016140	0.022495
56878	0.038236	-0.018677	0.022482
56879	0.037646	-0.018686	0.023045
56880	0.039893	-0.016311	0.022786
56881	0.039278	-0.017389	0.021250
56882	0.039578	-0.017321	0.022302
56883	0.038860	-0.017488	0.023495
56884	0.038400	-0.018505	0.023781
56885	0.038987	-0.020388	0.022629
56886	0.038156	-0.020565	0.022087
56887	0.037466	-0.020820	0.022259
56888	0.038015	-0.018848	0.022361
56889	0.036253	-0.018236	0.022224
56890	0.036271	-0.018211	0.021501
56891	0.037116	-0.017171	0.020544
56892	0.037505	-0.017986	0.020649
56893	0.036170	-0.016526	0.020107
56894	0.035339	-0.016703	0.019565
56895	0.036856	-0.016338	0.021408
56896	0.035406	-0.017578	0.020987
56897	0.036055	-0.019319	0.020920
56898	0.035985	-0.018411	0.021144
56899	0.036047	-0.017520	0.021325
56900	0.035977	-0.016612	0.021549
56901	0.035499	-0.017663	0.020903
56902	0.036649	-0.017394	0.021774
56903	0.035734	-0.017514	0.020440
56904	0.035522	-0.016627	0.019777
56905	0.035897	-0.017557	0.019701
56906	0.035456	-0.015809	0.019097
56907	0.034571	-0.015034	0.019599
56908	0.034730	-0.014988	0.019763
56909	0.033988	-0.016072	0.019109
56910	0.032221	-0.015568	0.019695
56911	0.032567	-0.016497	0.020506
56912	0.032356	-0.015610	0.019842
56913	0.032270	-0.014680	0.020092
56914	0.033278	-0.014432	0.020075
56915	0.032503	-0.013516	0.021660
56916	0.032521	-0.013491	0.020936
56917	0.032834	-0.014156	0.021264
56918	0.032305	-0.011526	0.021608
56919	0.031699	-0.011792	0.021765
56920	0.031469	-0.013671	0.021990
56921	0.033897	-0.025048	0.024387
56922	0.033917	-0.025034	0.023663
56923	0.034038	-0.025058	0.024621
56924	0.033969	-0.024162	0.024845
56925	0.034173	-0.024989	0.024981
56926	0.034564	-0.025816	0.025084
56927	0.034744	-0.026641	0.024329
56928	0.033313	-0.025127	0.023020
56929	0.032491	-0.025298	0.022507
56930	0.032652	-0.025264	0.022671
56931	0.032798	-0.025250	0.022789
56932	0.032111	-0.025418	0.023134
56933	0.033100	-0.025240	0.023010
56934	0.033316	-0.024303	0.025009
56935	0.033542	-0.025037	0.024384
56936	0.034075	-0.025843	0.025375
56937	0.033064	-0.025264	0.023820
56938	0.033844	-0.024166	0.023863
56939	0.033870	-0.024190	0.022202
56940	0.034261	-0.025017	0.022305
56941	0.033810	-0.026064	0.021650
56942	0.033742	-0.025169	0.021874
56943	0.032985	-0.025377	0.020391
56944	0.032298	-0.025545	0.020736
56945	0.032704	-0.025529	0.021673
56946	0.032159	-0.025677	0.022905
56947	0.032256	-0.026724	0.021823
56948	0.032275	-0.026710	0.021099
56949	0.031512	-0.027045	0.019416
56950	0.031444	-0.026149	0.019640
56951	0.031307	-0.025422	0.020467
56952	0.032777	-0.026908	0.020327
56953	0.032768	-0.025083	0.021519
56954	0.033549	-0.023986	0.021561
56955	0.033745	-0.024008	0.021616
56956	0.033677	-0.023113	0.021840
56957	0.033958	-0.023106	0.021889
56958	0.033890	-0.022210	0.022113
56959	0.035026	-0.021897	0.022181
56960	0.033863	-0.023108	0.023534
56961	0.032693	-0.022546	0.022882
56962	0.033085	-0.023374	0.022983
56963	0.032477	-0.024445	0.022340
56964	0.032409	-0.023550	0.022564
56965	0.032825	-0.024260	0.022826
56966	0.031996	-0.024449	0.022283
56967	0.032459	-0.025151	0.023431
56968	0.032249	-0.024276	0.022767
56969	0.031465	-0.025424	0.022004
56970	0.032476	-0.025187	0.021985
56971	0.032652	-0.025302	0.021009
56972	0.033805	-0.025046	0.021877
56973	0.032800	-0.025314	0.019453
56974	0.033477	-0.026101	0.021329
56975	0.034564	-0.025748	0.021465
56976	0.033878	-0.025917	0.021809
56977	0.035372	-0.027551	0.020538
56978	0.034457	-0.026858	0.020944
56979	0.035675	-0.027534	0.020770
56980	0.035695	-0.027521	0.020045
56981	0.034379	-0.027012	0.018453
56982	0.034312	-0.026117	0.018677
56983	0.036938	-0.025617	0.018061
56984	0.037489	-0.023658	0.018164
56985	0.037961	-0.024538	0.018161
56986	0.038123	-0.024505	0.018323
56987	0.038441	-0.025100	0.018785
56988	0.037613	-0.025289	0.018242
56989	0.036735	-0.024562	0.017779
56990	0.036667	-0.023667	0.018003
56991	0.037156	-0.024436	0.019023
56992	0.036946	-0.023561	0.018359
56993	0.037391	-0.023583	0.019235
56994	0.037784	-0.024411	0.019335
56995	0.037520	-0.023537	0.018643
56996	0.036691	-0.023726	0.018099
56997	0.036045	-0.024933	0.017264
56998	0.037199	-0.024678	0.018131
56999	0.038178	-0.024535	0.017951
57000	0.036272	-0.024065	0.017652
57001	0.036477	-0.024046	0.017781
57002	0.035791	-0.024216	0.018125
57003	0.034916	-0.024416	0.018448
57004	0.035165	-0.025264	0.017661
57005	0.035185	-0.025357	0.016770
57006	0.036339	-0.025102	0.017637
57007	0.034018	-0.025765	0.018174
57008	0.035029	-0.025530	0.018153
57009	0.034475	-0.025748	0.018392
57010	0.034408	-0.024854	0.018615
57011	0.035630	-0.024489	0.018747
57012	0.036023	-0.025317	0.018847
57013	0.035585	-0.027334	0.018014
57014	0.036739	-0.027078	0.018880
57015	0.036054	-0.026325	0.016350
57016	0.036590	-0.027134	0.017336
57017	0.035907	-0.027238	0.015995
57018	0.035223	-0.027407	0.016339
57019	0.035764	-0.027355	0.017351
57020	0.034706	-0.026682	0.016869
57021	0.033381	-0.027893	0.016479
57022	0.034249	-0.027677	0.015570
57023	0.033752	-0.027743	0.016010
57024	0.033254	-0.026908	0.013571
57025	0.034735	-0.027461	0.014408
57026	0.034050	-0.027631	0.014752
57027	0.034067	-0.026960	0.014604
57028	0.034086	-0.026946	0.013877
57029	0.034547	-0.027587	0.014283
57030	0.035702	-0.027332	0.015148
57031	0.034989	-0.027486	0.015468
57032	0.036475	-0.026206	0.014439
57033	0.037573	-0.025885	0.013625
57034	0.036889	-0.026055	0.013968
57035	0.037762	-0.025864	0.013029
57036	0.038070	-0.025811	0.014077
57037	0.038190	-0.025782	0.014212
57038	0.038755	-0.028373	0.012411
57039	0.038094	-0.025775	0.011845
57040	0.038631	-0.026584	0.012831
57041	0.038086	-0.026688	0.014102
57042	0.038106	-0.026675	0.013376
57043	0.038904	-0.025659	0.014147
57044	0.037990	-0.024968	0.014552
57045	0.038867	-0.023836	0.015520
57046	0.037276	-0.025109	0.014209
57047	0.038511	-0.023902	0.013096
57048	0.039049	-0.024711	0.014081
57049	0.038427	-0.024839	0.014461
57050	0.039439	-0.024604	0.014439
57051	0.038597	-0.024897	0.013732
57052	0.037998	-0.025948	0.013125
57053	0.040262	-0.025426	0.014731
57054	0.040196	-0.024532	0.014954
57055	0.040541	-0.025246	0.014336
57056	0.042775	-0.025650	0.014956
57057	0.041867	-0.025898	0.014319
57058	0.042031	-0.025865	0.014479
57059	0.042329	-0.025802	0.014669
57060	0.042723	-0.026631	0.014767
57061	0.042575	-0.025728	0.013247
57062	0.043731	-0.025473	0.014112
57063	0.042966	-0.025658	0.014433
57064	0.042453	-0.027589	0.012876
57065	0.042242	-0.025823	0.013128
57066	0.041414	-0.026012	0.012584
57067	0.042247	-0.025765	0.011712
57068	0.041334	-0.025074	0.012118
57069	0.040555	-0.025296	0.012371
57070	0.040016	-0.025447	0.013601
57071	0.040435	-0.026278	0.012772
57072	0.040225	-0.025403	0.012108
57073	0.040639	-0.026184	0.013143
57074	0.040041	-0.027235	0.012536
57075	0.040473	-0.027098	0.013692
57076	0.040492	-0.027085	0.012965
57077	0.039671	-0.026430	0.013269
57078	0.040828	-0.026176	0.014134
57079	0.039808	-0.026368	0.012743
57080	0.041280	-0.027856	0.012594
57081	0.040266	-0.026372	0.012898
57082	0.040576	-0.026321	0.013945
57083	0.040357	-0.025433	0.012425
57084	0.041369	-0.025197	0.012402
57085	0.041698	-0.025108	0.013492
57086	0.042092	-0.025937	0.013589
57087	0.040239	-0.025425	0.013330
57088	0.039097	-0.023873	0.013799
57089	0.039602	-0.024734	0.014686
57090	0.039622	-0.024721	0.013959
57091	0.041112	-0.025324	0.014723
57092	0.041277	-0.025291	0.014883
57093	0.040347	-0.024497	0.014569
57094	0.039046	-0.025732	0.015032
57095	0.040271	-0.025580	0.014827
57096	0.040810	-0.026391	0.015810
57097	0.039108	-0.025860	0.016437
57098	0.039273	-0.025828	0.016596
57099	0.038555	-0.025951	0.016089
57100	0.039337	-0.024855	0.016129
57101	0.038792	-0.025098	0.016299
57102	0.041354	-0.024476	0.015022
57103	0.039615	-0.024006	0.014684
57104	0.039864	-0.024854	0.013893
57105	0.040087	-0.024610	0.014363
57106	0.039115	-0.024819	0.012932
57107	0.038815	-0.023988	0.013069
57108	0.040058	-0.024615	0.012981
57109	0.041000	-0.024359	0.012109
57110	0.040463	-0.024511	0.013338
57111	0.039852	-0.024691	0.013641
57112	0.039642	-0.023816	0.012977
57113	0.039451	-0.025829	0.012956
57114	0.040464	-0.025594	0.012932
57115	0.039985	-0.026681	0.013116
57116	0.040441	-0.026612	0.015049
57117	0.040517	-0.025691	0.016139
57118	0.039399	-0.025919	0.013820
57119	0.040522	-0.025726	0.013690
57120	0.041063	-0.026537	0.014673
57121	0.039910	-0.026288	0.022102
57122	0.039601	-0.027302	0.023273
57123	0.039375	-0.026509	0.022451
57124	0.039707	-0.028237	0.020714
57125	0.039184	-0.026619	0.019952
57126	0.040036	-0.029172	0.019925
57127	0.037532	-0.029925	0.018576
57128	0.037320	-0.029050	0.017917
57129	0.038313	-0.027977	0.018753
57130	0.038475	-0.027945	0.018917
57131	0.038784	-0.028796	0.018099
57132	0.038717	-0.027903	0.018327
57133	0.038537	-0.029750	0.018584
57134	0.039693	-0.029497	0.019452
57135	0.039142	-0.028618	0.017064
57136	0.038457	-0.028790	0.017412
57137	0.039628	-0.029440	0.018141
57138	0.039936	-0.029389	0.019192
57139	0.038768	-0.027768	0.019770
57140	0.039548	-0.026672	0.019814
57141	0.038787	-0.027776	0.018238
57142	0.039942	-0.027523	0.019105
57143	0.039178	-0.025015	0.018423
57144	0.038953	-0.026909	0.018642
57145	0.038953	-0.026788	0.018082
57146	0.038886	-0.025894	0.018311
57147	0.039487	-0.026719	0.018367
57148	0.039420	-0.025825	0.018595
57149	0.039391	-0.025774	0.017914
57150	0.038852	-0.025927	0.019148
57151	0.038867	-0.025114	0.020106
57152	0.038182	-0.025285	0.020454
57153	0.039649	-0.026690	0.020407
57154	0.039812	-0.026658	0.020570
57155	0.039650	-0.025784	0.019878
57156	0.039437	-0.024908	0.019219
57157	0.039365	-0.023144	0.020362
57158	0.039758	-0.023974	0.020462
57159	0.039669	-0.023026	0.019885
57160	0.039445	-0.024921	0.020104
57161	0.039757	-0.024874	0.021122
57162	0.040066	-0.024824	0.022172
57163	0.040909	-0.024621	0.021233
57164	0.039849	-0.023949	0.020758
57165	0.040625	-0.022843	0.021667
57166	0.041478	-0.025397	0.021637
57167	0.040738	-0.022860	0.021011
57168	0.040054	-0.023031	0.021358
57169	0.039342	-0.022231	0.021015
57170	0.039505	-0.022199	0.021179
57171	0.039267	-0.023108	0.021609
57172	0.039430	-0.023076	0.021772
57173	0.038270	-0.024419	0.022898
57174	0.039438	-0.021396	0.022888
57175	0.040559	-0.021045	0.023015
57176	0.041098	-0.021857	0.024001
57177	0.040888	-0.022777	0.022251
57178	0.041051	-0.022746	0.022414
57179	0.042088	-0.022557	0.023185
57180	0.041258	-0.022747	0.022646
57181	0.042337	-0.023376	0.021694
57182	0.041811	-0.020759	0.022053
57183	0.042901	-0.020354	0.022257
57184	0.041924	-0.020562	0.020831
57185	0.043126	-0.021234	0.021540
57186	0.043290	-0.021202	0.021703
57187	0.043465	-0.021034	0.022975
57188	0.042405	-0.020362	0.022500
57189	0.042122	-0.019515	0.021798
57190	0.043279	-0.019262	0.022664
57191	0.042665	-0.019629	0.022649
57192	0.044135	-0.021118	0.022498
57193	0.043367	-0.020262	0.023127
57194	0.043530	-0.020231	0.023290
57195	0.042612	-0.020565	0.022515
57196	0.043476	-0.020348	0.021608
57197	0.042188	-0.021629	0.021078
57198	0.043345	-0.021377	0.021944
57199	0.043089	-0.020597	0.021118
57200	0.042406	-0.020769	0.021465
57201	0.041641	-0.020977	0.022659
57202	0.042191	-0.019019	0.022769
57203	0.042385	-0.018883	0.023082
57204	0.043396	-0.018649	0.023061
57205	0.042372	-0.017939	0.022609
57206	0.043529	-0.017687	0.023475
57207	0.042804	-0.017874	0.023782
57208	0.043991	-0.016628	0.020981
57209	0.045508	-0.018245	0.020590
57210	0.044678	-0.018435	0.020050
57211	0.045051	-0.018483	0.020921
57212	0.045215	-0.018452	0.021084
57213	0.043638	-0.019699	0.019800
57214	0.044796	-0.019448	0.020666
57215	0.046678	-0.019855	0.019542
57216	0.047219	-0.020669	0.020525
57217	0.046542	-0.020810	0.020902
57218	0.046558	-0.020796	0.020178
57219	0.046652	-0.021659	0.019362
57220	0.047515	-0.021443	0.018454
57221	0.046699	-0.020713	0.018892
57222	0.047093	-0.021544	0.018989
57223	0.048231	-0.021223	0.020843
57224	0.048477	-0.022072	0.020053
57225	0.047421	-0.021526	0.020239
57226	0.047585	-0.021495	0.020401
57227	0.048371	-0.021257	0.019528
57228	0.048535	-0.021226	0.019690
57229	0.048306	-0.021132	0.019139
57230	0.049934	-0.019832	0.018999
57231	0.047431	-0.020355	0.019813
57232	0.048441	-0.020121	0.019792
57233	0.048056	-0.018351	0.019225
57234	0.048450	-0.019182	0.019321
57235	0.048388	-0.018221	0.019638
57236	0.048929	-0.019035	0.020621
57237	0.049145	-0.018955	0.020811
57238	0.049079	-0.018063	0.021040
57239	0.047453	-0.019224	0.020784
57240	0.047994	-0.020038	0.021767
57241	0.047638	-0.019150	0.020249
57242	0.048649	-0.018916	0.020227
57243	0.048092	-0.019171	0.020392
57244	0.048873	-0.018075	0.020436
57245	0.047144	-0.018602	0.019850
57246	0.048302	-0.018351	0.020715
57247	0.046723	-0.019631	0.020262
57248	0.045580	-0.018080	0.020741
57249	0.046308	-0.019719	0.022585
57250	0.046859	-0.017761	0.022696
57251	0.046049	-0.017797	0.023269
57252	0.045983	-0.016905	0.023498
57253	0.046560	-0.018614	0.023486
57254	0.047718	-0.018363	0.024351
57255	0.045628	-0.018960	0.026731
57256	0.046178	-0.017003	0.026841
57257	0.046420	-0.016982	0.026061
57258	0.046666	-0.017830	0.025270
57259	0.046026	-0.017819	0.026783
57260	0.046807	-0.016723	0.026827
57261	0.046621	-0.015999	0.025912
57262	0.047475	-0.018554	0.025875
57263	0.047285	-0.018778	0.027805
57264	0.047836	-0.016821	0.027916
57265	0.045726	-0.017224	0.026711
57266	0.047114	-0.017835	0.027508
57267	0.046473	-0.017979	0.027871
57268	0.045873	-0.019031	0.027264
57269	0.045447	-0.018352	0.029323
57270	0.044616	-0.018542	0.028782
57271	0.047703	-0.017869	0.030116
57272	0.047949	-0.018718	0.029324
57273	0.046664	-0.018946	0.030891
57274	0.046451	-0.018071	0.030233
57275	0.046399	-0.018020	0.030428
57276	0.046711	-0.017973	0.031477
57277	0.046541	-0.018119	0.030509
57278	0.045711	-0.018309	0.029969
57279	0.046618	-0.018302	0.029573
57280	0.047160	-0.019117	0.030554
57281	0.046965	-0.019243	0.028752
57282	0.046981	-0.019230	0.028026
57283	0.046168	-0.019433	0.028332
57284	0.046949	-0.018337	0.028376
57285	0.047139	-0.018240	0.029510
57286	0.046308	-0.018431	0.028969
57287	0.047185	-0.018244	0.027111
57288	0.048023	-0.019025	0.029866
57289	0.047331	-0.019201	0.029325
57290	0.046500	-0.019391	0.028785
57291	0.046763	-0.019413	0.028824
57292	0.046779	-0.019399	0.028098
57293	0.046868	-0.018507	0.029165
57294	0.049118	-0.020689	0.026981
57295	0.046874	-0.018477	0.026831
57296	0.048649	-0.017161	0.027576
57297	0.047679	-0.017298	0.027125
57298	0.047843	-0.017268	0.027286
57299	0.047964	-0.017311	0.026436
57300	0.048975	-0.017077	0.026412
57301	0.049148	-0.016297	0.028166
57302	0.047849	-0.017536	0.028629
57303	0.047671	-0.016716	0.027851
57304	0.046989	-0.016889	0.028197
57305	0.046099	-0.016255	0.027604
57306	0.045967	-0.016259	0.025991
57307	0.045945	-0.016387	0.025910
57308	0.045879	-0.015495	0.026138
57309	0.045350	-0.016529	0.025537
57310	0.046509	-0.016279	0.026399
57311	0.046329	-0.015369	0.025760
57312	0.046872	-0.016185	0.026740
57313	0.045426	-0.017421	0.026329
57314	0.045063	-0.016562	0.024783
57315	0.045997	-0.016303	0.023891
57316	0.045545	-0.017339	0.024170
57317	0.045617	-0.017374	0.024222
57318	0.043095	-0.017972	0.024051
57319	0.043766	-0.018658	0.025185
57320	0.043850	-0.017750	0.026300
57321	0.042529	-0.021666	0.020762
57322	0.042839	-0.021624	0.021804
57323	0.042622	-0.020837	0.021860
57324	0.043710	-0.021486	0.020875
57325	0.042847	-0.020856	0.021177
57326	0.042778	-0.019969	0.021400
57327	0.042165	-0.020125	0.021760
57328	0.043632	-0.021620	0.021594
57329	0.042558	-0.020984	0.021076
57330	0.042949	-0.021821	0.021163
57331	0.042673	-0.020163	0.022176
57332	0.042835	-0.020138	0.022331
57333	0.041335	-0.020598	0.021786
57334	0.042193	-0.020386	0.020869
57335	0.040523	-0.019897	0.020525
57336	0.041063	-0.020718	0.021498
57337	0.040913	-0.019903	0.020730
57338	0.040080	-0.020099	0.020183
57339	0.040458	-0.020079	0.020295
57340	0.040619	-0.020055	0.020449
57341	0.041714	-0.019826	0.020373
57342	0.038729	-0.018705	0.020333
57343	0.038705	-0.017710	0.021604
57344	0.040172	-0.019205	0.021437
57345	0.039902	-0.018346	0.020731
57346	0.040213	-0.018305	0.021772
57347	0.040118	-0.018360	0.021833
57348	0.040509	-0.019198	0.021919
57349	0.040585	-0.018191	0.022285
57350	0.039752	-0.018387	0.021738
57351	0.040172	-0.019155	0.022801
57352	0.039955	-0.018285	0.022137
57353	0.040800	-0.019943	0.023066
57354	0.039966	-0.020138	0.022519
57355	0.041278	-0.020727	0.022437
57356	0.041291	-0.020719	0.021704
57357	0.042721	-0.021309	0.021623
57358	0.040961	-0.020830	0.022216
57359	0.040432	-0.021116	0.022319
57360	0.040215	-0.020245	0.021655
57361	0.040880	-0.021959	0.020737
57362	0.041422	-0.022780	0.021710
57363	0.040672	-0.022024	0.022203
57364	0.041064	-0.022862	0.022288
57365	0.042027	-0.022623	0.020504
57366	0.040268	-0.022145	0.021098
57367	0.041591	-0.021937	0.020953
57368	0.042133	-0.022759	0.021925
57369	0.041776	-0.021789	0.020539
57370	0.041323	-0.022831	0.020810
57371	0.041029	-0.023716	0.021301
57372	0.039966	-0.023049	0.020823
57373	0.040056	-0.023088	0.020878
57374	0.039988	-0.022201	0.021101
57375	0.040701	-0.022099	0.019124
57376	0.039719	-0.022310	0.017690
57377	0.041319	-0.023791	0.018370
57378	0.041481	-0.023767	0.018524
57379	0.041546	-0.023753	0.018648
57380	0.042325	-0.022662	0.018684
57381	0.043042	-0.021657	0.018560
57382	0.040218	-0.022292	0.016612
57383	0.042956	-0.021743	0.016037
57384	0.042434	-0.023678	0.014466
57385	0.042791	-0.023555	0.015608
57386	0.042804	-0.023546	0.014875
57387	0.043187	-0.023618	0.015685
57388	0.042504	-0.023798	0.016024
57389	0.043744	-0.024360	0.015136
57390	0.043217	-0.021750	0.015496
57391	0.044275	-0.021653	0.015231
57392	0.043126	-0.022883	0.016574
57393	0.043807	-0.022806	0.014540
57394	0.043124	-0.022986	0.014879
57395	0.042582	-0.023243	0.015058
57396	0.042745	-0.023219	0.015211
57397	0.043246	-0.024995	0.014240
57398	0.044704	-0.024720	0.016867
57399	0.043619	-0.024939	0.015408
57400	0.041710	-0.024477	0.015115
57401	0.043478	-0.024099	0.014806
57402	0.042876	-0.025157	0.014190
57403	0.042238	-0.025249	0.015519
57404	0.042401	-0.025225	0.015672
57405	0.042715	-0.025155	0.015860
57406	0.041883	-0.025351	0.015313
57407	0.041598	-0.024501	0.014629
57408	0.042141	-0.025323	0.015600
57409	0.042101	-0.025358	0.014781
57410	0.041569	-0.025523	0.016006
57411	0.041431	-0.024641	0.015317
57412	0.042290	-0.024429	0.014398
57413	0.041884	-0.022684	0.014663
57414	0.042277	-0.023522	0.014746
57415	0.041921	-0.022665	0.014059
57416	0.042465	-0.023488	0.015028
57417	0.041664	-0.023575	0.014652
57418	0.041677	-0.023567	0.013918
57419	0.042631	-0.022542	0.014674
57420	0.043024	-0.023380	0.014758
57421	0.041874	-0.023555	0.013365
57422	0.041807	-0.022669	0.013587
57423	0.043728	-0.023158	0.012316
57424	0.043511	-0.022288	0.011652
57425	0.043017	-0.022409	0.012917
57426	0.043796	-0.021319	0.012953
57427	0.043523	-0.021291	0.012269
57428	0.042841	-0.021471	0.012607
57429	0.042929	-0.020575	0.013689
57430	0.042096	-0.020771	0.013141
57431	0.042977	-0.023215	0.014143
57432	0.043526	-0.021263	0.014249
57433	0.042729	-0.021562	0.013543
57434	0.041897	-0.021758	0.012995
57435	0.042338	-0.021676	0.013176
57436	0.042580	-0.022530	0.012372
57437	0.041997	-0.023586	0.010840
57438	0.043458	-0.023312	0.013465
57439	0.042844	-0.023438	0.013840
57440	0.042627	-0.022568	0.013176
57441	0.042244	-0.023558	0.013479
57442	0.042638	-0.024397	0.013561
57443	0.044509	-0.024940	0.015259
57444	0.042831	-0.025340	0.014898
57445	0.044211	-0.026051	0.014634
57446	0.044145	-0.025165	0.014856
57447	0.042362	-0.026534	0.012497
57448	0.042906	-0.027358	0.013465
57449	0.041903	-0.026649	0.013032
57450	0.042067	-0.026625	0.013184
57451	0.042374	-0.027447	0.012419
57452	0.041312	-0.026781	0.011941
57453	0.041657	-0.026648	0.013090
57454	0.041749	-0.027517	0.011399
57455	0.039755	-0.027063	0.011091
57456	0.040601	-0.027857	0.013832
57457	0.039472	-0.027292	0.013204
57458	0.039636	-0.027269	0.013356
57459	0.039822	-0.027329	0.014243
57460	0.039985	-0.027306	0.014395
57461	0.040381	-0.027989	0.013826
57462	0.041542	-0.027746	0.014678
57463	0.041423	-0.026913	0.013919
57464	0.040742	-0.027094	0.014258
57465	0.040461	-0.029094	0.013406
57466	0.040855	-0.029933	0.013488
57467	0.040116	-0.029278	0.015588
57468	0.040129	-0.029269	0.014853
57469	0.039857	-0.028414	0.015057
57470	0.040716	-0.028202	0.014135
57471	0.039578	-0.028504	0.012546
57472	0.039361	-0.027633	0.011882
57473	0.039374	-0.027614	0.012017
57474	0.039768	-0.028453	0.012098
57475	0.039188	-0.028669	0.012346
57476	0.039352	-0.028647	0.012497
57477	0.038744	-0.028834	0.012809
57478	0.039602	-0.028622	0.011887
57479	0.039087	-0.028755	0.012272
57480	0.039173	-0.027855	0.013380
57481	0.039317	-0.027819	0.013516
57482	0.039330	-0.027811	0.012781
57483	0.039242	-0.027710	0.013053
57484	0.038331	-0.027030	0.013462
57485	0.037805	-0.027107	0.014799
57486	0.037896	-0.027976	0.013107
57487	0.038316	-0.027038	0.015962
57488	0.038099	-0.026168	0.015298
57489	0.038512	-0.026876	0.016448
57490	0.038828	-0.026838	0.017486
57491	0.038682	-0.025883	0.017813
57492	0.038695	-0.025875	0.017078
57493	0.039461	-0.025707	0.016954
57494	0.038628	-0.025903	0.016406
57495	0.037856	-0.026305	0.016388
57496	0.038099	-0.027160	0.015582
57497	0.037509	-0.026420	0.016916
57498	0.037291	-0.025550	0.016252
57499	0.037555	-0.025609	0.016236
57500	0.036874	-0.025791	0.016574
57501	0.037739	-0.025582	0.015624
57502	0.038900	-0.025340	0.016474
57503	0.036565	-0.025947	0.017154
57504	0.038338	-0.027416	0.018748
57505	0.037054	-0.026719	0.017424
57506	0.037067	-0.026710	0.016688
57507	0.038193	-0.026504	0.016557
57508	0.039051	-0.026291	0.015634
57509	0.039252	-0.027107	0.014871
57510	0.040413	-0.026865	0.015721
57511	0.040154	-0.026066	0.014901
57512	0.042694	-0.026453	0.017265
57513	0.041099	-0.026781	0.016943
57514	0.041493	-0.027621	0.017022
57515	0.041947	-0.028536	0.016052
57516	0.041730	-0.027665	0.015387
57517	0.041163	-0.028667	0.015699
57518	0.042021	-0.028455	0.014777
57519	0.041262	-0.028740	0.014954
57520	0.041812	-0.026789	0.015060
57521	0.041846	-0.024428	0.015988
57522	0.042011	-0.024402	0.016140
57523	0.041772	-0.023500	0.015519
57524	0.041937	-0.023474	0.015671
57525	0.041299	-0.022721	0.017004
57526	0.040467	-0.022914	0.016456
57527	0.040711	-0.023807	0.015565
57528	0.041721	-0.023576	0.015529
57529	0.040730	-0.022778	0.016113
57530	0.040665	-0.021890	0.016336
57531	0.041441	-0.021602	0.015519
57532	0.040762	-0.021781	0.015858
57533	0.041468	-0.020697	0.014978
57534	0.044318	-0.022820	0.016313
57535	0.041877	-0.023554	0.016805
57536	0.042887	-0.023323	0.016769
57537	0.041789	-0.022563	0.016396
57538	0.042185	-0.023400	0.016476
57539	0.042251	-0.023340	0.016667
57540	0.042647	-0.024176	0.016747
57541	0.041266	-0.025438	0.017169
57542	0.042429	-0.025193	0.018019
57543	0.041490	-0.022420	0.017792
57544	0.042038	-0.023242	0.018758
57545	0.040393	-0.024514	0.018300
57546	0.040481	-0.023612	0.019410
57547	0.040845	-0.023572	0.020417
57548	0.041240	-0.024408	0.020496
57549	0.040610	-0.025427	0.019023
57550	0.040545	-0.024538	0.019245
57551	0.041497	-0.024306	0.019189
57552	0.042045	-0.025129	0.020155
57553	0.041282	-0.025279	0.020532
57554	0.040372	-0.024595	0.020942
57555	0.041400	-0.024376	0.020876
57556	0.040873	-0.024540	0.022100
57557	0.040083	-0.023964	0.022295
57558	0.039559	-0.021351	0.022662
57559	0.040680	-0.021068	0.022654
57560	0.038772	-0.023380	0.023223
57561	0.040746	-0.022896	0.024805
57562	0.039837	-0.022212	0.025215
57563	0.040329	-0.022945	0.026326
57564	0.040647	-0.022905	0.027363
57565	0.041890	-0.023592	0.027150
57566	0.041520	-0.022731	0.025601
57567	0.042623	-0.022445	0.027367
57568	0.043171	-0.023268	0.028332
57569	0.043215	-0.023218	0.027621
57570	0.043381	-0.023192	0.027772
57571	0.043360	-0.022270	0.028019
57572	0.042603	-0.021573	0.029316
57573	0.043981	-0.022128	0.029285
57574	0.043149	-0.022321	0.028737
57575	0.044058	-0.022109	0.028660
57576	0.043379	-0.022287	0.028998
57577	0.044407	-0.023922	0.029025
57578	0.044572	-0.023896	0.029176
57579	0.044400	-0.023912	0.028405
57580	0.044796	-0.024749	0.028483
57581	0.046083	-0.025491	0.028152
57582	0.045252	-0.025684	0.027604
57583	0.043532	-0.025183	0.029112
57584	0.043315	-0.024309	0.028449
57585	0.044783	-0.025051	0.028997
57586	0.044872	-0.024150	0.030106
57587	0.043814	-0.023414	0.029714
57588	0.044210	-0.024251	0.029791
57589	0.043958	-0.023397	0.029088
57590	0.045121	-0.023153	0.029937
57591	0.044496	-0.023225	0.030421
57592	0.045506	-0.022994	0.030384
57593	0.044303	-0.022378	0.028922
57594	0.044852	-0.023201	0.029885
57595	0.046788	-0.022671	0.029798
57596	0.047184	-0.023508	0.029876
57597	0.046677	-0.022638	0.028346
57598	0.047073	-0.023475	0.028424
57599	0.047657	-0.021487	0.028556
57600	0.048206	-0.022311	0.029519
57601	0.047155	-0.020811	0.029900
57602	0.046476	-0.020991	0.030238
57603	0.046688	-0.020986	0.030335
57604	0.047007	-0.020947	0.031371
57605	0.047626	-0.020857	0.029387
57606	0.047101	-0.021023	0.030611
57607	0.048143	-0.020762	0.030593
57608	0.049614	-0.022257	0.030410
57609	0.048702	-0.021511	0.030900
57610	0.048715	-0.021499	0.030164
57611	0.048161	-0.021683	0.030455
57612	0.048098	-0.020796	0.030678
57613	0.047287	-0.020925	0.031097
57614	0.048145	-0.020708	0.030174
57615	0.047435	-0.020878	0.030525
57616	0.047217	-0.020003	0.029862
57617	0.047772	-0.020769	0.030020
57618	0.046327	-0.019250	0.028733
57619	0.046602	-0.019024	0.028267
57620	0.046615	-0.019012	0.027531
57621	0.045927	-0.019293	0.027692
57622	0.046785	-0.019076	0.026768
57623	0.046758	-0.018166	0.026122
57624	0.046081	-0.018346	0.026460
57625	0.045920	-0.020405	0.025516
57626	0.046932	-0.020175	0.025478
57627	0.047891	-0.019796	0.025658
57628	0.047443	-0.020839	0.025923
57629	0.047527	-0.020867	0.025085
57630	0.048692	-0.020624	0.025932
57631	0.048063	-0.020774	0.026295
57632	0.047846	-0.019900	0.025632
57633	0.048991	-0.020525	0.024649
57634	0.048313	-0.020705	0.024987
57635	0.048446	-0.019756	0.026123
57636	0.048690	-0.020606	0.025313
57637	0.047760	-0.022713	0.026537
57638	0.048925	-0.022470	0.027385
57639	0.050370	-0.021276	0.026181
57640	0.050921	-0.022100	0.027143
57641	0.050254	-0.022243	0.027507
57642	0.049576	-0.022423	0.027845
57643	0.049615	-0.022369	0.028023
57644	0.050167	-0.020414	0.028132
57645	0.050680	-0.019457	0.027990
57646	0.049849	-0.019650	0.027441
57647	0.050860	-0.019503	0.027235
57648	0.050642	-0.021408	0.027425
57649	0.051421	-0.021204	0.026460
57650	0.051434	-0.021192	0.025724
57651	0.051761	-0.021130	0.026784
57652	0.052158	-0.021968	0.026860
57653	0.051654	-0.022267	0.027851
57654	0.050822	-0.022460	0.027303
57655	0.051815	-0.022367	0.027033
57656	0.051907	-0.021467	0.028142
57657	0.053054	-0.021108	0.029146
57658	0.053221	-0.021083	0.029295
57659	0.053172	-0.020075	0.029673
57660	0.052341	-0.020268	0.029125
57661	0.053279	-0.019143	0.030066
57662	0.053828	-0.018951	0.027369
57663	0.054777	-0.018910	0.027028
57664	0.055329	-0.019735	0.027989
57665	0.055790	-0.019696	0.028096
57666	0.055728	-0.018809	0.028319
57667	0.055296	-0.018911	0.029621
57668	0.054540	-0.019979	0.028112
57669	0.053750	-0.020119	0.028482
57670	0.053687	-0.019232	0.028705
57671	0.054565	-0.018853	0.028881
57672	0.055117	-0.019679	0.029842
57673	0.054432	-0.019924	0.030067
57674	0.054445	-0.019912	0.029330
57675	0.054579	-0.019011	0.030400
57676	0.054746	-0.018986	0.030549
57677	0.054612	-0.019717	0.028178
57678	0.054859	-0.018805	0.030172
57679	0.055355	-0.019654	0.031088
57680	0.056367	-0.019425	0.031048
57681	0.057713	-0.019027	0.032099
57682	0.057037	-0.019207	0.032436
57683	0.057130	-0.019205	0.032537
57684	0.056912	-0.018331	0.031875
57685	0.056485	-0.019466	0.032852
57686	0.059339	-0.018814	0.033321
57687	0.058750	-0.018975	0.033664
57688	0.058532	-0.018101	0.033001
57689	0.058803	-0.018078	0.033987
57690	0.058127	-0.018259	0.034324
57691	0.058464	-0.019165	0.035170
57692	0.057633	-0.019358	0.034621
57693	0.056288	-0.021511	0.034056
57694	0.055765	-0.018899	0.034428
57695	0.058318	-0.018341	0.033896
57696	0.058560	-0.019192	0.033084
57697	0.058497	-0.019203	0.032298
57698	0.058664	-0.019179	0.032446
57699	0.059232	-0.019181	0.033367
57700	0.059244	-0.019169	0.032630
57701	0.059636	-0.019987	0.033609
57702	0.056807	-0.020615	0.031666
57703	0.059529	-0.019995	0.031199
57704	0.058393	-0.021231	0.032536
57705	0.058314	-0.020474	0.032522
57706	0.056869	-0.021734	0.032087
57707	0.057042	-0.021619	0.032372
57708	0.055752	-0.022868	0.032823
57709	0.055802	-0.022738	0.034008
57710	0.055740	-0.021851	0.034231
57711	0.054888	-0.022012	0.032813
57712	0.054671	-0.021137	0.032151
57713	0.055115	-0.021952	0.033124
57714	0.055357	-0.022802	0.032311
57715	0.055214	-0.022776	0.032479
57716	0.054308	-0.022094	0.032891
57717	0.054801	-0.022880	0.033880
57718	0.054888	-0.023742	0.032182
57719	0.054761	-0.022760	0.031661
57720	0.055314	-0.023586	0.032620
57721	0.046098	-0.021435	0.022061
57722	0.047100	-0.021205	0.022011
57723	0.046126	-0.020538	0.022374
57724	0.046514	-0.021377	0.022438
57725	0.045692	-0.021555	0.021906
57726	0.045769	-0.022418	0.020199
57727	0.046344	-0.023329	0.020989
57728	0.045807	-0.022479	0.018546
57729	0.045273	-0.022746	0.019597
57730	0.045431	-0.022722	0.019736
57731	0.045795	-0.022471	0.017996
57732	0.046028	-0.023322	0.017174
57733	0.045991	-0.023439	0.015323
57734	0.045919	-0.022552	0.015538
57735	0.046100	-0.021545	0.018561
57736	0.045873	-0.020670	0.017890
57737	0.045668	-0.021730	0.018934
57738	0.045826	-0.021706	0.019073
57739	0.045884	-0.021663	0.019234
57740	0.046042	-0.021638	0.019373
57741	0.045538	-0.021892	0.020428
57742	0.045927	-0.022731	0.020491
57743	0.046075	-0.021703	0.021751
57744	0.044160	-0.021239	0.021458
57745	0.045116	-0.021018	0.020486
57746	0.045119	-0.021006	0.019739
57747	0.046200	-0.020768	0.018777
57748	0.046358	-0.020744	0.018915
57749	0.047150	-0.020448	0.018952
57750	0.046310	-0.020641	0.018394
57751	0.047350	-0.020548	0.018115
57752	0.044978	-0.021140	0.018821
57753	0.045217	-0.021957	0.018911
57754	0.045220	-0.021944	0.018164
57755	0.045762	-0.022605	0.018457
57756	0.045077	-0.022787	0.018785
57757	0.043981	-0.022146	0.018268
57758	0.045140	-0.021905	0.019103
57759	0.044255	-0.022107	0.019391
57760	0.043570	-0.022288	0.019719
57761	0.043505	-0.021459	0.019836
57762	0.042820	-0.021640	0.020164
57763	0.043192	-0.022524	0.020131
57764	0.042507	-0.022705	0.020459
57765	0.042460	-0.021821	0.020637
57766	0.041931	-0.021990	0.021850
57767	0.044148	-0.022494	0.022257
57768	0.042233	-0.022030	0.021965
57769	0.043626	-0.022737	0.021680
57770	0.042942	-0.022919	0.022008
57771	0.042399	-0.022971	0.023380
57772	0.042558	-0.022947	0.023518
57773	0.042382	-0.022035	0.023756
57774	0.041543	-0.025010	0.024045
57775	0.040688	-0.025143	0.024458
57776	0.041231	-0.023189	0.024558
57777	0.040293	-0.024061	0.023310
57778	0.041295	-0.023831	0.023259
57779	0.041734	-0.023715	0.023499
57780	0.041893	-0.023692	0.023637
57781	0.041670	-0.021944	0.023891
57782	0.040829	-0.022137	0.023333
57783	0.041654	-0.024718	0.024086
57784	0.039739	-0.024254	0.023793
57785	0.040813	-0.024022	0.023704
57786	0.041045	-0.024872	0.022880
57787	0.040534	-0.025973	0.023028
57788	0.040693	-0.025949	0.023166
57789	0.041180	-0.026757	0.022384
57790	0.042339	-0.026516	0.023217
57791	0.041517	-0.023981	0.022598
57792	0.042063	-0.024808	0.023545
57793	0.040110	-0.023568	0.023170
57794	0.040956	-0.023350	0.022232
57795	0.040377	-0.024466	0.022382
57796	0.040693	-0.024431	0.023404
57797	0.040209	-0.022743	0.024469
57798	0.039368	-0.022936	0.023910
57799	0.040006	-0.023687	0.024953
57800	0.037779	-0.023246	0.022890
57801	0.039004	-0.023676	0.023922
57802	0.039163	-0.023653	0.024060
57803	0.038378	-0.023893	0.024281
57804	0.037463	-0.023212	0.024684
57805	0.038510	-0.023754	0.023822
57806	0.038440	-0.022868	0.024036
57807	0.039326	-0.025414	0.024851
57808	0.039098	-0.024539	0.024179
57809	0.039532	-0.025343	0.024270
57810	0.038618	-0.024662	0.024673
57811	0.039012	-0.024667	0.025602
57812	0.038328	-0.024849	0.025929
57813	0.038761	-0.025619	0.025204
57814	0.038230	-0.023007	0.025571
57815	0.037461	-0.026134	0.026451
57816	0.037234	-0.025259	0.025779
57817	0.038463	-0.024109	0.026726
57818	0.038852	-0.024949	0.026786
57819	0.039016	-0.025061	0.026695
57820	0.038789	-0.024186	0.026023
57821	0.038790	-0.023286	0.025382
57822	0.039180	-0.024126	0.025442
57823	0.039733	-0.021252	0.022594
57824	0.039049	-0.021435	0.022921
57825	0.039518	-0.021452	0.023846
57826	0.038761	-0.020760	0.025135
57827	0.038790	-0.020838	0.024212
57828	0.038950	-0.020814	0.024349
57829	0.038268	-0.021005	0.025515
57830	0.039113	-0.020787	0.024576
57831	0.038895	-0.020954	0.026638
57832	0.038671	-0.022862	0.026811
57833	0.038484	-0.021991	0.026977
57834	0.039644	-0.021751	0.027809
57835	0.038752	-0.021876	0.028209
57836	0.039299	-0.022705	0.029154
57837	0.038518	-0.022871	0.028621
57838	0.037991	-0.023043	0.029833
57839	0.037878	-0.022351	0.028868
57840	0.037195	-0.022533	0.029194
57841	0.037948	-0.024241	0.029136
57842	0.037108	-0.024434	0.028577
57843	0.037257	-0.024339	0.028803
57844	0.036416	-0.024532	0.028244
57845	0.035700	-0.024729	0.029409
57846	0.034859	-0.024923	0.028850
57847	0.035668	-0.024785	0.028682
57848	0.032838	-0.023653	0.029543
57849	0.033647	-0.024564	0.031202
57850	0.033806	-0.024541	0.031338
57851	0.034015	-0.025372	0.030535
57852	0.033102	-0.024691	0.030938
57853	0.035793	-0.025097	0.032355
57854	0.032951	-0.025724	0.030405
57855	0.035897	-0.025198	0.031503
57856	0.033528	-0.025792	0.032210
57857	0.034469	-0.025620	0.032042
57858	0.034787	-0.025587	0.033063
57859	0.034898	-0.025667	0.033021
57860	0.034828	-0.024781	0.033234
57861	0.033915	-0.025088	0.032498
57862	0.034620	-0.025907	0.034327
57863	0.034781	-0.025173	0.035129
57864	0.034553	-0.024298	0.034457
57865	0.034673	-0.024253	0.034610
57866	0.034833	-0.024230	0.034745
57867	0.033857	-0.023627	0.035039
57868	0.034860	-0.023399	0.034984
57869	0.033018	-0.023739	0.033812
57870	0.034494	-0.023479	0.036413
57871	0.033850	-0.023652	0.036756
57872	0.031937	-0.023189	0.036464
57873	0.032862	-0.022871	0.035672
57874	0.033482	-0.024575	0.035652
57875	0.033686	-0.024604	0.035670
57876	0.033003	-0.024787	0.035996
57877	0.032946	-0.026646	0.036193
57878	0.033336	-0.027486	0.036250
57879	0.032746	-0.027714	0.036472
57880	0.032518	-0.026839	0.035800
57881	0.033305	-0.027922	0.036313
57882	0.033236	-0.027036	0.036526
57883	0.032034	-0.026313	0.036120
57884	0.032582	-0.027143	0.037062
57885	0.032327	-0.028248	0.038088
57886	0.033172	-0.028030	0.037147
57887	0.032451	-0.028275	0.037358
57888	0.032539	-0.027380	0.038456
57889	0.032802	-0.027411	0.038481
57890	0.033192	-0.028251	0.038538
57891	0.033367	-0.028216	0.037809
57892	0.033527	-0.028194	0.037944
57893	0.033459	-0.028254	0.037081
57894	0.034621	-0.028015	0.037910
57895	0.032868	-0.027561	0.037580
57896	0.032186	-0.027744	0.037906
57897	0.033295	-0.027560	0.038624
57898	0.033685	-0.028400	0.038680
57899	0.033010	-0.028512	0.039091
57900	0.032557	-0.029559	0.039338
57901	0.034466	-0.029185	0.038981
57902	0.033626	-0.029379	0.038421
57903	0.033981	-0.030202	0.037620
57904	0.032068	-0.029739	0.037329
57905	0.033750	-0.028370	0.038124
57906	0.034141	-0.029211	0.038180
57907	0.035376	-0.028902	0.039980
57908	0.035378	-0.028890	0.039230
57909	0.035114	-0.029942	0.039435
57910	0.035959	-0.029724	0.038493
57911	0.035134	-0.030043	0.038633
57912	0.035677	-0.028089	0.038734
57913	0.034745	-0.028267	0.037313
57914	0.034517	-0.027392	0.036641
57915	0.034711	-0.027539	0.036473
57916	0.035485	-0.026449	0.036495
57917	0.035518	-0.025623	0.035721
57918	0.035909	-0.026464	0.035777
57919	0.035188	-0.026458	0.036385
57920	0.034960	-0.025583	0.035712
57921	0.042972	-0.022953	0.030014
57922	0.043828	-0.022734	0.029066
57923	0.044058	-0.023556	0.028248
57924	0.043317	-0.022866	0.029531
57925	0.043425	-0.022073	0.030455
57926	0.042596	-0.022266	0.029889
57927	0.043461	-0.024844	0.030607
57928	0.044017	-0.022890	0.030702
57929	0.042715	-0.022111	0.030417
57930	0.041957	-0.023177	0.028886
57931	0.042843	-0.024037	0.030602
57932	0.043016	-0.024014	0.030729
57933	0.042458	-0.025076	0.030912
57934	0.043631	-0.024838	0.031734
57935	0.044418	-0.021907	0.030707
57936	0.044208	-0.023816	0.030868
57937	0.044623	-0.023753	0.031908
57938	0.044796	-0.023730	0.032035
57939	0.045270	-0.023695	0.032141
57940	0.045831	-0.024526	0.033074
57941	0.045153	-0.023881	0.034242
57942	0.046015	-0.026447	0.034132
57943	0.045315	-0.026581	0.034536
57944	0.045099	-0.025705	0.033857
57945	0.045553	-0.025526	0.035968
57946	0.045955	-0.026367	0.036016
57947	0.045703	-0.026386	0.034317
57948	0.045487	-0.025510	0.033639
57949	0.046854	-0.025316	0.035236
57950	0.046939	-0.026176	0.033514
57951	0.046411	-0.026352	0.033794
57952	0.046966	-0.024398	0.033889
57953	0.046159	-0.025520	0.033115
57954	0.045489	-0.025703	0.033433
57955	0.045606	-0.025700	0.033512
57956	0.046462	-0.025481	0.032563
57957	0.046689	-0.026304	0.031744
57958	0.047863	-0.026066	0.032565
57959	0.047189	-0.026225	0.032908
57960	0.046972	-0.025349	0.032230
57961	0.048069	-0.026051	0.031969
57962	0.047011	-0.025382	0.031482
57963	0.047983	-0.025175	0.031376
57964	0.047313	-0.025359	0.031695
57965	0.047090	-0.024542	0.030909
57966	0.046580	-0.024716	0.032113
57967	0.045505	-0.024994	0.030546
57968	0.043604	-0.024530	0.030250
57969	0.044089	-0.025458	0.030137
57970	0.045334	-0.026093	0.029992
57971	0.046182	-0.024919	0.030095
57972	0.045742	-0.025966	0.030334
57973	0.045135	-0.027098	0.030459
57974	0.044760	-0.026231	0.028896
57975	0.045758	-0.026055	0.028723
57976	0.044310	-0.024532	0.027431
57977	0.043993	-0.025498	0.027768
57978	0.045168	-0.025260	0.028588
57979	0.045142	-0.025309	0.027727
57980	0.044925	-0.024433	0.027049
57981	0.044656	-0.024647	0.029039
57982	0.044740	-0.025507	0.027315
57983	0.044100	-0.025782	0.027463
57984	0.045568	-0.024495	0.026402
57985	0.045592	-0.025473	0.027577
57986	0.044923	-0.025658	0.027894
57987	0.046620	-0.025200	0.027653
57988	0.045721	-0.024521	0.028051
57989	0.045863	-0.024404	0.028336
57990	0.045806	-0.023519	0.028543
57991	0.044947	-0.023654	0.028937
57992	0.044411	-0.022797	0.026488
57993	0.044981	-0.023760	0.026314
57994	0.043923	-0.023091	0.025826
57995	0.044423	-0.023999	0.025714
57996	0.043524	-0.023321	0.026111
57997	0.044428	-0.023090	0.026074
57998	0.043599	-0.023284	0.025506
57999	0.044711	-0.023150	0.025281
58000	0.044043	-0.023335	0.025599
58001	0.044263	-0.024162	0.025666
58002	0.042752	-0.024553	0.026175
58003	0.042793	-0.023761	0.026223
58004	0.042736	-0.022876	0.026429
58005	0.042768	-0.022855	0.026502
58006	0.043943	-0.022618	0.027321
58007	0.043128	-0.022900	0.025715
58008	0.042912	-0.022024	0.025036
58009	0.043767	-0.023755	0.025786
58010	0.043098	-0.023940	0.026103
58011	0.043361	-0.023966	0.026133
58012	0.044447	-0.024611	0.025101
58013	0.042602	-0.024987	0.023868
58014	0.044098	-0.024732	0.026456
58015	0.043200	-0.024898	0.025042
58016	0.044216	-0.024670	0.024976
58017	0.043930	-0.023845	0.024187
58018	0.044104	-0.023824	0.024313
58019	0.043331	-0.024874	0.023686
58020	0.043504	-0.024853	0.023811
58021	0.042447	-0.024190	0.024163
58022	0.041618	-0.024384	0.023595
58023	0.042193	-0.025214	0.024483
58024	0.040293	-0.024752	0.024187
58025	0.041613	-0.025276	0.025080
58026	0.041396	-0.024400	0.024401
58027	0.041358	-0.025103	0.023833
58028	0.041532	-0.025081	0.023959
58029	0.041296	-0.024222	0.024124
58030	0.040328	-0.022672	0.025488
58031	0.041571	-0.022354	0.025529
58032	0.042135	-0.023187	0.026458
58033	0.042314	-0.023106	0.024862
58034	0.041416	-0.022428	0.025260
58035	0.041593	-0.022433	0.024475
58036	0.041376	-0.021557	0.023796
58037	0.042303	-0.020434	0.023842
58038	0.041474	-0.020628	0.023274
58039	0.041978	-0.021430	0.024225
58040	0.041762	-0.020554	0.023546
58041	0.040675	-0.019913	0.023020
58042	0.040688	-0.019901	0.022260
58043	0.041043	-0.020674	0.022397
58044	0.042059	-0.020446	0.022330
58045	0.041721	-0.020677	0.023447
58046	0.042125	-0.021519	0.023491
58047	0.042661	-0.021326	0.021606
58048	0.042444	-0.020451	0.020927
58049	0.043354	-0.020196	0.020884
58050	0.043528	-0.020175	0.021009
58051	0.043877	-0.020083	0.022115
58052	0.043049	-0.020277	0.021548
58053	0.043549	-0.021190	0.021426
58054	0.043034	-0.018579	0.021794
58055	0.042306	-0.021520	0.022967
58056	0.041768	-0.020662	0.020519
58057	0.041963	-0.020560	0.020739
58058	0.041134	-0.020754	0.020171
58059	0.042128	-0.020446	0.020195
58060	0.042372	-0.021297	0.019354
58061	0.042373	-0.021280	0.017760
58062	0.043872	-0.021027	0.020347
58063	0.043296	-0.021094	0.020829
58064	0.043853	-0.019140	0.020924
58065	0.042685	-0.018486	0.020396
58066	0.043020	-0.018457	0.021405
58067	0.043223	-0.019304	0.020524
58068	0.043788	-0.020138	0.021452
58069	0.045194	-0.019787	0.023319
58070	0.045277	-0.020646	0.021593
58071	0.044314	-0.020905	0.021792
58072	0.044097	-0.020029	0.021114
58073	0.045013	-0.020756	0.019970
58074	0.043504	-0.021148	0.020479
58075	0.043599	-0.021140	0.019689
58076	0.043774	-0.021119	0.019814
58077	0.043121	-0.021198	0.020295
58078	0.041382	-0.020727	0.020886
58079	0.041788	-0.021631	0.019957
58080	0.041571	-0.020755	0.019279
58081	0.042581	-0.019750	0.020892
58082	0.042917	-0.019721	0.021902
58083	0.043020	-0.019794	0.021849
58084	0.044197	-0.019559	0.022666
58085	0.044961	-0.018366	0.023714
58086	0.045042	-0.019225	0.021987
58087	0.044831	-0.018392	0.021196
58088	0.043713	-0.019640	0.022508
58089	0.042818	-0.019126	0.022602
58090	0.043223	-0.019969	0.022645
58091	0.044315	-0.020631	0.021577
58092	0.044651	-0.020602	0.022586
58093	0.043889	-0.021635	0.021956
58094	0.043834	-0.020751	0.022162
58095	0.046089	-0.021231	0.022606
58096	0.047242	-0.022746	0.020604
58097	0.046300	-0.022259	0.020705
58098	0.046313	-0.022247	0.019945
58099	0.046583	-0.022296	0.020855
58100	0.046689	-0.021404	0.021946
58101	0.046665	-0.021398	0.020271
58102	0.047843	-0.021163	0.021087
58103	0.048189	-0.021778	0.020608
58104	0.046162	-0.022361	0.023078
58105	0.047117	-0.022147	0.022973
58106	0.047360	-0.022998	0.022130
58107	0.046543	-0.023195	0.021524
58108	0.046096	-0.021457	0.020927
58109	0.047843	-0.022111	0.022461
58110	0.047015	-0.022305	0.021893
58111	0.047793	-0.022152	0.021715
58112	0.044660	-0.021042	0.020812
58113	0.046342	-0.021744	0.021400
58114	0.045675	-0.021931	0.021716
58115	0.045725	-0.021795	0.021997
58116	0.046741	-0.021568	0.021928
58117	0.046038	-0.021719	0.021397
58118	0.047540	-0.021468	0.023982
58119	0.046729	-0.021680	0.024259
58120	0.046512	-0.020805	0.023581
58121	0.044752	-0.024958	0.026869
58122	0.044762	-0.024948	0.026110
58123	0.044073	-0.025145	0.026390
58124	0.043173	-0.024470	0.026791
58125	0.042939	-0.024413	0.025236
58126	0.044898	-0.025891	0.027658
58127	0.045965	-0.025683	0.029320
58128	0.046978	-0.025459	0.029252
58129	0.045673	-0.024972	0.027588
58130	0.046686	-0.024748	0.027521
58131	0.048101	-0.024540	0.028247
58132	0.048434	-0.024514	0.029257
58133	0.049461	-0.024275	0.029217
58134	0.049863	-0.025121	0.029260
58135	0.048927	-0.025324	0.027777
58136	0.048706	-0.024451	0.027100
58137	0.050331	-0.025916	0.027781
58138	0.050952	-0.024836	0.026912
58139	0.050305	-0.025074	0.027129
58140	0.050028	-0.026118	0.028249
58141	0.049467	-0.026303	0.028540
58142	0.048635	-0.026500	0.027973
58143	0.048779	-0.025622	0.029034
58144	0.048559	-0.024749	0.028357
58145	0.048849	-0.025581	0.027542
58146	0.050092	-0.026220	0.027391
58147	0.049140	-0.025512	0.026940
58148	0.048988	-0.025509	0.025296
58149	0.049931	-0.024346	0.026295
58150	0.050333	-0.025192	0.026337
58151	0.050101	-0.024206	0.025822
58152	0.049432	-0.024395	0.026140
58153	0.049696	-0.025255	0.025262
58154	0.048796	-0.024581	0.025663
58155	0.048708	-0.023734	0.024892
58156	0.048880	-0.023716	0.025017
58157	0.048276	-0.025661	0.023362
58158	0.048094	-0.025828	0.026334
58159	0.046999	-0.026073	0.024773
58160	0.046779	-0.025199	0.024097
58161	0.047129	-0.026061	0.024107
58162	0.047233	-0.025172	0.025200
58163	0.047466	-0.025134	0.025359
58164	0.047476	-0.025125	0.024599
58165	0.046431	-0.023713	0.025734
58166	0.046059	-0.025636	0.025000
58167	0.047088	-0.025371	0.024959
58168	0.047653	-0.026210	0.025885
58169	0.047169	-0.027226	0.025269
58170	0.047885	-0.025268	0.026252
58171	0.048286	-0.026133	0.026256
58172	0.048458	-0.026115	0.026381
58173	0.048185	-0.027972	0.025745
58174	0.049361	-0.027741	0.026561
58175	0.046843	-0.028317	0.027292
58176	0.047856	-0.028093	0.027223
58177	0.047159	-0.028269	0.027573
58178	0.047331	-0.028252	0.027698
58179	0.046580	-0.028425	0.028042
58180	0.045911	-0.028615	0.028360
58181	0.046828	-0.027538	0.030107
58182	0.047690	-0.030111	0.029980
58183	0.047050	-0.030306	0.030263
58184	0.047278	-0.028369	0.028592
58185	0.046511	-0.028619	0.028809
58186	0.046683	-0.028602	0.028933
58187	0.046021	-0.028045	0.029997
58188	0.046872	-0.027828	0.029044
58189	0.045341	-0.029118	0.028552
58190	0.048200	-0.028473	0.028981
58191	0.047768	-0.028670	0.031035
58192	0.047222	-0.027811	0.028590
58193	0.046908	-0.027992	0.030640
58194	0.047013	-0.027105	0.031733
58195	0.045873	-0.028426	0.032947
58196	0.046275	-0.029273	0.032988
58197	0.046085	-0.031151	0.033161
58198	0.047261	-0.030920	0.033976
58199	0.046560	-0.028328	0.033428
58200	0.046677	-0.030231	0.035347
58201	0.047603	-0.030010	0.035237
58202	0.046935	-0.030200	0.035554
58203	0.047434	-0.030192	0.037403
58204	0.047673	-0.031045	0.036559
58205	0.047771	-0.031089	0.035696
58206	0.047714	-0.030209	0.035904
58207	0.048464	-0.031052	0.036796
58208	0.048244	-0.030179	0.036119
58209	0.049062	-0.030812	0.034221
58210	0.050468	-0.031444	0.034951
58211	0.049251	-0.030864	0.034362
58212	0.050035	-0.029777	0.034377
58213	0.050969	-0.029580	0.035140
58214	0.051371	-0.030426	0.035179
58215	0.051222	-0.029561	0.034465
58216	0.051461	-0.030414	0.033620
58217	0.050909	-0.030762	0.034529
58218	0.051856	-0.029668	0.035427
58219	0.050704	-0.029046	0.034839
58220	0.050646	-0.028166	0.035047
58221	0.051723	-0.027952	0.034062
58222	0.052452	-0.028785	0.035869
58223	0.052203	-0.027923	0.035149
58224	0.052769	-0.028763	0.036073
58225	0.051625	-0.027205	0.036576
58226	0.051186	-0.028259	0.036809
58227	0.050644	-0.029468	0.036801
58228	0.050980	-0.029444	0.037808
58229	0.050789	-0.029639	0.035864
58230	0.051192	-0.030486	0.035902
58231	0.051739	-0.030392	0.033893
58232	0.048929	-0.029270	0.034766
58233	0.050489	-0.028988	0.036500
58234	0.050728	-0.029841	0.035654
58235	0.050844	-0.029803	0.035803
58236	0.050176	-0.029994	0.036120
58237	0.051444	-0.030600	0.035991
58238	0.050612	-0.030798	0.035423
58239	0.051464	-0.031611	0.038138
58240	0.052937	-0.033115	0.037898
58241	0.052505	-0.031303	0.037399
58242	0.052067	-0.032357	0.037631
58243	0.052365	-0.033141	0.037760
58244	0.052932	-0.033982	0.038682
58245	0.052494	-0.033175	0.037893
58246	0.052436	-0.032295	0.038101
58247	0.051395	-0.033557	0.039374
58248	0.052081	-0.033347	0.037534
58249	0.052072	-0.032446	0.037768
58250	0.051469	-0.033507	0.037115
58251	0.050519	-0.033683	0.036563
58252	0.050528	-0.033673	0.035802
58253	0.049576	-0.033869	0.034317
58254	0.052435	-0.033225	0.034742
58255	0.049974	-0.033933	0.035278
58256	0.051447	-0.035437	0.035036
58257	0.051535	-0.034604	0.036028
58258	0.052548	-0.034381	0.035956
58259	0.051960	-0.034459	0.035559
58260	0.052297	-0.034437	0.036566
58261	0.052327	-0.034444	0.037528
58262	0.053177	-0.034227	0.036572
58263	0.054183	-0.034025	0.036460
58264	0.053055	-0.032489	0.036947
58265	0.053740	-0.034267	0.036796
58266	0.053302	-0.035321	0.037027
58267	0.052590	-0.035432	0.037435
58268	0.052087	-0.035617	0.038636
58269	0.053644	-0.034294	0.038483
58270	0.053140	-0.034479	0.039684
58271	0.053326	-0.035442	0.038668
58272	0.053105	-0.034568	0.037991
58273	0.054439	-0.034355	0.039646
58274	0.054776	-0.034333	0.040653
58275	0.054417	-0.033496	0.039930
58276	0.054820	-0.034344	0.039967
58277	0.054771	-0.032475	0.041306
58278	0.055962	-0.035037	0.042940
58279	0.055547	-0.034266	0.042078
58280	0.055339	-0.036185	0.042223
58281	0.056460	-0.036807	0.041212
58282	0.056798	-0.036785	0.042218
58283	0.057888	-0.036616	0.042045
58284	0.058291	-0.037464	0.042081
58285	0.056704	-0.038921	0.040433
58286	0.059563	-0.038277	0.040857
58287	0.058705	-0.038477	0.041134
58288	0.058483	-0.037604	0.040457
58289	0.059029	-0.037723	0.042119
58290	0.059038	-0.037714	0.041357
58291	0.059545	-0.037598	0.041583
58292	0.059554	-0.037588	0.040821
58293	0.060221	-0.035675	0.041701
58294	0.059718	-0.035861	0.042901
58295	0.060881	-0.035689	0.044482
58296	0.058532	-0.036295	0.045187
58297	0.058828	-0.037282	0.044104
58298	0.059001	-0.037267	0.044226
58299	0.058486	-0.038339	0.044412
58300	0.057588	-0.037668	0.044814
58301	0.058534	-0.036593	0.046550
58302	0.057702	-0.036791	0.045981
58303	0.057072	-0.037046	0.046193
58304	0.057639	-0.037888	0.047112
58305	0.056426	-0.037252	0.046585
58306	0.056764	-0.037231	0.047590
58307	0.055723	-0.036661	0.047805
58308	0.056572	-0.036444	0.046848
58309	0.055291	-0.038637	0.047062
58310	0.058150	-0.037994	0.047484
58311	0.056909	-0.035366	0.045294
58312	0.055795	-0.036623	0.046602
58313	0.056165	-0.036617	0.047566
58314	0.056733	-0.037460	0.048485
58315	0.056288	-0.036615	0.047754
58316	0.056626	-0.036595	0.048760
58317	0.056587	-0.035728	0.048920
58318	0.057449	-0.038304	0.048783
58319	0.056662	-0.038565	0.048983
58320	0.056441	-0.037692	0.048306
58321	0.055945	-0.038728	0.048558
58322	0.056118	-0.038713	0.048679
58323	0.056384	-0.038668	0.049704
58324	0.055387	-0.038871	0.048251
58325	0.054558	-0.038168	0.048678
58326	0.053726	-0.038366	0.048110
58327	0.056518	-0.040512	0.048424
58328	0.054285	-0.040065	0.046369
58329	0.055453	-0.039904	0.047067
58330	0.055792	-0.039883	0.048072
58331	0.055876	-0.039967	0.048012
58332	0.054649	-0.039307	0.046646
58333	0.056155	-0.039898	0.047393
58334	0.054993	-0.040107	0.045056
58335	0.055076	-0.039323	0.045975
58336	0.054854	-0.038450	0.045298
58337	0.055460	-0.039263	0.047120
58338	0.054958	-0.039450	0.048320
58339	0.054688	-0.038608	0.047598
58340	0.054926	-0.039462	0.046748
58341	0.055366	-0.040372	0.046679
58342	0.054534	-0.040570	0.046110
58343	0.055408	-0.040355	0.045994
58344	0.052730	-0.040974	0.044931
58345	0.054753	-0.041426	0.044538
58346	0.054926	-0.041412	0.044658
58347	0.055109	-0.040489	0.045782
58348	0.054212	-0.039818	0.046185
58349	0.053285	-0.040023	0.045567
58350	0.054464	-0.039796	0.046376
58351	0.053855	-0.038996	0.043826
58352	0.052729	-0.037461	0.044315
58353	0.053226	-0.038330	0.044312
58354	0.054073	-0.038113	0.043353
58355	0.052942	-0.037419	0.042896
58356	0.053116	-0.037405	0.043016
58357	0.053595	-0.038279	0.042944
58358	0.054314	-0.036325	0.043927
58359	0.053431	-0.036628	0.044061
58360	0.054444	-0.036406	0.043986
58361	0.053938	-0.034646	0.043423
58362	0.053105	-0.034845	0.042854
58363	0.053096	-0.034893	0.041982
58364	0.052874	-0.034020	0.041306
58365	0.054101	-0.033882	0.041066
58366	0.053268	-0.034081	0.040497
58367	0.054158	-0.033875	0.040376
58368	0.054727	-0.034720	0.041292
58369	0.053803	-0.034081	0.042530
58370	0.054983	-0.033854	0.043339
58371	0.053903	-0.034014	0.041022
58372	0.053847	-0.033136	0.041229
58373	0.053890	-0.032962	0.041565
58374	0.054737	-0.032746	0.040606
58375	0.054812	-0.033581	0.039774
58376	0.054160	-0.036568	0.040906
58377	0.053430	-0.034814	0.040323
58378	0.053769	-0.034795	0.041327
58379	0.053578	-0.034732	0.040644
58380	0.053585	-0.034723	0.039880
58381	0.052705	-0.034964	0.039207
58382	0.052205	-0.035153	0.040406
58383	0.051500	-0.034272	0.037989
58384	0.052070	-0.035117	0.038905
58385	0.051292	-0.033410	0.037383
58386	0.050460	-0.033609	0.036814
58387	0.050553	-0.033560	0.036958
58388	0.050497	-0.032682	0.037165
58389	0.049338	-0.033989	0.037487
58390	0.048950	-0.033121	0.035926
58391	0.049503	-0.032221	0.038759
58392	0.049280	-0.031349	0.038082
58393	0.050279	-0.031963	0.037056
58394	0.050223	-0.031085	0.037263
58395	0.049864	-0.032277	0.037257
58396	0.049808	-0.031400	0.037464
58397	0.049039	-0.031613	0.037739
58398	0.049442	-0.032463	0.037770
58399	0.050751	-0.031287	0.036530
58400	0.051321	-0.032132	0.037446
58401	0.051274	-0.032166	0.035704
58402	0.052518	-0.032808	0.035540
58403	0.052772	-0.032711	0.036634
58404	0.052169	-0.033774	0.035977
58405	0.052255	-0.032836	0.036221
58406	0.052658	-0.033686	0.036252
58407	0.053200	-0.030693	0.033552
58408	0.052994	-0.032615	0.033691
58409	0.052651	-0.032548	0.033886
58410	0.051985	-0.032743	0.034200
58411	0.052626	-0.032531	0.032317
58412	0.052403	-0.031659	0.031640
58413	0.052947	-0.030584	0.031605
58414	0.052115	-0.030783	0.031036
58415	0.054447	-0.032950	0.029578
58416	0.052545	-0.032493	0.029292
58417	0.053916	-0.032998	0.030174
58418	0.052180	-0.032536	0.030772
58419	0.052462	-0.033266	0.030965
58420	0.051796	-0.033460	0.031280
58421	0.052474	-0.032524	0.031067
58422	0.051641	-0.032723	0.030497
58423	0.052860	-0.032488	0.030396
58424	0.053430	-0.033334	0.031311
58425	0.053197	-0.033252	0.029762
58426	0.052302	-0.032582	0.030164
58427	0.053331	-0.032271	0.031063
58428	0.052665	-0.032465	0.031377
58429	0.053393	-0.030548	0.032269
58430	0.052560	-0.030747	0.031699
58431	0.053207	-0.031638	0.032518
58432	0.052984	-0.030765	0.031842
58433	0.053910	-0.030526	0.032667
58434	0.055700	-0.029229	0.033367
58435	0.055576	-0.029325	0.031558
58436	0.056757	-0.029099	0.032365
58437	0.055933	-0.028433	0.032736
58438	0.054640	-0.026905	0.032344
58439	0.055666	-0.026510	0.032489
58440	0.054558	-0.027772	0.033794
58441	0.054520	-0.026946	0.033898
58442	0.054924	-0.027796	0.033928
58443	0.054131	-0.027963	0.034264
58444	0.054915	-0.026878	0.034275
58445	0.054116	-0.027955	0.033567
58446	0.053600	-0.025351	0.033951
58447	0.054883	-0.025315	0.035342
58448	0.054676	-0.027237	0.035478
58449	0.054763	-0.027193	0.035615
58450	0.054937	-0.027180	0.035733
58451	0.054050	-0.027444	0.035934
58452	0.054224	-0.027430	0.036052
58453	0.053672	-0.028488	0.036232
58454	0.055187	-0.028254	0.038805
58455	0.054478	-0.028281	0.039332
58456	0.054255	-0.027408	0.038655
58457	0.055553	-0.028100	0.038380
58458	0.054887	-0.028295	0.038694
58459	0.054816	-0.028260	0.037949
58460	0.054989	-0.028247	0.038067
58461	0.054132	-0.030383	0.039241
58462	0.055772	-0.031886	0.039869
58463	0.054972	-0.029308	0.039327
58464	0.053087	-0.031647	0.039855
58465	0.053067	-0.031556	0.039934
58466	0.053240	-0.031543	0.040052
58467	0.052864	-0.032561	0.040301
58468	0.052870	-0.032552	0.039536
58469	0.054912	-0.032861	0.039322
58470	0.053972	-0.034120	0.041511
58471	0.052981	-0.034283	0.040080
58472	0.054453	-0.035790	0.039824
58473	0.053286	-0.034309	0.039336
58474	0.052453	-0.034508	0.038766
58475	0.053289	-0.034304	0.038644
58476	0.052791	-0.034495	0.039841
58477	0.053635	-0.034164	0.039907
58478	0.053704	-0.035023	0.038168
58479	0.054530	-0.034770	0.038108
58480	0.055101	-0.035617	0.039020
58481	0.052951	-0.035887	0.037971
58482	0.052223	-0.035214	0.039257
58483	0.052124	-0.035180	0.038520
58484	0.052465	-0.035163	0.039521
58485	0.052420	-0.034395	0.039569
58486	0.052823	-0.035246	0.039598
58487	0.053928	-0.034966	0.039551
58488	0.054835	-0.035805	0.042230
58489	0.055573	-0.035526	0.041351
58490	0.054342	-0.034865	0.039987
58491	0.054499	-0.034865	0.040067
58492	0.054903	-0.035716	0.040096
58493	0.055226	-0.036558	0.041025
58494	0.054392	-0.036757	0.040455
58495	0.054472	-0.037727	0.039433
58496	0.052569	-0.037270	0.039149
58497	0.053845	-0.037787	0.040017
58498	0.054187	-0.037770	0.041019
58499	0.055439	-0.038458	0.040748
58500	0.054773	-0.038653	0.041062
58501	0.054678	-0.038667	0.040263
58502	0.053845	-0.038867	0.039693
58503	0.053921	-0.038011	0.040756
58504	0.052920	-0.038214	0.039303
58505	0.054032	-0.038046	0.040007
58506	0.053367	-0.038241	0.040321
58507	0.053950	-0.040018	0.041037
58508	0.054185	-0.040873	0.040181
58509	0.054506	-0.040976	0.040956
58510	0.053336	-0.041183	0.038619
58511	0.054164	-0.041132	0.038310
58512	0.054736	-0.041980	0.039221
58513	0.053976	-0.041482	0.040225
58514	0.054379	-0.042334	0.040252
58515	0.053432	-0.042569	0.039584
58516	0.053376	-0.041693	0.039791
58517	0.053410	-0.041775	0.039742
58518	0.054255	-0.041558	0.038779
58519	0.054380	-0.040675	0.039838
58520	0.053714	-0.040871	0.040151
58521	0.049480	-0.039858	0.043263
58522	0.048642	-0.040058	0.042696
58523	0.048280	-0.039299	0.041868
58524	0.048282	-0.039290	0.041104
58525	0.047344	-0.038544	0.040718
58526	0.047743	-0.039395	0.040748
58527	0.048688	-0.039049	0.040823
58528	0.049256	-0.039897	0.041737
58529	0.047406	-0.039405	0.042368
58530	0.047806	-0.040257	0.042398
58531	0.047430	-0.039402	0.041690
58532	0.045922	-0.039806	0.042203
58533	0.045172	-0.040912	0.042389
58534	0.044653	-0.038308	0.042780
58535	0.045557	-0.038056	0.042730
58536	0.046462	-0.038897	0.045410
58537	0.045710	-0.039057	0.044872
58538	0.045439	-0.040113	0.045982
58539	0.045721	-0.040279	0.046706
58540	0.045891	-0.040267	0.046826
58541	0.045876	-0.040265	0.046025
58542	0.045375	-0.040458	0.047224
58543	0.044780	-0.040736	0.047388
58544	0.044111	-0.040932	0.047704
58545	0.044386	-0.040779	0.048910
58546	0.044495	-0.039900	0.050003
58547	0.044409	-0.039909	0.051013
58548	0.043739	-0.040105	0.051330
58549	0.044182	-0.039213	0.053273
58550	0.044582	-0.040065	0.053302
58551	0.043808	-0.040281	0.053572
58552	0.043580	-0.039408	0.052898
58553	0.043709	-0.039399	0.052968
58554	0.044048	-0.039384	0.053971
58555	0.043382	-0.039579	0.054237
58556	0.042713	-0.039775	0.054553
58557	0.044027	-0.039445	0.056378
58558	0.044089	-0.040303	0.054640
58559	0.043028	-0.040539	0.054901
58560	0.042799	-0.039666	0.054228
58561	0.042917	-0.039842	0.054060
58562	0.042749	-0.039837	0.052413
58563	0.042528	-0.039865	0.051603
58564	0.042927	-0.040717	0.051632
58565	0.043481	-0.042338	0.050764
58566	0.044659	-0.042114	0.051569
58567	0.043789	-0.039348	0.051276
58568	0.041901	-0.041689	0.051805
58569	0.043044	-0.041511	0.052502
58570	0.043383	-0.041496	0.053505
58571	0.041445	-0.041883	0.053146
58572	0.041953	-0.041865	0.055031
58573	0.042887	-0.042365	0.054174
58574	0.041149	-0.041906	0.054778
58575	0.041930	-0.041635	0.054770
58576	0.041261	-0.041832	0.055086
58577	0.042003	-0.040790	0.054996
58578	0.042233	-0.041645	0.054140
58579	0.042174	-0.041622	0.054274
58580	0.042175	-0.041613	0.053509
58581	0.041700	-0.042545	0.053870
58582	0.044556	-0.041905	0.054281
58583	0.042042	-0.039877	0.053957
58584	0.042611	-0.040727	0.054868
58585	0.041582	-0.040886	0.054314
58586	0.041082	-0.041080	0.055513
58587	0.042714	-0.040758	0.055064
58588	0.042884	-0.040746	0.055183
58589	0.043164	-0.039858	0.057116
58590	0.042325	-0.040058	0.056549
58591	0.041178	-0.041310	0.057862
58592	0.042187	-0.041090	0.057784
58593	0.041511	-0.042033	0.057255
58594	0.042519	-0.041813	0.057177
58595	0.042536	-0.041824	0.057246
58596	0.042476	-0.040948	0.057456
58597	0.042528	-0.041862	0.056485
58598	0.042468	-0.040986	0.056695
58599	0.041586	-0.041138	0.057079
58600	0.041356	-0.040265	0.056406
58601	0.042687	-0.041069	0.056893
58602	0.043027	-0.041054	0.057895
58603	0.042667	-0.039282	0.058206
58604	0.042058	-0.040346	0.057547
58605	0.041981	-0.039439	0.056891
58606	0.041482	-0.039634	0.058090
58607	0.041055	-0.038879	0.057243
58608	0.040386	-0.039076	0.057559
58609	0.040120	-0.040175	0.058559
58610	0.040290	-0.040164	0.058677
58611	0.039386	-0.040348	0.058999
58612	0.039556	-0.040337	0.059117
58613	0.039044	-0.041494	0.059174
58614	0.039103	-0.042353	0.057435
58615	0.038554	-0.041572	0.054832
58616	0.039123	-0.042422	0.055741
58617	0.037817	-0.041681	0.054454
58618	0.038826	-0.041461	0.054375
58619	0.038888	-0.041488	0.054446
58620	0.039497	-0.040407	0.053576
58621	0.038280	-0.039763	0.053052
58622	0.037781	-0.039957	0.054251
58623	0.035766	-0.039561	0.053864
58624	0.035536	-0.038688	0.053191
58625	0.036316	-0.038433	0.053113
58626	0.036485	-0.038422	0.053231
58627	0.036321	-0.037578	0.054274
58628	0.036091	-0.036706	0.053601
58629	0.036224	-0.036756	0.054487
58630	0.035385	-0.036956	0.053919
58631	0.036321	-0.036633	0.053965
58632	0.035652	-0.036831	0.054281
58633	0.036166	-0.038429	0.055276
58634	0.035438	-0.037760	0.056566
58635	0.036319	-0.037507	0.055615
58636	0.036658	-0.037493	0.056616
58637	0.037244	-0.036462	0.055632
58638	0.036405	-0.036662	0.055064
58639	0.035093	-0.038068	0.056196
58640	0.036101	-0.037849	0.056116
58641	0.035392	-0.036138	0.055478
58642	0.035561	-0.036128	0.055596
58643	0.036817	-0.035904	0.056356
58644	0.037655	-0.035687	0.055393
58645	0.036636	-0.035783	0.055823
58646	0.037814	-0.035561	0.056627
58647	0.036984	-0.034697	0.054187
58648	0.037553	-0.035548	0.055095
58649	0.036538	-0.034987	0.054455
58650	0.036040	-0.035182	0.055653
58651	0.036185	-0.035067	0.056768
58652	0.036184	-0.035058	0.056003
58653	0.036568	-0.035028	0.057893
58654	0.035387	-0.035233	0.055559
58655	0.036216	-0.034956	0.055542
58656	0.035429	-0.033421	0.057808
58657	0.035863	-0.035145	0.058618
58658	0.036871	-0.034925	0.058538
58659	0.036770	-0.035067	0.057546
58660	0.036939	-0.035056	0.057663
58661	0.036465	-0.036141	0.057834
58662	0.037643	-0.035920	0.058637
58663	0.035287	-0.036528	0.059354
58664	0.035835	-0.034580	0.059458
58665	0.034634	-0.035791	0.057728
58666	0.034974	-0.035778	0.058728
58667	0.034503	-0.035090	0.057768
58668	0.033834	-0.035288	0.058082
58669	0.033909	-0.034457	0.058190
58670	0.033069	-0.034657	0.057622
58671	0.033959	-0.034449	0.057479
58672	0.033290	-0.034648	0.057794
58673	0.032842	-0.033834	0.057004
58674	0.032173	-0.034032	0.057318
58675	0.031937	-0.033217	0.056532
58676	0.031876	-0.032343	0.056742
58677	0.031903	-0.031669	0.057548
58678	0.032419	-0.034256	0.055620
58679	0.031695	-0.034359	0.056055
58680	0.031464	-0.033487	0.055382
58681	0.031337	-0.033530	0.055439
58682	0.032344	-0.033311	0.055357
58683	0.031555	-0.034384	0.054639
58684	0.031666	-0.033507	0.055731
58685	0.031961	-0.034395	0.055707
58686	0.033481	-0.034170	0.058275
58687	0.030914	-0.034713	0.057291
58688	0.033481	-0.032344	0.058765
58689	0.032328	-0.032435	0.057427
58690	0.031429	-0.031770	0.057835
58691	0.030196	-0.031121	0.057302
58692	0.029757	-0.032184	0.057523
58693	0.029478	-0.030392	0.058769
58694	0.028638	-0.030593	0.058201
58695	0.029421	-0.030456	0.057999
58696	0.029991	-0.031308	0.058905
58697	0.030619	-0.031087	0.057940
58698	0.030788	-0.031077	0.058056
58699	0.030799	-0.031132	0.058050
58700	0.029900	-0.030466	0.058457
58701	0.029151	-0.031468	0.056976
58702	0.030329	-0.031247	0.057777
58703	0.028399	-0.030817	0.057447
58704	0.030645	-0.031252	0.057957
58705	0.029040	-0.031504	0.057759
58706	0.029038	-0.031496	0.056993
58707	0.028379	-0.031804	0.057138
58708	0.028377	-0.031796	0.056371
58709	0.028487	-0.031751	0.056484
58710	0.028426	-0.030877	0.056694
58711	0.027475	-0.032063	0.058061
58712	0.027243	-0.031190	0.057387
58713	0.027053	-0.030479	0.057366
58714	0.027222	-0.030469	0.057481
58715	0.027965	-0.030321	0.056400
58716	0.028134	-0.030311	0.056516
58717	0.028015	-0.029428	0.056724
58718	0.028873	-0.032011	0.056560
58719	0.028257	-0.032268	0.056764
58720	0.028025	-0.031396	0.056090
58721	0.038328	-0.037930	0.050840
58722	0.038911	-0.038792	0.051737
58723	0.038058	-0.038827	0.051317
58724	0.037975	-0.039896	0.053295
58725	0.037389	-0.039163	0.054653
58726	0.036219	-0.039376	0.052310
58727	0.036804	-0.040374	0.053001
58728	0.037709	-0.038432	0.054863
58729	0.035107	-0.039065	0.055501
58730	0.035290	-0.039064	0.055609
58731	0.034599	-0.039304	0.056755
58732	0.034610	-0.039305	0.055979
58733	0.033744	-0.039572	0.055295
58734	0.032480	-0.040854	0.055706
58735	0.032976	-0.041811	0.056446
58736	0.033996	-0.041602	0.056355
58737	0.033156	-0.041852	0.055669
58738	0.032328	-0.042062	0.055092
58739	0.032622	-0.042020	0.056076
58740	0.033471	-0.041812	0.055102
58741	0.034879	-0.042424	0.054927
58742	0.034052	-0.042634	0.054350
58743	0.033417	-0.042851	0.054611
58744	0.032762	-0.043059	0.054917
58745	0.033444	-0.044713	0.055777
58746	0.033799	-0.044711	0.056767
58747	0.033796	-0.044769	0.056765
58748	0.033141	-0.044977	0.057071
58749	0.032019	-0.046049	0.055519
58750	0.033211	-0.045838	0.056310
58751	0.033063	-0.044937	0.055643
58752	0.031949	-0.043417	0.056136
58753	0.033233	-0.044166	0.056679
58754	0.033416	-0.044165	0.056786
58755	0.033461	-0.044203	0.056857
58756	0.033644	-0.044202	0.056964
58757	0.032910	-0.044362	0.056395
58758	0.034103	-0.044151	0.057186
58759	0.033544	-0.043295	0.054689
58760	0.034128	-0.044158	0.055584
58761	0.034405	-0.043063	0.053828
58762	0.033544	-0.045208	0.055026
58763	0.033452	-0.045259	0.054142
58764	0.034243	-0.044185	0.054144
58765	0.034585	-0.044939	0.054273
58766	0.034538	-0.044074	0.054474
58767	0.033767	-0.044324	0.054672
58768	0.031872	-0.043879	0.054388
58769	0.033087	-0.042833	0.056052
58770	0.032432	-0.043042	0.056358
58771	0.033770	-0.043705	0.057010
58772	0.032277	-0.044123	0.057514
58773	0.032234	-0.044145	0.057569
58774	0.031406	-0.044355	0.056991
58775	0.031418	-0.043642	0.057873
58776	0.031199	-0.042779	0.057191
58777	0.031347	-0.043653	0.056263
58778	0.030462	-0.042998	0.056663
58779	0.031281	-0.042948	0.056369
58780	0.031291	-0.042950	0.055593
58781	0.032378	-0.042761	0.056343
58782	0.031115	-0.044044	0.056753
58783	0.033011	-0.042796	0.057340
58784	0.031552	-0.041279	0.056068
58785	0.032416	-0.043068	0.057649
58786	0.032599	-0.043068	0.057755
58787	0.032750	-0.043095	0.057749
58788	0.032760	-0.043096	0.056972
58789	0.032350	-0.042158	0.056333
58790	0.032417	-0.043024	0.054579
58791	0.033353	-0.043890	0.057188
58792	0.032788	-0.043029	0.054741
58793	0.033912	-0.042748	0.055595
58794	0.034095	-0.042748	0.055701
58795	0.033818	-0.041910	0.054977
58796	0.034001	-0.041910	0.055083
58797	0.033605	-0.041105	0.054304
58798	0.034822	-0.043697	0.055891
58799	0.032143	-0.044414	0.054678
58800	0.031924	-0.043551	0.053996
58801	0.032418	-0.042677	0.055921
58802	0.033003	-0.043541	0.056815
58803	0.032219	-0.043789	0.056136
58804	0.032402	-0.043789	0.056242
58805	0.032038	-0.044735	0.056566
58806	0.031532	-0.042142	0.056957
58807	0.030743	-0.045221	0.057962
58808	0.031304	-0.043283	0.058058
58809	0.031684	-0.044328	0.057815
58810	0.032475	-0.043254	0.057816
58811	0.032827	-0.043995	0.057053
58812	0.032780	-0.043131	0.057254
58813	0.031858	-0.042458	0.058544
58814	0.031030	-0.042668	0.057966
58815	0.031894	-0.045278	0.058610
58816	0.031674	-0.044415	0.057928
58817	0.031966	-0.045298	0.057892
58818	0.032149	-0.045298	0.057997
58819	0.033362	-0.045978	0.058645
58820	0.031697	-0.046398	0.058266
58821	0.032715	-0.046900	0.058224
58822	0.032669	-0.046037	0.058425
58823	0.033634	-0.045891	0.058243
58824	0.034220	-0.046755	0.059136
58825	0.034126	-0.045877	0.059354
58826	0.033472	-0.046087	0.059659
58827	0.033567	-0.046981	0.059616
58828	0.034185	-0.045909	0.058735
58829	0.032087	-0.047532	0.059140
58830	0.033281	-0.047323	0.059929
58831	0.032683	-0.047661	0.060035
58832	0.033244	-0.045723	0.060132
58833	0.033062	-0.045629	0.058521
58834	0.032842	-0.044766	0.057839
58835	0.034018	-0.045365	0.058595
58836	0.034430	-0.046230	0.058604
58837	0.034574	-0.047103	0.057676
58838	0.032853	-0.046658	0.058275
58839	0.033805	-0.046377	0.058245
58840	0.033609	-0.048316	0.058358
58841	0.033304	-0.047502	0.057582
58842	0.033890	-0.048367	0.058474
58843	0.035287	-0.049030	0.059123
58844	0.035643	-0.049031	0.060110
58845	0.035059	-0.049267	0.060308
58846	0.035012	-0.048403	0.060509
58847	0.037225	-0.050792	0.058730
58848	0.037005	-0.049929	0.058048
58849	0.036121	-0.049286	0.059292
58850	0.035063	-0.048632	0.058810
58851	0.035992	-0.048361	0.059655
58852	0.036001	-0.048362	0.058877
58853	0.037336	-0.048795	0.058888
58854	0.036855	-0.049005	0.060075
58855	0.036598	-0.048151	0.059349
58856	0.035596	-0.048362	0.057889
58857	0.037170	-0.049912	0.059327
58858	0.036745	-0.050987	0.059535
58859	0.035721	-0.050193	0.059154
58860	0.036078	-0.050194	0.060141
58861	0.035502	-0.051189	0.060397
58862	0.036696	-0.050980	0.061185
58863	0.036495	-0.050036	0.060567
58864	0.037081	-0.050901	0.061458
58865	0.036668	-0.049098	0.061810
58866	0.037080	-0.049964	0.061818
58867	0.036353	-0.050147	0.062132
58868	0.036306	-0.049283	0.062333
58869	0.034723	-0.049608	0.062003
58870	0.034787	-0.050474	0.060247
58871	0.035712	-0.050355	0.060001
58872	0.036299	-0.051221	0.060891
58873	0.034391	-0.049904	0.061545
58874	0.034400	-0.049905	0.060767
58875	0.033707	-0.050185	0.061858
58876	0.033716	-0.050186	0.061080
58877	0.033486	-0.050047	0.061328
58878	0.032657	-0.050258	0.060750
58879	0.033915	-0.050092	0.062314
58880	0.032913	-0.050302	0.060853
58881	0.033101	-0.050191	0.061947
58882	0.033284	-0.050192	0.062052
58883	0.032788	-0.050461	0.063149
58884	0.032971	-0.050462	0.063254
58885	0.033156	-0.050528	0.064141
58886	0.034350	-0.050320	0.064928
58887	0.033416	-0.050462	0.065272
58888	0.033543	-0.049599	0.066355
58889	0.034031	-0.050519	0.066271
58890	0.034617	-0.051385	0.067161
58891	0.033955	-0.051706	0.067328
58892	0.033964	-0.051707	0.066549
58893	0.033145	-0.050970	0.067006
58894	0.033098	-0.050107	0.067207
58895	0.033803	-0.049931	0.067056
58896	0.034389	-0.050798	0.067946
58897	0.033395	-0.051096	0.068153
58898	0.033633	-0.051962	0.067278
58899	0.033255	-0.051125	0.066552
58900	0.033438	-0.051127	0.066656
58901	0.032248	-0.050332	0.065391
58902	0.032201	-0.049469	0.065591
58903	0.033135	-0.049138	0.065591
58904	0.032914	-0.048274	0.064910
58905	0.032372	-0.049436	0.065906
58906	0.032555	-0.049437	0.066010
58907	0.031600	-0.049621	0.065428
58908	0.031783	-0.049622	0.065532
58909	0.031616	-0.049600	0.063887
58910	0.030354	-0.050886	0.064294
58911	0.030368	-0.049998	0.065383
58912	0.031821	-0.048715	0.064301
58913	0.031508	-0.049810	0.065346
58914	0.031313	-0.051750	0.065456
58915	0.031336	-0.051669	0.064729
58916	0.030681	-0.051880	0.065033
58917	0.029822	-0.052118	0.065292
58918	0.031016	-0.051910	0.066078
58919	0.030264	-0.052056	0.066444
58920	0.030502	-0.052922	0.065568
58921	0.028955	-0.036228	0.055310
58922	0.028071	-0.035561	0.055704
58923	0.027991	-0.035522	0.055824
58924	0.027512	-0.035719	0.057004
58925	0.027000	-0.036913	0.056991
58926	0.026495	-0.034307	0.057379
58927	0.029334	-0.036554	0.057542
58928	0.027438	-0.036096	0.057254
58929	0.028929	-0.034752	0.057094
58930	0.029948	-0.034530	0.056990
58931	0.028702	-0.033842	0.055627
58932	0.028884	-0.033830	0.055724
58933	0.030107	-0.033701	0.056366
58934	0.028495	-0.034971	0.055001
58935	0.027818	-0.035186	0.055248
58936	0.025922	-0.034728	0.054960
58937	0.027129	-0.035334	0.055673
58938	0.026650	-0.035532	0.056852
58939	0.025963	-0.035742	0.057092
58940	0.026375	-0.036594	0.057091
58941	0.026019	-0.034882	0.058177
58942	0.026431	-0.035735	0.058176
58943	0.025714	-0.035951	0.058413
58944	0.026274	-0.034000	0.058504
58945	0.025630	-0.035068	0.057760
58946	0.025408	-0.034190	0.057072
58947	0.026420	-0.033943	0.057820
58948	0.026427	-0.033930	0.057034
58949	0.025902	-0.033226	0.056962
58950	0.027123	-0.035810	0.058529
58951	0.024705	-0.036420	0.059218
58952	0.025373	-0.036196	0.057350
58953	0.024780	-0.036400	0.057601
58954	0.025192	-0.037252	0.057599
58955	0.024915	-0.036453	0.057671
58956	0.024085	-0.036650	0.057085
58957	0.025483	-0.038207	0.056674
58958	0.025004	-0.038406	0.057853
58959	0.024397	-0.038604	0.058098
58960	0.024174	-0.037726	0.057410
58961	0.025180	-0.037453	0.058218
58962	0.025362	-0.037441	0.058314
58963	0.024560	-0.037750	0.058449
58964	0.024972	-0.038603	0.058447
58965	0.023934	-0.038001	0.058722
58966	0.024452	-0.040582	0.056760
58967	0.023519	-0.040816	0.056977
58968	0.024538	-0.040595	0.056872
58969	0.023425	-0.040083	0.057049
58970	0.023783	-0.040072	0.058027
58971	0.023847	-0.039233	0.058144
58972	0.023907	-0.040084	0.056377
58973	0.023054	-0.038518	0.057770
58974	0.023924	-0.041101	0.057571
58975	0.022512	-0.038454	0.055310
58976	0.022316	-0.040382	0.055410
58977	0.023420	-0.040225	0.056090
58978	0.023778	-0.040215	0.057068
58979	0.023209	-0.040438	0.058199
58980	0.024052	-0.040215	0.057211
58981	0.024273	-0.040272	0.058082
58982	0.023901	-0.042198	0.057300
58983	0.024802	-0.043060	0.059883
58984	0.024227	-0.042180	0.057430
58985	0.024781	-0.043020	0.058318
58986	0.025139	-0.043010	0.059295
58987	0.025106	-0.043019	0.058471
58988	0.025288	-0.043007	0.058567
58989	0.025140	-0.043093	0.057621
58990	0.025092	-0.042217	0.057815
58991	0.023898	-0.042321	0.056426
58992	0.023596	-0.042522	0.058486
58993	0.023823	-0.042480	0.058599
58994	0.023952	-0.041605	0.059675
58995	0.024204	-0.041432	0.059929
58996	0.024210	-0.041419	0.059142
58997	0.023897	-0.042576	0.060072
58998	0.023067	-0.042774	0.059486
58999	0.022066	-0.043001	0.059680
59000	0.022301	-0.043853	0.058794
59001	0.021568	-0.043971	0.059127
59002	0.021750	-0.043960	0.059222
59003	0.022013	-0.043825	0.060276
59004	0.022195	-0.043814	0.060371
59005	0.022274	-0.043737	0.060503
59006	0.022579	-0.042863	0.062461
59007	0.023607	-0.042619	0.062368
59008	0.022522	-0.043893	0.063649
59009	0.021539	-0.043169	0.064085
59010	0.020884	-0.043367	0.064381
59011	0.020856	-0.043294	0.063646
59012	0.021091	-0.044146	0.062760
59013	0.022141	-0.043914	0.063514
59014	0.023335	-0.043694	0.064289
59015	0.020949	-0.044407	0.064838
59016	0.020725	-0.043530	0.064150
59017	0.022390	-0.043949	0.062826
59018	0.022395	-0.043936	0.062039
59019	0.021610	-0.044044	0.062420
59020	0.021792	-0.044033	0.062515
59021	0.021134	-0.044246	0.062766
59022	0.022328	-0.044026	0.063542
59023	0.021622	-0.044078	0.063981
59024	0.020968	-0.044276	0.064277
59025	0.020184	-0.045328	0.063573
59026	0.019960	-0.044450	0.062885
59027	0.019959	-0.044550	0.062816
59028	0.019735	-0.043673	0.062128
59029	0.020891	-0.043473	0.062858
59030	0.020949	-0.044323	0.061089
59031	0.020077	-0.044438	0.061461
59032	0.019853	-0.043561	0.060772
59033	0.020163	-0.043607	0.061648
59034	0.019915	-0.044672	0.062727
59035	0.019963	-0.044626	0.061946
59036	0.019714	-0.045692	0.063025
59037	0.018063	-0.046900	0.061713
59038	0.019611	-0.046683	0.064252
59039	0.019125	-0.046831	0.064573
59040	0.020248	-0.048336	0.062504
59041	0.019101	-0.047833	0.062685
59042	0.019054	-0.046957	0.062878
59043	0.018303	-0.047089	0.063213
59044	0.017648	-0.047288	0.063508
59045	0.017628	-0.047280	0.062663
59046	0.017151	-0.047481	0.063841
59047	0.016886	-0.047732	0.065810
59048	0.016308	-0.046851	0.063358
59049	0.015131	-0.047196	0.065666
59050	0.014654	-0.047397	0.066843
59051	0.014139	-0.048355	0.067125
59052	0.014321	-0.048344	0.067219
59053	0.014937	-0.047369	0.067049
59054	0.014105	-0.047567	0.066463
59055	0.014828	-0.047473	0.064415
59056	0.015770	-0.048333	0.067055
59057	0.014678	-0.048549	0.065534
59058	0.013847	-0.048747	0.064947
59059	0.013992	-0.048672	0.065084
59060	0.013338	-0.048871	0.065379
59061	0.011511	-0.049334	0.064029
59062	0.013061	-0.049119	0.066567
59063	0.012502	-0.048295	0.064032
59064	0.011848	-0.048494	0.064327
59065	0.012087	-0.048674	0.065054
59066	0.010649	-0.049947	0.064570
59067	0.010805	-0.050031	0.064529
59068	0.010203	-0.051094	0.063843
59069	0.009554	-0.052159	0.063107
59070	0.009507	-0.051283	0.063300
59071	0.010178	-0.051021	0.061434
59072	0.009449	-0.052302	0.064476
59073	0.008526	-0.051584	0.064007
59074	0.008937	-0.052438	0.064000
59075	0.009889	-0.051491	0.064702
59076	0.010072	-0.051481	0.064795
59077	0.010363	-0.051389	0.064960
59078	0.010419	-0.052240	0.063190
59079	0.010174	-0.052446	0.065213
59080	0.009950	-0.051569	0.064525
59081	0.009731	-0.050589	0.064800
59082	0.009506	-0.049712	0.064112
59083	0.009644	-0.048802	0.065190
59084	0.009168	-0.049004	0.066367
59085	0.009204	-0.048183	0.066487
59086	0.009615	-0.049038	0.066480
59087	0.008953	-0.049241	0.066718
59088	0.009513	-0.047291	0.066810
59089	0.008799	-0.048379	0.066070
59090	0.010224	-0.049026	0.066742
59091	0.010033	-0.049112	0.066705
59092	0.009202	-0.049310	0.066118
59093	0.009933	-0.048205	0.066955
59094	0.010803	-0.050790	0.066747
59095	0.008731	-0.051302	0.069289
59096	0.008507	-0.050424	0.068600
59097	0.009958	-0.050958	0.069379
59098	0.009482	-0.051161	0.070556
59099	0.009974	-0.052025	0.071368
59100	0.010157	-0.052015	0.071461
59101	0.010455	-0.052880	0.070538
59102	0.008736	-0.052425	0.071135
59103	0.009307	-0.053176	0.072113
59104	0.010753	-0.051878	0.071021
59105	0.011084	-0.051843	0.071994
59106	0.010608	-0.052045	0.073170
59107	0.010894	-0.051996	0.074123
59108	0.011076	-0.051986	0.074216
59109	0.011592	-0.051960	0.076075
59110	0.010404	-0.052153	0.073725
59111	0.011263	-0.052050	0.073459
59112	0.010151	-0.050521	0.073955
59113	0.011246	-0.051241	0.073638
59114	0.011428	-0.051231	0.073731
59115	0.011360	-0.051134	0.073896
59116	0.011113	-0.052202	0.074972
59117	0.012016	-0.052052	0.074757
59118	0.011184	-0.052250	0.074170
59119	0.011922	-0.051999	0.074085
59120	0.011196	-0.053282	0.077126
59121	0.013679	-0.039453	0.059080
59122	0.014046	-0.039436	0.060040
59123	0.014194	-0.039437	0.060061
59124	0.013319	-0.038763	0.060442
59125	0.013894	-0.039744	0.060279
59126	0.015097	-0.039517	0.061036
59127	0.012893	-0.040144	0.061710
59128	0.011003	-0.039678	0.061411
59129	0.011924	-0.039431	0.060432
59130	0.012342	-0.040277	0.060409
59131	0.012271	-0.040253	0.060425
59132	0.011624	-0.040445	0.060706
59133	0.012775	-0.041155	0.060378
59134	0.012734	-0.040271	0.060557
59135	0.010390	-0.041028	0.061052
59136	0.011486	-0.039716	0.058182
59137	0.011181	-0.040925	0.059049
59138	0.011370	-0.040906	0.059127
59139	0.010775	-0.041143	0.059329
59140	0.011749	-0.040052	0.060187
59141	0.010700	-0.039365	0.060527
59142	0.012361	-0.040869	0.061082
59143	0.011595	-0.041087	0.061287
59144	0.009705	-0.040621	0.060989
59145	0.011563	-0.040086	0.061587
59146	0.010687	-0.039412	0.061968
59147	0.010833	-0.039328	0.062073
59148	0.010187	-0.039520	0.062353
59149	0.010051	-0.039535	0.061480
59150	0.011612	-0.039315	0.064000
59151	0.011107	-0.039369	0.064379
59152	0.010888	-0.038482	0.063676
59153	0.010895	-0.039645	0.065493
59154	0.011313	-0.040492	0.065469
59155	0.010352	-0.039823	0.065847
59156	0.010362	-0.039802	0.065043
59157	0.010191	-0.039726	0.064230
59158	0.010150	-0.038842	0.064409
59159	0.011082	-0.038592	0.064247
59160	0.011679	-0.039441	0.065105
59161	0.010515	-0.038012	0.065445
59162	0.010047	-0.038207	0.066606
59163	0.011177	-0.038910	0.066256
59164	0.010531	-0.039102	0.066536
59165	0.010403	-0.039108	0.065639
59166	0.010363	-0.038224	0.065818
59167	0.010112	-0.038211	0.068103
59168	0.010778	-0.037976	0.066214
59169	0.008251	-0.037724	0.067845
59170	0.007426	-0.037913	0.067243
59171	0.008676	-0.037701	0.067945
59172	0.009144	-0.039410	0.066937
59173	0.007612	-0.039028	0.068324
59174	0.008816	-0.038802	0.069080
59175	0.009722	-0.038564	0.068921
59176	0.009502	-0.037678	0.068219
59177	0.009534	-0.037657	0.068258
59178	0.009494	-0.036773	0.068437
59179	0.010010	-0.037510	0.068515
59180	0.009970	-0.036627	0.068693
59181	0.010405	-0.036612	0.068778
59182	0.010006	-0.035723	0.067194
59183	0.010623	-0.036556	0.068048
59184	0.010762	-0.035676	0.069108
59185	0.010746	-0.035558	0.068384
59186	0.010576	-0.035534	0.066698
59187	0.010706	-0.034807	0.066661
59188	0.010895	-0.034788	0.066738
59189	0.012296	-0.033827	0.068340
59190	0.011111	-0.034009	0.065975
59191	0.012114	-0.033771	0.065842
59192	0.011468	-0.033963	0.066121
59193	0.012125	-0.032840	0.065207
59194	0.013329	-0.032615	0.065962
59195	0.013489	-0.032483	0.066090
59196	0.013678	-0.032465	0.066167
59197	0.012789	-0.031789	0.067368
59198	0.011963	-0.031978	0.066766
59199	0.012021	-0.032937	0.065668
59200	0.010132	-0.032472	0.065371
59201	0.011188	-0.032254	0.066093
59202	0.011198	-0.032232	0.065288
59203	0.011550	-0.033071	0.065243
59204	0.011968	-0.033919	0.065217
59205	0.011491	-0.035017	0.065332
59206	0.010994	-0.032403	0.065715
59207	0.011991	-0.035020	0.066310
59208	0.011772	-0.034134	0.065607
59209	0.012054	-0.034147	0.066487
59210	0.011408	-0.034340	0.066766
59211	0.011643	-0.034356	0.067631
59212	0.011832	-0.034338	0.067707
59213	0.011387	-0.035341	0.067915
59214	0.012591	-0.035116	0.068670
59215	0.011991	-0.034253	0.066150
59216	0.011345	-0.034446	0.066429
59217	0.011696	-0.034363	0.067401
59218	0.012900	-0.034138	0.068155
59219	0.012648	-0.033156	0.067531
59220	0.013246	-0.034007	0.068386
59221	0.012385	-0.035129	0.066673
59222	0.013589	-0.034905	0.067427
59223	0.013346	-0.034090	0.066623
59224	0.013944	-0.034941	0.067478
59225	0.013916	-0.034905	0.066655
59226	0.014105	-0.034888	0.066731
59227	0.013399	-0.034998	0.067091
59228	0.014015	-0.033901	0.066186
59229	0.013741	-0.034908	0.067273
59230	0.014946	-0.034683	0.068028
59231	0.012155	-0.035329	0.066878
59232	0.011935	-0.034443	0.066176
59233	0.013398	-0.035134	0.065894
59234	0.013162	-0.036197	0.066951
59235	0.013419	-0.036182	0.067063
59236	0.013608	-0.036165	0.067139
59237	0.013758	-0.036996	0.066202
59238	0.013292	-0.037193	0.067362
59239	0.012438	-0.037230	0.067774
59240	0.013462	-0.037001	0.067647
59241	0.012507	-0.035516	0.068056
59242	0.012516	-0.035495	0.067250
59243	0.012529	-0.035613	0.066246
59244	0.012113	-0.036672	0.066422
59245	0.012993	-0.035541	0.067317
59246	0.014198	-0.035316	0.068070
59247	0.011774	-0.035911	0.068705
59248	0.011194	-0.035016	0.066240
59249	0.013005	-0.037334	0.066704
59250	0.011950	-0.036658	0.066204
59251	0.011012	-0.036903	0.066381
59252	0.011479	-0.038612	0.065368
59253	0.011703	-0.038543	0.065499
59254	0.010877	-0.038733	0.064896
59255	0.010189	-0.038904	0.065154
59256	0.010788	-0.039756	0.066007
59257	0.009315	-0.038205	0.064733
59258	0.010158	-0.037973	0.063724
59259	0.011319	-0.037743	0.063567
59260	0.010902	-0.038802	0.063742
59261	0.011236	-0.038724	0.064728
59262	0.008283	-0.037605	0.064739
59263	0.010817	-0.036991	0.064125
59264	0.008502	-0.037607	0.064811
59265	0.009587	-0.038194	0.064586
59266	0.008761	-0.038383	0.063984
59267	0.008517	-0.040400	0.063886
59268	0.007872	-0.040594	0.064165
59269	0.008405	-0.040591	0.065109
59270	0.007153	-0.041861	0.065487
59271	0.007320	-0.040960	0.066552
59272	0.007982	-0.040724	0.064662
59273	0.007277	-0.040903	0.064930
59274	0.007892	-0.039805	0.064024
59275	0.008019	-0.038768	0.064381
59276	0.008028	-0.038746	0.063575
59277	0.007083	-0.038924	0.062947
59278	0.007043	-0.038042	0.063126
59279	0.008038	-0.037913	0.062850
59280	0.008638	-0.038765	0.063702
59281	0.007832	-0.038190	0.063962
59282	0.008021	-0.038173	0.064036
59283	0.007796	-0.038203	0.063142
59284	0.007805	-0.038182	0.062336
59285	0.007546	-0.037354	0.061519
59286	0.006719	-0.037544	0.060916
59287	0.006298	-0.036697	0.060134
59288	0.006898	-0.037550	0.060986
59289	0.005926	-0.036047	0.062306
59290	0.005982	-0.036887	0.060514
59291	0.005309	-0.037185	0.060640
59292	0.005270	-0.036303	0.060818
59293	0.005980	-0.037079	0.061731
59294	0.005941	-0.036197	0.061910
59295	0.005898	-0.035217	0.063009
59296	0.006497	-0.036070	0.063860
59297	0.005754	-0.035458	0.064176
59298	0.005715	-0.034576	0.064355
59299	0.005130	-0.035628	0.064488
59300	0.005320	-0.035611	0.064562
59301	0.005627	-0.035687	0.064516
59302	0.004801	-0.035877	0.063913
59303	0.006231	-0.035646	0.065554
59304	0.006831	-0.036499	0.066405
59305	0.005048	-0.036107	0.066870
59306	0.005466	-0.036956	0.066840
59307	0.006017	-0.035888	0.065871
59308	0.004538	-0.036294	0.066352
59309	0.004899	-0.037172	0.066261
59310	0.004436	-0.037372	0.067420
59311	0.003643	-0.034786	0.066850
59312	0.003455	-0.036711	0.066919
59313	0.004200	-0.036515	0.065843
59314	0.004618	-0.037364	0.065813
59315	0.003855	-0.036760	0.066962
59316	0.004045	-0.036743	0.067036
59317	0.002816	-0.038199	0.067178
59318	0.004022	-0.037976	0.067929
59319	0.003298	-0.035433	0.067337
59320	0.003898	-0.036287	0.068187
59321	0.007928	-0.036437	0.059825
59322	0.008353	-0.037289	0.059785
59323	0.009189	-0.037099	0.059558
59324	0.009204	-0.037081	0.058741
59325	0.007006	-0.039456	0.058239
59326	0.006517	-0.036846	0.058617
59327	0.007567	-0.036651	0.058465
59328	0.007387	-0.038580	0.058524
59329	0.009292	-0.037322	0.059077
59330	0.009307	-0.037304	0.058261
59331	0.009116	-0.037299	0.058232
59332	0.008479	-0.037497	0.058500
59333	0.010160	-0.036277	0.059037
59334	0.010585	-0.037129	0.058997
59335	0.007783	-0.037800	0.057784
59336	0.007933	-0.036926	0.058834
59337	0.006711	-0.036278	0.058228
59338	0.007514	-0.035188	0.058193
59339	0.007436	-0.035262	0.058120
59340	0.006798	-0.035460	0.058388
59341	0.008516	-0.035021	0.058011
59342	0.007696	-0.035214	0.057398
59343	0.007016	-0.038246	0.058366
59344	0.006378	-0.038444	0.058633
59345	0.006339	-0.038409	0.057809
59346	0.006536	-0.038396	0.057873
59347	0.007026	-0.039336	0.057711
59348	0.007223	-0.039323	0.057774
59349	0.006717	-0.040414	0.057883
59350	0.007930	-0.040195	0.058623
59351	0.009412	-0.038960	0.057350
59352	0.008410	-0.039148	0.055856
59353	0.007443	-0.038550	0.056130
59354	0.008657	-0.038331	0.056870
59355	0.008806	-0.038344	0.056894
59356	0.007986	-0.038538	0.056281
59357	0.007859	-0.037654	0.055524
59358	0.007039	-0.037848	0.054910
59359	0.005907	-0.036369	0.055280
59360	0.008183	-0.036804	0.055711
59361	0.007388	-0.037028	0.055897
59362	0.006979	-0.038092	0.056059
59363	0.006975	-0.037229	0.056192
59364	0.006566	-0.038293	0.056354
59365	0.005223	-0.039453	0.055955
59366	0.006436	-0.039234	0.056694
59367	0.005681	-0.039410	0.056929
59368	0.006255	-0.037455	0.056999
59369	0.006375	-0.037293	0.057166
59370	0.005966	-0.038357	0.057328
59371	0.005756	-0.037451	0.057440
59372	0.005347	-0.038515	0.057602
59373	0.004320	-0.037855	0.057046
59374	0.004746	-0.038708	0.057004
59375	0.005746	-0.038415	0.056890
59376	0.005051	-0.039706	0.059898
59377	0.005787	-0.038672	0.059759
59378	0.005149	-0.038871	0.060026
59379	0.005225	-0.038840	0.060053
59380	0.006257	-0.038616	0.059912
59381	0.007134	-0.038379	0.059733
59382	0.004645	-0.038995	0.059529
59383	0.005290	-0.038779	0.057573
59384	0.005899	-0.039637	0.058411
59385	0.005596	-0.038888	0.057491
59386	0.006204	-0.039746	0.058329
59387	0.006136	-0.039821	0.057350
59388	0.005727	-0.040886	0.057511
59389	0.005243	-0.041101	0.058598
59390	0.004423	-0.041295	0.057984
59391	0.004948	-0.042148	0.058823
59392	0.004734	-0.041265	0.058110
59393	0.004913	-0.042975	0.057011
59394	0.005110	-0.042963	0.057074
59395	0.003598	-0.043355	0.057556
59396	0.003977	-0.043348	0.058499
59397	0.002963	-0.043571	0.057807
59398	0.002509	-0.043776	0.058955
59399	0.003196	-0.043612	0.056995
59400	0.003805	-0.044471	0.057832
59401	0.003879	-0.044431	0.057054
59402	0.002179	-0.043977	0.057631
59403	0.002249	-0.043957	0.057685
59404	0.002081	-0.043934	0.055986
59405	0.001075	-0.043252	0.056342
59406	0.001135	-0.044094	0.054537
59407	0.002177	-0.043909	0.054300
59408	0.002786	-0.044768	0.055137
59409	0.000325	-0.043428	0.054855
59410	0.000339	-0.043410	0.054037
59411	-0.000731	-0.043669	0.053277
59412	-0.000351	-0.043662	0.054220
59413	-0.001964	-0.043952	0.053902
59414	-0.002362	-0.043064	0.052309
59415	-0.001381	-0.042685	0.052290
59416	-0.000772	-0.043545	0.053127
59417	-0.001646	-0.042884	0.053464
59418	-0.001678	-0.042006	0.053632
59419	-0.001028	-0.040767	0.053691
59420	-0.001015	-0.040750	0.052872
59421	0.000965	-0.040348	0.053373
59422	0.001390	-0.041201	0.053329
59423	-0.001001	-0.041848	0.053959
59424	-0.001216	-0.040965	0.053247
59425	-0.000371	-0.042667	0.053078
59426	-0.000220	-0.041795	0.054127
59427	-0.000155	-0.040764	0.054455
59428	-0.000746	-0.041824	0.053735
59429	-0.001451	-0.041972	0.054053
59430	-0.001850	-0.041084	0.052461
59431	-0.000969	-0.040793	0.052325
59432	-0.000360	-0.041653	0.053161
59433	-0.001035	-0.041936	0.052457
59434	-0.001717	-0.041276	0.053711
59435	-0.001746	-0.041113	0.053023
59436	-0.001961	-0.040230	0.052311
59437	-0.002548	-0.042271	0.051320
59438	-0.001334	-0.042053	0.052057
59439	-0.001973	-0.042097	0.052463
59440	-0.001821	-0.041225	0.053513
59441	-0.002629	-0.041497	0.053675
59442	-0.002432	-0.041485	0.053737
59443	-0.001689	-0.042425	0.054474
59444	-0.001675	-0.042407	0.053655
59445	-0.001666	-0.041556	0.054633
59446	-0.004154	-0.042174	0.054430
59447	-0.001618	-0.041498	0.053826
59448	-0.001009	-0.042358	0.054661
59449	-0.002505	-0.042608	0.054426
59450	-0.003326	-0.042802	0.053812
59451	-0.002144	-0.042584	0.053668
59452	-0.002130	-0.042566	0.052849
59453	-0.002645	-0.042801	0.053051
59454	-0.001430	-0.042583	0.053788
59455	-0.003832	-0.043137	0.054488
59456	-0.004047	-0.042254	0.053776
59457	-0.003426	-0.042945	0.054726
59458	-0.002395	-0.042722	0.054583
59459	-0.002668	-0.041852	0.053815
59460	-0.002654	-0.041834	0.052996
59461	-0.003063	-0.042974	0.053919
59462	-0.002216	-0.042745	0.052895
59463	-0.002868	-0.043030	0.053024
59464	-0.001837	-0.042806	0.052880
59465	-0.002404	-0.043027	0.053138
59466	-0.002435	-0.042150	0.053307
59467	-0.003064	-0.042406	0.053499
59468	-0.003884	-0.042601	0.052885
59469	-0.003145	-0.042403	0.051827
59470	-0.002719	-0.043257	0.051781
59471	-0.003345	-0.043490	0.051946
59472	-0.002314	-0.043267	0.051802
59473	-0.002719	-0.043334	0.052207
59474	-0.002522	-0.043322	0.052268
59475	-0.002416	-0.042445	0.052424
59476	-0.001569	-0.042215	0.051399
59477	0.000031	-0.040027	0.052162
59478	-0.002457	-0.040645	0.051958
59479	-0.001914	-0.040395	0.050052
59480	-0.002093	-0.042327	0.050104
59481	-0.000985	-0.042040	0.050865
59482	-0.000604	-0.042035	0.051806
59483	-0.000151	-0.042883	0.051715
59484	0.000046	-0.042872	0.051776
59485	0.000011	-0.044808	0.051826
59486	0.001227	-0.044592	0.052562
59487	0.000609	-0.044786	0.052783
59488	-0.001273	-0.044327	0.052482
59489	-0.000327	-0.044165	0.052250
59490	-0.000314	-0.044148	0.051430
59491	-0.000950	-0.044194	0.051834
59492	-0.000937	-0.044176	0.051014
59493	-0.000790	-0.044934	0.049273
59494	0.000426	-0.044718	0.050008
59495	-0.001480	-0.044303	0.049613
59496	-0.002484	-0.044491	0.048119
59497	-0.002222	-0.044509	0.049020
59498	-0.002024	-0.044498	0.049081
59499	-0.001916	-0.045366	0.048102
59500	-0.001490	-0.046221	0.048054
59501	-0.000645	-0.046037	0.046950
59502	-0.003590	-0.044924	0.046962
59503	-0.002577	-0.045754	0.049567
59504	-0.002793	-0.044871	0.048855
59505	-0.002923	-0.045817	0.046892
59506	-0.002540	-0.045813	0.047833
59507	-0.002647	-0.045900	0.046886
59508	-0.003283	-0.046101	0.047152
59509	-0.003743	-0.046327	0.047371
59510	-0.002527	-0.046111	0.048106
59511	-0.003064	-0.046433	0.048232
59512	-0.003280	-0.045550	0.047520
59513	-0.003240	-0.045484	0.046702
59514	-0.002998	-0.046332	0.045773
59515	-0.002452	-0.047169	0.046629
59516	-0.002298	-0.046300	0.047677
59517	-0.002836	-0.047318	0.046981
59518	-0.003287	-0.047526	0.048127
59519	-0.003312	-0.046671	0.047380
59520	-0.005194	-0.046213	0.047079
59521	0.003998	-0.042404	0.054170
59522	0.004250	-0.043245	0.053252
59523	0.004195	-0.042457	0.053325
59524	0.004176	-0.041573	0.053504
59525	0.004594	-0.041564	0.054421
59526	0.005031	-0.042412	0.054383
59527	0.004763	-0.041573	0.053591
59528	0.004138	-0.041768	0.053867
59529	0.004556	-0.041818	0.054769
59530	0.004536	-0.040935	0.054948
59531	0.004376	-0.040852	0.054154
59532	0.005419	-0.040622	0.054019
59533	0.004510	-0.040886	0.052443
59534	0.005318	-0.041748	0.054166
59535	0.004843	-0.042009	0.054347
59536	0.005096	-0.042851	0.053428
59537	0.004158	-0.042157	0.053814
59538	0.004552	-0.042147	0.054765
59539	0.004039	-0.042295	0.055062
59540	0.004618	-0.042292	0.056893
59541	0.003582	-0.041562	0.057294
59542	0.003192	-0.040665	0.055712
59543	0.002442	-0.040969	0.055859
59544	0.003064	-0.041824	0.056701
59545	0.004074	-0.041655	0.056493
59546	0.003265	-0.041843	0.055889
59547	0.002912	-0.040971	0.055123
59548	0.002893	-0.040088	0.055301
59549	0.003464	-0.040854	0.055336
59550	0.002655	-0.041042	0.054732
59551	0.003871	-0.040789	0.054575
59552	0.004865	-0.041659	0.057177
59553	0.003701	-0.041036	0.055748
59554	0.004139	-0.041884	0.055709
59555	0.003688	-0.042095	0.056827
59556	0.003108	-0.043149	0.056114
59557	0.003431	-0.043864	0.055288
59558	0.004659	-0.043642	0.056032
59559	0.003568	-0.042072	0.056533
59560	0.003401	-0.043999	0.056591
59561	0.002999	-0.042246	0.055965
59562	0.003437	-0.043094	0.055925
59563	0.003234	-0.042193	0.056081
59564	0.002801	-0.040437	0.055488
59565	0.001793	-0.040686	0.054766
59566	0.001355	-0.040889	0.055922
59567	-0.000878	-0.038593	0.055900
59568	-0.000254	-0.039449	0.056740
59569	-0.002202	-0.038987	0.055566
59570	-0.002640	-0.039190	0.056722
59571	-0.003112	-0.040332	0.057647
59572	-0.003089	-0.040307	0.056836
59573	-0.003806	-0.040355	0.057213
59574	-0.002949	-0.040119	0.056196
59575	-0.003636	-0.040317	0.056418
59576	-0.004717	-0.038781	0.056912
59577	-0.004902	-0.038746	0.056075
59578	-0.004878	-0.038721	0.055264
59579	-0.004576	-0.038684	0.056196
59580	-0.004367	-0.038667	0.056265
59581	-0.005347	-0.038903	0.054711
59582	-0.005367	-0.038020	0.054889
59583	-0.004378	-0.040639	0.055478
59584	-0.004583	-0.039748	0.054776
59585	-0.003419	-0.039468	0.055559
59586	-0.004085	-0.038805	0.056824
59587	-0.004500	-0.039027	0.057960
59588	-0.004477	-0.039002	0.057149
59589	-0.005472	-0.039277	0.055542
59590	-0.005948	-0.036662	0.055940
59591	-0.004939	-0.036449	0.055763
59592	-0.004315	-0.037306	0.056602
59593	-0.005082	-0.037541	0.055920
59594	-0.003997	-0.038170	0.054793
59595	-0.004689	-0.037592	0.055100
59596	-0.004479	-0.037575	0.055168
59597	-0.003618	-0.039224	0.055946
59598	-0.004513	-0.037696	0.057320
59599	-0.005367	-0.037896	0.057573
59600	-0.005945	-0.036990	0.055111
59601	-0.004707	-0.036738	0.055859
59602	-0.004455	-0.037579	0.054937
59603	-0.004324	-0.037502	0.055035
59604	-0.003886	-0.038351	0.054994
59605	-0.004344	-0.039438	0.055126
59606	-0.003527	-0.036384	0.053351
59607	-0.002888	-0.037296	0.054121
59608	-0.004387	-0.036846	0.055592
59609	-0.004419	-0.038706	0.056555
59610	-0.004209	-0.038689	0.056623
59611	-0.005168	-0.038874	0.056009
59612	-0.005978	-0.039062	0.055404
59613	-0.005528	-0.039016	0.055467
59614	-0.006338	-0.039204	0.054862
59615	-0.004900	-0.038888	0.054849
59616	-0.004275	-0.039745	0.055687
59617	-0.004573	-0.038807	0.055033
59618	-0.004967	-0.039869	0.055197
59619	-0.004076	-0.039672	0.054095
59620	-0.003867	-0.039656	0.054163
59621	-0.003629	-0.038768	0.056095
59622	-0.004812	-0.038941	0.053730
59623	-0.005480	-0.038982	0.054127
59624	-0.004482	-0.039854	0.056725
59625	-0.004757	-0.039830	0.054145
59626	-0.004962	-0.038940	0.053443
59627	-0.004601	-0.039850	0.053318
59628	-0.005035	-0.038094	0.052727
59629	-0.005382	-0.040040	0.052712
59630	-0.004153	-0.039819	0.053453
59631	-0.003477	-0.040802	0.054144
59632	-0.004474	-0.040982	0.052659
59633	-0.003215	-0.041558	0.053298
59634	-0.003192	-0.041533	0.052486
59635	-0.003084	-0.040561	0.052731
59636	-0.002645	-0.041410	0.052688
59637	-0.002501	-0.040635	0.053635
59638	-0.003311	-0.040824	0.053029
59639	-0.003250	-0.039831	0.054152
59640	-0.003829	-0.038925	0.051690
59641	-0.002215	-0.039447	0.052447
59642	-0.003066	-0.038778	0.052832
59643	-0.002324	-0.039543	0.053726
59644	-0.002529	-0.038653	0.053025
59645	-0.003975	-0.038147	0.054496
59646	-0.003993	-0.037264	0.054675
59647	-0.002907	-0.036998	0.054543
59648	-0.002656	-0.037839	0.053621
59649	-0.002838	-0.036062	0.053934
59650	-0.002628	-0.036045	0.054002
59651	-0.002532	-0.036058	0.053118
59652	-0.003155	-0.036255	0.053392
59653	-0.003195	-0.036257	0.053371
59654	-0.002757	-0.037106	0.053328
59655	-0.002428	-0.036340	0.054247
59656	-0.002634	-0.035450	0.053546
59657	-0.002926	-0.037444	0.053504
59658	-0.001696	-0.037223	0.054244
59659	-0.002729	-0.037521	0.053482
59660	-0.002519	-0.037505	0.053550
59661	-0.003459	-0.036853	0.053886
59662	-0.002604	-0.036616	0.052867
59663	-0.002399	-0.035788	0.053847
59664	-0.001774	-0.036646	0.054683
59665	-0.002597	-0.035912	0.055133
59666	-0.003406	-0.036100	0.054527
59667	-0.003214	-0.036082	0.054545
59668	-0.003045	-0.035209	0.055604
59669	-0.002624	-0.036057	0.055510
59670	-0.004307	-0.035601	0.056102
59671	-0.004017	-0.036444	0.055146
59672	-0.005472	-0.034893	0.053883
59673	-0.005072	-0.034112	0.055706
59674	-0.004405	-0.035828	0.055550
59675	-0.005283	-0.035265	0.055818
59676	-0.005718	-0.035470	0.056971
59677	-0.007347	-0.036603	0.056553
59678	-0.006908	-0.037453	0.056509
59679	-0.006808	-0.036686	0.057441
59680	-0.005765	-0.036457	0.057301
59681	-0.006799	-0.035792	0.056767
59682	-0.005528	-0.036429	0.056515
59683	-0.005224	-0.036312	0.057530
59684	-0.004785	-0.037162	0.057486
59685	-0.005696	-0.036544	0.056947
59686	-0.002801	-0.035898	0.057272
59687	-0.003802	-0.037273	0.058399
59688	-0.003216	-0.035313	0.058481
59689	-0.004613	-0.037438	0.057836
59690	-0.005423	-0.037627	0.057230
59691	-0.003999	-0.037450	0.057920
59692	-0.004581	-0.038504	0.057203
59693	-0.005075	-0.038718	0.057475
59694	-0.003845	-0.038498	0.058214
59695	-0.006257	-0.037878	0.056273
59696	-0.006503	-0.038093	0.058307
59697	-0.006431	-0.037989	0.057544
59698	-0.006180	-0.038831	0.056619
59699	-0.005945	-0.038625	0.056867
59700	-0.005923	-0.038601	0.056054
59701	-0.005218	-0.040466	0.054846
59702	-0.005693	-0.037853	0.055247
59703	-0.004597	-0.037716	0.054995
59704	-0.005138	-0.039628	0.053285
59705	-0.005558	-0.038941	0.055448
59706	-0.005495	-0.039774	0.053643
59707	-0.005293	-0.039759	0.053671
59708	-0.005311	-0.038877	0.053849
59709	-0.005392	-0.040718	0.053955
59710	-0.006243	-0.038087	0.052597
59711	-0.005477	-0.037969	0.052293
59712	-0.005306	-0.037096	0.053350
59713	-0.006332	-0.036447	0.052773
59714	-0.006310	-0.036423	0.051959
59715	-0.007298	-0.036695	0.051273
59716	-0.006859	-0.037546	0.051227
59717	-0.007473	-0.037709	0.051511
59718	-0.006618	-0.037472	0.050489
59719	-0.007457	-0.037734	0.050654
59720	-0.009785	-0.035538	0.050591
59721	-0.003047	-0.042798	0.055343
59722	-0.004118	-0.041270	0.055842
59723	-0.004097	-0.041289	0.055870
59724	-0.004108	-0.040414	0.056050
59725	-0.003152	-0.040124	0.055936
59726	-0.003955	-0.040319	0.055332
59727	-0.004586	-0.040379	0.055737
59728	-0.003079	-0.041889	0.055373
59729	-0.002970	-0.042947	0.057321
59730	-0.002941	-0.042928	0.056509
59731	-0.002313	-0.043633	0.057463
59732	-0.003156	-0.042971	0.057851
59733	-0.003312	-0.042930	0.056184
59734	-0.003323	-0.042055	0.056364
59735	-0.002134	-0.041865	0.056168
59736	-0.002292	-0.043801	0.056219
59737	-0.002144	-0.043767	0.056294
59738	-0.002155	-0.042892	0.056474
59739	-0.002861	-0.043044	0.056802
59740	-0.002643	-0.043035	0.056869
59741	-0.002970	-0.044909	0.056953
59742	-0.001732	-0.044696	0.057692
59743	-0.002866	-0.042064	0.055404
59744	-0.003896	-0.043357	0.056654
59745	-0.004188	-0.042459	0.056805
59746	-0.004159	-0.042441	0.055993
59747	-0.003730	-0.043313	0.055922
59748	-0.003512	-0.043304	0.055989
59749	-0.003702	-0.045250	0.056006
59750	-0.004169	-0.042643	0.056411
59751	-0.003468	-0.043393	0.057349
59752	-0.004916	-0.041847	0.056090
59753	-0.004715	-0.041812	0.056172
59754	-0.005141	-0.042025	0.057327
59755	-0.004892	-0.041972	0.057392
59756	-0.004031	-0.041741	0.056372
59757	-0.004480	-0.042011	0.057458
59758	-0.006611	-0.039830	0.058279
59759	-0.005508	-0.039614	0.058109
59760	-0.004873	-0.040481	0.058943
59761	-0.004236	-0.039490	0.057939
59762	-0.004810	-0.040552	0.057222
59763	-0.005610	-0.039868	0.057636
59764	-0.006453	-0.039207	0.058024
59765	-0.007286	-0.039456	0.057341
59766	-0.007711	-0.039670	0.058495
59767	-0.008333	-0.039669	0.058924
59768	-0.006826	-0.041179	0.058558
59769	-0.007161	-0.039384	0.057986
59770	-0.006943	-0.039376	0.058053
59771	-0.006826	-0.039410	0.058025
59772	-0.006419	-0.039411	0.058971
59773	-0.005898	-0.040216	0.058926
59774	-0.007116	-0.041500	0.059295
59775	-0.005966	-0.041319	0.059083
59776	-0.004916	-0.041097	0.058942
59777	-0.005767	-0.040456	0.058391
59778	-0.005588	-0.039591	0.059450
59779	-0.005985	-0.038801	0.057766
59780	-0.004896	-0.039436	0.056632
59781	-0.005469	-0.039720	0.056791
59782	-0.005479	-0.038845	0.056971
59783	-0.002887	-0.038235	0.056312
59784	-0.003958	-0.036708	0.056813
59785	-0.004341	-0.037828	0.056896
59786	-0.003894	-0.038685	0.056849
59787	-0.003560	-0.038586	0.056959
59788	-0.003985	-0.038801	0.058113
59789	-0.005762	-0.040044	0.057624
59790	-0.004901	-0.039812	0.056603
59791	-0.004136	-0.040673	0.057405
59792	-0.003500	-0.041541	0.058238
59793	-0.004202	-0.040913	0.058566
59794	-0.003755	-0.041771	0.058519
59795	-0.003423	-0.041789	0.058511
59796	-0.003433	-0.040915	0.058691
59797	-0.002431	-0.040742	0.058465
59798	-0.003234	-0.040938	0.057859
59799	-0.002831	-0.040761	0.055855
59800	-0.003444	-0.040966	0.056129
59801	-0.002360	-0.040659	0.056945
59802	-0.002784	-0.040874	0.058099
59803	-0.002858	-0.040902	0.057189
59804	-0.002829	-0.040884	0.056375
59805	-0.003149	-0.041101	0.057507
59806	-0.003159	-0.040227	0.057687
59807	-0.002943	-0.041000	0.056800
59808	-0.002307	-0.041868	0.057631
59809	-0.003416	-0.041333	0.056986
59810	-0.003840	-0.041548	0.058140
59811	-0.003929	-0.041485	0.057309
59812	-0.004732	-0.041681	0.056704
59813	-0.005413	-0.041861	0.056985
59814	-0.004966	-0.042719	0.056937
59815	-0.005158	-0.041761	0.056280
59816	-0.006228	-0.040234	0.056782
59817	-0.005015	-0.040915	0.057351
59818	-0.004796	-0.040907	0.057417
59819	-0.005566	-0.041158	0.056750
59820	-0.006179	-0.041363	0.057024
59821	-0.006851	-0.041671	0.057189
59822	-0.006861	-0.040797	0.057369
59823	-0.006115	-0.040480	0.055529
59824	-0.005478	-0.041349	0.056360
59825	-0.006146	-0.041433	0.056709
59826	-0.006987	-0.040772	0.057097
59827	-0.006643	-0.040790	0.058008
59828	-0.007257	-0.040996	0.058282
59829	-0.007467	-0.041231	0.059369
59830	-0.008270	-0.041426	0.058763
59831	-0.007089	-0.040988	0.058790
59832	-0.008909	-0.043353	0.059252
59833	-0.008061	-0.042234	0.059236
59834	-0.007843	-0.042226	0.059302
59835	-0.007604	-0.042920	0.058504
59836	-0.007614	-0.042046	0.058684
59837	-0.007688	-0.041271	0.058747
59838	-0.008491	-0.041467	0.058141
59839	-0.008159	-0.042364	0.057149
59840	-0.006729	-0.042164	0.058765
59841	-0.007428	-0.042377	0.058991
59842	-0.007400	-0.042359	0.058177
59843	-0.008253	-0.042594	0.057487
59844	-0.008263	-0.041720	0.057666
59845	-0.007274	-0.042354	0.056480
59846	-0.009403	-0.040175	0.057305
59847	-0.008204	-0.039986	0.057103
59848	-0.007567	-0.040855	0.057933
59849	-0.008960	-0.041394	0.058261
59850	-0.008970	-0.040520	0.058440
59851	-0.008630	-0.040602	0.058406
59852	-0.008412	-0.040594	0.058471
59853	-0.008449	-0.038849	0.058748
59854	-0.009252	-0.039045	0.058142
59855	-0.008114	-0.038778	0.058003
59856	-0.007477	-0.039647	0.058832
59857	-0.008949	-0.040120	0.058319
59858	-0.009524	-0.041182	0.057598
59859	-0.008982	-0.041115	0.057694
59860	-0.009557	-0.042177	0.056973
59861	-0.009387	-0.041369	0.057963
59862	-0.008528	-0.041137	0.056940
59863	-0.009093	-0.041443	0.057115
59864	-0.008043	-0.041222	0.056971
59865	-0.007476	-0.042968	0.056762
59866	-0.007898	-0.043185	0.057915
59867	-0.007531	-0.043233	0.058776
59868	-0.008333	-0.043429	0.058170
59869	-0.009784	-0.044664	0.057664
59870	-0.008543	-0.044454	0.058399
59871	-0.009625	-0.041677	0.056304
59872	-0.008606	-0.042568	0.058891
59873	-0.008390	-0.043437	0.057023
59874	-0.007340	-0.043216	0.056878
59875	-0.008433	-0.041536	0.057513
59876	-0.009273	-0.040876	0.057901
59877	-0.008404	-0.039825	0.057798
59878	-0.009207	-0.040021	0.057192
59879	-0.008470	-0.040846	0.058032
59880	-0.010332	-0.040390	0.057750
59881	-0.011184	-0.039807	0.058929
59882	-0.010965	-0.039800	0.058993
59883	-0.010763	-0.039804	0.059021
59884	-0.011375	-0.040010	0.059294
59885	-0.010283	-0.039046	0.060896
59886	-0.011468	-0.039221	0.058532
59887	-0.010189	-0.039024	0.058324
59888	-0.009169	-0.039915	0.060910
59889	-0.009736	-0.038938	0.058495
59890	-0.009745	-0.038065	0.058674
59891	-0.010126	-0.039140	0.058788
59892	-0.008884	-0.038930	0.059522
59893	-0.009518	-0.039909	0.058829
59894	-0.008277	-0.039699	0.059563
59895	-0.008952	-0.037140	0.059021
59896	-0.009975	-0.038437	0.060267
59897	-0.010046	-0.037541	0.060451
59898	-0.010011	-0.039491	0.061372
59899	-0.009762	-0.039376	0.061525
59900	-0.009543	-0.039369	0.061589
59901	-0.009739	-0.039653	0.062633
59902	-0.008498	-0.039444	0.063366
59903	-0.008153	-0.040206	0.062480
59904	-0.007103	-0.039986	0.062335
59905	-0.008416	-0.038388	0.061094
59906	-0.008609	-0.039472	0.062130
59907	-0.007718	-0.039318	0.060979
59908	-0.008558	-0.038658	0.061367
59909	-0.009398	-0.038943	0.060636
59910	-0.009407	-0.038070	0.060815
59911	-0.008856	-0.039072	0.061470
59912	-0.007805	-0.038851	0.061324
59913	-0.008129	-0.037081	0.061610
59914	-0.007909	-0.037074	0.061674
59915	-0.007035	-0.036033	0.061561
59916	-0.007007	-0.036015	0.060746
59917	-0.005792	-0.035720	0.061504
59918	-0.006595	-0.035916	0.060897
59919	-0.006425	-0.034911	0.062086
59920	-0.006625	-0.034027	0.061386
59921	-0.005227	-0.036267	0.057008
59922	-0.006029	-0.036466	0.056395
59923	-0.004785	-0.036140	0.057196
59924	-0.005623	-0.035484	0.057577
59925	-0.005507	-0.035343	0.056835
59926	-0.003852	-0.034045	0.056588
59927	-0.004157	-0.033214	0.055779
59928	-0.003516	-0.034088	0.056598
59929	-0.003410	-0.032328	0.057787
59930	-0.002358	-0.032110	0.057634
59931	-0.002259	-0.032173	0.057603
59932	-0.003061	-0.032372	0.056989
59933	-0.003858	-0.032418	0.056495
59934	-0.000952	-0.031784	0.056802
59935	-0.002856	-0.032595	0.059098
59936	-0.003438	-0.031691	0.056633
59937	-0.001707	-0.033118	0.057218
59938	-0.002125	-0.033340	0.058362
59939	-0.003134	-0.033614	0.056742
59940	-0.003333	-0.032733	0.056035
59941	-0.002871	-0.033505	0.056002
59942	-0.003673	-0.033704	0.055389
59943	-0.002758	-0.033418	0.055256
59944	-0.002117	-0.034292	0.056074
59945	-0.002645	-0.033330	0.054510
59946	-0.002424	-0.033327	0.054565
59947	-0.002539	-0.033349	0.053703
59948	-0.003149	-0.033559	0.053968
59949	-0.004406	-0.034902	0.054241
59950	-0.003546	-0.034673	0.053208
59951	-0.003739	-0.033660	0.052641
59952	-0.004348	-0.033871	0.052906
59953	-0.002839	-0.035519	0.052360
59954	-0.003038	-0.034638	0.051654
59955	-0.002455	-0.034554	0.051725
59956	-0.002198	-0.035405	0.050785
59957	-0.001730	-0.035252	0.051853
59958	-0.001737	-0.034382	0.052025
59959	-0.001405	-0.035126	0.051188
59960	-0.000763	-0.036001	0.052006
59961	-0.000631	-0.035230	0.052937
59962	-0.000830	-0.034349	0.052230
59963	-0.000883	-0.034269	0.051441
59964	0.000361	-0.034063	0.052166
59965	0.000778	-0.035925	0.050964
59966	-0.000890	-0.035484	0.051555
59967	-0.000022	-0.035198	0.051428
59968	0.001897	-0.035622	0.050068
59969	0.001449	-0.035838	0.050325
59970	0.001670	-0.035835	0.050381
59971	0.001720	-0.034681	0.050807
59972	0.001942	-0.034678	0.050863
59973	0.000655	-0.036017	0.050287
59974	0.000192	-0.033414	0.050692
59975	0.001126	-0.036029	0.051213
59976	0.000927	-0.035147	0.050506
59977	0.002203	-0.034979	0.051157
59978	0.002424	-0.034976	0.051212
59979	0.002359	-0.034027	0.051417
59980	0.003193	-0.034914	0.053113
59981	0.002873	-0.033239	0.053325
59982	0.001614	-0.031706	0.052945
59983	0.002475	-0.031651	0.052632
59984	0.000660	-0.034024	0.053082
59985	0.000848	-0.034143	0.052965
59986	0.000876	-0.034128	0.052141
59987	0.000821	-0.035254	0.053105
59988	0.001043	-0.035251	0.053160
59989	0.000988	-0.037157	0.053207
59990	0.002232	-0.036952	0.053931
59991	0.001625	-0.037086	0.054242
59992	0.003883	-0.034708	0.053902
59993	0.002715	-0.036006	0.054227
59994	0.001878	-0.035351	0.054609
59995	0.002074	-0.036211	0.054536
59996	0.002067	-0.035342	0.054708
59997	0.002771	-0.034345	0.054535
59998	0.002425	-0.036277	0.053686
59999	0.001304	-0.037588	0.054876
60000	0.001105	-0.036707	0.054169
60001	0.002117	-0.036502	0.053978
60002	0.001735	-0.037580	0.054125
60003	0.002524	-0.037290	0.053134
60004	0.002745	-0.037287	0.053189
60005	0.003688	-0.037015	0.052166
60006	0.004933	-0.036810	0.052889
60007	0.002668	-0.037539	0.055222
60008	0.002082	-0.036633	0.052758
60009	0.003444	-0.036402	0.054422
60010	0.003630	-0.035545	0.055473
60011	0.002455	-0.034895	0.054926
60012	0.002904	-0.035759	0.054863
60013	0.003171	-0.035801	0.054848
60014	0.002708	-0.033199	0.055255
60015	0.003670	-0.032893	0.053364
60016	0.003061	-0.033105	0.053629
60017	0.004344	-0.033744	0.054218
60018	0.003507	-0.033090	0.054600
60019	0.004883	-0.032924	0.055259
60020	0.003852	-0.032257	0.054762
60021	0.004974	-0.031090	0.056560
60022	0.005424	-0.031954	0.056496
60023	0.005229	-0.031089	0.055754
60024	0.005872	-0.031966	0.056569
60025	0.005932	-0.032795	0.054689
60026	0.006528	-0.030845	0.054769
60027	0.006716	-0.030864	0.054791
60028	0.006744	-0.030849	0.053966
60029	0.007447	-0.029019	0.054803
60030	0.006644	-0.029219	0.054188
60031	0.006670	-0.029977	0.053306
60032	0.008177	-0.031494	0.052914
60033	0.007511	-0.030690	0.054291
60034	0.006902	-0.030902	0.054556
60035	0.007302	-0.031826	0.054410
60036	0.006921	-0.032905	0.054556
60037	0.007277	-0.033787	0.054447
60038	0.006406	-0.032279	0.055826
60039	0.007038	-0.033167	0.056599
60040	0.007680	-0.034044	0.057414
60041	0.006338	-0.032492	0.057037
60042	0.007583	-0.032288	0.057760
60043	0.007179	-0.033329	0.057902
60044	0.006570	-0.033541	0.058166
60045	0.006887	-0.033380	0.058355
60046	0.006085	-0.033580	0.057741
60047	0.006840	-0.033389	0.057513
60048	0.007483	-0.034266	0.058328
60049	0.006511	-0.033595	0.058705
60050	0.007369	-0.033366	0.057670
60051	0.007151	-0.034463	0.058639
60052	0.007406	-0.035315	0.057696
60053	0.008114	-0.035191	0.056526
60054	0.007311	-0.035391	0.055912
60055	0.008330	-0.035152	0.055765
60056	0.006925	-0.036433	0.055242
60057	0.005861	-0.035748	0.054752
60058	0.006298	-0.034640	0.052956
60059	0.006430	-0.034531	0.053086
60060	0.006617	-0.033676	0.054137
60061	0.005871	-0.034709	0.053382
60062	0.007981	-0.035145	0.052896
60063	0.008986	-0.034985	0.052661
60064	0.009629	-0.035862	0.053475
60065	0.009644	-0.034907	0.053685
60066	0.008842	-0.035107	0.053070
60067	0.009657	-0.035000	0.052778
60068	0.009685	-0.034986	0.051953
60069	0.008984	-0.035890	0.051327
60070	0.010229	-0.035687	0.052049
60071	0.010022	-0.034770	0.051348
60072	0.011053	-0.035674	0.053918
60073	0.009935	-0.034017	0.053644
60074	0.010156	-0.034015	0.053697
60075	0.010215	-0.034066	0.053658
60076	0.011073	-0.033837	0.052623
60077	0.010815	-0.032990	0.052735
60078	0.011264	-0.033855	0.052669
60079	0.010367	-0.034052	0.052914
60080	0.010166	-0.033171	0.052208
60081	0.011271	-0.033727	0.052009
60082	0.011686	-0.033738	0.052940
60083	0.011517	-0.032865	0.053115
60084	0.011544	-0.032850	0.052290
60085	0.011818	-0.032927	0.053138
60086	0.010607	-0.034222	0.053493
60087	0.010228	-0.033369	0.052746
60088	0.012532	-0.033818	0.053137
60089	0.011272	-0.033182	0.052594
60090	0.010435	-0.032528	0.052977
60091	0.011540	-0.032302	0.052777
60092	0.010509	-0.031636	0.052282
60093	0.012340	-0.031136	0.051957
60094	0.010740	-0.032404	0.050555
60095	0.010110	-0.032495	0.050895
60096	0.011550	-0.032305	0.052495
60097	0.010616	-0.031693	0.051938
60098	0.012089	-0.032356	0.052539
60099	0.012262	-0.031404	0.052770
60100	0.011654	-0.031617	0.053034
60101	0.012027	-0.032553	0.051982
60102	0.013273	-0.032350	0.052703
60103	0.011042	-0.033001	0.055115
60104	0.010452	-0.032094	0.052652
60105	0.011698	-0.031949	0.053298
60106	0.010667	-0.031283	0.052803
60107	0.010819	-0.031460	0.052651
60108	0.011041	-0.031459	0.052704
60109	0.011196	-0.031470	0.052711
60110	0.012442	-0.031267	0.053431
60111	0.009897	-0.031835	0.052369
60112	0.010492	-0.029886	0.052450
60113	0.009654	-0.030026	0.051880
60114	0.009453	-0.029145	0.051174
60115	0.009819	-0.029174	0.052066
60116	0.009423	-0.028279	0.050481
60117	0.008805	-0.027769	0.051583
60118	0.009254	-0.028635	0.051516
60119	0.008846	-0.027942	0.050593
60120	0.009490	-0.028821	0.051404
60121	-0.003883	-0.031452	0.053445
60122	-0.003874	-0.031440	0.052620
60123	-0.003573	-0.031505	0.052553
60124	-0.002767	-0.030425	0.052515
60125	-0.003257	-0.031515	0.052617
60126	-0.002418	-0.031288	0.051581
60127	-0.004408	-0.032051	0.053899
60128	-0.006287	-0.031603	0.053616
60129	-0.006166	-0.031598	0.054526
60130	-0.006792	-0.031814	0.054790
60131	-0.007522	-0.032141	0.054024
60132	-0.007123	-0.032157	0.054955
60133	-0.007001	-0.033117	0.053888
60134	-0.005382	-0.032944	0.056365
60135	-0.007780	-0.033467	0.057112
60136	-0.007202	-0.031521	0.057194
60137	-0.008167	-0.031734	0.056519
60138	-0.007540	-0.032616	0.057331
60139	-0.008164	-0.032814	0.057610
60140	-0.006935	-0.032615	0.058330
60141	-0.005741	-0.032385	0.059046
60142	-0.006952	-0.032561	0.056675
60143	-0.006390	-0.033465	0.057449
60144	-0.005421	-0.031546	0.059287
60145	-0.006537	-0.031683	0.057834
60146	-0.006757	-0.030805	0.057129
60147	-0.005913	-0.029896	0.057803
60148	-0.006734	-0.030099	0.057189
60149	-0.006431	-0.030106	0.057205
60150	-0.005203	-0.029906	0.057925
60151	-0.005867	-0.030179	0.058102
60152	-0.006086	-0.029301	0.057396
60153	-0.006093	-0.029373	0.056440
60154	-0.005889	-0.029375	0.056493
60155	-0.006141	-0.029641	0.057566
60156	-0.006556	-0.028749	0.055982
60157	-0.006514	-0.027787	0.057099
60158	-0.006083	-0.028656	0.057032
60159	-0.006049	-0.027760	0.056295
60160	-0.007081	-0.029072	0.057528
60161	-0.008026	-0.029240	0.056041
60162	-0.008050	-0.028375	0.056213
60163	-0.007791	-0.028368	0.056285
60164	-0.007587	-0.028370	0.056338
60165	-0.007375	-0.029078	0.055511
60166	-0.006944	-0.029947	0.055443
60167	-0.006725	-0.029059	0.056494
60168	-0.004845	-0.030607	0.057851
60169	-0.005878	-0.029960	0.057321
60170	-0.006927	-0.029297	0.056827
60171	-0.006185	-0.028260	0.057608
60172	-0.005347	-0.028034	0.056571
60173	-0.005194	-0.028003	0.056611
60174	-0.004371	-0.028900	0.058299
60175	-0.004925	-0.027878	0.055922
60176	-0.005957	-0.029191	0.057155
60177	-0.006529	-0.026589	0.057572
60178	-0.006129	-0.026605	0.058503
60179	-0.006201	-0.027785	0.060318
60180	-0.006225	-0.026921	0.060491
60181	-0.005892	-0.027700	0.060500
60182	-0.007120	-0.028999	0.060854
60183	-0.006484	-0.028232	0.063590
60184	-0.004995	-0.029753	0.063189
60185	-0.006880	-0.029341	0.062868
60186	-0.006074	-0.028261	0.062829
60187	-0.006264	-0.027451	0.062047
60188	-0.005230	-0.027238	0.061887
60189	-0.005034	-0.027314	0.061863
60190	-0.004666	-0.026478	0.063792
60191	-0.005755	-0.026549	0.062424
60192	-0.004316	-0.025241	0.061296
60193	-0.004875	-0.026315	0.061425
60194	-0.003645	-0.026116	0.062144
60195	-0.003963	-0.027122	0.062320
60196	-0.004183	-0.026244	0.061615
60197	-0.004797	-0.026393	0.061914
60198	-0.004022	-0.024461	0.062875
60199	-0.004160	-0.025311	0.060128
60200	-0.003532	-0.026195	0.060937
60201	-0.003573	-0.025315	0.060197
60202	-0.004426	-0.024666	0.060581
60203	-0.003397	-0.024485	0.060385
60204	-0.002591	-0.023406	0.060347
60205	-0.004846	-0.023015	0.059084
60206	-0.003224	-0.022845	0.061558
60207	-0.003442	-0.021938	0.060841
60208	-0.004067	-0.022156	0.061104
60209	-0.002534	-0.022957	0.062442
60210	-0.002526	-0.022946	0.061616
60211	-0.002639	-0.022929	0.060774
60212	-0.003037	-0.024014	0.060916
60213	-0.003552	-0.024400	0.061878
60214	-0.004373	-0.024604	0.061263
60215	-0.003967	-0.025475	0.062048
60216	-0.001274	-0.024833	0.061465
60217	-0.003213	-0.024338	0.061221
60218	-0.003009	-0.024341	0.061272
60219	-0.003142	-0.025438	0.062241
60220	-0.001881	-0.026093	0.061959
60221	-0.003434	-0.025200	0.059852
60222	-0.002204	-0.025002	0.060569
60223	-0.002734	-0.025230	0.060789
60224	-0.002561	-0.024381	0.061840
60225	-0.001155	-0.025885	0.061426
60226	-0.000515	-0.025644	0.059510
60227	-0.001416	-0.025743	0.058970
60228	-0.001212	-0.025746	0.059021
60229	-0.000716	-0.024686	0.058061
60230	-0.000296	-0.026682	0.060715
60231	-0.001297	-0.024129	0.060198
60232	-0.000669	-0.025013	0.061006
60233	-0.002823	-0.024452	0.059916
60234	-0.001986	-0.024226	0.058877
60235	-0.001809	-0.024166	0.058966
60236	-0.001377	-0.025036	0.058896
60237	-0.002122	-0.024427	0.060108
60238	-0.001690	-0.025297	0.060038
60239	-0.002553	-0.025654	0.060165
60240	-0.002773	-0.024776	0.059460
60241	-0.002610	-0.024755	0.059502
60242	-0.001576	-0.024543	0.059341
60243	-0.002317	-0.024814	0.058652
60244	-0.002310	-0.024803	0.057825
60245	-0.004087	-0.026109	0.056374
60246	-0.003706	-0.024149	0.055579
60247	-0.003639	-0.023396	0.054729
60248	-0.003011	-0.024281	0.055535
60249	-0.002836	-0.024137	0.055707
60250	-0.002829	-0.024126	0.054880
60251	-0.002571	-0.024200	0.054800
60252	-0.003621	-0.023538	0.054306
60253	-0.002888	-0.023415	0.054044
60254	-0.003710	-0.023620	0.053429
60255	-0.003207	-0.023353	0.051498
60256	-0.004236	-0.024669	0.052729
60257	-0.004267	-0.024541	0.051982
60258	-0.004695	-0.024775	0.053122
60259	-0.004344	-0.025621	0.053048
60260	-0.004969	-0.025840	0.053310
60261	-0.003958	-0.026551	0.052072
60262	-0.004436	-0.023954	0.052489
60263	-0.003253	-0.026533	0.053056
60264	-0.002675	-0.024588	0.053139
60265	-0.002820	-0.025698	0.054119
60266	-0.002813	-0.025687	0.053292
60267	-0.003494	-0.025911	0.053508
60268	-0.003487	-0.025899	0.052681
60269	-0.004053	-0.026968	0.052815
60270	-0.005735	-0.026536	0.053412
60271	-0.005146	-0.026410	0.053145
60272	-0.004921	-0.028393	0.054919
60273	-0.004289	-0.027249	0.054911
60274	-0.004283	-0.027238	0.054083
60275	-0.004709	-0.028341	0.054183
60276	-0.005137	-0.028575	0.055323
60277	-0.005614	-0.029717	0.055382
60278	-0.006032	-0.028825	0.053799
60279	-0.004642	-0.031655	0.055905
60280	-0.004863	-0.030777	0.055199
60281	-0.004404	-0.030721	0.055258
60282	-0.003371	-0.030510	0.055095
60283	-0.004253	-0.030869	0.054322
60284	-0.003417	-0.030643	0.053282
60285	-0.003058	-0.030651	0.054221
60286	-0.003889	-0.031983	0.056328
60287	-0.005150	-0.032169	0.054829
60288	-0.007029	-0.031722	0.054548
60289	-0.005611	-0.030743	0.056153
60290	-0.006236	-0.030963	0.056415
60291	-0.005927	-0.030130	0.057444
60292	-0.005950	-0.029267	0.057617
60293	-0.006955	-0.028737	0.057874
60294	-0.007777	-0.028941	0.057258
60295	-0.008675	-0.029253	0.057427
60296	-0.008905	-0.029502	0.059444
60297	-0.006990	-0.029765	0.058197
60298	-0.007013	-0.028902	0.058369
60299	-0.006830	-0.028793	0.058505
60300	-0.006824	-0.028783	0.057677
60301	-0.007254	-0.029131	0.058700
60302	-0.007277	-0.028268	0.058872
60303	-0.007068	-0.029229	0.057794
60304	-0.006490	-0.027284	0.057877
60305	-0.006029	-0.028042	0.057894
60306	-0.005993	-0.028883	0.056065
60307	-0.006269	-0.028014	0.056224
60308	-0.006035	-0.028871	0.055272
60309	-0.005114	-0.028596	0.055151
60310	-0.007594	-0.029232	0.054960
60311	-0.005368	-0.029626	0.055381
60312	-0.005992	-0.029846	0.055643
60313	-0.006025	-0.028849	0.055899
60314	-0.005820	-0.028854	0.055948
60315	-0.005965	-0.027923	0.056158
60316	-0.007015	-0.027261	0.055665
60317	-0.005971	-0.027039	0.056365
60318	-0.005994	-0.026177	0.056537
60319	-0.006219	-0.025351	0.055742
60320	-0.007247	-0.026669	0.056970
60321	-0.007607	-0.029252	0.053927
60322	-0.007403	-0.029260	0.053974
60323	-0.007414	-0.028409	0.054104
60324	-0.007210	-0.028416	0.054150
60325	-0.006792	-0.028408	0.055994
60326	-0.007615	-0.028616	0.055376
60327	-0.007211	-0.028412	0.053412
60328	-0.009949	-0.027334	0.054343
60329	-0.008126	-0.028027	0.055780
60330	-0.008751	-0.028251	0.056039
60331	-0.009359	-0.028443	0.056299
60332	-0.008928	-0.029318	0.056222
60333	-0.008670	-0.029388	0.057051
60334	-0.009493	-0.029597	0.056432
60335	-0.009207	-0.029204	0.054670
60336	-0.008578	-0.030094	0.055470
60337	-0.010614	-0.029636	0.055181
60338	-0.009984	-0.030527	0.055981
60339	-0.011040	-0.029928	0.055411
60340	-0.009809	-0.029736	0.056122
60341	-0.010964	-0.029099	0.055586
60342	-0.010533	-0.029973	0.055509
60343	-0.009653	-0.029662	0.055424
60344	-0.012390	-0.028583	0.056356
60345	-0.010560	-0.028985	0.054975
60346	-0.009330	-0.028792	0.055686
60347	-0.009170	-0.028847	0.056563
60348	-0.009164	-0.028839	0.055732
60349	-0.009893	-0.029021	0.055979
60350	-0.009462	-0.029896	0.055901
60351	-0.008387	-0.029646	0.055729
60352	-0.007757	-0.030537	0.056529
60353	-0.008539	-0.030800	0.056694
60354	-0.008563	-0.029941	0.056864
60355	-0.009515	-0.031024	0.055200
60356	-0.009311	-0.031032	0.055246
60357	-0.009323	-0.030092	0.055455
60358	-0.010544	-0.030269	0.053081
60359	-0.010046	-0.030983	0.054044
60360	-0.011926	-0.030541	0.053762
60361	-0.011047	-0.031301	0.052474
60362	-0.011871	-0.031509	0.051856
60363	-0.010782	-0.032158	0.050651
60364	-0.011407	-0.032382	0.050910
60365	-0.010399	-0.032179	0.050705
60366	-0.009512	-0.034788	0.050378
60367	-0.010342	-0.034993	0.050633
60368	-0.012221	-0.034551	0.050352
60369	-0.010750	-0.034111	0.048195
60370	-0.011602	-0.033469	0.048578
60371	-0.011334	-0.034333	0.047595
60372	-0.011958	-0.034558	0.047854
60373	-0.011451	-0.035368	0.048695
60374	-0.012275	-0.035577	0.048077
60375	-0.010969	-0.035447	0.049581
60376	-0.012393	-0.036739	0.049051
60377	-0.010847	-0.036518	0.048470
60378	-0.011472	-0.036743	0.048728
60379	-0.011524	-0.035884	0.048864
60380	-0.011950	-0.036125	0.050001
60381	-0.011274	-0.034945	0.050048
60382	-0.012496	-0.035122	0.047675
60383	-0.011718	-0.035078	0.047356
60384	-0.014000	-0.035735	0.048041
60385	-0.012948	-0.035607	0.047764
60386	-0.013345	-0.036699	0.047898
60387	-0.014304	-0.036106	0.048204
60388	-0.014101	-0.036115	0.048250
60389	-0.014654	-0.037215	0.048345
60390	-0.015076	-0.036324	0.046760
60391	-0.013820	-0.039001	0.049029
60392	-0.013243	-0.037059	0.049110
60393	-0.014207	-0.037114	0.048621
60394	-0.013776	-0.037990	0.048541
60395	-0.013442	-0.038058	0.049386
60396	-0.013839	-0.039150	0.049520
60397	-0.013078	-0.038880	0.048485
60398	-0.013902	-0.039089	0.047866
60399	-0.014433	-0.039228	0.048189
60400	-0.013856	-0.037286	0.048270
60401	-0.013655	-0.037259	0.048326
60402	-0.013224	-0.038135	0.048246
60403	-0.014139	-0.038317	0.047635
60404	-0.014536	-0.039409	0.047769
60405	-0.015217	-0.036802	0.047285
60406	-0.014330	-0.039412	0.046956
60407	-0.014984	-0.039568	0.047274
60408	-0.013949	-0.038229	0.044385
60409	-0.013777	-0.038291	0.044369
60410	-0.013373	-0.038316	0.045292
60411	-0.013304	-0.038381	0.045270
60412	-0.013100	-0.038390	0.045314
60413	-0.012886	-0.039160	0.044412
60414	-0.013365	-0.036568	0.044831
60415	-0.013151	-0.037338	0.043929
60416	-0.012118	-0.037131	0.043760
60417	-0.013646	-0.037507	0.044294
60418	-0.012358	-0.039018	0.042998
60419	-0.012173	-0.038979	0.043057
60420	-0.013626	-0.039421	0.043529
60421	-0.013493	-0.039255	0.043711
60422	-0.013517	-0.038397	0.043881
60423	-0.013599	-0.037542	0.044942
60424	-0.013823	-0.036668	0.044234
60425	-0.012977	-0.038469	0.045760
60426	-0.012774	-0.038478	0.045805
60427	-0.012565	-0.038450	0.045871
60428	-0.012561	-0.038443	0.045038
60429	-0.012912	-0.038766	0.046983
60430	-0.014136	-0.038943	0.044609
60431	-0.012481	-0.037774	0.045120
60432	-0.012705	-0.036900	0.044413
60433	-0.013008	-0.037904	0.044611
60434	-0.011749	-0.038564	0.044317
60435	-0.012662	-0.038807	0.044541
60436	-0.012231	-0.039684	0.044460
60437	-0.011618	-0.040572	0.045228
60438	-0.011642	-0.039714	0.045398
60439	-0.012467	-0.039972	0.045634
60440	-0.011436	-0.039765	0.045465
60441	-0.011736	-0.038997	0.044650
60442	-0.012360	-0.039223	0.044908
60443	-0.012062	-0.039945	0.044968
60444	-0.011858	-0.039954	0.045013
60445	-0.011032	-0.038958	0.045780
60446	-0.011056	-0.038100	0.045950
60447	-0.011706	-0.038384	0.046150
60448	-0.011930	-0.037510	0.045442
60449	-0.011551	-0.038416	0.046202
60450	-0.011375	-0.037575	0.047249
60451	-0.011878	-0.038586	0.047434
60452	-0.011447	-0.039463	0.047353
60453	-0.009936	-0.038995	0.046099
60454	-0.010761	-0.039204	0.045480
60455	-0.010238	-0.040234	0.046120
60456	-0.008751	-0.041762	0.045699
60457	-0.009690	-0.041174	0.046019
60458	-0.009260	-0.042051	0.045937
60459	-0.008661	-0.040873	0.045078
60460	-0.009513	-0.040231	0.045462
60461	-0.009359	-0.040203	0.045526
60462	-0.009783	-0.040445	0.046661
60463	-0.010424	-0.039563	0.045959
60464	-0.011449	-0.040890	0.047182
60465	-0.011580	-0.039969	0.046498
60466	-0.011376	-0.039979	0.046542
60467	-0.011634	-0.040046	0.045636
60468	-0.011430	-0.040056	0.045680
60469	-0.011251	-0.040170	0.045618
60470	-0.012531	-0.038645	0.045250
60471	-0.011980	-0.038311	0.043376
60472	-0.013005	-0.039638	0.044599
60473	-0.012089	-0.038462	0.045531
60474	-0.011885	-0.038472	0.045575
60475	-0.011724	-0.038319	0.045761
60476	-0.013377	-0.038745	0.045356
60477	-0.012428	-0.038637	0.045077
60478	-0.012452	-0.037780	0.045247
60479	-0.014037	-0.038972	0.044820
60480	-0.014662	-0.039198	0.045077
60481	-0.013629	-0.038991	0.044882
60482	-0.013198	-0.039868	0.044800
60483	-0.013898	-0.039100	0.046210
60484	-0.014522	-0.039326	0.046468
60485	-0.014522	-0.039241	0.046609
60486	-0.015347	-0.039450	0.045990
60487	-0.016866	-0.039054	0.047435
60488	-0.014179	-0.038415	0.046836
60489	-0.015767	-0.038801	0.046454
60490	-0.015336	-0.039679	0.046371
60491	-0.014904	-0.039671	0.047316
60492	-0.014928	-0.038814	0.047486
60493	-0.015124	-0.037977	0.047630
60494	-0.015949	-0.038187	0.047011
60495	-0.015433	-0.037970	0.045057
60496	-0.016058	-0.038197	0.045315
60497	-0.015146	-0.038052	0.045078
60498	-0.013060	-0.038496	0.044566
60499	-0.013173	-0.038508	0.042787
60500	-0.014025	-0.037868	0.043171
60501	-0.014230	-0.038711	0.041351
60502	-0.012596	-0.038556	0.043811
60503	-0.013526	-0.036112	0.043200
60504	-0.014098	-0.038039	0.041450
60505	-0.013452	-0.037989	0.043310
60506	-0.013249	-0.037999	0.043353
60507	-0.013250	-0.037956	0.043453
60508	-0.013047	-0.037966	0.043496
60509	-0.012723	-0.036053	0.042630
60510	-0.012292	-0.036930	0.042547
60511	-0.012844	-0.035989	0.040108
60512	-0.014669	-0.038384	0.040541
60513	-0.014184	-0.037360	0.040470
60514	-0.014182	-0.037353	0.039636
60515	-0.014159	-0.037287	0.039743
60516	-0.014556	-0.038382	0.039874
60517	-0.014509	-0.037595	0.040854
60518	-0.013277	-0.037406	0.041560
60519	-0.014204	-0.034788	0.041126
60520	-0.013572	-0.035683	0.041919
60521	-0.017208	-0.025772	0.046904
60522	-0.016806	-0.025788	0.047833
60523	-0.017895	-0.025056	0.048306
60524	-0.017492	-0.025072	0.049235
60525	-0.018965	-0.025443	0.049768
60526	-0.017739	-0.024106	0.047765
60527	-0.017090	-0.024882	0.048665
60528	-0.017318	-0.023996	0.047967
60529	-0.018071	-0.024250	0.047284
60530	-0.018072	-0.024232	0.046459
60531	-0.016939	-0.023979	0.046313
60532	-0.015683	-0.024628	0.046024
60533	-0.015658	-0.023776	0.047072
60534	-0.015633	-0.024607	0.045243
60535	-0.016207	-0.024669	0.045657
60536	-0.016435	-0.023783	0.044959
60537	-0.016069	-0.023852	0.045809
60538	-0.015868	-0.023851	0.045861
60539	-0.015964	-0.023808	0.045946
60540	-0.015334	-0.024692	0.046748
60541	-0.015950	-0.024123	0.047938
60542	-0.016778	-0.024321	0.047327
60543	-0.016169	-0.025187	0.048133
60544	-0.015544	-0.024934	0.046216
60545	-0.016278	-0.025219	0.046398
60546	-0.017106	-0.025417	0.045788
60547	-0.016068	-0.025090	0.045722
60548	-0.016695	-0.025306	0.045988
60549	-0.017392	-0.025464	0.046302
60550	-0.016162	-0.025264	0.047016
60551	-0.015470	-0.024981	0.045115
60552	-0.017353	-0.024529	0.044847
60553	-0.015512	-0.023296	0.045397
60554	-0.015109	-0.023313	0.046325
60555	-0.015046	-0.023350	0.046329
60556	-0.014618	-0.024217	0.046253
60557	-0.013422	-0.023834	0.047151
60558	-0.014250	-0.024033	0.046540
60559	-0.015214	-0.024258	0.046789
60560	-0.014590	-0.024005	0.044872
60561	-0.015215	-0.024165	0.044283
60562	-0.016043	-0.024364	0.043673
60563	-0.016019	-0.023506	0.044728
60564	-0.015590	-0.024372	0.044652
60565	-0.015781	-0.023510	0.043917
60566	-0.014550	-0.023310	0.044630
60567	-0.016970	-0.023940	0.045327
60568	-0.015891	-0.025422	0.043154
60569	-0.016326	-0.022726	0.043684
60570	-0.016952	-0.022942	0.043950
60571	-0.016719	-0.022880	0.044055
60572	-0.016518	-0.022880	0.044106
60573	-0.018589	-0.022467	0.043788
60574	-0.019013	-0.022701	0.044931
60575	-0.019214	-0.023532	0.042189
60576	-0.018584	-0.024417	0.042989
60577	-0.019662	-0.024690	0.042283
60578	-0.018836	-0.024455	0.041242
60579	-0.018751	-0.024355	0.041389
60580	-0.018550	-0.024355	0.041440
60581	-0.019569	-0.024590	0.040783
60582	-0.019141	-0.025457	0.040706
60583	-0.020230	-0.026714	0.041990
60584	-0.020459	-0.025828	0.041292
60585	-0.019642	-0.027561	0.041065
60586	-0.020471	-0.027760	0.040454
60587	-0.020071	-0.028397	0.040619
60588	-0.019870	-0.028397	0.040670
60589	-0.018232	-0.026997	0.040523
60590	-0.018258	-0.026129	0.040702
60591	-0.020455	-0.026808	0.041334
60592	-0.021089	-0.025886	0.038883
60593	-0.019583	-0.027410	0.038434
60594	-0.020184	-0.028476	0.037696
60595	-0.019587	-0.029342	0.037598
60596	-0.020010	-0.029577	0.038741
60597	-0.019959	-0.029619	0.037836
60598	-0.020788	-0.029817	0.037226
60599	-0.020000	-0.027781	0.037390
60600	-0.021080	-0.026263	0.037913
60601	-0.020781	-0.027044	0.037931
60602	-0.020782	-0.027026	0.037105
60603	-0.021093	-0.027204	0.038304
60604	-0.020891	-0.027204	0.038355
60605	-0.020642	-0.028021	0.037416
60606	-0.020668	-0.027154	0.037595
60607	-0.020326	-0.026138	0.038820
60608	-0.020952	-0.026355	0.039086
60609	-0.020019	-0.026901	0.037101
60610	-0.019817	-0.026901	0.037152
60611	-0.020697	-0.027039	0.036600
60612	-0.021525	-0.027238	0.035989
60613	-0.022017	-0.027459	0.036230
60614	-0.021588	-0.028327	0.036152
60615	-0.021504	-0.027501	0.037170
60616	-0.021732	-0.026616	0.036473
60617	-0.020876	-0.028306	0.037203
60618	-0.021705	-0.028505	0.036593
60619	-0.020297	-0.028288	0.038203
60620	-0.020096	-0.028288	0.038253
60621	-0.019731	-0.026295	0.037481
60622	-0.020559	-0.026494	0.036870
60623	-0.020091	-0.027373	0.035847
60624	-0.021973	-0.026922	0.035580
60625	-0.021040	-0.025865	0.036391
60626	-0.020011	-0.025648	0.036226
60627	-0.020816	-0.025952	0.036370
60628	-0.021238	-0.026188	0.037512
60629	-0.020718	-0.024997	0.036698
60630	-0.021547	-0.025196	0.036087
60631	-0.020338	-0.027854	0.038378
60632	-0.019764	-0.025901	0.038471
60633	-0.021105	-0.026258	0.039019
60634	-0.020903	-0.026258	0.039069
60635	-0.020932	-0.026193	0.038292
60636	-0.020730	-0.026193	0.038342
60637	-0.021427	-0.026423	0.038576
60638	-0.020195	-0.026225	0.039287
60639	-0.020861	-0.026391	0.039604
60640	-0.021090	-0.025505	0.038906
60641	-0.019124	-0.025076	0.039408
60642	-0.020383	-0.024389	0.038050
60643	-0.019040	-0.024891	0.036998
60644	-0.019869	-0.025090	0.036387
60645	-0.017969	-0.024633	0.036017
60646	-0.020451	-0.025267	0.035838
60647	-0.017934	-0.024590	0.035258
60648	-0.017301	-0.025476	0.036055
60649	-0.019231	-0.025886	0.034752
60650	-0.019257	-0.025019	0.034932
60651	-0.019794	-0.025369	0.035018
60652	-0.019365	-0.026237	0.034938
60653	-0.019023	-0.027934	0.033865
60654	-0.019444	-0.028170	0.035007
60655	-0.020091	-0.028396	0.035245
60656	-0.020309	-0.028651	0.037264
60657	-0.020468	-0.028589	0.035575
60658	-0.020267	-0.028589	0.035625
60659	-0.020257	-0.029393	0.034726
60660	-0.020055	-0.029393	0.034776
60661	-0.020571	-0.030529	0.034834
60662	-0.017685	-0.029896	0.035113
60663	-0.019036	-0.027256	0.032893
60664	-0.018403	-0.028142	0.033689
60665	-0.019286	-0.028318	0.033094
60666	-0.020114	-0.028517	0.032483
60667	-0.018792	-0.028367	0.033116
60668	-0.018997	-0.028330	0.031413
60669	-0.017866	-0.027144	0.032375
60670	-0.018695	-0.027343	0.031764
60671	-0.018261	-0.028138	0.032669
60672	-0.018898	-0.027214	0.030219
60673	-0.018971	-0.026311	0.031339
60674	-0.018769	-0.026312	0.031389
60675	-0.018344	-0.026377	0.032234
60676	-0.018142	-0.026378	0.032284
60677	-0.017235	-0.025335	0.033086
60678	-0.016806	-0.026203	0.033006
60679	-0.017128	-0.025260	0.032371
60680	-0.016903	-0.026109	0.031414
60681	-0.018157	-0.026492	0.031925
60682	-0.017356	-0.025408	0.031888
60683	-0.016974	-0.026333	0.031725
60684	-0.017000	-0.025467	0.031904
60685	-0.015988	-0.025099	0.031907
60686	-0.018470	-0.025734	0.031728
60687	-0.017989	-0.026682	0.032440
60688	-0.016506	-0.028200	0.032013
60689	-0.016710	-0.026601	0.032138
60690	-0.016735	-0.025734	0.032317
60691	-0.016028	-0.024530	0.031513
60692	-0.016449	-0.024768	0.032655
60693	-0.015568	-0.024433	0.031720
60694	-0.016792	-0.025737	0.032071
60695	-0.016231	-0.026593	0.032889
60696	-0.015202	-0.026376	0.032722
60697	-0.016875	-0.026561	0.032602
60698	-0.017500	-0.026780	0.032867
60699	-0.017490	-0.026637	0.032171
60700	-0.018115	-0.026856	0.032436
60701	-0.017749	-0.027859	0.032169
60702	-0.018578	-0.028059	0.031558
60703	-0.018839	-0.029912	0.031681
60704	-0.018205	-0.030799	0.032476
60705	-0.020110	-0.030376	0.032168
60706	-0.019680	-0.031244	0.032087
60707	-0.019914	-0.030294	0.031455
60708	-0.018431	-0.031813	0.031027
60709	-0.018847	-0.030953	0.030294
60710	-0.018872	-0.030087	0.030473
60711	-0.018719	-0.030881	0.029579
60712	-0.018539	-0.030034	0.030635
60713	-0.019222	-0.031149	0.030735
60714	-0.019824	-0.032217	0.029994
60715	-0.019592	-0.031213	0.030306
60716	-0.019367	-0.032063	0.029348
60717	-0.018989	-0.032862	0.029340
60718	-0.017756	-0.032664	0.030049
60719	-0.018351	-0.032929	0.030233
60720	-0.017322	-0.032712	0.030065
60721	-0.017292	-0.033361	0.044078
60722	-0.017295	-0.033341	0.043265
60723	-0.017388	-0.032480	0.043432
60724	-0.016959	-0.033346	0.043365
60725	-0.017825	-0.033447	0.042864
60726	-0.016198	-0.032142	0.042626
60727	-0.016006	-0.031438	0.043485
60728	-0.017889	-0.030985	0.043236
60729	-0.016768	-0.030886	0.043821
60730	-0.016771	-0.030866	0.043009
60731	-0.016490	-0.030870	0.043029
60732	-0.016266	-0.031717	0.042085
60733	-0.013746	-0.032152	0.043350
60734	-0.017092	-0.031010	0.041696
60735	-0.016570	-0.031834	0.042570
60736	-0.016800	-0.030945	0.041888
60737	-0.016599	-0.030802	0.042102
60738	-0.016397	-0.030801	0.042166
60739	-0.015775	-0.031781	0.043754
60740	-0.016006	-0.030893	0.043073
60741	-0.016415	-0.031188	0.043200
60742	-0.015591	-0.030950	0.042171
60743	-0.014651	-0.030681	0.042062
60744	-0.017338	-0.031295	0.041023
60745	-0.015785	-0.030820	0.039784
60746	-0.015151	-0.031707	0.040592
60747	-0.015083	-0.030732	0.040880
60748	-0.014858	-0.031579	0.039936
60749	-0.016071	-0.032124	0.041162
60750	-0.014838	-0.031925	0.041885
60751	-0.014903	-0.031074	0.041108
60752	-0.014269	-0.031960	0.041916
60753	-0.015178	-0.031360	0.041318
60754	-0.013323	-0.030923	0.040948
60755	-0.013908	-0.031113	0.041229
60756	-0.013501	-0.031132	0.042168
60757	-0.013565	-0.032122	0.043295
60758	-0.014044	-0.029518	0.043752
60759	-0.013080	-0.029277	0.043608
60760	-0.012445	-0.030164	0.044415
60761	-0.012552	-0.029281	0.043683
60762	-0.011523	-0.029062	0.043529
60763	-0.011985	-0.029080	0.044016
60764	-0.010502	-0.030597	0.043599
60765	-0.009615	-0.028624	0.044594
60766	-0.009142	-0.031186	0.042510
60767	-0.009772	-0.031385	0.042785
60768	-0.010850	-0.029867	0.043328
60769	-0.010403	-0.030742	0.043219
60770	-0.009973	-0.031609	0.043151
60771	-0.010595	-0.032691	0.042375
60772	-0.010371	-0.033539	0.041430
60773	-0.010149	-0.033363	0.040759
60774	-0.008915	-0.033164	0.041481
60775	-0.008727	-0.032357	0.042470
60776	-0.009762	-0.032535	0.040998
60777	-0.009133	-0.032559	0.041872
60778	-0.008703	-0.033426	0.041803
60779	-0.007505	-0.034055	0.041522
60780	-0.008129	-0.034272	0.041802
60781	-0.008059	-0.035147	0.040812
60782	-0.006825	-0.034948	0.041534
60783	-0.007553	-0.035104	0.041879
60784	-0.006567	-0.033190	0.043741
60785	-0.007486	-0.033334	0.042268
60786	-0.008131	-0.032704	0.043556
60787	-0.007679	-0.032781	0.043455
60788	-0.007870	-0.033886	0.044478
60789	-0.008935	-0.033299	0.044808
60790	-0.008051	-0.035902	0.044474
60791	-0.008758	-0.033331	0.043962
60792	-0.008080	-0.035914	0.042752
60793	-0.008002	-0.035085	0.042854
60794	-0.008027	-0.034217	0.043048
60795	-0.007624	-0.034048	0.043280
60796	-0.007216	-0.034068	0.044218
60797	-0.007036	-0.033263	0.045205
60798	-0.006606	-0.034131	0.045135
60799	-0.007049	-0.034297	0.045432
60800	-0.006020	-0.034078	0.045278
60801	-0.006872	-0.034129	0.044851
60802	-0.006690	-0.033282	0.045921
60803	-0.006342	-0.033284	0.046862
60804	-0.005913	-0.034151	0.046792
60805	-0.005026	-0.033189	0.047495
60806	-0.005855	-0.033386	0.046899
60807	-0.005262	-0.031487	0.046904
60808	-0.005432	-0.033441	0.046919
60809	-0.005021	-0.034320	0.045877
60810	-0.004198	-0.034081	0.044846
60811	-0.004068	-0.033981	0.045023
60812	-0.003638	-0.034849	0.044953
60813	-0.003493	-0.034790	0.044142
60814	-0.004322	-0.034988	0.043545
60815	-0.003475	-0.034689	0.043492
60816	-0.004140	-0.033213	0.045788
60817	-0.003224	-0.035035	0.045402
60818	-0.003001	-0.035882	0.044455
60819	-0.002833	-0.035795	0.043678
60820	-0.002630	-0.035795	0.043740
60821	-0.002750	-0.035611	0.042201
60822	-0.002320	-0.036478	0.042131
60823	-0.001285	-0.036223	0.041996
60824	-0.000649	-0.037112	0.042801
60825	-0.002417	-0.036711	0.042438
60826	-0.001780	-0.037600	0.043243
60827	-0.001056	-0.037606	0.045061
60828	-0.001678	-0.037824	0.045340
60829	-0.000687	-0.036606	0.045443
60830	-0.001516	-0.036804	0.044847
60831	-0.000924	-0.035876	0.047808
60832	-0.001567	-0.034947	0.045376
60833	-0.000909	-0.035624	0.045501
60834	-0.000706	-0.035624	0.045563
60835	-0.002181	-0.036083	0.046002
60836	-0.003030	-0.035434	0.046414
60837	-0.003815	-0.034836	0.046715
60838	-0.002166	-0.034680	0.049186
60839	-0.002199	-0.035436	0.046499
60840	-0.001562	-0.036324	0.047304
60841	-0.003073	-0.036782	0.046817
60842	-0.002044	-0.036563	0.046661
60843	-0.001954	-0.036634	0.046611
60844	-0.002577	-0.036852	0.046889
60845	-0.003569	-0.036976	0.045453
60846	-0.003139	-0.037844	0.045381
60847	-0.002013	-0.037569	0.045258
60848	-0.000962	-0.038500	0.047813
60849	-0.000978	-0.037471	0.047271
60850	-0.001601	-0.037689	0.047550
60851	-0.002630	-0.036133	0.048115
60852	-0.002200	-0.037001	0.048043
60853	-0.003027	-0.037174	0.048386
60854	-0.000945	-0.037605	0.047879
60855	-0.000099	-0.037308	0.047829
60856	-0.000721	-0.037527	0.048108
60857	-0.000454	-0.038467	0.047928
60858	-0.001076	-0.038686	0.048206
60859	-0.001524	-0.038819	0.049486
60860	-0.001528	-0.038799	0.048672
60861	-0.001338	-0.038779	0.048731
60862	-0.000516	-0.038540	0.047699
60863	-0.000497	-0.038665	0.049860
60864	0.000118	-0.038404	0.047952
60865	-0.001322	-0.038813	0.048458
60866	-0.001717	-0.039900	0.048603
60867	-0.001759	-0.038912	0.048945
60868	-0.000709	-0.039540	0.047779
60869	-0.001955	-0.039961	0.049178
60870	-0.001939	-0.040787	0.047354
60871	-0.002025	-0.038197	0.048645
60872	-0.001388	-0.039087	0.049448
60873	-0.001979	-0.040074	0.047862
60874	-0.001341	-0.040964	0.048665
60875	-0.001273	-0.040874	0.047906
60876	-0.000862	-0.040895	0.048842
60877	-0.000016	-0.039901	0.049588
60878	0.000415	-0.040769	0.049515
60879	-0.000003	-0.041010	0.049704
60880	-0.000233	-0.040121	0.049024
60881	-0.001144	-0.040255	0.048501
60882	0.000093	-0.040058	0.049219
60883	-0.000408	-0.039361	0.049614
60884	-0.000185	-0.040208	0.048665
60885	-0.000530	-0.041237	0.047912
60886	0.002358	-0.040603	0.048195
60887	0.001803	-0.040794	0.048471
60888	0.001573	-0.039906	0.047790
60889	0.001237	-0.040142	0.048910
60890	0.001649	-0.040164	0.049846
60891	0.001421	-0.040167	0.048065
60892	0.001605	-0.039321	0.049135
60893	0.001613	-0.038327	0.049479
60894	0.002044	-0.039196	0.049406
60895	-0.000298	-0.039886	0.050049
60896	0.000317	-0.039625	0.048141
60897	-0.000464	-0.038894	0.049571
60898	-0.001086	-0.039113	0.049849
60899	-0.002294	-0.039234	0.048454
60900	-0.002524	-0.038345	0.047773
60901	-0.001635	-0.037177	0.047827
60902	-0.002464	-0.037375	0.047230
60903	-0.001911	-0.038202	0.048106
60904	-0.000466	-0.038027	0.049699
60905	-0.000234	-0.037962	0.048879
60906	-0.000855	-0.038182	0.049157
60907	0.000432	-0.038812	0.048855
60908	0.000844	-0.038834	0.049791
60909	0.000995	-0.038808	0.049868
60910	-0.000224	-0.040114	0.050230
60911	-0.000732	-0.040349	0.050434
60912	0.000298	-0.040131	0.050277
60913	-0.000406	-0.039441	0.050695
60914	-0.000202	-0.039442	0.050756
60915	0.000145	-0.039527	0.050639
60916	0.000123	-0.038660	0.050833
60917	0.001138	-0.037477	0.050890
60918	0.000725	-0.037718	0.052044
60919	-0.000229	-0.037796	0.050666
60920	0.002061	-0.038249	0.051031
60921	-0.012996	-0.027996	0.043719
60922	-0.014459	-0.028427	0.044210
60923	-0.014220	-0.028374	0.044295
60924	-0.014259	-0.027499	0.044484
60925	-0.014407	-0.025570	0.044122
60926	-0.013992	-0.026431	0.044042
60927	-0.014643	-0.026671	0.044242
60928	-0.014891	-0.025775	0.043555
60929	-0.015300	-0.026891	0.043604
60930	-0.015131	-0.026038	0.044668
60931	-0.015255	-0.025037	0.044100
60932	-0.015666	-0.026117	0.044237
60933	-0.015128	-0.026874	0.044274
60934	-0.015558	-0.027107	0.045422
60935	-0.016310	-0.027341	0.045645
60936	-0.015297	-0.027116	0.045481
60937	-0.015430	-0.026975	0.043879
60938	-0.015858	-0.027209	0.045026
60939	-0.015603	-0.027184	0.046000
60940	-0.014799	-0.026937	0.044960
60941	-0.014110	-0.027838	0.045693
60942	-0.014956	-0.028028	0.045090
60943	-0.013941	-0.027799	0.044896
60944	-0.016265	-0.026756	0.047626
60945	-0.015834	-0.027614	0.047511
60946	-0.015646	-0.027608	0.047565
60947	-0.014544	-0.027373	0.047371
60948	-0.016215	-0.027782	0.046986
60949	-0.016622	-0.028031	0.048081
60950	-0.016207	-0.028893	0.048000
60951	-0.016272	-0.027914	0.047398
60952	-0.016519	-0.027017	0.046712
60953	-0.016158	-0.027829	0.046682
60954	-0.015744	-0.028690	0.046601
60955	-0.015550	-0.028815	0.046427
60956	-0.015588	-0.027941	0.046616
60957	-0.016897	-0.028298	0.047177
60958	-0.016482	-0.029159	0.047096
60959	-0.016093	-0.028279	0.048147
60960	-0.017147	-0.028448	0.046669
60961	-0.016677	-0.029060	0.046936
60962	-0.016698	-0.029031	0.046114
60963	-0.015674	-0.028700	0.046088
60964	-0.015486	-0.028693	0.046142
60965	-0.014028	-0.028409	0.046924
60966	-0.013613	-0.029271	0.046843
60967	-0.015777	-0.029861	0.047598
60968	-0.013892	-0.031416	0.048913
60969	-0.014553	-0.028713	0.048579
60970	-0.014592	-0.027838	0.048768
60971	-0.013465	-0.027711	0.048406
60972	-0.014311	-0.027902	0.047803
60973	-0.014444	-0.027939	0.049196
60974	-0.013221	-0.027736	0.049906
60975	-0.013564	-0.026837	0.049200
60976	-0.014590	-0.028159	0.050431
60977	-0.015443	-0.027683	0.050528
60978	-0.015028	-0.028544	0.050446
60979	-0.014843	-0.029377	0.050403
60980	-0.014446	-0.029392	0.051332
60981	-0.013584	-0.029080	0.050359
60982	-0.015272	-0.028644	0.050986
60983	-0.015002	-0.029500	0.049966
60984	-0.014442	-0.027539	0.050072
60985	-0.013925	-0.029208	0.049008
60986	-0.013737	-0.029202	0.049061
60987	-0.014473	-0.027547	0.050677
60988	-0.013443	-0.028168	0.049501
60989	-0.014140	-0.027450	0.049956
60990	-0.014986	-0.027641	0.049353
60991	-0.015674	-0.027971	0.049410
60992	-0.013819	-0.028373	0.048014
60993	-0.014029	-0.026445	0.048599
60994	-0.013631	-0.026461	0.049527
60995	-0.013771	-0.025590	0.049689
60996	-0.013582	-0.025584	0.049742
60997	-0.014381	-0.024829	0.050269
60998	-0.013158	-0.024626	0.050978
60999	-0.014345	-0.024725	0.049590
61000	-0.014173	-0.023873	0.050654
61001	-0.013462	-0.024743	0.050490
61002	-0.013889	-0.024978	0.051636
61003	-0.013127	-0.023951	0.051473
61004	-0.013763	-0.024164	0.051745
61005	-0.014278	-0.025197	0.051006
61006	-0.011824	-0.024511	0.049527
61007	-0.012888	-0.022976	0.050055
61008	-0.014785	-0.022518	0.049807
61009	-0.013456	-0.022213	0.050638
61010	-0.013494	-0.021339	0.050827
61011	-0.013228	-0.021321	0.049923
61012	-0.013040	-0.021315	0.049975
61013	-0.013730	-0.021574	0.050144
61014	-0.011730	-0.019152	0.048937
61015	-0.012847	-0.019277	0.047503
61016	-0.014325	-0.018864	0.049004
61017	-0.013815	-0.018946	0.049784
61018	-0.014661	-0.019137	0.049180
61019	-0.014258	-0.019148	0.049145
61020	-0.014684	-0.019384	0.050291
61021	-0.015134	-0.019612	0.050490
61022	-0.015980	-0.019803	0.049886
61023	-0.014938	-0.019528	0.049764
61024	-0.014312	-0.020413	0.050555
61025	-0.013886	-0.020380	0.051527
61026	-0.014296	-0.021462	0.051662
61027	-0.013362	-0.021045	0.050842
61028	-0.013399	-0.020171	0.051031
61029	-0.013324	-0.019205	0.051323
61030	-0.012488	-0.020113	0.052989
61031	-0.012776	-0.019188	0.052314
61032	-0.013411	-0.019402	0.052585
61033	-0.013226	-0.019363	0.052654
61034	-0.013441	-0.019622	0.054675
61035	-0.013446	-0.019584	0.053838
61036	-0.013257	-0.019578	0.053890
61037	-0.013628	-0.017803	0.054252
61038	-0.014474	-0.017993	0.053649
61039	-0.013179	-0.020483	0.054317
61040	-0.012618	-0.018522	0.054424
61041	-0.012532	-0.018664	0.054226
61042	-0.012343	-0.018658	0.054278
61043	-0.012823	-0.018859	0.054518
61044	-0.012197	-0.019744	0.055308
61045	-0.013277	-0.021191	0.055372
61046	-0.014187	-0.018535	0.054084
61047	-0.011558	-0.017782	0.053601
61048	-0.012193	-0.017996	0.053872
61049	-0.011632	-0.018843	0.054701
61050	-0.011217	-0.019706	0.054616
61051	-0.011926	-0.020040	0.054669
61052	-0.011526	-0.020057	0.055595
61053	-0.011913	-0.021135	0.055703
61054	-0.011110	-0.020887	0.054661
61055	-0.011547	-0.021041	0.054974
61056	-0.013444	-0.020583	0.054726
61057	-0.013015	-0.020758	0.055357
61058	-0.013052	-0.019884	0.055546
61059	-0.011838	-0.020559	0.054227
61060	-0.012716	-0.019059	0.055647
61061	-0.011608	-0.018937	0.055272
61062	-0.012453	-0.019128	0.054668
61063	-0.011769	-0.019999	0.055444
61064	-0.012016	-0.019103	0.054758
61065	-0.011719	-0.019163	0.054658
61066	-0.011529	-0.019158	0.054709
61067	-0.010844	-0.020952	0.054351
61068	-0.010881	-0.020078	0.054540
61069	-0.010374	-0.019045	0.053476
61070	-0.011219	-0.019237	0.052872
61071	-0.010195	-0.019043	0.052624
61072	-0.012479	-0.019696	0.053333
61073	-0.011603	-0.020247	0.052256
61074	-0.011640	-0.019374	0.052444
61075	-0.011700	-0.018413	0.052751
61076	-0.011721	-0.018385	0.051927
61077	-0.011300	-0.019240	0.052764
61078	-0.010884	-0.020103	0.052678
61079	-0.010758	-0.019403	0.053473
61080	-0.010131	-0.020290	0.054261
61081	-0.011920	-0.020626	0.053985
61082	-0.011941	-0.020598	0.053162
61083	-0.011535	-0.020724	0.053882
61084	-0.011782	-0.019827	0.053195
61085	-0.012754	-0.019169	0.052658
61086	-0.011951	-0.018922	0.051614
61087	-0.012255	-0.017952	0.051023
61088	-0.013342	-0.016431	0.051569
61089	-0.012043	-0.017100	0.051186
61090	-0.011255	-0.016007	0.051155
61091	-0.010627	-0.016814	0.051103
61092	-0.011035	-0.017897	0.051236
61093	-0.010728	-0.017918	0.050259
61094	-0.011574	-0.018110	0.049654
61095	-0.011263	-0.017195	0.050782
61096	-0.009796	-0.018707	0.050338
61097	-0.010236	-0.017781	0.048756
61098	-0.010206	-0.019756	0.049625
61099	-0.009780	-0.019889	0.050325
61100	-0.010626	-0.020080	0.049721
61101	-0.010123	-0.020065	0.050653
61102	-0.010968	-0.020257	0.050049
61103	-0.010268	-0.019893	0.048243
61104	-0.010902	-0.020108	0.048513
61105	-0.009666	-0.019928	0.048216
61106	-0.009475	-0.019923	0.048266
61107	-0.010222	-0.019257	0.048649
61108	-0.011294	-0.018581	0.048182
61109	-0.010797	-0.018591	0.048135
61110	-0.009994	-0.018344	0.047091
61111	-0.009528	-0.017509	0.048061
61112	-0.009353	-0.016660	0.049124
61113	-0.009527	-0.018559	0.049178
61114	-0.008286	-0.019203	0.048871
61115	-0.008304	-0.019044	0.048240
61116	-0.008114	-0.019039	0.048290
61117	-0.007763	-0.018965	0.049354
61118	-0.006537	-0.018764	0.050059
61119	-0.007136	-0.019026	0.050212
61120	-0.006122	-0.018802	0.050042
61121	-0.006301	-0.022409	0.044282
61122	-0.005899	-0.022433	0.045202
61123	-0.005703	-0.022537	0.044109
61124	-0.004899	-0.022294	0.043059
61125	-0.004714	-0.021437	0.044112
61126	-0.006784	-0.022121	0.045691
61127	-0.005672	-0.021843	0.045577
61128	-0.006305	-0.022063	0.045842
61129	-0.005603	-0.022926	0.046637
61130	-0.005411	-0.022926	0.046682
61131	-0.005336	-0.022845	0.045913
61132	-0.004094	-0.023494	0.045599
61133	-0.004825	-0.022981	0.045736
61134	-0.003598	-0.022785	0.046435
61135	-0.003974	-0.022732	0.047102
61136	-0.002959	-0.022512	0.046927
61137	-0.004060	-0.021877	0.046374
61138	-0.003643	-0.022746	0.046280
61139	-0.003560	-0.022771	0.046270
61140	-0.003368	-0.022772	0.046314
61141	-0.004654	-0.023139	0.046874
61142	-0.003427	-0.022943	0.047574
61143	-0.003983	-0.020297	0.047148
61144	-0.004163	-0.022254	0.047135
61145	-0.004008	-0.022130	0.047369
61146	-0.004853	-0.022326	0.046759
61147	-0.003680	-0.022094	0.046562
61148	-0.003050	-0.022986	0.047342
61149	-0.002760	-0.023052	0.047241
61150	-0.001532	-0.022857	0.047940
61151	-0.002315	-0.020267	0.047448
61152	-0.002495	-0.022224	0.047434
61153	-0.001803	-0.023112	0.048192
61154	-0.001625	-0.022268	0.049250
61155	-0.002090	-0.022458	0.049519
61156	-0.001687	-0.022483	0.050438
61157	-0.002037	-0.020747	0.050747
61158	-0.001166	-0.023352	0.050374
61159	-0.001260	-0.020752	0.051696
61160	-0.000630	-0.021645	0.052476
61161	-0.000906	-0.022700	0.051677
61162	-0.001538	-0.022921	0.051942
61163	-0.002481	-0.023074	0.051393
61164	-0.002063	-0.023943	0.051298
61165	-0.001248	-0.021159	0.053271
61166	-0.003740	-0.021795	0.053101
61167	-0.001067	-0.021295	0.052190
61168	-0.000437	-0.022189	0.052969
61169	-0.001135	-0.022293	0.051531
61170	-0.002205	-0.021621	0.051060
61171	-0.002151	-0.020736	0.051236
61172	-0.004045	-0.020284	0.050985
61173	-0.004272	-0.023115	0.049890
61174	-0.003044	-0.022920	0.050588
61175	-0.003764	-0.023177	0.050778
61176	-0.004010	-0.022285	0.050087
61177	-0.003587	-0.022348	0.050915
61178	-0.002571	-0.022129	0.050738
61179	-0.002368	-0.022174	0.050684
61180	-0.002388	-0.022150	0.049853
61181	-0.000741	-0.020032	0.050523
61182	-0.001585	-0.020229	0.049913
61183	-0.000351	-0.022868	0.050350
61184	-0.000597	-0.021977	0.049659
61185	0.000031	-0.022775	0.049634
61186	0.000436	-0.022800	0.050552
61187	0.000621	-0.022831	0.050522
61188	-0.000237	-0.022184	0.050925
61189	0.000851	-0.022769	0.049773
61190	0.002080	-0.022575	0.050471
61191	0.001335	-0.019986	0.049973
61192	0.001156	-0.021944	0.049958
61193	0.001010	-0.022086	0.051217
61194	0.001202	-0.022087	0.051260
61195	0.000982	-0.021098	0.050707
61196	0.001400	-0.021968	0.050611
61197	0.001854	-0.021904	0.051652
61198	0.001009	-0.022101	0.051042
61199	0.002117	-0.024754	0.051474
61200	0.001870	-0.023862	0.050783
61201	0.002616	-0.024654	0.052643
61202	0.002809	-0.024655	0.052686
61203	0.002711	-0.023775	0.052875
61204	0.002677	-0.022907	0.053058
61205	0.002439	-0.022855	0.051338
61206	0.003668	-0.022661	0.052035
61207	0.003358	-0.021642	0.051545
61208	0.002727	-0.021864	0.051809
61209	0.003453	-0.022770	0.052527
61210	0.003858	-0.022796	0.053445
61211	0.003344	-0.023037	0.053633
61212	0.003536	-0.023039	0.053676
61213	0.002533	-0.023132	0.052297
61214	0.002952	-0.024002	0.052200
61215	0.006076	-0.023180	0.053666
61216	0.006707	-0.024075	0.054443
61217	0.006645	-0.024140	0.053442
61218	0.006838	-0.024141	0.053485
61219	0.007304	-0.025055	0.053281
61220	0.007497	-0.025056	0.053324
61221	0.007954	-0.025141	0.054109
61222	0.008331	-0.024847	0.051308
61223	0.008980	-0.025562	0.052368
61224	0.008775	-0.025834	0.054381
61225	0.008563	-0.024928	0.052737
61226	0.009194	-0.025822	0.053514
61227	0.009125	-0.024924	0.053735
61228	0.008054	-0.024252	0.053265
61229	0.008570	-0.024298	0.054106
61230	0.006889	-0.023872	0.054731
61231	0.007995	-0.023606	0.054599
61232	0.006937	-0.023778	0.053114
61233	0.007222	-0.025755	0.053923
61234	0.007202	-0.025732	0.053092
61235	0.006483	-0.025818	0.053578
61236	0.006675	-0.025820	0.053621
61237	0.008032	-0.025613	0.054297
61238	0.007188	-0.025809	0.053687
61239	0.008132	-0.025583	0.053507
61240	0.005854	-0.026246	0.054212
61241	0.007121	-0.026922	0.053819
61242	0.007753	-0.027817	0.054595
61243	0.006476	-0.028002	0.053095
61244	0.007492	-0.027783	0.052917
61245	0.007614	-0.027775	0.052962
61246	0.008033	-0.028646	0.052864
61247	0.007917	-0.028927	0.054821
61248	0.007244	-0.027985	0.052382
61249	0.008270	-0.028912	0.053967
61250	0.008463	-0.028914	0.054010
61251	0.008718	-0.028059	0.055056
61252	0.008087	-0.028281	0.055319
61253	0.008868	-0.028392	0.056959
61254	0.008408	-0.027475	0.055394
61255	0.007901	-0.027726	0.055565
61256	0.009370	-0.029244	0.055104
61257	0.007670	-0.026823	0.053990
61258	0.007253	-0.027070	0.055127
61259	0.006471	-0.027296	0.055383
61260	0.007047	-0.026183	0.054471
61261	0.007259	-0.025241	0.054726
61262	0.006031	-0.026552	0.055069
61263	0.007027	-0.026283	0.054955
61264	0.006781	-0.025391	0.054265
61265	0.008267	-0.026057	0.054807
61266	0.008033	-0.026008	0.053101
61267	0.007219	-0.026282	0.052327
61268	0.007626	-0.026309	0.053243
61269	0.007539	-0.026365	0.052259
61270	0.007123	-0.026612	0.053396
61271	0.006915	-0.025630	0.052835
61272	0.006285	-0.025852	0.053098
61273	0.005707	-0.026162	0.054127
61274	0.005900	-0.026165	0.054169
61275	0.005386	-0.025567	0.055363
61276	0.004530	-0.024922	0.055767
61277	0.004739	-0.023225	0.056882
61278	0.005158	-0.024095	0.056782
61279	0.004530	-0.021449	0.056370
61280	0.005163	-0.022345	0.057144
61281	0.004208	-0.023503	0.055302
61282	0.003803	-0.024595	0.055424
61283	0.003642	-0.024939	0.056330
61284	0.004444	-0.024696	0.055277
61285	0.004427	-0.023733	0.055601
61286	0.003583	-0.023930	0.054990
61287	0.004641	-0.023749	0.054715
61288	0.005275	-0.024645	0.055489
61289	0.006794	-0.025321	0.055060
61290	0.007383	-0.025052	0.053132
61291	0.006699	-0.024392	0.053513
61292	0.006452	-0.023500	0.052822
61293	0.006623	-0.024200	0.051132
61294	0.006567	-0.021648	0.053347
61295	0.007830	-0.024245	0.053849
61296	0.007583	-0.023353	0.053158
61297	0.007697	-0.022593	0.054058
61298	0.008928	-0.022401	0.054752
61299	0.008056	-0.021753	0.055139
61300	0.007427	-0.021976	0.055401
61301	0.009119	-0.019868	0.056048
61302	0.008704	-0.020117	0.057184
61303	0.009120	-0.019852	0.055247
61304	0.008490	-0.020075	0.055509
61305	0.009374	-0.020913	0.057277
61306	0.008744	-0.021136	0.057540
61307	0.009736	-0.020831	0.057492
61308	0.009106	-0.021054	0.057754
61309	0.011015	-0.019687	0.058484
61310	0.010171	-0.019884	0.057872
61311	0.008981	-0.020015	0.056453
61312	0.009998	-0.019797	0.056272
61313	0.009919	-0.019878	0.055237
61314	0.011151	-0.019686	0.055930
61315	0.010517	-0.019793	0.056375
61316	0.010711	-0.019796	0.056416
61317	0.012101	-0.019530	0.057194
61318	0.010875	-0.020842	0.057535
61319	0.010196	-0.020998	0.057901
61320	0.009950	-0.020106	0.057211
61321	0.006482	-0.017875	0.042552
61322	0.007110	-0.018772	0.043312
61323	0.007812	-0.017671	0.042329
61324	0.008225	-0.018542	0.042214
61325	0.008957	-0.019384	0.043047
61326	0.008918	-0.018518	0.043217
61327	0.007974	-0.019856	0.044405
61328	0.007721	-0.018964	0.043701
61329	0.008941	-0.018711	0.044463
61330	0.008687	-0.017819	0.043759
61331	0.008759	-0.017782	0.043847
61332	0.008553	-0.018057	0.045844
61333	0.008743	-0.018045	0.045875
61334	0.009968	-0.017853	0.046555
61335	0.009685	-0.016953	0.045849
61336	0.009883	-0.017798	0.044860
61337	0.008378	-0.016394	0.044280
61338	0.008350	-0.016371	0.043434
61339	0.008507	-0.016537	0.044094
61340	0.009517	-0.016319	0.043900
61341	0.008861	-0.016501	0.044210
61342	0.008843	-0.017320	0.042347
61343	0.007541	-0.016948	0.043765
61344	0.007287	-0.016056	0.043062
61345	0.007197	-0.017198	0.043974
61346	0.008658	-0.018717	0.043494
61347	0.008126	-0.018968	0.043669
61348	0.008088	-0.018102	0.043839
61349	0.008758	-0.018181	0.045547
61350	0.007907	-0.018378	0.044923
61351	0.007513	-0.018540	0.045247
61352	0.006426	-0.017026	0.045782
61353	0.007754	-0.017641	0.045496
61354	0.006903	-0.017839	0.044871
61355	0.008242	-0.017680	0.045470
61356	0.008645	-0.017709	0.046371
61357	0.008291	-0.017989	0.047419
61358	0.008252	-0.017123	0.047589
61359	0.008782	-0.016986	0.045405
61360	0.009411	-0.017884	0.046163
61361	0.008426	-0.016354	0.046701
61362	0.008839	-0.017226	0.046585
61363	0.009682	-0.016294	0.046237
61364	0.010096	-0.017165	0.046121
61365	0.009155	-0.016555	0.045498
61366	0.010000	-0.017480	0.047129
61367	0.010660	-0.017047	0.045462
61368	0.010025	-0.017272	0.045711
61369	0.010163	-0.018086	0.044770
61370	0.010135	-0.018063	0.043923
61371	0.009562	-0.018356	0.044027
61372	0.010357	-0.018112	0.042958
61373	0.010001	-0.017438	0.045229
61374	0.009150	-0.017636	0.044605
61375	0.009669	-0.017452	0.042499
61376	0.010729	-0.018404	0.045003
61377	0.009344	-0.018849	0.045457
61378	0.010354	-0.018632	0.045262
61379	0.010361	-0.018692	0.044254
61380	0.009726	-0.018917	0.044503
61381	0.009219	-0.019176	0.044670
61382	0.010445	-0.018985	0.045348
61383	0.009349	-0.019032	0.044058
61384	0.010740	-0.017698	0.042910
61385	0.010300	-0.018702	0.043158
61386	0.009881	-0.018953	0.044280
61387	0.009014	-0.019235	0.043495
61388	0.010014	-0.018176	0.044316
61389	0.010387	-0.018973	0.043394
61390	0.010801	-0.019845	0.043277
61391	0.010930	-0.019073	0.044178
61392	0.011941	-0.018855	0.043983
61393	0.012795	-0.018689	0.043696
61394	0.012376	-0.018941	0.044818
61395	0.013180	-0.018689	0.043743
61396	0.014407	-0.018499	0.044420
61397	0.014095	-0.017619	0.043693
61398	0.013245	-0.017817	0.043068
61399	0.013977	-0.018785	0.043678
61400	0.013723	-0.017893	0.042974
61401	0.014152	-0.016854	0.044330
61402	0.014340	-0.016858	0.044356
61403	0.014686	-0.016929	0.044234
61404	0.014051	-0.017154	0.044482
61405	0.015745	-0.015954	0.043988
61406	0.016159	-0.016826	0.043870
61407	0.014176	-0.017550	0.046297
61408	0.013922	-0.016658	0.045593
61409	0.014827	-0.016554	0.045173
61410	0.015025	-0.017399	0.044182
61411	0.015922	-0.018351	0.044801
61412	0.015442	-0.016590	0.044241
61413	0.014821	-0.017651	0.043465
61414	0.016481	-0.017515	0.045889
61415	0.015482	-0.017761	0.044239
61416	0.015228	-0.016869	0.043536
61417	0.015808	-0.017087	0.045007
61418	0.015174	-0.017312	0.045255
61419	0.014445	-0.016568	0.045797
61420	0.015465	-0.017193	0.044583
61421	0.014618	-0.018269	0.043796
61422	0.015845	-0.018079	0.044472
61423	0.015852	-0.018282	0.046559
61424	0.015979	-0.016274	0.044904
61425	0.014755	-0.015744	0.044176
61426	0.014943	-0.015748	0.044201
61427	0.015264	-0.015859	0.044946
61428	0.015452	-0.015863	0.044971
61429	0.013957	-0.017189	0.044339
