// General information: 
//  MT Manager version: 2021.4.0 
//  XDA version: 2021.4.0 build 6323 rev 112641 built on 2021-09-28
// Device information: 
//  DeviceId: 00B43859
//  ProductCode: MTW2-3A7G6
//  Firmware Version: 4.3.4
//  Hardware Version: 1.1.0
// Device settings: 
//  Filter Profile: human(46.1)
//  Option Flags: Orientation Smoother Disabled, Position/Velocity Smoother Disabled, Continuous Zero Rotation Update Disabled, AHS Disabled, ICC Disabled
// Coordinate system: ENU
PacketCounter	SampleTimeFine	Roll	Pitch	Yaw
15158		32.901734	-13.022572	1.143543
15159		32.670901	-11.713222	1.277551
15160		32.201548	-10.883132	1.379988
15161		31.520419	-10.564189	1.492366
15162		30.552852	-10.665205	1.634029
15163		29.356400	-10.897624	1.976634
15164		28.036337	-11.279009	2.555402
15165		26.736074	-11.913385	3.420539
15166		25.628712	-12.502347	4.863713
15167		24.903958	-12.660462	6.656250
15168		24.460563	-12.587063	8.064251
15169		24.040534	-12.367796	9.185124
15170		23.413293	-12.009486	10.200089
15171		22.568512	-11.294095	11.075478
15172		21.548799	-10.297810	11.631402
15173		20.422682	-9.271799	11.738161
15174		19.264866	-8.386580	11.437865
15175		18.076145	-7.679478	10.910222
15176		16.774651	-7.009262	10.290001
15177		15.348497	-6.324452	9.684808
15178		13.886655	-5.766830	9.281372
15179		12.508798	-5.416615	9.224699
15180		11.309754	-5.212341	9.509484
15181		10.353904	-5.082987	10.031510
15182		9.609698	-5.013209	10.628734
15183		8.992462	-4.976948	11.168613
15184		8.396573	-4.913210	11.589701
15185		7.747434	-4.790409	11.928941
15186		7.020297	-4.566341	12.254616
15187		6.235489	-4.241963	12.638893
15188		5.425028	-3.801839	13.109675
15189		4.610144	-3.225715	13.626380
15190		3.802237	-2.507521	14.138438
15191		2.999942	-1.704200	14.613021
15192		2.187351	-0.891673	15.062664
15193		1.364020	-0.127267	15.488346
15194		0.531787	0.588884	15.897446
15195		-0.293049	1.255118	16.291092
15196		-1.111408	1.857952	16.649160
15197		-1.908626	2.418648	16.958757
15198		-2.682627	2.955843	17.205513
15199		-3.426954	3.497524	17.394615
15200		-4.136372	4.058102	17.536300
15201		-4.821711	4.611458	17.636978
15202		-5.503436	5.166565	17.649789
15203		-6.135114	5.731483	17.561331
15204		-6.718118	6.251654	17.294610
15205		-7.234893	6.719102	16.824428
15206		-7.675011	7.136511	16.197505
15207		-8.075109	7.485816	15.477133
15208		-8.455426	7.765719	14.730347
15209		-8.820904	7.946321	13.978850
15210		-9.169012	7.989547	13.214614
15211		-9.504563	7.914244	12.455363
15212		-9.825845	7.803743	11.710375
15213		-10.110956	7.685063	11.010775
15214		-10.337517	7.547470	10.373178
15215		-10.492936	7.362661	9.748144
15216		-10.554371	7.100287	9.109853
15217		-10.467885	6.753898	8.525769
15218		-10.229887	6.346184	8.046988
15219		-9.839693	5.917578	7.705717
15220		-9.299596	5.441692	7.529191
15221		-8.603941	4.903431	7.485810
15222		-7.730016	4.247329	7.476387
15223		-6.707524	3.418864	7.418966
15224		-5.498274	2.570242	7.349500
15225		-4.120960	1.730702	7.302913
15226		-2.590778	0.819875	7.240108
15227		-0.925827	-0.200884	7.152576
15228		0.861141	-1.350309	7.061920
15229		2.685282	-2.635391	6.977344
15230		4.401732	-3.991821	6.842580
15231		5.891974	-5.225330	6.675171
15232		7.229469	-6.339112	6.497231
15233		8.543836	-7.342676	6.282860
15234		9.904226	-8.194049	5.938826
15235		11.300528	-8.861880	5.454543
15236		12.728535	-9.334510	4.867856
15237		14.183502	-9.608144	4.221430
15238		15.651756	-9.695734	3.533207
15239		17.113204	-9.675806	2.828249
15240		18.551518	-9.615118	2.083668
15241		19.974166	-9.500260	1.339041
15242		21.363900	-9.328890	0.654379
15243		22.699365	-9.142653	0.085864
15244		23.960075	-8.991662	-0.331345
15245		25.112100	-8.902216	-0.589505
15246		26.146117	-8.916007	-0.655327
15247		27.049885	-9.098191	-0.487431
15248		27.839236	-9.473773	-0.057189
15249		28.530131	-10.068141	0.657872
15250		29.143031	-10.892021	1.623252
15251		29.691952	-11.918922	2.791635
15252		30.182309	-13.095892	4.100895
15253		30.606204	-14.380095	5.488491
15254		30.949026	-15.723095	6.900576
15255		31.180408	-17.052628	8.291871
15256		31.286538	-18.302548	9.596013
15257		31.267760	-19.398261	10.766991
15258		31.130864	-20.238378	11.782210
15259		30.895075	-20.755007	12.612625
15260		30.614311	-20.986986	13.155080
15261		30.369925	-20.983431	13.277237
15262		30.213693	-20.697681	13.018895
15263		30.194060	-20.144385	12.480823
15264		30.305114	-19.404068	11.717792
15265		30.487057	-18.582601	10.819320
15266		30.660306	-17.787305	9.912762
15267		30.764526	-17.126356	9.132024
15268		30.837876	-16.573463	8.461707
15269		30.933950	-16.048078	7.798846
15270		31.094002	-15.422501	7.157677
15271		31.297981	-14.517612	6.616209
15272		31.407794	-13.197888	6.261116
15273		31.307175	-11.851966	6.162324
15274		31.005795	-10.770414	6.397645
15275		30.488249	-10.040748	6.727329
15276		29.755858	-9.762541	7.104816
15277		28.774337	-10.017145	7.589688
15278		27.702766	-10.483299	8.335887
15279		26.652941	-11.051443	9.237512
15280		25.647533	-11.675887	10.417621
15281		24.849564	-12.030907	11.780735
15282		24.392394	-11.957837	13.053449
15283		24.076857	-11.696788	14.031073
15284		23.628816	-11.343118	14.730423
15285		22.964294	-10.774511	15.225783
15286		22.109440	-9.951054	15.490690
15287		21.108987	-9.092942	15.408943
15288		20.061021	-8.378811	14.930935
15289		19.002787	-7.760123	14.130099
15290		17.875833	-7.099005	13.133966
15291		16.628059	-6.346828	12.050442
15292		15.304780	-5.634320	11.049040
15293		14.011583	-5.101965	10.311443
15294		12.913002	-4.750253	9.882500
15295		12.094186	-4.456131	9.748337
15296		11.539375	-4.160681	9.821687
15297		11.139471	-3.892719	9.966876
15298		10.771483	-3.653577	10.089867
15299		10.324402	-3.438975	10.147135
15300		9.743292	-3.175466	10.153546
15301		9.035293	-2.797727	10.204262
15302		8.244712	-2.324561	10.388827
15303		7.425579	-1.826988	10.689326
15304		6.601878	-1.286433	11.001825
15305		5.807369	-0.723204	11.247093
15306		5.049814	-0.158576	11.406445
15307		4.337554	0.362062	11.512923
15308		3.663872	0.804526	11.611864
15309		3.013017	1.177597	11.724308
15310		2.366131	1.540523	11.834775
15311		1.709594	1.935106	11.930314
15312		1.011501	2.372639	12.016361
15313		0.250426	2.856201	12.086984
15314		-0.579533	3.401688	12.143259
15315		-1.451900	4.014512	12.196759
15316		-2.333462	4.707227	12.272499
15317		-3.209644	5.428294	12.324485
15318		-4.052588	6.101167	12.284110
15319		-4.809182	6.676082	12.115749
15320		-5.439019	7.182473	11.821925
15321		-5.940344	7.629729	11.465151
15322		-6.349244	8.019136	11.116120
15323		-6.709630	8.335954	10.820130
15324		-7.013387	8.583119	10.592215
15325		-7.252956	8.731809	10.401913
15326		-7.474828	8.775247	10.215344
15327		-7.713110	8.793276	10.051523
15328		-7.984905	8.829922	9.863869
15329		-8.285251	8.821370	9.582570
15330		-8.579888	8.730782	9.186617
15331		-8.825774	8.583054	8.691312
15332		-8.961074	8.370827	8.155899
15333		-8.943495	8.072242	7.633510
15334		-8.782911	7.722915	7.143895
15335		-8.474616	7.333054	6.747692
15336		-7.996445	6.907942	6.530302
15337		-7.360659	6.404956	6.463494
15338		-6.614606	5.781317	6.472486
15339		-5.762423	5.012978	6.494629
15340		-4.789826	4.102072	6.486152
15341		-3.687687	3.193910	6.445841
15342		-2.425775	2.284474	6.385932
15343		-1.004321	1.256058	6.235745
15344		0.574255	0.053042	5.952995
15345		2.269701	-1.228059	5.589406
15346		3.993885	-2.525992	5.191362
15347		5.576204	-3.837200	4.808106
15348		6.920566	-5.046187	4.532243
15349		8.103409	-6.126391	4.404613
15350		9.252842	-7.097993	4.304111
15351		10.433766	-7.873252	4.112539
15352		11.638420	-8.476058	3.744424
15353		12.877077	-8.907192	3.239546
15354		14.177717	-9.151450	2.665416
15355		15.534165	-9.245666	2.075443
15356		16.937931	-9.264074	1.468478
15357		18.377878	-9.250637	0.840382
15358		19.840899	-9.248968	0.237079
15359		21.287640	-9.273823	-0.292771
15360		22.676177	-9.362504	-0.735643
15361		23.969938	-9.513514	-1.059933
15362		25.151247	-9.710829	-1.249008
15363		26.209630	-9.967910	-1.295611
15364		27.157322	-10.293821	-1.177708
15365		28.011655	-10.715932	-0.854976
15366		28.782100	-11.268115	-0.296235
15367		29.476756	-11.983074	0.509332
15368		30.087361	-12.893471	1.522859
15369		30.600242	-13.998923	2.694102
15370		31.000433	-15.226739	3.969611
15371		31.263200	-16.486099	5.295500
15372		31.383660	-17.696487	6.614786
15373		31.359789	-18.802908	7.863395
15374		31.198360	-19.688975	8.944672
15375		30.916101	-20.296936	9.759401
15376		30.541796	-20.662464	10.226500
15377		30.107291	-20.838458	10.237976
15378		29.625026	-20.763186	9.797000
15379		29.125115	-20.424785	9.028356
15380		28.662491	-19.934420	8.045749
15381		28.301071	-19.253836	6.865991
15382		28.154372	-18.207029	5.553883
15383		28.218123	-17.142066	4.198877
15384		28.511537	-16.306743	2.959646
15385		29.018750	-15.447195	2.089612
15386		29.583310	-14.145781	1.673835
15387		30.065965	-12.509500	1.670268
15388		30.385472	-11.041864	1.961287
15389		30.413714	-9.934671	2.314884
15390		30.145069	-9.347511	2.522046
15391		29.585771	-9.279748	2.764916
15392		28.686228	-9.628767	3.171689
15393		27.493200	-10.137977	3.726530
15394		26.087958	-10.891518	4.366900
15395		24.730933	-11.620221	5.299018
15396		23.617714	-12.176272	6.648788
15397		22.922583	-12.403252	8.087806
15398		22.557650	-12.376200	9.132326
15399		22.173821	-12.184822	9.871445
15400		21.604182	-11.843762	10.475735
15401		20.812988	-11.320992	10.837214
15402		19.824624	-10.677732	10.849353
15403		18.758318	-10.129487	10.493845
15404		17.715697	-9.746693	9.840882
15405		16.675506	-9.370481	9.012348
15406		15.553236	-8.825955	8.086033
15407		14.361444	-8.203133	7.177828
15408		13.178643	-7.682619	6.445184
15409		12.150424	-7.339226	5.952813
15410		11.368411	-7.080729	5.666033
15411		10.816842	-6.827765	5.530674
15412		10.395730	-6.565361	5.451153
15413		10.006137	-6.318641	5.325805
15414		9.564942	-6.073272	5.126122
15415		9.041165	-5.790720	4.912551
15416		8.435813	-5.415668	4.805619
15417		7.765690	-4.955138	4.865358
15418		7.044208	-4.402546	5.092705
15419		6.292526	-3.775841	5.435683
15420		5.524496	-3.092865	5.851322
15421		4.757432	-2.408069	6.337853
15422		4.003083	-1.762673	6.886580
15423		3.284309	-1.195924	7.517066
15424		2.593606	-0.711024	8.221851
15425		1.927585	-0.274715	8.964468
15426		1.279291	0.173073	9.714462
15427		0.639159	0.643972	10.469427
15428		-0.018029	1.175466	11.235221
15429		-0.715408	1.764359	12.019773
15430		-1.453076	2.444872	12.807145
15431		-2.212457	3.218478	13.577031
15432		-2.986437	4.043708	14.260191
15433		-3.780221	4.831843	14.739452
15434		-4.556801	5.548782	14.963699
15435		-5.249517	6.160662	14.946485
15436		-5.847064	6.636114	14.713305
15437		-6.352289	7.003277	14.336445
15438		-6.796523	7.298163	13.898549
15439		-7.191348	7.516097	13.441095
15440		-7.550773	7.649651	12.967246
15441		-7.891659	7.700002	12.501508
15442		-8.218799	7.702852	12.069337
15443		-8.553706	7.674981	11.656718
15444		-8.895831	7.633765	11.220311
15445		-9.235837	7.527845	10.700237
15446		-9.541845	7.349736	10.074959
15447		-9.771579	7.111950	9.412951
15448		-9.880006	6.836545	8.841778
15449		-9.882996	6.517524	8.388793
15450		-9.776983	6.212193	8.067819
15451		-9.524857	5.945087	7.938197
15452		-9.095789	5.691113	7.993864
15453		-8.469929	5.362316	8.138249
15454		-7.658500	4.834219	8.241286
15455		-6.692292	4.051831	8.211437
15456		-5.546940	3.184964	8.061345
15457		-4.243919	2.322982	7.840989
15458		-2.785463	1.411882	7.546760
15459		-1.200775	0.421989	7.184232
15460		0.501878	-0.635575	6.761442
15461		2.283609	-1.740419	6.355902
15462		4.024158	-2.957292	5.900912
15463		5.568386	-4.135630	5.391322
15464		6.910304	-5.179380	4.913294
15465		8.176068	-6.129875	4.494378
15466		9.478716	-6.876965	4.075302
15467		10.813605	-7.449170	3.566304
15468		12.159576	-7.859359	2.959078
15469		13.516286	-8.091690	2.313025
15470		14.885922	-8.151960	1.686898
15471		16.258154	-8.104025	1.100279
15472		17.633763	-8.022388	0.540913
15473		19.005760	-7.981635	0.019551
15474		20.366904	-7.980183	-0.457770
15475		21.705044	-8.011648	-0.846167
15476		23.016491	-8.077391	-1.108827
15477		24.286310	-8.223922	-1.228782
15478		25.490707	-8.475750	-1.196392
15479		26.610085	-8.852945	-1.003138
15480		27.632699	-9.334922	-0.642153
15481		28.560419	-9.947346	-0.098227
15482		29.385241	-10.674127	0.627282
15483		30.105432	-11.537545	1.543508
15484		30.727201	-12.535749	2.644325
15485		31.233513	-13.678520	3.895923
15486		31.603755	-14.910190	5.236461
15487		31.816643	-16.158310	6.612786
15488		31.857672	-17.353928	7.964712
15489		31.728733	-18.435788	9.232234
15490		31.437863	-19.310163	10.332654
15491		31.006773	-19.912309	11.161501
15492		30.475832	-20.226076	11.637613
15493		29.884358	-20.308567	11.673473
15494		29.276117	-20.155573	11.229260
15495		28.705609	-19.722120	10.427971
15496		28.249699	-19.103852	9.382536
15497		27.991417	-18.278975	8.187685
15498		27.985400	-17.180351	6.976712
15499		28.140911	-16.198339	5.747453
15500		28.411674	-15.485402	4.720021
15501		28.845980	-14.851580	4.064872
15502		29.359559	-13.814223	3.826508
15503		29.835495	-12.439387	3.960869
15504		30.195288	-11.150096	4.324967
15505		30.273529	-10.222793	4.704691
15506		29.980606	-9.792542	4.976068
15507		29.327938	-9.702974	5.122412
15508		28.358091	-9.725629	5.256250
15509		27.183975	-9.863758	5.534048
15510		25.878567	-10.246191	5.973660
15511		24.625187	-10.712444	6.723947
15512		23.540047	-11.103968	7.871068
15513		22.730539	-11.258531	9.026218
15514		22.190664	-11.185316	9.982914
15515		21.732790	-11.010340	10.710233
15516		21.169318	-10.727167	11.249391
15517		20.420997	-10.300225	11.573770
15518		19.480052	-9.705586	11.635934
15519		18.408646	-9.114741	11.417229
15520		17.277640	-8.729547	10.876777
15521		16.090553	-8.428712	10.117959
15522		14.820425	-7.979725	9.254762
15523		13.497096	-7.454174	8.396320
15524		12.205776	-7.000104	7.669154
15525		11.093371	-6.693130	7.105560
15526		10.259900	-6.461946	6.697085
15527		9.685606	-6.172882	6.437223
15528		9.257335	-5.811461	6.268978
15529		8.861801	-5.431604	6.128791
15530		8.412378	-5.045319	5.979750
15531		7.863331	-4.646505	5.842547
15532		7.202157	-4.194035	5.795260
15533		6.450809	-3.697530	5.908469
15534		5.638329	-3.129503	6.198248
15535		4.798510	-2.516369	6.594437
15536		3.963694	-1.903148	7.028705
15537		3.166387	-1.329931	7.486035
15538		2.410143	-0.822367	7.957525
15539		1.691664	-0.399482	8.465001
15540		0.991626	-0.035144	9.026746
15541		0.296245	0.284927	9.643577
15542		-0.398216	0.641695	10.322887
15543		-1.103890	1.076043	11.072623
15544		-1.858699	1.591124	11.851345
15545		-2.669106	2.175760	12.609482
15546		-3.491179	2.854520	13.328722
15547		-4.278158	3.623996	13.993500
15548		-4.983376	4.437980	14.530778
15549		-5.578006	5.214464	14.878792
15550		-6.029830	5.920798	15.037477
15551		-6.359511	6.527485	15.053551
15552		-6.607443	7.017585	14.955883
15553		-6.814310	7.403287	14.782427
15554		-7.003072	7.687299	14.521044
15555		-7.166831	7.877527	14.179421
15556		-7.327340	7.998397	13.799688
15557		-7.530169	8.054274	13.385206
15558		-7.774268	8.081717	12.941731
15559		-8.034551	8.067341	12.483641
15560		-8.260439	8.015265	12.015999
15561		-8.416504	7.884668	11.506761
15562		-8.456108	7.664548	10.945512
15563		-8.349184	7.382980	10.434153
15564		-8.108631	7.084088	10.044799
15565		-7.743332	6.815175	9.832144
15566		-7.236288	6.573818	9.860787
15567		-6.591237	6.303852	10.118094
15568		-5.805396	5.954027	10.477014
15569		-4.894488	5.399093	10.769733
15570		-3.868291	4.647103	10.936267
15571		-2.714550	3.851049	10.977653
15572		-1.386073	3.069882	10.969304
15573		0.083830	2.163329	10.797474
15574		1.704886	1.098433	10.430710
15575		3.436682	-0.083311	9.950153
15576		5.184734	-1.353288	9.342091
15577		6.801819	-2.647113	8.616004
15578		8.206982	-3.833634	7.865716
15579		9.460044	-4.863776	7.191729
15580		10.685919	-5.700225	6.588390
15581		11.908838	-6.388672	5.937662
15582		13.136706	-6.942512	5.172710
15583		14.385556	-7.317513	4.367182
15584		15.659490	-7.492271	3.580013
15585		16.944518	-7.518155	2.832656
15586		18.258195	-7.489425	2.134427
15587		19.607571	-7.491832	1.460629
15588		21.002662	-7.528479	0.813054
15589		22.417464	-7.603520	0.238441
15590		23.809604	-7.719701	-0.234250
15591		25.129167	-7.934870	-0.604362
15592		26.344850	-8.216017	-0.853510
15593		27.432367	-8.548406	-0.955081
15594		28.384883	-8.943424	-0.901511
15595		29.222510	-9.433426	-0.661011
15596		29.963568	-10.055666	-0.224679
15597		30.620164	-10.827417	0.431247
15598		31.191854	-11.751482	1.302466
15599		31.670621	-12.867123	2.334535
15600		32.031364	-14.158754	3.452954
15601		32.260319	-15.554853	4.614730
15602		32.338659	-16.985915	5.799453
15603		32.254259	-18.385763	6.942613
15604		32.011030	-19.576295	7.948584
15605		31.635675	-20.443046	8.738997
15606		31.161119	-20.975561	9.235736
15607		30.638314	-21.235120	9.366067
15608		30.138539	-21.240729	9.154704
15609		29.726664	-21.028997	8.757682
15610		29.528991	-20.499109	8.206872
15611		29.638942	-19.473116	7.394289
15612		29.973668	-18.243842	6.249351
15613		30.407645	-17.164349	4.901678
15614		30.919519	-16.195749	3.646002
15615		31.499671	-15.206738	2.690780
15616		32.009020	-13.963892	2.261311
15617		32.318499	-12.587819	2.277473
15618		32.424398	-11.468947	2.569010
15619		32.261903	-10.745684	2.966248
15620		31.829101	-10.351877	3.266724
15621		31.103217	-10.173517	3.360579
15622		30.041307	-10.217301	3.406633
15623		28.641955	-10.418085	3.608360
15624		27.017067	-10.678918	4.091111
15625		25.463232	-11.116376	4.954343
15626		24.139281	-11.664827	6.341258
15627		23.323447	-11.853845	7.886286
15628		22.893704	-11.823513	8.923745
15629		22.569273	-11.626423	9.684948
15630		22.144013	-11.293055	10.385916
15631		21.512990	-10.681394	10.944777
15632		20.677980	-9.813149	11.202838
15633		19.679478	-8.881125	11.036938
15634		18.593527	-8.100025	10.462916
15635		17.464623	-7.533251	9.652930
15636		16.258974	-7.020623	8.777389
15637		14.953266	-6.406082	7.941123
15638		13.624200	-5.828172	7.264409
15639		12.394088	-5.441188	6.862007
15640		11.375533	-5.186436	6.777121
15641		10.624272	-4.949660	6.969843
15642		10.067888	-4.743469	7.271749
15643		9.607592	-4.576340	7.511308
15644		9.143859	-4.423943	7.598455
15645		8.613621	-4.255713	7.547189
15646		7.991750	-4.027612	7.442538
15647		7.300032	-3.731714	7.390473
15648		6.563441	-3.357541	7.438467
15649		5.802205	-2.873843	7.549019
15650		5.022056	-2.281316	7.672240
15651		4.232542	-1.641266	7.802741
15652		3.419111	-1.008843	7.965564
15653		2.588446	-0.415319	8.196591
15654		1.740568	0.143283	8.502829
15655		0.885794	0.674176	8.868499
15656		0.034555	1.185797	9.256384
15657		-0.803681	1.655769	9.620733
15658		-1.630333	2.096810	9.928319
15659		-2.435727	2.539923	10.189032
15660		-3.219858	3.011227	10.430881
15661		-3.985687	3.513256	10.669543
15662		-4.723232	4.074813	10.908994
15663		-5.420061	4.677428	11.116215
15664		-6.066682	5.298423	11.251775
15665		-6.636077	5.863626	11.285430
15666		-7.123637	6.391675	11.206898
15667		-7.531507	6.855802	11.034252
15668		-7.883772	7.239443	10.787194
15669		-8.190816	7.526956	10.492774
15670		-8.478179	7.709263	10.133939
15671		-8.766176	7.771087	9.682277
15672		-9.041493	7.752097	9.188593
15673		-9.311060	7.662031	8.674059
15674		-9.559025	7.540622	8.145634
15675		-9.758774	7.372937	7.640624
15676		-9.887566	7.146015	7.138821
15677		-9.902595	6.852792	6.643150
15678		-9.768048	6.500254	6.201339
15679		-9.498121	6.099650	5.862847
15680		-9.070724	5.703787	5.674256
15681		-8.488067	5.288619	5.664384
15682		-7.743924	4.795046	5.732141
15683		-6.857601	4.192158	5.848574
15684		-5.843314	3.467662	5.940373
15685		-4.688995	2.709352	5.990186
15686		-3.383627	1.950769	6.054971
15687		-1.947406	1.137334	6.090366
15688		-0.387492	0.156564	6.057313
15689		1.289255	-0.964104	6.014828
15690		3.007602	-2.158403	6.000534
15691		4.601878	-3.401066	5.945681
15692		5.989871	-4.587689	5.892378
15693		7.229444	-5.723987	5.871355
15694		8.472287	-6.727702	5.879978
15695		9.730490	-7.558196	5.797554
15696		11.010100	-8.254411	5.518878
15697		12.338140	-8.808347	5.082212
15698		13.744477	-9.174015	4.546423
15699		15.204984	-9.377335	3.937451
15700		16.708300	-9.461288	3.246331
15701		18.242929	-9.499805	2.497312
15702		19.791949	-9.503400	1.753020
15703		21.303789	-9.454310	1.044585
15704		22.738176	-9.389258	0.397456
15705		24.061726	-9.345150	-0.143206
15706		25.262104	-9.314791	-0.536476
15707		26.333755	-9.325581	-0.763363
15708		27.296520	-9.401722	-0.796959
15709		28.176170	-9.591181	-0.591878
15710		28.994214	-9.944258	-0.138810
15711		29.754180	-10.504284	0.557797
15712		30.462395	-11.281406	1.472216
15713		31.096333	-12.279850	2.562773
15714		31.644944	-13.454108	3.763845
15715		32.081188	-14.720908	5.020398
15716		32.380270	-15.975470	6.292055
15717		32.520041	-17.144739	7.525349
15718		32.490241	-18.129245	8.666245
15719		32.288106	-18.853138	9.656250
15720		31.936396	-19.297004	10.424950
15721		31.484649	-19.513385	10.906233
15722		30.986441	-19.543104	11.059320
15723		30.465597	-19.416191	11.002067
15724		29.956861	-19.133257	10.889515
15725		29.515769	-18.698946	10.655662
15726		29.254369	-18.091041	10.106708
15727		29.233065	-17.404475	9.319633
15728		29.434397	-16.856857	8.470668
15729		29.811880	-16.374292	7.656188
15730		30.289226	-15.776306	6.924525
15731		30.721243	-14.896737	6.371428
15732		30.981475	-13.552122	5.991556
15733		31.030617	-12.028288	5.806020
15734		30.863282	-10.768707	5.953900
15735		30.531644	-9.804245	6.436804
15736		30.054437	-9.249203	7.008571
15737		29.361131	-9.221326	7.579624
15738		28.442324	-9.611175	8.362042
15739		27.443084	-10.091032	9.384547
15740		26.470096	-10.801491	10.566844
15741		25.607062	-11.538364	11.961927
15742		25.064216	-11.828837	13.472731
15743		24.792278	-11.794840	14.806549
15744		24.473250	-11.591026	15.693069
15745		23.928720	-11.107260	16.281055
15746		23.140778	-10.352961	16.657362
15747		22.147179	-9.479546	16.723837
15748		21.075385	-8.674612	16.370088
15749		19.996334	-7.984668	15.627639
15750		18.859048	-7.269927	14.613485
15751		17.598005	-6.465947	13.448940
15752		16.216509	-5.705910	12.298787
15753		14.846556	-5.142209	11.421514
15754		13.705752	-4.783866	10.855025
15755		12.891254	-4.506454	10.543627
15756		12.351102	-4.217266	10.382602
15757		11.968216	-3.946077	10.253081
15758		11.605568	-3.687635	10.061800
15759		11.162606	-3.437210	9.793070
15760		10.595688	-3.125323	9.528132
15761		9.920846	-2.735246	9.353556
15762		9.169233	-2.332064	9.317313
15763		8.375537	-1.929798	9.387433
15764		7.570100	-1.468069	9.501930
15765		6.783275	-0.937617	9.625302
15766		6.040276	-0.364493	9.749417
15767		5.346676	0.198522	9.895607
15768		4.694178	0.677942	10.062333
15769		4.089015	1.048729	10.271588
15770		3.523342	1.369367	10.535181
15771		2.982996	1.667466	10.854938
15772		2.446139	1.971045	11.220529
15773		1.899537	2.299698	11.616862
15774		1.312845	2.664189	12.008946
15775		0.688320	3.106431	12.397462
15776		0.025134	3.639118	12.785998
15777		-0.643081	4.271590	13.191656
15778		-1.310019	4.978880	13.585165
15779		-1.938115	5.749106	13.940879
15780		-2.526296	6.532869	14.197130
15781		-3.081327	7.215620	14.265871
15782		-3.567963	7.786565	14.134233
15783		-3.971567	8.288396	13.872750
15784		-4.329912	8.745348	13.513451
15785		-4.655464	9.140645	13.098031
15786		-4.940994	9.442415	12.669446
15787		-5.193180	9.624006	12.230349
15788		-5.409672	9.735403	11.792977
15789		-5.647292	9.771660	11.386306
15790		-5.936161	9.774911	10.992828
15791		-6.271719	9.743523	10.587997
15792		-6.645637	9.664588	10.108894
15793		-7.009228	9.540164	9.578226
15794		-7.290947	9.387660	9.092076
15795		-7.452346	9.189157	8.712396
15796		-7.519256	8.934889	8.375771
15797		-7.481392	8.604051	8.059314
15798		-7.267029	8.178681	7.851573
15799		-6.867121	7.633608	7.779322
15800		-6.301849	6.907395	7.735124
15801		-5.623770	6.007063	7.694944
15802		-4.844533	4.974364	7.629459
15803		-3.944365	3.912368	7.536771
15804		-2.849897	2.911657	7.472607
15805		-1.566258	1.894436	7.381439
15806		-0.086994	0.733073	7.173975
15807		1.573704	-0.581492	6.843288
15808		3.350120	-1.961731	6.455679
15809		5.039206	-3.411214	6.058273
15810		6.453200	-4.836295	5.688081
15811		7.623864	-6.097356	5.414394
15812		8.754233	-7.263717	5.142673
15813		9.958813	-8.310649	4.698447
15814		11.264436	-9.124479	4.036442
15815		12.634083	-9.714172	3.214063
15816		14.069294	-10.106791	2.275578
15817		15.554456	-10.283683	1.278513
15818		17.086018	-10.262930	0.275414
15819		18.659998	-10.098400	-0.701697
15820		20.252151	-9.866611	-1.666877
15821		21.825786	-9.604971	-2.582862
15822		23.341360	-9.334198	-3.379610
15823		24.771640	-9.058725	-4.007888
15824		26.094577	-8.821139	-4.449852
15825		27.291957	-8.675739	-4.713322
15826		28.388199	-8.680847	-4.776716
15827		29.394621	-8.867783	-4.635067
15828		30.324600	-9.258741	-4.271291
15829		31.174770	-9.870193	-3.669389
15830		31.945481	-10.709670	-2.821167
15831		32.623475	-11.782558	-1.757015
15832		33.188131	-13.035450	-0.541261
15833		33.597140	-14.376728	0.751145
15834		33.819234	-15.736471	2.059514
15835		33.826479	-17.038077	3.359015
15836		33.600763	-18.170833	4.614286
15837		33.147422	-19.106996	5.732294
15838		32.483804	-19.861523	6.646162
15839		31.660273	-20.487132	7.297177
15840		30.746219	-20.985337	7.600502
15841		29.809313	-21.309831	7.513763
15842		28.954166	-21.352123	7.111414
15843		28.353040	-21.026699	6.361557
15844		28.224686	-20.203234	5.182793
15845		28.546045	-19.023345	3.690092
15846		29.099944	-17.862953	2.246318
15847		29.695941	-16.768862	1.192173
15848		30.180901	-15.554535	0.589331
15849		30.492328	-14.061754	0.335411
15850		30.591433	-12.516627	0.299559
15851		30.502212	-11.230903	0.321465
15852		30.254347	-10.336378	0.387652
15853		29.843582	-9.867476	0.631866
15854		29.236042	-9.722534	1.022847
15855		28.403810	-9.756531	1.617516
15856		27.375488	-9.890357	2.454569
15857		26.239685	-10.235727	3.506831
15858		25.137697	-10.684552	4.856345
15859		24.102524	-11.099247	6.574217
15860		23.121667	-11.481034	8.397629
15861		22.230067	-11.742490	10.120469
15862		21.421296	-11.810144	11.622362
15863		20.629497	-11.650713	12.794257
15864		19.799875	-11.232020	13.613048
15865		18.897070	-10.653302	14.085616
15866		17.928442	-10.037804	14.197503
15867		16.941088	-9.492890	13.979151
15868		15.944941	-8.945917	13.538955
15869		14.921160	-8.335160	12.953794
15870		13.864888	-7.715118	12.307774
15871		12.822552	-7.117239	11.718000
15872		11.870603	-6.553337	11.232162
15873		11.063872	-6.023380	10.849901
15874		10.404572	-5.517603	10.560446
15875		9.834402	-5.026762	10.331918
15876		9.283618	-4.527726	10.131885
15877		8.707324	-4.013137	9.970735
15878		8.068600	-3.495833	9.879476
15879		7.366785	-2.994389	9.906514
15880		6.609538	-2.481408	10.094069
15881		5.823223	-1.927493	10.443917
15882		5.035189	-1.339878	10.926790
15883		4.270489	-0.769666	11.517847
15884		3.530570	-0.236883	12.185300
15885		2.793052	0.243577	12.915170
15886		2.039371	0.699900	13.698424
15887		1.242722	1.166705	14.512765
15888		0.386954	1.667335	15.323705
15889		-0.532499	2.215596	16.091656
15890		-1.508208	2.847472	16.794769
15891		-2.536241	3.567440	17.424682
15892		-3.606270	4.374404	17.973012
15893		-4.680204	5.271929	18.415270
15894		-5.680200	6.181433	18.684494
15895		-6.530120	6.952693	18.673918
15896		-7.174994	7.555194	18.311085
15897		-7.597240	8.076221	17.708294
15898		-7.872820	8.628813	17.034545
15899		-8.092508	9.081033	16.419381
15900		-8.271185	9.360353	15.906139
15901		-8.420035	9.403416	15.427861
15902		-8.582823	9.290227	14.940123
15903		-8.815410	9.162058	14.526231
15904		-9.168848	9.157392	14.163426
15905		-9.622523	9.185296	13.736961
15906		-10.059196	9.116641	13.187510
15907		-10.399761	8.993635	12.557115
15908		-10.592066	8.765818	11.857861
15909		-10.561125	8.372626	11.152906
15910		-10.300818	7.861880	10.554171
15911		-9.861453	7.328286	10.160391
15912		-9.295628	6.850453	10.044656
15913		-8.617274	6.428202	10.173576
15914		-7.816622	5.961371	10.433123
15915		-6.904248	5.358237	10.723243
15916		-5.856171	4.623165	10.965052
15917		-4.651119	3.878147	11.182754
15918		-3.294501	3.087053	11.331313
15919		-1.784159	2.211838	11.406860
15920		-0.144474	1.140209	11.368189
15921		1.580286	-0.108333	11.227611
15922		3.305143	-1.426622	11.021287
15923		4.879375	-2.705169	10.721250
15924		6.248719	-3.865936	10.354607
15925		7.510887	-4.885358	9.994409
15926		8.781559	-5.733545	9.591169
15927		10.070800	-6.410617	9.064601
15928		11.375049	-6.903687	8.398964
15929		12.699081	-7.225874	7.654220
15930		14.044390	-7.397024	6.877233
15931		15.398361	-7.470861	6.089433
15932		16.762087	-7.516219	5.284597
15933		18.132292	-7.559857	4.454090
15934		19.524928	-7.589321	3.642468
15935		20.913841	-7.576980	2.873461
15936		22.264459	-7.567145	2.181540
15937		23.553022	-7.605787	1.616588
15938		24.751672	-7.720382	1.205415
15939		25.835453	-7.934521	0.972744
15940		26.802844	-8.251352	0.950071
15941		27.660865	-8.680269	1.184159
15942		28.428873	-9.268344	1.699977
15943		29.104991	-10.039834	2.490409
15944		29.695946	-11.003179	3.507700
15945		30.185932	-12.160921	4.685019
15946		30.562034	-13.482124	5.959855
15947		30.803955	-14.878172	7.269511
15948		30.903135	-16.245617	8.553368
15949		30.868097	-17.528651	9.740127
15950		30.701701	-18.590392	10.759498
15951		30.420071	-19.330956	11.551390
15952		30.052402	-19.766469	12.064673
15953		29.649849	-19.975300	12.214173
15954		29.272393	-19.929037	12.008467
15955		28.968453	-19.582345	11.589506
15956		28.817906	-18.926260	10.991504
15957		28.881470	-17.878046	10.126464
15958		29.129288	-16.530263	9.055006
15959		29.449832	-15.309255	7.914826
15960		29.799902	-14.329970	6.890989
15961		30.224077	-13.352329	6.173240
15962		30.668632	-12.130042	5.917906
15963		31.014626	-10.736535	6.045026
15964		31.204416	-9.529338	6.346196
15965		31.159743	-8.872077	6.897450
15966		30.866291	-8.644652	7.565652
15967		30.304003	-8.578126	8.020104
15968		29.444254	-8.669410	8.354362
15969		28.278457	-9.037945	8.725345
15970		26.955086	-9.523067	9.366059
15971		25.653181	-10.054880	10.443311
15972		24.397976	-10.551631	11.559783
15973		23.406547	-10.622327	12.525472
15974		22.702723	-10.401039	13.404293
15975		22.113997	-10.060154	14.069149
15976		21.489726	-9.591647	14.509805
15977		20.761697	-8.998093	14.645916
15978		19.930548	-8.162733	14.484284
15979		19.015066	-7.330213	14.021144
15980		18.016838	-6.689181	13.272959
15981		16.937545	-6.176272	12.358735
15982		15.761643	-5.650974	11.386625
15983		14.512170	-5.091752	10.452151
15984		13.271558	-4.585968	9.626350
15985		12.150451	-4.219878	8.971791
15986		11.225283	-3.947880	8.514831
15987		10.522595	-3.700518	8.268150
15988		9.988960	-3.479623	8.152387
15989		9.545056	-3.288989	8.078527
15990		9.103689	-3.087266	7.968236
15991		8.597234	-2.857016	7.792391
15992		8.004918	-2.559339	7.576898
15993		7.353001	-2.167526	7.398991
15994		6.672676	-1.685869	7.304986
15995		5.980229	-1.140207	7.269969
15996		5.263767	-0.545981	7.227822
15997		4.528194	0.089322	7.163892
15998		3.771098	0.729289	7.095774
15999		2.999781	1.325333	7.063131
16000		2.205434	1.868206	7.113559
16001		1.393864	2.347332	7.271498
16002		0.565977	2.806262	7.542775
16003		-0.261516	3.297088	7.949201
16004		-1.109883	3.807736	8.474412
16005		-1.988526	4.334149	9.087476
16006		-2.888827	4.919763	9.744397
16007		-3.756385	5.599895	10.405098
16008		-4.559304	6.325866	10.997049
16009		-5.287088	7.007638	11.399382
16010		-5.913087	7.644614	11.561589
16011		-6.409596	8.256371	11.539105
16012		-6.802307	8.826289	11.416329
16013		-7.131111	9.310065	11.273070
16014		-7.387081	9.665408	11.144581
16015		-7.595020	9.819847	10.975152
16016		-7.781915	9.813059	10.755588
16017		-7.988868	9.747545	10.512235
16018		-8.235054	9.693239	10.230993
16019		-8.537005	9.590597	9.841180
16020		-8.861843	9.407821	9.270952
16021		-9.122823	9.149040	8.533033
16022		-9.234903	8.798958	7.740431
16023		-9.196684	8.357927	6.937739
16024		-8.954825	7.910578	6.201903
16025		-8.497019	7.442571	5.625714
16026		-7.839863	6.967705	5.267873
16027		-7.022456	6.445546	5.039920
16028		-6.081066	5.802331	4.867992
16029		-5.043356	5.002553	4.727487
16030		-3.897168	4.154340	4.605824
16031		-2.609319	3.357720	4.582205
16032		-1.192638	2.503639	4.575055
16033		0.363883	1.475237	4.499397
16034		2.075074	0.282194	4.367504
16035		3.852697	-1.033965	4.177466
16036		5.520456	-2.436051	3.899397
16037		6.941487	-3.758652	3.611590
16038		8.189630	-4.929049	3.421849
16039		9.390483	-5.955849	3.292426
16040		10.617526	-6.797516	3.064812
16041		11.862534	-7.443768	2.634545
16042		13.140845	-7.898230	2.029022
16043		14.452329	-8.158416	1.292823
16044		15.804132	-8.254443	0.480629
16045		17.188723	-8.252624	-0.371157
16046		18.612124	-8.224066	-1.206079
16047		20.063277	-8.209548	-1.968110
16048		21.509452	-8.232002	-2.635408
16049		22.906104	-8.297659	-3.216488
16050		24.226756	-8.436532	-3.689318
16051		25.448668	-8.645050	-4.028029
16052		26.556944	-8.935597	-4.212690
16053		27.548714	-9.319134	-4.222495
16054		28.438604	-9.804620	-4.023741
16055		29.242768	-10.438729	-3.588347
16056		29.972385	-11.230629	-2.912560
16057		30.622291	-12.194323	-1.998487
16058		31.180990	-13.341034	-0.881556
16059		31.622029	-14.637602	0.369906
16060		31.924497	-15.988877	1.675890
16061		32.072522	-17.314365	2.992306
16062		32.075392	-18.544298	4.260457
16063		31.923916	-19.573464	5.400214
16064		31.632897	-20.278030	6.327084
16065		31.241154	-20.652889	6.947265
16066		30.799615	-20.760173	7.117794
16067		30.360346	-20.603224	6.804781
16068		29.956149	-20.160551	6.219260
16069		29.638868	-19.530290	5.600734
16070		29.538595	-18.634966	4.866951
16071		29.671534	-17.491659	3.988470
16072		29.911951	-16.558659	3.070214
16073		30.276585	-15.990726	2.287827
16074		30.807849	-15.468540	1.719097
16075		31.408729	-14.765279	1.311034
16076		31.888713	-13.729355	1.071852
16077		32.114118	-12.391862	1.099775
16078		32.021939	-11.251614	1.346796
16079		31.635024	-10.346519	1.713908
16080		31.103080	-9.631874	2.139170
16081		30.377602	-9.463759	2.432836
16082		29.390139	-9.827916	2.784130
16083		28.257399	-10.260921	3.497892
16084		27.059813	-10.822438	4.420638
16085		25.905117	-11.535000	5.567804
16086		25.076171	-11.901855	6.927171
16087		24.666237	-11.761912	8.331122
16088		24.370185	-11.557361	9.406665
16089		23.863440	-11.190774	10.134289
16090		23.106683	-10.529445	10.605841
16091		22.144952	-9.581264	10.865145
16092		21.073166	-8.538427	10.830973
16093		19.993332	-7.738123	10.470490
16094		18.908204	-7.207518	9.880289
16095		17.743316	-6.739343	9.190933
16096		16.428184	-6.182782	8.499617
16097		15.038408	-5.614930	7.952521
16098		13.732803	-5.164410	7.679153
16099		12.688854	-4.848233	7.683814
16100		11.939930	-4.569058	7.892825
16101		11.432112	-4.332175	8.190669
16102		11.047060	-4.151713	8.438153
16103		10.666785	-4.003833	8.541666
16104		10.191399	-3.827605	8.507227
16105		9.599720	-3.564381	8.415552
16106		8.928837	-3.212033	8.350290
16107		8.229520	-2.821274	8.364289
16108		7.519243	-2.377349	8.438295
16109		6.818633	-1.863283	8.536428
16110		6.144248	-1.300243	8.662046
16111		5.493577	-0.737388	8.825856
16112		4.858970	-0.199957	9.004794
16113		4.232531	0.276305	9.223873
16114		3.602858	0.687304	9.494421
16115		2.961232	1.051232	9.818519
16116		2.299055	1.399875	10.169723
16117		1.614876	1.775308	10.546178
16118		0.897999	2.231451	10.976288
16119		0.119315	2.769112	11.487395
16120		-0.736139	3.419197	12.094230
16121		-1.662858	4.215336	12.817261
16122		-2.639097	5.164807	13.606265
16123		-3.635051	6.123524	14.270624
16124		-4.581068	6.949219	14.601561
16125		-5.394931	7.640231	14.604370
16126		-6.056572	8.264101	14.381594
16127		-6.615158	8.809389	13.999914
16128		-7.039597	9.301996	13.549757
16129		-7.327893	9.633713	13.071626
16130		-7.531150	9.720346	12.518683
16131		-7.696512	9.614407	11.960046
16132		-7.892774	9.431429	11.440370
16133		-8.176888	9.236443	10.949646
16134		-8.556062	9.047730	10.418774
16135		-8.961431	8.825378	9.837270
16136		-9.326972	8.550627	9.236121
16137		-9.621768	8.299848	8.628381
16138		-9.772535	8.077976	8.070413
16139		-9.707835	7.827106	7.662786
16140		-9.406439	7.567394	7.465325
16141		-8.903248	7.301765	7.453176
16142		-8.204341	6.997494	7.579592
16143		-7.302498	6.567635	7.761627
16144		-6.237510	5.868321	7.872973
16145		-5.019063	5.021394	7.933467
16146		-3.644534	4.148273	7.979413
16147		-2.149715	3.187742	7.967250
16148		-0.524641	2.140585	7.920242
16149		1.201301	0.955886	7.820802
16150		2.961297	-0.377410	7.659684
16151		4.624163	-1.809945	7.373519
16152		6.093314	-3.168179	6.986626
16153		7.379054	-4.384362	6.532041
16154		8.602552	-5.419859	6.041181
16155		9.849114	-6.261091	5.464727
16156		11.139379	-6.912512	4.755892
16157		12.465179	-7.376761	3.931395
16158		13.825164	-7.651787	3.036460
16159		15.211193	-7.731894	2.100741
16160		16.609579	-7.672572	1.155604
16161		18.014864	-7.578411	0.198013
16162		19.429965	-7.467741	-0.736764
16163		20.839222	-7.323178	-1.610166
16164		22.225964	-7.171862	-2.384021
16165		23.567640	-7.072342	-3.014498
16166		24.835033	-7.051958	-3.479867
16167		26.005757	-7.131303	-3.772292
16168		27.065916	-7.326761	-3.863829
16169		28.009025	-7.641456	-3.737217
16170		28.844612	-8.079939	-3.368511
16171		29.575714	-8.687381	-2.750383
16172		30.212824	-9.465206	-1.871806
16173		30.762438	-10.418726	-0.745179
16174		31.211810	-11.550291	0.549370
16175		31.541713	-12.819311	1.946309
16176		31.726334	-14.148799	3.406283
16177		31.757336	-15.494428	4.885391
16178		31.638305	-16.793676	6.345254
16179		31.376338	-17.938121	7.711789
16180		30.993855	-18.819676	8.893467
16181		30.508568	-19.423852	9.803054
16182		29.969309	-19.806889	10.350670
16183		29.454345	-19.966735	10.542159
16184		29.042069	-19.859642	10.444225
16185		28.838561	-19.428644	10.033469
16186		28.935774	-18.538813	9.245653
16187		29.285954	-17.342864	8.142689
16188		29.754224	-16.164332	6.880627
16189		30.252314	-15.114962	5.745368
16190		30.732784	-14.206099	4.834874
16191		31.151761	-12.986898	4.258588
16192		31.440756	-11.504687	4.106036
16193		31.602617	-10.243218	4.346922
16194		31.616450	-9.413916	4.891706
16195		31.420315	-9.095895	5.580731
16196		30.972330	-9.137686	6.147851
16197		30.274932	-9.241460	6.690454
16198		29.338048	-9.452181	7.304396
16199		28.201886	-9.830855	8.082331
16200		27.054277	-10.183801	9.136789
16201		25.927118	-10.478701	10.272415
16202		24.906610	-10.471332	11.248927
16203		24.078226	-10.179959	12.103321
16204		23.403002	-9.722036	12.728995
16205		22.757221	-9.129400	13.139406
16206		22.041641	-8.446585	13.351508
16207		21.244853	-7.612117	13.367964
16208		20.325550	-6.785620	13.135703
16209		19.297976	-6.142635	12.664390
16210		18.180929	-5.617291	12.052083
16211		16.998976	-5.130957	11.423863
16212		15.788856	-4.685825	10.866370
16213		14.624507	-4.305364	10.427570
16214		13.566832	-3.980187	10.096283
16215		12.676832	-3.705613	9.861124
16216		11.956797	-3.448270	9.723868
16217		11.351880	-3.228647	9.658639
16218		10.779536	-3.039131	9.603523
16219		10.191973	-2.833551	9.539174
16220		9.555774	-2.554881	9.461352
16221		8.863940	-2.190633	9.415358
16222		8.119031	-1.753565	9.425254
16223		7.335113	-1.248899	9.505753
16224		6.535916	-0.665651	9.641627
16225		5.761522	-0.039738	9.831667
16226		5.025865	0.572754	10.059760
16227		4.325732	1.106928	10.307756
16228		3.648980	1.541504	10.566840
16229		2.990043	1.908020	10.859611
16230		2.355311	2.297521	11.217396
16231		1.723610	2.713444	11.648861
16232		1.066484	3.167158	12.113893
16233		0.395288	3.703457	12.617575
16234		-0.297695	4.359282	13.162965
16235		-1.026093	5.107669	13.738541
16236		-1.807415	5.910181	14.268877
16237		-2.643780	6.691941	14.613650
16238		-3.482895	7.373727	14.665105
16239		-4.288169	7.912192	14.345498
16240		-5.005107	8.377672	13.735048
16241		-5.630849	8.776304	12.970873
16242		-6.185355	9.110703	12.159344
16243		-6.613681	9.382233	11.426000
16244		-6.903705	9.512614	10.779075
16245		-7.087483	9.431022	10.164593
16246		-7.213847	9.223586	9.586691
16247		-7.317008	9.011200	9.068960
16248		-7.422536	8.806900	8.561320
16249		-7.540406	8.582251	7.993068
16250		-7.619952	8.335634	7.417344
16251		-7.623167	8.065644	6.878065
16252		-7.504893	7.798806	6.381854
16253		-7.202639	7.517977	5.979568
16254		-6.697880	7.161351	5.712433
16255		-6.008867	6.703906	5.557386
16256		-5.158697	6.097725	5.426206
16257		-4.180754	5.331656	5.317121
16258		-3.120650	4.491651	5.158514
16259		-1.916695	3.677775	5.022867
16260		-0.541272	2.838572	4.922709
16261		0.996276	1.822747	4.742096
16262		2.722772	0.698331	4.546817
16263		4.513932	-0.557404	4.319083
16264		6.216805	-1.934947	3.997263
16265		7.704698	-3.265318	3.644621
16266		9.000030	-4.438620	3.332872
16267		10.208886	-5.460586	3.051751
16268		11.415250	-6.301123	2.692492
16269		12.632393	-6.956009	2.173559
16270		13.882442	-7.391659	1.538832
16271		15.175836	-7.610894	0.837240
16272		16.510710	-7.645514	0.113046
16273		17.874014	-7.566878	-0.627138
16274		19.263875	-7.445030	-1.388770
16275		20.673101	-7.329374	-2.156688
16276		22.077697	-7.223966	-2.870386
16277		23.452091	-7.182132	-3.480368
16278		24.747448	-7.186550	-3.986169
16279		25.941270	-7.259209	-4.379562
16280		27.026520	-7.402761	-4.623833
16281		28.009959	-7.649013	-4.701968
16282		28.905165	-8.006563	-4.589306
16283		29.719389	-8.521838	-4.259875
16284		30.468539	-9.257383	-3.696517
16285		31.154124	-10.229241	-2.881804
16286		31.764726	-11.422751	-1.839933
16287		32.264396	-12.809947	-0.637607
16288		32.640503	-14.320542	0.637456
16289		32.869942	-15.871688	1.932665
16290		32.938177	-17.395144	3.188239
16291		32.845149	-18.796662	4.367887
16292		32.594713	-19.923624	5.419457
16293		32.200935	-20.731577	6.253211
16294		31.699417	-21.238578	6.781082
16295		31.145208	-21.520796	6.924559
16296		30.574502	-21.567660	6.671282
16297		30.051386	-21.327869	6.091026
16298		29.688188	-20.768945	5.207200
16299		29.598034	-19.856096	3.939932
16300		29.817895	-18.496615	2.346514
16301		30.203411	-16.969412	0.674615
16302		30.655507	-15.551162	-0.743915
16303		31.144943	-14.240391	-1.762746
16304		31.550358	-12.957368	-2.511696
16305		31.768810	-11.436007	-2.903850
16306		31.795406	-10.042919	-2.798261
16307		31.613752	-9.116396	-2.266773
16308		31.245508	-8.530170	-1.517272
16309		30.674358	-8.413973	-0.780191
16310		29.860565	-8.738638	-0.031765
16311		28.882519	-9.210298	0.937299
16312		27.845107	-9.850914	2.134409
16313		26.778124	-10.866735	3.659350
16314		25.950079	-11.770015	5.466133
16315		25.585501	-12.140701	7.183290
16316		25.338975	-12.231321	8.360723
16317		24.877086	-12.066146	9.256621
16318		24.118957	-11.631810	10.033030
16319		23.115843	-10.883660	10.575945
16320		21.982225	-9.953618	10.699980
16321		20.873607	-9.010978	10.325493
16322		19.822349	-8.148519	9.552383
16323		18.725161	-7.343544	8.497471
16324		17.486317	-6.484886	7.323842
16325		16.149185	-5.657748	6.258882
16326		14.858252	-5.013768	5.532475
16327		13.797881	-4.541661	5.218731
16328		13.002611	-4.178458	5.268016
16329		12.413900	-3.958276	5.543423
16330		11.946986	-3.854307	5.905590
16331		11.502750	-3.813958	6.222015
16332		10.986808	-3.769486	6.435474
16333		10.368107	-3.658978	6.591444
16334		9.663492	-3.474488	6.775307
16335		8.931659	-3.252281	7.014606
16336		8.197160	-2.951989	7.257209
16337		7.472181	-2.533850	7.453598
16338		6.758564	-2.009061	7.578647
16339		6.053574	-1.421120	7.663186
16340		5.346261	-0.788638	7.731346
16341		4.644199	-0.174878	7.823321
16342		3.950483	0.381666	7.965893
16343		3.267079	0.865337	8.154628
16344		2.585302	1.312298	8.367495
16345		1.889064	1.732136	8.586995
16346		1.172072	2.177537	8.815777
16347		0.423705	2.641715	9.060344
16348		-0.359664	3.166317	9.317443
16349		-1.164151	3.778104	9.597693
16350		-1.954933	4.491672	9.883472
16351		-2.702995	5.253470	10.137907
16352		-3.401049	5.992218	10.286663
16353		-4.048573	6.602936	10.222024
16354		-4.623998	7.110745	9.947778
16355		-5.106074	7.561206	9.594303
16356		-5.526203	7.959525	9.235231
16357		-5.893729	8.303954	8.880556
16358		-6.185780	8.624015	8.546433
16359		-6.406067	8.852454	8.193045
16360		-6.608567	8.918077	7.767283
16361		-6.845387	8.879345	7.304487
16362		-7.145956	8.804338	6.810345
16363		-7.507415	8.684046	6.283850
16364		-7.905231	8.505257	5.698717
16365		-8.266020	8.276283	5.098184
16366		-8.532670	7.994749	4.559911
16367		-8.699559	7.671134	4.094726
16368		-8.742455	7.357888	3.741686
16369		-8.611314	7.062296	3.587058
16370		-8.294443	6.777691	3.652687
16371		-7.807754	6.488353	3.880345
16372		-7.157415	6.095670	4.132249
16373		-6.359352	5.509183	4.336320
16374		-5.400381	4.760917	4.480256
16375		-4.280481	3.969773	4.550128
16376		-2.962051	3.157361	4.607358
16377		-1.475136	2.241896	4.584713
16378		0.177060	1.195082	4.462974
16379		1.939770	0.072523	4.292085
16380		3.708297	-1.165695	4.053559
16381		5.329713	-2.460545	3.720472
16382		6.718936	-3.657331	3.335451
16383		7.952773	-4.738681	2.944258
16384		9.174982	-5.663490	2.535433
16385		10.435263	-6.391031	2.034908
16386		11.727219	-6.961590	1.397135
16387		13.051943	-7.364154	0.655605
16388		14.408653	-7.590107	-0.130052
16389		15.783382	-7.662086	-0.930329
16390		17.178366	-7.647952	-1.731894
16391		18.589979	-7.616792	-2.532268
16392		20.024887	-7.585973	-3.319106
16393		21.465887	-7.560444	-4.021807
16394		22.874593	-7.551582	-4.609628
16395		24.207116	-7.585868	-5.061089
16396		25.444606	-7.680566	-5.347560
16397		26.571304	-7.855844	-5.456088
16398		27.593768	-8.127678	-5.363818
16399		28.516864	-8.504257	-5.049887
16400		29.356945	-9.035983	-4.499781
16401		30.112170	-9.740196	-3.715942
16402		30.775594	-10.629474	-2.722712
16403		31.323708	-11.715216	-1.568516
16404		31.736153	-12.979426	-0.311339
16405		31.982407	-14.353162	1.003309
16406		32.048956	-15.729945	2.327423
16407		31.933864	-17.058257	3.613470
16408		31.648890	-18.258773	4.803428
16409		31.208391	-19.190007	5.780228
16410		30.641394	-19.791297	6.463984
16411		29.982577	-20.109079	6.797562
16412		29.275112	-20.175996	6.683328
16413		28.586052	-19.940315	6.130520
16414		28.024388	-19.401475	5.312422
16415		27.729112	-18.493975	4.264259
16416		27.800815	-17.001211	2.973236
16417		28.091373	-15.403561	1.580962
16418		28.460114	-14.103855	0.423274
16419		28.874001	-12.977836	-0.310429
16420		29.250306	-11.761812	-0.725628
16421		29.558182	-10.393590	-0.750342
16422		29.816771	-9.228493	-0.407379
16423		29.938203	-8.438866	0.195060
16424		29.827176	-8.163712	0.868207
16425		29.409690	-8.339425	1.489858
16426		28.705222	-8.602358	2.191113
16427		27.786290	-8.866548	3.086817
16428		26.685785	-9.393802	4.149473
16429		25.558824	-9.984057	5.438209
16430		24.506284	-10.456163	6.939173
16431		23.588307	-10.652816	8.366554
16432		22.849578	-10.521166	9.571381
16433		22.201322	-10.176711	10.454946
16434		21.546798	-9.603863	11.054311
16435		20.814468	-8.880915	11.369110
16436		19.981067	-8.028154	11.381077
16437		19.054953	-7.179848	11.105046
16438		18.044766	-6.500104	10.570593
16439		16.950951	-5.938950	9.887503
16440		15.758884	-5.395782	9.192265
16441		14.530916	-4.914102	8.606656
16442		13.410528	-4.519900	8.195877
16443		12.525422	-4.206927	7.935103
16444		11.887041	-3.932751	7.779677
16445		11.436309	-3.690335	7.686508
16446		11.072303	-3.484654	7.574107
16447		10.697629	-3.274082	7.388523
16448		10.259134	-2.999885	7.135059
16449		9.748265	-2.659474	6.878803
16450		9.172768	-2.274395	6.664419
16451		8.549794	-1.855638	6.508682
16452		7.898614	-1.403269	6.426146
16453		7.244896	-0.919805	6.422671
16454		6.588741	-0.425650	6.482023
16455		5.927515	0.055924	6.583893
16456		5.251309	0.498444	6.708150
16457		4.555266	0.880691	6.865177
16458		3.820946	1.211296	7.093978
16459		3.034865	1.516208	7.398844
16460		2.198142	1.855184	7.794937
16461		1.327217	2.288923	8.308825
16462		0.407951	2.834427	8.924063
16463		-0.561367	3.495322	9.618965
16464		-1.581200	4.252573	10.345282
16465		-2.604103	5.082719	11.064614
16466		-3.611200	5.885677	11.670588
16467		-4.589874	6.597815	12.033707
16468		-5.496300	7.197863	12.091371
16469		-6.248174	7.733017	11.949099
16470		-6.859152	8.200721	11.682220
16471		-7.351008	8.614797	11.332637
16472		-7.721809	8.927957	10.946532
16473		-7.983202	9.072873	10.535039
16474		-8.155598	9.033074	10.113330
16475		-8.303925	8.868337	9.709276
16476		-8.469420	8.673395	9.311608
16477		-8.655405	8.454941	8.895531
16478		-8.811245	8.191320	8.451371
16479		-8.862113	7.872818	7.987594
16480		-8.725594	7.516409	7.550004
16481		-8.365523	7.127663	7.216021
16482		-7.768823	6.661748	7.020628
16483		-6.944936	6.083424	6.886860
16484		-5.959251	5.318843	6.735597
16485		-4.854071	4.399875	6.537870
16486		-3.619337	3.468283	6.281815
16487		-2.223493	2.567013	6.019433
16488		-0.684707	1.617985	5.691736
16489		1.002591	0.559846	5.265712
16490		2.829614	-0.605370	4.810625
16491		4.677722	-1.867951	4.312046
16492		6.411985	-3.084527	3.815184
16493		7.946455	-4.128754	3.391108
16494		9.322600	-5.042431	3.055572
16495		10.666838	-5.848249	2.783248
16496		12.005099	-6.552369	2.477827
16497		13.318951	-7.113250	2.090928
16498		14.627840	-7.470911	1.663035
16499		15.946863	-7.632423	1.226562
16500		17.275619	-7.650364	0.767995
16501		18.622308	-7.597308	0.283590
16502		19.994877	-7.508084	-0.193788
16503		21.404397	-7.450835	-0.618127
16504		22.828258	-7.457774	-0.953630
16505		24.228838	-7.527032	-1.202638
16506		25.567527	-7.691262	-1.383741
16507		26.808754	-7.941313	-1.480208
16508		27.928702	-8.258441	-1.459823
16509		28.898080	-8.637866	-1.307705
16510		29.714090	-9.091493	-1.014758
16511		30.383298	-9.648911	-0.553409
16512		30.925579	-10.332446	0.095423
16513		31.349199	-11.168463	0.919207
16514		31.662183	-12.184272	1.867962
16515		31.871998	-13.372657	2.891563
16516		31.976594	-14.683663	3.948610
16517		31.955714	-16.053354	4.998872
16518		31.813838	-17.402757	6.013836
16519		31.562692	-18.610678	6.967247
16520		31.218105	-19.547583	7.793533
16521		30.796777	-20.168294	8.401572
16522		30.335178	-20.473980	8.728115
16523		29.859419	-20.510731	8.744714
16524		29.443981	-20.252917	8.422103
16525		29.201256	-19.650472	7.770311
16526		29.226865	-18.694826	6.770189
16527		29.517813	-17.349618	5.516448
16528		29.908090	-15.898031	4.176413
16529		30.256146	-14.706527	2.944047
16530		30.611123	-13.855625	1.991441
16531		31.039286	-13.256799	1.248752
16532		31.523375	-12.555099	0.582683
16533		31.994246	-11.376333	0.178234
16534		32.327036	-10.107045	0.167324
16535		32.395783	-9.123169	0.530471
16536		32.097945	-8.568629	1.006341
16537		31.397820	-8.389065	1.525526
16538		30.301833	-8.507836	2.103350
16539		28.935181	-8.920178	2.914172
16540		27.540475	-9.606221	4.034147
16541		26.262745	-10.498927	5.516723
16542		25.209919	-11.368564	7.345739
16543		24.642604	-11.808239	9.011119
16544		24.405274	-11.864880	10.283643
16545		24.129884	-11.742270	11.253079
16546		23.598477	-11.428049	12.081001
16547		22.785393	-10.903205	12.737712
16548		21.762300	-10.143789	13.095153
16549		20.689168	-9.299795	13.075660
16550		19.619508	-8.593526	12.633774
16551		18.523588	-7.987899	11.898778
16552		17.316824	-7.217593	10.973944
16553		15.993036	-6.279326	9.978576
16554		14.617094	-5.430600	9.119399
16555		13.364675	-4.814029	8.519061
16556		12.364275	-4.316197	8.193419
16557		11.642221	-3.866585	8.099095
16558		11.139721	-3.489243	8.159539
16559		10.753278	-3.190515	8.241821
16560		10.335074	-2.963582	8.227749
16561		9.797825	-2.760786	8.126186
16562		9.127244	-2.462902	8.036641
16563		8.382319	-2.053199	8.077170
16564		7.600314	-1.642232	8.269552
16565		6.803792	-1.253474	8.559491
16566		5.992421	-0.844702	8.869363
16567		5.200301	-0.376188	9.176139
16568		4.442359	0.129030	9.496905
16569		3.724730	0.597196	9.853635
16570		3.033881	1.004661	10.262100
16571		2.351358	1.377578	10.717337
16572		1.651618	1.765526	11.206615
16573		0.939726	2.209457	11.745157
16574		0.193811	2.728379	12.337614
16575		-0.597658	3.322852	12.964019
16576		-1.435937	4.048902	13.585559
16577		-2.289692	4.928508	14.195507
16578		-3.143660	5.887796	14.754402
16579		-3.955527	6.816670	15.174331
16580		-4.685687	7.602738	15.332281
16581		-5.273062	8.223108	15.199637
16582		-5.704739	8.741274	14.863812
16583		-6.035689	9.153154	14.432671
16584		-6.298979	9.477988	13.960233
16585		-6.493175	9.717772	13.485760
16586		-6.660700	9.793263	12.945321
16587		-6.847063	9.695048	12.369667
16588		-7.111182	9.558906	11.828205
16589		-7.460179	9.466674	11.326457
16590		-7.870531	9.356666	10.794789
16591		-8.305370	9.172527	10.150061
16592		-8.701098	8.928435	9.393856
16593		-8.961743	8.614077	8.653190
16594		-9.042454	8.236104	8.004930
16595		-8.941331	7.822031	7.470721
16596		-8.649261	7.392333	7.102609
16597		-8.170001	6.972080	6.968679
16598		-7.510335	6.554837	7.028741
16599		-6.687809	6.032165	7.128627
16600		-5.709847	5.318271	7.205765
16601		-4.584943	4.533679	7.213884
16602		-3.280112	3.769301	7.206029
16603		-1.791343	2.964074	7.176942
16604		-0.129178	2.003694	7.060158
16605		1.667745	0.929844	6.891775
16606		3.502959	-0.253109	6.679345
16607		5.226105	-1.555922	6.401244
16608		6.718905	-2.806083	6.072933
16609		7.999995	-3.923494	5.735870
16610		9.225322	-4.914813	5.395471
16611		10.476340	-5.712893	4.956401
16612		11.752276	-6.304284	4.350817
16613		13.054193	-6.668890	3.638597
16614		14.396792	-6.826744	2.893084
16615		15.770160	-6.846232	2.136316
16616		17.160535	-6.802992	1.380425
16617		18.575866	-6.751235	0.640787
16618		20.011604	-6.709114	-0.088892
16619		21.460279	-6.685083	-0.773561
16620		22.890261	-6.676699	-1.353034
16621		24.256214	-6.673446	-1.798074
16622		25.538528	-6.719277	-2.102174
16623		26.719619	-6.871335	-2.252930
16624		27.785361	-7.139945	-2.223862
16625		28.751597	-7.539779	-2.000731
16626		29.632145	-8.090905	-1.555635
16627		30.434664	-8.840622	-0.877730
16628		31.160261	-9.794648	-0.025887
16629		31.853210	-11.187736	0.636346
16630		32.358284	-12.700833	1.802731
16631		32.711472	-14.028739	3.419801
16632		32.900661	-15.486147	4.897386
16633		32.954214	-16.970597	6.339823
16634		32.831107	-18.253522	7.806944
16635		32.511955	-19.303060	9.031197
16636		32.028298	-20.033157	9.915280
16637		31.407466	-20.427224	10.415255
16638		30.707061	-20.528426	10.410042
16639		29.985438	-20.310278	9.912768
16640		29.329793	-19.794725	9.081886
16641		28.866634	-19.009278	7.948446
16642		28.753510	-17.741915	6.471883
16643		28.929220	-16.103244	4.928789
16644		29.271034	-14.687798	3.588959
16645		29.773959	-13.516420	2.598840
16646		30.353376	-12.091871	2.123218
16647		30.852408	-10.455915	2.126956
16648		31.182088	-9.133835	2.253549
16649		31.226871	-8.350341	2.497421
16650		30.879923	-8.192028	2.846537
16651		30.136590	-8.324394	3.109966
16652		29.104254	-8.553066	3.505712
16653		27.819749	-9.054943	4.103157
16654		26.450797	-9.689737	4.928986
16655		25.191813	-10.336143	6.090605
16656		24.114477	-10.790236	7.352179
16657		23.360095	-10.851893	8.564237
16658		22.783226	-10.740826	9.520191
16659		22.227875	-10.508133	10.319729
16660		21.574722	-10.205345	10.972179
16661		20.765017	-9.739849	11.351411
16662		19.815147	-9.024639	11.460716
16663		18.760276	-8.304635	11.247811
16664		17.621561	-7.767819	10.724939
16665		16.404526	-7.240025	10.042192
16666		15.095358	-6.578609	9.301200
16667		13.755640	-5.911753	8.592023
16668		12.518989	-5.380716	8.001220
16669		11.525832	-4.996813	7.552891
16670		10.798495	-4.647269	7.281962
16671		10.283718	-4.287080	7.204226
16672		9.863115	-3.962060	7.234908
16673		9.428701	-3.669991	7.238877
16674		8.905726	-3.343560	7.150012
16675		8.284193	-2.933106	7.039494
16676		7.580164	-2.458540	7.008842
16677		6.832604	-1.975143	7.111287
16678		6.068943	-1.446001	7.322562
16679		5.299924	-0.876420	7.601527
16680		4.539101	-0.293527	7.933977
16681		3.801479	0.250037	8.338988
16682		3.101176	0.726503	8.832058
16683		2.435016	1.152533	9.422872
16684		1.775972	1.585279	10.093047
16685		1.096898	2.032231	10.814646
16686		0.389378	2.509521	11.544674
16687		-0.337842	3.049157	12.281454
16688		-1.084302	3.675225	13.020076
16689		-1.847967	4.388129	13.738769
16690		-2.610585	5.202556	14.396630
16691		-3.340010	6.059634	14.919679
16692		-4.024968	6.831089	15.176259
16693		-4.603333	7.489988	15.134412
16694		-5.058708	8.050455	14.868978
16695		-5.427270	8.511286	14.499463
16696		-5.744882	8.907840	14.112191
16697		-6.005005	9.228691	13.749277
16698		-6.208204	9.400672	13.372144
16699		-6.401412	9.386715	12.890538
16700		-6.617492	9.304979	12.356760
16701		-6.887027	9.228188	11.785420
16702		-7.185539	9.137909	11.153238
16703		-7.494117	8.976836	10.425533
16704		-7.761575	8.741056	9.596702
16705		-7.914627	8.439083	8.757334
16706		-7.927111	8.057864	7.982018
16707		-7.810544	7.626862	7.310025
16708		-7.539975	7.201706	6.839061
16709		-7.098494	6.788678	6.657734
16710		-6.495896	6.395275	6.718815
16711		-5.733504	5.945198	6.872749
16712		-4.823330	5.309445	7.025063
16713		-3.803097	4.546454	7.135858
16714		-2.632571	3.773015	7.210817
16715		-1.268029	2.997477	7.309946
16716		0.264804	2.062463	7.303849
16717		1.961284	1.003994	7.210353
16718		3.749016	-0.151361	7.057677
16719		5.505297	-1.440439	6.818607
16720		7.100023	-2.738696	6.491927
16721		8.466140	-3.906808	6.132154
16722		9.708285	-4.956225	5.778436
16723		10.943216	-5.833805	5.412293
16724		12.203875	-6.538125	4.933189
16725		13.482410	-7.076950	4.300748
16726		14.789189	-7.424578	3.565844
16727		16.117532	-7.575536	2.805178
16728		17.461188	-7.565505	2.048354
16729		18.810909	-7.474286	1.303608
16730		20.175886	-7.360780	0.567049
16731		21.558144	-7.252314	-0.122318
16732		22.926921	-7.165002	-0.733833
16733		24.247171	-7.124073	-1.242774
16734		25.491946	-7.147267	-1.628166
16735		26.624596	-7.244258	-1.877831
16736		27.632446	-7.408378	-1.980238
16737		28.511782	-7.647425	-1.916138
16738		29.279694	-7.977809	-1.657253
16739		29.960468	-8.442948	-1.184888
16740		30.572626	-9.067686	-0.488678
16741		31.120661	-9.866519	0.427499
16742		31.591001	-10.844397	1.527100
16743		31.965140	-12.003813	2.742875
16744		32.233700	-13.303058	4.031018
16745		32.367946	-14.660938	5.358249
16746		32.360415	-16.021231	6.684461
16747		32.201220	-17.306643	7.967244
16748		31.896192	-18.397986	9.158499
16749		31.443920	-19.220933	10.149887
16750		30.892895	-19.756815	10.818317
16751		30.288960	-20.047334	11.067050
16752		29.696443	-20.080290	10.910525
16753		29.220388	-19.815460	10.475791
16754		28.998049	-19.228243	9.735995
16755		29.115418	-18.221960	8.650822
16756		29.462787	-17.069847	7.314946
16757		29.901692	-16.121455	5.936720
16758		30.405590	-15.355877	4.796200
16759		30.970285	-14.653272	3.935798
16760		31.506000	-13.836866	3.265179
16761		31.892425	-12.565346	2.811594
16762		32.103016	-11.191318	2.577725
16763		32.087360	-10.172580	2.560009
16764		31.858007	-9.374380	2.677489
16765		31.390002	-8.891578	2.672492
16766		30.584972	-8.827891	2.582391
16767		29.444245	-9.091438	2.643709
16768		28.159275	-9.380806	3.088909
16769		26.830106	-9.881082	3.928536
16770		25.556328	-10.587740	5.164991
16771		24.627603	-11.028088	6.725269
16772		24.233395	-10.958572	8.329653
16773		24.071214	-10.845251	9.438719
16774		23.826135	-10.552218	10.222129
16775		23.350856	-9.984362	10.827986
16776		22.608677	-9.096806	11.200766
16777		21.613884	-8.076790	11.257655
16778		20.491510	-7.234141	10.953437
16779		19.320652	-6.698681	10.404532
16780		18.087455	-6.269964	9.788574
16781		16.754503	-5.720301	9.213683
16782		15.375188	-5.219227	8.779666
16783		14.102264	-4.925568	8.637073
16784		13.075521	-4.766435	8.766388
16785		12.351302	-4.607138	9.081743
16786		11.857158	-4.406555	9.439424
16787		11.466746	-4.185372	9.707004
16788		11.055166	-3.956682	9.810639
16789		10.562433	-3.702123	9.799529
16790		9.969271	-3.372288	9.773458
16791		9.302498	-2.978414	9.796619
16792		8.578641	-2.562405	9.898398
16793		7.815181	-2.081471	10.051380
16794		7.033942	-1.510835	10.231554
16795		6.282990	-0.896358	10.460320
16796		5.582159	-0.291515	10.760440
16797		4.918392	0.232129	11.124874
16798		4.274195	0.659673	11.548304
16799		3.637614	1.041662	12.030737
16800		2.999895	1.441802	12.554436
16801		2.350914	1.848638	13.089276
16802		1.689355	2.271654	13.600613
16803		1.003761	2.753318	14.089308
16804		0.275943	3.316837	14.568974
16805		-0.482435	3.985098	15.075697
16806		-1.268573	4.756814	15.636432
16807		-2.086888	5.581507	16.172471
16808		-2.907241	6.392415	16.555688
16809		-3.678274	7.106077	16.690926
16810		-4.362588	7.715238	16.572165
16811		-4.941932	8.262097	16.254754
16812		-5.418573	8.761577	15.789613
16813		-5.765348	9.184437	15.263125
16814		-6.012509	9.413757	14.668559
16815		-6.205328	9.438682	14.026159
16816		-6.377247	9.340420	13.413813
16817		-6.569611	9.184320	12.831425
16818		-6.788767	9.019634	12.251473
16819		-7.021628	8.845739	11.687589
16820		-7.253200	8.660130	11.096918
16821		-7.448879	8.442066	10.448693
16822		-7.549837	8.216986	9.804560
16823		-7.545862	7.978198	9.205689
16824		-7.424770	7.704435	8.676058
16825		-7.147237	7.393933	8.320163
16826		-6.695288	7.045060	8.188037
16827		-6.086285	6.657866	8.224524
16828		-5.308596	6.166078	8.334124
16829		-4.388609	5.462439	8.405321
16830		-3.347100	4.639039	8.403537
16831		-2.129050	3.796583	8.392772
16832		-0.719490	2.889802	8.336115
16833		0.870541	1.832300	8.148115
16834		2.635911	0.688626	7.879412
16835		4.457278	-0.550830	7.543482
16836		6.181694	-1.917912	7.080876
16837		7.684963	-3.258370	6.536545
16838		8.976171	-4.415219	5.976510
16839		10.178673	-5.395806	5.406945
16840		11.392282	-6.161245	4.773905
16841		12.636435	-6.724894	4.005422
16842		13.920118	-7.116696	3.132045
16843		15.248348	-7.315859	2.228184
16844		16.606746	-7.311981	1.340735
16845		17.986799	-7.176815	0.495664
16846		19.395393	-6.987270	-0.296709
16847		20.833179	-6.795197	-1.037923
16848		22.287455	-6.626375	-1.694773
16849		23.725846	-6.511825	-2.226671
16850		25.106653	-6.472359	-2.628234
16851		26.410393	-6.546574	-2.879958
16852		27.610348	-6.765026	-2.976962
16853		28.701488	-7.130099	-2.914332
16854		29.682659	-7.627664	-2.684228
16855		30.563837	-8.277572	-2.281048
16856		31.366508	-9.173078	-1.803816
16857		32.096132	-10.250122	-0.964564
16858		32.750567	-11.333057	0.236462
16859		33.290866	-12.601618	1.521374
16860		33.702472	-14.015037	2.816653
16861		33.969525	-15.433421	4.119639
16862		34.079702	-16.766846	5.404584
16863		34.032001	-17.986221	6.593457
16864		33.831665	-18.993196	7.611428
16865		33.487444	-19.686142	8.345132
16866		33.033949	-20.050931	8.704059
16867		32.517357	-20.156930	8.613721
16868		31.986675	-20.025750	8.074721
16869		31.520849	-19.605093	7.224945
16870		31.191158	-18.945897	6.207481
16871		31.088060	-17.995187	5.046719
16872		31.229631	-16.693758	3.808998
16873		31.471064	-15.433224	2.586443
16874		31.782339	-14.444907	1.624728
16875		32.204940	-13.603663	1.043003
16876		32.610930	-12.694456	0.743049
16877		32.839673	-11.398210	0.821080
16878		32.822627	-10.124488	1.233692
16879		32.522913	-9.251875	1.835651
16880		32.010576	-8.655331	2.483540
16881		31.277900	-8.493200	2.990993
16882		30.262319	-8.755573	3.470635
16883		29.053425	-9.228278	4.215551
16884		27.800926	-9.904988	5.189904
16885		26.571096	-10.839036	6.414636
16886		25.629907	-11.542562	7.931587
16887		25.203433	-11.710652	9.572644
16888		24.964447	-11.720990	10.869059
16889		24.602009	-11.620236	11.878362
16890		23.974011	-11.254009	12.679617
16891		23.100716	-10.490195	13.261041
16892		22.029096	-9.459570	13.502602
16893		20.896166	-8.499167	13.268908
16894		19.764865	-7.778453	12.602018
16895		18.615628	-7.187492	11.689966
16896		17.328725	-6.453799	10.688217
16897		15.905580	-5.662426	9.744925
16898		14.487508	-5.108414	9.103518
16899		13.300124	-4.817978	8.821986
16900		12.473602	-4.601478	8.860282
16901		11.951638	-4.377553	9.099113
16902		11.597367	-4.171601	9.387138
16903		11.265471	-4.000379	9.571687
16904		10.839999	-3.846236	9.599748
16905		10.277247	-3.619400	9.537415
16906		9.607877	-3.282993	9.502788
16907		8.898272	-2.939829	9.552088
16908		8.186550	-2.618792	9.628484
16909		7.479883	-2.218691	9.664480
16910		6.794380	-1.715528	9.651955
16911		6.142066	-1.165826	9.636880
16912		5.528131	-0.589183	9.672258
16913		4.940829	-0.047443	9.784212
16914		4.360059	0.425406	9.983565
16915		3.785052	0.854612	10.272295
16916		3.205988	1.278138	10.620748
16917		2.615723	1.710527	11.003816
16918		2.002408	2.144530	11.388436
16919		1.346360	2.588411	11.756939
16920		0.643839	3.124817	12.121099
16921		-0.115293	3.775009	12.506153
16922		-0.946585	4.526940	12.885451
16923		-1.841775	5.343752	13.202701
16924		-2.736826	6.180786	13.393997
16925		-3.559334	6.936240	13.384923
16926		-4.276213	7.514880	13.126135
16927		-4.864069	7.958135	12.693278
16928		-5.332184	8.362020	12.229627
16929		-5.703475	8.726323	11.824727
16930		-6.001232	8.997939	11.489981
16931		-6.227586	9.134586	11.200864
16932		-6.385482	9.154153	10.945913
16933		-6.518970	9.106359	10.733458
16934		-6.676298	9.069196	10.559315
16935		-6.897379	9.023347	10.348824
16936		-7.199091	8.918788	10.001419
16937		-7.565454	8.763891	9.448856
16938		-7.918346	8.564890	8.704527
16939		-8.166874	8.260663	7.861362
16940		-8.263628	7.853326	7.035541
16941		-8.216378	7.368909	6.294382
16942		-8.031343	6.836697	5.675577
16943		-7.667902	6.276784	5.264531
16944		-7.122158	5.679898	5.063009
16945		-6.440985	4.978951	4.971087
16946		-5.620133	4.163100	4.940744
16947		-4.641241	3.293046	4.922998
16948		-3.457105	2.419106	4.927288
16949		-2.057707	1.512823	4.945198
16950		-0.452171	0.448232	4.893129
16951		1.324474	-0.750260	4.774739
16952		3.164173	-2.013621	4.610871
16953		4.890218	-3.322086	4.414197
16954		6.350873	-4.568013	4.207184
16955		7.611173	-5.640011	4.091646
16956		8.825697	-6.611587	3.991570
16957		10.071832	-7.422309	3.765659
16958		11.359083	-8.018787	3.363928
16959		12.684756	-8.427464	2.806495
16960		14.050317	-8.663281	2.123550
16961		15.463018	-8.716738	1.375603
16962		16.943489	-8.659266	0.600553
16963		18.490536	-8.527757	-0.198490
16964		20.088039	-8.352900	-0.991980
16965		21.693186	-8.179251	-1.721406
16966		23.245231	-8.042632	-2.337882
16967		24.713322	-7.944711	-2.795476
16968		26.071410	-7.874462	-3.077365
16969		27.311391	-7.877982	-3.157766
16970		28.432909	-8.013939	-3.045918
16971		29.459714	-8.334507	-2.732000
16972		30.420163	-8.878193	-2.193500
16973		31.314039	-9.662113	-1.441766
16974		32.131953	-10.683527	-0.502342
16975		32.860627	-11.928079	0.594933
16976		33.467317	-13.337616	1.806300
16977		33.916174	-14.799960	3.051453
16978		34.194270	-16.225731	4.285026
16979		34.281579	-17.544620	5.465001
16980		34.174689	-18.646303	6.543565
16981		33.880129	-19.471933	7.447825
16982		33.411602	-20.042242	8.079373
16983		32.802326	-20.424508	8.343477
16984		32.094702	-20.656849	8.227740
16985		31.340750	-20.718822	7.815697
16986		30.604492	-20.569731	7.217979
16987		30.046439	-20.112226	6.275894
16988		29.877146	-19.084079	4.880181
16989		30.023303	-17.496329	3.421803
16990		30.349120	-15.915569	2.228350
16991		30.764942	-14.391813	1.559405
16992		31.124430	-12.813953	1.507689
16993		31.422606	-11.335770	1.682107
16994		31.676719	-10.269284	1.764544
16995		31.758709	-9.691754	1.931622
16996		31.603248	-9.554768	2.307827
16997		31.155710	-9.593052	2.664895
16998		30.319516	-9.830610	3.084326
16999		29.018762	-10.263333	3.676047
17000		27.469632	-10.739071	4.589870
17001		25.990355	-11.166220	5.840569
17002		24.632196	-11.570927	7.114645
17003		23.497024	-11.687544	8.317592
17004		22.608164	-11.560955	9.347830
17005		21.854102	-11.257999	10.104369
17006		21.131731	-10.790274	10.695784
17007		20.367877	-10.189918	11.101895
17008		19.523435	-9.372057	11.305205
17009		18.590781	-8.549663	11.244896
17010		17.565834	-7.926458	10.892099
17011		16.470025	-7.420818	10.380901
17012		15.309998	-6.900829	9.844116
17013		14.123866	-6.333330	9.365751
17014		12.997636	-5.793013	8.997737
17015		12.012078	-5.330365	8.774484
17016		11.190821	-4.920278	8.736109
17017		10.498143	-4.560739	8.897870
17018		9.884892	-4.260633	9.210737
17019		9.309085	-4.015183	9.605581
17020		8.730036	-3.791810	10.005447
17021		8.130352	-3.556292	10.365667
17022		7.504421	-3.268288	10.703264
17023		6.869532	-2.912489	11.046816
17024		6.231592	-2.444170	11.405226
17025		5.588314	-1.881924	11.787051
17026		4.933583	-1.271967	12.178243
17027		4.271223	-0.636817	12.575603
17028		3.580326	-0.004784	12.975061
17029		2.859840	0.594928	13.403915
17030		2.113494	1.169773	13.897492
17031		1.351972	1.745598	14.470864
17032		0.578074	2.345040	15.109122
17033		-0.207426	2.968245	15.769157
17034		-1.018911	3.621087	16.424387
17035		-1.846921	4.343894	17.071142
17036		-2.695097	5.140723	17.668080
17037		-3.553462	5.953044	18.126094
17038		-4.384321	6.710942	18.319024
17039		-5.135996	7.363868	18.186595
17040		-5.773339	7.909343	17.785789
17041		-6.292989	8.403013	17.237729
17042		-6.722648	8.854819	16.687383
17043		-7.073882	9.215602	16.206698
17044		-7.364740	9.407896	15.760782
17045		-7.610972	9.414216	15.298864
17046		-7.836794	9.314868	14.847961
17047		-8.061476	9.194792	14.406348
17048		-8.300244	9.054328	13.936701
17049		-8.548890	8.854899	13.360054
17050		-8.748859	8.596628	12.698790
17051		-8.859173	8.275189	12.021798
17052		-8.867822	7.927208	11.353945
17053		-8.726730	7.568381	10.755682
17054		-8.379935	7.153517	10.350497
17055		-7.850644	6.684013	10.146180
17056		-7.137665	6.216652	10.119810
17057		-6.249845	5.617878	10.144769
17058		-5.225896	4.822313	10.138751
17059		-4.079375	3.986076	10.085050
17060		-2.760464	3.158951	10.066220
17061		-1.280073	2.233815	10.045598
17062		0.362149	1.145535	9.992319
17063		2.111352	-0.064980	9.928542
17064		3.832748	-1.395747	9.772869
17065		5.401386	-2.755305	9.510156
17066		6.783387	-3.982489	9.213581
17067		8.046167	-5.085387	8.928825
17068		9.297098	-6.027390	8.622132
17069		10.566166	-6.796686	8.197124
17070		11.865026	-7.407479	7.626629
17071		13.190277	-7.806159	6.942645
17072		14.547532	-8.007565	6.190816
17073		15.923936	-8.070075	5.398662
17074		17.316539	-8.064050	4.567712
17075		18.733970	-8.005884	3.716136
17076		20.181101	-7.928912	2.895882
17077		21.628731	-7.859671	2.142526
17078		23.031349	-7.816990	1.497500
17079		24.357515	-7.798840	0.978107
17080		25.594066	-7.844342	0.618305
17081		26.724875	-7.977688	0.442305
17082		27.754017	-8.224116	0.451272
17083		28.689194	-8.582054	0.645771
17084		29.546381	-9.095290	1.038611
17085		30.336177	-9.789255	1.633297
17086		31.049179	-10.676270	2.425228
17087		31.669539	-11.773603	3.378940
17088		32.172794	-13.053821	4.442707
17089		32.536457	-14.424565	5.560420
17090		32.747639	-15.795762	6.688699
17091		32.804818	-17.123129	7.778015
17092		32.708251	-18.301127	8.769545
17093		32.475562	-19.207010	9.588111
17094		32.119727	-19.810452	10.170187
17095		31.654334	-20.137495	10.443409
17096		31.110388	-20.255832	10.346847
17097		30.556204	-20.140454	9.934718
17098		30.098535	-19.758873	9.300354
17099		29.871948	-19.009830	8.368529
17100		29.959657	-17.811769	7.143707
17101		30.243554	-16.468218	5.762741
17102		30.647008	-15.276367	4.461750
17103		31.146189	-14.160042	3.429330
17104		31.636598	-12.900780	2.608016
17105		32.020635	-11.252236	2.133579
17106		32.256988	-9.666051	2.167214
17107		32.282588	-8.524104	2.640968
17108		32.066444	-7.788325	3.285721
17109		31.580039	-7.559220	3.900696
17110		30.783831	-7.824846	4.524390
17111		29.748921	-8.298725	5.361415
17112		28.503350	-8.997718	6.348836
17113		27.166136	-9.881080	7.648200
17114		25.970304	-10.684267	9.255882
17115		25.183146	-11.055307	10.782173
17116		24.749294	-10.986943	11.819635
17117		24.296646	-10.719919	12.487034
17118		23.656954	-10.246832	13.067527
17119		22.836268	-9.577128	13.538012
17120		21.834236	-8.747189	13.714363
17121		20.755457	-7.854283	13.499223
17122		19.662090	-7.091153	12.874698
17123		18.538108	-6.462669	11.980392
17124		17.312172	-5.797236	10.976750
17125		15.983159	-5.072614	10.032943
17126		14.620403	-4.447731	9.304362
17127		13.379026	-4.022883	8.842587
17128		12.372073	-3.736331	8.640920
17129		11.606888	-3.502103	8.657597
17130		11.022705	-3.318746	8.810444
17131		10.525480	-3.172786	8.992071
17132		10.015923	-3.034904	9.117218
17133		9.435743	-2.862222	9.176896
17134		8.765713	-2.613509	9.231243
17135		8.040114	-2.278183	9.362057
17136		7.281887	-1.840344	9.567410
17137		6.515201	-1.293284	9.795473
17138		5.742252	-0.644846	9.996577
17139		4.976691	0.060527	10.161863
17140		4.207112	0.765078	10.290378
17141		3.443133	1.396201	10.390877
17142		2.695433	1.950042	10.500566
17143		1.983862	2.463739	10.657876
17144		1.284873	2.950530	10.868832
17145		0.586267	3.426054	11.128424
17146		-0.122898	3.911802	11.456226
17147		-0.861052	4.418230	11.874448
17148		-1.625646	4.999145	12.409818
17149		-2.418301	5.634890	13.020478
17150		-3.222858	6.314967	13.629315
17151		-3.983917	7.032484	14.147031
17152		-4.673338	7.760584	14.488510
17153		-5.273395	8.442308	14.622259
17154		-5.775567	9.053157	14.578143
17155		-6.182608	9.601061	14.413907
17156		-6.508775	10.059849	14.185466
17157		-6.775293	10.377377	13.877302
17158		-7.001168	10.558589	13.485983
17159		-7.208628	10.609541	13.043044
17160		-7.416291	10.599044	12.568744
17161		-7.633460	10.551014	12.047171
17162		-7.851522	10.472603	11.456208
17163		-8.029259	10.330045	10.815883
17164		-8.150390	10.102595	10.077540
17165		-8.162721	9.802661	9.264790
17166		-8.021599	9.435256	8.492325
17167		-7.739559	9.011997	7.836605
17168		-7.311044	8.526051	7.367885
17169		-6.753275	7.992494	7.105875
17170		-6.049415	7.431798	7.001270
17171		-5.207243	6.730892	6.921147
17172		-4.243033	5.865345	6.845112
17173		-3.187743	4.937343	6.714864
17174		-1.968770	4.046859	6.612967
17175		-0.562231	3.092568	6.519073
17176		1.043903	1.985295	6.359525
17177		2.818629	0.767173	6.163228
17178		4.675527	-0.559590	5.946881
17179		6.431459	-1.991383	5.647634
17180		7.922195	-3.332162	5.318615
17181		9.182465	-4.491931	5.063096
17182		10.387760	-5.532225	4.851658
17183		11.638092	-6.395533	4.589596
17184		12.932842	-7.072626	4.177294
17185		14.250528	-7.579137	3.607029
17186		15.610101	-7.901417	2.961886
17187		16.997239	-8.042459	2.286287
17188		18.415077	-8.066693	1.605739
17189		19.865449	-8.019942	0.903886
17190		21.335756	-7.939532	0.167519
17191		22.797383	-7.848359	-0.565523
17192		24.199033	-7.751143	-1.258847
17193		25.508317	-7.670921	-1.858555
17194		26.700501	-7.617278	-2.316632
17195		27.754267	-7.625400	-2.627409
17196		28.672850	-7.736316	-2.776992
17197		29.466023	-7.959518	-2.731229
17198		30.165168	-8.331517	-2.467137
17199		30.794109	-8.884119	-1.952677
17200		31.359840	-9.646920	-1.170945
17201		31.851990	-10.611392	-0.145495
17202		32.257449	-11.757952	1.058664
17203		32.556494	-13.043087	2.379480
17204		32.732176	-14.365674	3.767091
17205		32.761238	-15.642315	5.173829
17206		32.620788	-16.815501	6.526462
17207		32.301912	-17.813161	7.743371
17208		31.810188	-18.580415	8.741261
17209		31.168962	-19.122682	9.442096
17210		30.405588	-19.494070	9.741223
17211		29.589082	-19.672900	9.577901
17212		28.829672	-19.583923	9.077155
17213		28.292238	-19.237066	8.353449
17214		28.250888	-18.393508	7.307272
17215		28.657706	-17.305424	5.969004
17216		29.296125	-16.425768	4.578306
17217		30.073894	-15.708768	3.452920
17218		30.846649	-14.935651	2.610218
17219		31.435919	-13.814185	2.010366
17220		31.769240	-12.262494	1.713933
17221		31.788852	-10.777366	1.589382
17222		31.522493	-9.691177	1.638070
17223		31.044986	-9.033435	1.677203
17224		30.331859	-8.779053	1.597903
17225		29.318978	-8.810601	1.470877
17226		28.059579	-9.045067	1.497142
17227		26.706436	-9.476217	1.896336
17228		25.491888	-10.159985	2.839333
17229		24.476730	-10.939655	4.349259
17230		23.739199	-11.486037	6.124932
17231		23.238972	-11.779515	7.817949
17232		22.797967	-11.919364	9.197321
17233		22.244588	-11.817510	10.214436
17234		21.524886	-11.394562	10.936342
17235		20.632566	-10.722019	11.371206
17236		19.584946	-10.058892	11.454281
17237		18.462343	-9.593867	11.149274
17238		17.306087	-9.228006	10.582841
17239		16.126122	-8.711200	9.878319
17240		14.932390	-8.091154	9.126487
17241		13.798306	-7.618982	8.483227
17242		12.804927	-7.291895	8.066548
17243		12.063792	-7.009554	7.844284
17244		11.559545	-6.693826	7.751666
17245		11.176522	-6.337294	7.722265
17246		10.778653	-5.999685	7.653867
17247		10.305914	-5.673530	7.470929
17248		9.741810	-5.292347	7.202980
17249		9.105866	-4.869005	6.928462
17250		8.432200	-4.427358	6.687267
17251		7.745233	-3.950510	6.487963
17252		7.039010	-3.404123	6.299003
17253		6.331955	-2.804047	6.109662
17254		5.638560	-2.167119	5.980417
17255		4.960185	-1.546325	5.961120
17256		4.277818	-1.007662	6.077070
17257		3.598287	-0.552688	6.349290
17258		2.915645	-0.145250	6.781122
17259		2.226275	0.266080	7.347057
17260		1.514660	0.685756	7.991826
17261		0.767491	1.074430	8.645736
17262		-0.012302	1.446513	9.277877
17263		-0.788493	1.859827	9.914690
17264		-1.556686	2.355444	10.566348
17265		-2.316426	2.914357	11.188865
17266		-3.059382	3.495570	11.725347
17267		-3.740896	4.109399	12.162416
17268		-4.324575	4.764425	12.522942
17269		-4.816285	5.384929	12.790379
17270		-5.223787	5.937197	12.945823
17271		-5.543099	6.420160	12.991070
17272		-5.788328	6.871793	12.943571
17273		-5.993249	7.293249	12.810304
17274		-6.217416	7.670640	12.613019
17275		-6.468261	8.003238	12.397897
17276		-6.756344	8.277345	12.178488
17277		-7.067777	8.486550	11.941547
17278		-7.400696	8.624508	11.681646
17279		-7.781634	8.664936	11.335511
17280		-8.181627	8.643257	10.894486
17281		-8.553497	8.527865	10.378189
17282		-8.862274	8.293027	9.815484
17283		-9.059810	7.985246	9.308424
17284		-9.135936	7.627266	8.915423
17285		-9.114110	7.241016	8.609571
17286		-8.966078	6.836895	8.393535
17287		-8.665036	6.405903	8.287039
17288		-8.219865	5.926759	8.264062
17289		-7.617086	5.428727	8.274867
17290		-6.846161	4.841428	8.249702
17291		-5.932431	4.107478	8.134981
17292		-4.841437	3.338428	7.957787
17293		-3.550936	2.605045	7.788192
17294		-2.087897	1.842981	7.615074
17295		-0.491279	0.953311	7.408231
17296		1.206957	-0.081477	7.164746
17297		2.925900	-1.190953	6.899610
17298		4.525155	-2.288532	6.582549
17299		5.917150	-3.266971	6.263698
17300		7.170324	-4.155582	5.988420
17301		8.387723	-4.902994	5.740738
17302		9.608886	-5.464903	5.486011
17303		10.807064	-5.924707	5.185326
17304		11.993567	-6.283608	4.841571
17305		13.187470	-6.530661	4.466159
17306		14.395191	-6.692625	4.040866
17307		15.622962	-6.828446	3.560103
17308		16.902991	-6.955346	3.046343
17309		18.246862	-7.047562	2.568964
17310		19.632468	-7.117353	2.147755
17311		21.010198	-7.207465	1.808363
17312		22.341699	-7.347417	1.568335
17313		23.590815	-7.529503	1.447081
17314		24.734476	-7.764756	1.447869
17315		25.770235	-8.076023	1.579020
17316		26.715208	-8.478751	1.847859
17317		27.585807	-8.998112	2.272587
17318		28.394046	-9.659291	2.861243
17319		29.140680	-10.484124	3.609243
17320		29.808149	-11.484520	4.481650
17321		30.373065	-12.636942	5.450748
17322		30.811574	-13.870292	6.484657
17323		31.101261	-15.101144	7.543573
17324		31.233001	-16.257181	8.572342
17325		31.210713	-17.275744	9.537835
17326		31.046226	-18.092399	10.382445
17327		30.757180	-18.657145	11.026237
17328		30.370853	-18.963040	11.394602
17329		29.912692	-19.047701	11.453868
17330		29.416185	-18.956179	11.193828
17331		28.937350	-18.657751	10.582428
17332		28.529955	-18.159864	9.611933
17333		28.241531	-17.509894	8.324886
17334		28.165511	-16.470820	6.915638
17335		28.308805	-15.141619	5.584040
17336		28.583652	-14.015998	4.477599
17337		28.989222	-13.130585	3.796896
17338		29.490783	-12.250691	3.509756
17339		30.016732	-11.095946	3.517557
17340		30.523179	-10.011688	3.803257
17341		30.882390	-9.279226	4.346729
17342		30.982959	-8.942425	4.907604
17343		30.760203	-9.025276	5.435874
17344		30.189563	-9.355066	5.910469
17345		29.342824	-9.752707	6.466550
17346		28.273255	-10.313739	7.162621
17347		27.116963	-10.854895	8.109032
17348		26.082096	-11.296995	9.313852
17349		25.298244	-11.454584	10.498971
17350		24.763109	-11.333632	11.546471
17351		24.328243	-11.058356	12.389005
17352		23.832234	-10.671960	13.054868
17353		23.177074	-10.214422	13.480871
17354		22.342535	-9.631104	13.598240
17355		21.399953	-8.944201	13.476600
17356		20.387366	-8.367877	13.159078
17357		19.295358	-7.970017	12.717062
17358		18.089160	-7.554035	12.240411
17359		16.775210	-7.072598	11.788295
17360		15.441109	-6.652555	11.451824
17361		14.243686	-6.350105	11.255000
17362		13.301283	-6.088998	11.131233
17363		12.631095	-5.788201	11.046403
17364		12.132295	-5.463841	10.967589
17365		11.693342	-5.155245	10.880621
17366		11.203114	-4.874026	10.730385
17367		10.611139	-4.557605	10.506381
17368		9.905278	-4.171851	10.230955
17369		9.109683	-3.734136	9.943808
17370		8.255858	-3.263309	9.664680
17371		7.387979	-2.779146	9.394633
17372		6.540946	-2.278508	9.162337
17373		5.744453	-1.791870	8.997013
17374		4.999966	-1.330841	8.907842
17375		4.318751	-0.913956	8.895800
17376		3.691307	-0.542086	8.964157
17377		3.099796	-0.211868	9.090080
17378		2.500259	0.121009	9.225167
17379		1.870808	0.491997	9.368742
17380		1.196742	0.925318	9.567440
17381		0.463434	1.417978	9.859763
17382		-0.342058	1.984294	10.246643
17383		-1.200954	2.639077	10.704003
17384		-2.074068	3.388166	11.221558
17385		-2.932789	4.227500	11.798319
17386		-3.788243	5.107661	12.403557
17387		-4.654035	5.975838	12.982446
17388		-5.512922	6.800542	13.502467
17389		-6.310367	7.543152	13.929037
17390		-7.000486	8.177849	14.221799
17391		-7.563544	8.705853	14.343749
17392		-8.007742	9.151923	14.306662
17393		-8.349934	9.521861	14.143032
17394		-8.628784	9.787349	13.898340
17395		-8.868196	9.954349	13.606944
17396		-9.043441	10.042893	13.345408
17397		-9.197598	10.005584	13.094809
17398		-9.348105	9.889851	12.833026
17399		-9.457262	9.737625	12.573076
17400		-9.514602	9.484327	12.274873
17401		-9.509909	9.159127	11.901352
17402		-9.351198	8.779794	11.500608
17403		-8.978268	8.247644	11.094660
17404		-8.364673	7.513658	10.680034
17405		-7.536513	6.609742	10.244183
17406		-6.525501	5.526060	9.714549
17407		-5.327232	4.382947	9.096522
17408		-3.938127	3.258940	8.457363
17409		-2.405653	2.113594	7.784830
17410		-0.722589	0.869077	7.103763
17411		1.104720	-0.440215	6.522921
17412		2.966038	-1.850945	6.071717
17413		4.651808	-3.319093	5.659589
17414		6.081965	-4.662913	5.279141
17415		7.358148	-5.916098	4.912798
17416		8.651805	-7.008028	4.502722
17417		9.980393	-7.866064	3.961762
17418		11.340815	-8.511765	3.266685
17419		12.755028	-8.908907	2.467988
17420		14.230338	-9.040980	1.598077
17421		15.747296	-8.970574	0.656640
17422		17.305551	-8.776974	-0.340684
17423		18.896771	-8.509366	-1.370531
17424		20.505322	-8.188220	-2.349327
17425		22.097857	-7.830427	-3.225704
17426		23.632588	-7.499015	-3.946275
17427		25.077493	-7.241079	-4.480023
17428		26.411589	-7.025458	-4.825974
17429		27.636061	-6.903320	-4.948996
17430		28.765078	-6.934538	-4.839092
17431		29.819439	-7.152212	-4.474405
17432		30.812605	-7.603051	-3.824792
17433		31.740370	-8.335875	-2.899560
17434		32.597361	-9.379407	-1.724770
17435		33.359714	-10.730536	-0.360949
17436		34.000381	-12.311781	1.108549
17437		34.485195	-13.965055	2.609124
17438		34.795741	-15.604781	4.069021
17439		34.920007	-17.127346	5.416150
17440		34.857504	-18.380683	6.578632
17441		34.635332	-19.305062	7.469299
17442		34.267700	-19.918808	7.970995
17443		33.787750	-20.262963	8.018119
17444		33.228536	-20.369265	7.711927
17445		32.641818	-20.289950	7.226499
17446		32.103209	-20.054229	6.613453
17447		31.737954	-19.518312	5.746647
17448		31.582605	-18.515320	4.711316
17449		31.579229	-17.248646	3.679563
17450		31.748383	-16.003396	2.767380
17451		32.054824	-14.563348	2.210259
17452		32.373412	-12.777927	2.104080
17453		32.635347	-11.094619	2.047397
17454		32.678285	-9.791304	1.913237
17455		32.440541	-9.121547	1.913604
17456		31.914189	-8.971397	1.792817
17457		31.083369	-9.211617	1.743944
17458		29.882393	-9.654374	2.059594
17459		28.410522	-10.248847	2.809748
17460		27.006627	-10.953907	4.054715
17461		25.800562	-11.608272	5.736588
17462		24.986751	-11.863860	7.336429
17463		24.506210	-11.879516	8.518953
17464		24.077422	-11.659901	9.369846
17465		23.488611	-11.370749	10.047907
17466		22.709284	-10.757443	10.629316
17467		21.769171	-9.769479	11.079225
17468		20.734566	-8.789646	11.182951
17469		19.683956	-8.133920	10.888010
17470		18.625827	-7.686139	10.404643
17471		17.501771	-7.169791	9.898855
17472		16.277464	-6.516374	9.425963
17473		15.053661	-5.925730	9.090348
17474		13.952571	-5.481912	8.976481
17475		13.068647	-5.136833	9.124857
17476		12.382951	-4.836670	9.484403
17477		11.842981	-4.596467	9.936045
17478		11.353574	-4.415775	10.376401
17479		10.843515	-4.296801	10.750406
17480		10.255105	-4.186671	11.048451
17481		9.597550	-4.001690	11.337823
17482		8.896085	-3.734701	11.670789
17483		8.190963	-3.399733	12.037082
17484		7.495859	-2.953156	12.398126
17485		6.820057	-2.408465	12.738855
17486		6.144861	-1.823230	13.047374
17487		5.464113	-1.220523	13.338460
17488		4.764191	-0.618009	13.639071
17489		4.048234	-0.044726	13.969621
17490		3.319069	0.495127	14.344756
17491		2.590073	0.992627	14.732046
17492		1.872466	1.453159	15.091566
17493		1.178696	1.892339	15.399419
17494		0.491207	2.331651	15.651880
17495		-0.186496	2.816887	15.884868
17496		-0.865646	3.400419	16.150828
17497		-1.558292	4.090550	16.460565
17498		-2.283023	4.878384	16.772573
17499		-3.035452	5.684020	16.991548
17500		-3.789618	6.435877	17.011898
17501		-4.472898	7.072180	16.805100
17502		-5.069555	7.616728	16.400963
17503		-5.596078	8.074025	15.865324
17504		-6.066178	8.455159	15.282439
17505		-6.450025	8.744905	14.726853
17506		-6.747624	8.917164	14.213940
17507		-7.003311	8.937901	13.679841
17508		-7.246668	8.844614	13.122097
17509		-7.484588	8.718977	12.581251
17510		-7.745212	8.564809	12.022995
17511		-8.035257	8.352718	11.385937
17512		-8.319503	8.079194	10.702239
17513		-8.554372	7.787286	10.027725
17514		-8.715479	7.499301	9.369923
17515		-8.734962	7.199397	8.792891
17516		-8.545072	6.857223	8.416054
17517		-8.161261	6.469602	8.243023
17518		-7.605929	6.039159	8.191098
17519		-6.861398	5.492236	8.184545
17520		-5.945348	4.732457	8.156433
17521		-4.896892	3.859743	8.081180
17522		-3.674771	3.027728	8.013917
17523		-2.281044	2.179430	7.969221
17524		-0.721650	1.234683	7.900007
17525		0.980986	0.214616	7.827174
17526		2.725079	-0.887863	7.730433
17527		4.384434	-2.068191	7.582015
17528		5.870743	-3.185187	7.392056
17529		7.182554	-4.178543	7.200235
17530		8.414707	-5.059785	7.005675
17531		9.649057	-5.735071	6.776641
17532		10.892702	-6.248611	6.438345
17533		12.152860	-6.601948	5.993165
17534		13.451882	-6.793589	5.487833
17535		14.788005	-6.852459	4.952828
17536		16.162427	-6.819860	4.410595
17537		17.568483	-6.775801	3.829727
17538		19.025403	-6.757123	3.245108
17539		20.527044	-6.773508	2.739776
17540		22.029415	-6.832924	2.322456
17541		23.488635	-6.953587	2.001955
17542		24.878450	-7.127069	1.806598
17543		26.165332	-7.379869	1.734603
17544		27.346203	-7.725670	1.787758
17545		28.420280	-8.188757	1.976995
17546		29.412965	-8.789628	2.313216
17547		30.328530	-9.548968	2.801525
17548		31.161603	-10.494037	3.431720
17549		31.900652	-11.631028	4.189867
17550		32.532758	-12.932472	5.048759
17551		33.033871	-14.345902	5.956743
17552		33.383921	-15.794380	6.863057
17553		33.564936	-17.199333	7.742798
17554		33.577047	-18.502772	8.583100
17555		33.423517	-19.569028	9.338973
17556		33.106969	-20.330836	9.906825
17557		32.658270	-20.785984	10.096100
17558		32.142046	-20.998884	9.872611
17559		31.635994	-20.989790	9.300820
17560		31.203316	-20.690114	8.432563
17561		30.914846	-19.966221	7.249042
17562		30.919156	-18.625357	5.730232
17563		31.220610	-16.826285	4.004491
17564		31.647233	-14.906684	2.411811
17565		32.145819	-13.080676	1.368902
17566		32.745446	-11.454144	1.159919
17567		33.255667	-10.127666	1.360392
17568		33.451876	-9.241238	1.662551
17569		33.336883	-8.933670	2.226300
17570		32.967110	-8.826173	2.804304
17571		32.281052	-8.790506	3.112486
17572		31.138736	-8.865299	3.334077
17573		29.617062	-9.048195	3.799229
17574		28.040702	-9.355484	4.770563
17575		26.500019	-9.998489	6.097197
17576		25.198181	-10.469775	7.331775
17577		24.375258	-10.407946	8.258611
17578		23.874502	-10.145727	8.997310
17579		23.397088	-9.932731	9.786262
17580		22.776819	-9.879039	10.476390
17581		22.006192	-9.533303	11.002296
17582		21.063335	-8.823213	11.315664
17583		19.990290	-8.094548	11.264948
17584		18.878183	-7.576399	10.895665
17585		17.778162	-7.212499	10.352182
17586		16.648749	-6.802377	9.751810
17587		15.463872	-6.229914	9.126007
17588		14.273222	-5.680653	8.512427
17589		13.177567	-5.286575	8.007252
17590		12.257288	-4.988734	7.721244
17591		11.524638	-4.731053	7.693536
17592		10.915248	-4.518558	7.841564
17593		10.364819	-4.349544	8.038145
17594		9.803923	-4.193330	8.157767
17595		9.195333	-4.001738	8.161381
17596		8.515077	-3.728076	8.084079
17597		7.795923	-3.346168	8.016954
17598		7.071906	-2.866514	8.024622
17599		6.338920	-2.310601	8.078345
17600		5.610110	-1.692297	8.143153
17601		4.886709	-1.048741	8.222960
17602		4.153830	-0.444949	8.314051
17603		3.404746	0.099197	8.423332
17604		2.640708	0.597459	8.562829
17605		1.869439	1.047900	8.737975
17606		1.097047	1.481149	8.930718
17607		0.335240	1.926954	9.151787
17608		-0.443380	2.392201	9.412588
17609		-1.251233	2.893741	9.724372
17610		-2.067364	3.503182	10.155441
17611		-2.890939	4.229343	10.691916
17612		-3.745727	5.027939	11.224269
17613		-4.632754	5.767046	11.595585
17614		-5.500250	6.412588	11.716437
17615		-6.260058	6.995095	11.651585
17616		-6.899540	7.479626	11.475983
17617		-7.425448	7.872660	11.268590
17618		-7.832477	8.190201	11.096384
17619		-8.147342	8.365231	10.930190
17620		-8.398248	8.386199	10.735895
17621		-8.612396	8.315656	10.536922
17622		-8.825239	8.201176	10.314255
17623		-9.061221	8.034313	10.007323
17624		-9.291932	7.811932	9.620720
17625		-9.479505	7.540265	9.217812
17626		-9.607028	7.226944	8.825992
17627		-9.654292	6.916525	8.404282
17628		-9.545453	6.586806	7.966456
17629		-9.219265	6.183109	7.582617
17630		-8.689178	5.670901	7.244342
17631		-7.952156	5.054646	6.920906
17632		-7.015235	4.283718	6.611449
17633		-5.902767	3.400995	6.267098
17634		-4.602411	2.544114	5.910773
17635		-3.115501	1.669875	5.568306
17636		-1.425122	0.671869	5.232715
17637		0.464511	-0.439812	4.920866
17638		2.465702	-1.658706	4.661164
17639		4.387764	-3.040391	4.390472
17640		6.062069	-4.424066	4.079871
17641		7.519883	-5.620637	3.753761
17642		8.911824	-6.639982	3.386644
17643		10.317723	-7.403833	2.874030
17644		11.728072	-7.900146	2.168147
17645		13.142637	-8.126347	1.317573
17646		14.561521	-8.082884	0.392556
17647		15.980413	-7.835222	-0.567924
17648		17.402278	-7.495360	-1.579505
17649		18.828353	-7.125245	-2.618126
17650		20.254785	-6.739987	-3.619627
17651		21.655564	-6.353621	-4.510245
17652		23.004228	-6.036813	-5.232219
17653		24.288662	-5.801343	-5.722158
17654		25.489436	-5.649866	-5.955391
17655		26.599362	-5.648202	-5.927736
17656		27.615159	-5.854102	-5.651565
17657		28.561430	-6.270980	-5.135929
17658		29.457953	-6.904814	-4.371010
17659		30.315411	-7.791979	-3.356644
17660		31.123580	-8.927744	-2.108293
17661		31.846011	-10.288184	-0.655639
17662		32.451506	-11.827217	0.922578
17663		32.911058	-13.473757	2.553203
17664		33.199107	-15.117706	4.177523
17665		33.304354	-16.709666	5.739302
17666		33.233459	-18.208656	7.185934
17667		33.008466	-19.465563	8.409550
17668		32.660770	-20.366549	9.282015
17669		32.237287	-20.868614	9.673942
17670		31.795383	-20.981751	9.524619
17671		31.389016	-20.706799	8.879490
17672		31.142592	-20.138622	7.824449
17673		31.196165	-19.122237	6.433133
17674		31.605876	-17.254590	4.995642
17675		32.191920	-15.023363	3.617214
17676		32.772098	-12.955089	2.611869
17677		33.347248	-11.126964	2.169177
17678		33.831391	-9.602544	1.987246
17679		34.093444	-8.246120	1.842860
17680		34.094568	-7.198733	1.761063
17681		33.753228	-6.518025	1.883920
17682		32.957962	-6.494650	1.939164
17683		31.709864	-6.908793	1.991556
17684		30.115007	-7.478070	2.506316
17685		28.483464	-8.427029	3.575567
17686		26.853088	-9.989800	5.298832
17687		25.469381	-11.639754	7.590733
17688		25.078564	-12.059381	9.374359
17689		25.210773	-11.962076	10.246226
17690		25.241179	-11.663090	10.893140
17691		24.915326	-11.343795	11.573728
17692		24.177491	-10.755215	12.122941
17693		23.124357	-9.681392	12.453445
17694		21.838233	-8.544408	12.334090
17695		20.518601	-7.700812	11.683606
17696		19.306697	-7.106503	10.652923
17697		18.073189	-6.328077	9.447857
17698		16.691138	-5.172665	8.148063
17699		15.255365	-4.351711	6.942153
17700		13.918892	-3.900377	6.242671
17701		12.880802	-3.548167	6.139840
17702		12.170455	-3.277809	6.460650
17703		11.712748	-3.101577	7.001445
17704		11.371954	-2.991455	7.523732
17705		10.995902	-2.947528	7.785773
17706		10.487310	-2.949161	7.783100
17707		9.843191	-2.828762	7.713577
17708		9.133454	-2.516336	7.824184
17709		8.423555	-2.160437	8.211925
17710		7.695015	-1.844147	8.754405
17711		6.940380	-1.494895	9.293637
17712		6.170600	-1.037516	9.765772
17713		5.404626	-0.490629	10.187537
17714		4.633500	0.087856	10.583036
17715		3.872044	0.645539	10.991324
17716		3.134404	1.191394	11.448582
17717		2.409825	1.731911	11.943726
17718		1.669912	2.272048	12.444589
17719		0.882353	2.801881	12.943470
17720		0.025016	3.366883	13.451286
17721		-0.895334	4.023286	13.974693
17722		-1.847903	4.806770	14.512757
17723		-2.788792	5.704917	15.047524
17724		-3.700585	6.632763	15.480747
17725		-4.503500	7.434026	15.687520
17726		-5.120533	8.028049	15.609097
17727		-5.515158	8.481065	15.325305
17728		-5.755244	8.852696	14.979271
17729		-5.924497	9.121225	14.657871
17730		-6.056135	9.315676	14.399629
17731		-6.144614	9.465615	14.186046
17732		-6.209930	9.566319	13.946764
17733		-6.321824	9.624357	13.701195
17734		-6.582324	9.707567	13.458782
17735		-7.009457	9.818598	13.149047
17736		-7.554732	9.813995	12.678715
17737		-8.160943	9.698407	12.001472
17738		-8.688155	9.492201	11.205332
17739		-9.028362	9.114012	10.422990
17740		-9.178153	8.608948	9.728414
17741		-9.191555	8.083564	9.149354
17742		-9.079988	7.607208	8.751331
17743		-8.833443	7.202121	8.623914
17744		-8.471312	6.816643	8.699821
17745		-7.988991	6.353854	8.822591
17746		-7.383066	5.714035	8.912557
17747		-6.644286	4.895268	8.923817
17748		-5.733692	4.053830	8.855045
17749		-4.611060	3.256481	8.763243
17750		-3.258964	2.413947	8.638763
17751		-1.707031	1.437463	8.427754
17752		0.040233	0.369800	8.142152
17753		1.903946	-0.760429	7.832783
17754		3.711233	-2.027093	7.449147
17755		5.261968	-3.302248	7.014650
17756		6.565756	-4.430353	6.627778
17757		7.815251	-5.432439	6.320616
17758		9.147766	-6.256085	5.959443
17759		10.520189	-6.877335	5.377787
17760		11.908497	-7.277113	4.601281
17761		13.325568	-7.477013	3.745658
17762		14.771404	-7.510078	2.880557
17763		16.242175	-7.418356	2.021042
17764		17.748118	-7.309266	1.166387
17765		19.292872	-7.222872	0.302803
17766		20.860151	-7.133398	-0.552029
17767		22.406931	-7.021490	-1.350895
17768		23.875070	-6.888754	-2.025711
17769		25.225328	-6.774071	-2.544824
17770		26.449141	-6.735171	-2.904858
17771		27.546262	-6.782612	-3.091645
17772		28.531028	-6.942750	-3.080868
17773		29.421970	-7.274374	-2.846980
17774		30.237756	-7.836204	-2.342739
17775		30.989879	-8.643989	-1.563238
17776		31.672452	-9.726743	-0.537857
17777		32.265767	-11.071972	0.706056
17778		32.733113	-12.592966	2.106188
17779		33.031892	-14.166140	3.619340
17780		33.134518	-15.712950	5.195449
17781		33.018360	-17.151678	6.742716
17782		32.671061	-18.332507	8.077917
17783		32.139957	-19.137341	9.040991
17784		31.487254	-19.495272	9.534385
17785		30.808609	-19.428913	9.429276
17786		30.195144	-19.048794	8.747706
17787		29.723903	-18.482549	7.755005
17788		29.503184	-17.691408	6.650970
17789		29.608318	-16.579963	5.529210
17790		29.883716	-15.589443	4.464366
17791		30.268629	-15.009444	3.608067
17792		30.832595	-14.564536	3.021095
17793		31.566742	-13.855385	2.578876
17794		32.318499	-12.787579	2.317166
17795		32.907058	-11.389843	2.335388
17796		33.129121	-9.997313	2.433696
17797		32.889097	-9.173268	2.514598
17798		32.280807	-8.698515	2.736424
17799		31.353982	-8.397962	2.967535
17800		30.089479	-8.407225	3.112540
17801		28.564441	-8.746587	3.337913
17802		26.941757	-9.268929	3.973069
17803		25.406310	-10.238189	5.165103
17804		24.296478	-11.287101	6.960472
17805		24.294000	-11.441962	8.675017
17806		24.610970	-11.492229	9.507710
17807		24.728955	-11.439203	10.259159
17808		24.409880	-11.130763	11.162994
17809		23.635736	-10.429914	11.898657
17810		22.500854	-9.494440	12.158311
17811		21.227362	-8.757501	11.859991
17812		19.991789	-8.407943	11.152427
17813		18.831796	-8.181004	10.281037
17814		17.558862	-7.689872	9.362821
17815		16.144226	-7.007150	8.316919
17816		14.789377	-6.506356	7.359646
17817		13.603521	-6.167538	6.781128
17818		12.709538	-5.840935	6.587589
17819		12.129486	-5.508892	6.596233
17820		11.760000	-5.182349	6.682310
17821		11.470624	-4.898331	6.747599
17822		11.110412	-4.684029	6.662802
17823		10.584688	-4.519106	6.433336
17824		9.884795	-4.243882	6.192092
17825		9.083473	-3.797505	6.101826
17826		8.241672	-3.326455	6.215307
17827		7.406715	-2.914450	6.453940
17828		6.609632	-2.486233	6.723787
17829		5.874680	-2.016304	7.004911
17830		5.193423	-1.540220	7.343734
17831		4.567549	-1.110584	7.777156
17832		3.996116	-0.753845	8.335476
17833		3.470004	-0.428217	8.992886
17834		2.946123	-0.082693	9.670518
17835		2.394239	0.281967	10.304055
17836		1.792762	0.666813	10.883860
17837		1.130331	1.088826	11.428953
17838		0.407377	1.589588	11.953138
17839		-0.355490	2.205366	12.465018
17840		-1.139520	2.923901	12.956638
17841		-1.911709	3.714748	13.422964
17842		-2.677017	4.558568	13.854529
17843		-3.438096	5.380574	14.222866
17844		-4.177184	6.141123	14.508608
17845		-4.872456	6.801881	14.671690
17846		-5.469642	7.413454	14.719264
17847		-5.975609	7.951158	14.669325
17848		-6.419054	8.412066	14.514396
17849		-6.801992	8.805269	14.305267
17850		-7.138209	9.093630	14.081489
17851		-7.456462	9.227026	13.821329
17852		-7.774180	9.229134	13.522442
17853		-8.089154	9.164436	13.184491
17854		-8.399409	9.052449	12.773792
17855		-8.688519	8.890262	12.271081
17856		-8.882673	8.691227	11.771662
17857		-8.950945	8.472860	11.327541
17858		-8.886830	8.235443	10.912026
17859		-8.647685	7.942803	10.549167
17860		-8.206404	7.568201	10.316415
17861		-7.594658	7.094482	10.166666
17862		-6.822223	6.520158	10.059890
17863		-5.905172	5.838434	9.956522
17864		-4.864181	5.019342	9.792049
17865		-3.700161	4.194716	9.564647
17866		-2.403204	3.378168	9.306721
17867		-0.991597	2.499800	8.978075
17868		0.570631	1.544000	8.609999
17869		2.258210	0.524792	8.250056
17870		3.964224	-0.588065	7.886815
17871		5.555118	-1.732000	7.503992
17872		6.954458	-2.777560	7.144794
17873		8.209990	-3.725985	6.820856
17874		9.424634	-4.520359	6.507955
17875		10.651548	-5.115590	6.154946
17876		11.877716	-5.583027	5.693530
17877		13.122396	-5.907907	5.158483
17878		14.395053	-6.085752	4.613124
17879		15.683211	-6.160166	4.077667
17880		16.980354	-6.177633	3.536086
17881		18.289915	-6.192045	2.996750
17882		19.621478	-6.225604	2.465626
17883		20.967922	-6.244033	1.988276
17884		22.299752	-6.255775	1.588163
17885		23.584006	-6.314130	1.294189
17886		24.789280	-6.445108	1.113882
17887		25.886290	-6.674401	1.049258
17888		26.872358	-6.976632	1.129292
17889		27.743851	-7.378910	1.364703
17890		28.510472	-7.907453	1.765295
17891		29.189307	-8.569063	2.356286
17892		29.789957	-9.390690	3.136683
17893		30.315769	-10.393287	4.082237
17894		30.762333	-11.570412	5.159015
17895		31.109245	-12.862323	6.321184
17896		31.336298	-14.162142	7.500717
17897		31.434102	-15.399009	8.645282
17898		31.407029	-16.514139	9.695645
17899		31.249180	-17.388384	10.584556
17900		30.974320	-17.941183	11.215881
17901		30.621444	-18.200742	11.499733
17902		30.218803	-18.202612	11.406813
17903		29.809794	-17.941252	10.939672
17904		29.436960	-17.399876	10.146023
17905		29.145315	-16.681303	9.084603
17906		28.949689	-15.894925	7.865868
17907		28.843197	-15.030361	6.661711
17908		28.789776	-14.294413	5.549214
17909		28.810529	-13.881415	4.580653
17910		28.999648	-13.674021	3.793691
17911		29.374122	-13.386359	3.151814
17912		29.871980	-12.832831	2.715894
17913		30.399379	-12.002129	2.612977
17914		30.837075	-10.995764	2.822483
17915		31.071168	-10.067790	3.082919
17916		31.023177	-9.404396	3.281732
17917		30.685726	-8.834163	3.589371
17918		30.049772	-8.415562	3.945690
17919		29.114846	-8.285496	4.278878
17920		27.928093	-8.421200	4.636678
17921		26.612687	-8.637993	5.153261
17922		25.361026	-8.875421	5.979954
17923		24.289775	-9.199595	7.307733
17924		23.438112	-9.478806	8.881078
17925		22.957833	-9.476834	10.302115
17926		22.716373	-9.245589	11.307981
17927		22.457931	-8.846782	12.015300
17928		22.003918	-8.320046	12.548605
17929		21.306823	-7.665718	12.866290
17930		20.390247	-7.019420	12.918384
17931		19.349644	-6.566745	12.716253
17932		18.236386	-6.308285	12.356054
17933		17.059656	-6.038098	11.925662
17934		15.829277	-5.699301	11.459074
17935		14.626595	-5.344389	11.047390
17936		13.532106	-4.991888	10.737656
17937		12.602050	-4.667862	10.555098
17938		11.839506	-4.356527	10.474054
17939		11.204758	-4.091167	10.424973
17940		10.629070	-3.869265	10.357791
17941		10.062940	-3.664304	10.249586
17942		9.463107	-3.448241	10.095702
17943		8.816317	-3.208533	9.930320
17944		8.113543	-2.923954	9.808808
17945		7.385987	-2.537533	9.769829
17946		6.648590	-2.050193	9.814961
17947		5.919849	-1.518682	9.922270
17948		5.196038	-0.994576	10.075671
17949		4.480938	-0.499193	10.261880
17950		3.779832	-0.030796	10.490663
17951		3.100554	0.400299	10.782848
17952		2.435918	0.783168	11.117777
17953		1.791272	1.133261	11.449272
17954		1.150347	1.479217	11.736205
17955		0.501856	1.848355	11.962230
17956		-0.182797	2.245891	12.128471
17957		-0.916556	2.658089	12.253861
17958		-1.684682	3.115135	12.388454
17959		-2.477602	3.648732	12.573858
17960		-3.304140	4.268382	12.804064
17961		-4.156460	4.965443	13.052568
17962		-5.028648	5.690290	13.279064
17963		-5.907318	6.363201	13.403213
17964		-6.737740	6.951078	13.358840
17965		-7.478654	7.423180	13.117879
17966		-8.108465	7.787045	12.682497
17967		-8.609608	8.069755	12.126123
17968		-9.009575	8.281200	11.510279
17969		-9.322283	8.401187	10.885008
17970		-9.562843	8.429590	10.314655
17971		-9.763037	8.338330	9.804605
17972		-9.959163	8.167628	9.329099
17973		-10.175756	7.983476	8.905576
17974		-10.427909	7.777597	8.478442
17975		-10.669222	7.551966	8.059257
17976		-10.845435	7.304505	7.737899
17977		-10.946420	7.056342	7.482519
17978		-10.921910	6.835413	7.251491
17979		-10.710810	6.558374	7.061773
17980		-10.281643	6.180314	6.940118
17981		-9.626085	5.724053	6.867420
17982		-8.745986	5.122820	6.805106
17983		-7.660234	4.354735	6.719303
17984		-6.362825	3.542860	6.681003
17985		-4.926096	2.673309	6.673230
17986		-3.384475	1.766107	6.707078
17987		-1.745169	0.765016	6.783009
17988		0.017049	-0.325547	6.972492
17989		1.797078	-1.552898	7.235552
17990		3.441851	-2.872149	7.475349
17991		4.856500	-4.144415	7.640122
17992		6.146542	-5.378387	7.705181
17993		7.444528	-6.485012	7.640692
17994		8.799940	-7.381732	7.411153
17995		10.183684	-8.096180	6.962342
17996		11.627862	-8.581092	6.305311
17997		13.123631	-8.805177	5.494221
17998		14.648175	-8.813576	4.599126
17999		16.179966	-8.679212	3.642271
18000		17.707380	-8.424789	2.640567
18001		19.205936	-8.057887	1.669316
18002		20.655278	-7.623499	0.830881
18003		22.017316	-7.200665	0.183258
18004		23.273366	-6.863487	-0.245161
18005		24.428335	-6.724031	-0.422044
18006		25.497764	-6.842002	-0.357316
18007		26.484658	-7.205161	-0.112411
18008		27.418172	-7.775669	0.330124
18009		28.331449	-8.518677	0.998276
18010		29.233708	-9.401795	1.907370
18011		30.101749	-10.410861	3.035386
18012		30.910709	-11.561759	4.331648
18013		31.607471	-12.804338	5.724190
18014		32.141402	-14.033014	7.141654
18015		32.470821	-15.154751	8.479376
18016		32.572964	-16.074499	9.651704
18017		32.448084	-16.691159	10.586375
18018		32.117675	-16.970807	11.242869
18019		31.626995	-16.942445	11.608790
18020		31.026640	-16.676535	11.677059
18021		30.350182	-16.343603	11.460175
18022		29.635601	-16.132218	11.034595
18023		28.918920	-16.088777	10.523079
18024		28.255516	-16.084038	10.016635
18025		27.750907	-15.995790	9.488378
18026		27.555405	-15.813389	8.854939
18027		27.715851	-15.669587	8.119814
18028		28.175263	-15.503205	7.413978
18029		28.803581	-15.156196	6.822902
18030		29.451290	-14.588934	6.388415
18031		29.963348	-13.813242	6.192096
18032		30.233978	-12.885643	6.217812
18033		30.268752	-12.032630	6.318227
18034		30.136071	-11.225819	6.417577
18035		29.840701	-10.438345	6.598978
18036		29.350606	-9.840500	6.918365
18037		28.635727	-9.475994	7.227147
18038		27.752624	-9.197363	7.532991
18039		26.779643	-8.995824	7.959697
18040		25.765822	-8.965220	8.587013
18041		24.753333	-9.180313	9.427192
18042		23.758561	-9.390627	10.540241
18043		22.762312	-9.394185	11.785132
18044		21.914106	-9.181176	12.940923
18045		21.292275	-8.814906	13.787673
18046		20.730902	-8.302017	14.322208
18047		20.081516	-7.679035	14.720289
18048		19.289240	-7.040465	14.977261
18049		18.350300	-6.506045	14.958121
18050		17.329379	-6.096073	14.663596
18051		16.299757	-5.733000	14.199844
18052		15.275600	-5.357682	13.660046
18053		14.257537	-4.964691	13.102995
18054		13.269271	-4.554258	12.584698
18055		12.361093	-4.137384	12.118894
18056		11.542430	-3.708137	11.727503
18057		10.800134	-3.262581	11.437797
18058		10.099177	-2.836127	11.246019
18059		9.421430	-2.460660	11.131905
18060		8.733965	-2.128270	11.082823
18061		8.031393	-1.816431	11.115234
18062		7.301263	-1.495900	11.271494
18063		6.565789	-1.149916	11.587517
18064		5.844701	-0.743784	12.065274
18065		5.149531	-0.273603	12.649363
18066		4.461880	0.251592	13.272495
18067		3.759740	0.791461	13.873393
18068		3.031583	1.276457	14.422611
18069		2.306306	1.723253	14.928468
18070		1.596015	2.178809	15.422636
18071		0.905701	2.651080	15.913101
18072		0.212536	3.143776	16.366757
18073		-0.484765	3.662279	16.758539
18074		-1.188051	4.233141	17.100053
18075		-1.914382	4.849234	17.398921
18076		-2.683911	5.520042	17.656570
18077		-3.483801	6.241243	17.880099
18078		-4.310623	6.968027	18.045678
18079		-5.127139	7.639978	18.060422
18080		-5.903019	8.235402	17.855101
18081		-6.601008	8.742474	17.439782
18082		-7.193629	9.190996	16.910616
18083		-7.683997	9.579680	16.335301
18084		-8.091228	9.878390	15.742750
18085		-8.424175	10.042746	15.142470
18086		-8.713537	10.056139	14.531014
18087		-8.990359	9.960878	13.930206
18088		-9.261530	9.840274	13.383179
18089		-9.544303	9.729725	12.859833
18090		-9.824337	9.613949	12.307556
18091		-10.067374	9.465575	11.738964
18092		-10.227768	9.295626	11.210798
18093		-10.287271	9.103901	10.769457
18094		-10.210344	8.912415	10.440757
18095		-9.979769	8.710484	10.231321
18096		-9.552877	8.483511	10.164993
18097		-8.932725	8.212416	10.207562
18098		-8.129511	7.836846	10.269194
18099		-7.187509	7.198382	10.177919
18100		-6.095227	6.370937	10.003366
18101		-4.881703	5.473239	9.769419
18102		-3.536252	4.577220	9.542343
18103		-2.081636	3.643582	9.322329
18104		-0.515541	2.631536	9.087076
18105		1.160619	1.542802	8.875185
18106		2.861405	0.343388	8.632207
18107		4.445996	-0.909217	8.301771
18108		5.856922	-2.070504	7.910893
18109		7.159168	-3.131323	7.488406
18110		8.475572	-4.054635	7.038914
18111		9.826912	-4.822635	6.493239
18112		11.198755	-5.418525	5.843190
18113		12.582446	-5.833863	5.126592
18114		13.973157	-6.077887	4.389251
18115		15.353942	-6.188714	3.654426
18116		16.719198	-6.220430	2.935357
18117		18.067206	-6.245148	2.233975
18118		19.397942	-6.258440	1.557061
18119		20.718648	-6.268584	0.973647
18120		22.006125	-6.292480	0.523936
18121		23.243759	-6.412564	0.227968
18122		24.421030	-6.680417	0.105006
18123		25.525239	-7.117893	0.155231
18124		26.558147	-7.733225	0.373732
18125		27.518045	-8.470307	0.776419
18126		28.407634	-9.311669	1.380750
18127		29.236783	-10.276641	2.196827
18128		29.984972	-11.339341	3.207751
18129		30.626818	-12.481757	4.349321
18130		31.131659	-13.631697	5.540694
18131		31.485846	-14.714496	6.710772
18132		31.680960	-15.670461	7.791480
18133		31.712872	-16.423897	8.714324
18134		31.584365	-16.921407	9.396080
18135		31.305320	-17.159313	9.793197
18136		30.892877	-17.158351	9.907880
18137		30.390936	-16.957929	9.749012
18138		29.821145	-16.661559	9.350014
18139		29.211896	-16.359194	8.793251
18140		28.600525	-16.094227	8.145007
18141		28.069245	-15.805906	7.417706
18142		27.759456	-15.309347	6.629019
18143		27.756473	-14.703263	5.784245
18144		28.050806	-14.185033	4.942387
18145		28.582005	-13.699040	4.252422
18146		29.234082	-13.138950	3.803148
18147		29.849883	-12.385801	3.744053
18148		30.309691	-11.456751	4.125535
18149		30.540097	-10.567759	4.721277
18150		30.496205	-9.852960	5.302587
18151		30.170882	-9.384176	5.835162
18152		29.583770	-9.104847	6.328131
18153		28.729278	-8.967094	6.703339
18154		27.610843	-8.916372	6.933671
18155		26.324464	-8.918762	7.131097
18156		25.017330	-8.981276	7.468866
18157		23.841280	-9.166197	8.212415
18158		22.802194	-9.392252	9.303190
18159		22.042131	-9.436205	10.415932
18160		21.522333	-9.291429	11.271104
18161		21.066127	-9.033709	11.861888
18162		20.511501	-8.723409	12.300323
18163		19.793523	-8.298051	12.613648
18164		18.917357	-7.749949	12.739311
18165		17.944686	-7.252793	12.582974
18166		16.917137	-6.891494	12.158326
18167		15.853819	-6.524752	11.558598
18168		14.751099	-6.046960	10.887741
18169		13.654102	-5.535539	10.225563
18170		12.609466	-5.061932	9.636361
18171		11.686054	-4.669022	9.147596
18172		10.917133	-4.325745	8.776349
18173		10.301599	-3.960898	8.524839
18174		9.775043	-3.603587	8.352476
18175		9.282356	-3.279753	8.220350
18176		8.778033	-2.986984	8.104298
18177		8.238695	-2.722222	8.000693
18178		7.651062	-2.416344	7.944793
18179		7.030475	-2.054750	7.979846
18180		6.390046	-1.641932	8.101905
18181		5.757263	-1.176589	8.263663
18182		5.133242	-0.664195	8.411034
18183		4.520706	-0.144483	8.519754
18184		3.905089	0.346432	8.602823
18185		3.289512	0.801816	8.709709
18186		2.665576	1.254000	8.861506
18187		2.033700	1.718833	9.055622
18188		1.380791	2.203060	9.277509
18189		0.698554	2.693555	9.513804
18190		-0.032497	3.192761	9.759525
18191		-0.809002	3.715343	10.026570
18192		-1.611117	4.297932	10.333861
18193		-2.416374	4.925203	10.683567
18194		-3.225311	5.570743	11.011493
18195		-4.003623	6.217371	11.253210
18196		-4.722532	6.816347	11.359857
18197		-5.333620	7.338791	11.336682
18198		-5.828685	7.796579	11.232275
18199		-6.216153	8.188499	11.090122
18200		-6.505802	8.490141	10.921694
18201		-6.707514	8.706263	10.741285
18202		-6.843610	8.850436	10.547359
18203		-6.967404	8.921919	10.311917
18204		-7.129139	8.974557	10.068589
18205		-7.353474	9.029801	9.848282
18206		-7.637061	9.070194	9.628946
18207		-7.962253	9.056215	9.354590
18208		-8.298262	8.974275	8.987219
18209		-8.605229	8.819799	8.517652
18210		-8.825214	8.558037	7.952465
18211		-8.887179	8.223427	7.401067
18212		-8.807553	7.835260	6.919718
18213		-8.595924	7.428924	6.528491
18214		-8.215517	7.008580	6.279976
18215		-7.656149	6.524822	6.183799
18216		-6.940601	5.980952	6.198194
18217		-6.076843	5.361409	6.244345
18218		-5.050277	4.600476	6.263521
18219		-3.846971	3.803970	6.263172
18220		-2.473200	2.969438	6.247156
18221		-0.967663	2.054769	6.173340
18222		0.637286	0.973104	6.012126
18223		2.310001	-0.201993	5.802442
18224		3.965048	-1.403830	5.566461
18225		5.461022	-2.546575	5.278121
18226		6.757483	-3.562813	4.942991
18227		7.964001	-4.467244	4.578253
18228		9.195665	-5.149433	4.202467
18229		10.456644	-5.627428	3.766125
18230		11.731062	-5.986129	3.240938
18231		13.039435	-6.209621	2.667034
18232		14.392378	-6.305440	2.082554
18233		15.783372	-6.332863	1.496054
18234		17.205086	-6.352796	0.893578
18235		18.654143	-6.404821	0.288414
18236		20.137198	-6.483759	-0.265905
18237		21.618453	-6.580650	-0.743763
18238		23.069275	-6.725415	-1.117193
18239		24.449572	-6.913476	-1.369106
18240		25.737748	-7.150012	-1.482622
18241		26.908018	-7.412953	-1.443425
18242		27.962936	-7.715980	-1.219265
18243		28.918640	-8.127632	-0.781560
18244		29.792055	-8.722158	-0.139436
18245		30.571162	-9.480775	0.731779
18246		31.267146	-10.450675	1.808408
18247		31.854763	-11.625783	3.016782
18248		32.313134	-12.964704	4.303569
18249		32.625903	-14.380705	5.622187
18250		32.781363	-15.773811	6.919026
18251		32.781665	-17.057238	8.165795
18252		32.630409	-18.173311	9.306547
18253		32.338596	-19.037376	10.242266
18254		31.906778	-19.588704	10.963264
18255		31.340749	-19.888895	11.413845
18256		30.674733	-20.013443	11.535609
18257		29.939519	-19.955201	11.399944
18258		29.169192	-19.768788	11.042771
18259		28.439395	-19.393878	10.467451
18260		27.901180	-18.644385	9.697156
18261		27.706714	-17.642962	8.690447
18262		27.895365	-16.775056	7.442929
18263		28.410396	-15.925443	6.174438
18264		29.088175	-14.873380	5.006304
18265		29.727883	-13.345962	4.152958
18266		30.211295	-11.544741	3.793960
18267		30.458936	-9.963029	3.759408
18268		30.351533	-8.824775	3.834266
18269		29.870134	-8.194752	3.855367
18270		29.019140	-7.993932	3.729246
18271		27.820350	-8.169904	3.735776
18272		26.360968	-8.410742	4.088185
18273		24.792220	-8.758410	4.734684
18274		23.375968	-9.407530	5.837154
18275		22.255061	-10.090093	7.625388
18276		21.830243	-10.398781	9.485368
18277		21.841324	-10.547644	10.726686
18278		21.844738	-10.691698	11.765764
18279		21.559738	-10.581492	12.866705
18280		20.904670	-9.982038	13.815066
18281		19.917166	-9.217974	14.290642
18282		18.779310	-8.700811	14.192741
18283		17.649301	-8.468586	13.684286
18284		16.549621	-8.221011	12.984092
18285		15.379028	-7.651025	12.094102
18286		14.149990	-6.918266	11.047935
18287		12.969023	-6.281858	10.076337
18288		11.943598	-5.812858	9.321927
18289		11.189848	-5.356528	8.820086
18290		10.672815	-4.833981	8.509483
18291		10.290223	-4.321216	8.302642
18292		9.914927	-3.884069	8.074949
18293		9.464158	-3.493713	7.759910
18294		8.889822	-3.101434	7.431014
18295		8.210868	-2.651554	7.254214
18296		7.468803	-2.155863	7.320889
18297		6.705523	-1.626930	7.618137
18298		5.953761	-1.062533	8.046558
18299		5.234508	-0.473945	8.535741
18300		4.537251	0.114424	9.088125
18301		3.864805	0.646385	9.730561
18302		3.220972	1.071470	10.501201
18303		2.612810	1.412105	11.395608
18304		2.032621	1.741664	12.363598
18305		1.441987	2.060323	13.314140
18306		0.821637	2.363019	14.183806
18307		0.172486	2.684483	14.953002
18308		-0.478016	3.108300	15.644740
18309		-1.130297	3.613342	16.240586
18310		-1.790762	4.187900	16.697769
18311		-2.430522	4.840070	17.013556
18312		-3.018703	5.579800	17.219925
18313		-3.559366	6.337798	17.323862
18314		-4.038611	7.038243	17.318206
18315		-4.467799	7.646564	17.185607
18316		-4.859297	8.170861	16.924992
18317		-5.233142	8.630373	16.555588
18318		-5.635316	9.019390	16.058647
18319		-6.056368	9.336994	15.467668
18320		-6.488473	9.542708	14.831121
18321		-6.927494	9.630700	14.211419
18322		-7.357783	9.651340	13.655974
18323		-7.765801	9.618059	13.198009
18324		-8.136441	9.545572	12.811659
18325		-8.439239	9.439064	12.479413
18326		-8.647638	9.288997	12.222659
18327		-8.737105	9.109479	12.072448
18328		-8.725745	8.892108	12.010840
18329		-8.618569	8.638420	12.006149
18330		-8.400584	8.338086	12.063952
18331		-8.072139	7.962899	12.166627
18332		-7.612395	7.503673	12.278051
18333		-7.006821	6.923279	12.339476
18334		-6.232344	6.147066	12.308083
18335		-5.267995	5.224219	12.186691
18336		-4.105988	4.292736	12.007152
18337		-2.759607	3.289079	11.770148
18338		-1.242546	2.207277	11.473347
18339		0.408756	0.979360	11.084315
18340		2.158562	-0.336455	10.662674
18341		3.871045	-1.681568	10.209705
18342		5.389319	-2.957556	9.699530
18343		6.681243	-4.078983	9.173460
18344		7.891655	-5.080504	8.645750
18345		9.136056	-5.894629	8.067907
18346		10.431316	-6.506592	7.392509
18347		11.751391	-6.957269	6.634392
18348		13.098361	-7.256422	5.822935
18349		14.472869	-7.390174	4.991156
18350		15.865472	-7.395928	4.163919
18351		17.273447	-7.345866	3.361224
18352		18.695248	-7.305755	2.597878
18353		20.122880	-7.270192	1.885189
18354		21.530238	-7.222661	1.256538
18355		22.889162	-7.186340	0.746889
18356		24.177705	-7.209104	0.380790
18357		25.378488	-7.301288	0.168447
18358		26.486102	-7.474955	0.146458
18359		27.503481	-7.752723	0.341392
18360		28.441509	-8.176037	0.770245
18361		29.308427	-8.759944	1.454556
18362		30.102087	-9.504538	2.394582
18363		30.815846	-10.437748	3.548577
18364		31.456507	-11.614635	4.822498
18365		32.036597	-13.206732	5.669681
18366		32.454275	-14.080482	6.791665
18367		32.572866	-14.846050	8.509838
18368		32.508200	-15.945997	9.607738
18369		32.306989	-17.089583	10.262257
18370		31.981613	-17.974737	10.701347
18371		31.548842	-18.532610	10.987142
18372		31.050602	-18.722121	11.101286
18373		30.497620	-18.641696	11.040241
18374		29.926710	-18.324885	10.689160
18375		29.465088	-17.598273	10.199392
18376		29.243399	-16.749242	9.122308
18377		29.263381	-15.690730	7.689285
18378		29.470540	-14.483592	6.222092
18379		29.774667	-13.398239	4.942185
18380		30.103454	-12.484119	4.071141
18381		30.421795	-11.413531	3.700633
18382		30.714404	-10.102482	3.803770
18383		30.970380	-8.894731	4.342057
18384		31.159674	-7.962934	5.263669
18385		31.174292	-7.569360	6.247370
18386		30.964099	-7.718019	7.264577
18387		30.429961	-8.218572	8.188405
18388		29.581926	-8.694027	9.147891
18389		28.423057	-9.372855	10.063532
18390		27.142592	-10.072731	11.137807
18391		25.944920	-10.599060	12.543831
18392		24.919998	-10.829956	13.862164
18393		24.186497	-10.602767	14.826308
18394		23.583464	-10.141748	15.489797
18395		22.954509	-9.555646	16.036431
18396		22.247206	-8.916487	16.434488
18397		21.411865	-8.164064	16.526936
18398		20.490596	-7.311654	16.304515
18399		19.514146	-6.574814	15.770669
18400		18.459642	-5.986800	15.054412
18401		17.296145	-5.416759	14.268323
18402		16.018663	-4.840471	13.511428
18403		14.719852	-4.344762	12.863037
18404		13.542516	-3.961087	12.314511
18405		12.594277	-3.652184	11.854798
18406		11.881699	-3.362143	11.509605
18407		11.344148	-3.087806	11.276823
18408		10.878450	-2.858407	11.114741
18409		10.392136	-2.659662	10.979840
18410		9.830076	-2.429973	10.873513
18411		9.184717	-2.126924	10.831448
18412		8.479566	-1.739941	10.892416
18413		7.754566	-1.279224	11.046768
18414		7.024055	-0.735400	11.233480
18415		6.300743	-0.118054	11.386711
18416		5.576528	0.549812	11.484050
18417		4.846136	1.212202	11.533862
18418		4.113515	1.798991	11.565994
18419		3.392938	2.310596	11.628838
18420		2.673439	2.768795	11.759335
18421		1.946151	3.191946	11.960671
18422		1.205061	3.611040	12.222997
18423		0.458249	4.052375	12.547911
18424		-0.301064	4.533462	12.922699
18425		-1.064398	5.068733	13.339020
18426		-1.826810	5.687759	13.781766
18427		-2.565787	6.370828	14.223479
18428		-3.278895	7.064136	14.596843
18429		-3.955759	7.721563	14.822966
18430		-4.576721	8.319513	14.842001
18431		-5.105939	8.856997	14.680859
18432		-5.538499	9.321931	14.387652
18433		-5.909624	9.682335	13.974529
18434		-6.211428	9.934679	13.475711
18435		-6.465971	10.039016	12.903484
18436		-6.709861	10.000663	12.287232
18437		-6.958846	9.905665	11.681103
18438		-7.216956	9.782740	11.103266
18439		-7.485787	9.628065	10.534159
18440		-7.763486	9.433989	9.920458
18441		-8.002713	9.209804	9.250793
18442		-8.134892	8.955503	8.576521
18443		-8.130122	8.656964	7.963942
18444		-7.992896	8.339743	7.432773
18445		-7.702807	8.026085	7.021031
18446		-7.241270	7.682376	6.800429
18447		-6.610030	7.300944	6.753653
18448		-5.804796	6.810466	6.785916
18449		-4.856265	6.141049	6.843219
18450		-3.775858	5.326559	6.857210
18451		-2.545988	4.506951	6.833220
18452		-1.131800	3.652761	6.804602
18453		0.448999	2.682482	6.712154
18454		2.173767	1.566866	6.542078
18455		3.956336	0.335961	6.295255
18456		5.667710	-0.986884	5.944689
18457		7.170913	-2.246483	5.537852
18458		8.453878	-3.360198	5.126542
18459		9.642613	-4.342220	4.722690
18460		10.843078	-5.122853	4.260505
18461		12.054607	-5.726376	3.658201
18462		13.289775	-6.172585	2.932661
18463		14.551460	-6.431320	2.153497
18464		15.845685	-6.506202	1.369178
18465		17.152356	-6.468198	0.597872
18466		18.472046	-6.406410	-0.158675
18467		19.807794	-6.370616	-0.891217
18468		21.149216	-6.364967	-1.591655
18469		22.487160	-6.353819	-2.198465
18470		23.805765	-6.350565	-2.669635
18471		25.073525	-6.426905	-2.987440
18472		26.258807	-6.601581	-3.143242
18473		27.342742	-6.887903	-3.133457
18474		28.302634	-7.307894	-2.956896
18475		29.138528	-7.862868	-2.581729
18476		29.863616	-8.507987	-2.145962
18477		30.500624	-9.584663	-1.673080
18478		30.980147	-10.699225	-0.648164
18479		31.371593	-11.623732	0.960714
18480		31.649061	-12.771766	2.484116
18481		31.801126	-14.162697	3.832371
18482		31.829122	-15.570384	5.152407
18483		31.736802	-16.890079	6.476980
18484		31.531303	-18.085548	7.724524
18485		31.219967	-19.059574	8.774869
18486		30.820272	-19.729219	9.523403
18487		30.364241	-20.089737	9.907294
18488		29.884319	-20.165550	9.918936
18489		29.444274	-19.940800	9.603609
18490		29.137905	-19.405048	8.999444
18491		29.060286	-18.529328	8.055173
18492		29.225993	-17.295834	6.838650
18493		29.534247	-16.002279	5.460133
18494		29.920165	-14.903357	4.133629
18495		30.376935	-13.955774	3.141115
18496		30.852508	-13.053853	2.503523
18497		31.266679	-11.843055	2.142336
18498		31.596092	-10.373612	2.141123
18499		31.783368	-9.284296	2.537587
18500		31.743998	-8.544126	3.287441
18501		31.422577	-8.213512	3.988248
18502		30.761974	-8.305617	4.606180
18503		29.744048	-8.700908	5.247292
18504		28.487502	-9.177671	6.051177
18505		27.089298	-9.853522	7.019641
18506		25.738307	-10.623114	8.262532
18507		24.646247	-11.177929	9.756558
18508		24.090730	-11.192639	11.157885
18509		23.820703	-10.921141	12.051839
18510		23.500794	-10.461490	12.696491
18511		22.989274	-9.815815	13.275321
18512		22.249503	-8.978698	13.667159
18513		21.316840	-8.011039	13.743431
18514		20.307169	-7.116189	13.439682
18515		19.274550	-6.466030	12.808541
18516		18.174514	-5.938848	12.026010
18517		16.950458	-5.294074	11.228341
18518		15.617164	-4.594097	10.573723
18519		14.314765	-4.062420	10.194049
18520		13.200514	-3.719698	10.095077
18521		12.361926	-3.453578	10.215003
18522		11.776505	-3.261932	10.451255
18523		11.354662	-3.142518	10.695282
18524		10.962842	-3.072856	10.810535
18525		10.501765	-2.994620	10.741852
18526		9.932727	-2.799953	10.584993
18527		9.281107	-2.472924	10.471378
18528		8.590170	-2.061449	10.425877
18529		7.882767	-1.588178	10.391125
18530		7.156554	-1.030245	10.314637
18531		6.416226	-0.396534	10.202636
18532		5.660156	0.276158	10.088885
18533		4.897775	0.920561	9.989577
18534		4.141963	1.473805	9.935889
18535		3.397664	1.945879	9.959419
18536		2.656554	2.385583	10.055472
18537		1.906658	2.806951	10.202057
18538		1.133619	3.214565	10.376691
18539		0.334395	3.629223	10.576720
18540		-0.479942	4.085637	10.822739
18541		-1.299877	4.613982	11.110581
18542		-2.099660	5.231806	11.447249
18543		-2.871013	5.896602	11.774688
18544		-3.593478	6.550938	12.012771
18545		-4.252017	7.158577	12.105159
18546		-4.824574	7.723079	12.056425
18547		-5.299262	8.241989	11.933183
18548		-5.698798	8.707635	11.754612
18549		-6.030547	9.105642	11.529655
18550		-6.300146	9.397051	11.251479
18551		-6.531152	9.554464	10.937148
18552		-6.742482	9.607379	10.619162
18553		-6.966821	9.595712	10.279747
18554		-7.199830	9.538172	9.908554
18555		-7.424254	9.428592	9.514008
18556		-7.602384	9.274161	9.094759
18557		-7.682953	9.067906	8.687091
18558		-7.641412	8.803295	8.341782
18559		-7.489704	8.505717	8.038072
18560		-7.205653	8.163818	7.823199
18561		-6.765633	7.747020	7.784155
18562		-6.173479	7.231285	7.862348
18563		-5.441933	6.590996	7.987374
18564		-4.577494	5.803576	8.107387
18565		-3.592201	4.915048	8.184225
18566		-2.450898	4.017514	8.243806
18567		-1.130131	3.075747	8.299882
18568		0.376461	2.007798	8.277132
18569		2.040735	0.807650	8.187298
18570		3.768579	-0.502025	8.026769
18571		5.413998	-1.905880	7.776382
18572		6.850314	-3.258637	7.486647
18573		8.063673	-4.429087	7.231639
18574		9.195505	-5.495377	6.996366
18575		10.349676	-6.426970	6.692459
18576		11.558407	-7.184471	6.247792
18577		12.808821	-7.778105	5.678167
18578		14.112192	-8.190090	5.044070
18579		15.456782	-8.407999	4.389257
18580		16.828374	-8.499891	3.723881
18581		18.221432	-8.525717	3.051164
18582		19.631586	-8.548481	2.393193
18583		21.039087	-8.583590	1.771934
18584		22.408228	-8.611379	1.217942
18585		23.708823	-8.636266	0.797632
18586		24.928391	-8.697757	0.568027
18587		26.031359	-8.829316	0.511181
18588		27.010585	-9.085289	0.625670
18589		27.869758	-9.487621	0.940164
18590		28.617983	-10.026210	1.460051
18591		29.274974	-10.734652	2.181864
18592		29.856891	-11.624477	3.074367
18593		30.370953	-12.647560	4.129960
18594		30.821090	-13.776276	5.332718
18595		31.188807	-14.987129	6.623857
18596		31.460268	-16.229618	7.951307
18597		31.612941	-17.416300	9.262989
18598		31.637337	-18.454718	10.481902
18599		31.533673	-19.258610	11.555997
18600		31.298567	-19.747665	12.418549
18601		30.951779	-19.903363	12.995370
18602		30.528917	-19.814292	13.202484
18603		30.065630	-19.540662	12.991118
18604		29.607303	-19.085302	12.441644
18605		29.203637	-18.500245	11.648234
18606		28.878743	-17.914928	10.616881
18607		28.704475	-17.206309	9.349118
18608		28.758576	-16.294040	7.947793
18609		29.028055	-15.458320	6.529823
18610		29.493547	-14.696826	5.283464
18611		30.034593	-13.721590	4.331086
18612		30.468981	-12.310683	3.707401
18613		30.771898	-10.717368	3.447493
18614		30.962013	-9.360644	3.616725
18615		31.046993	-8.220639	4.131360
18616		30.987817	-7.665482	4.683409
18617		30.653520	-7.745931	5.208529
18618		29.955400	-8.234427	5.874403
18619		28.930796	-8.724063	6.692508
18620		27.632400	-9.446013	7.487043
18621		26.302146	-10.128536	8.439463
18622		25.158292	-10.577148	9.757749
18623		24.313093	-10.747596	11.168765
18624		23.805219	-10.661449	12.276769
18625		23.385809	-10.385072	12.963211
18626		22.886701	-9.872423	13.445733
18627		22.264995	-9.213449	13.770058
18628		21.473018	-8.482957	13.826664
18629		20.559061	-7.798069	13.578357
18630		19.568075	-7.241750	13.033582
18631		18.473589	-6.724111	12.297179
18632		17.233033	-6.118803	11.467984
18633		15.906573	-5.520738	10.701639
18634		14.641928	-5.036306	10.124081
18635		13.597183	-4.677044	9.708576
18636		12.804460	-4.369629	9.413998
18637		12.221256	-4.082017	9.206549
18638		11.744710	-3.828610	9.024553
18639		11.278513	-3.625653	8.820748
18640		10.746831	-3.435112	8.564353
18641		10.134790	-3.208737	8.292493
18642		9.457149	-2.912808	8.082733
18643		8.736189	-2.562157	7.979405
18644		7.990556	-2.144095	7.968681
18645		7.241755	-1.643200	7.983148
18646		6.482056	-1.047290	7.993992
18647		5.715986	-0.389564	7.990123
18648		4.947968	0.258456	7.983559
18649		4.177225	0.833588	8.021093
18650		3.398850	1.336626	8.120680
18651		2.625576	1.819604	8.300880
18652		1.848656	2.298481	8.554257
18653		1.067943	2.763311	8.862616
18654		0.273457	3.225040	9.205840
18655		-0.541266	3.713240	9.578984
18656		-1.369556	4.275791	9.989690
18657		-2.172689	4.942741	10.463876
18658		-2.943081	5.669504	10.967173
18659		-3.652778	6.389794	11.417378
18660		-4.270233	7.055520	11.747997
18661		-4.761476	7.658702	11.943410
18662		-5.144512	8.205386	12.051119
18663		-5.460769	8.690953	12.121558
18664		-5.724193	9.111771	12.170552
18665		-5.917084	9.436634	12.207017
18666		-6.041850	9.629075	12.183975
18667		-6.155300	9.691632	12.108598
18668		-6.302390	9.711850	12.014627
18669		-6.496319	9.727346	11.899543
18670		-6.756047	9.690602	11.679272
18671		-7.076563	9.572307	11.297699
18672		-7.377121	9.394609	10.796675
18673		-7.572608	9.149287	10.278657
18674		-7.677278	8.825079	9.742177
18675		-7.674506	8.476334	9.195175
18676		-7.521803	8.072769	8.739383
18677		-7.208181	7.633483	8.483708
18678		-6.770673	7.154915	8.389162
18679		-6.195929	6.588237	8.385834
18680		-5.472142	5.898940	8.446524
18681		-4.620877	5.074736	8.500425
18682		-3.605248	4.266263	8.556569
18683		-2.408011	3.433300	8.629766
18684		-1.032663	2.473145	8.643354
18685		0.500917	1.365054	8.568701
18686		2.157121	0.152851	8.448137
18687		3.829088	-1.137577	8.279320
18688		5.369312	-2.448609	8.073711
18689		6.669686	-3.658224	7.885901
18690		7.813307	-4.753467	7.741087
18691		8.932837	-5.717944	7.572387
18692		10.111186	-6.503947	7.283302
18693		11.324559	-7.123140	6.803409
18694		12.588388	-7.550053	6.197560
18695		13.904026	-7.786928	5.508703
18696		15.270018	-7.900057	4.760311
18697		16.685986	-7.950899	3.974526
18698		18.147184	-8.009905	3.151001
18699		19.717487	-8.275512	2.307388
18700		21.265019	-8.731033	1.373603
18701		22.639697	-8.579705	0.679913
18702		23.969322	-8.351236	0.232952
18703		25.213514	-8.419680	-0.224989
18704		26.411831	-8.628525	-0.759513
18705		27.434391	-8.835174	-1.071443
18706		28.362532	-9.036923	-1.026224
18707		29.202365	-9.489738	-0.755407
18708		29.969888	-10.182189	-0.254668
18709		30.672955	-11.002621	0.604355
18710		31.260310	-11.965410	1.772329
18711		31.722117	-12.998482	3.319321
18712		32.054802	-14.040463	5.009807
18713		32.223482	-15.312919	6.449649
18714		32.215359	-16.624543	7.747349
18715		32.018943	-17.778716	8.981996
18716		31.631313	-18.701948	10.053320
18717		31.081013	-19.406023	10.859048
18718		30.387458	-19.895896	11.361974
18719		29.593175	-20.203072	11.506964
18720		28.759361	-20.349971	11.237703
18721		27.976637	-20.356314	10.644137
18722		27.417963	-20.093091	9.854114
18723		27.325326	-19.199477	8.919301
18724		27.668195	-18.033573	7.876418
18725		28.290382	-17.016264	6.875414
18726		29.072796	-16.014478	6.103171
18727		29.814501	-14.801450	5.431488
18728		30.396944	-13.110900	4.923012
18729		30.766260	-11.229572	4.718095
18730		30.831690	-9.676998	4.744291
18731		30.613620	-8.551851	5.000196
18732		30.098133	-8.193379	5.234290
18733		29.236913	-8.424713	5.458043
18734		28.081007	-8.756503	5.890817
18735		26.792281	-9.145004	6.539239
18736		25.594460	-9.755658	7.459215
18737		24.678491	-10.378938	8.800864
18738		24.231478	-10.642260	10.388609
18739		24.096239	-10.661574	11.728033
18740		23.905789	-10.575565	12.736435
18741		23.458213	-10.322873	13.627016
18742		22.714740	-9.817123	14.425329
18743		21.719807	-9.021393	14.957087
18744		20.594503	-8.153260	15.089724
18745		19.424455	-7.545408	14.765941
18746		18.188050	-7.141379	14.161287
18747		16.813477	-6.564087	13.442800
18748		15.319012	-5.869426	12.716662
18749		13.844588	-5.347225	12.191525
18750		12.590564	-5.029367	11.919059
18751		11.675133	-4.764391	11.849793
18752		11.051786	-4.494985	11.897118
18753		10.610189	-4.231430	11.959393
18754		10.204435	-3.977904	11.917310
18755		9.709415	-3.718038	11.669849
18756		9.074828	-3.384947	11.280376
18757		8.343194	-2.946732	10.922363
18758		7.564531	-2.443321	10.705882
18759		6.762169	-1.891804	10.657162
18760		5.927352	-1.257324	10.698763
18761		5.067034	-0.536878	10.777758
18762		4.182014	0.221895	10.893619
18763		3.293050	0.942617	11.063047
18764		2.428844	1.540952	11.321026
18765		1.610683	1.996861	11.682947
18766		0.826455	2.364153	12.116890
18767		0.068625	2.701682	12.572654
18768		-0.692674	3.045619	13.015009
18769		-1.472579	3.452875	13.415583
18770		-2.292033	3.922172	13.723851
18771		-3.107079	4.447258	13.923304
18772		-3.829886	5.070974	14.065754
18773		-4.416105	5.772235	14.163891
18774		-4.886212	6.486387	14.158162
18775		-5.252676	7.188765	14.042429
18776		-5.519305	7.869071	13.903187
18777		-5.747409	8.434567	13.780507
18778		-6.002187	8.866821	13.633151
18779		-6.298197	9.237280	13.410076
18780		-6.590724	9.572615	13.128536
18781		-6.873329	9.856716	12.823672
18782		-7.203086	10.062074	12.486752
18783		-7.599339	10.190007	12.087470
18784		-8.028349	10.207279	11.636128
18785		-8.468201	10.115711	11.136232
18786		-8.886815	9.941723	10.623819
18787		-9.262595	9.687429	10.115841
18788		-9.572803	9.364070	9.607094
18789		-9.771888	9.012718	9.164015
18790		-9.855227	8.657169	8.828307
18791		-9.808038	8.317791	8.582484
18792		-9.595359	7.936174	8.414156
18793		-9.191069	7.465408	8.321481
18794		-8.597649	6.841034	8.243753
18795		-7.817643	6.075218	8.142633
18796		-6.820674	5.208985	8.039508
18797		-5.600665	4.314128	7.972794
18798		-4.189530	3.435864	7.954616
18799		-2.609108	2.466962	7.967422
18800		-0.870710	1.294325	7.986141
18801		0.962501	-0.028757	8.018045
18802		2.736603	-1.450229	8.002324
18803		4.250286	-2.874052	7.845957
18804		5.564842	-4.250066	7.570925
18805		6.858748	-5.537670	7.206177
18806		8.231116	-6.567542	6.688911
18807		9.654780	-7.333063	5.978330
18808		11.107021	-7.924924	5.064525
18809		12.600290	-8.291237	4.009891
18810		14.130425	-8.429055	2.850743
18811		15.672977	-8.422626	1.602903
18812		17.217163	-8.294120	0.299937
18813		18.750394	-8.060798	-1.006204
18814		20.247565	-7.744680	-2.244675
18815		21.675352	-7.384148	-3.363701
18816		23.011713	-7.022081	-4.302600
18817		24.246493	-6.721857	-4.984000
18818		25.360167	-6.512946	-5.403270
18819		26.368653	-6.473102	-5.556182
18820		27.302895	-6.628143	-5.400597
18821		28.194934	-6.979368	-4.910016
18822		29.056609	-7.560299	-4.085813
18823		29.882541	-8.381950	-2.959739
18824		30.666089	-9.466278	-1.585269
18825		31.372157	-10.802141	-0.028580
18826		31.961958	-12.346144	1.664595
18827		32.383969	-13.986491	3.462561
18828		32.585325	-15.605372	5.290738
18829		32.559313	-17.147508	7.042503
18830		32.310924	-18.515872	8.616138
18831		31.858606	-19.558437	9.905608
18832		31.255636	-20.236208	10.850647
18833		30.604485	-20.608641	11.333047
18834		30.000159	-20.711164	11.253542
18835		29.501707	-20.483649	10.734197
18836		29.199318	-19.820961	9.936291
18837		29.221520	-18.486632	8.859541
18838		29.546937	-16.665878	7.551908
18839		30.017476	-14.794773	6.354644
18840		30.522742	-13.096465	5.618566
18841		31.029325	-11.590994	5.327554
18842		31.431399	-10.209874	5.345633
18843		31.576660	-9.099322	5.470112
18844		31.400405	-8.419383	5.605206
18845		30.911198	-7.943498	5.819454
18846		30.079770	-7.707909	5.912229
18847		28.919978	-7.829870	5.809878
18848		27.464425	-8.173353	5.794843
18849		25.897564	-8.700839	6.238568
18850		24.557198	-9.500038	7.216380
18851		23.417794	-10.407501	8.665685
18852		22.999379	-10.612635	10.266313
18853		23.083502	-10.213658	11.260418
18854		23.282384	-9.829877	11.947420
18855		23.330855	-9.545289	12.605988
18856		23.056266	-9.129410	13.184620
18857		22.391381	-8.298129	13.507078
18858		21.354895	-7.176896	13.487824
18859		20.122323	-6.231074	13.047186
18860		18.798439	-5.630583	12.213843
18861		17.410307	-5.068275	11.209764
18862		15.933670	-4.296944	10.242339
18863		14.492466	-3.751080	9.431599
18864		13.212537	-3.592686	9.015580
18865		12.257205	-3.554862	9.032052
18866		11.685476	-3.544308	9.347650
18867		11.408791	-3.530340	9.794904
18868		11.216452	-3.480094	10.107411
18869		10.936621	-3.385321	10.114132
18870		10.478865	-3.234866	9.910993
18871		9.887529	-2.987163	9.726783
18872		9.227011	-2.696535	9.688469
18873		8.534952	-2.442430	9.755055
18874		7.816405	-2.120933	9.814583
18875		7.085474	-1.653945	9.803489
18876		6.366323	-1.102539	9.765863
18877		5.687947	-0.543943	9.758855
18878		5.065292	-0.015614	9.801082
18879		4.490890	0.433355	9.919641
18880		3.944801	0.809112	10.115883
18881		3.416575	1.142640	10.359704
18882		2.880561	1.458812	10.619341
18883		2.325555	1.801298	10.888175
18884		1.742360	2.215579	11.191565
18885		1.115938	2.707632	11.536564
18886		0.414840	3.300043	11.921201
18887		-0.362447	4.029184	12.362514
18888		-1.210352	4.884918	12.871857
18889		-2.123388	5.799160	13.402916
18890		-3.086373	6.668158	13.808119
18891		-4.003104	7.392865	13.961280
18892		-4.790300	7.939280	13.846450
18893		-5.434895	8.378612	13.533197
18894		-5.975584	8.772020	13.123708
18895		-6.427262	9.131617	12.710054
18896		-6.772933	9.401820	12.339746
18897		-7.022410	9.515415	11.985627
18898		-7.200665	9.506650	11.663405
18899		-7.375913	9.433837	11.399673
18900		-7.617617	9.373558	11.184237
18901		-7.940600	9.326487	10.948433
18902		-8.351521	9.221275	10.585862
18903		-8.801532	9.079788	10.065083
18904		-9.203408	8.914424	9.497606
18905		-9.502304	8.681428	8.937389
18906		-9.654789	8.372006	8.414199
18907		-9.623654	8.012777	8.011981
18908		-9.377552	7.621079	7.830185
18909		-8.913427	7.190931	7.858948
18910		-8.232054	6.676930	8.013106
18911		-7.369756	6.022229	8.200455
18912		-6.326698	5.196543	8.334061
18913		-5.101184	4.295817	8.389371
18914		-3.685654	3.374247	8.390973
18915		-2.118877	2.421159	8.331939
18916		-0.425308	1.332792	8.176597
18917		1.352849	0.095761	7.944317
18918		3.135410	-1.236042	7.642583
18919		4.795510	-2.574358	7.251033
18920		6.257625	-3.786791	6.778064
18921		7.585161	-4.885237	6.294463
18922		8.902780	-5.828637	5.822292
18923		10.242780	-6.561737	5.305840
18924		11.590958	-7.107133	4.698967
18925		12.943218	-7.461214	3.992401
18926		14.322308	-7.633252	3.209103
18927		15.718893	-7.643127	2.385932
18928		17.134913	-7.536994	1.545778
18929		18.568185	-7.381941	0.693511
18930		20.027494	-7.220010	-0.127586
18931		21.485306	-7.053705	-0.868244
18932		22.915363	-6.911095	-1.501979
18933		24.279100	-6.822836	-2.017422
18934		25.556732	-6.822596	-2.383723
18935		26.725154	-6.901966	-2.588571
18936		27.779164	-7.071935	-2.617511
18937		28.723538	-7.346523	-2.440623
18938		29.566843	-7.758114	-2.030903
18939		30.318583	-8.331196	-1.370501
18940		30.976462	-9.056297	-0.482848
18941		31.552949	-10.002485	0.607855
18942		32.011792	-11.066439	1.903740
18943		32.346326	-12.273912	3.274648
18944		32.529793	-13.557590	4.663556
18945		32.536820	-14.819617	6.038917
18946		32.356351	-16.006318	7.369729
18947		31.993446	-17.062241	8.595812
18948		31.533647	-17.927756	9.404560
18949		30.889766	-18.677115	10.283604
18950		30.151775	-18.964554	11.071838
18951		29.440884	-19.102370	11.390386
18952		28.798434	-18.994367	11.300404
18953		28.294327	-18.538974	10.911837
18954		28.056416	-17.683639	10.164988
18955		28.124016	-16.513758	9.114511
18956		28.377493	-15.350045	7.981762
18957		28.708908	-14.389232	6.944671
18958		29.044814	-13.609025	6.172445
18959		29.311360	-12.842879	5.813586
18960		29.479483	-11.976650	5.682643
18961		29.587997	-11.105173	5.455741
18962		29.688243	-10.331195	5.284209
18963		29.735722	-9.690316	5.401335
18964		29.716811	-9.309737	5.611887
18965		29.519041	-9.317006	5.831421
18966		29.043178	-9.609328	6.244818
18967		28.358536	-10.079558	6.812455
18968		27.583506	-10.533331	7.568603
18969		26.698945	-10.881073	8.477188
18970		25.804008	-10.976000	9.514878
18971		24.995092	-10.851760	10.603075
18972		24.256300	-10.567006	11.567813
18973		23.513794	-10.107875	12.220586
18974		22.719383	-9.451022	12.539102
18975		21.849400	-8.637166	12.546446
18976		20.900297	-7.804697	12.293714
18977		19.858694	-7.083496	11.893523
18978		18.727514	-6.461945	11.443882
18979		17.521741	-5.918751	10.988186
18980		16.265058	-5.511981	10.602359
18981		15.055653	-5.257603	10.384502
18982		14.026113	-5.102842	10.343051
18983		13.244496	-4.998021	10.428930
18984		12.679167	-4.898587	10.542071
18985		12.237101	-4.789085	10.591247
18986		11.809011	-4.618883	10.547209
18987		11.319988	-4.346911	10.458832
18988		10.734054	-3.948562	10.398504
18989		10.057594	-3.482120	10.393467
18990		9.296384	-3.000481	10.424036
18991		8.461355	-2.502856	10.504224
18992		7.562235	-1.965508	10.629627
18993		6.647052	-1.402956	10.811487
18994		5.776517	-0.840663	11.056027
18995		5.007722	-0.329127	11.357685
18996		4.347082	0.080871	11.699299
18997		3.769961	0.368427	12.060663
18998		3.217474	0.590002	12.427535
18999		2.684693	0.830767	12.808012
19000		2.152345	1.114166	13.223331
19001		1.613601	1.453510	13.666148
19002		1.060272	1.851372	14.091053
19003		0.490551	2.320624	14.466505
19004		-0.100822	2.891813	14.808963
19005		-0.726846	3.550098	15.123818
19006		-1.398936	4.244742	15.396282
19007		-2.101130	4.986366	15.632891
19008		-2.814839	5.762293	15.840035
19009		-3.534364	6.509155	15.963957
19010		-4.246957	7.179793	15.943599
19011		-4.924035	7.744473	15.740532
19012		-5.531924	8.209901	15.382631
19013		-6.046707	8.598527	14.948006
19014		-6.465571	8.909584	14.516253
19015		-6.818272	9.117142	14.093782
19016		-7.102309	9.235753	13.707638
19017		-7.332046	9.264410	13.366747
19018		-7.536272	9.247275	13.043661
19019		-7.742162	9.213771	12.681656
19020		-7.922993	9.154419	12.247989
19021		-8.036752	9.034015	11.772823
19022		-8.036750	8.850000	11.323316
19023		-7.942776	8.617433	10.890658
19024		-7.723582	8.329075	10.491368
19025		-7.368274	7.940096	10.216316
19026		-6.883737	7.472547	10.074237
19027		-6.252655	6.930284	10.013204
19028		-5.451401	6.250914	9.969704
19029		-4.515140	5.410924	9.859697
19030		-3.431334	4.539394	9.661630
19031		-2.169039	3.667115	9.431413
19032		-0.747254	2.682339	9.089209
19033		0.825149	1.551831	8.601287
19034		2.561629	0.347539	8.066290
19035		4.336066	-0.904872	7.517867
19036		5.984557	-2.144090	6.942422
19037		7.406494	-3.252072	6.422890
19038		8.671445	-4.228467	6.024962
19039		9.895404	-5.064354	5.717591
19040		11.114274	-5.746843	5.392526
19041		12.315742	-6.310078	4.972889
19042		13.522243	-6.717163	4.483121
19043		14.753303	-6.952288	3.969624
19044		16.014695	-7.053726	3.462766
19045		17.317457	-7.087031	2.971118
19046		18.671733	-7.125213	2.455406
19047		20.081449	-7.182759	1.936797
19048		21.533640	-7.275408	1.462278
19049		22.971952	-7.405051	1.031026
19050		24.359844	-7.576322	0.664201
19051		25.651382	-7.773193	0.368728
19052		26.805189	-7.998145	0.154687
19053		27.813922	-8.242013	0.060459
19054		28.688084	-8.509442	0.133528
19055		29.450839	-8.860077	0.399058
19056		30.119816	-9.343366	0.876515
19057		30.700139	-10.000376	1.558981
19058		31.188759	-10.871485	2.417926
19059		31.569771	-11.962409	3.403593
19060		31.824800	-13.211166	4.472477
19061		31.931484	-14.521193	5.586664
19062		31.875563	-15.828686	6.701841
19063		31.663179	-17.027835	7.769664
19064		31.298664	-17.993333	8.720637
19065		30.817046	-18.686928	9.457661
19066		30.250729	-19.108445	9.919201
19067		29.636641	-19.264382	10.051668
19068		29.027236	-19.144982	9.842919
19069		28.522518	-18.780085	9.376527
19070		28.268480	-18.161230	8.671158
19071		28.350253	-17.221308	7.717191
19072		28.659067	-16.165782	6.618323
19073		29.084351	-15.285770	5.596176
19074		29.619939	-14.618717	4.907746
19075		30.226840	-14.075099	4.618013
19076		30.841710	-13.577687	4.588350
19077		31.400779	-13.095441	4.549660
19078		31.804480	-12.173367	4.519716
19079		31.916428	-11.069456	4.498488
19080		31.646851	-10.107662	4.536067
19081		31.059267	-9.365626	4.527098
19082		30.175351	-8.964733	4.512955
19083		29.003325	-8.820606	4.702858
19084		27.623676	-8.930477	5.073906
19085		26.216534	-9.128413	5.599037
19086		24.896657	-9.517708	6.365537
19087		23.912341	-9.850754	7.447519
19088		23.479015	-9.828654	8.685689
19089		23.363466	-9.667012	9.721645
19090		23.201155	-9.425877	10.527834
19091		22.800118	-8.977589	11.166369
19092		22.106027	-8.335657	11.593495
19093		21.164306	-7.564771	11.774103
19094		20.114186	-6.820887	11.685915
19095		19.045091	-6.274354	11.345826
19096		17.943329	-5.905291	10.855655
19097		16.747183	-5.495472	10.316386
19098		15.429684	-4.964458	9.806231
19099		14.096927	-4.482936	9.466460
19100		12.924234	-4.146144	9.391905
19101		12.033647	-3.883302	9.545197
19102		11.435224	-3.617985	9.839431
19103		11.032288	-3.367226	10.186863
19104		10.684607	-3.152554	10.472198
19105		10.261981	-2.958400	10.617987
19106		9.699835	-2.716202	10.670858
19107		9.019740	-2.369940	10.720571
19108		8.272871	-1.953808	10.807990
19109		7.519815	-1.523821	10.935952
19110		6.785070	-1.059866	11.073430
19111		6.100478	-0.570953	11.211653
19112		5.469137	-0.067942	11.379477
19113		4.885617	0.421583	11.591502
19114		4.342897	0.856318	11.854009
19115		3.832027	1.244655	12.183415
19116		3.316750	1.611015	12.535900
19117		2.761012	1.971502	12.849861
19118		2.154414	2.364290	13.116471
19119		1.486956	2.804538	13.364560
19120		0.747562	3.311041	13.645133
19121		-0.060149	3.885379	13.978603
19122		-0.922216	4.539039	14.373662
19123		-1.793299	5.263944	14.834125
19124		-2.659674	6.045616	15.298424
19125		-3.524697	6.803916	15.657991
19126		-4.364577	7.484200	15.803019
19127		-5.129137	8.059952	15.708775
19128		-5.794779	8.543171	15.427392
19129		-6.350248	8.953562	15.029670
19130		-6.799811	9.275465	14.559204
19131		-7.136307	9.491008	14.051412
19132		-7.357223	9.579137	13.539376
19133		-7.496612	9.528987	13.025306
19134		-7.612159	9.402358	12.513226
19135		-7.733264	9.277783	12.029512
19136		-7.868578	9.158373	11.569719
19137		-7.991148	9.035897	11.117647
19138		-8.038510	8.889874	10.709673
19139		-7.988708	8.707896	10.359662
19140		-7.841650	8.507154	10.040018
19141		-7.549544	8.257962	9.799536
19142		-7.072764	7.907628	9.676094
19143		-6.424531	7.420190	9.601759
19144		-5.625178	6.774556	9.523769
19145		-4.685089	5.950801	9.408580
19146		-3.600351	5.086314	9.260147
19147		-2.367150	4.211068	9.111364
19148		-0.984201	3.241564	8.912271
19149		0.548141	2.153726	8.620564
19150		2.225835	0.980235	8.266857
19151		3.963110	-0.280103	7.884688
19152		5.593200	-1.651807	7.423781
19153		6.992830	-2.946285	6.918505
19154		8.208384	-4.075084	6.432816
19155		9.360531	-5.093227	5.931181
19156		10.551651	-5.946629	5.340046
19157		11.782827	-6.632379	4.588758
19158		13.060841	-7.156801	3.725305
19159		14.392499	-7.485515	2.816634
19160		15.768969	-7.630135	1.903484
19161		17.169381	-7.633604	1.009262
19162		18.588510	-7.557289	0.143907
19163		20.019068	-7.461763	-0.668635
19164		21.442813	-7.360177	-1.386174
19165		22.827146	-7.285074	-1.979511
19166		24.155721	-7.260817	-2.438731
19167		25.413924	-7.336654	-2.741913
19168		26.579308	-7.572186	-2.903261
19169		27.651079	-7.937085	-2.896895
19170		28.635045	-8.415054	-2.692048
19171		29.538143	-9.044037	-2.266351
19172		30.378479	-9.848048	-1.585518
19173		31.154126	-10.803752	-0.643344
19174		31.850715	-11.901295	0.516195
19175		32.444753	-13.118073	1.817105
19176		32.912693	-14.402061	3.188770
19177		33.214045	-15.657381	4.559163
19178		33.329339	-16.808182	5.850781
19179		33.253778	-17.765898	7.010525
19180		32.993569	-18.441699	7.983764
19181		32.566374	-18.793695	8.681632
19182		31.998941	-18.848587	9.080464
19183		31.330858	-18.688099	9.151296
19184		30.599922	-18.405945	8.845833
19185		29.860654	-18.024808	8.188569
19186		29.160129	-17.548513	7.347332
19187		28.567920	-17.012336	6.427814
19188		28.234856	-16.183433	5.518251
19189		28.259737	-15.161246	4.587167
19190		28.565769	-14.383358	3.732571
19191		29.063518	-13.807027	3.171798
19192		29.619631	-13.243099	2.910444
19193		30.133247	-12.580810	2.815582
19194		30.540877	-11.619477	2.971235
19195		30.754309	-10.539511	3.435570
19196		30.706603	-9.549396	4.087933
19197		30.329372	-8.835943	4.746826
19198		29.560397	-8.498150	5.300357
19199		28.389258	-8.391381	5.836856
19200		26.836310	-8.628972	6.354201
19201		25.129516	-9.057990	6.965102
19202		23.586019	-9.490354	7.766125
19203		22.443368	-10.135612	8.929905
19204		21.958233	-10.628395	10.519106
19205		22.175642	-10.541810	12.303700
19206		22.554885	-10.543924	13.657048
19207		22.697934	-10.626328	14.793822
19208		22.456649	-10.399544	15.843482
19209		21.824567	-9.764644	16.680271
19210		20.866463	-8.990692	17.082747
19211		19.791760	-8.389722	17.014706
19212		18.719810	-7.941897	16.612335
19213		17.642513	-7.427130	16.024309
19214		16.447806	-6.664920	15.290417
19215		15.149742	-5.918412	14.436790
19216		13.840752	-5.431231	13.727059
19217		12.713757	-5.159201	13.353077
19218		11.915540	-4.950721	13.301706
19219		11.438155	-4.713459	13.468021
19220		11.163202	-4.489697	13.728685
19221		10.945766	-4.297580	13.961563
19222		10.643379	-4.119719	14.086262
19223		10.187544	-3.888651	14.140494
19224		9.582256	-3.556718	14.245697
19225		8.885047	-3.197041	14.464068
19226		8.134246	-2.874433	14.734834
19227		7.374438	-2.568193	14.943184
19228		6.651199	-2.217015	15.031137
19229		5.986007	-1.838937	15.044491
19230		5.384542	-1.464860	15.043191
19231		4.859317	-1.120113	15.065887
19232		4.405432	-0.806888	15.129434
19233		4.015849	-0.523410	15.213466
19234		3.663506	-0.246406	15.281029
19235		3.327081	0.054688	15.309442
19236		2.973572	0.389463	15.313928
19237		2.582143	0.749042	15.314773
19238		2.128719	1.134951	15.323557
19239		1.615740	1.565366	15.352307
19240		1.053191	2.063816	15.396443
19241		0.462534	2.619171	15.447686
19242		-0.140470	3.236840	15.521640
19243		-0.759501	3.893684	15.622445
19244		-1.398652	4.574869	15.751578
19245		-2.048525	5.240935	15.915179
19246		-2.702898	5.870923	16.102776
19247		-3.331740	6.446331	16.298887
19248		-3.939878	6.934405	16.456704
19249		-4.496339	7.350088	16.564083
19250		-4.987282	7.701938	16.628069
19251		-5.412718	7.999014	16.642511
19252		-5.785031	8.244770	16.595475
19253		-6.103831	8.452922	16.483577
19254		-6.385684	8.645845	16.302596
19255		-6.636066	8.827036	16.044624
19256		-6.878962	8.987982	15.714021
19257		-7.135603	9.121347	15.283456
19258		-7.394858	9.227573	14.758270
19259		-7.659307	9.253603	14.109866
19260		-7.886840	9.217087	13.369201
19261		-8.014500	9.107556	12.630169
19262		-8.046006	8.876291	11.875280
19263		-7.911098	8.581689	11.167669
19264		-7.597908	8.080711	10.530689
19265		-7.137509	7.338479	9.968054
19266		-6.559658	6.488575	9.452120
19267		-5.806411	5.703536	9.091642
19268		-4.827640	4.960407	8.843687
19269		-3.648232	4.196634	8.640977
19270		-2.397563	3.327421	8.326519
19271		-1.115908	2.413619	7.905923
19272		0.214038	1.560535	7.512702
19273		1.560197	0.761435	7.217862
19274		2.838440	-0.052166	6.967588
19275		4.021863	-0.872154	6.738010
19276		5.168490	-1.712057	6.516000
19277		6.328880	-2.510661	6.268395
19278		7.510157	-3.255599	5.943818
19279		8.723550	-3.883264	5.590079
19280		9.975923	-4.415521	5.247303
19281		11.264456	-4.859192	4.931308
19282		12.589910	-5.221135	4.641944
19283		13.937919	-5.508923	4.398418
19284		15.290958	-5.750128	4.218447
19285		16.640449	-5.959429	4.094926
19286		17.981290	-6.188101	4.010606
19287		19.299377	-6.475049	3.975562
19288		20.588079	-6.816198	4.022417
19289		21.824426	-7.234349	4.144155
19290		22.997131	-7.758721	4.340229
19291		24.090407	-8.380369	4.603730
19292		25.100394	-9.064834	4.940216
19293		26.036887	-9.773496	5.361451
19294		26.909540	-10.508351	5.890745
19295		27.716448	-11.264587	6.524710
19296		28.443831	-12.060938	7.244968
19297		29.081351	-12.888904	8.030402
19298		29.609069	-13.739481	8.839818
19299		30.005921	-14.579144	9.633407
19300		30.262237	-15.378842	10.372586
19301		30.368118	-16.111016	11.015621
19302		30.322690	-16.726118	11.519479
19303		30.124185	-17.183729	11.832893
19304		29.774830	-17.457292	11.927679
19305		29.296562	-17.568414	11.794544
19306		28.713236	-17.579106	11.398677
19307		28.063113	-17.573921	10.701486
19308		27.373671	-17.601193	9.778310
19309		26.676901	-17.608596	8.788274
19310		26.013285	-17.478977	7.876653
19311		25.487662	-17.028088	7.042678
19312		25.211718	-16.288670	6.205599
19313		25.203248	-15.529061	5.377281
19314		25.466185	-14.823054	4.687398
19315		25.938818	-13.987428	4.331199
19316		26.472075	-12.947400	4.420280
19317		26.923069	-11.810379	4.854791
19318		27.196616	-10.757261	5.428000
19319		27.139160	-10.100495	5.960560
19320		26.673760	-9.897884	6.523109
19321		25.865554	-9.978616	7.154279
19322		24.893326	-10.308605	7.846476
19323		23.944169	-10.635706	8.577761
19324		23.109736	-10.772096	9.372763
19325		22.381412	-10.919488	10.241070
19326		21.801134	-11.018595	11.293033
19327		21.462823	-10.894096	12.400334
19328		21.326361	-10.537316	13.244597
19329		21.204720	-10.071562	13.765711
19330		20.906200	-9.516792	14.096485
19331		20.344372	-8.902163	14.242847
19332		19.527631	-8.226439	14.137499
19333		18.541019	-7.564905	13.739811
19334		17.485723	-7.012754	13.050562
19335		16.395358	-6.529351	12.140484
19336		15.243311	-6.006335	11.107406
19337		14.042668	-5.458779	10.066517
19338		12.877591	-5.002009	9.176533
19339		11.904611	-4.674178	8.538245
19340		11.212878	-4.379830	8.155113
19341		10.772338	-4.073268	7.986163
19342		10.462066	-3.788861	7.997247
19343		10.155052	-3.546479	8.128551
19344		9.739431	-3.340005	8.325955
19345		9.176789	-3.118716	8.594394
19346		8.480419	-2.859137	9.004687
19347		7.703622	-2.598118	9.593881
19348		6.894075	-2.373832	10.323466
19349		6.109735	-2.166349	11.066439
19350		5.384401	-1.926733	11.733588
19351		4.718834	-1.653628	12.296308
19352		4.106871	-1.386869	12.764987
19353		3.564273	-1.160556	13.176548
19354		3.080088	-0.978506	13.543464
19355		2.636439	-0.801508	13.838514
19356		2.207108	-0.614076	14.029011
19357		1.789537	-0.386162	14.128410
19358		1.390977	-0.101133	14.184778
19359		0.994797	0.236224	14.222882
19360		0.584284	0.631944	14.243397
19361		0.163415	1.089261	14.252037
19362		-0.265469	1.581947	14.248185
19363		-0.689282	2.070858	14.224639
19364		-1.104895	2.548263	14.174020
19365		-1.516762	3.002995	14.098293
19366		-1.928275	3.431715	14.016281
19367		-2.342466	3.831133	13.943396
19368		-2.761956	4.211765	13.890865
19369		-3.176284	4.580428	13.846782
19370		-3.589153	4.921591	13.805026
19371		-3.989913	5.238790	13.766711
19372		-4.380710	5.542204	13.731458
19373		-4.761188	5.812127	13.703324
19374		-5.122555	6.054848	13.685707
19375		-5.443139	6.281214	13.689187
19376		-5.728761	6.487608	13.691058
19377		-5.989141	6.657251	13.656286
19378		-6.225216	6.793513	13.556010
19379		-6.441100	6.880653	13.359013
19380		-6.637898	6.909138	13.043101
19381		-6.793436	6.891155	12.650611
19382		-6.898804	6.825716	12.228877
19383		-6.939986	6.700296	11.815874
19384		-6.898040	6.516522	11.441131
19385		-6.748898	6.310831	11.127444
19386		-6.460508	6.073923	10.901037
19387		-6.067297	5.657959	10.663079
19388		-5.566564	5.031882	10.378919
19389		-5.019473	4.288544	9.987450
19390		-4.388936	3.551132	9.506632
19391		-3.587840	2.846263	8.981391
19392		-2.667040	2.090632	8.390185
19393		-1.727275	1.288685	7.666234
19394		-0.759961	0.524243	6.859914
19395		0.243831	-0.185768	6.057216
19396		1.262394	-0.840213	5.310191
19397		2.255589	-1.440417	4.632614
19398		3.203597	-2.033962	4.002362
19399		4.113709	-2.618051	3.412964
19400		5.001105	-3.189180	2.855117
19401		5.861188	-3.731406	2.325111
19402		6.694558	-4.229975	1.852812
19403		7.490174	-4.676949	1.445481
19404		8.252610	-5.087136	1.099852
19405		8.982616	-5.454685	0.810894
19406		9.692838	-5.778555	0.595602
19407		10.396416	-6.075808	0.442992
19408		11.087111	-6.375819	0.321741
19409		11.756349	-6.653944	0.203800
19410		12.401039	-6.902626	0.091703
19411		13.000634	-7.119541	-0.031283
19412		13.545380	-7.248189	-0.172946
19413		14.013665	-7.321023	-0.324677
19414		14.371515	-7.399271	-0.478972
19415		14.607303	-7.506551	-0.595324
19416		14.723996	-7.673948	-0.623932
19417		14.728808	-7.935370	-0.525346
19418		14.627698	-8.301723	-0.283443
19419		14.433356	-8.724486	0.084122
19420		14.157575	-9.134506	0.574241
19421		13.800624	-9.490552	1.185844
19422		13.379089	-9.794436	1.915649
19423		12.922550	-10.017357	2.776970
19424		12.455119	-10.135892	3.727196
19425		11.995465	-10.125179	4.701950
19426		11.551230	-9.973092	5.647570
19427		11.115980	-9.757863	6.511085
19428		10.711203	-9.555346	7.254240
19429		10.354622	-9.341374	7.888877
19430		10.057277	-9.080800	8.447643
19431		9.837337	-8.773177	8.936075
19432		9.682101	-8.478232	9.320953
19433		9.562292	-8.248236	9.553091
19434		9.427992	-8.090617	9.602666
19435		9.238126	-7.961206	9.524865
19436		8.958682	-7.883924	9.429581
19437		8.560593	-7.880984	9.382226
19438		8.027805	-7.912739	9.403948
19439		7.394710	-7.911406	9.469139
19440		6.712912	-7.863846	9.514448
19441		6.044927	-7.717650	9.499428
19442		5.456912	-7.443918	9.458235
19443		4.981248	-7.122201	9.415368
19444		4.606595	-6.816038	9.335127
19445		4.303896	-6.547622	9.182759
19446		4.052906	-6.311919	8.954781
19447		3.820086	-6.133385	8.700857
19448		3.580291	-6.051742	8.497626
19449		3.343856	-6.010418	8.421197
19450		3.117887	-5.977612	8.464594
19451		2.907155	-5.951467	8.566487
19452		2.697256	-5.926200	8.672076
19453		2.491291	-5.871248	8.766071
19454		2.278551	-5.796538	8.837878
19455		2.063734	-5.690286	8.872496
19456		1.848987	-5.552211	8.881796
19457		1.637784	-5.375615	8.867479
19458		1.419236	-5.176070	8.851480
19459		1.183628	-4.971066	8.861390
19460		0.926803	-4.776353	8.906389
19461		0.667781	-4.585132	8.969770
19462		0.412431	-4.399052	9.017831
19463		0.162245	-4.248509	9.035573
19464		-0.088700	-4.118486	9.050587
19465		-0.334411	-3.999824	9.091671
19466		-0.561866	-3.891036	9.175125
19467		-0.758579	-3.772485	9.310263
19468		-0.916706	-3.646056	9.490665
19469		-1.036411	-3.520482	9.704914
19470		-1.117254	-3.401009	9.945984
19471		-1.162066	-3.285527	10.214214
19472		-1.192455	-3.170260	10.510196
19473		-1.209391	-3.036038	10.827427
19474		-1.223558	-2.920915	11.153363
19475		-1.244020	-2.801572	11.460877
19476		-1.290728	-2.684430	11.715869
19477		-1.379497	-2.627416	11.913995
19478		-1.495703	-2.627003	12.066024
19479		-1.630558	-2.702784	12.169766
19480		-1.781001	-2.817293	12.218146
19481		-1.950042	-2.967056	12.211486
19482		-2.111959	-3.121322	12.185241
19483		-2.252663	-3.233730	12.163184
19484		-2.380214	-3.309974	12.142538
19485		-2.492938	-3.343273	12.138436
19486		-2.591442	-3.331391	12.170870
19487		-2.685324	-3.289213	12.224798
19488		-2.778271	-3.247016	12.301773
19489		-2.864249	-3.191002	12.400591
19490		-2.826807	-3.963907	12.587522
19491		-3.046505	-3.551998	12.318359
19492		-3.052264	-3.119570	12.298107
19493		-3.112014	-2.930939	12.296703
19494		-3.201596	-2.997344	12.434947
19495		-3.375230	-3.443943	12.466123
19496		-3.404180	-3.414314	12.577653
19497		-3.385062	-3.164818	12.765813
19498		-3.369892	-3.031664	12.954264
19499		-3.365956	-3.025334	13.088678
19500		-3.349750	-2.975571	13.182761
19501		-3.321252	-2.854420	13.260146
19502		-3.290968	-2.737741	13.316509
19503		-3.261681	-2.646118	13.346012
19504		-3.224134	-2.559359	13.356853
19505		-3.178113	-2.460350	13.349656
19506		-3.133735	-2.382666	13.307257
19507		-3.098369	-2.359525	13.213251
19508		-3.061032	-2.326599	13.068902
19509		-3.025341	-2.292234	12.861690
19510		-2.991121	-2.264271	12.601901
19511		-2.959322	-2.220487	12.294203
19512		-2.945482	-2.141640	11.934257
19513		-2.952777	-2.073048	11.519813
19514		-2.961501	-2.041053	11.070727
19515		-2.929141	-2.020386	10.617185
19516		-2.844208	-1.997814	10.186433
19517		-2.711536	-1.965309	9.798289
19518		-2.544504	-1.946387	9.454988
19519		-2.361277	-1.961941	9.158659
19520		-2.171925	-1.996076	8.918569
19521		-1.994925	-2.037619	8.740416
19522		-1.845900	-2.065641	8.627296
19523		-1.727829	-2.081745	8.587783
19524		-1.638116	-2.084648	8.619840
19525		-1.575458	-2.098323	8.698816
19526		-1.523770	-2.103902	8.805129
19527		-1.479053	-2.100120	8.920432
19528		-1.441051	-2.109650	9.036616
19529		-1.409411	-2.137151	9.145807
19530		-1.379291	-2.168199	9.245106
19531		-1.341935	-2.200807	9.335766
19532		-1.291805	-2.237980	9.417359
19533		-1.226597	-2.269236	9.484283
19534		-1.147314	-2.301766	9.532552
19535		-1.051847	-2.340321	9.564269
19536		-0.940250	-2.390356	9.570302
19537		-0.816486	-2.446828	9.559801
19538		-0.682827	-2.503634	9.536371
19539		-0.544374	-2.554769	9.506327
19540		-0.403596	-2.594299	9.475559
19541		-0.263574	-2.632028	9.455760
19542		-0.124784	-2.660543	9.445843
19543		0.006517	-2.681089	9.440034
19544		0.126986	-2.693662	9.429868
19545		0.234602	-2.699506	9.413825
19546		0.322194	-2.704906	9.382384
19547		0.388053	-2.716134	9.332004
19548		0.432884	-2.732541	9.263333
19549		0.462186	-2.748771	9.180267
19550		0.470978	-2.766997	9.081792
19551		0.462311	-2.788359	8.966473
19552		0.438636	-2.806775	8.846162
19553		0.406064	-2.820996	8.731867
19554		0.367136	-2.844830	8.633361
19555		0.327817	-2.873324	8.554076
19556		0.294683	-2.907378	8.488680
19557		0.264646	-2.954875	8.426626
19558		0.245088	-2.996606	8.350107
19559		0.236767	-3.030150	8.255592
19560		0.240601	-3.051844	8.148981
19561		0.254335	-3.068049	8.032579
19562		0.271867	-3.073605	7.908211
19563		0.288899	-3.072273	7.767926
19564		0.306659	-3.077638	7.613411
19565		0.332493	-3.076657	7.456425
19566		0.363278	-3.075378	7.306927
19567		0.395220	-3.082204	7.163465
19568		0.419190	-3.110523	7.020903
19569		0.441907	-3.146914	6.875133
19570		0.461157	-3.175641	6.732528
19571		0.475684	-3.192961	6.600119
19572		0.481275	-3.202159	6.486040
19573		0.477630	-3.200457	6.394545
19574		0.471973	-3.191337	6.328187
19575		0.464952	-3.182325	6.274839
19576		0.456925	-3.176363	6.224220
19577		0.446120	-3.165424	6.179139
19578		0.432553	-3.147886	6.140667
19579		0.416580	-3.126699	6.105653
19580		0.396777	-3.110163	6.070685
19581		0.370579	-3.095246	6.032292
19582		0.340633	-3.085184	5.985998
19583		0.314927	-3.075626	5.935283
19584		0.293590	-3.065753	5.882331
19585		0.273708	-3.055595	5.824610
19586		0.255841	-3.047868	5.765550
19587		0.237287	-3.044685	5.703822
19588		0.219312	-3.036149	5.651574
19589		0.199775	-3.026883	5.613242
19590		0.177907	-3.018363	5.582574
19591		0.152354	-3.006564	5.562561
19592		0.126645	-2.992068	5.550362
19593		0.102587	-2.973703	5.548258
19594		0.077953	-2.955776	5.556988
19595		0.052605	-2.942152	5.570916
19596		0.025140	-2.935338	5.585633
19597		-0.003760	-2.917748	5.594427
19598		-0.030580	-2.895882	5.597610
19599		-0.055824	-2.872748	5.600628
19600		-0.076192	-2.847304	5.608472
19601		-0.095968	-2.822394	5.623428
19602		-0.114225	-2.805408	5.637727
19603		-0.131393	-2.787436	5.650449
19604		-0.142833	-2.760889	5.661912
19605		-0.155213	-2.734365	5.674057
19606		-0.166267	-2.709669	5.692447
19607		-0.179875	-2.688790	5.713873
19608		-0.193252	-2.667310	5.742110
19609		-0.205875	-2.644160	5.771989
19610		-0.215972	-2.614625	5.811196
19611		-0.221761	-2.574386	5.865459
19612		-0.223594	-2.528301	5.937615
19613		-0.227273	-2.481508	6.028062
19614		-0.225884	-2.439136	6.125514
19615		-0.224001	-2.407988	6.226352
19616		-0.221066	-2.373626	6.335644
19617		-0.215694	-2.338908	6.452014
19618		-0.209772	-2.302750	6.577737
19619		-0.205294	-2.271330	6.709398
19620		-0.204458	-2.246109	6.841154
19621		-0.203856	-2.216199	6.971933
19622		-0.206078	-2.190644	7.097585
19623		-0.201670	-2.165794	7.222470
19624		-0.193581	-2.144850	7.343548
19625		-0.185012	-2.124238	7.457105
19626		-0.177468	-2.104770	7.562182
19627		-0.173094	-2.089837	7.655327
19628		-0.172293	-2.080292	7.737370
19629		-0.177997	-2.077758	7.804472
19630		-0.184056	-2.079623	7.860362
19631		-0.191326	-2.086317	7.913988
19632		-0.195445	-2.094657	7.964961
19633		-0.199810	-2.102139	8.016776
19634		-0.200486	-2.107126	8.075170
19635		-0.199331	-2.114572	8.139079
19636		-0.194786	-2.126384	8.208111
19637		-0.189137	-2.141749	8.284565
19638		-0.177934	-2.159614	8.368781
19639		-0.163757	-2.171324	8.454550
19640		-0.146375	-2.183164	8.541150
19641		-0.124644	-2.189651	8.630062
19642		-0.101252	-2.194851	8.719942
19643		-0.075767	-2.198787	8.813311
19644		-0.048827	-2.197769	8.911920
19645		-0.017793	-2.191580	9.015421
19646		0.010980	-2.174274	9.120059
19647		0.040333	-2.152129	9.225312
19648		0.065036	-2.127407	9.333483
19649		0.090489	-2.100654	9.450497
19650		0.111991	-2.075469	9.568373
19651		0.129725	-2.049940	9.669846
19652		0.144973	-2.032795	9.747154
19653		0.161355	-2.024653	9.804249
19654		0.179019	-2.017020	9.848869
19655		0.194248	-2.008927	9.884775
19656		0.207382	-2.000696	9.914276
19657		0.216600	-1.994886	9.940008
19658		0.222969	-1.995155	9.961143
19659		0.228532	-1.995605	9.977924
19660		0.233400	-2.000424	9.985827
19661		0.239609	-2.000612	9.996104
19662		0.250023	-2.002678	10.011952
19663		0.256887	-2.009127	10.029368
19664		0.266214	-2.022028	10.042954
19665		0.275230	-2.030425	10.054660
19666		0.288409	-2.038617	10.057314
19667		0.299567	-2.046853	10.048450
19668		0.311420	-2.057309	10.022998
19669		0.323777	-2.063707	9.981627
19670		0.336464	-2.072440	9.932632
19671		0.348228	-2.079906	9.885216
19672		0.356379	-2.083440	9.847456
19673		0.360308	-2.092414	9.812898
19674		0.362118	-2.102598	9.781772
19675		0.363356	-2.102508	9.756176
19676		0.365395	-2.098523	9.743340
19677		0.364494	-2.099314	9.739425
19678		0.364786	-2.106351	9.743615
19679		0.367502	-2.111901	9.755320
19680		0.369092	-2.111544	9.776597
19681		0.372924	-2.107591	9.805061
19682		0.378150	-2.104613	9.835578
19683		0.383126	-2.105272	9.864609
19684		0.386778	-2.111161	9.900381
19685		0.390529	-2.118276	9.935528
19686		0.393559	-2.122258	9.974971
19687		0.394612	-2.127022	10.007550
19688		0.391532	-2.129681	10.026467
19689		0.385972	-2.128236	10.032630
19690		0.381088	-2.127451	10.032726
19691		0.377146	-2.133372	10.031668
19692		0.374118	-2.134664	10.023470
19693		0.371736	-2.136198	10.015312
19694		0.367843	-2.140840	10.006406
19695		0.367234	-2.151145	9.991098
19696		0.366775	-2.171186	9.972419
19697		0.361600	-2.178626	9.946648
19698		0.355168	-2.180306	9.918612
19699		0.351218	-2.178298	9.895921
19700		0.347538	-2.181456	9.877590
19701		0.348048	-2.187577	9.859522
19702		0.343282	-2.189780	9.843730
19703		0.344056	-2.192044	9.831572
19704		0.345573	-2.202346	9.813621
19705		0.352013	-2.214441	9.796427
19706		0.362693	-2.221667	9.779492
19707		0.374418	-2.220882	9.760771
19708		0.383584	-2.217080	9.745890
19709		0.388900	-2.213393	9.740860
19710		0.390114	-2.212567	9.740104
19711		0.386794	-2.216693	9.743983
19712		0.384387	-2.215387	9.751898
19713		0.379641	-2.212777	9.761941
19714		0.377944	-2.210364	9.769702
19715		0.376018	-2.210117	9.774397
19716		0.377313	-2.207023	9.778554
19717		0.375119	-2.208346	9.787654
19718		0.375557	-2.206333	9.800825
19719		0.374806	-2.207651	9.815284
19720		0.377081	-2.209867	9.829823
19721		0.380489	-2.210663	9.841984
19722		0.384578	-2.212839	9.849791
19723		0.389663	-2.215102	9.853708
19724		0.394124	-2.211935	9.861618
19725		0.397422	-2.206150	9.873799
19726		0.400430	-2.198485	9.888194
19727		0.401917	-2.191394	9.897118
19728		0.406024	-2.181780	9.899674
19729		0.410240	-2.168316	9.894160
19730		0.417137	-2.158167	9.893358
19731		0.426219	-2.154815	9.897239
19732		0.437014	-2.154514	9.904150
19733		0.447731	-2.149534	9.922655
19734		0.459180	-2.143655	9.944108
19735		0.474520	-2.132686	9.975493
19736		0.491498	-2.121101	10.015972
19737		0.509596	-2.113172	10.062561
19738		0.530424	-2.107811	10.112531
19739		0.552743	-2.106027	10.156813
19740		0.578940	-2.102603	10.192996
19741		0.606544	-2.102806	10.226446
19742		0.632216	-2.097495	10.261370
19743		0.657080	-2.095408	10.286505
19744		0.679200	-2.097062	10.303588
19745		0.696017	-2.098918	10.308265
19746		0.708429	-2.100807	10.298333
19747		0.717955	-2.100352	10.275019
19748		0.728531	-2.097295	10.246246
19749		0.735141	-2.097531	10.213332
19750		0.740859	-2.099109	10.173862
19751		0.746384	-2.102076	10.141476
19752		0.751874	-2.099438	10.111789
19753		0.758777	-2.096543	10.091667
19754		0.765782	-2.093125	10.073542
19755		0.773490	-2.090535	10.065290
19756		0.784262	-2.092525	10.065766
19757		0.793823	-2.097098	10.073295
19758		0.803697	-2.097976	10.088143
19759		0.815477	-2.103704	10.094589
19760		0.825839	-2.110237	10.099255
19761		0.835530	-2.114781	10.098861
19762		0.846604	-2.119555	10.101127
19763		0.853337	-2.124038	10.103689
19764		0.857737	-2.123980	10.100986
19765		0.854593	-2.124352	10.105055
19766		0.851437	-2.125657	10.103526
19767		0.845509	-2.125172	10.101513
19768		0.837995	-2.131598	10.088889
19769		0.829233	-2.133264	10.071590
19770		0.823076	-2.135301	10.047412
19771		0.816806	-2.132840	10.026958
19772		0.810584	-2.132683	10.008219
19773		0.803552	-2.132059	9.990758
19774		0.792755	-2.135594	9.976538
19775		0.783885	-2.145409	9.969374
19776		0.770576	-2.155372	9.965285
19777		0.756209	-2.167052	9.968811
19778		0.743537	-2.173758	9.976421
19779		0.731223	-2.178522	9.984575
19780		0.717574	-2.184171	9.993426
19781		0.704137	-2.189446	10.006679
19782		0.688249	-2.193864	10.021889
19783		0.672654	-2.197923	10.041982
19784		0.657242	-2.197538	10.073460
19785		0.641478	-2.198656	10.104923
19786		0.626670	-2.197438	10.134403
19787		0.609592	-2.193275	10.166349
19788		0.591294	-2.189988	10.194821
19789		0.573539	-2.186837	10.234400
19790		0.555605	-2.187652	10.277257
19791		0.538647	-2.186318	10.317273
19792		0.523943	-2.188603	10.350359
19793		0.513212	-2.189481	10.383473
19794		0.503077	-2.186032	10.409745
19795		0.493133	-2.179948	10.434179
19796		0.484683	-2.169892	10.449013
19797		0.474641	-2.164616	10.468813
19798		0.464318	-2.158977	10.485568
19799		0.454379	-2.151459	10.502001
19800		0.444796	-2.147105	10.508237
19801		0.436327	-2.144094	10.515151
19802		0.427019	-2.144711	10.514784
19803		0.417335	-2.140158	10.506165
19804		0.404666	-2.136757	10.480963
19805		0.389061	-2.138835	10.453084
19806		0.373189	-2.140539	10.419450
19807		0.357984	-2.149150	10.381486
19808		0.339360	-2.158136	10.340453
19809		0.322664	-2.167535	10.298266
19810		0.307480	-2.174899	10.258416
19811		0.292133	-2.181459	10.219274
19812		0.278840	-2.185037	10.178388
19813		0.265721	-2.189077	10.140480
19814		0.252571	-2.195387	10.112276
19815		0.240891	-2.199453	10.079728
19816		0.230539	-2.202315	10.046786
19817		0.223269	-2.209455	10.013202
19818		0.220642	-2.214597	9.975052
19819		0.220309	-2.216947	9.939540
19820		0.223605	-2.217697	9.903411
19821		0.224577	-2.211922	9.878908
19822		0.227179	-2.206202	9.858825
19823		0.225687	-2.199226	9.851244
19824		0.223219	-2.191300	9.852655
19825		0.219755	-2.186589	9.861101
19826		0.220385	-2.188195	9.872286
19827		0.225686	-2.191788	9.882018
19828		0.236968	-2.201574	9.885003
19829		0.254956	-2.219769	9.890140
19830		0.280170	-2.238293	9.900966
19831		0.310259	-2.257179	9.918342
19832		0.339516	-2.279681	9.934807
19833		0.369963	-2.305169	9.942093
19834		0.399472	-2.322572	9.935597
19835		0.426507	-2.334397	9.921687
