// General information: 
//  MT Manager version: 2021.4.0 
//  XDA version: 2021.4.0 build 6323 rev 112641 built on 2021-09-28
// Device information: 
//  DeviceId: 00B43773
//  ProductCode: MTW2-3A7G6
//  Firmware Version: 4.3.4
//  Hardware Version: 1.1.0
// Device settings: 
//  Filter Profile: human(46.1)
//  Option Flags: Orientation Smoother Disabled, Position/Velocity Smoother Disabled, Continuous Zero Rotation Update Disabled, AHS Disabled, ICC Disabled
// Coordinate system: ENU
PacketCounter	Roll	Pitch	Yaw
34726	-13.069679	7.734082	24.070437
34727	-13.090412	7.456157	24.056974
34728	-12.660519	6.871562	24.099419
34729	-10.459335	5.442016	24.662636
34730	-8.400521	3.339092	25.038162
34731	-7.333068	2.678879	25.207426
34732	-6.783064	3.208125	24.816491
34733	-6.122100	3.144477	24.332613
34734	-5.413851	2.869901	24.135779
34735	-4.520139	2.655260	23.985393
34736	-3.575738	2.511061	23.822099
34737	-2.814839	2.540835	23.754065
34738	-2.258331	2.668402	23.772239
34739	-1.862249	2.806471	23.818793
34740	-1.545439	2.888948	23.878569
34741	-1.301684	2.907095	23.930711
34742	-1.107507	2.903327	23.990159
34743	-1.049571	2.851207	24.065568
34744	-1.113106	2.725083	24.152864
34745	-1.228708	2.565452	24.244837
34746	-1.330662	2.323645	24.296199
34747	-1.391365	2.080681	24.331191
34748	-1.444622	1.801924	24.356439
34749	-1.517006	1.499886	24.375369
34750	-1.577856	1.167591	24.383985
34751	-1.629605	0.794901	24.364674
34752	-1.704541	0.349256	24.321132
34753	-1.791381	-0.152402	24.259098
34754	-1.875331	-0.743850	24.206409
34755	-1.960227	-1.402863	24.155539
34756	-2.030603	-2.130975	24.105910
34757	-2.080809	-2.891372	24.030692
34758	-2.115319	-3.668045	23.947568
34759	-2.155327	-4.436965	23.878093
34760	-2.179272	-5.211877	23.813044
34761	-2.181528	-5.969838	23.736113
34762	-2.159262	-6.700565	23.643078
34763	-2.116093	-7.366809	23.538126
34764	-2.048432	-7.986318	23.428107
34765	-1.980426	-8.551652	23.312217
34766	-1.909891	-9.077018	23.185360
34767	-1.865527	-9.547819	23.059431
34768	-1.842508	-9.968811	22.943115
34769	-1.853438	-10.331138	22.855387
34770	-1.867484	-10.670253	22.799309
34771	-1.886816	-10.993960	22.766962
34772	-1.898521	-11.321467	22.743268
34773	-1.888330	-11.638152	22.723450
34774	-1.845216	-11.968970	22.706334
34775	-1.773451	-12.324656	22.678492
34776	-1.680582	-12.737882	22.641794
34777	-1.560609	-13.205037	22.591798
34778	-1.404336	-13.752388	22.515538
34779	-1.232204	-14.383972	22.417156
34780	-1.045320	-15.134400	22.304771
34781	-0.852607	-16.026266	22.182687
34782	-0.649908	-17.092131	22.036935
34783	-0.444241	-18.331161	21.861228
34784	-0.243888	-19.786751	21.645504
34785	-0.102403	-21.475241	21.404886
34786	0.017710	-23.542919	21.090826
34787	0.043389	-25.984651	20.759615
34788	0.141631	-28.737510	20.332011
34789	0.330404	-31.969337	19.945016
34790	0.578195	-35.641255	19.567768
34791	1.207368	-39.878712	19.003453
34792	2.320400	-44.258986	18.175443
34793	4.092128	-48.325455	17.050102
34794	6.395825	-51.908730	15.553526
34795	8.960251	-55.132858	13.635795
34796	11.841789	-58.245134	11.215440
34797	14.788233	-61.022992	8.599378
34798	16.765455	-62.886643	6.919786
34799	17.116278	-63.154796	6.608929
34800	16.783520	-62.460545	7.077661
34801	16.650140	-61.542079	7.498638
34802	16.879708	-60.526919	7.449224
34803	17.213549	-59.335242	7.104639
34804	17.343868	-57.840121	6.904574
34805	17.198588	-56.035158	7.040575
34806	16.741587	-53.942387	7.544222
34807	16.079115	-51.656791	8.229534
34808	15.221330	-49.239466	9.008932
34809	14.214600	-46.757958	9.813981
34810	13.028932	-44.193748	10.665119
34811	11.740525	-41.594629	11.494659
34812	10.380139	-38.956521	12.282659
34813	9.002844	-36.322604	13.015140
34814	7.562277	-33.623761	13.723805
34815	6.055760	-30.855171	14.378585
34816	4.499517	-27.984031	14.983099
34817	2.960206	-25.102609	15.512610
34818	1.456260	-22.209633	15.960558
34819	0.033024	-19.412150	16.289617
34820	-1.332293	-16.711715	16.515743
34821	-2.627376	-14.124512	16.695355
34822	-3.867242	-11.632078	16.921582
34823	-5.050354	-9.297448	17.247325
34824	-6.211449	-7.105698	17.678396
34825	-7.322730	-5.102879	18.200931
34826	-8.348815	-3.240294	18.790711
34827	-9.251110	-1.520308	19.430949
34828	-10.041052	0.060434	20.092731
34829	-10.731623	1.448943	20.740413
34830	-11.345801	2.655045	21.334386
34831	-11.896304	3.657529	21.822698
34832	-12.393655	4.486589	22.175178
34833	-12.818730	5.138035	22.384571
34834	-13.188267	5.617011	22.471243
34835	-13.512505	5.902503	22.459443
34836	-13.790685	5.995584	22.382433
34837	-14.043519	5.934812	22.269198
34838	-14.110606	5.716385	22.197039
34839	-13.723841	5.262964	22.277052
34840	-11.572274	4.087764	22.849023
34841	-9.069028	2.618729	23.009889
34842	-7.685069	2.460506	23.072931
34843	-7.087882	3.118665	22.923358
34844	-6.610591	3.235982	22.742579
34845	-6.083464	3.167184	22.648986
34846	-5.393597	2.953103	22.577735
34847	-4.669612	2.826378	22.499764
34848	-4.034388	2.815018	22.454275
34849	-3.586287	2.883032	22.473365
34850	-3.307220	2.946295	22.522185
34851	-3.116700	2.998377	22.589034
34852	-2.941029	3.010426	22.631365
34853	-2.786966	3.030208	22.672111
34854	-2.691941	3.008289	22.730104
34855	-2.680880	2.943002	22.796804
34856	-2.730840	2.797750	22.850273
34857	-2.830891	2.633453	22.902174
34858	-2.898798	2.446690	22.933462
34859	-2.955700	2.255368	22.960987
34860	-3.015085	2.038607	22.975430
34861	-3.090985	1.799206	22.976215
34862	-3.160491	1.542059	22.968098
34863	-3.257081	1.272358	22.946029
34864	-3.394319	0.966944	22.913102
34865	-3.577046	0.627862	22.868582
34866	-3.837847	0.212318	22.789560
34867	-4.026607	-0.282894	22.723006
34868	-4.212180	-0.821409	22.640064
34869	-4.369127	-1.382286	22.579271
34870	-4.521668	-1.973409	22.536316
34871	-4.661538	-2.588875	22.510432
34872	-4.784886	-3.230088	22.483868
34873	-4.871680	-3.864074	22.460088
34874	-4.934166	-4.487238	22.430425
34875	-4.975810	-5.088983	22.394346
34876	-4.983550	-5.687816	22.353586
34877	-4.974722	-6.268926	22.296956
34878	-4.936472	-6.832817	22.223865
34879	-4.872684	-7.368109	22.150497
34880	-4.796749	-7.890982	22.076435
34881	-4.705138	-8.394597	21.994146
34882	-4.603785	-8.890960	21.909267
34883	-4.488947	-9.358328	21.822282
34884	-4.366618	-9.826939	21.740597
34885	-4.254633	-10.292587	21.668537
34886	-4.145323	-10.774069	21.605132
34887	-4.043507	-11.260553	21.542255
34888	-3.949438	-11.770938	21.489100
34889	-3.872080	-12.301106	21.444840
34890	-3.814724	-12.880664	21.407964
34891	-3.765847	-13.514583	21.371871
34892	-3.721523	-14.226244	21.335742
34893	-3.682220	-15.015332	21.298023
34894	-3.643147	-15.906640	21.262404
34895	-3.612666	-16.927548	21.221745
34896	-3.600394	-18.092590	21.164625
34897	-3.584678	-19.405821	21.102092
34898	-3.584701	-20.904644	21.026014
34899	-3.627429	-22.630558	20.954669
34900	-3.635175	-24.662550	20.868217
34901	-3.649966	-27.040041	20.834140
34902	-3.582139	-29.790740	20.768479
34903	-3.406229	-32.955553	20.701150
34904	-3.032116	-36.600660	20.551336
34905	-2.327053	-40.679789	20.169369
34906	-1.173207	-44.999057	19.421474
34907	0.554548	-49.214149	18.230777
34908	2.817752	-52.965662	16.785083
34909	5.338876	-56.288984	15.023308
34910	8.113588	-59.508645	12.772612
34911	11.103837	-62.515984	10.042386
34912	13.364900	-64.834206	8.045838
34913	13.843083	-65.993794	7.960245
34914	12.889396	-65.925130	9.494435
34915	11.823105	-65.478514	11.208367
34916	11.206438	-64.892272	12.175026
34917	11.069441	-64.145817	12.288649
34918	11.046988	-63.076453	12.211982
34919	10.988860	-61.652318	12.308005
34920	10.761507	-59.875296	12.710609
34921	10.399430	-57.865176	13.262066
34922	9.894379	-55.682585	13.864570
34923	9.279597	-53.410362	14.449575
34924	8.466051	-51.005860	15.118298
34925	7.492462	-48.490066	15.901313
34926	6.394738	-45.854759	16.812727
34927	5.237798	-43.150965	17.782472
34928	4.038273	-40.336571	18.742385
34929	2.830050	-37.446552	19.602194
34930	1.617643	-34.407172	20.334194
34931	0.437145	-31.233016	20.898476
34932	-0.687955	-27.930048	21.253682
34933	-1.721867	-24.603049	21.380829
34934	-2.672556	-21.267184	21.313037
34935	-3.536319	-18.004155	21.135593
34936	-4.401504	-14.839015	20.962962
34937	-5.274846	-11.856528	20.921920
34938	-6.166635	-9.063653	21.110111
34939	-7.056663	-6.496629	21.558501
34940	-7.936312	-4.119894	22.232659
34941	-8.769689	-1.982622	23.059553
34942	-9.541541	-0.096096	23.951437
34943	-10.221915	1.502194	24.813696
34944	-10.845578	2.858335	25.556137
34945	-11.429721	3.992393	26.099153
34946	-12.020345	4.916037	26.381952
34947	-12.577521	5.581898	26.392133
34948	-13.084709	6.001767	26.174000
34949	-13.559067	6.197003	25.769889
34950	-14.028037	6.202663	25.231012
34951	-14.471228	6.053435	24.610464
34952	-14.766249	5.759089	24.005852
34953	-14.669399	5.283916	23.547265
34954	-13.878783	4.573303	23.330125
34955	-10.936052	3.183235	23.673218
34956	-8.248317	2.062941	23.551500
34957	-7.019940	2.354421	23.323421
34958	-6.629987	3.038998	23.094080
34959	-6.355401	3.267955	22.970385
34960	-5.905925	3.294536	22.928220
34961	-5.315612	3.190862	22.916935
34962	-4.711071	3.139040	22.861106
34963	-4.194115	3.151553	22.812986
34964	-3.859217	3.190357	22.827658
34965	-3.627017	3.234032	22.835972
34966	-3.418179	3.270946	22.836259
34967	-3.228472	3.314239	22.837214
34968	-3.040697	3.337842	22.843380
34969	-2.916309	3.334331	22.870317
34970	-2.842053	3.281972	22.917138
34971	-2.789693	3.183702	22.961869
34972	-2.735099	3.071694	23.017609
34973	-2.667953	2.971206	23.074472
34974	-2.600767	2.833942	23.136273
34975	-2.530226	2.684183	23.188443
34976	-2.451846	2.495361	23.221198
34977	-2.362553	2.307416	23.247026
34978	-2.290919	2.093615	23.270530
34979	-2.241825	1.867907	23.283308
34980	-2.200446	1.624319	23.290994
34981	-2.161054	1.348599	23.276920
34982	-2.078432	1.025856	23.243735
34983	-1.984280	0.685963	23.180476
34984	-1.910411	0.303892	23.108898
34985	-1.871217	-0.138985	23.010579
34986	-1.848177	-0.637515	22.912556
34987	-1.834969	-1.166104	22.813582
34988	-1.831489	-1.727376	22.740685
34989	-1.844592	-2.313946	22.685260
34990	-1.858706	-2.938439	22.635633
34991	-1.863065	-3.589733	22.584455
34992	-1.855080	-4.257038	22.527723
34993	-1.856429	-4.914986	22.476808
34994	-1.874660	-5.581134	22.438443
34995	-1.897090	-6.245203	22.404643
34996	-1.909992	-6.919271	22.360045
34997	-1.907821	-7.589476	22.303290
34998	-1.875325	-8.274204	22.239254
34999	-1.814959	-8.969679	22.163120
35000	-1.724912	-9.698136	22.071078
35001	-1.621218	-10.452769	21.957883
35002	-1.503105	-11.244343	21.836355
35003	-1.379946	-12.070609	21.716536
35004	-1.247192	-12.964141	21.587799
35005	-1.101795	-13.921730	21.444303
35006	-0.948509	-14.977189	21.280885
35007	-0.807938	-16.122805	21.103960
35008	-0.651561	-17.398596	20.909931
35009	-0.510837	-18.822929	20.716889
35010	-0.376168	-20.438680	20.489888
35011	-0.216519	-22.265743	20.237198
35012	0.012278	-24.399924	19.902539
35013	0.281858	-26.912138	19.539986
35014	0.728199	-29.751774	19.084811
35015	1.401650	-33.018288	18.540017
35016	2.256136	-36.653527	17.862307
35017	3.539170	-40.660984	16.921307
35018	5.293102	-44.862898	15.611129
35019	7.535387	-48.877222	13.964504
35020	10.225979	-52.460500	11.983419
35021	13.158703	-55.701778	9.542035
35022	16.346993	-58.791289	6.446637
35023	19.664028	-61.550488	3.048694
35024	21.677612	-63.267085	1.227101
35025	21.239081	-63.720250	1.917794
35026	19.661929	-63.454378	4.042409
35027	17.975357	-62.983153	6.179919
35028	16.595186	-62.366664	7.645903
35029	15.529491	-61.577357	8.500736
35030	14.630537	-60.524716	9.220159
35031	13.802613	-59.171504	10.069873
35032	12.939188	-57.488634	11.113004
35033	12.040900	-55.523273	12.198357
35034	11.086943	-53.291291	13.225791
35035	10.134438	-50.878520	14.108281
35036	9.160325	-48.299457	14.892883
35037	8.190335	-45.616328	15.611378
35038	7.204199	-42.821074	16.318472
35039	6.216305	-39.942085	16.986170
35040	5.188977	-36.930489	17.589091
35041	4.141579	-33.817678	18.101579
35042	3.080304	-30.599035	18.526623
35043	2.056406	-27.369069	18.858637
35044	1.053137	-24.126602	19.115571
35045	0.068143	-20.951732	19.295154
35046	-0.945692	-17.843872	19.406845
35047	-1.978911	-14.890728	19.482746
35048	-3.030676	-12.107660	19.597754
35049	-4.106336	-9.527667	19.815943
35050	-5.229403	-7.094567	20.163468
35051	-6.355755	-4.834347	20.655879
35052	-7.461803	-2.732244	21.287909
35053	-8.494564	-0.828677	22.029532
35054	-9.450219	0.905817	22.849861
35055	-10.289977	2.449333	23.733615
35056	-11.029776	3.821554	24.656904
35057	-11.660175	4.965643	25.571220
35058	-12.278225	5.869623	26.378993
35059	-12.855454	6.544346	27.013856
35060	-13.325069	7.045430	27.470146
35061	-13.695757	7.392216	27.737259
35062	-14.055085	7.579639	27.789787
35063	-14.392524	7.547161	27.658077
35064	-14.662529	7.267673	27.397074
35065	-14.591473	6.703653	27.172479
35066	-13.878037	5.797435	27.177243
35067	-10.987226	4.125881	27.876504
35068	-8.014525	2.479442	28.193236
35069	-6.443656	2.908430	27.888936
35070	-5.522904	3.534276	27.621145
35071	-5.091001	3.705462	27.686562
35072	-4.470384	3.844011	27.645706
35073	-3.768315	3.785184	27.563831
35074	-3.153421	3.770678	27.537981
35075	-2.709726	3.783140	27.529676
35076	-2.510403	3.757602	27.543900
35077	-2.476894	3.730072	27.577226
35078	-2.503291	3.679094	27.620013
35079	-2.576537	3.626547	27.629970
35080	-2.659282	3.542435	27.663437
35081	-2.779952	3.424624	27.695911
35082	-2.928976	3.281571	27.718538
35083	-3.098656	3.111563	27.747642
35084	-3.233947	2.939423	27.769789
35085	-3.307307	2.757642	27.766931
35086	-3.323528	2.552311	27.752309
35087	-3.316521	2.338623	27.729358
35088	-3.306790	2.109323	27.698264
35089	-3.302916	1.868900	27.661058
35090	-3.278078	1.596292	27.613921
35091	-3.269872	1.310286	27.543632
35092	-3.279467	0.999625	27.453331
35093	-3.257093	0.666787	27.350920
35094	-3.239746	0.307452	27.234956
35095	-3.192358	-0.064197	27.106328
35096	-3.154219	-0.450361	26.983664
35097	-3.128801	-0.831548	26.875263
35098	-3.123578	-1.223988	26.792785
35099	-3.142332	-1.614579	26.723669
35100	-3.185775	-2.012961	26.675567
35101	-3.264722	-2.404268	26.642751
35102	-3.348508	-2.795751	26.618457
35103	-3.435889	-3.170676	26.601479
35104	-3.526302	-3.541523	26.601672
35105	-3.631670	-3.902737	26.602662
35106	-3.736871	-4.272420	26.604612
35107	-3.820630	-4.629162	26.608807
35108	-3.876433	-4.994487	26.611720
35109	-3.903051	-5.360508	26.616237
35110	-3.898603	-5.755767	26.610565
35111	-3.870524	-6.170121	26.580906
35112	-3.807745	-6.615503	26.532255
35113	-3.710285	-7.093691	26.475281
35114	-3.596087	-7.623462	26.413548
35115	-3.470312	-8.217426	26.339968
35116	-3.343109	-8.886617	26.255644
35117	-3.215502	-9.620271	26.153622
35118	-3.088137	-10.431796	26.056142
35119	-2.972006	-11.334870	25.954099
35120	-2.860193	-12.360668	25.841224
35121	-2.760072	-13.506651	25.715446
35122	-2.670370	-14.790276	25.580775
35123	-2.602895	-16.212110	25.440337
35124	-2.569569	-17.826279	25.288760
35125	-2.575876	-19.631485	25.113201
35126	-2.577805	-21.737420	24.909895
35127	-2.590175	-24.139577	24.715589
35128	-2.564586	-26.848662	24.531433
35129	-2.365794	-29.910241	24.316155
35130	-2.091615	-33.378064	24.116477
35131	-1.670696	-37.264784	23.786655
35132	-0.867391	-41.558645	23.353751
35133	0.209124	-45.956817	22.619914
35134	1.705097	-50.261848	21.577484
35135	3.558769	-54.156111	20.316973
35136	5.541903	-57.614677	18.847797
35137	7.684877	-60.715305	17.137322
35138	9.971297	-63.593939	14.930057
35139	11.797118	-65.760801	12.921941
35140	11.858349	-66.761458	12.962352
35141	10.624320	-66.313406	14.576851
35142	9.419394	-65.478142	16.280183
35143	8.813852	-64.571305	17.107955
35144	8.681415	-63.477815	17.052213
35145	8.684415	-62.025229	16.773232
35146	8.646647	-60.154659	16.711084
35147	8.576506	-57.965367	16.873092
35148	8.431695	-55.538234	17.138223
35149	8.214193	-52.999141	17.347607
35150	7.846211	-50.355797	17.538136
35151	7.330502	-47.651877	17.748499
35152	6.667806	-44.882788	18.033578
35153	5.903035	-42.101281	18.364258
35154	5.050888	-39.307100	18.718924
35155	4.161163	-36.533813	19.087607
35156	3.224367	-33.733514	19.489712
35157	2.231846	-30.915920	19.888220
35158	1.154730	-28.012310	20.263592
35159	0.043274	-25.076312	20.589437
35160	-1.058651	-22.124722	20.848157
35161	-2.111113	-19.239616	21.037041
35162	-3.151283	-16.412503	21.177349
35163	-4.194774	-13.679953	21.291690
35164	-5.265606	-11.011868	21.430146
35165	-6.308800	-8.453664	21.666400
35166	-7.312403	-6.015608	22.047350
35167	-8.274565	-3.753183	22.562715
35168	-9.207092	-1.633738	23.183860
35169	-10.071410	0.304623	23.879046
35170	-10.849741	2.044512	24.576012
35171	-11.580642	3.516910	25.148848
35172	-12.279939	4.729319	25.504493
35173	-12.914906	5.681977	25.612419
35174	-13.476759	6.383196	25.493349
35175	-13.953326	6.824285	25.190180
35176	-14.245070	7.002719	24.794558
35177	-14.055565	6.869327	24.471808
35178	-12.878704	6.290598	24.430675
35179	-10.519357	4.668937	24.407029
35180	-8.804120	3.246094	24.378555
35181	-8.253852	3.461441	24.527321
35182	-7.785590	3.911461	24.464494
35183	-7.080652	3.542688	24.331339
35184	-6.327524	3.145724	24.257725
35185	-5.621019	2.829536	24.149182
35186	-5.110414	2.666539	24.036483
35187	-4.760912	2.592305	23.965780
35188	-4.557366	2.534986	23.913475
35189	-4.471734	2.518434	23.898560
35190	-4.444749	2.495901	23.891936
35191	-4.471721	2.471719	23.894954
35192	-4.542537	2.442018	23.900310
35193	-4.675049	2.401041	23.921492
35194	-4.806867	2.342094	23.947925
35195	-4.933997	2.327295	23.983965
35196	-5.010103	2.292214	24.021965
35197	-5.043475	2.279303	24.069710
35198	-5.042196	2.253524	24.122266
35199	-4.986893	2.225954	24.179608
35200	-4.854529	2.202936	24.235236
35201	-4.697445	2.161679	24.292103
35202	-4.535750	2.072288	24.339346
35203	-4.373554	1.982155	24.369519
35204	-4.222616	1.862280	24.385290
35205	-4.114710	1.722582	24.383396
35206	-4.016307	1.534438	24.375026
35207	-3.929088	1.340466	24.335708
35208	-3.845874	1.138803	24.268537
35209	-3.797546	0.936878	24.196840
35210	-3.733467	0.699636	24.112647
35211	-3.659173	0.455033	24.021025
35212	-3.609504	0.202854	23.924915
35213	-3.582730	-0.045014	23.845334
35214	-3.557952	-0.316156	23.776544
35215	-3.549397	-0.601144	23.719996
35216	-3.534355	-0.919588	23.671088
35217	-3.507666	-1.244479	23.625111
35218	-3.478041	-1.584560	23.579360
35219	-3.442463	-1.936118	23.547580
35220	-3.394030	-2.320763	23.520191
35221	-3.333297	-2.732926	23.488495
35222	-3.246251	-3.173029	23.452854
35223	-3.136610	-3.630452	23.410038
35224	-3.006449	-4.131033	23.363181
35225	-2.857936	-4.666757	23.301493
35226	-2.692904	-5.257954	23.232925
35227	-2.527509	-5.886180	23.166036
35228	-2.350862	-6.565729	23.101466
35229	-2.178360	-7.295672	23.033908
35230	-2.008387	-8.106716	22.958004
35231	-1.851077	-8.999864	22.867724
35232	-1.672901	-9.998478	22.769378
35233	-1.495248	-11.108772	22.664057
35234	-1.314127	-12.375859	22.544213
35235	-1.151879	-13.810268	22.415991
35236	-0.996505	-15.507049	22.262872
35237	-0.835446	-17.508043	22.055485
35238	-0.686986	-19.755461	21.826163
35239	-0.365942	-22.342430	21.488218
35240	0.064474	-25.359209	21.117155
35241	0.656449	-28.791563	20.536503
35242	1.632852	-32.743797	19.773901
35243	2.981966	-37.020307	18.741454
35244	4.760397	-41.396140	17.272570
35245	7.025615	-45.581905	15.617805
35246	9.625498	-49.429755	13.691890
35247	12.224526	-52.921421	11.435503
35248	14.888407	-56.108980	8.735906
35249	17.973128	-59.152493	5.409852
35250	20.070708	-61.088771	3.580324
35251	19.764094	-61.634595	4.286557
35252	18.148198	-61.153198	6.484902
35253	16.322156	-60.293502	8.736091
35254	14.846742	-59.258083	10.272745
35255	13.879095	-58.097674	10.969815
35256	13.335609	-56.743065	11.197148
35257	13.072633	-55.129649	11.294515
35258	12.863793	-53.167991	11.483936
35259	12.586352	-50.909391	11.747801
35260	12.162922	-48.429672	12.057139
35261	11.608932	-45.875830	12.374375
35262	10.890381	-43.280760	12.749069
35263	10.003863	-40.678766	13.230800
35264	8.942787	-38.035015	13.870010
35265	7.774538	-35.371711	14.621778
35266	6.502346	-32.645568	15.445113
35267	5.169576	-29.875488	16.240968
35268	3.802093	-27.046356	16.958095
35269	2.467715	-24.196303	17.539305
35270	1.183665	-21.275913	17.959902
35271	-0.016002	-18.312449	18.217876
35272	-1.147292	-15.330203	18.335335
35273	-2.232096	-12.464017	18.389704
35274	-3.329797	-9.752088	18.487386
35275	-4.460265	-7.228345	18.719793
35276	-5.642218	-4.838842	19.148058
35277	-6.809904	-2.593280	19.816420
35278	-7.934069	-0.460063	20.705649
35279	-8.994629	1.522039	21.753727
35280	-9.987305	3.371795	22.856333
35281	-10.844849	5.036034	23.930067
35282	-11.581609	6.480709	24.833596
35283	-12.162784	7.653088	25.460306
35284	-12.601984	8.572231	25.775105
35285	-12.977616	9.251783	25.773448
35286	-13.167628	9.622462	25.577611
35287	-13.112190	9.622040	25.298034
35288	-12.772184	9.252047	25.038382
35289	-11.117664	8.242412	25.278250
35290	-9.438413	6.446641	25.677424
35291	-8.775405	4.858991	26.277651
35292	-8.469654	4.060806	26.618914
35293	-7.943882	4.030203	26.359699
35294	-7.052596	3.552638	25.962547
35295	-6.196375	3.062382	25.841744
35296	-5.266197	2.901543	25.701292
35297	-4.452763	2.805464	25.545430
35298	-3.852333	2.824498	25.509110
35299	-3.377312	2.936594	25.525111
35300	-2.976643	3.071541	25.545599
35301	-2.649857	3.165504	25.586041
35302	-2.380988	3.209336	25.618181
35303	-2.186439	3.233114	25.667401
35304	-2.094766	3.199020	25.720938
35305	-2.086921	3.127931	25.780891
35306	-2.109498	2.997112	25.837207
35307	-2.139561	2.863041	25.879592
35308	-2.154626	2.688017	25.908042
35309	-2.170524	2.504567	25.937651
35310	-2.183578	2.302562	25.960169
35311	-2.209603	2.100345	25.976175
35312	-2.249488	1.881279	25.992879
35313	-2.301557	1.646847	25.996516
35314	-2.346095	1.386531	25.989385
35315	-2.387136	1.114242	25.957093
35316	-2.383479	0.787519	25.902760
35317	-2.391368	0.418831	25.811577
35318	-2.389834	0.004905	25.681240
35319	-2.380753	-0.436015	25.558516
35320	-2.374703	-0.903726	25.439659
35321	-2.367172	-1.390232	25.339116
35322	-2.364419	-1.900189	25.242027
35323	-2.355000	-2.397333	25.165813
35324	-2.331989	-2.894665	25.104134
35325	-2.314081	-3.383663	25.047898
35326	-2.285640	-3.879321	24.999872
35327	-2.266255	-4.350071	24.955187
35328	-2.240051	-4.800479	24.915768
35329	-2.240317	-5.216684	24.883412
35330	-2.266763	-5.628023	24.857288
35331	-2.296405	-6.021914	24.846780
35332	-2.312108	-6.415852	24.843108
35333	-2.346332	-6.801169	24.850750
35334	-2.376249	-7.217987	24.869659
35335	-2.402637	-7.659747	24.897983
35336	-2.434006	-8.148879	24.927165
35337	-2.452536	-8.674521	24.946447
35338	-2.460526	-9.256719	24.953966
35339	-2.452307	-9.892440	24.943727
35340	-2.419989	-10.621432	24.904649
35341	-2.377408	-11.433115	24.841500
35342	-2.318658	-12.346603	24.763303
35343	-2.256240	-13.366341	24.675141
35344	-2.191876	-14.527831	24.571703
35345	-2.131728	-15.855599	24.445399
35346	-2.068784	-17.369284	24.295127
35347	-2.004538	-19.089630	24.106416
35348	-1.938452	-21.098717	23.874591
35349	-1.866062	-23.435505	23.652798
35350	-1.754924	-26.115596	23.423475
35351	-1.487591	-29.144145	23.128553
35352	-1.123382	-32.622737	22.825486
35353	-0.584728	-36.548889	22.349375
35354	0.476199	-40.965614	21.699558
35355	1.878266	-45.525875	20.744826
35356	3.662176	-50.019722	19.513764
35357	5.873277	-54.116433	17.931302
35358	8.459015	-57.785509	15.875201
35359	11.384511	-61.072105	13.453954
35360	14.754029	-64.234327	10.314056
35361	17.884101	-66.815865	7.341757
35362	18.841304	-68.034920	6.423883
35363	17.727079	-67.695434	7.553234
35364	16.324836	-66.860947	9.168621
35365	15.517651	-65.896584	10.024269
35366	15.227609	-64.761267	10.016360
35367	15.048791	-63.372086	9.775687
35368	14.672006	-61.656550	9.858796
35369	14.059547	-59.640463	10.391354
35370	13.223205	-57.341698	11.275460
35371	12.263027	-54.885491	12.274328
35372	11.212072	-52.322418	13.253109
35373	10.092107	-49.724512	14.161137
35374	8.862953	-47.080341	15.045017
35375	7.566223	-44.420905	15.914830
35376	6.205742	-41.669717	16.814294
35377	4.848442	-38.839364	17.726891
35378	3.499004	-35.903318	18.656584
35379	2.202579	-32.911287	19.558296
35380	0.953059	-29.848044	20.388868
35381	-0.225455	-26.773557	21.082864
35382	-1.315897	-23.652250	21.627347
35383	-2.290992	-20.557756	22.012590
35384	-3.202233	-17.512227	22.262646
35385	-4.083246	-14.582942	22.449841
35386	-4.943908	-11.776500	22.698945
35387	-5.749743	-9.143801	23.080853
35388	-6.535088	-6.679663	23.605941
35389	-7.300481	-4.435387	24.231011
35390	-8.075496	-2.410672	24.881358
35391	-8.808598	-0.623227	25.502041
35392	-9.495439	0.956122	26.022115
35393	-10.171037	2.324206	26.369093
35394	-10.917460	3.509710	26.486497
35395	-11.705340	4.488552	26.356861
35396	-12.422529	5.263479	26.039945
35397	-13.000873	5.862862	25.607063
35398	-13.469589	6.325816	25.103528
35399	-13.824073	6.637569	24.571451
35400	-14.056861	6.804319	24.045394
35401	-14.201476	6.855276	23.551639
35402	-13.880262	6.724713	23.259485
35403	-12.021747	6.079928	23.655089
35404	-9.532137	4.028200	24.126976
35405	-8.279516	2.971611	24.653009
35406	-7.795384	3.565884	24.574262
35407	-7.119387	3.734032	24.277193
35408	-6.510576	3.259610	24.214908
35409	-5.837347	2.991153	24.148965
35410	-5.252842	2.730431	24.003893
35411	-4.839240	2.630221	23.911463
35412	-4.526851	2.615553	23.849413
35413	-4.362151	2.633875	23.829162
35414	-4.259208	2.683953	23.818292
35415	-4.224470	2.676847	23.810632
35416	-4.214385	2.647713	23.789478
35417	-4.240466	2.593153	23.763693
35418	-4.283557	2.536343	23.755620
35419	-4.320104	2.447849	23.734664
35420	-4.335946	2.325682	23.726685
35421	-4.315549	2.212200	23.725572
35422	-4.253296	2.104374	23.752064
35423	-4.177268	2.021218	23.800477
35424	-4.083514	1.928890	23.862957
35425	-3.968894	1.847755	23.925844
35426	-3.866976	1.735781	23.974869
35427	-3.810342	1.582630	24.012621
35428	-3.768015	1.399849	24.034016
35429	-3.748153	1.186799	24.038272
35430	-3.748730	0.921622	24.019369
35431	-3.743834	0.611086	23.961549
35432	-3.665799	0.271223	23.897274
35433	-3.621117	-0.078446	23.815610
35434	-3.581074	-0.461331	23.752451
35435	-3.533577	-0.856052	23.687015
35436	-3.471691	-1.269859	23.620406
35437	-3.420847	-1.670548	23.561745
35438	-3.362512	-2.077652	23.522592
35439	-3.314473	-2.478047	23.483758
35440	-3.254166	-2.878041	23.448722
35441	-3.199229	-3.266190	23.416403
35442	-3.124665	-3.658942	23.380451
35443	-3.031042	-4.041312	23.345838
35444	-2.919248	-4.445261	23.302007
35445	-2.796555	-4.852627	23.249191
35446	-2.660229	-5.292978	23.184639
35447	-2.516922	-5.753054	23.113661
35448	-2.357658	-6.246667	23.033537
35449	-2.201725	-6.780606	22.953434
35450	-2.055318	-7.370288	22.870997
35451	-1.920369	-8.015107	22.784271
35452	-1.804518	-8.730531	22.701831
35453	-1.708419	-9.493712	22.626918
35454	-1.640081	-10.335113	22.553127
35455	-1.619115	-11.261916	22.478742
35456	-1.617820	-12.300720	22.410061
35457	-1.616992	-13.442111	22.340019
35458	-1.623856	-14.703322	22.280021
35459	-1.651707	-16.090656	22.227201
35460	-1.699988	-17.658753	22.165630
35461	-1.756506	-19.395773	22.074567
35462	-1.780379	-21.436694	21.961651
35463	-1.783916	-23.762781	21.853805
35464	-1.683917	-26.356748	21.702158
35465	-1.426504	-29.351960	21.531777
35466	-0.991947	-32.760946	21.265124
35467	-0.255033	-36.618424	20.694309
35468	1.042949	-40.914104	19.871539
35469	2.770819	-45.331596	18.662640
35470	4.969457	-49.588916	17.061581
35471	7.662685	-53.402835	15.106677
35472	10.675941	-56.763243	12.788450
35473	13.938907	-59.818224	10.085146
35474	17.461786	-62.639148	6.866177
35475	20.092410	-64.490730	4.438199
35476	20.419201	-64.797666	4.034740
35477	19.757365	-64.132903	4.845916
35478	19.138127	-63.248439	5.650260
35479	18.936110	-62.307208	5.785880
35480	18.916710	-61.221916	5.391409
35481	18.787958	-59.889882	5.035638
35482	18.383946	-58.277942	5.110363
35483	17.709413	-56.459525	5.657520
35484	16.755550	-54.469910	6.582300
35485	15.628652	-52.389639	7.663708
35486	14.327957	-50.212197	8.794489
35487	12.850160	-47.920363	9.926569
35488	11.194551	-45.464021	11.060016
35489	9.505902	-42.908511	12.145978
35490	7.868279	-40.282988	13.164598
35491	6.337876	-37.631659	14.078276
35492	4.861373	-34.860165	14.893490
35493	3.447566	-31.948248	15.560665
35494	2.115230	-28.894895	16.067352
35495	0.909664	-25.794491	16.382739
35496	-0.188923	-22.681724	16.521775
35497	-1.201579	-19.641393	16.523664
35498	-2.190855	-16.672564	16.462217
35499	-3.181796	-13.861860	16.430053
35500	-4.183209	-11.224154	16.517402
35501	-5.196129	-8.797636	16.771349
35502	-6.252396	-6.525659	17.177066
35503	-7.286276	-4.438640	17.720528
35504	-8.259961	-2.513640	18.397447
35505	-9.170967	-0.753864	19.159436
35506	-10.048557	0.882831	19.953317
35507	-10.864702	2.378918	20.752669
35508	-11.594500	3.726094	21.538541
35509	-12.231054	4.865542	22.284219
35510	-12.837043	5.779743	22.931155
35511	-13.464363	6.447352	23.400933
35512	-14.080746	6.905910	23.664074
35513	-14.653582	7.180739	23.714933
35514	-15.064222	7.249786	23.592979
35515	-15.067681	7.029071	23.429403
35516	-13.445108	6.255692	23.749837
35517	-10.629463	4.287060	24.061615
35518	-8.745772	2.853185	24.224166
35519	-8.237626	3.118443	24.292285
35520	-7.745812	3.638097	24.089888
35521	-7.156093	3.406500	24.024714
35522	-6.441010	3.186862	24.056159
35523	-5.672569	3.003661	24.004148
35524	-5.106272	2.981760	23.983370
35525	-4.755820	3.072886	24.012695
35526	-4.577052	3.130795	24.050994
35527	-4.471349	3.191749	24.096144
35528	-4.387786	3.184981	24.110259
35529	-4.301455	3.167402	24.104911
35530	-4.269506	3.117943	24.120965
35531	-4.334349	3.025739	24.145738
35532	-4.463335	2.911444	24.182619
35533	-4.624807	2.767843	24.218071
35534	-4.763744	2.596945	24.258837
35535	-4.866184	2.431256	24.283438
35536	-4.934031	2.234025	24.302116
35537	-4.992493	2.040922	24.312158
35538	-5.051059	1.833098	24.308731
35539	-5.126123	1.607531	24.295728
35540	-5.231971	1.338458	24.266544
35541	-5.374879	1.039423	24.210377
35542	-5.545448	0.694989	24.123184
35543	-5.778421	0.310205	24.030592
35544	-5.941921	-0.118252	23.952106
35545	-6.077204	-0.551222	23.887334
35546	-6.230126	-0.997923	23.831624
35547	-6.377998	-1.442365	23.795910
35548	-6.517380	-1.904954	23.766947
35549	-6.624539	-2.364682	23.732034
35550	-6.675367	-2.832122	23.699783
35551	-6.707924	-3.288477	23.655392
35552	-6.700863	-3.741756	23.609290
35553	-6.675032	-4.152603	23.562726
35554	-6.649913	-4.546816	23.532310
35555	-6.638943	-4.917464	23.501377
35556	-6.633982	-5.275857	23.475398
35557	-6.637669	-5.602123	23.448354
35558	-6.657304	-5.915876	23.436200
35559	-6.689965	-6.220774	23.432617
35560	-6.706441	-6.565127	23.427321
35561	-6.703729	-6.935632	23.419152
35562	-6.664764	-7.350738	23.401839
35563	-6.596673	-7.794964	23.381899
35564	-6.500772	-8.303287	23.356117
35565	-6.382510	-8.883206	23.316765
35566	-6.233613	-9.549340	23.257489
35567	-6.056342	-10.282758	23.182556
35568	-5.869598	-11.107438	23.098708
35569	-5.698092	-12.028238	23.020171
35570	-5.535962	-13.089348	22.928905
35571	-5.393477	-14.275395	22.833743
35572	-5.267760	-15.624239	22.737974
35573	-5.165417	-17.150944	22.662443
35574	-5.103786	-18.906764	22.604029
35575	-5.052691	-20.984494	22.534130
35576	-5.009411	-23.423496	22.440957
35577	-4.923779	-26.217891	22.330734
35578	-4.721102	-29.462759	22.183079
35579	-4.425135	-33.191846	22.002784
35580	-3.806476	-37.365462	21.695347
35581	-2.866982	-41.873639	21.210988
35582	-1.500964	-46.345978	20.430570
35583	0.465292	-50.566763	19.273026
35584	2.890087	-54.324080	17.682345
35585	5.600617	-57.712220	15.667824
35586	8.621211	-60.813358	13.190216
35587	11.781402	-63.741620	10.223042
35588	13.850859	-65.613487	8.231981
35589	14.001038	-65.919107	8.196522
35590	13.362715	-65.201583	9.169640
35591	12.872679	-64.271323	10.068384
35592	12.870271	-63.292574	10.247326
35593	13.095170	-62.194228	9.935724
35594	13.153767	-60.824503	9.731670
35595	12.931228	-59.142599	9.924655
35596	12.414772	-57.159062	10.570192
35597	11.714855	-54.992406	11.457288
35598	10.875011	-52.708105	12.411532
35599	9.913545	-50.376017	13.331722
35600	8.799596	-47.948621	14.209703
35601	7.555443	-45.434927	15.062244
35602	6.239618	-42.825750	15.908197
35603	4.939324	-40.159303	16.765155
35604	3.658237	-37.404872	17.623446
35605	2.392704	-34.598384	18.400706
35606	1.088564	-31.678742	19.071289
35607	-0.224785	-28.669854	19.623386
35608	-1.481774	-25.567476	20.075721
35609	-2.603913	-22.489118	20.433642
35610	-3.638501	-19.464781	20.695369
35611	-4.637768	-16.543658	20.866326
35612	-5.639376	-13.684888	20.995166
35613	-6.605093	-10.939956	21.122733
35614	-7.523991	-8.334788	21.289578
35615	-8.381384	-5.945741	21.532677
35616	-9.192740	-3.741554	21.891628
35617	-9.955698	-1.724987	22.381576
35618	-10.678368	0.145099	23.016139
35619	-11.353128	1.846806	23.791053
35620	-12.024503	3.387785	24.639681
35621	-12.694843	4.716735	25.450171
35622	-13.279425	5.835181	26.159051
35623	-13.721867	6.728067	26.710242
35624	-14.072324	7.397651	27.045057
35625	-14.364528	7.812489	27.131139
35626	-14.605656	7.976783	26.996290
35627	-14.799983	7.930383	26.696313
35628	-14.983544	7.747419	26.291228
35629	-15.157905	7.459542	25.847239
35630	-15.260081	7.049911	25.455837
35631	-14.623353	6.402578	25.447266
35632	-11.674589	4.839457	26.284988
35633	-9.203665	3.515980	26.804845
35634	-8.181287	3.739582	26.853538
35635	-7.539227	4.256984	26.625039
35636	-7.038819	4.020175	26.478733
35637	-6.469065	3.638824	26.430713
35638	-5.813083	3.314608	26.348233
35639	-5.271062	3.082579	26.251345
35640	-4.879216	2.969672	26.181193
35641	-4.659946	2.973374	26.157266
35642	-4.582118	3.024309	26.182283
35643	-4.555091	3.071678	26.205604
35644	-4.575383	3.049402	26.227564
35645	-4.659324	3.011709	26.251767
35646	-4.797762	2.942912	26.303037
35647	-4.972954	2.898354	26.366413
35648	-5.136403	2.792046	26.413671
35649	-5.274222	2.686167	26.467054
35650	-5.379276	2.568155	26.528877
35651	-5.458123	2.450970	26.591207
35652	-5.504886	2.315752	26.650941
35653	-5.546750	2.177864	26.698406
35654	-5.585821	2.002315	26.735011
35655	-5.625316	1.777708	26.758053
35656	-5.663865	1.505509	26.759310
35657	-5.679263	1.225447	26.747927
35658	-5.678245	0.902854	26.716446
35659	-5.677076	0.535523	26.672350
35660	-5.656353	0.119038	26.595445
35661	-5.525405	-0.310732	26.530298
35662	-5.407431	-0.739282	26.456790
35663	-5.262504	-1.169349	26.400276
35664	-5.130760	-1.606132	26.346389
35665	-5.001256	-2.045632	26.295143
35666	-4.863678	-2.504550	26.251391
35667	-4.712225	-2.958758	26.197208
35668	-4.546570	-3.407299	26.143326
35669	-4.385639	-3.836071	26.088291
35670	-4.238699	-4.260986	26.038563
35671	-4.094868	-4.678262	25.982705
35672	-3.950391	-5.098401	25.931960
35673	-3.818544	-5.498919	25.888104
35674	-3.699143	-5.905301	25.852156
35675	-3.583552	-6.318527	25.816838
35676	-3.465913	-6.756202	25.768853
35677	-3.340931	-7.205228	25.706923
35678	-3.212460	-7.686410	25.637731
35679	-3.087644	-8.198037	25.572010
35680	-2.967599	-8.784034	25.498128
35681	-2.850480	-9.431849	25.413354
35682	-2.721711	-10.156687	25.312273
35683	-2.599631	-10.952758	25.207002
35684	-2.483289	-11.853893	25.101988
35685	-2.371787	-12.859513	24.988176
35686	-2.251439	-13.976320	24.849362
35687	-2.146401	-15.197703	24.696201
35688	-2.065734	-16.556473	24.533872
35689	-2.019163	-18.061670	24.367845
35690	-1.978529	-19.764240	24.187000
35691	-1.924466	-21.689448	23.969866
35692	-1.849962	-23.882679	23.736240
35693	-1.825684	-26.339126	23.518527
35694	-1.679359	-29.063775	23.254573
35695	-1.457983	-32.189306	23.065997
35696	-1.128127	-35.665759	22.765393
35697	-0.503115	-39.555815	22.302361
35698	0.469611	-43.700000	21.657279
35699	1.740544	-47.840616	20.793336
35700	3.338276	-51.793547	19.711802
35701	5.278668	-55.409376	18.267397
35702	7.615882	-58.722600	16.403974
35703	10.317308	-61.700424	14.193919
35704	13.509846	-64.545562	11.296807
35705	16.559192	-66.922405	8.490585
35706	17.675941	-68.085061	7.590984
35707	16.425672	-67.541417	9.072905
35708	14.839253	-66.425840	11.098985
35709	13.898715	-65.241673	12.265914
35710	13.610511	-63.971667	12.348724
35711	13.674160	-62.503107	11.844029
35712	13.773337	-60.730691	11.378654
35713	13.761208	-58.657702	11.230898
35714	13.514185	-56.315364	11.435402
35715	13.061866	-53.825072	11.823076
35716	12.426949	-51.251950	12.275456
35717	11.623718	-48.658789	12.742878
35718	10.609354	-46.014464	13.257489
35719	9.402872	-43.329568	13.818516
35720	8.034967	-40.553905	14.443178
35721	6.616372	-37.767617	15.095715
35722	5.186282	-34.980556	15.768118
35723	3.789409	-32.203009	16.428670
35724	2.396811	-29.362537	17.040354
35725	1.027090	-26.463183	17.559694
35726	-0.300830	-23.513999	17.938367
35727	-1.521262	-20.614553	18.141426
35728	-2.657314	-17.773971	18.217320
35729	-3.719348	-15.051464	18.222211
35730	-4.758554	-12.434614	18.242426
35731	-5.786658	-9.959589	18.337692
35732	-6.822428	-7.602525	18.550176
35733	-7.849543	-5.391726	18.902916
35734	-8.894825	-3.297173	19.397541
35735	-9.915383	-1.339958	20.016243
35736	-10.842012	0.497653	20.771306
35737	-11.631438	2.179003	21.648856
35738	-12.395394	3.711345	22.537512
35739	-13.107823	5.063949	23.325497
35740	-13.653143	6.219262	23.982539
35741	-14.001548	7.144054	24.483687
35742	-14.239301	7.829607	24.788482
35743	-14.414616	8.243037	24.904174
35744	-14.567789	8.430089	24.874971
35745	-14.727203	8.450898	24.742063
35746	-14.853354	8.332792	24.569130
35747	-14.630885	7.949856	24.524369
35748	-13.192976	7.048225	25.006939
35749	-10.753592	4.918561	25.672891
35750	-9.009885	3.126853	26.371540
35751	-8.037076	3.236241	26.368832
35752	-7.062153	3.694637	25.971542
35753	-6.309589	3.407502	25.840425
35754	-5.486440	3.326204	25.775433
35755	-4.638989	3.218389	25.657184
35756	-3.966026	3.217732	25.606538
35757	-3.429706	3.362933	25.595931
35758	-3.076508	3.507314	25.623614
35759	-2.823931	3.673675	25.678491
35760	-2.637825	3.752295	25.714335
35761	-2.487427	3.788380	25.743359
35762	-2.387699	3.803932	25.776102
35763	-2.401657	3.750110	25.815793
35764	-2.474581	3.661649	25.860646
35765	-2.588051	3.517691	25.886226
35766	-2.680078	3.359313	25.893610
35767	-2.778116	3.202012	25.904918
35768	-2.891964	3.016547	25.923265
35769	-3.016967	2.825560	25.942802
35770	-3.113951	2.626854	25.953144
35771	-3.215419	2.430433	25.957592
35772	-3.324923	2.202974	25.954771
35773	-3.429586	1.969351	25.942193
35774	-3.521839	1.716857	25.917558
35775	-3.615477	1.446166	25.864290
35776	-3.684261	1.136733	25.773173
35777	-3.689017	0.802402	25.646327
35778	-3.689216	0.452890	25.500960
35779	-3.659752	0.078103	25.372005
35780	-3.614146	-0.321266	25.247694
35781	-3.539745	-0.725205	25.132239
35782	-3.454970	-1.136919	25.032098
35783	-3.372402	-1.550976	24.951152
35784	-3.296632	-1.982398	24.886093
35785	-3.214409	-2.420673	24.821290
35786	-3.122862	-2.865583	24.758056
35787	-3.021764	-3.290324	24.703630
35788	-2.916959	-3.708318	24.662475
35789	-2.812071	-4.122049	24.627027
35790	-2.702575	-4.546810	24.591186
35791	-2.600681	-4.981697	24.544926
35792	-2.497575	-5.432419	24.503678
35793	-2.394086	-5.903478	24.465280
35794	-2.288021	-6.425080	24.424634
35795	-2.190578	-7.001503	24.378891
35796	-2.090664	-7.642030	24.330733
35797	-2.000664	-8.339812	24.281876
35798	-1.920060	-9.117390	24.237231
35799	-1.849205	-9.987073	24.197012
35800	-1.779293	-10.963735	24.139446
35801	-1.714002	-12.061013	24.064881
35802	-1.638277	-13.287156	23.971604
35803	-1.568887	-14.646956	23.870544
35804	-1.517484	-16.196988	23.747086
35805	-1.478659	-17.945402	23.587617
35806	-1.415183	-19.989601	23.383727
35807	-1.287752	-22.368536	23.121956
35808	-1.076381	-25.038522	22.827432
35809	-0.636800	-28.022093	22.375670
35810	-0.075062	-31.465148	21.900037
35811	0.715115	-35.271885	21.260062
35812	1.947682	-39.512645	20.393992
35813	3.623772	-43.882750	19.182905
35814	5.711322	-48.065317	17.654530
35815	8.158897	-51.827090	15.881863
35816	10.807042	-55.231414	13.742149
35817	13.702715	-58.404301	11.159084
35818	16.716480	-61.314368	8.220986
35819	18.910216	-63.228266	6.000718
35820	19.092980	-63.676090	5.694047
35821	18.320327	-63.089809	6.622925
35822	17.498360	-62.162918	7.739961
35823	17.047360	-61.100882	8.294602
35824	16.846546	-59.895026	8.285161
35825	16.686372	-58.485962	8.159052
35826	16.397584	-56.815080	8.294203
35827	15.912023	-54.894480	8.803220
35828	15.193608	-52.761751	9.598832
35829	14.288900	-50.495247	10.485268
35830	13.218084	-48.134168	11.366056
35831	12.007624	-45.708324	12.223759
35832	10.657031	-43.198639	13.085635
35833	9.246808	-40.652021	13.950569
35834	7.800090	-38.066048	14.863097
35835	6.347775	-35.455479	15.805060
35836	4.878827	-32.784074	16.730696
35837	3.415032	-30.044409	17.575780
35838	1.959744	-27.198916	18.294971
35839	0.574333	-24.299071	18.818444
35840	-0.716034	-21.394385	19.144719
35841	-1.904434	-18.573596	19.311242
35842	-3.027770	-15.832511	19.417393
35843	-4.119529	-13.206726	19.545284
35844	-5.241151	-10.691736	19.717665
35845	-6.373101	-8.315812	19.942947
35846	-7.472223	-6.063754	20.252845
35847	-8.532679	-3.949363	20.658386
35848	-9.565456	-1.941480	21.145462
35849	-10.527028	-0.071690	21.713399
35850	-11.385290	1.639748	22.348243
35851	-12.130772	3.162599	23.015040
35852	-12.805705	4.494023	23.638841
35853	-13.430897	5.620209	24.138460
35854	-13.956513	6.559869	24.492999
35855	-14.345225	7.310300	24.704280
35856	-14.629358	7.861417	24.785608
35857	-14.840860	8.193903	24.744429
35858	-14.925743	8.304525	24.642910
35859	-14.701342	8.157186	24.578436
35860	-14.066463	7.737329	24.609073
35861	-11.953776	6.585569	25.065061
35862	-9.846620	4.619705	25.335206
35863	-8.695551	3.372648	25.589681
35864	-8.151551	3.525818	25.565936
35865	-7.508390	3.832125	25.234024
35866	-6.783172	3.432928	25.062246
35867	-6.085540	3.199351	25.048651
35868	-5.362350	3.023322	24.964296
35869	-4.833351	2.945506	24.886118
35870	-4.493690	2.928105	24.872141
35871	-4.298152	2.925617	24.868642
35872	-4.177740	2.932677	24.879630
35873	-4.115755	2.901750	24.868325
35874	-4.079942	2.851986	24.857800
35875	-4.068755	2.787884	24.851828
35876	-4.073042	2.700486	24.854513
35877	-4.073176	2.626347	24.864676
35878	-4.068685	2.548389	24.885556
35879	-4.033336	2.495025	24.920267
35880	-3.970888	2.421652	24.972440
35881	-3.902107	2.351469	25.034411
35882	-3.828015	2.272880	25.103819
35883	-3.756189	2.199069	25.171970
35884	-3.692800	2.083775	25.235963
35885	-3.647766	1.936284	25.283710
35886	-3.615837	1.765162	25.313018
35887	-3.603225	1.585255	25.333707
35888	-3.594936	1.385337	25.340663
35889	-3.566338	1.167143	25.320401
35890	-3.540876	0.929075	25.259427
35891	-3.485881	0.667983	25.186536
35892	-3.455769	0.385971	25.101538
35893	-3.414978	0.082080	25.018999
35894	-3.370548	-0.240999	24.939512
35895	-3.321808	-0.579069	24.868851
35896	-3.270542	-0.931044	24.801849
35897	-3.217974	-1.294875	24.743070
35898	-3.173690	-1.660988	24.696040
35899	-3.128061	-2.047821	24.656687
35900	-3.096287	-2.457585	24.621756
35901	-3.067361	-2.879521	24.582745
35902	-3.037920	-3.304388	24.545472
35903	-2.996429	-3.734105	24.515219
35904	-2.951011	-4.183696	24.492342
35905	-2.894905	-4.652373	24.463689
35906	-2.821477	-5.139840	24.428253
35907	-2.736489	-5.629208	24.393904
35908	-2.634113	-6.145243	24.349076
35909	-2.523169	-6.697860	24.290875
35910	-2.398646	-7.298696	24.211094
35911	-2.269217	-7.943871	24.113842
35912	-2.125778	-8.632568	24.006620
35913	-1.981717	-9.389619	23.893679
35914	-1.840743	-10.242367	23.773385
35915	-1.689815	-11.194979	23.628989
35916	-1.534976	-12.269991	23.465703
35917	-1.386849	-13.466208	23.299759
35918	-1.232531	-14.815802	23.129411
35919	-1.107813	-16.354181	22.938719
35920	-0.997211	-18.110184	22.721249
35921	-0.843882	-20.171582	22.467040
35922	-0.662392	-22.548219	22.189518
35923	-0.415267	-25.183833	21.876519
35924	0.047114	-28.193686	21.451008
35925	0.656636	-31.646953	20.918366
35926	1.601224	-35.495201	20.176061
35927	2.938506	-39.747560	19.132158
35928	4.732827	-44.117065	17.740559
35929	6.903556	-48.350747	16.081727
35930	9.416395	-52.264788	14.116342
35931	12.152674	-55.772362	11.693475
35932	15.081058	-58.899992	8.841444
35933	18.497557	-61.845728	5.250219
35934	22.186680	-64.260156	1.660816
35935	23.615420	-65.437836	0.602547
35936	22.478088	-65.226353	2.064491
35937	20.500629	-64.386325	4.485918
35938	18.683215	-63.356917	6.515840
35939	17.397425	-62.257180	7.688350
35940	16.562063	-61.057763	8.242922
35941	16.039325	-59.687503	8.565039
35942	15.629779	-58.087974	8.959600
35943	15.210742	-56.257768	9.472767
35944	14.671957	-54.208497	10.090157
35945	13.976481	-51.981670	10.744203
35946	13.069581	-49.573200	11.440307
35947	11.989626	-47.003048	12.146936
35948	10.777352	-44.286941	12.872566
35949	9.499894	-41.482870	13.631044
35950	8.184103	-38.607068	14.410623
35951	6.845168	-35.685678	15.183155
35952	5.483642	-32.699085	15.933654
35953	4.122850	-29.668501	16.636696
35954	2.772818	-26.611591	17.252998
35955	1.464249	-23.586694	17.764462
35956	0.203674	-20.594021	18.197710
35957	-0.998285	-17.683516	18.564727
35958	-2.163919	-14.868550	18.877605
35959	-3.301791	-12.196322	19.159925
35960	-4.443677	-9.684353	19.471045
35961	-5.589481	-7.334059	19.867859
35962	-6.740692	-5.121554	20.382465
35963	-7.879886	-3.054582	21.004838
35964	-9.011496	-1.123620	21.684898
35965	-10.070763	0.662615	22.397973
35966	-11.027408	2.307280	23.121514
35967	-11.918079	3.771604	23.779627
35968	-12.749847	5.013321	24.289535
35969	-13.445109	6.005862	24.625597
35970	-13.978892	6.770541	24.783320
35971	-14.396004	7.301568	24.782261
35972	-14.722411	7.595137	24.673342
35973	-14.932633	7.677712	24.533695
35974	-14.802344	7.528037	24.497415
35975	-14.211467	7.091026	24.628708
35976	-11.965465	5.750263	25.161132
35977	-9.659731	3.823239	25.410737
35978	-8.221745	3.227715	25.600869
35979	-7.484329	3.950314	25.459779
35980	-6.581072	4.113373	25.273851
35981	-5.857627	3.951095	25.234537
35982	-5.084759	3.845722	25.203231
35983	-4.357501	3.774071	25.130419
35984	-3.766934	3.821171	25.107963
35985	-3.337098	3.904607	25.108540
35986	-3.038948	3.974481	25.123022
35987	-2.835598	4.033061	25.151999
35988	-2.698185	4.039876	25.172838
35989	-2.605690	4.034306	25.196591
35990	-2.608911	3.970814	25.229420
35991	-2.661603	3.855228	25.265403
35992	-2.740706	3.722459	25.288134
35993	-2.838249	3.531305	25.296680
35994	-2.907553	3.315155	25.311105
35995	-2.962071	3.087724	25.310081
35996	-2.982362	2.839565	25.308033
35997	-2.974908	2.603523	25.298536
35998	-2.965987	2.348333	25.278365
35999	-2.965706	2.073787	25.260238
36000	-2.967526	1.768935	25.230298
36001	-2.981651	1.452376	25.197503
36002	-3.002408	1.113782	25.144303
36003	-2.995984	0.742924	25.083522
36004	-2.975571	0.325420	24.997164
36005	-2.939561	-0.121840	24.905640
36006	-2.908158	-0.576063	24.825507
36007	-2.877024	-1.033850	24.752470
36008	-2.848056	-1.492198	24.693159
36009	-2.828570	-1.948053	24.639706
36010	-2.807901	-2.418366	24.587834
36011	-2.787422	-2.884187	24.542107
36012	-2.763090	-3.327030	24.495633
36013	-2.732408	-3.742813	24.444212
36014	-2.712500	-4.152070	24.399217
36015	-2.685741	-4.542579	24.346754
36016	-2.646759	-4.917920	24.294138
36017	-2.607904	-5.272713	24.236492
36018	-2.573628	-5.627276	24.193645
36019	-2.547232	-5.991173	24.160716
36020	-2.520867	-6.386333	24.126849
36021	-2.490421	-6.796580	24.093829
36022	-2.442834	-7.242446	24.055587
36023	-2.387945	-7.726382	24.018151
36024	-2.308712	-8.275480	23.971661
36025	-2.216590	-8.889281	23.912753
36026	-2.110204	-9.578657	23.847597
36027	-1.989569	-10.335056	23.782361
36028	-1.862996	-11.196032	23.707618
36029	-1.733267	-12.181358	23.615756
36030	-1.588695	-13.306528	23.489036
36031	-1.431427	-14.572691	23.346774
36032	-1.278804	-16.017842	23.178682
36033	-1.150969	-17.665560	22.982370
36034	-1.029583	-19.591190	22.725033
36035	-0.870647	-21.852209	22.433350
36036	-0.651821	-24.448515	22.126594
36037	-0.332695	-27.358511	21.769991
36038	0.231528	-30.690874	21.308779
36039	1.004637	-34.444554	20.767417
36040	2.130867	-38.568995	19.966245
36041	3.747440	-42.936958	18.831410
36042	5.759269	-47.167748	17.406044
36043	8.179755	-51.105371	15.725653
36044	10.782569	-54.622808	13.660442
36045	13.529944	-57.789061	11.217033
36046	16.612270	-60.831349	8.148026
36047	19.659417	-63.296762	5.155478
36048	20.452167	-64.370078	4.577932
36049	19.178044	-64.031223	6.106459
36050	17.378284	-63.065405	8.398318
36051	15.880469	-61.946037	10.238034
36052	14.889041	-60.713291	11.176898
36053	14.216858	-59.300881	11.530488
36054	13.691911	-57.634393	11.737546
36055	13.201007	-55.717540	12.079051
36056	12.643438	-53.573438	12.660303
36057	12.010696	-51.259938	13.353823
36058	11.282566	-48.830397	14.037900
36059	10.426188	-46.323793	14.660859
36060	9.414801	-43.694612	15.247087
36061	8.314982	-40.991298	15.812385
36062	7.185098	-38.220950	16.385634
36063	6.062340	-35.430158	16.987425
36064	4.948800	-32.613534	17.601153
36065	3.811704	-29.790644	18.202616
36066	2.622604	-26.937981	18.740620
36067	1.404478	-24.102124	19.172579
36068	0.195136	-21.305468	19.499714
36069	-0.947838	-18.599559	19.749358
36070	-2.041009	-15.955952	19.964706
36071	-3.112650	-13.387576	20.149235
36072	-4.198126	-10.885279	20.319133
36073	-5.261150	-8.501994	20.529554
36074	-6.323366	-6.222089	20.820146
36075	-7.391326	-4.062137	21.190364
36076	-8.438539	-2.012156	21.640398
36077	-9.419908	-0.109839	22.155681
36078	-10.321830	1.636668	22.709199
36079	-11.141409	3.186337	23.266318
36080	-11.896168	4.522891	23.810045
36081	-12.639091	5.626599	24.289460
36082	-13.391940	6.511945	24.644234
36083	-14.077866	7.178469	24.873648
36084	-14.677047	7.648707	24.970786
36085	-15.212530	7.926115	24.926246
36086	-15.683084	8.010642	24.750643
36087	-16.040342	7.926551	24.492447
36088	-16.257943	7.704138	24.205850
36089	-16.000132	7.308431	24.082183
36090	-14.832065	6.641030	24.326428
36091	-12.127939	5.149838	24.923021
36092	-9.830281	3.925157	25.412623
36093	-8.748935	3.949438	25.552501
36094	-8.025328	4.238466	25.416055
36095	-7.315326	4.109751	25.245711
36096	-6.670414	3.891462	25.183994
36097	-5.995004	3.733539	25.107191
36098	-5.351761	3.605513	24.977472
36099	-4.816132	3.552428	24.894955
36100	-4.378367	3.541866	24.835068
36101	-4.041863	3.582208	24.806557
36102	-3.764848	3.619712	24.777571
36103	-3.533644	3.646544	24.756291
36104	-3.358833	3.627165	24.736700
36105	-3.265554	3.574567	24.735261
36106	-3.215758	3.500320	24.739390
36107	-3.217143	3.411222	24.758709
36108	-3.220835	3.300781	24.772466
36109	-3.217112	3.175055	24.794105
36110	-3.202369	3.049996	24.822699
36111	-3.195189	2.915822	24.853463
36112	-3.183110	2.771732	24.886291
36113	-3.175786	2.623142	24.909224
36114	-3.179139	2.452989	24.931595
36115	-3.203134	2.270563	24.944479
36116	-3.238206	2.080477	24.952941
36117	-3.277065	1.878434	24.954705
36118	-3.297249	1.646930	24.938983
36119	-3.289898	1.403788	24.887707
36120	-3.254663	1.146668	24.824779
36121	-3.217543	0.879728	24.755511
36122	-3.172658	0.600843	24.678119
36123	-3.112063	0.318541	24.591284
36124	-3.037555	0.020099	24.505067
36125	-2.958056	-0.294999	24.421692
36126	-2.878581	-0.619162	24.345185
36127	-2.790836	-0.944229	24.278137
36128	-2.698637	-1.290451	24.224058
36129	-2.602663	-1.647215	24.173726
36130	-2.493820	-2.024564	24.116503
36131	-2.371608	-2.398595	24.053620
36132	-2.231118	-2.780140	23.993082
36133	-2.097612	-3.178824	23.935307
36134	-1.968252	-3.612244	23.873087
36135	-1.848265	-4.074810	23.814211
36136	-1.721321	-4.572462	23.757941
36137	-1.605943	-5.115087	23.707011
36138	-1.497732	-5.714630	23.664090
36139	-1.396360	-6.389991	23.620750
36140	-1.305387	-7.149982	23.570361
36141	-1.219622	-7.988263	23.515741
36142	-1.148311	-8.931493	23.459381
36143	-1.087392	-10.008252	23.403910
36144	-1.032718	-11.241690	23.325979
36145	-0.977118	-12.627692	23.229644
36146	-0.907415	-14.196009	23.117229
36147	-0.842099	-16.023364	22.989639
36148	-0.775897	-18.195324	22.837229
36149	-0.735317	-20.633688	22.679848
36150	-0.507906	-23.423675	22.403017
36151	-0.225332	-26.645611	22.104598
36152	0.284357	-30.285077	21.586003
36153	1.261219	-34.447413	20.818179
36154	2.786402	-38.992042	19.583196
36155	4.893279	-43.452029	17.879383
36156	7.387178	-47.510333	16.000206
36157	10.083231	-51.120829	13.954752
36158	12.805697	-54.431993	11.588756
36159	15.587866	-57.541691	8.776858
36160	17.746215	-59.672036	6.664986
36161	18.132246	-60.502766	6.334517
36162	17.513395	-60.347497	7.152234
36163	16.774534	-59.877424	8.236358
36164	16.268434	-59.309121	8.826937
36165	15.964894	-58.630537	8.799434
36166	15.707876	-57.722303	8.569207
36167	15.390174	-56.536577	8.535583
36168	14.941761	-55.067380	8.880340
36169	14.353539	-53.399696	9.499957
36170	13.585209	-51.573199	10.243985
36171	12.632782	-49.618018	11.035728
36172	11.491693	-47.520921	11.880717
36173	10.227634	-45.298693	12.778359
36174	8.886124	-42.941686	13.748760
36175	7.542749	-40.481161	14.749519
36176	6.185088	-37.886594	15.735145
36177	4.845433	-35.165135	16.612931
36178	3.548546	-32.316609	17.373809
36179	2.356878	-29.387601	17.994116
36180	1.261748	-26.382730	18.474606
36181	0.234789	-23.361174	18.781975
36182	-0.779629	-20.317269	18.922098
36183	-1.787092	-17.288196	18.947037
36184	-2.801601	-14.295280	18.923765
36185	-3.813912	-11.412510	18.911274
36186	-4.836295	-8.674914	18.968836
36187	-5.852169	-6.132885	19.143846
36188	-6.865417	-3.760096	19.471674
36189	-7.863497	-1.565471	19.963007
36190	-8.864150	0.482586	20.602877
36191	-9.842508	2.380719	21.362763
36192	-10.744666	4.139650	22.247036
36193	-11.551100	5.730689	23.237098
36194	-12.329365	7.130190	24.266510
36195	-13.102076	8.260669	25.250576
36196	-13.845788	9.083584	26.107292
36197	-14.435663	9.596295	26.802385
36198	-14.841263	9.844525	27.283882
36199	-15.022967	9.826270	27.524947
36200	-14.971124	9.526122	27.533781
36201	-14.615367	8.922435	27.366658
36202	-13.232088	7.874906	27.360567
36203	-10.970906	6.087835	27.450043
36204	-8.924774	4.038592	27.584217
36205	-7.855341	3.405055	27.763096
36206	-7.375868	3.807876	27.531479
36207	-6.743475	3.710668	27.231484
36208	-6.086167	3.570009	27.113560
36209	-5.306164	3.438452	26.984049
36210	-4.511629	3.307429	26.845937
36211	-3.821339	3.290117	26.774202
36212	-3.239828	3.326992	26.728339
36213	-2.808858	3.387615	26.716264
36214	-2.475793	3.427141	26.712499
36215	-2.221489	3.436430	26.720970
36216	-2.016395	3.456058	26.732910
36217	-1.911497	3.451691	26.770081
36218	-1.912782	3.410750	26.820085
36219	-1.970728	3.315385	26.883696
36220	-2.017765	3.217238	26.934578
36221	-2.033593	3.109833	26.973249
36222	-2.038733	2.965437	27.008332
36223	-2.044264	2.806022	27.033603
36224	-2.030940	2.619572	27.051448
36225	-2.001840	2.439095	27.067383
36226	-1.990666	2.222106	27.070525
36227	-1.969648	1.972701	27.069052
36228	-1.916425	1.688918	27.056361
36229	-1.835127	1.371775	27.017436
36230	-1.715112	1.020756	26.944351
36231	-1.577390	0.647305	26.831711
36232	-1.423745	0.238870	26.695046
36233	-1.258311	-0.200522	26.562419
36234	-1.102117	-0.667696	26.426274
36235	-0.946806	-1.137708	26.297129
36236	-0.804543	-1.610677	26.169444
36237	-0.670170	-2.083707	26.051623
36238	-0.545592	-2.566842	25.942497
36239	-0.427296	-3.044192	25.834373
36240	-0.306053	-3.518268	25.726568
36241	-0.188659	-3.985218	25.614860
36242	-0.084284	-4.459038	25.513438
36243	0.014653	-4.930190	25.414617
36244	0.110157	-5.419714	25.311412
36245	0.195033	-5.919766	25.206767
36246	0.263596	-6.448158	25.113086
36247	0.299940	-7.020232	25.031119
36248	0.309156	-7.656778	24.968842
36249	0.294651	-8.366373	24.922653
36250	0.268127	-9.156360	24.888808
36251	0.236661	-10.028120	24.866310
36252	0.211617	-11.010729	24.842409
36253	0.197792	-12.106991	24.804656
36254	0.204441	-13.341610	24.743818
36255	0.230868	-14.715738	24.662772
36256	0.293344	-16.251028	24.548542
36257	0.366718	-17.982719	24.393893
36258	0.453387	-19.943505	24.181921
36259	0.603375	-22.209760	23.876693
36260	0.850261	-24.878124	23.481551
36261	1.112368	-27.839461	22.994866
36262	1.626064	-31.237657	22.320201
36263	2.321517	-35.110979	21.623633
36264	3.401898	-39.360960	20.522006
36265	5.042354	-43.747753	19.053554
36266	7.069710	-47.763894	17.487138
36267	9.469388	-51.388062	15.647746
36268	11.972075	-54.724450	13.398913
36269	14.648401	-57.767651	10.679066
36270	16.921298	-60.093188	8.406164
36271	17.919240	-61.366269	7.480605
36272	17.685410	-61.566380	7.861784
36273	17.290494	-61.321772	8.672786
36274	17.059010	-60.877758	9.108930
36275	16.983575	-60.187547	8.874593
36276	16.860050	-59.139308	8.315295
36277	16.628000	-57.720324	7.870869
36278	16.252113	-56.008883	7.850897
36279	15.720688	-54.140611	8.246428
36280	14.957863	-52.177120	8.954585
36281	13.957037	-50.149058	9.840792
36282	12.689172	-48.054467	10.834261
36283	11.242974	-45.892606	11.881617
36284	9.670898	-43.624237	13.003313
36285	8.047061	-41.233817	14.169940
36286	6.426573	-38.690571	15.336165
36287	4.872280	-36.012438	16.417536
36288	3.422475	-33.207604	17.347078
36289	2.121648	-30.319578	18.100868
36290	0.956946	-27.342728	18.671555
36291	-0.116610	-24.303439	19.068278
36292	-1.122875	-21.223310	19.322347
36293	-2.060660	-18.197356	19.505512
36294	-2.953784	-15.258654	19.680465
36295	-3.823362	-12.481236	19.887832
36296	-4.680465	-9.870319	20.180373
36297	-5.525175	-7.441796	20.561049
36298	-6.412488	-5.168166	20.994233
36299	-7.356353	-3.068037	21.426700
36300	-8.323881	-1.134977	21.835994
36301	-9.237311	0.608771	22.229323
36302	-10.098799	2.171816	22.600883
36303	-10.937480	3.525929	22.925126
36304	-11.761851	4.652143	23.189379
36305	-12.551636	5.512033	23.391323
36306	-13.283352	6.096826	23.529397
36307	-13.972845	6.395301	23.592183
36308	-14.694102	6.444673	23.550432
36309	-15.481176	6.282797	23.367699
36310	-16.060699	5.909348	23.118379
36311	-16.074771	5.313035	22.925980
36312	-15.093808	4.487683	22.864200
36313	-11.896582	3.142709	23.125128
36314	-8.999810	2.147388	22.795105
36315	-7.703877	2.408276	22.466268
36316	-7.488085	2.840333	22.258484
36317	-7.283332	2.958090	22.166279
36318	-6.681397	2.996675	22.042652
36319	-5.859972	2.866308	21.937934
36320	-4.979828	2.805413	21.814748
36321	-4.273100	2.794354	21.737406
36322	-3.807665	2.819828	21.709259
36323	-3.471402	2.848907	21.693437
36324	-3.180503	2.861806	21.685958
36325	-2.908694	2.874000	21.673626
36326	-2.708031	2.879371	21.678879
36327	-2.657441	2.858857	21.707239
36328	-2.703334	2.783294	21.751327
36329	-2.799421	2.710175	21.810129
36330	-2.881433	2.593855	21.845385
36331	-2.936750	2.443932	21.882613
36332	-2.982090	2.264670	21.919301
36333	-2.995927	2.068516	21.956362
36334	-2.978052	1.859361	21.985699
36335	-2.945423	1.639629	21.991810
36336	-2.869640	1.377713	21.987219
36337	-2.739779	1.080712	21.957480
36338	-2.583270	0.726795	21.904991
36339	-2.435768	0.314280	21.797871
36340	-2.307687	-0.177743	21.649837
36341	-2.142256	-0.705667	21.497645
36342	-1.961453	-1.255795	21.355993
36343	-1.790464	-1.822109	21.228089
36344	-1.631293	-2.419698	21.118813
36345	-1.483758	-3.026421	21.033058
36346	-1.341729	-3.639927	20.964352
36347	-1.200346	-4.240159	20.893129
36348	-1.054268	-4.835306	20.812164
36349	-0.916233	-5.412032	20.719151
36350	-0.776561	-5.972441	20.614783
36351	-0.657333	-6.501346	20.512880
36352	-0.564008	-7.027100	20.421334
36353	-0.502418	-7.546942	20.347855
36354	-0.474846	-8.073885	20.287010
36355	-0.464873	-8.613855	20.239504
36356	-0.468570	-9.185611	20.201621
36357	-0.479481	-9.802579	20.167788
36358	-0.481881	-10.492759	20.131187
36359	-0.479162	-11.242823	20.092823
36360	-0.454338	-12.070398	20.040426
36361	-0.410772	-12.983043	19.985191
36362	-0.337951	-14.005727	19.906345
36363	-0.223550	-15.153858	19.808702
36364	-0.060338	-16.439174	19.677474
36365	0.143819	-17.877889	19.496717
36366	0.404508	-19.498529	19.256920
36367	0.705377	-21.319052	18.954717
36368	1.033258	-23.373466	18.589557
36369	1.434621	-25.794608	18.094283
36370	1.877348	-28.599860	17.521505
36371	2.609918	-31.634992	16.786754
36372	3.502147	-35.071925	16.070951
36373	4.572844	-38.760816	15.123584
36374	6.146654	-42.667091	13.861635
36375	8.244468	-46.412418	12.360881
36376	10.881617	-49.852432	10.518791
36377	13.624063	-52.996752	8.341202
36378	16.533615	-56.075098	5.584880
36379	19.583003	-58.753422	2.691878
36380	21.598324	-60.433254	1.223940
36381	21.494715	-60.872809	1.808605
36382	20.648629	-60.619313	3.386204
36383	19.889496	-60.181358	4.911933
36384	19.366273	-59.531218	5.831219
36385	18.943466	-58.554797	6.174889
36386	18.516086	-57.170164	6.304038
36387	18.123213	-55.407356	6.413082
36388	17.730959	-53.327775	6.582932
36389	17.302317	-51.037153	6.811507
36390	16.747570	-48.608586	7.152008
36391	15.995257	-46.129206	7.649111
36392	14.979562	-43.600327	8.337141
36393	13.731521	-41.076506	9.184053
36394	12.271992	-38.560088	10.151878
36395	10.668493	-36.072961	11.179549
36396	8.965353	-33.569362	12.245424
36397	7.227845	-31.031812	13.316618
36398	5.454568	-28.392885	14.361141
36399	3.696387	-25.662128	15.302183
36400	1.996255	-22.847463	16.096666
36401	0.424214	-20.047477	16.727827
36402	-0.999370	-17.314950	17.240388
36403	-2.258699	-14.727724	17.724587
36404	-3.442515	-12.299593	18.271110
36405	-4.641266	-10.048982	18.885502
36406	-5.842372	-7.920650	19.588100
36407	-6.983678	-5.911286	20.381497
36408	-8.023761	-3.992606	21.229101
36409	-8.942702	-2.207605	22.092714
36410	-9.744641	-0.559241	22.908658
36411	-10.366994	0.906565	23.666785
36412	-10.757644	2.186120	24.372504
36413	-10.949575	3.245618	24.990403
36414	-11.067665	4.114634	25.460455
36415	-11.221117	4.809580	25.712044
36416	-11.353342	5.361624	25.763084
36417	-11.411213	5.781036	25.664362
36418	-11.432487	6.083883	25.431869
36419	-11.299670	6.209229	25.123772
36420	-10.816713	6.038987	24.873745
36421	-9.331021	5.263586	25.029618
36422	-7.997452	3.428669	25.154873
36423	-7.393926	2.716310	25.215128
36424	-6.998794	3.284378	24.817119
36425	-6.462035	3.337838	24.640389
36426	-5.807168	3.172878	24.600863
36427	-4.992950	2.907019	24.461173
36428	-4.177095	2.740662	24.288484
36429	-3.485662	2.735835	24.241191
36430	-2.938942	2.844646	24.229670
36431	-2.550052	2.908618	24.254434
36432	-2.219918	2.971120	24.294635
36433	-1.937302	3.031813	24.326244
36434	-1.703721	3.079413	24.374422
36435	-1.580574	3.090474	24.436034
36436	-1.552767	3.027334	24.508906
36437	-1.561973	2.962991	24.582448
36438	-1.565690	2.834419	24.624824
36439	-1.532320	2.695890	24.665863
36440	-1.473611	2.529355	24.691107
36441	-1.417569	2.336654	24.715068
36442	-1.343874	2.109906	24.733237
36443	-1.233125	1.856956	24.731598
36444	-1.102257	1.547792	24.715742
36445	-0.960695	1.211489	24.676829
36446	-0.834225	0.840571	24.614554
36447	-0.711300	0.431445	24.537798
36448	-0.601802	-0.065809	24.450966
36449	-0.496002	-0.629614	24.350387
36450	-0.385786	-1.224432	24.246584
36451	-0.291043	-1.832573	24.160102
36452	-0.204239	-2.475213	24.082384
36453	-0.122968	-3.127719	24.005006
36454	-0.037734	-3.807136	23.925042
36455	0.055882	-4.475630	23.845394
36456	0.169603	-5.137283	23.765180
36457	0.289260	-5.783827	23.675597
36458	0.426002	-6.431825	23.572464
36459	0.566473	-7.060639	23.442493
36460	0.715538	-7.684496	23.293548
36461	0.872640	-8.286450	23.142873
36462	1.035266	-8.900253	22.988777
36463	1.194558	-9.533916	22.832803
36464	1.359355	-10.206740	22.676826
36465	1.526534	-10.912819	22.524318
36466	1.702152	-11.676188	22.370565
36467	1.875316	-12.510604	22.224004
36468	2.037631	-13.430669	22.080092
36469	2.181882	-14.436415	21.935057
36470	2.317343	-15.546366	21.790815
36471	2.473604	-16.756860	21.640369
36472	2.658112	-18.100858	21.465288
36473	2.848696	-19.579895	21.250543
36474	3.049653	-21.219609	20.976430
36475	3.231119	-23.045267	20.648636
36476	3.428100	-25.133739	20.254515
36477	3.600180	-27.520410	19.856167
36478	3.919031	-30.186126	19.306799
36479	4.376356	-33.360721	18.639361
36480	5.101128	-36.898304	17.722931
36481	6.207461	-40.575083	16.616341
36482	7.780135	-44.084743	15.424434
36483	9.729785	-47.339735	13.938424
36484	11.770979	-50.399759	12.039905
36485	14.025447	-53.405575	9.768765
36486	16.317524	-56.014438	7.591885
36487	17.822656	-57.702904	6.650722
36488	17.651070	-58.346733	7.406643
36489	16.827701	-58.436382	8.835775
36490	16.025831	-58.345163	10.218928
36491	15.383426	-58.051927	11.137913
36492	14.759286	-57.404092	11.717078
36493	14.131115	-56.368361	12.179014
36494	13.470820	-54.985102	12.661932
36495	12.788544	-53.388723	13.170754
36496	12.058702	-51.640288	13.705802
36497	11.263520	-49.805449	14.263339
36498	10.329526	-47.846420	14.891503
36499	9.213032	-45.742266	15.611461
36500	7.906673	-43.430363	16.425664
36501	6.496584	-40.966115	17.273998
36502	5.041048	-38.369733	18.126495
36503	3.614398	-35.718204	18.929977
36504	2.237077	-32.982923	19.652001
36505	0.925614	-30.180647	20.258781
36506	-0.354515	-27.261822	20.771397
36507	-1.573133	-24.285790	21.184403
36508	-2.719102	-21.292017	21.534421
36509	-3.753935	-18.374002	21.854704
36510	-4.710991	-15.483482	22.202418
36511	-5.612571	-12.637768	22.603531
36512	-6.496246	-9.852828	23.068849
36513	-7.337260	-7.243976	23.601497
36514	-8.133270	-4.818814	24.180755
36515	-8.877085	-2.615192	24.768148
36516	-9.567508	-0.578831	25.340095
36517	-10.189265	1.273834	25.871454
36518	-10.754176	2.961021	26.358398
36519	-11.273542	4.437315	26.800420
36520	-11.781152	5.705843	27.206214
36521	-12.284478	6.745941	27.581837
36522	-12.826621	7.575283	27.901705
36523	-13.432484	8.157528	28.084425
36524	-14.060433	8.498841	28.083950
36525	-14.637828	8.618651	27.908849
36526	-15.157475	8.597096	27.561264
36527	-15.556138	8.483599	27.089620
36528	-15.564841	8.220556	26.635412
36529	-14.967227	7.758548	26.358260
36530	-12.485525	6.789696	26.663937
36531	-9.776504	5.208655	26.949881
36532	-8.393823	4.259197	26.903440
36533	-7.932260	3.851306	26.818517
36534	-7.567499	3.863124	26.700356
36535	-6.904796	3.587929	26.602223
36536	-6.087842	3.133279	26.534306
36537	-5.201910	2.925756	26.365661
36538	-4.471183	2.856567	26.248759
36539	-3.937739	2.902657	26.246491
36540	-3.467943	2.996264	26.240485
36541	-3.070690	3.090833	26.245045
36542	-2.695707	3.183891	26.236714
36543	-2.367518	3.282198	26.228877
36544	-2.148641	3.358519	26.249806
36545	-2.079285	3.394506	26.288871
36546	-2.092749	3.318870	26.323345
36547	-2.116605	3.194590	26.334918
36548	-2.113533	3.019780	26.319404
36549	-2.112016	2.791863	26.296589
36550	-2.119751	2.498238	26.266826
36551	-2.155939	2.168353	26.253111
36552	-2.174853	1.815757	26.234738
36553	-2.181975	1.447136	26.211818
36554	-2.152252	1.069816	26.180431
36555	-2.089687	0.711106	26.141938
36556	-1.982490	0.312788	26.092369
36557	-1.851101	-0.105143	26.008897
36558	-1.691325	-0.545452	25.876607
36559	-1.548797	-0.956851	25.696005
36560	-1.416624	-1.386960	25.536045
36561	-1.288163	-1.823744	25.420125
36562	-1.187619	-2.287102	25.331911
36563	-1.111402	-2.766531	25.258937
36564	-1.051667	-3.278262	25.205417
36565	-1.022748	-3.798491	25.167888
36566	-1.003919	-4.353265	25.144726
36567	-1.000371	-4.924371	25.128545
36568	-0.996168	-5.532660	25.105079
36569	-1.003291	-6.155966	25.075719
36570	-1.011799	-6.806137	25.041123
36571	-1.037128	-7.476235	25.008352
36572	-1.055296	-8.194769	24.963946
36573	-1.053610	-8.948125	24.903700
36574	-1.018818	-9.756650	24.824685
36575	-0.956000	-10.600085	24.726445
36576	-0.854803	-11.500321	24.603813
36577	-0.737434	-12.457157	24.466010
36578	-0.591622	-13.488510	24.314436
36579	-0.408647	-14.583710	24.136683
36580	-0.191791	-15.769748	23.929373
36581	0.032424	-17.052251	23.695766
36582	0.274219	-18.468865	23.431998
36583	0.509260	-20.033833	23.133081
36584	0.694605	-21.811222	22.747451
36585	0.794662	-24.038321	22.167500
36586	0.899667	-26.603952	21.444849
36587	1.105621	-29.402881	20.741111
36588	1.342755	-32.551433	20.138388
36589	1.656164	-35.816961	19.528924
36590	2.217892	-39.219571	18.923493
36591	3.049910	-42.500284	18.353088
36592	4.148313	-45.689096	17.634683
36593	5.290865	-48.730538	16.652244
36594	6.404663	-51.356265	15.511488
36595	7.155819	-53.405379	14.438086
36596	7.284827	-54.498519	14.160747
36597	7.099553	-54.651899	14.655321
36598	6.979912	-54.385881	15.377716
36599	6.984279	-53.933920	15.862725
36600	7.007853	-53.234780	15.988575
36601	7.005328	-52.201600	16.014433
36602	6.993163	-50.763472	16.133148
36603	6.968095	-49.040549	16.363170
36604	6.894743	-47.114835	16.637058
36605	6.715276	-45.077896	16.931851
36606	6.397727	-42.932809	17.278323
36607	5.944136	-40.728481	17.713450
36608	5.323497	-38.413648	18.284085
36609	4.564438	-35.994654	18.982791
36610	3.701460	-33.496492	19.756889
36611	2.788960	-30.991646	20.546243
36612	1.831062	-28.459910	21.322687
36613	0.834463	-25.894325	22.069676
36614	-0.205092	-23.224827	22.792346
36615	-1.237081	-20.504089	23.479713
36616	-2.244841	-17.784003	24.136951
36617	-3.226456	-15.168951	24.755103
36618	-4.214873	-12.629318	25.339757
36619	-5.202745	-10.173633	25.904438
36620	-6.179309	-7.773853	26.446642
36621	-7.126202	-5.486494	26.944606
36622	-8.064509	-3.290841	27.377421
36623	-8.985753	-1.223487	27.748389
36624	-9.874983	0.737703	28.089275
36625	-10.708374	2.524330	28.419949
36626	-11.516432	4.106621	28.753272
36627	-12.357134	5.443555	29.045205
36628	-13.230589	6.544507	29.219148
36629	-13.995890	7.376748	29.277763
36630	-14.626998	7.965729	29.205598
36631	-15.182474	8.349937	28.973191
36632	-15.697733	8.604181	28.592917
36633	-16.125710	8.749076	28.112628
36634	-16.417525	8.778352	27.625299
36635	-16.427719	8.638055	27.266248
36636	-16.138204	8.298960	27.130446
36637	-15.398782	7.704717	27.305069
36638	-13.455798	6.313978	27.941312
36639	-11.170711	4.179017	28.593193
36640	-9.684471	2.796490	29.123668
36641	-8.883213	3.086107	29.160883
36642	-8.083205	3.243532	28.888265
36643	-7.535756	3.200142	28.803014
36644	-6.842677	3.140456	28.735756
36645	-6.117299	2.993558	28.604423
36646	-5.507626	2.910869	28.495362
36647	-5.045017	2.895119	28.417395
36648	-4.738211	2.879896	28.378667
36649	-4.519479	2.909704	28.370689
36650	-4.349797	2.921572	28.377540
36651	-4.190381	2.957967	28.382947
36652	-4.073861	2.968898	28.406521
36653	-4.020688	2.959059	28.439476
36654	-3.968853	2.923380	28.477404
36655	-3.920729	2.870199	28.512737
36656	-3.838946	2.802948	28.526487
36657	-3.761160	2.719654	28.539281
36658	-3.677056	2.627837	28.553749
36659	-3.580323	2.530374	28.554984
36660	-3.466056	2.426504	28.546793
36661	-3.375268	2.312077	28.529279
36662	-3.291393	2.168552	28.507392
36663	-3.226133	2.029940	28.477901
36664	-3.158225	1.853890	28.431626
36665	-3.085170	1.673335	28.380134
36666	-3.004068	1.462364	28.325250
36667	-2.922468	1.261619	28.267942
36668	-2.817603	1.041235	28.216069
36669	-2.717605	0.823245	28.159493
36670	-2.595886	0.597413	28.095911
36671	-2.465945	0.372846	28.028483
36672	-2.342017	0.105550	27.958863
36673	-2.229564	-0.185936	27.875601
36674	-2.113066	-0.530320	27.790414
36675	-2.003284	-0.896115	27.716387
36676	-1.894261	-1.308197	27.660027
36677	-1.801388	-1.755078	27.616141
36678	-1.711561	-2.265214	27.579327
36679	-1.632623	-2.811230	27.547357
36680	-1.552024	-3.395679	27.515719
36681	-1.487727	-4.009238	27.489459
36682	-1.435462	-4.680273	27.462048
36683	-1.389870	-5.397628	27.425812
36684	-1.340300	-6.175854	27.367644
36685	-1.282223	-6.993147	27.297232
36686	-1.212131	-7.872363	27.213997
36687	-1.143338	-8.812719	27.115256
36688	-1.060712	-9.849906	26.996114
36689	-0.963703	-10.971038	26.846013
36690	-0.842373	-12.199162	26.669052
36691	-0.698027	-13.543558	26.461844
36692	-0.538474	-15.036808	26.226132
36693	-0.372873	-16.704083	25.945950
36694	-0.126812	-18.592332	25.614631
36695	0.146658	-20.702959	25.282795
36696	0.476450	-23.037874	24.885271
36697	0.979795	-25.683227	24.413972
36698	1.669426	-28.676517	23.774414
36699	2.662680	-32.017646	22.915830
36700	4.010998	-35.697682	21.777596
36701	5.718547	-39.631837	20.272797
36702	7.699917	-43.602874	18.482075
36703	9.820906	-47.397987	16.554225
36704	12.031101	-50.910310	14.418175
36705	14.286025	-54.100574	11.915241
36706	16.528628	-56.914080	9.126623
36707	18.497301	-59.047958	6.791781
36708	18.744140	-60.039135	6.464269
36709	17.632944	-60.113236	7.927256
36710	16.104046	-59.819813	10.045163
36711	14.547609	-59.414865	11.889776
36712	13.119678	-58.766434	13.165716
36713	11.913798	-57.794131	14.078226
36714	10.960441	-56.425444	14.863067
36715	10.246555	-54.717658	15.569264
36716	9.649256	-52.699379	16.162441
36717	9.105572	-50.447324	16.583101
36718	8.570278	-48.000904	16.875682
36719	8.044816	-45.451513	17.117069
36720	7.486505	-42.816267	17.388830
36721	6.853726	-40.145305	17.754569
36722	6.093420	-37.401231	18.243050
36723	5.200911	-34.639122	18.828318
36724	4.171467	-31.842253	19.487042
36725	3.057611	-29.049021	20.187328
36726	1.885946	-26.221124	20.919841
36727	0.699553	-23.381531	21.637894
36728	-0.490340	-20.517022	22.298073
36729	-1.649023	-17.727350	22.873564
36730	-2.781618	-14.995490	23.371701
36731	-3.876344	-12.339131	23.814884
36732	-4.938980	-9.731930	24.259905
36733	-5.972489	-7.242334	24.762402
36734	-6.999802	-4.869216	25.347732
36735	-7.987000	-2.670110	26.042690
36736	-8.928996	-0.594801	26.855872
36737	-9.819668	1.322131	27.747023
36738	-10.670782	3.103928	28.657609
36739	-11.452559	4.671971	29.521156
36740	-12.196910	6.030389	30.256884
36741	-12.933665	7.144266	30.756324
36742	-13.571845	8.023713	31.007949
36743	-14.092991	8.659249	31.014583
36744	-14.576254	9.081079	30.775186
36745	-14.926782	9.235462	30.379390
36746	-15.117239	9.098152	29.919420
36747	-15.125621	8.655774	29.464973
36748	-14.169065	7.790460	29.371655
36749	-12.070542	6.135468	29.657743
36750	-9.775742	3.879627	29.929484
36751	-8.298000	2.567997	30.210619
36752	-7.531685	2.877540	30.034430
36753	-6.784303	3.060137	29.609562
36754	-6.170207	3.061119	29.414116
36755	-5.391190	3.041235	29.334201
36756	-4.527230	2.997270	29.196635
36757	-3.846385	3.061329	29.148223
36758	-3.371920	3.171407	29.135993
36759	-3.075337	3.270700	29.144290
36760	-2.841160	3.339278	29.170287
36761	-2.655718	3.358922	29.186150
36762	-2.495185	3.362112	29.205596
36763	-2.408333	3.356729	29.237040
36764	-2.392316	3.284491	29.277302
36765	-2.425303	3.228273	29.333905
36766	-2.469132	3.096502	29.374550
36767	-2.484541	2.966731	29.399180
36768	-2.469017	2.808582	29.402417
36769	-2.445541	2.641838	29.404264
36770	-2.416509	2.467405	29.408986
36771	-2.400558	2.294490	29.411955
36772	-2.404685	2.098399	29.414982
36773	-2.418546	1.893563	29.411485
36774	-2.424238	1.670770	29.391194
36775	-2.399215	1.445900	29.360375
36776	-2.349482	1.175257	29.304844
36777	-2.291093	0.885991	29.215304
36778	-2.241595	0.558997	29.083262
36779	-2.208915	0.216405	28.929577
36780	-2.160072	-0.154477	28.786751
36781	-2.108473	-0.540984	28.665737
36782	-2.058282	-0.947878	28.554033
36783	-1.995798	-1.362834	28.449810
36784	-1.927697	-1.788577	28.353009
36785	-1.867283	-2.208690	28.272408
36786	-1.806540	-2.656179	28.202484
36787	-1.763412	-3.110196	28.153574
36788	-1.729210	-3.586675	28.109871
36789	-1.698003	-4.058611	28.081824
36790	-1.659010	-4.538948	28.062439
36791	-1.616792	-5.024447	28.043799
36792	-1.554429	-5.535941	28.011642
36793	-1.482357	-6.064125	27.962286
36794	-1.402839	-6.623795	27.909650
36795	-1.332244	-7.194231	27.855529
36796	-1.262673	-7.811326	27.806851
36797	-1.202053	-8.468992	27.758847
36798	-1.133941	-9.192430	27.690601
36799	-1.054645	-9.972688	27.599608
36800	-0.973684	-10.840098	27.504037
36801	-0.911532	-11.806079	27.394890
36802	-0.860533	-12.912581	27.274082
36803	-0.816079	-14.154398	27.134340
36804	-0.781472	-15.572589	26.989337
36805	-0.770715	-17.171887	26.837705
36806	-0.766949	-19.047215	26.679107
36807	-0.849013	-21.145232	26.542719
36808	-0.857563	-23.543100	26.339106
36809	-0.861277	-26.325034	26.146206
36810	-0.811728	-29.461850	25.838135
36811	-0.494280	-33.086290	25.399038
36812	0.109222	-37.127020	24.797496
36813	1.072996	-41.444823	23.931656
36814	2.403280	-45.810622	22.819043
36815	4.167786	-49.971727	21.461130
36816	6.284528	-53.715139	19.813131
36817	8.599849	-57.145069	17.846294
36818	11.126084	-60.374998	15.491865
36819	13.350074	-63.008539	13.126840
36820	14.068863	-64.436118	12.100749
36821	13.482887	-64.485397	12.582118
36822	12.767636	-63.902501	13.638170
36823	12.335332	-63.148789	14.357445
36824	12.201618	-62.195152	14.338266
36825	12.162129	-60.991288	13.909699
36826	12.063388	-59.486730	13.588315
36827	11.877958	-57.734464	13.589466
36828	11.530879	-55.731881	13.954850
36829	11.045648	-53.556032	14.521054
36830	10.380588	-51.226868	15.159942
36831	9.521598	-48.790156	15.812075
36832	8.463161	-46.215234	16.504208
36833	7.294938	-43.555018	17.258690
36834	6.070910	-40.787412	18.074749
36835	4.848627	-37.970654	18.888043
36836	3.609724	-35.050205	19.641449
36837	2.352793	-32.023915	20.290506
36838	1.120850	-28.886907	20.809890
36839	-0.015566	-25.762411	21.204432
36840	-1.076525	-22.668766	21.486023
36841	-2.095890	-19.634034	21.647443
36842	-3.113777	-16.603966	21.737318
36843	-4.123989	-13.655522	21.807383
36844	-5.142197	-10.807243	21.923502
36845	-6.145426	-8.137512	22.155110
36846	-7.152669	-5.623231	22.541516
36847	-8.150198	-3.305168	23.078358
36848	-9.149149	-1.165869	23.737033
36849	-10.077190	0.776513	24.493421
36850	-10.923895	2.547817	25.306869
36851	-11.716526	4.103229	26.099663
36852	-12.532012	5.428513	26.787385
36853	-13.392578	6.469771	27.259412
36854	-14.202364	7.241413	27.507801
36855	-14.888510	7.755668	27.553896
36856	-15.482920	8.058033	27.400640
36857	-16.022172	8.170872	27.058223
36858	-16.500910	8.115235	26.587479
36859	-16.632317	7.873178	26.192611
36860	-16.150353	7.396672	26.108031
36861	-13.570882	6.064066	26.826607
36862	-10.925610	4.111564	27.453132
36863	-9.670464	3.449761	27.950242
36864	-9.093284	3.710536	28.002803
36865	-8.406057	3.690550	27.744155
36866	-7.719477	3.331959	27.639077
36867	-6.985128	3.141550	27.587272
36868	-6.334275	2.944461	27.480803
36869	-5.904798	2.825873	27.425138
36870	-5.594698	2.782470	27.393123
36871	-5.427186	2.798563	27.394542
36872	-5.341152	2.838123	27.423502
36873	-5.337404	2.806970	27.442314
36874	-5.365913	2.739867	27.451035
36875	-5.462668	2.626268	27.461738
36876	-5.620251	2.488349	27.485328
36877	-5.786533	2.320548	27.490050
36878	-5.892765	2.134149	27.496449
36879	-5.961096	1.986791	27.500316
36880	-5.994213	1.827725	27.510977
36881	-6.021898	1.665678	27.524305
36882	-6.059448	1.465678	27.520580
36883	-6.115539	1.257470	27.499810
36884	-6.202082	1.008067	27.466609
36885	-6.373434	0.710662	27.419801
36886	-6.593938	0.362642	27.364508
36887	-6.849249	-0.019386	27.312037
36888	-7.137584	-0.462676	27.247997
36889	-7.291312	-0.928939	27.229049
36890	-7.433219	-1.423289	27.185205
36891	-7.506474	-1.905243	27.154076
36892	-7.537673	-2.406009	27.111004
36893	-7.525983	-2.903366	27.055596
36894	-7.453468	-3.395326	26.984157
36895	-7.374915	-3.854606	26.914262
36896	-7.260124	-4.321339	26.857146
36897	-7.121775	-4.770187	26.805414
36898	-6.969878	-5.223282	26.749630
36899	-6.811421	-5.661163	26.688492
36900	-6.646038	-6.090792	26.627750
36901	-6.492249	-6.502080	26.593277
36902	-6.346518	-6.931550	26.570367
36903	-6.223178	-7.366880	26.559772
36904	-6.096646	-7.828410	26.551294
36905	-5.984788	-8.283222	26.544117
36906	-5.874822	-8.764447	26.539212
36907	-5.769966	-9.274480	26.531606
36908	-5.659507	-9.832241	26.516972
36909	-5.555224	-10.430679	26.486191
36910	-5.452252	-11.086588	26.457052
36911	-5.365914	-11.794793	26.432995
36912	-5.290096	-12.591827	26.407338
36913	-5.225208	-13.471289	26.376817
36914	-5.149396	-14.456665	26.330209
36915	-5.081340	-15.547871	26.277140
36916	-5.013591	-16.777603	26.224480
36917	-4.956391	-18.166659	26.176325
36918	-4.899196	-19.760214	26.097895
36919	-4.857155	-21.572673	25.991265
36920	-4.800762	-23.698121	25.824668
36921	-4.707055	-26.174643	25.637359
36922	-4.563316	-29.015086	25.453699
36923	-4.223557	-32.203780	25.180880
36924	-3.747410	-35.817811	24.897698
36925	-3.188268	-39.835720	24.528243
36926	-2.272602	-44.090564	23.990762
36927	-1.010945	-48.377755	23.210011
36928	0.711827	-52.424317	22.095999
36929	2.649968	-56.028888	20.711793
36930	4.780815	-59.332314	18.960822
36931	7.136103	-62.464009	16.762335
36932	9.204299	-64.954825	14.592936
36933	9.877705	-66.640544	13.959726
36934	8.574623	-66.918045	15.664501
36935	6.546599	-66.405029	18.359824
36936	4.657485	-65.652648	20.840981
36937	3.396631	-64.787750	22.342971
36938	2.680636	-63.708057	23.059684
36939	2.356765	-62.319532	23.328963
36940	2.293655	-60.531396	23.413065
36941	2.409439	-58.421332	23.379494
36942	2.594304	-56.048337	23.209962
36943	2.773178	-53.509452	22.876549
36944	2.820675	-50.817953	22.467343
36945	2.721625	-48.044214	22.055919
36946	2.446847	-45.189152	21.743378
36947	2.001579	-42.320127	21.576114
36948	1.374940	-39.413736	21.560848
36949	0.583001	-36.499345	21.669795
36950	-0.359132	-33.522913	21.860243
36951	-1.370014	-30.518627	22.057626
36952	-2.408056	-27.481563	22.232163
36953	-3.400479	-24.492357	22.336675
36954	-4.356732	-21.551408	22.367816
36955	-5.285538	-18.709010	22.324592
36956	-6.197699	-15.918095	22.271942
36957	-7.059973	-13.213777	22.287038
36958	-7.880387	-10.589191	22.450697
36959	-8.660048	-8.126932	22.819223
36960	-9.419048	-5.822241	23.396046
36961	-10.115056	-3.731240	24.177550
36962	-10.747857	-1.818342	25.122555
36963	-11.325715	-0.117057	26.106096
36964	-11.823892	1.407715	27.019587
36965	-12.218897	2.737723	27.767581
36966	-12.535535	3.888070	28.272456
36967	-12.813473	4.826361	28.502551
36968	-13.072558	5.565562	28.480939
36969	-13.304107	6.113904	28.280728
36970	-13.508862	6.494935	27.969381
36971	-13.682586	6.706284	27.614053
36972	-13.836563	6.760896	27.255222
36973	-13.755309	6.615105	26.984643
36974	-12.986097	6.071998	26.962123
36975	-10.664243	4.506862	27.156639
36976	-8.917752	3.422031	27.437647
36977	-8.222386	3.744783	27.692234
36978	-7.627486	4.057287	27.597913
36979	-6.981904	3.797095	27.320664
36980	-6.396687	3.462451	27.099761
36981	-5.841793	3.115568	26.979930
36982	-5.271842	2.911330	26.852331
36983	-4.801981	2.905626	26.773347
36984	-4.517578	2.934826	26.765255
36985	-4.312690	3.025291	26.778137
36986	-4.129819	3.065940	26.769094
36987	-3.943971	3.096952	26.759776
36988	-3.757501	3.109610	26.760045
36989	-3.613642	3.085406	26.772108
36990	-3.482469	3.025076	26.791371
36991	-3.404000	2.983265	26.829449
36992	-3.344447	2.905944	26.871163
36993	-3.307616	2.818235	26.929921
36994	-3.281815	2.697500	27.007199
36995	-3.253704	2.559889	27.082409
36996	-3.196329	2.414308	27.151894
36997	-3.136018	2.250160	27.208826
36998	-3.083910	2.028877	27.249629
36999	-3.045420	1.809902	27.273423
37000	-3.035586	1.563149	27.286828
37001	-3.043776	1.294463	27.294900
37002	-3.035865	0.985993	27.277032
37003	-3.010608	0.658233	27.224207
37004	-2.961101	0.291721	27.158790
37005	-2.930590	-0.098913	27.083458
37006	-2.882516	-0.524906	27.015638
37007	-2.847907	-0.961574	26.950885
37008	-2.834193	-1.424588	26.896103
37009	-2.830642	-1.872392	26.850011
37010	-2.826600	-2.316923	26.808637
37011	-2.824215	-2.723043	26.763162
37012	-2.807736	-3.119346	26.714640
37013	-2.790835	-3.495394	26.662589
37014	-2.764337	-3.873678	26.602109
37015	-2.730878	-4.227670	26.538762
37016	-2.701942	-4.585768	26.482359
37017	-2.679384	-4.948588	26.432723
37018	-2.659232	-5.350486	26.386417
37019	-2.629595	-5.767864	26.343580
37020	-2.582658	-6.218255	26.298092
37021	-2.526675	-6.700416	26.256828
37022	-2.452753	-7.235910	26.208620
37023	-2.378443	-7.813112	26.150631
37024	-2.278122	-8.443707	26.082143
37025	-2.168207	-9.106765	25.994205
37026	-2.058571	-9.836869	25.910545
37027	-1.956894	-10.638475	25.820934
37028	-1.850547	-11.539525	25.717350
37029	-1.749120	-12.531584	25.604710
37030	-1.657124	-13.641343	25.491854
37031	-1.594060	-14.868878	25.384779
37032	-1.555497	-16.236863	25.271135
37033	-1.532208	-17.824098	25.149917
37034	-1.554779	-19.638172	25.049501
37035	-1.633355	-21.644493	25.004410
37036	-1.614468	-23.942065	24.950978
37037	-1.533375	-26.596630	24.895442
37038	-1.306858	-29.627112	24.702774
37039	-0.751714	-33.125061	24.316759
37040	0.083566	-37.032114	23.695316
37041	1.342440	-41.220068	22.754946
37042	3.041365	-45.433575	21.463644
37043	5.170494	-49.437774	19.904504
37044	7.598495	-53.040604	18.094213
37045	10.232550	-56.338088	15.932159
37046	13.155568	-59.441488	13.289688
37047	16.285564	-62.314190	10.206075
37048	18.424809	-64.163180	8.147561
37049	18.507874	-64.616445	8.197150
37050	17.527489	-64.030822	9.557681
37051	16.489897	-63.048279	10.968684
37052	15.821431	-61.881271	11.722102
37053	15.525402	-60.603586	11.753038
37054	15.353196	-59.160314	11.564595
37055	15.200972	-57.561839	11.495759
37056	14.935156	-55.778256	11.765737
37057	14.507677	-53.853650	12.328643
37058	13.852872	-51.770445	13.079656
37059	13.003826	-49.580114	13.870165
37060	11.948451	-47.264680	14.677116
37061	10.752831	-44.868321	15.479653
37062	9.460129	-42.370740	16.295542
37063	8.146686	-39.820704	17.104979
37064	6.820756	-37.201701	17.892319
37065	5.527442	-34.571053	18.605154
37066	4.234705	-31.862549	19.245403
37067	2.955294	-29.105366	19.791828
37068	1.650417	-26.250200	20.246890
37069	0.361242	-23.372472	20.589634
37070	-0.897108	-20.477648	20.828414
37071	-2.073116	-17.643874	20.988713
37072	-3.182119	-14.878992	21.131531
37073	-4.242067	-12.245828	21.323572
37074	-5.318784	-9.714429	21.629323
37075	-6.405269	-7.326124	22.085187
37076	-7.504313	-5.039409	22.715215
37077	-8.566870	-2.879834	23.521793
37078	-9.570050	-0.833503	24.460896
37079	-10.461618	1.038315	25.493852
37080	-11.285698	2.730170	26.532110
37081	-12.040171	4.188756	27.454504
37082	-12.707832	5.403789	28.188032
37083	-13.281557	6.342937	28.693545
37084	-13.789006	7.024750	28.953883
37085	-14.235244	7.426507	29.001229
37086	-14.621651	7.515442	28.878608
37087	-14.817544	7.278184	28.689830
37088	-14.491916	6.678246	28.644561
37089	-12.412596	5.508669	29.254666
37090	-9.629922	3.680876	29.781353
37091	-7.944685	3.147402	30.122293
37092	-7.060201	3.598546	29.860899
37093	-6.309333	3.689094	29.481517
37094	-5.653831	3.620354	29.356608
37095	-4.878258	3.452589	29.296518
37096	-4.060473	3.316023	29.187895
37097	-3.437721	3.301420	29.140484
37098	-3.030579	3.361891	29.138373
37099	-2.818743	3.444035	29.181149
37100	-2.709130	3.530098	29.242102
37101	-2.667410	3.569674	29.292786
37102	-2.630583	3.577518	29.343703
37103	-2.629006	3.542158	29.384903
37104	-2.670969	3.437384	29.424237
37105	-2.783324	3.314188	29.468325
37106	-2.917622	3.135312	29.511543
37107	-3.044417	2.940374	29.543841
37108	-3.159063	2.724890	29.566582
37109	-3.259041	2.508609	29.590044
37110	-3.330643	2.284734	29.610466
37111	-3.405609	2.051737	29.619219
37112	-3.474421	1.784878	29.626583
37113	-3.551775	1.519504	29.620803
37114	-3.625239	1.237556	29.598736
37115	-3.700941	0.954846	29.546035
37116	-3.799893	0.613267	29.444518
37117	-3.851681	0.236848	29.324617
37118	-3.908362	-0.181284	29.180621
37119	-3.948825	-0.604695	29.050096
37120	-3.986391	-1.039291	28.940013
37121	-4.022508	-1.462538	28.857326
37122	-4.059775	-1.892841	28.790151
37123	-4.093727	-2.310188	28.731184
37124	-4.117597	-2.727956	28.677162
37125	-4.125500	-3.108765	28.632661
37126	-4.133412	-3.487282	28.601029
37127	-4.169297	-3.851994	28.580076
37128	-4.210881	-4.228537	28.567139
37129	-4.241801	-4.595433	28.561537
37130	-4.272972	-4.949607	28.569124
37131	-4.311646	-5.299448	28.584704
37132	-4.337187	-5.679796	28.609807
37133	-4.343239	-6.078154	28.631549
37134	-4.308574	-6.513903	28.641121
37135	-4.251646	-6.966977	28.637245
37136	-4.184301	-7.466420	28.627919
37137	-4.110597	-8.016331	28.604665
37138	-4.003193	-8.634853	28.558872
37139	-3.884101	-9.309162	28.493441
37140	-3.763019	-10.059336	28.416509
37141	-3.655182	-10.890811	28.326683
37142	-3.544967	-11.847152	28.225519
37143	-3.441056	-12.920059	28.106154
37144	-3.337981	-14.133717	27.976024
37145	-3.268133	-15.490216	27.844217
37146	-3.228859	-17.036053	27.705044
37147	-3.219116	-18.777470	27.551661
37148	-3.214428	-20.861551	27.401805
37149	-3.264707	-23.245894	27.269424
37150	-3.253948	-25.898822	27.159209
37151	-3.126942	-28.957871	27.046574
37152	-2.922351	-32.475340	26.917825
37153	-2.465314	-36.464406	26.618986
37154	-1.670051	-40.999455	26.184443
37155	-0.518440	-45.673484	25.429105
37156	0.927291	-50.267461	24.467432
37157	2.783411	-54.543047	23.196534
37158	4.970959	-58.336129	21.526747
37159	7.502808	-61.787191	19.458325
37160	10.484373	-64.989698	16.739205
37161	13.305666	-67.515225	13.893970
37162	14.283424	-68.751951	12.865017
37163	13.325876	-68.378318	14.001449
37164	12.128124	-67.414713	15.548442
37165	11.593026	-66.330528	16.215821
37166	11.723721	-65.124496	15.836310
37167	12.048636	-63.688262	15.165201
37168	12.190804	-61.909688	14.842954
37169	12.076310	-59.821924	14.994079
37170	11.668237	-57.458140	15.517989
37171	11.048637	-54.948071	16.178761
37172	10.251951	-52.351239	16.870881
37173	9.332445	-49.742331	17.520008
37174	8.267939	-47.055862	18.184367
37175	7.112561	-44.317975	18.865782
37176	5.869770	-41.509483	19.582710
37177	4.597057	-38.671262	20.285816
37178	3.292434	-35.775511	20.971987
37179	1.973524	-32.854634	21.593642
37180	0.635240	-29.852885	22.125462
37181	-0.664401	-26.794566	22.550476
37182	-1.899440	-23.668926	22.877026
37183	-3.050682	-20.552433	23.098642
37184	-4.168497	-17.468798	23.237779
37185	-5.287732	-14.530973	23.343360
37186	-6.415363	-11.723235	23.528838
37187	-7.511294	-9.054355	23.890211
37188	-8.592226	-6.447974	24.442952
37189	-9.648359	-3.952892	25.122874
37190	-10.648874	-1.582142	25.882008
37191	-11.515365	0.553384	26.693129
37192	-12.298940	2.417976	27.461923
37193	-12.998315	3.976963	28.109331
37194	-13.584653	5.282051	28.589239
37195	-14.057289	6.340044	28.878361
37196	-14.438556	7.163304	28.990333
37197	-14.742803	7.718727	28.965535
37198	-14.955452	8.021919	28.870275
37199	-15.069080	8.110156	28.748837
37200	-14.957869	7.985188	28.665739
37201	-14.464729	7.593275	28.724631
37202	-12.413515	6.253903	29.115992
37203	-10.189457	4.396384	29.362850
37204	-8.945200	3.970757	29.734624
37205	-8.306705	4.316634	29.880105
37206	-7.481679	4.008082	29.715431
37207	-6.773853	3.673157	29.503102
37208	-6.221031	3.414491	29.380403
37209	-5.820632	3.141934	29.301897
37210	-5.498284	2.977116	29.194793
37211	-5.320622	2.889247	29.115088
37212	-5.302102	2.827496	29.110830
37213	-5.365351	2.797202	29.117532
37214	-5.497568	2.696885	29.135678
37215	-5.667608	2.608219	29.161445
37216	-5.892591	2.486155	29.191425
37217	-6.121990	2.378550	29.229829
37218	-6.308875	2.232731	29.253430
37219	-6.450690	2.096426	29.283776
37220	-6.535553	1.962886	29.322456
37221	-6.594479	1.839351	29.368205
37222	-6.635348	1.730105	29.429261
37223	-6.653125	1.630280	29.495237
37224	-6.631616	1.545180	29.565110
37225	-6.600398	1.465779	29.642313
37226	-6.591296	1.360001	29.720995
37227	-6.604098	1.251783	29.789295
37228	-6.657713	1.084830	29.847753
37229	-6.746247	0.867312	29.884551
37230	-6.826263	0.596608	29.884913
37231	-6.903348	0.318614	29.868237
37232	-7.002435	0.018358	29.847342
37233	-7.113992	-0.308344	29.813589
37234	-7.203891	-0.655535	29.759983
37235	-7.236261	-0.988769	29.731083
37236	-7.317822	-1.345010	29.707888
37237	-7.411334	-1.718994	29.702555
37238	-7.497499	-2.105172	29.690094
37239	-7.589480	-2.477201	29.674342
37240	-7.674848	-2.853479	29.660422
37241	-7.752734	-3.222295	29.649235
37242	-7.826925	-3.613201	29.636428
37243	-7.890178	-4.009598	29.619078
37244	-7.936038	-4.412086	29.600929
37245	-7.973270	-4.810280	29.573282
37246	-7.996069	-5.231391	29.542698
37247	-7.993856	-5.663870	29.493660
37248	-7.964474	-6.130938	29.433277
37249	-7.934202	-6.608200	29.369901
37250	-7.911987	-7.126723	29.316222
37251	-7.888125	-7.695221	29.279816
37252	-7.842246	-8.335906	29.246571
37253	-7.784386	-9.039600	29.193018
37254	-7.681066	-9.827653	29.133775
37255	-7.562142	-10.691591	29.062999
37256	-7.425734	-11.669825	28.970222
37257	-7.285534	-12.757720	28.870432
37258	-7.137072	-13.992668	28.752022
37259	-7.003059	-15.365550	28.629633
37260	-6.860354	-16.957255	28.512182
37261	-6.803540	-18.783022	28.461220
37262	-6.816091	-20.869226	28.463690
37263	-6.822400	-23.258585	28.488647
37264	-6.905152	-26.059303	28.582812
37265	-6.966484	-29.272721	28.670562
37266	-6.835423	-32.972616	28.693645
37267	-6.490598	-37.154538	28.633719
37268	-6.004549	-41.591819	28.359616
37269	-5.127828	-46.037798	27.855903
37270	-3.718156	-50.383353	27.084217
37271	-1.841588	-54.377758	25.833353
37272	0.295701	-58.035691	24.176310
37273	2.761430	-61.344602	22.037932
37274	5.345054	-64.330370	19.364898
37275	7.059200	-66.460549	17.439742
37276	7.080569	-67.269428	17.498011
37277	6.134438	-66.827397	18.871442
37278	5.161834	-66.040627	20.219704
37279	4.789074	-65.196354	20.653310
37280	4.908279	-64.237828	20.280476
37281	5.229851	-63.035475	19.705842
37282	5.519648	-61.496420	19.325281
37283	5.706442	-59.670862	19.208161
37284	5.726377	-57.602397	19.315269
37285	5.610013	-55.380713	19.513157
37286	5.326892	-53.009817	19.780861
37287	4.902323	-50.543992	20.108429
37288	4.348950	-47.960228	20.494650
37289	3.691024	-45.294953	20.924177
37290	2.919171	-42.501097	21.397940
37291	2.076487	-39.584691	21.879677
37292	1.179955	-36.517650	22.340029
37293	0.285624	-33.401446	22.723843
37294	-0.629635	-30.250635	23.015928
37295	-1.549307	-27.126729	23.200366
37296	-2.495159	-23.970004	23.309036
37297	-3.458912	-20.811475	23.337816
37298	-4.453130	-17.640332	23.298517
37299	-5.447268	-14.551986	23.217276
37300	-6.444480	-11.544924	23.168671
37301	-7.431647	-8.684177	23.233712
37302	-8.398999	-5.969888	23.495342
37303	-9.304225	-3.497097	24.004540
37304	-10.164854	-1.268770	24.750366
37305	-10.986526	0.671182	25.657722
37306	-11.788487	2.380937	26.616877
37307	-12.571139	3.849223	27.493087
37308	-13.299815	5.103686	28.174271
37309	-13.930078	6.121703	28.601527
37310	-14.483266	6.924028	28.755362
37311	-14.956660	7.498627	28.670664
37312	-15.362382	7.853162	28.406941
37313	-15.705354	7.979046	28.022097
37314	-15.875196	7.851419	27.616210
37315	-15.588551	7.395067	27.387599
37316	-13.689606	6.308087	27.853901
37317	-10.647692	3.982788	28.346321
37318	-8.536493	2.495831	28.802529
37319	-7.680217	2.976124	28.726852
37320	-6.895605	3.206350	28.362722
37321	-6.252317	3.018268	28.228619
37322	-5.430289	2.785930	28.161708
37323	-4.590183	2.613794	28.041366
37324	-3.914014	2.567053	27.974913
37325	-3.491837	2.616901	27.949981
37326	-3.310382	2.634897	27.968024
37327	-3.248016	2.661661	28.025123
37328	-3.231999	2.595551	28.049426
37329	-3.223062	2.505462	28.069054
37330	-3.273260	2.382484	28.095466
37331	-3.445506	2.243913	28.146712
37332	-3.648227	2.076208	28.203920
37333	-3.830989	1.891541	28.252545
37334	-3.967062	1.719268	28.274101
37335	-4.098463	1.534249	28.283172
37336	-4.267916	1.325885	28.295441
37337	-4.435501	1.104022	28.293202
37338	-4.590264	0.852529	28.254203
37339	-4.769427	0.578477	28.187650
37340	-5.004493	0.235876	28.108439
37341	-5.140350	-0.144826	28.056120
37342	-5.244422	-0.560715	28.018382
37343	-5.337874	-1.002440	27.982502
37344	-5.400992	-1.471322	27.934518
37345	-5.430532	-1.920505	27.873447
37346	-5.455560	-2.373984	27.805692
37347	-5.475189	-2.826436	27.755656
37348	-5.489638	-3.288757	27.701235
37349	-5.476835	-3.731585	27.648816
37350	-5.460141	-4.171398	27.605929
37351	-5.438969	-4.594354	27.570703
37352	-5.401857	-5.013557	27.525545
37353	-5.345435	-5.413713	27.474427
37354	-5.278194	-5.795939	27.422701
37355	-5.204296	-6.143389	27.385240
37356	-5.135524	-6.485942	27.368245
37357	-5.082250	-6.821216	27.361542
37358	-5.042884	-7.155721	27.362528
37359	-5.006290	-7.488183	27.358713
37360	-4.961712	-7.832082	27.361152
37361	-4.905799	-8.192763	27.361090
37362	-4.844597	-8.602819	27.359758
37363	-4.781957	-9.058289	27.355363
37364	-4.713031	-9.577947	27.348448
37365	-4.659418	-10.150241	27.346282
37366	-4.609268	-10.812721	27.343862
37367	-4.573925	-11.566495	27.336736
37368	-4.533724	-12.443899	27.320573
37369	-4.495205	-13.443928	27.290378
37370	-4.453197	-14.594247	27.248042
37371	-4.421170	-15.908494	27.200257
37372	-4.408812	-17.441929	27.139384
37373	-4.390520	-19.221226	27.062809
37374	-4.391606	-21.310741	27.002247
37375	-4.439952	-23.687084	26.941195
37376	-4.360909	-26.412268	26.874460
37377	-4.238935	-29.600044	26.831606
37378	-3.894872	-33.141727	26.628179
37379	-3.218063	-37.239870	26.291853
37380	-2.246453	-41.573875	25.711195
37381	-0.870309	-45.911389	24.752418
37382	1.032736	-50.065189	23.506182
37383	3.310779	-53.837791	21.945692
37384	5.742373	-57.247275	20.056028
37385	8.475025	-60.398168	17.715535
37386	11.346370	-63.292285	14.992752
37387	13.143346	-65.252777	13.265533
37388	12.896721	-65.715736	13.556238
37389	11.729266	-65.068122	14.945965
37390	10.640748	-64.111629	16.303419
37391	10.130016	-63.057235	16.869195
37392	10.035485	-61.834928	16.764199
37393	10.048398	-60.342655	16.473492
37394	9.960883	-58.499849	16.328455
37395	9.721854	-56.358052	16.409380
37396	9.308937	-54.008565	16.677233
37397	8.784222	-51.592584	17.016999
37398	8.116310	-49.121924	17.425137
37399	7.295406	-46.632685	17.890144
37400	6.297496	-44.077419	18.421655
37401	5.158300	-41.463412	19.021346
37402	3.916361	-38.722973	19.693094
37403	2.651978	-35.882461	20.381649
37404	1.397450	-32.911003	21.041764
37405	0.189399	-29.848692	21.622178
37406	-0.978582	-26.683140	22.088394
37407	-2.063371	-23.526220	22.404149
37408	-3.066945	-20.417885	22.572459
37409	-3.993903	-17.423631	22.619586
37410	-4.886403	-14.503150	22.607534
37411	-5.778191	-11.680522	22.611088
37412	-6.710223	-8.919551	22.700584
37413	-7.660305	-6.295617	22.945290
37414	-8.613532	-3.827665	23.401549
37415	-9.554976	-1.572086	24.060448
37416	-10.481416	0.500322	24.887851
37417	-11.349393	2.354460	25.815746
37418	-12.187868	3.991322	26.731314
37419	-13.048023	5.360738	27.467873
37420	-13.891129	6.469800	27.924439
37421	-14.663344	7.310750	28.072803
37422	-15.374907	7.925874	27.908182
37423	-16.013465	8.313501	27.461453
37424	-16.555745	8.467104	26.801728
37425	-17.001414	8.392771	26.008283
37426	-17.283296	8.116609	25.207595
37427	-16.966598	7.590491	24.687771
37428	-14.874912	6.526403	24.994897
37429	-12.066073	4.865581	25.404209
37430	-10.180950	3.978359	25.870178
37431	-9.421043	4.060959	26.123339
37432	-8.750754	3.997477	26.033634
37433	-8.118678	3.667655	25.855327
37434	-7.487809	3.331934	25.742773
37435	-6.893701	3.041739	25.669370
37436	-6.360221	2.815574	25.550907
37437	-5.936855	2.697301	25.457583
37438	-5.653020	2.664483	25.421338
37439	-5.463717	2.719119	25.425204
37440	-5.336649	2.734978	25.425490
37441	-5.251023	2.733857	25.419182
37442	-5.232892	2.683147	25.421903
37443	-5.280547	2.619634	25.434071
37444	-5.341529	2.522753	25.450837
37445	-5.417845	2.440388	25.471928
37446	-5.474187	2.335326	25.502124
37447	-5.530717	2.237675	25.529824
37448	-5.578800	2.103080	25.568985
37449	-5.596264	1.975671	25.607567
37450	-5.553172	1.837914	25.630014
37451	-5.520664	1.705840	25.652960
37452	-5.505478	1.536840	25.666626
37453	-5.505355	1.352311	25.670831
37454	-5.529491	1.137851	25.660948
37455	-5.579991	0.904654	25.641538
37456	-5.639877	0.627619	25.603962
37457	-5.710985	0.323053	25.543980
37458	-5.802790	-0.005463	25.461909
37459	-5.860325	-0.356097	25.388663
37460	-5.884381	-0.730792	25.334650
37461	-5.937189	-1.093538	25.275145
37462	-5.992914	-1.478772	25.235429
37463	-6.073091	-1.871907	25.210950
37464	-6.140458	-2.290041	25.185889
37465	-6.204415	-2.692902	25.164753
37466	-6.246529	-3.099325	25.147949
37467	-6.299185	-3.506694	25.130023
37468	-6.346795	-3.926309	25.117813
37469	-6.384325	-4.345900	25.098692
37470	-6.406043	-4.771499	25.079845
37471	-6.421211	-5.188874	25.067028
37472	-6.420649	-5.629052	25.059872
37473	-6.394572	-6.073556	25.051776
37474	-6.338119	-6.537710	25.031213
37475	-6.252012	-6.998992	24.995407
37476	-6.143766	-7.484608	24.957400
37477	-6.036571	-7.994963	24.917359
37478	-5.919575	-8.552999	24.866695
37479	-5.803528	-9.142085	24.808332
37480	-5.686095	-9.781271	24.750463
37481	-5.574171	-10.472260	24.697310
37482	-5.463811	-11.252203	24.640588
37483	-5.352590	-12.111202	24.579673
37484	-5.224364	-13.068078	24.506768
37485	-5.102228	-14.126015	24.422360
37486	-4.976694	-15.326618	24.339121
37487	-4.858420	-16.679866	24.257496
37488	-4.725945	-18.235877	24.163481
37489	-4.576686	-20.056287	24.067599
37490	-4.510682	-22.135287	24.000874
37491	-4.376801	-24.478758	23.882928
37492	-4.184537	-27.268672	23.805373
37493	-3.949875	-30.419722	23.631826
37494	-3.439197	-34.033429	23.308519
37495	-2.650658	-38.091875	22.828297
37496	-1.526254	-42.285799	22.066075
37497	0.042343	-46.452276	21.081905
37498	2.127065	-50.382562	19.697834
37499	4.596868	-53.937757	17.887071
37500	7.428481	-57.173032	15.635419
37501	10.553434	-60.291223	12.831629
37502	13.730109	-63.072802	9.760030
37503	15.544548	-64.922013	8.207522
37504	15.057608	-65.369112	8.987064
37505	13.473715	-64.917368	11.047316
37506	11.813113	-64.173494	13.142583
37507	10.619302	-63.343192	14.493440
37508	9.805412	-62.374720	15.196191
37509	9.177808	-61.197384	15.671070
37510	8.617623	-59.730130	16.180686
37511	8.080886	-57.997611	16.786861
37512	7.502749	-56.013103	17.455620
37513	6.897121	-53.865745	18.085803
37514	6.226898	-51.555055	18.672413
37515	5.476246	-49.112751	19.246865
37516	4.627369	-46.518170	19.854068
37517	3.737926	-43.842259	20.483729
37518	2.825229	-41.084094	21.128629
37519	1.899889	-38.313123	21.760318
37520	0.939126	-35.490243	22.361853
37521	-0.053225	-32.606651	22.941618
37522	-1.080409	-29.613890	23.517216
37523	-2.099639	-26.576589	24.055271
37524	-3.086921	-23.493112	24.537893
37525	-4.006045	-20.428833	24.941899
37526	-4.887805	-17.394557	25.263293
37527	-5.756032	-14.462908	25.506430
37528	-6.629326	-11.620290	25.739188
37529	-7.485295	-8.891220	26.047234
37530	-8.337807	-6.237657	26.470908
37531	-9.163454	-3.742122	27.017540
37532	-9.947392	-1.441709	27.694019
37533	-10.685664	0.610926	28.477336
37534	-11.418528	2.439264	29.308671
37535	-12.171599	4.007156	30.067388
37536	-12.859169	5.326815	30.679797
37537	-13.414870	6.387822	31.099733
37538	-13.918102	7.216063	31.254066
37539	-14.401786	7.787915	31.113844
37540	-14.849760	8.096459	30.697906
37541	-15.266047	8.145080	30.052105
37542	-15.675290	7.968039	29.242385
37543	-15.838155	7.576733	28.446384
37544	-15.499806	6.948535	27.882880
37545	-13.783106	5.963382	27.954558
37546	-10.893848	4.181227	28.248418
37547	-8.790226	3.107924	28.592158
37548	-7.958819	3.307930	28.627793
37549	-7.363518	3.679187	28.381542
37550	-6.815348	3.593987	28.251151
37551	-6.219577	3.474674	28.254016
37552	-5.531427	3.315803	28.169446
37553	-4.985049	3.196583	28.074093
37554	-4.587728	3.104354	28.034910
37555	-4.277703	3.089850	27.984510
37556	-4.009623	3.118504	27.973087
37557	-3.777177	3.147097	27.971388
37558	-3.567691	3.144748	27.979147
37559	-3.412668	3.140346	28.001448
37560	-3.317813	3.108553	28.044643
37561	-3.283063	3.074009	28.101197
37562	-3.282918	2.980579	28.156433
37563	-3.273126	2.869959	28.194510
37564	-3.231016	2.712751	28.213405
37565	-3.200096	2.555675	28.233544
37566	-3.162226	2.363100	28.253903
37567	-3.110947	2.165487	28.266403
37568	-3.062474	1.940018	28.266603
37569	-3.013453	1.699903	28.259134
37570	-2.961874	1.442050	28.244544
37571	-2.909342	1.177531	28.214743
37572	-2.827709	0.855199	28.156483
37573	-2.738478	0.496783	28.064331
37574	-2.622157	0.099844	27.939273
37575	-2.508203	-0.299375	27.812015
37576	-2.394836	-0.731002	27.699729
37577	-2.301507	-1.184867	27.598252
37578	-2.214099	-1.666388	27.510185
37579	-2.139725	-2.155702	27.437374
37580	-2.076431	-2.657616	27.380554
37581	-2.019136	-3.171281	27.336014
37582	-1.965668	-3.701220	27.298194
37583	-1.906191	-4.240538	27.256948
37584	-1.830062	-4.774923	27.209713
37585	-1.742425	-5.294060	27.157009
37586	-1.652490	-5.815451	27.112387
37587	-1.564714	-6.330503	27.058298
37588	-1.481220	-6.855861	27.001022
37589	-1.407159	-7.380025	26.941956
37590	-1.334904	-7.926305	26.884920
37591	-1.281623	-8.491940	26.823925
37592	-1.238103	-9.113062	26.764278
37593	-1.212991	-9.775699	26.705654
37594	-1.182451	-10.502359	26.643726
37595	-1.156369	-11.284393	26.587605
37596	-1.118144	-12.156182	26.527898
37597	-1.077350	-13.116742	26.461161
37598	-1.012077	-14.186726	26.372610
37599	-0.922262	-15.357627	26.250989
37600	-0.822257	-16.662696	26.101509
37601	-0.711050	-18.110058	25.925955
37602	-0.571595	-19.735174	25.708507
37603	-0.407536	-21.581110	25.442880
37604	-0.183391	-23.704038	25.118691
37605	0.059190	-26.113715	24.804352
37606	0.444787	-28.831484	24.370145
37607	0.985144	-31.940146	23.903572
37608	1.739308	-35.389367	23.310370
37609	2.853078	-39.237164	22.343748
37610	4.451265	-43.308344	21.082220
37611	6.342953	-47.180987	19.559583
37612	8.584691	-50.741521	17.814900
37613	11.028930	-54.060282	15.736109
37614	13.644937	-57.200351	13.227292
37615	16.145526	-59.883597	10.672651
37616	17.665278	-61.589231	9.192106
37617	17.527655	-62.160027	9.563089
37618	16.755688	-62.012418	10.967501
37619	16.010172	-61.645496	12.359101
37620	15.482894	-61.112975	13.085203
37621	15.099465	-60.359638	13.210113
37622	14.764014	-59.300468	13.199996
37623	14.435335	-57.942942	13.354657
37624	14.003070	-56.306207	13.800360
37625	13.434053	-54.458345	14.437748
37626	12.690048	-52.438235	15.140531
37627	11.800383	-50.312009	15.821702
37628	10.754605	-48.061803	16.540190
37629	9.600631	-45.699131	17.358286
37630	8.350442	-43.186495	18.302122
37631	7.040652	-40.552573	19.311183
37632	5.671734	-37.806215	20.304496
37633	4.286566	-34.999200	21.221935
37634	2.921412	-32.093687	22.043124
37635	1.659290	-29.103951	22.766849
37636	0.523285	-26.060914	23.388002
37637	-0.530992	-23.062922	23.879946
37638	-1.587108	-20.104223	24.241847
37639	-2.643846	-17.221737	24.513999
37640	-3.695695	-14.379390	24.766130
37641	-4.722954	-11.641185	25.051268
37642	-5.752287	-9.026806	25.388232
37643	-6.798934	-6.596667	25.763408
37644	-7.838435	-4.302613	26.201471
37645	-8.796274	-2.155845	26.743677
37646	-9.692368	-0.127062	27.382432
37647	-10.559575	1.720936	28.078013
37648	-11.382324	3.378753	28.816197
37649	-12.171421	4.778414	29.530222
37650	-12.914822	5.941650	30.133677
37651	-13.574218	6.867553	30.571850
37652	-14.138875	7.590389	30.814410
37653	-14.594678	8.099708	30.855888
37654	-14.968772	8.405956	30.703674
37655	-15.239663	8.511584	30.416242
37656	-15.291682	8.401626	30.105073
37657	-15.017305	8.070455	29.879672
37658	-13.688277	7.380691	30.038690
37659	-11.372163	5.820753	30.302171
37660	-9.328671	3.863106	30.374943
37661	-8.169173	3.323540	30.461409
37662	-7.574728	3.894168	30.281576
37663	-6.813843	3.898587	30.100981
37664	-6.152040	3.721151	30.096227
37665	-5.471702	3.604177	30.068188
37666	-4.938890	3.449349	30.028033
37667	-4.578495	3.409476	30.031392
37668	-4.348631	3.352782	30.035699
37669	-4.206031	3.297560	30.034088
37670	-4.086189	3.243323	30.021299
37671	-4.014802	3.191907	30.016239
37672	-3.960192	3.140025	30.018865
37673	-3.965469	3.077727	30.041676
37674	-4.014997	2.978263	30.080692
37675	-4.064828	2.884101	30.120801
37676	-4.076392	2.767469	30.162514
37677	-4.037744	2.678350	30.193742
37678	-3.978172	2.543508	30.218823
37679	-3.926326	2.419431	30.245477
37680	-3.866460	2.271835	30.265977
37681	-3.800255	2.126420	30.284084
37682	-3.732984	1.940045	30.294132
37683	-3.654892	1.742389	30.283842
37684	-3.564315	1.543600	30.260335
37685	-3.474016	1.335173	30.230096
37686	-3.385385	1.091126	30.183030
37687	-3.294696	0.816303	30.098734
37688	-3.180157	0.503280	29.999703
37689	-3.076044	0.174064	29.879528
37690	-2.955383	-0.184202	29.763055
37691	-2.830062	-0.554365	29.651389
37692	-2.720257	-0.945649	29.553494
37693	-2.633633	-1.339349	29.471600
37694	-2.557787	-1.744628	29.406565
37695	-2.499319	-2.151397	29.358333
37696	-2.463658	-2.582446	29.316775
37697	-2.449688	-3.027626	29.284500
37698	-2.432399	-3.496151	29.252784
37699	-2.427071	-3.969168	29.225625
37700	-2.439063	-4.455902	29.200218
37701	-2.471063	-4.957652	29.181803
37702	-2.505855	-5.504238	29.165527
37703	-2.549446	-6.078845	29.146377
37704	-2.576050	-6.692769	29.123046
37705	-2.600160	-7.327998	29.086247
37706	-2.612253	-8.008125	29.042936
37707	-2.615588	-8.729941	28.982585
37708	-2.594418	-9.504478	28.904910
37709	-2.563167	-10.319746	28.814775
37710	-2.526459	-11.193483	28.725597
37711	-2.498360	-12.126213	28.643626
37712	-2.455741	-13.152838	28.552232
37713	-2.405609	-14.265568	28.438040
37714	-2.351751	-15.487184	28.306996
37715	-2.314508	-16.827747	28.164702
37716	-2.300531	-18.323257	28.009247
37717	-2.306373	-20.000546	27.842420
37718	-2.304240	-21.896210	27.655134
37719	-2.286701	-24.049833	27.455932
37720	-2.278476	-26.530253	27.268334
37721	-2.253974	-29.307164	27.126211
37722	-2.038471	-32.502267	26.929632
37723	-1.733875	-36.085133	26.672471
37724	-1.231360	-40.058488	26.271747
37725	-0.402678	-44.340762	25.740533
37726	0.616230	-48.697497	25.035933
37727	2.026778	-52.826649	24.130343
37728	3.815867	-56.511390	22.926276
37729	5.853736	-59.903731	21.379125
37730	8.185979	-63.097973	19.373034
37731	10.242379	-65.747202	17.306910
37732	10.973087	-67.360004	16.439663
37733	9.810060	-67.582866	17.763995
37734	8.189356	-67.000871	19.925257
37735	6.845740	-66.188270	21.682795
37736	6.052122	-65.143041	22.435322
37737	5.637627	-63.810058	22.532911
37738	5.416418	-62.117513	22.487695
37739	5.322733	-60.118834	22.545596
37740	5.272479	-57.861592	22.720436
37741	5.217723	-55.426678	22.902948
37742	5.102415	-52.841238	23.043461
37743	4.921313	-50.164868	23.125983
37744	4.603937	-47.374727	23.239526
37745	4.159198	-44.511676	23.411611
37746	3.589109	-41.573506	23.653519
37747	2.948989	-38.623026	23.927064
37748	2.227464	-35.654961	24.213641
37749	1.419863	-32.666475	24.486948
37750	0.526746	-29.615726	24.742261
37751	-0.407965	-26.559513	24.976859
37752	-1.370449	-23.505041	25.177205
37753	-2.323928	-20.515174	25.305474
37754	-3.281804	-17.573269	25.384519
37755	-4.244093	-14.730034	25.431770
37756	-5.235804	-11.953302	25.511779
37757	-6.231503	-9.292285	25.686433
37758	-7.215788	-6.750233	26.017730
37759	-8.179204	-4.401607	26.536765
37760	-9.160413	-2.230080	27.219819
37761	-10.113448	-0.250966	28.041455
37762	-11.012835	1.554451	28.970556
37763	-11.893700	3.142091	29.859559
37764	-12.693867	4.533603	30.618441
37765	-13.328467	5.708903	31.198823
37766	-13.830915	6.682412	31.548395
37767	-14.264545	7.451446	31.642990
37768	-14.642221	8.023657	31.515135
37769	-14.960421	8.377293	31.220809
37770	-15.247587	8.526765	30.821138
37771	-15.514446	8.518947	30.373467
37772	-15.742382	8.381777	29.928260
37773	-15.765632	8.089706	29.586098
37774	-15.372979	7.559353	29.485068
37775	-13.734100	6.372440	29.860850
37776	-11.482817	4.768825	30.237842
37777	-9.679176	3.982826	30.628251
37778	-8.748100	4.015337	30.826536
37779	-7.906158	3.848960	30.707822
37780	-7.157621	3.581876	30.445919
37781	-6.399861	3.383662	30.236911
37782	-5.646685	3.142031	30.148003
37783	-4.921165	3.015105	30.042914
37784	-4.275183	3.041725	29.979455
37785	-3.784418	3.137611	29.959010
37786	-3.395212	3.286540	29.979687
37787	-3.106636	3.381961	30.021182
37788	-2.852954	3.427892	30.049774
37789	-2.649126	3.439619	30.071899
37790	-2.509642	3.389074	30.107250
37791	-2.461572	3.319796	30.149202
37792	-2.453335	3.163666	30.178994
37793	-2.444647	2.995638	30.194344
37794	-2.430023	2.799759	30.203369
37795	-2.445935	2.605455	30.218548
37796	-2.478764	2.386413	30.238124
37797	-2.509816	2.155575	30.248407
37798	-2.542032	1.890933	30.244389
37799	-2.601425	1.609253	30.232272
37800	-2.676789	1.296292	30.209639
37801	-2.788584	0.965065	30.165877
37802	-2.913123	0.558057	30.092717
37803	-3.076956	0.093302	29.987792
37804	-3.225328	-0.437086	29.881996
37805	-3.389067	-0.996482	29.787906
37806	-3.536076	-1.607681	29.720101
37807	-3.680589	-2.242564	29.658425
37808	-3.813480	-2.898407	29.601268
37809	-3.950181	-3.544195	29.553369
37810	-4.078316	-4.202501	29.519081
37811	-4.207693	-4.860413	29.488880
37812	-4.317215	-5.520652	29.453124
37813	-4.410864	-6.167476	29.411872
37814	-4.479673	-6.810324	29.369540
37815	-4.552411	-7.420225	29.328033
37816	-4.615314	-8.028446	29.284582
37817	-4.698520	-8.627341	29.248112
37818	-4.779315	-9.225207	29.217136
37819	-4.872815	-9.801123	29.185062
37820	-4.950138	-10.380026	29.155932
37821	-5.000818	-10.967149	29.131042
37822	-5.019292	-11.583637	29.105170
37823	-5.006726	-12.227959	29.060109
37824	-4.965196	-12.912566	29.007250
37825	-4.902346	-13.636011	28.952197
37826	-4.822893	-14.435529	28.887532
37827	-4.738163	-15.309736	28.813015
37828	-4.627110	-16.290586	28.710836
37829	-4.498443	-17.376584	28.587097
37830	-4.372424	-18.604148	28.451910
37831	-4.256217	-20.006101	28.313581
37832	-4.161499	-21.624301	28.154943
37833	-4.095528	-23.475041	27.982843
37834	-4.005637	-25.640178	27.788840
37835	-3.929811	-28.170683	27.599004
37836	-3.852871	-31.123451	27.450721
37837	-3.601529	-34.468514	27.270657
37838	-3.240436	-38.310953	27.059401
37839	-2.782934	-42.535905	26.817273
37840	-2.059565	-46.982200	26.438491
37841	-1.020748	-51.410859	25.962009
37842	0.471219	-55.441305	25.173007
37843	2.231395	-59.039879	24.114343
37844	4.289642	-62.379632	22.621206
37845	6.430020	-65.466377	20.769645
37846	7.965232	-67.749673	19.145479
37847	7.975974	-68.720405	19.120873
37848	6.841153	-68.189672	20.456329
37849	5.838416	-67.192069	21.727877
37850	5.461558	-66.035340	22.146989
37851	5.637460	-64.732425	21.758013
37852	5.953968	-63.130859	21.242798
37853	6.219551	-61.186126	20.925436
37854	6.332210	-58.904924	20.865896
37855	6.297380	-56.382890	20.963884
37856	6.134965	-53.678246	21.135359
37857	5.882967	-50.898680	21.309796
37858	5.505317	-48.032075	21.498541
37859	4.982061	-45.106933	21.698591
37860	4.303250	-42.091069	21.921434
37861	3.526413	-39.078546	22.147139
37862	2.682314	-36.093226	22.379859
37863	1.792582	-33.182960	22.637661
37864	0.833232	-30.284052	22.916910
37865	-0.205019	-27.340582	23.189332
37866	-1.298945	-24.301746	23.413994
37867	-2.356945	-21.262337	23.567791
37868	-3.374084	-18.281008	23.646981
37869	-4.381655	-15.421247	23.636457
37870	-5.408798	-12.677234	23.592375
37871	-6.397763	-10.103645	23.598348
37872	-7.337854	-7.675723	23.749804
37873	-8.274455	-5.419875	24.070754
37874	-9.213602	-3.336427	24.549857
37875	-10.083161	-1.452038	25.204560
37876	-10.872515	0.266262	25.999182
37877	-11.578028	1.806711	26.879244
37878	-12.261925	3.177487	27.752505
37879	-12.900444	4.353271	28.531592
37880	-13.417910	5.343630	29.189580
37881	-13.804707	6.128096	29.717489
37882	-14.109825	6.706526	30.099615
37883	-14.354777	7.063290	30.344104
37884	-14.536002	7.228884	30.456677
37885	-14.669577	7.237250	30.432280
37886	-14.803155	7.129945	30.269843
37887	-14.939266	6.914699	29.994871
37888	-14.895529	6.561385	29.719160
37889	-14.500707	6.057788	29.562067
37890	-12.658675	5.024335	29.853256
37891	-10.162567	3.788349	30.051746
37892	-8.633691	3.504532	30.410819
37893	-7.975285	3.961221	30.533067
37894	-7.392748	4.138805	30.414140
37895	-6.896636	4.052497	30.290784
37896	-6.400101	3.836494	30.223760
37897	-5.914721	3.670783	30.178877
37898	-5.505716	3.560560	30.121911
37899	-5.220941	3.515057	30.094406
37900	-5.045701	3.497375	30.094856
37901	-4.947653	3.559934	30.125365
37902	-4.918849	3.625238	30.180722
37903	-4.902523	3.676205	30.226509
37904	-4.896171	3.666210	30.255143
37905	-4.903766	3.621479	30.277812
37906	-4.933450	3.566462	30.314410
37907	-4.976650	3.465941	30.343453
37908	-4.993396	3.351866	30.371607
37909	-4.988609	3.227974	30.397921
37910	-4.977977	3.079497	30.424635
37911	-4.970090	2.926998	30.444817
37912	-4.928321	2.721602	30.449739
37913	-4.845034	2.503721	30.433217
37914	-4.730429	2.263678	30.406274
37915	-4.620277	2.029478	30.368492
37916	-4.527652	1.769625	30.327754
37917	-4.452799	1.480062	30.280058
37918	-4.369661	1.157177	30.218413
37919	-4.296951	0.827934	30.133313
37920	-4.252729	0.468698	30.038231
37921	-4.222299	0.078386	29.941905
37922	-4.140449	-0.353345	29.874064
37923	-4.091383	-0.806581	29.807044
37924	-4.048764	-1.289391	29.762672
37925	-4.043335	-1.785898	29.730438
37926	-4.036683	-2.313733	29.692520
37927	-4.034151	-2.858787	29.661642
37928	-4.025781	-3.437090	29.627962
37929	-3.998945	-4.016678	29.597504
37930	-3.945615	-4.611640	29.558062
37931	-3.877781	-5.209617	29.517108
37932	-3.797112	-5.831768	29.467052
37933	-3.709573	-6.454850	29.419406
37934	-3.614139	-7.091958	29.368515
37935	-3.528413	-7.725247	29.320998
37936	-3.450160	-8.383048	29.272514
37937	-3.384297	-9.065617	29.222404
37938	-3.335477	-9.778940	29.170234
37939	-3.303281	-10.513749	29.124862
37940	-3.287207	-11.290842	29.093465
37941	-3.289781	-12.114521	29.073667
37942	-3.297720	-13.019946	29.053938
37943	-3.297395	-13.998327	29.018121
37944	-3.280283	-15.067716	28.951493
37945	-3.261493	-16.237388	28.870895
37946	-3.245235	-17.553857	28.770354
37947	-3.236546	-19.036199	28.647598
37948	-3.240655	-20.704848	28.512716
37949	-3.254477	-22.635291	28.360733
37950	-3.281012	-24.868409	28.209433
37951	-3.279508	-27.449902	28.074428
37952	-3.110574	-30.404073	27.853354
37953	-2.843506	-33.802084	27.634592
37954	-2.418724	-37.638134	27.251620
37955	-1.633222	-41.925134	26.764721
37956	-0.544388	-46.387048	26.076472
37957	0.853931	-50.761449	25.128299
37958	2.689235	-54.753164	23.834988
37959	4.893331	-58.303453	22.104174
37960	7.443954	-61.493859	19.972075
37961	10.252877	-64.499515	17.301089
37962	12.579407	-66.810934	14.815186
37963	13.334070	-67.937233	13.866880
37964	12.567264	-67.634355	14.675524
37965	11.410643	-66.798546	16.107830
37966	10.579115	-65.847036	17.054196
37967	10.172934	-64.816479	17.228928
37968	9.915887	-63.600470	17.095641
37969	9.641782	-62.146128	17.068219
37970	9.270419	-60.413774	17.342493
37971	8.810881	-58.465001	17.852927
37972	8.236061	-56.315763	18.473991
37973	7.591208	-54.031286	19.054454
37974	6.835701	-51.576339	19.601306
37975	5.994498	-48.972366	20.108541
37976	5.067097	-46.186835	20.603411
37977	4.124927	-43.299969	21.054453
37978	3.176127	-40.330858	21.465777
37979	2.252961	-37.365511	21.796308
37980	1.292559	-34.356552	22.068971
37981	0.278607	-31.270181	22.299326
37982	-0.777373	-28.070816	22.494346
37983	-1.819844	-24.876276	22.617069
37984	-2.838221	-21.705491	22.661499
37985	-3.819863	-18.644033	22.625341
37986	-4.796811	-15.665457	22.553764
37987	-5.795912	-12.801592	22.474778
37988	-6.827653	-10.055914	22.434562
37989	-7.831181	-7.516299	22.506899
37990	-8.789370	-5.175603	22.747818
37991	-9.700441	-3.048949	23.160519
37992	-10.578297	-1.105935	23.702942
37993	-11.351854	0.641538	24.368466
37994	-11.998682	2.202032	25.120996
37995	-12.532613	3.549482	25.912526
37996	-13.026860	4.692362	26.659053
37997	-13.492969	5.610303	27.275480
37998	-13.893873	6.322600	27.724410
37999	-14.228569	6.808631	27.996064
38000	-14.549133	7.073147	28.097531
38001	-14.873171	7.155663	28.051446
38002	-15.210132	7.119140	27.884126
38003	-15.550848	6.987628	27.615028
38004	-15.865912	6.749962	27.284928
38005	-15.706072	6.318126	27.124864
38006	-13.529849	5.288739	27.749896
38007	-10.285698	3.362574	28.141255
38008	-8.443388	2.803488	28.327610
38009	-7.742387	3.517485	28.166829
38010	-7.144578	3.607831	27.909121
38011	-6.565929	3.365711	27.815610
38012	-5.910690	3.093260	27.768583
38013	-5.325975	2.853607	27.690532
38014	-4.866460	2.725350	27.626154
38015	-4.582848	2.693524	27.600841
38016	-4.468711	2.681033	27.603879
38017	-4.432219	2.699304	27.622406
38018	-4.436166	2.617381	27.616714
38019	-4.432145	2.537387	27.600440
38020	-4.444526	2.423507	27.610871
38021	-4.495222	2.324172	27.621899
38022	-4.539897	2.173810	27.630469
38023	-4.557314	2.041223	27.645536
38024	-4.533619	1.899414	27.676974
38025	-4.482759	1.765995	27.713209
38026	-4.425191	1.603222	27.752110
38027	-4.388915	1.432198	27.788155
38028	-4.336173	1.249113	27.809347
38029	-4.285719	1.053438	27.811494
38030	-4.269333	0.816660	27.806047
38031	-4.266639	0.552634	27.784971
38032	-4.269651	0.240527	27.729469
38033	-4.215149	-0.121250	27.676624
38034	-4.155741	-0.524560	27.596683
38035	-4.051994	-0.914099	27.515435
38036	-3.928801	-1.313298	27.436600
38037	-3.805015	-1.722405	27.366384
38038	-3.668884	-2.150893	27.294691
38039	-3.538062	-2.561015	27.234927
38040	-3.414331	-2.981355	27.186893
38041	-3.291602	-3.401718	27.151792
38042	-3.154692	-3.844627	27.099821
38043	-3.013386	-4.274284	27.038033
38044	-2.859370	-4.706279	26.967236
38045	-2.721495	-5.124638	26.906221
38046	-2.590696	-5.553095	26.849532
38047	-2.484602	-5.975304	26.807062
38048	-2.400713	-6.414267	26.772637
38049	-2.366680	-6.853477	26.759257
38050	-2.364894	-7.317286	26.755538
38051	-2.363832	-7.814600	26.751877
38052	-2.360600	-8.361044	26.737162
38053	-2.353528	-8.943960	26.706658
38054	-2.330987	-9.582180	26.671750
38055	-2.310463	-10.275280	26.639133
38056	-2.280513	-11.064101	26.599607
38057	-2.252666	-11.936977	26.545943
38058	-2.206406	-12.907905	26.476793
38059	-2.144781	-13.986526	26.390377
38060	-2.067850	-15.194695	26.283499
38061	-2.001256	-16.550878	26.158278
38062	-1.943491	-18.096535	26.011407
38063	-1.873666	-19.842325	25.820028
38064	-1.781993	-21.836921	25.589761
38065	-1.611995	-24.191620	25.289978
38066	-1.404073	-26.920949	24.957811
38067	-0.957560	-29.944195	24.458401
38068	-0.376935	-33.430162	23.958822
38069	0.351234	-37.253781	23.348644
38070	1.528655	-41.478139	22.482999
38071	3.096759	-45.817973	21.320043
38072	5.089036	-49.995205	19.884764
38073	7.442883	-53.775886	18.106268
38074	10.039799	-57.148541	15.916961
38075	12.857196	-60.232034	13.329614
38076	15.955129	-63.133756	10.173145
38077	18.507692	-65.319431	7.584355
38078	18.808224	-66.197686	7.316828
38079	17.370874	-65.832115	9.021572
38080	15.499030	-64.967857	11.347859
38081	13.974454	-63.936993	13.150898
38082	12.928256	-62.775963	14.093697
38083	12.213677	-61.437149	14.467557
38084	11.644843	-59.820222	14.680717
38085	11.155304	-57.921208	14.943695
38086	10.653358	-55.744933	15.324490
38087	10.126765	-53.370981	15.733404
38088	9.499363	-50.864869	16.143779
38089	8.743738	-48.275053	16.545620
38090	7.810601	-45.576714	16.970832
38091	6.764224	-42.791338	17.420417
38092	5.645134	-39.928397	17.904017
38093	4.502016	-37.052585	18.393663
38094	3.324696	-34.132332	18.870778
38095	2.117332	-31.181087	19.320432
38096	0.861328	-28.134792	19.733402
38097	-0.406127	-25.011402	20.091135
38098	-1.625340	-21.874363	20.349546
38099	-2.751371	-18.864580	20.515147
38100	-3.809469	-15.999768	20.632427
38101	-4.843754	-13.285629	20.756655
38102	-5.901998	-10.657862	20.931958
38103	-6.939063	-8.149799	21.225126
38104	-7.963491	-5.769989	21.674927
38105	-8.984124	-3.577856	22.236587
38106	-9.957675	-1.560608	22.905515
38107	-10.779213	0.237895	23.683600
38108	-11.442832	1.842665	24.535038
38109	-12.013463	3.223497	25.364853
38110	-12.570681	4.384707	26.032290
38111	-13.059394	5.317300	26.469997
38112	-13.439578	6.033643	26.664495
38113	-13.752536	6.519888	26.615206
38114	-14.054999	6.776386	26.353294
38115	-14.343555	6.812199	25.943381
38116	-14.622082	6.661035	25.443126
38117	-14.917757	6.366089	24.919614
38118	-14.822442	5.865257	24.603403
38119	-13.116084	4.866602	25.030370
38120	-10.134622	3.124730	25.577977
38121	-8.463673	2.702823	25.814998
38122	-7.629097	3.410023	25.580095
38123	-6.931083	3.577844	25.359920
38124	-6.303413	3.425726	25.294951
38125	-5.569277	3.207580	25.205863
38126	-4.861188	3.050742	25.099140
38127	-4.262321	3.007947	25.049080
38128	-3.780802	3.050420	25.022748
38129	-3.455813	3.117476	25.039362
38130	-3.202691	3.195463	25.083902
38131	-3.030783	3.184427	25.098788
38132	-2.870127	3.109601	25.106370
38133	-2.764189	2.982813	25.123249
38134	-2.742157	2.824922	25.158457
38135	-2.790640	2.616235	25.203182
38136	-2.834754	2.363667	25.238297
38137	-2.837804	2.113320	25.252844
38138	-2.824625	1.844124	25.250965
38139	-2.853825	1.566856	25.244778
38140	-2.926503	1.241593	25.231005
38141	-3.024228	0.891966	25.197859
38142	-3.157067	0.488026	25.141948
38143	-3.320237	0.011639	25.089726
38144	-3.553239	-0.524084	25.035796
38145	-3.804471	-1.115517	25.020530
38146	-4.069279	-1.795030	25.028516
38147	-4.316688	-2.513005	25.040035
38148	-4.516182	-3.245651	25.041065
38149	-4.696404	-3.972090	25.038715
38150	-4.845024	-4.716571	25.032972
38151	-4.955963	-5.448550	25.018843
38152	-5.017029	-6.172527	24.990413
38153	-5.061112	-6.865983	24.958693
38154	-5.071407	-7.535780	24.917685
38155	-5.046974	-8.165550	24.862689
38156	-4.992720	-8.772583	24.788226
38157	-4.922656	-9.346009	24.700188
38158	-4.826716	-9.896788	24.597059
38159	-4.728122	-10.408118	24.501317
38160	-4.635789	-10.906009	24.415831
38161	-4.558727	-11.387704	24.338253
38162	-4.494594	-11.877143	24.279899
38163	-4.433873	-12.361111	24.228993
38164	-4.350270	-12.845737	24.177435
38165	-4.270023	-13.334510	24.130331
38166	-4.192509	-13.845640	24.085924
38167	-4.125704	-14.384190	24.047235
38168	-4.065190	-14.964771	24.019655
38169	-4.017716	-15.583115	23.993561
38170	-3.965361	-16.274611	23.963172
38171	-3.935798	-17.050169	23.936827
38172	-3.890841	-17.930239	23.903876
38173	-3.832718	-18.910264	23.855895
38174	-3.765985	-20.023066	23.797021
38175	-3.717748	-21.283890	23.739519
38176	-3.677259	-22.722884	23.683325
38177	-3.625392	-24.355696	23.606033
38178	-3.565551	-26.187038	23.501066
38179	-3.459538	-28.344855	23.351697
38180	-3.353683	-30.818926	23.245838
38181	-3.081000	-33.580285	23.090434
38182	-2.695523	-36.709986	22.974946
38183	-2.171448	-40.197908	22.782702
38184	-1.223961	-44.032798	22.406885
38185	0.079330	-48.032492	21.763412
38186	1.824871	-51.949744	20.675148
38187	4.098380	-55.566660	19.133628
38188	6.753458	-58.773368	17.183047
38189	9.785828	-61.736638	14.772916
38190	13.261622	-64.654822	11.749091
38191	16.882611	-67.197833	8.450475
38192	18.699275	-68.606543	6.914264
38193	17.737899	-68.687206	8.180286
38194	15.816622	-68.019589	10.658630
38195	14.099112	-67.136544	12.919508
38196	12.931883	-66.095408	14.269087
38197	12.176962	-64.832593	14.837454
38198	11.584751	-63.274774	15.110608
38199	11.082161	-61.470400	15.378559
38200	10.557162	-59.444711	15.818562
38201	10.005062	-57.269803	16.380382
38202	9.356813	-54.977964	16.973242
38203	8.591768	-52.585688	17.554179
38204	7.670859	-50.042265	18.151980
38205	6.647578	-47.377945	18.744938
38206	5.577253	-44.586497	19.351266
38207	4.505885	-41.757769	19.968545
38208	3.405455	-38.882518	20.583980
38209	2.265276	-35.991055	21.173685
38210	1.078606	-33.012465	21.759084
38211	-0.084217	-29.992571	22.312379
38212	-1.218171	-26.953217	22.797578
38213	-2.323952	-23.947131	23.153598
38214	-3.424563	-20.909544	23.359841
38215	-4.489552	-17.881138	23.459513
38216	-5.505459	-14.874068	23.558636
38217	-6.491779	-11.988714	23.752391
38218	-7.492820	-9.252818	24.064113
38219	-8.455966	-6.733391	24.522852
38220	-9.298526	-4.420152	25.154193
38221	-10.005179	-2.370792	25.899737
38222	-10.683627	-0.588417	26.617772
38223	-11.362133	0.898906	27.196183
38224	-12.014238	2.145864	27.588907
38225	-12.588413	3.161383	27.792940
38226	-13.093068	3.961412	27.840827
38227	-13.529434	4.520279	27.768655
38228	-13.905782	4.836683	27.632297
38229	-14.232574	4.918806	27.472930
38230	-14.518485	4.781389	27.331297
38231	-14.365867	4.322010	27.369764
38232	-12.720865	3.239849	27.919946
38233	-9.493328	1.548479	28.303239
38234	-7.574436	1.481650	27.950092
38235	-6.796786	2.182805	27.549014
38236	-6.400507	2.285776	27.429112
38237	-5.895704	2.209483	27.323394
38238	-5.239953	1.945231	27.191481
38239	-4.471953	1.825174	27.069955
38240	-3.829068	1.765566	27.014837
38241	-3.455561	1.752819	26.986681
38242	-3.324614	1.689865	27.033264
38243	-3.286664	1.633706	27.095118
38244	-3.232026	1.562716	27.148558
38245	-3.157582	1.507627	27.203172
38246	-3.143565	1.396048	27.264772
38247	-3.210657	1.260949	27.353009
38248	-3.314133	1.135209	27.448882
38249	-3.406513	0.967867	27.519006
38250	-3.514941	0.765632	27.583573
38251	-3.607679	0.524466	27.625685
38252	-3.681968	0.241640	27.641189
38253	-3.769990	-0.068864	27.621145
38254	-3.875804	-0.447734	27.588306
38255	-4.055439	-0.900722	27.561246
38256	-4.232152	-1.431351	27.558487
38257	-4.426480	-1.995104	27.578014
38258	-4.616457	-2.592089	27.606063
38259	-4.805647	-3.211747	27.629866
38260	-4.953099	-3.863105	27.641447
38261	-5.069092	-4.501145	27.630537
38262	-5.149747	-5.144460	27.612519
38263	-5.199525	-5.774354	27.583383
38264	-5.199887	-6.388707	27.538460
38265	-5.170285	-6.964046	27.480240
38266	-5.115903	-7.511431	27.420623
38267	-5.031787	-8.025378	27.345962
38268	-4.926114	-8.511011	27.262220
38269	-4.797247	-8.948593	27.173631
38270	-4.665344	-9.367236	27.089227
38271	-4.549044	-9.763316	27.012848
38272	-4.443371	-10.148919	26.949267
38273	-4.344324	-10.518131	26.888458
38274	-4.258189	-10.876595	26.838512
38275	-4.192947	-11.220691	26.804573
38276	-4.142161	-11.573078	26.776757
38277	-4.102347	-11.934241	26.752509
38278	-4.054533	-12.322542	26.728510
38279	-4.001934	-12.720300	26.706314
38280	-3.933003	-13.156520	26.683151
38281	-3.849032	-13.638330	26.646477
38282	-3.740406	-14.183311	26.597511
38283	-3.614501	-14.782495	26.533072
38284	-3.472813	-15.460265	26.451524
38285	-3.331648	-16.234216	26.363991
38286	-3.185920	-17.144603	26.259512
38287	-3.045979	-18.201837	26.138199
38288	-2.904349	-19.435426	25.988646
38289	-2.788042	-20.847724	25.816999
38290	-2.662697	-22.567618	25.616834
38291	-2.557047	-24.583694	25.417816
38292	-2.394081	-26.905815	25.193729
38293	-2.135327	-29.620898	24.917963
38294	-1.754167	-32.771966	24.603533
38295	-1.149034	-36.404424	24.097497
38296	-0.163257	-40.542790	23.370911
38297	1.212598	-44.903553	22.303961
38298	2.974314	-49.143854	20.796949
38299	5.217057	-52.952300	19.016596
38300	7.769224	-56.312656	16.896351
38301	10.600305	-59.489890	14.317152
38302	13.657936	-62.555418	11.180612
38303	16.328076	-64.851251	8.329668
38304	16.843384	-65.875831	7.899706
38305	15.519002	-65.711740	9.620809
38306	13.738109	-65.053898	12.044249
38307	12.196933	-64.215767	14.024585
38308	11.087582	-63.229922	15.120160
38309	10.306158	-62.052524	15.682957
38310	9.707446	-60.603996	16.145983
38311	9.235089	-58.895263	16.681739
38312	8.782648	-56.924158	17.307515
38313	8.299393	-54.766202	17.912460
38314	7.749047	-52.422624	18.444345
38315	7.118151	-49.936442	18.917431
38316	6.413201	-47.312737	19.375018
38317	5.664556	-44.620453	19.830072
38318	4.877092	-41.846398	20.283894
38319	4.068318	-39.030597	20.716604
38320	3.205120	-36.114396	21.136584
38321	2.287413	-33.107213	21.535462
38322	1.350080	-30.013528	21.898762
38323	0.425855	-26.945382	22.232492
38324	-0.504967	-23.929139	22.537990
38325	-1.470574	-21.019548	22.807863
38326	-2.486644	-18.166275	23.078873
38327	-3.512877	-15.378940	23.394853
38328	-4.539953	-12.621126	23.783553
38329	-5.553935	-9.964346	24.238684
38330	-6.529894	-7.457016	24.786150
38331	-7.407607	-5.180460	25.458007
38332	-8.178149	-3.117705	26.262329
38333	-8.860125	-1.281364	27.168592
38334	-9.513777	0.376315	28.096704
38335	-10.164933	1.837610	28.915353
38336	-10.806092	3.106051	29.514291
38337	-11.390736	4.139038	29.840921
38338	-11.912846	4.945258	29.878942
38339	-12.390822	5.510647	29.654740
38340	-12.824701	5.824939	29.220892
38341	-13.211255	5.878608	28.642545
38342	-13.578489	5.712798	27.978878
38343	-13.808119	5.347736	27.332713
38344	-13.436371	4.700567	26.948984
38345	-10.777429	3.383136	27.349478
38346	-8.112011	2.342278	27.445239
38347	-6.926138	2.851591	27.242707
38348	-6.286779	3.531197	26.991737
38349	-5.871562	3.667944	26.973814
38350	-5.283431	3.563781	26.927654
38351	-4.564720	3.427172	26.829553
38352	-3.889677	3.375518	26.760043
38353	-3.380733	3.388979	26.751675
38354	-3.042308	3.417360	26.765254
38355	-2.827035	3.482289	26.834909
38356	-2.663438	3.519544	26.902697
38357	-2.531646	3.533743	26.946506
38358	-2.381392	3.507050	26.983604
38359	-2.280054	3.446160	27.011608
38360	-2.243591	3.335543	27.046116
38361	-2.296292	3.205856	27.094843
38362	-2.349260	3.022927	27.121015
38363	-2.361314	2.810980	27.126833
38364	-2.345243	2.561160	27.113386
38365	-2.333806	2.296490	27.103359
38366	-2.324974	2.017668	27.085399
38367	-2.333125	1.722084	27.054033
38368	-2.362880	1.392369	27.019217
38369	-2.411222	1.056095	26.977823
38370	-2.485930	0.686931	26.932607
38371	-2.569137	0.281947	26.871820
38372	-2.634357	-0.197672	26.783087
38373	-2.686495	-0.716414	26.680079
38374	-2.709473	-1.268187	26.596066
38375	-2.751308	-1.850534	26.538855
38376	-2.802863	-2.480585	26.497599
38377	-2.857510	-3.132960	26.454428
38378	-2.876821	-3.805947	26.405235
38379	-2.879682	-4.461550	26.349517
38380	-2.854664	-5.112072	26.274684
38381	-2.804650	-5.743120	26.182453
38382	-2.719904	-6.370887	26.090287
38383	-2.617371	-6.980453	25.992271
38384	-2.490082	-7.573679	25.888010
38385	-2.346562	-8.138420	25.780404
38386	-2.183485	-8.692050	25.671932
38387	-2.007029	-9.229628	25.555507
38388	-1.826782	-9.763586	25.442659
38389	-1.654667	-10.280018	25.337585
38390	-1.487607	-10.800468	25.246911
38391	-1.332786	-11.331429	25.169983
38392	-1.193906	-11.895893	25.105150
38393	-1.060789	-12.471060	25.046631
38394	-0.943707	-13.093609	25.000617
38395	-0.844375	-13.756115	24.968209
38396	-0.762742	-14.500462	24.939062
38397	-0.721292	-15.332998	24.902077
38398	-0.679014	-16.265316	24.856229
38399	-0.632319	-17.305837	24.809710
38400	-0.566988	-18.496223	24.742307
38401	-0.472834	-19.845224	24.645856
38402	-0.336832	-21.385578	24.486866
38403	-0.172393	-23.096957	24.266885
38404	0.051306	-25.120740	23.989560
38405	0.314896	-27.463451	23.686448
38406	0.756461	-30.132820	23.255477
38407	1.445895	-33.259075	22.685135
38408	2.365728	-36.818595	21.974582
38409	3.809527	-40.771814	20.862788
38410	5.936190	-45.063331	19.239864
38411	8.594583	-49.141792	17.119033
38412	11.678261	-52.709365	14.749144
38413	15.040650	-55.880109	11.966520
38414	18.625476	-58.836066	8.588695
38415	22.332921	-61.440283	4.871070
38416	24.989347	-63.021656	2.428986
38417	25.141834	-63.445666	2.465686
38418	24.151166	-63.200918	3.891344
38419	23.070848	-62.816754	5.396900
38420	22.167602	-62.343780	6.359678
38421	21.396853	-61.711303	6.770130
38422	20.577653	-60.794710	7.089253
38423	19.638895	-59.559307	7.604427
38424	18.552664	-58.034523	8.422035
38425	17.368888	-56.310454	9.441797
38426	16.065556	-54.423035	10.597339
38427	14.672957	-52.409501	11.804799
38428	13.143734	-50.232745	13.068627
38429	11.510111	-47.891290	14.345018
38430	9.774176	-45.350603	15.642727
38431	8.045736	-42.656836	16.894414
38432	6.372544	-39.808542	18.063792
38433	4.787870	-36.861901	19.087721
38434	3.261104	-33.757537	19.978334
38435	1.816603	-30.528543	20.721334
38436	0.463142	-27.216388	21.313416
38437	-0.786882	-23.965524	21.743228
38438	-1.962151	-20.783705	22.037078
38439	-3.078737	-17.706160	22.239496
38440	-4.177624	-14.705613	22.397307
38441	-5.281860	-11.849652	22.571172
38442	-6.404275	-9.146014	22.802940
38443	-7.515994	-6.644464	23.129023
38444	-8.572586	-4.303219	23.583429
38445	-9.560145	-2.120013	24.164923
38446	-10.499651	-0.046489	24.832709
38447	-11.366201	1.872128	25.556582
38448	-12.148466	3.608745	26.317030
38449	-12.824883	5.108117	27.076376
38450	-13.462132	6.365212	27.747703
38451	-14.031085	7.375042	28.281884
38452	-14.502561	8.152980	28.666508
38453	-14.885245	8.646954	28.893146
38454	-15.211261	8.856020	28.958787
38455	-15.388323	8.795767	28.921662
38456	-15.252655	8.439501	28.883323
38457	-14.331265	7.701259	29.093869
38458	-12.103597	5.980266	29.673003
38459	-9.735321	3.644430	30.261517
38460	-8.264766	2.825648	30.623513
38461	-7.443687	3.644354	30.306625
38462	-6.613024	3.618319	30.048908
38463	-6.063829	3.634911	30.070192
38464	-5.316514	3.560026	30.001046
38465	-4.616100	3.477447	29.897411
38466	-4.055581	3.468523	29.872549
38467	-3.663520	3.485750	29.840783
38468	-3.423971	3.463040	29.838710
38469	-3.248684	3.456943	29.851990
38470	-3.119518	3.391079	29.850623
38471	-3.006192	3.349361	29.853329
38472	-2.966405	3.266196	29.870786
38473	-2.976761	3.173917	29.900288
38474	-3.020607	3.057602	29.942343
38475	-3.065071	2.926208	29.962567
38476	-3.060903	2.782917	29.972020
38477	-3.027831	2.627364	29.970508
38478	-2.979950	2.449897	29.968162
38479	-2.936879	2.258556	29.957693
38480	-2.909119	2.027548	29.937114
38481	-2.891177	1.770968	29.909501
38482	-2.891421	1.472214	29.866132
38483	-2.902532	1.161655	29.808097
38484	-2.884571	0.790340	29.734948
38485	-2.892889	0.375139	29.616189
38486	-2.853656	-0.112709	29.472783
38487	-2.797068	-0.623868	29.338370
38488	-2.733100	-1.160383	29.216869
38489	-2.676931	-1.709634	29.121137
38490	-2.641990	-2.287868	29.046141
38491	-2.635471	-2.878789	28.988966
38492	-2.641397	-3.489583	28.953611
38493	-2.681344	-4.100362	28.929714
38494	-2.719472	-4.713461	28.904245
38495	-2.748620	-5.319562	28.879451
38496	-2.766255	-5.929590	28.854699
38497	-2.771754	-6.523182	28.819517
38498	-2.770916	-7.106728	28.783154
38499	-2.761013	-7.658658	28.754901
38500	-2.743680	-8.202875	28.734612
38501	-2.721599	-8.740423	28.714203
38502	-2.691326	-9.285669	28.680101
38503	-2.636690	-9.828440	28.626633
38504	-2.560856	-10.387891	28.562675
38505	-2.483921	-10.967600	28.495064
38506	-2.394703	-11.602635	28.416358
38507	-2.300818	-12.290763	28.332147
38508	-2.188424	-13.051333	28.236389
38509	-2.067389	-13.876188	28.132442
38510	-1.942723	-14.809169	28.024352
38511	-1.819406	-15.851712	27.896865
38512	-1.685584	-17.035506	27.746760
38513	-1.550129	-18.366473	27.572059
38514	-1.427193	-19.880850	27.372022
38515	-1.287723	-21.605635	27.140449
38516	-1.114192	-23.592071	26.858632
38517	-0.837665	-25.941549	26.492082
38518	-0.465704	-28.656694	26.044564
38519	0.127201	-31.676611	25.405987
38520	0.951726	-35.166134	24.722623
38521	1.942467	-39.004587	23.902979
38522	3.349435	-43.178344	22.789105
38523	5.120445	-47.436878	21.384400
38524	7.256886	-51.501981	19.697335
38525	9.698295	-55.187398	17.711982
38526	12.380445	-58.513240	15.253840
38527	15.399015	-61.614778	12.216965
38528	18.970866	-64.481200	8.402429
38529	22.316697	-66.600914	4.978508
38530	23.134414	-67.340998	4.164684
38531	21.810977	-66.736405	5.737265
38532	19.987621	-65.581904	8.086003
38533	18.550793	-64.229264	9.964989
38534	17.607429	-62.734463	10.932736
38535	16.924800	-61.061922	11.282652
38536	16.314105	-59.151573	11.438733
38537	15.639002	-57.009630	11.769201
38538	14.859535	-54.625327	12.367538
38539	14.004737	-52.075611	13.144007
38540	13.053548	-49.406073	13.972473
38541	12.002310	-46.706103	14.745823
38542	10.805494	-43.960044	15.460370
38543	9.501070	-41.210631	16.116140
38544	8.117243	-38.443183	16.768983
38545	6.719936	-35.659040	17.460776
38546	5.341808	-32.822151	18.203656
38547	3.985607	-29.974918	18.939722
38548	2.601104	-27.093007	19.584931
38549	1.220886	-24.246040	20.084285
38550	-0.075678	-21.430300	20.477272
38551	-1.228954	-18.701045	20.815853
38552	-2.300257	-16.042850	21.114269
38553	-3.376875	-13.531922	21.376829
38554	-4.494142	-11.172209	21.650725
38555	-5.602767	-8.985611	21.994849
38556	-6.714103	-6.908813	22.432385
38557	-7.814920	-4.944986	22.961445
38558	-8.895482	-3.070744	23.575084
38559	-9.938010	-1.316724	24.251023
38560	-10.968607	0.316467	24.965207
38561	-11.969407	1.771775	25.658780
38562	-12.966729	3.035786	26.237146
38563	-13.904797	4.086387	26.638709
38564	-14.723398	4.943191	26.841742
38565	-15.388501	5.590365	26.844465
38566	-15.922001	6.029545	26.675669
38567	-16.278982	6.269945	26.405248
38568	-16.215108	6.289728	26.208796
38569	-15.603762	6.078129	26.179406
38570	-13.222542	5.061214	26.603444
38571	-10.593937	3.417724	26.654059
38572	-9.156907	2.849677	26.695864
38573	-8.709207	3.350125	26.805827
38574	-8.066009	3.520884	26.725553
38575	-7.333923	3.322688	26.605489
38576	-6.550023	3.150119	26.507702
38577	-5.771703	2.952517	26.406925
38578	-5.067386	2.860012	26.302350
38579	-4.469881	2.840277	26.210735
38580	-4.018973	2.830085	26.147448
38581	-3.669659	2.862258	26.109817
38582	-3.426057	2.841904	26.083909
38583	-3.231369	2.819297	26.060461
38584	-3.091126	2.750317	26.057217
38585	-3.051918	2.648428	26.075268
38586	-3.074999	2.500923	26.095021
38587	-3.137957	2.340568	26.126477
38588	-3.160186	2.180226	26.142910
38589	-3.162538	2.011042	26.163449
38590	-3.168371	1.825235	26.192454
38591	-3.174395	1.634984	26.221056
38592	-3.162962	1.434871	26.236510
38593	-3.136981	1.218827	26.241612
38594	-3.109493	0.973288	26.240001
38595	-3.107483	0.715681	26.224589
38596	-3.104369	0.395508	26.205639
38597	-3.125200	0.027218	26.162659
38598	-3.135805	-0.394859	26.095999
38599	-3.146239	-0.836141	26.029715
38600	-3.165326	-1.309951	25.981717
38601	-3.202110	-1.813323	25.942163
38602	-3.242304	-2.351068	25.905470
38603	-3.305985	-2.886797	25.872644
38604	-3.385934	-3.430208	25.856053
38605	-3.494819	-3.969292	25.851831
38606	-3.620134	-4.521170	25.854226
38607	-3.743766	-5.066927	25.864710
38608	-3.848886	-5.607399	25.873095
38609	-3.939612	-6.129657	25.873459
38610	-4.003258	-6.648096	25.868092
38611	-4.039431	-7.154591	25.845270
38612	-4.053677	-7.666960	25.816804
38613	-4.051414	-8.166020	25.782329
38614	-4.029393	-8.666584	25.746287
38615	-3.987964	-9.179041	25.700859
38616	-3.920640	-9.723456	25.638641
38617	-3.838856	-10.292002	25.558539
38618	-3.733879	-10.901492	25.463539
38619	-3.622510	-11.545287	25.367985
38620	-3.513593	-12.258746	25.280713
38621	-3.426180	-13.040326	25.203199
38622	-3.352542	-13.914566	25.135606
38623	-3.291289	-14.863588	25.074794
38624	-3.236733	-15.925659	25.007289
38625	-3.209712	-17.112541	24.936588
38626	-3.185850	-18.456759	24.858326
38627	-3.167403	-19.965534	24.765749
38628	-3.147228	-21.663075	24.656400
38629	-3.128136	-23.558038	24.546901
38630	-3.079655	-25.725143	24.396014
38631	-3.011584	-28.241601	24.258446
38632	-2.729384	-31.101460	24.027772
38633	-2.405118	-34.312796	23.874458
38634	-1.998504	-37.967051	23.638856
38635	-1.174679	-41.995640	23.274618
38636	-0.076388	-46.253210	22.695367
38637	1.464234	-50.442061	21.751334
38638	3.521981	-54.290479	20.462755
38639	5.924208	-57.772600	18.820333
38640	8.750559	-61.006972	16.715553
38641	12.017392	-64.196423	14.009131
38642	15.234970	-66.828003	11.263182
38643	16.734909	-68.376261	10.134358
38644	15.926038	-68.414452	11.208845
38645	14.466400	-67.648464	13.148750
38646	13.313198	-66.626073	14.792660
38647	12.864899	-65.498536	15.455447
38648	12.819908	-64.205493	15.445408
38649	12.884633	-62.694834	15.223692
38650	12.828833	-60.888235	15.174431
38651	12.575962	-58.832196	15.452102
38652	12.100428	-56.553316	16.031897
38653	11.449822	-54.135268	16.767125
38654	10.619325	-51.592260	17.549071
38655	9.633947	-48.959407	18.308137
38656	8.492061	-46.206846	19.038869
38657	7.269892	-43.372636	19.737295
38658	6.047880	-40.453344	20.406532
38659	4.871229	-37.480852	21.049710
38660	3.708492	-34.394086	21.691521
38661	2.560717	-31.246778	22.266134
38662	1.385184	-28.042541	22.731454
38663	0.205035	-24.871051	23.029233
38664	-0.962134	-21.754565	23.168942
38665	-2.085334	-18.744851	23.234291
38666	-3.188082	-15.783344	23.310815
38667	-4.298914	-12.919054	23.457855
38668	-5.474120	-10.146128	23.695333
38669	-6.724269	-7.502171	24.032705
38670	-8.025158	-4.969094	24.484721
38671	-9.273891	-2.612645	25.062014
38672	-10.406505	-0.430005	25.769809
38673	-11.448395	1.520847	26.546745
38674	-12.511836	3.255001	27.257741
38675	-13.545741	4.730040	27.800591
38676	-14.424850	5.955492	28.140099
38677	-15.157739	6.902563	28.237858
38678	-15.812567	7.587080	28.081786
38679	-16.371136	7.969908	27.730057
38680	-16.665469	8.007555	27.292642
38681	-16.513654	7.668236	26.912734
38682	-15.045353	6.843745	27.000272
38683	-12.476036	5.019816	27.264432
38684	-10.146268	3.217968	27.478172
38685	-9.163768	2.938335	27.773506
38686	-8.592538	3.239927	27.699416
38687	-7.841477	3.066018	27.443327
38688	-7.081811	2.862524	27.326573
38689	-6.255242	2.623883	27.260062
38690	-5.536960	2.466044	27.165787
38691	-5.053420	2.408104	27.100865
38692	-4.754293	2.364005	27.039639
38693	-4.609900	2.335595	27.006639
38694	-4.550713	2.271596	26.989104
38695	-4.577075	2.169382	26.958046
38696	-4.677307	2.020444	26.947498
38697	-4.857451	1.848517	26.963284
38698	-5.061782	1.690485	26.993573
38699	-5.286522	1.546474	27.041449
38700	-5.467895	1.401178	27.087759
38701	-5.626950	1.250624	27.137717
38702	-5.751847	1.100175	27.187214
38703	-5.879438	0.940684	27.233756
38704	-6.002864	0.769860	27.266418
38705	-6.167317	0.573743	27.282840
38706	-6.373385	0.281148	27.286630
38707	-6.633778	-0.060794	27.286052
38708	-6.915924	-0.463212	27.285801
38709	-7.155223	-0.911099	27.298754
38710	-7.348407	-1.434960	27.329262
38711	-7.476244	-1.995228	27.348370
38712	-7.555302	-2.583986	27.345368
38713	-7.587146	-3.163780	27.328194
38714	-7.573988	-3.734600	27.301645
38715	-7.527959	-4.294248	27.260612
38716	-7.460158	-4.851104	27.215884
38717	-7.381496	-5.390240	27.170047
38718	-7.279945	-5.921359	27.117764
38719	-7.159666	-6.416438	27.059227
38720	-7.026065	-6.884523	26.997872
38721	-6.897066	-7.323514	26.946270
38722	-6.764404	-7.744209	26.890603
38723	-6.638405	-8.124368	26.849569
38724	-6.514440	-8.482997	26.819681
38725	-6.405934	-8.812504	26.808704
38726	-6.304852	-9.137075	26.800698
38727	-6.212169	-9.459231	26.792277
38728	-6.109506	-9.784145	26.767638
38729	-6.006310	-10.106503	26.742422
38730	-5.902551	-10.459983	26.706351
38731	-5.812325	-10.861976	26.674051
38732	-5.722724	-11.323099	26.646613
38733	-5.631728	-11.845557	26.619111
38734	-5.532643	-12.445990	26.598002
38735	-5.430681	-13.142578	26.572354
38736	-5.324753	-13.958203	26.535691
38737	-5.212534	-14.895866	26.483502
38738	-5.085229	-15.980074	26.418149
38739	-4.962402	-17.222648	26.352919
38740	-4.849803	-18.666797	26.291491
38741	-4.741584	-20.384740	26.233629
38742	-4.653027	-22.437857	26.159889
38743	-4.558046	-24.802958	26.050044
38744	-4.418795	-27.584426	25.944003
38745	-4.276062	-30.906964	25.830281
38746	-3.910873	-34.693438	25.569377
38747	-3.214232	-39.101368	25.147827
38748	-2.163144	-43.805982	24.378245
38749	-0.492402	-48.495013	23.204196
38750	1.897496	-52.833367	21.624376
38751	4.650591	-56.587959	19.645803
38752	7.657008	-59.900382	17.238102
38753	10.992744	-63.008933	14.243735
38754	14.488109	-65.757028	10.785525
38755	16.442990	-67.341204	8.868813
38756	15.991326	-67.489154	9.387392
38757	14.709113	-66.860102	10.977118
38758	13.568229	-66.026328	12.380628
38759	12.954686	-65.098412	12.986514
38760	12.588999	-63.978171	13.133157
38761	12.184394	-62.576016	13.360356
38762	11.614156	-60.839845	13.926650
38763	10.882825	-58.821712	14.778922
38764	10.026685	-56.575020	15.745435
38765	9.123915	-54.177295	16.669389
38766	8.140657	-51.634511	17.559718
38767	7.088359	-48.925744	18.440292
38768	5.974644	-46.041212	19.338154
38769	4.866568	-43.042587	20.188015
38770	3.760868	-39.947815	20.943307
38771	2.664985	-36.770505	21.579155
38772	1.577073	-33.482660	22.137345
38773	0.507772	-30.110253	22.650783
38774	-0.544821	-26.658019	23.110784
38775	-1.572658	-23.209344	23.490235
38776	-2.590956	-19.812453	23.810944
38777	-3.606131	-16.526600	24.086192
38778	-4.645660	-13.351223	24.339257
38779	-5.698729	-10.329180	24.636903
38780	-6.786454	-7.449235	25.050835
38781	-7.916536	-4.747122	25.603857
38782	-9.078713	-2.232148	26.286697
38783	-10.172472	0.063632	27.082886
38784	-11.137155	2.132490	27.963176
38785	-12.007414	3.930683	28.832646
38786	-12.910072	5.430093	29.528412
38787	-13.771075	6.616789	29.935594
38788	-14.481671	7.506004	30.031746
38789	-15.084860	8.075388	29.802027
38790	-15.650774	8.366812	29.282425
38791	-16.160369	8.441445	28.581225
38792	-16.439484	8.321916	27.878315
38793	-16.129403	7.933177	27.447165
38794	-13.930997	6.830702	27.857376
38795	-11.302449	4.860260	28.302520
38796	-9.866763	3.845763	28.853739
38797	-9.300999	4.015110	29.057291
38798	-8.559338	3.988736	28.851475
38799	-7.894561	3.544582	28.707468
38800	-7.295111	3.213914	28.649777
38801	-6.802964	2.902275	28.533562
38802	-6.515318	2.670088	28.415261
38803	-6.332810	2.513863	28.301797
38804	-6.245976	2.392235	28.240010
38805	-6.193232	2.361009	28.209388
38806	-6.195297	2.293275	28.198856
38807	-6.225665	2.233906	28.194294
38808	-6.299276	2.148102	28.195883
38809	-6.397681	2.051092	28.206125
38810	-6.490538	1.977124	28.214253
38811	-6.547999	1.874338	28.214207
38812	-6.577236	1.767150	28.223951
38813	-6.599144	1.641070	28.233042
38814	-6.600682	1.512854	28.257011
38815	-6.571928	1.413198	28.288602
38816	-6.510286	1.325920	28.331442
38817	-6.425862	1.244010	28.376901
38818	-6.348506	1.140018	28.423128
38819	-6.291165	1.026669	28.453311
38820	-6.286562	0.885110	28.478231
38821	-6.340369	0.689448	28.488721
38822	-6.443229	0.431533	28.469953
38823	-6.555251	0.126523	28.428069
38824	-6.674124	-0.187801	28.376363
38825	-6.812784	-0.525329	28.312826
38826	-6.832914	-0.899407	28.285285
38827	-6.868040	-1.284130	28.238106
38828	-6.859924	-1.687510	28.201561
38829	-6.852191	-2.080129	28.156927
38830	-6.817738	-2.462424	28.117166
38831	-6.782483	-2.828790	28.074154
38832	-6.729807	-3.196984	28.034996
38833	-6.666487	-3.549348	27.988153
38834	-6.594763	-3.893760	27.939244
38835	-6.528217	-4.217773	27.900414
38836	-6.463712	-4.544366	27.871576
38837	-6.392015	-4.885531	27.842796
38838	-6.312888	-5.249634	27.807371
38839	-6.220205	-5.619825	27.757961
38840	-6.111651	-6.005241	27.708599
38841	-5.997966	-6.414758	27.653285
38842	-5.876849	-6.875002	27.592554
38843	-5.746753	-7.372530	27.531230
38844	-5.612347	-7.921453	27.474533
38845	-5.488060	-8.512323	27.427266
38846	-5.375728	-9.176386	27.385183
38847	-5.272123	-9.914900	27.347162
38848	-5.155665	-10.727726	27.292653
38849	-5.041251	-11.623260	27.236725
38850	-4.930747	-12.629230	27.192224
38851	-4.835054	-13.758821	27.151465
38852	-4.738355	-15.041121	27.103138
38853	-4.647542	-16.474212	27.047702
38854	-4.551553	-18.148452	26.974512
38855	-4.481508	-20.093564	26.922006
38856	-4.439897	-22.308680	26.895105
38857	-4.276923	-24.850014	26.781727
38858	-4.041206	-27.791783	26.658800
38859	-3.629714	-31.141060	26.406714
38860	-2.899423	-34.940551	25.973862
38861	-1.921162	-39.188068	25.319568
38862	-0.463812	-43.536726	24.329675
38863	1.457343	-47.774176	23.087370
38864	3.737050	-51.699707	21.545475
38865	6.196018	-55.248641	19.669762
38866	8.925776	-58.473092	17.369871
38867	12.025226	-61.538184	14.467423
38868	15.104799	-64.103070	11.442456
38869	16.329728	-65.337540	10.438833
38870	15.549815	-65.204589	11.557089
38871	14.162493	-64.360348	13.528497
38872	12.923397	-63.302784	15.228853
38873	12.152144	-62.192391	16.125411
38874	11.706470	-60.989905	16.432527
38875	11.357113	-59.607612	16.596624
38876	10.930821	-57.940544	16.941958
38877	10.375694	-55.985350	17.542370
38878	9.669846	-53.758469	18.331992
38879	8.890386	-51.363208	19.119699
38880	8.049143	-48.835627	19.799071
38881	7.125685	-46.199557	20.372840
38882	6.105290	-43.434546	20.901641
38883	5.054290	-40.611144	21.405223
38884	3.999145	-37.744994	21.900541
38885	2.940942	-34.860248	22.367372
38886	1.856239	-31.888400	22.797933
38887	0.745965	-28.827185	23.152042
38888	-0.385661	-25.678229	23.382667
38889	-1.479549	-22.511499	23.466173
38890	-2.524094	-19.376463	23.421438
38891	-3.518342	-16.351935	23.291136
38892	-4.510453	-13.451891	23.132124
38893	-5.520502	-10.721800	22.998540
38894	-6.542827	-8.130624	22.978176
38895	-7.563590	-5.695873	23.134718
38896	-8.571028	-3.410877	23.506945
38897	-9.528240	-1.304980	24.124824
38898	-10.403858	0.640619	24.969202
38899	-11.172456	2.398212	25.974173
38900	-11.841629	3.962564	27.037408
38901	-12.425379	5.297417	28.011448
38902	-12.888581	6.408041	28.804725
38903	-13.216115	7.269624	29.378798
38904	-13.472038	7.890109	29.703490
38905	-13.702515	8.290262	29.791862
38906	-13.917908	8.492630	29.695596
38907	-14.111680	8.489302	29.455304
38908	-14.286521	8.295269	29.106891
38909	-14.209757	7.897544	28.791039
38910	-13.705650	7.286406	28.638528
38911	-11.355692	5.841898	29.119730
38912	-9.354683	3.998073	29.594737
38913	-8.295006	3.536947	29.875004
38914	-7.688558	3.963981	29.711326
38915	-6.930226	3.906342	29.388521
38916	-6.280647	3.600900	29.264237
38917	-5.596812	3.420391	29.179252
38918	-4.943143	3.200322	29.070419
38919	-4.415225	3.140140	29.028673
38920	-4.019867	3.182955	29.031709
38921	-3.787589	3.288311	29.088379
38922	-3.636349	3.376440	29.151382
38923	-3.534987	3.388912	29.192883
38924	-3.431292	3.364689	29.219757
38925	-3.412811	3.306273	29.257891
38926	-3.472036	3.196241	29.298269
38927	-3.593497	3.061935	29.343306
38928	-3.700976	2.888705	29.361705
38929	-3.775977	2.725313	29.374068
38930	-3.828943	2.565104	29.382538
38931	-3.886161	2.403599	29.388388
38932	-3.936448	2.226804	29.383066
38933	-3.992064	2.047452	29.373164
38934	-4.058962	1.831582	29.357534
38935	-4.138392	1.595417	29.340458
38936	-4.212098	1.327132	29.320326
38937	-4.279649	1.037864	29.276649
38938	-4.342336	0.694839	29.204395
38939	-4.409215	0.330964	29.102529
38940	-4.369269	-0.068761	29.032095
38941	-4.387920	-0.478953	28.964356
38942	-4.394717	-0.921227	28.924548
38943	-4.423662	-1.386080	28.873170
38944	-4.453691	-1.866670	28.838480
38945	-4.493667	-2.355137	28.811906
38946	-4.545972	-2.863014	28.789846
38947	-4.600885	-3.378810	28.767398
38948	-4.640987	-3.902726	28.745370
38949	-4.683318	-4.417481	28.727128
38950	-4.712172	-4.935343	28.706312
38951	-4.724442	-5.450484	28.679112
38952	-4.707415	-5.974608	28.639676
38953	-4.666735	-6.488097	28.581929
38954	-4.601886	-7.005694	28.517657
38955	-4.523045	-7.524920	28.455435
38956	-4.413485	-8.074013	28.388626
38957	-4.295852	-8.640536	28.320322
38958	-4.155097	-9.237972	28.239481
38959	-4.019597	-9.864484	28.164606
38960	-3.882084	-10.554890	28.087336
38961	-3.752101	-11.303947	28.016082
38962	-3.619106	-12.142995	27.932054
38963	-3.498234	-13.058342	27.850011
38964	-3.385690	-14.083838	27.765660
38965	-3.289867	-15.231062	27.681085
38966	-3.201655	-16.532916	27.594186
38967	-3.123021	-18.003892	27.498620
38968	-3.062918	-19.686080	27.374589
38969	-3.027628	-21.595603	27.232542
38970	-2.952676	-23.857174	27.057972
38971	-2.866359	-26.470734	26.883652
38972	-2.592538	-29.389906	26.605049
38973	-2.195140	-32.755210	26.354001
38974	-1.697005	-36.524892	25.972991
38975	-0.754384	-40.748250	25.411081
38976	0.546929	-45.178322	24.576540
38977	2.333751	-49.493245	23.331239
38978	4.656668	-53.385371	21.725505
38979	7.262078	-56.835434	19.702482
38980	10.229156	-60.095747	17.182083
38981	13.393841	-63.246841	14.183309
38982	15.876286	-65.544789	11.765939
38983	16.382324	-66.597935	11.322901
38984	15.252752	-66.440057	12.657876
38985	13.748194	-65.842490	14.485222
38986	12.531859	-65.093216	15.857801
38987	11.766210	-64.267126	16.496406
38988	11.226827	-63.252792	16.828942
38989	10.762082	-61.988013	17.187151
38990	10.252273	-60.439491	17.734923
38991	9.645334	-58.645323	18.452629
38992	8.927472	-56.608803	19.241496
38993	8.157256	-54.396837	19.968364
38994	7.364022	-52.020747	20.562511
38995	6.522331	-49.495920	21.031414
38996	5.587537	-46.760937	21.448435
38997	4.613450	-43.862134	21.823531
38998	3.635724	-40.825818	22.176045
38999	2.692093	-37.730423	22.489132
39000	1.739648	-34.566059	22.760434
39001	0.736959	-31.348481	22.968356
39002	-0.343281	-28.049597	23.115923
39003	-1.455946	-24.721610	23.199571
39004	-2.542206	-21.403198	23.216557
39005	-3.561581	-18.228886	23.172953
39006	-4.559855	-15.218512	23.095931
39007	-5.562727	-12.396806	23.054869
39008	-6.574329	-9.711903	23.120018
39009	-7.559906	-7.167720	23.329921
39010	-8.515561	-4.771654	23.695351
39011	-9.423197	-2.616739	24.203635
39012	-10.279174	-0.699141	24.840263
39013	-11.054803	0.990414	25.597024
39014	-11.733047	2.503428	26.450611
39015	-12.313729	3.833970	27.353848
39016	-12.880659	4.985380	28.186214
39017	-13.431362	5.920016	28.849683
39018	-13.892493	6.644833	29.300905
39019	-14.257324	7.155607	29.554166
39020	-14.593217	7.463555	29.622382
39021	-14.916595	7.575269	29.560443
39022	-15.164689	7.511916	29.446668
39023	-15.000278	7.214300	29.451386
39024	-13.490865	6.511544	29.958021
39025	-10.558771	4.607585	30.571317
39026	-8.521250	3.015501	30.824008
39027	-7.659456	3.284807	30.704318
39028	-6.964114	3.956114	30.415105
39029	-6.352049	3.744181	30.300725
39030	-5.762920	3.648607	30.280287
39031	-5.149350	3.429078	30.194436
39032	-4.688496	3.314166	30.112455
39033	-4.366387	3.268572	30.074329
39034	-4.188718	3.230336	30.058605
39035	-4.114035	3.238835	30.070079
39036	-4.113259	3.218471	30.082486
39037	-4.139546	3.187764	30.090141
39038	-4.188632	3.137985	30.101509
39039	-4.301645	3.070811	30.131087
39040	-4.436910	2.993950	30.165728
39041	-4.587121	2.885584	30.204214
39042	-4.698954	2.777327	30.244197
39043	-4.764092	2.664791	30.290748
39044	-4.825781	2.554971	30.347919
39045	-4.884327	2.428646	30.406997
39046	-4.908865	2.281802	30.456963
39047	-4.931868	2.119630	30.493396
39048	-4.972546	1.920729	30.518634
39049	-5.032594	1.719134	30.528698
39050	-5.126450	1.488427	30.524894
39051	-5.238988	1.225703	30.496655
39052	-5.349746	0.909559	30.433883
39053	-5.448774	0.573403	30.339624
39054	-5.563777	0.226175	30.233817
39055	-5.619722	-0.143217	30.154914
39056	-5.649743	-0.542159	30.084834
39057	-5.685401	-0.930877	30.022773
39058	-5.695601	-1.322974	29.969255
39059	-5.707434	-1.704337	29.925960
39060	-5.697883	-2.093031	29.882514
39061	-5.665746	-2.477922	29.837198
39062	-5.614077	-2.869405	29.791208
39063	-5.555241	-3.252560	29.744670
39064	-5.484901	-3.628723	29.704300
39065	-5.415596	-3.993496	29.659735
39066	-5.348419	-4.360037	29.621321
39067	-5.290777	-4.723624	29.589490
39068	-5.231926	-5.091869	29.565575
39069	-5.171659	-5.450912	29.546839
39070	-5.113493	-5.843746	29.532873
39071	-5.056863	-6.262779	29.514096
39072	-4.998765	-6.726780	29.484851
39073	-4.934593	-7.223778	29.452616
39074	-4.864511	-7.782690	29.431704
39075	-4.790197	-8.406384	29.415127
39076	-4.729089	-9.139890	29.402630
39077	-4.666467	-9.979740	29.375495
39078	-4.582274	-10.941653	29.334457
39079	-4.509284	-12.043098	29.284642
39080	-4.449888	-13.329529	29.232003
39081	-4.392818	-14.821512	29.159426
39082	-4.349660	-16.553016	29.075152
39083	-4.296884	-18.627318	28.981773
39084	-4.256160	-21.086910	28.857627
39085	-4.151479	-23.865519	28.651871
39086	-4.003401	-27.155801	28.474815
39087	-3.754697	-30.901333	28.262844
39088	-3.170269	-35.147409	27.914615
39089	-2.308387	-39.784745	27.395990
39090	-1.013522	-44.296583	26.580182
39091	0.730197	-48.625381	25.503838
39092	2.828246	-52.593566	24.041200
39093	5.175269	-56.228938	22.151104
39094	7.930944	-59.527202	19.764894
39095	11.078511	-62.680328	16.718899
39096	13.823296	-65.138896	13.935114
39097	14.810725	-66.053990	12.908302
39098	14.199050	-65.458730	13.577449
39099	13.077959	-64.236796	14.971214
39100	12.207189	-62.780053	16.144619
39101	11.762779	-61.295504	16.652288
39102	11.490282	-59.759840	16.752100
39103	11.191889	-58.116268	16.768569
39104	10.720545	-56.253949	17.016228
39105	10.073159	-54.183818	17.579359
39106	9.254308	-51.907242	18.389639
39107	8.318466	-49.494021	19.270373
39108	7.270806	-46.943225	20.105944
39109	6.151602	-44.311047	20.793226
39110	4.979504	-41.583245	21.362818
39111	3.836606	-38.786139	21.856468
39112	2.731844	-35.869412	22.310338
39113	1.678378	-32.866035	22.692561
39114	0.623421	-29.752846	22.988315
39115	-0.443307	-26.577157	23.179846
39116	-1.504153	-23.369201	23.274291
39117	-2.519485	-20.249720	23.281601
39118	-3.494758	-17.201197	23.243853
39119	-4.426946	-14.257265	23.182886
39120	-5.353720	-11.403908	23.132696
39121	-6.249293	-8.706294	23.185504
39122	-7.124386	-6.156635	23.427943
39123	-8.012958	-3.806592	23.884277
39124	-8.940823	-1.654459	24.548653
39125	-9.831169	0.277171	25.413387
39126	-10.650314	2.012706	26.424140
39127	-11.398278	3.519584	27.483073
39128	-12.125946	4.810253	28.463540
39129	-12.805288	5.858071	29.251148
39130	-13.384513	6.678467	29.761301
39131	-13.871014	7.258120	29.936362
39132	-14.324439	7.612233	29.750712
39133	-14.729320	7.728915	29.259595
39134	-14.928163	7.586715	28.618316
39135	-14.733526	7.152989	28.011237
39136	-13.325112	6.344850	27.861911
39137	-10.360405	4.460758	28.144776
39138	-8.178539	2.730162	28.363192
39139	-7.342646	2.869049	28.332660
39140	-6.775392	3.565488	28.040045
39141	-6.281591	3.509475	27.931531
39142	-5.718509	3.476249	27.966596
39143	-5.022393	3.331496	27.921855
39144	-4.388036	3.246908	27.873644
39145	-3.918070	3.286690	27.892395
39146	-3.628119	3.313713	27.910998
39147	-3.424957	3.358376	27.966616
39148	-3.215209	3.340803	27.989862
39149	-2.984198	3.310719	27.983364
39150	-2.769609	3.275635	28.001696
39151	-2.657192	3.209817	28.027916
39152	-2.627118	3.088054	28.073737
39153	-2.666001	2.955220	28.119632
39154	-2.688775	2.792150	28.143093
39155	-2.682140	2.632063	28.155099
39156	-2.671251	2.425024	28.158097
39157	-2.662577	2.186496	28.149137
39158	-2.663228	1.927263	28.122403
39159	-2.674009	1.660462	28.091456
39160	-2.713621	1.350578	28.057366
39161	-2.790926	1.021546	28.002822
39162	-2.880693	0.646088	27.932921
39163	-2.978708	0.233953	27.834959
39164	-3.072497	-0.230404	27.738520
39165	-3.151508	-0.721145	27.647910
39166	-3.227256	-1.246253	27.573343
39167	-3.316425	-1.791678	27.523321
39168	-3.397560	-2.373782	27.484794
39169	-3.458845	-2.949602	27.442335
39170	-3.502553	-3.534894	27.396454
39171	-3.535124	-4.110415	27.342857
39172	-3.537093	-4.693470	27.281759
39173	-3.527330	-5.262414	27.217144
39174	-3.497122	-5.830037	27.151143
39175	-3.461376	-6.379501	27.088947
39176	-3.405926	-6.936143	27.028231
39177	-3.338237	-7.478245	26.961262
39178	-3.234894	-8.012137	26.882300
39179	-3.112349	-8.532080	26.798240
39180	-2.977481	-9.068479	26.717624
39181	-2.834736	-9.611124	26.637120
39182	-2.688701	-10.183456	26.550030
39183	-2.532080	-10.762569	26.458346
39184	-2.371323	-11.382166	26.373409
39185	-2.214412	-12.042181	26.289539
39186	-2.055356	-12.773758	26.199059
39187	-1.894091	-13.565482	26.103922
39188	-1.733857	-14.440552	26.005912
39189	-1.592537	-15.401669	25.915997
39190	-1.464717	-16.491894	25.819111
39191	-1.363021	-17.715486	25.711586
39192	-1.250359	-19.095985	25.586050
39193	-1.152939	-20.638153	25.438101
39194	-1.057082	-22.385362	25.254692
39195	-0.963111	-24.357775	25.042613
39196	-0.774328	-26.727054	24.758936
39197	-0.500598	-29.436480	24.378208
39198	0.040610	-32.447437	23.878050
39199	0.654055	-35.928326	23.375897
39200	1.489280	-39.717959	22.705531
39201	2.802059	-43.865299	21.839004
39202	4.522446	-47.968945	20.530943
39203	6.819489	-51.790492	18.850926
39204	9.504886	-55.206023	16.801893
39205	12.561547	-58.422029	14.231582
39206	15.941603	-61.563607	11.052483
39207	19.234786	-64.115715	7.887758
39208	20.695302	-65.413933	6.542768
39209	20.079729	-65.364245	7.248219
39210	18.871271	-64.718118	8.811924
39211	17.814524	-63.897085	10.245380
39212	17.074961	-62.939035	11.094497
39213	16.469912	-61.792310	11.572827
39214	15.798837	-60.355467	12.062747
39215	15.047546	-58.660086	12.726178
39216	14.189473	-56.729580	13.598919
39217	13.251366	-54.642687	14.538663
39218	12.198521	-52.376881	15.464341
39219	11.047624	-49.978209	16.317366
39220	9.781536	-47.436560	17.133330
39221	8.467509	-44.805882	17.899611
39222	7.137147	-42.069467	18.606247
39223	5.839391	-39.260629	19.195531
39224	4.576930	-36.362854	19.619785
39225	3.372507	-33.445988	19.912619
39226	2.201992	-30.486489	20.168878
39227	1.049520	-27.530210	20.441240
39228	-0.133859	-24.533650	20.718042
39229	-1.329434	-21.581452	20.957719
39230	-2.520740	-18.681863	21.162243
39231	-3.647189	-15.888651	21.347325
39232	-4.705655	-13.189231	21.590778
39233	-5.717337	-10.645720	21.939374
39234	-6.745280	-8.249028	22.421352
39235	-7.750782	-6.043245	23.045354
39236	-8.691648	-3.984147	23.802756
39237	-9.548814	-2.057891	24.667875
39238	-10.343616	-0.228165	25.591933
39239	-11.057392	1.450287	26.531122
39240	-11.714525	2.968244	27.413690
39241	-12.292328	4.291572	28.177301
39242	-12.759942	5.433729	28.819560
39243	-13.140939	6.348485	29.350701
39244	-13.458810	7.033264	29.800104
39245	-13.718489	7.454868	30.186274
39246	-13.700137	7.527339	30.567905
39247	-13.171756	7.162450	30.998161
39248	-10.985464	5.749042	31.678541
39249	-8.899676	3.609688	31.979823
39250	-7.777055	2.981445	32.099783
39251	-7.311396	3.669675	31.799362
39252	-6.679460	3.655415	31.419577
39253	-6.041255	3.324307	31.235778
39254	-5.287795	3.042640	31.127301
39255	-4.477637	2.806891	31.010114
39256	-3.804568	2.836412	30.973653
39257	-3.382342	2.947559	31.012147
39258	-3.116013	3.015278	31.059897
39259	-2.919338	3.071210	31.118903
39260	-2.760567	3.064373	31.160187
39261	-2.610217	3.069467	31.200417
39262	-2.530514	3.020669	31.263055
39263	-2.544425	2.924113	31.323388
39264	-2.602737	2.774847	31.392480
39265	-2.660555	2.612231	31.449695
39266	-2.663228	2.432527	31.482044
39267	-2.647476	2.229095	31.500312
39268	-2.660678	1.999744	31.514959
39269	-2.690682	1.759832	31.518978
39270	-2.744688	1.485910	31.509640
39271	-2.844270	1.173685	31.494064
39272	-2.998532	0.806476	31.455083
39273	-3.178380	0.416810	31.389598
39274	-3.391984	-0.036674	31.324807
39275	-3.628432	-0.534638	31.261809
39276	-3.884219	-1.084101	31.210875
39277	-4.154912	-1.653425	31.175222
39278	-4.462180	-2.234877	31.162320
39279	-4.783799	-2.816143	31.171664
39280	-5.119990	-3.413268	31.192843
39281	-5.438343	-4.001246	31.224169
39282	-5.727169	-4.587143	31.253438
39283	-5.974671	-5.145464	31.282901
39284	-6.177624	-5.686905	31.297132
39285	-6.343387	-6.186767	31.295061
39286	-6.466065	-6.679283	31.271483
39287	-6.554368	-7.139823	31.234699
39288	-6.575399	-7.581747	31.172204
39289	-6.558982	-7.997464	31.103106
39290	-6.507214	-8.411663	31.028962
39291	-6.437390	-8.818719	30.957861
39292	-6.337442	-9.242247	30.882759
39293	-6.203562	-9.662643	30.798973
39294	-6.040673	-10.115926	30.715294
39295	-5.846815	-10.605782	30.621088
39296	-5.635003	-11.159538	30.511889
39297	-5.408268	-11.759182	30.386765
39298	-5.162395	-12.421341	30.246802
39299	-4.927657	-13.145770	30.112959
39300	-4.706649	-13.961813	29.979034
39301	-4.512560	-14.869824	29.845096
39302	-4.346754	-15.906620	29.713463
39303	-4.205484	-17.066095	29.599747
39304	-4.110337	-18.403280	29.490614
39305	-4.072613	-19.922076	29.388796
39306	-4.074679	-21.684548	29.268700
39307	-4.118562	-23.689446	29.121968
39308	-4.159957	-26.076044	28.992173
39309	-4.205028	-28.834558	28.891821
39310	-4.077971	-31.918347	28.764451
39311	-3.844630	-35.411424	28.647683
39312	-3.531344	-39.379906	28.494477
39313	-2.912583	-43.596167	28.237015
39314	-2.089831	-47.917603	27.833888
39315	-0.899454	-52.132735	27.176502
39316	0.777493	-56.021809	26.082728
39317	2.735782	-59.540549	24.547514
39318	5.138662	-62.742457	22.555678
39319	7.854134	-65.797182	20.020017
39320	10.014419	-68.020975	17.922659
39321	10.073112	-68.908871	18.010669
39322	8.638957	-68.142317	19.696259
39323	7.266410	-66.997551	21.405222
39324	6.666072	-65.803748	22.225433
39325	6.783960	-64.569003	22.121199
39326	7.104784	-63.078202	21.762666
39327	7.366803	-61.212585	21.501477
39328	7.453192	-58.988336	21.447679
39329	7.408212	-56.546285	21.514628
39330	7.243741	-53.975921	21.625796
39331	7.012573	-51.370762	21.704664
39332	6.635316	-48.711715	21.785445
39333	6.091848	-46.007522	21.869015
39334	5.341045	-43.202683	22.012301
39335	4.437108	-40.343403	22.241699
39336	3.421379	-37.448982	22.602576
39337	2.358062	-34.587000	23.055053
39338	1.230199	-31.680710	23.559894
39339	0.062697	-28.739292	24.033257
39340	-1.121927	-25.724290	24.408831
39341	-2.246678	-22.716999	24.644436
39342	-3.280492	-19.707877	24.754166
39343	-4.223015	-16.761113	24.754815
39344	-5.125552	-13.874675	24.735164
39345	-5.978163	-11.138236	24.805796
39346	-6.803589	-8.573184	25.081275
39347	-7.612672	-6.218532	25.593678
39348	-8.444462	-4.030379	26.338956
39349	-9.292808	-2.019666	27.278716
39350	-10.168419	-0.140827	28.316867
39351	-11.040476	1.569357	29.317901
39352	-11.831321	3.128977	30.201699
39353	-12.503487	4.515904	30.904634
39354	-13.097877	5.754090	31.382976
39355	-13.611895	6.799636	31.640994
39356	-14.039919	7.648617	31.726872
39357	-14.403535	8.278216	31.669855
39358	-14.763271	8.691713	31.485019
39359	-15.137170	8.899378	31.193373
39360	-15.507208	8.930172	30.847519
39361	-15.579991	8.732620	30.583156
39362	-14.919506	8.180153	30.591415
39363	-12.331151	6.636982	31.194825
39364	-9.879635	4.439466	31.607778
39365	-8.496411	3.464949	31.854697
39366	-7.852521	3.815341	31.718119
39367	-7.111881	3.951233	31.358283
39368	-6.489692	3.628143	31.239932
39369	-5.856073	3.485522	31.224600
39370	-5.174096	3.258832	31.120996
39371	-4.676701	3.168547	31.060981
39372	-4.347125	3.154139	31.057125
39373	-4.158206	3.191288	31.075456
39374	-4.007206	3.217682	31.086718
39375	-3.853529	3.190914	31.069144
39376	-3.661602	3.145589	31.048565
39377	-3.493690	3.104499	31.045393
39378	-3.356812	3.040403	31.057663
39379	-3.268608	3.011068	31.098838
39380	-3.183555	2.924106	31.137372
39381	-3.067648	2.847386	31.176200
39382	-2.954819	2.751058	31.212323
39383	-2.880658	2.637269	31.263956
39384	-2.829662	2.498683	31.322210
39385	-2.801322	2.345095	31.370351
39386	-2.790549	2.163067	31.417417
39387	-2.809163	1.963309	31.448396
39388	-2.826354	1.737717	31.478144
39389	-2.841225	1.488145	31.486878
39390	-2.833248	1.192438	31.477311
39391	-2.771391	0.863022	31.444367
39392	-2.705327	0.497121	31.381755
39393	-2.644893	0.123046	31.316659
39394	-2.579410	-0.290852	31.250021
39395	-2.512520	-0.713455	31.170597
39396	-2.429203	-1.150732	31.085171
39397	-2.343912	-1.594716	31.002004
39398	-2.259526	-2.056055	30.926469
39399	-2.182464	-2.510772	30.854154
39400	-2.096211	-2.996655	30.784309
39401	-2.022214	-3.494896	30.716373
39402	-1.939070	-4.017952	30.642265
39403	-1.862620	-4.527681	30.562299
39404	-1.784314	-5.044324	30.481169
39405	-1.728517	-5.559948	30.396191
39406	-1.676817	-6.096354	30.312261
39407	-1.628538	-6.647270	30.228840
39408	-1.570964	-7.222274	30.142079
39409	-1.515068	-7.824709	30.056131
39410	-1.454782	-8.474769	29.970343
39411	-1.388333	-9.171254	29.874757
39412	-1.301149	-9.944237	29.762976
39413	-1.205198	-10.775015	29.636315
39414	-1.098975	-11.680613	29.498544
39415	-0.984913	-12.688179	29.355996
39416	-0.863038	-13.825866	29.191430
39417	-0.732031	-15.086783	29.005131
39418	-0.609325	-16.497034	28.797336
39419	-0.487636	-18.072812	28.571388
39420	-0.349122	-19.874581	28.318488
39421	-0.196134	-21.937600	28.010208
39422	0.026464	-24.356990	27.639906
39423	0.295095	-27.104239	27.219700
39424	0.703570	-30.166222	26.678755
39425	1.261828	-33.679598	26.115763
39426	1.984392	-37.548069	25.440096
39427	3.038239	-41.759317	24.497846
39428	4.477248	-46.044743	23.275856
39429	6.300908	-50.124431	21.834497
39430	8.434030	-53.807916	20.079806
39431	10.804473	-57.137325	17.895098
39432	13.473252	-60.273430	15.209180
39433	16.016655	-62.965095	12.383251
39434	17.320150	-64.539316	10.715798
39435	16.794482	-64.683037	11.089052
39436	15.638140	-64.028374	12.560543
39437	14.577663	-63.114647	13.987530
39438	13.790609	-62.008120	14.835482
39439	13.191364	-60.716023	15.132912
39440	12.633952	-59.156654	15.298862
39441	12.102360	-57.343674	15.601546
39442	11.544485	-55.292503	16.139846
39443	10.962719	-53.090526	16.794677
39444	10.298009	-50.762784	17.457978
39445	9.553760	-48.366753	18.040326
39446	8.683618	-45.861907	18.577012
39447	7.711594	-43.260411	19.103433
39448	6.660215	-40.550032	19.661574
39449	5.593120	-37.806578	20.238183
39450	4.506460	-35.031739	20.817317
39451	3.424121	-32.265058	21.369815
39452	2.330421	-29.451926	21.907862
39453	1.221898	-26.573305	22.411624
39454	0.128614	-23.602105	22.858023
39455	-0.892803	-20.654273	23.244229
39456	-1.842771	-17.774350	23.573559
39457	-2.754433	-15.020551	23.849927
39458	-3.676706	-12.353867	24.097725
39459	-4.573902	-9.828640	24.368570
39460	-5.427971	-7.457546	24.708187
39461	-6.245189	-5.311351	25.120448
39462	-7.058843	-3.331248	25.602131
39463	-7.837545	-1.521232	26.164379
39464	-8.585540	0.145629	26.805958
39465	-9.311279	1.643090	27.483405
39466	-10.017501	3.011302	28.151906
39467	-10.662500	4.234054	28.772786
39468	-11.286994	5.322274	29.278800
39469	-11.935577	6.244067	29.576790
39470	-12.536101	7.010734	29.668639
39471	-13.066616	7.625317	29.587093
39472	-13.562054	8.083988	29.359252
39473	-14.035660	8.353061	29.013037
39474	-14.487639	8.420293	28.592093
39475	-14.731949	8.264798	28.202975
39476	-14.621286	7.878780	27.963342
39477	-13.204822	7.147621	28.283250
39478	-10.602804	5.378776	28.906438
39479	-8.917312	3.543803	29.300246
39480	-8.150299	3.115054	29.396541
39481	-7.592370	3.628073	28.996708
39482	-6.831086	3.473822	28.637887
39483	-6.149157	3.200881	28.618414
39484	-5.341568	3.070715	28.591076
39485	-4.619944	2.984017	28.491102
39486	-4.114257	3.010776	28.509580
39487	-3.741477	3.086336	28.532293
39488	-3.449490	3.171176	28.567305
39489	-3.204676	3.219452	28.591488
39490	-2.977286	3.209581	28.599960
39491	-2.777235	3.191530	28.614673
39492	-2.638702	3.114427	28.642327
39493	-2.572573	3.033915	28.687013
39494	-2.543193	2.908612	28.728647
39495	-2.511457	2.747284	28.766961
39496	-2.444353	2.577428	28.787280
39497	-2.375283	2.388113	28.807428
39498	-2.306874	2.182850	28.828606
39499	-2.250144	1.975135	28.836097
39500	-2.197045	1.735034	28.837866
39501	-2.166123	1.465574	28.831668
39502	-2.128676	1.139699	28.821359
39503	-2.077723	0.789187	28.793792
39504	-2.024023	0.381849	28.740506
39505	-1.963900	-0.086046	28.656108
39506	-1.903763	-0.617652	28.564020
39507	-1.853915	-1.173469	28.473432
39508	-1.812551	-1.764480	28.399826
39509	-1.787264	-2.372253	28.340093
39510	-1.765566	-3.012313	28.287855
39511	-1.747860	-3.662739	28.230509
39512	-1.728378	-4.328176	28.176890
39513	-1.713386	-4.974841	28.122699
39514	-1.691723	-5.630070	28.063526
39515	-1.683024	-6.283368	28.006952
39516	-1.674994	-6.954333	27.952264
39517	-1.658239	-7.615081	27.892987
39518	-1.643551	-8.275031	27.842608
39519	-1.633441	-8.929543	27.792799
39520	-1.616439	-9.603079	27.743158
39521	-1.601449	-10.290400	27.683485
39522	-1.567372	-11.002158	27.608234
39523	-1.520240	-11.728463	27.524987
39524	-1.463490	-12.497718	27.436322
39525	-1.393269	-13.298807	27.335633
39526	-1.305051	-14.168789	27.213332
39527	-1.191696	-15.084095	27.071986
39528	-1.065287	-16.062756	26.922176
39529	-0.922669	-17.117634	26.766002
39530	-0.781178	-18.284478	26.607073
39531	-0.634804	-19.564515	26.431312
39532	-0.477979	-20.980838	26.228102
39533	-0.324026	-22.537918	26.008954
39534	-0.127524	-24.306835	25.748315
39535	0.086503	-26.311819	25.426093
39536	0.380974	-28.643290	24.976898
39537	0.748535	-31.366004	24.443700
39538	1.205793	-34.351220	23.872899
39539	1.834064	-37.732708	23.205602
39540	2.615315	-41.484261	22.484471
39541	3.626429	-45.403194	21.581349
39542	4.961651	-49.336167	20.500255
39543	6.700500	-53.045549	19.191529
39544	8.916387	-56.454648	17.417268
39545	11.644882	-59.664178	15.097332
39546	14.947835	-62.770452	12.047401
39547	18.634944	-65.551549	8.526500
39548	20.963552	-67.278998	6.380047
39549	20.468491	-67.515733	7.008641
39550	18.544437	-66.692062	9.377623
39551	16.547767	-65.507554	11.982276
39552	15.058025	-64.141243	13.851700
39553	14.103379	-62.652312	14.747739
39554	13.432488	-60.928767	15.081804
39555	12.914089	-58.934721	15.267018
39556	12.462296	-56.680953	15.540605
39557	12.038127	-54.250760	15.902497
39558	11.561591	-51.663999	16.280024
39559	11.022229	-49.017033	16.565266
39560	10.371637	-46.320334	16.755287
39561	9.597470	-43.599447	16.899130
39562	8.673217	-40.821048	17.097369
39563	7.635663	-38.045720	17.380556
39564	6.479039	-35.253821	17.738256
39565	5.232078	-32.476347	18.117801
39566	3.931437	-29.680552	18.487795
39567	2.633365	-26.908046	18.796622
39568	1.313576	-24.087861	19.050837
39569	0.012606	-21.282058	19.228855
39570	-1.263898	-18.510834	19.352205
39571	-2.458302	-15.844200	19.463585
39572	-3.602344	-13.271784	19.601798
39573	-4.737970	-10.859899	19.773374
39574	-5.898971	-8.597671	20.020073
39575	-7.073827	-6.492858	20.389407
39576	-8.261806	-4.468673	20.872244
39577	-9.396117	-2.556131	21.465250
39578	-10.398257	-0.738557	22.161557
