// General information: 
//  MT Manager version: 2021.4.0 
//  XDA version: 2021.4.0 build 6323 rev 112641 built on 2021-09-28
// Device information: 
//  DeviceId: 00B43859
//  ProductCode: MTW2-3A7G6
//  Firmware Version: 4.3.4
//  Hardware Version: 1.1.0
// Device settings: 
//  Filter Profile: human(46.1)
//  Option Flags: Orientation Smoother Disabled, Position/Velocity Smoother Disabled, Continuous Zero Rotation Update Disabled, AHS Disabled, ICC Disabled
// Coordinate system: ENU
PacketCounter	Roll	Pitch	Yaw
18191	-12.105417	24.484474	2.519982
18192	-10.020908	22.536691	3.328025
18193	-7.944688	20.416544	4.020712
18194	-5.886274	18.188189	4.590165
18195	-3.805920	15.886660	5.120300
18196	-1.711351	13.527072	5.606053
18197	0.416246	11.090988	6.025125
18198	2.554157	8.593913	6.373596
18199	4.696966	6.049654	6.624649
18200	6.818055	3.489533	6.656994
18201	8.907201	0.866859	6.344683
18202	10.927278	-1.791893	5.608483
18203	12.855831	-4.360345	4.380879
18204	14.661609	-6.681654	2.818559
18205	16.363658	-8.776417	1.237345
18206	18.063434	-10.685961	-0.217329
18207	19.829971	-12.457838	-1.353547
18208	21.548556	-14.060147	-2.020357
18209	23.057184	-15.434371	-2.297374
18210	24.285938	-16.499796	-2.502253
18211	25.292328	-16.957319	-3.259273
18212	25.866507	-16.737173	-4.324540
18213	25.751588	-16.258888	-4.766612
18214	25.091090	-15.630894	-4.434706
18215	24.160305	-14.899220	-3.529850
18216	23.154433	-14.073543	-2.199187
18217	22.208702	-13.092303	-0.959102
18218	21.575270	-12.081374	-0.804454
18219	21.275458	-11.397470	-0.836549
18220	20.708184	-10.968948	0.608720
18221	19.568128	-10.540465	2.670114
18222	18.382382	-9.813127	4.574579
18223	17.281812	-8.976343	6.329803
18224	16.373579	-7.987025	7.723903
18225	15.672194	-6.809914	8.647962
18226	15.134838	-5.489595	8.967591
18227	14.552676	-4.374280	8.723072
18228	13.886636	-3.294793	8.269348
18229	13.171898	-2.269318	7.807083
18230	12.600130	-1.511109	7.155258
18231	12.196903	-1.020832	6.386570
18232	11.917372	-0.664009	5.829511
18233	11.697174	-0.365051	5.637497
18234	11.485717	-0.056379	5.788059
18235	11.174801	0.302479	6.075314
18236	10.815066	0.624661	6.320202
18237	10.466815	0.952034	6.391668
18238	10.099667	1.223842	6.240406
18239	9.728379	1.491321	5.950931
18240	9.333372	1.713575	5.525301
18241	8.917547	1.898896	4.950564
18242	8.505261	2.042325	4.290027
18243	8.099112	2.178925	3.649994
18244	7.732241	2.335824	3.062467
18245	7.383274	2.509996	2.543961
18246	7.060763	2.686018	2.187293
18247	6.773306	2.899879	2.007583
18248	6.507809	3.123649	1.823337
18249	6.239334	3.354188	1.655982
18250	5.941058	3.578155	1.517476
18251	5.609909	3.784220	1.302273
18252	5.251061	3.974544	0.965360
18253	4.878217	4.182451	0.619743
18254	4.504331	4.434620	0.368518
18255	4.107190	4.733139	0.241822
18256	3.701779	5.055707	0.200795
18257	3.277227	5.422610	0.226174
18258	2.822297	5.809474	0.231524
18259	2.342371	6.213455	0.191398
18260	1.842683	6.628912	0.113207
18261	1.331325	7.061925	0.039759
18262	0.789062	7.501966	-0.060039
18263	0.212106	7.956723	-0.197182
18264	-0.392318	8.402774	-0.358868
18265	-1.021166	8.846091	-0.557773
18266	-1.664965	9.298125	-0.789973
18267	-2.343027	9.760297	-1.031444
18268	-3.054441	10.245868	-1.294407
18269	-3.811507	10.755109	-1.568544
18270	-4.614280	11.284240	-1.841358
18271	-5.473009	11.859365	-2.117651
18272	-6.401575	12.486897	-2.392114
18273	-7.413232	13.159823	-2.706897
18274	-8.514606	13.910716	-3.146783
18275	-9.719916	14.729642	-3.740566
18276	-11.040705	15.568201	-4.540743
18277	-12.467410	16.446795	-5.515200
18278	-14.005739	17.386750	-6.601814
18279	-15.667316	18.362779	-7.730904
18280	-17.287116	19.554640	-8.677557
18281	-18.762701	20.964863	-9.378212
18282	-20.087128	22.504431	-9.765699
18283	-21.250952	24.143137	-9.805526
18284	-22.491576	25.677135	-9.900654
18285	-23.740716	27.218777	-10.025900
18286	-24.946068	28.808186	-10.204055
18287	-26.037681	30.304275	-10.292766
18288	-27.077924	31.436803	-10.366729
18289	-28.004327	32.279353	-10.472313
18290	-28.950873	32.767864	-10.730336
18291	-29.875880	32.924514	-11.105394
18292	-30.622357	32.864413	-11.443982
18293	-30.939843	32.675526	-11.629104
18294	-30.746531	32.431157	-11.538329
18295	-29.988386	32.185487	-10.977656
18296	-28.754962	32.002981	-9.987781
18297	-27.207933	31.759245	-8.785715
18298	-25.524105	31.346254	-7.527225
18299	-23.737574	30.709913	-6.266945
18300	-21.910484	29.858929	-5.054542
18301	-20.050065	28.799562	-3.874331
18302	-18.167049	27.577769	-2.696086
18303	-16.238548	26.167438	-1.504857
18304	-14.337569	24.560186	-0.415179
18305	-12.457763	22.701222	0.523354
18306	-10.537251	20.669932	1.395423
18307	-8.523695	18.533721	2.253099
18308	-6.482051	16.347282	3.030220
18309	-4.454724	14.095918	3.689749
18310	-2.452603	11.801439	4.241526
18311	-0.449540	9.444322	4.725466
18312	1.531855	7.011616	5.133501
18313	3.479263	4.496279	5.394855
18314	5.358840	1.918579	5.386290
18315	7.212511	-0.709108	5.072791
18316	9.067709	-3.281236	4.469761
18317	10.917579	-5.738029	3.616174
18318	12.694952	-8.060492	2.634311
18319	14.372073	-10.257956	1.663774
18320	15.973849	-12.312780	0.820102
18321	17.539912	-14.153813	0.212995
18322	19.041666	-15.744254	-0.202777
18323	20.449620	-17.104356	-0.506766
18324	21.782401	-18.034592	-1.046813
18325	22.948950	-18.328567	-2.196269
18326	23.644168	-18.105017	-3.472778
18327	23.700376	-17.615531	-4.165153
18328	23.245587	-16.963722	-4.133788
18329	22.529997	-16.193916	-3.525022
18330	21.693514	-15.309530	-2.459739
18331	20.787142	-14.323604	-1.296891
18332	20.143388	-13.347275	-0.991516
18333	19.831443	-12.825686	-0.770940
18334	19.299546	-12.472813	1.095267
18335	18.015226	-12.120806	3.971270
18336	16.679969	-11.333902	6.628909
18337	15.439748	-10.405015	8.853029
18338	14.370821	-9.248102	10.653023
18339	13.593642	-7.884843	11.558919
18340	13.084567	-6.600842	11.680100
18341	12.593526	-5.669687	11.479319
18342	12.001117	-4.580921	11.012490
18343	11.250522	-3.567247	10.271794
18344	10.564740	-2.921280	9.191568
18345	10.212729	-2.491315	8.223793
18346	10.044730	-2.109163	7.539568
18347	9.874088	-1.773644	7.157233
18348	9.623685	-1.390088	7.146271
18349	9.225538	-0.986735	7.319409
18350	8.832668	-0.570070	7.572104
18351	8.510494	-0.184108	7.654349
18352	8.174786	0.064378	7.338447
18353	7.811962	0.252813	6.731633
18354	7.470534	0.479778	5.905367
18355	7.133576	0.713204	4.959920
18356	6.847103	1.000935	4.188578
18357	6.563742	1.271281	3.711982
18358	6.330367	1.531794	3.555768
18359	6.102388	1.783126	3.651042
18360	5.853339	2.012002	3.851199
18361	5.610329	2.252050	4.050516
18362	5.367168	2.511369	4.138663
18363	5.112186	2.782056	4.058957
18364	4.847257	3.067425	3.896471
18365	4.572231	3.368373	3.739906
18366	4.286412	3.680435	3.652872
18367	3.985083	4.026248	3.636033
18368	3.653610	4.389057	3.670886
18369	3.293448	4.754817	3.724332
18370	2.925212	5.133243	3.773020
18371	2.543399	5.522283	3.805620
18372	2.145066	5.926755	3.804639
18373	1.726199	6.332155	3.773327
18374	1.289294	6.723219	3.723862
18375	0.832343	7.112942	3.665235
18376	0.341588	7.507590	3.571316
18377	-0.184725	7.904771	3.403516
18378	-0.741680	8.306694	3.147942
18379	-1.329486	8.731581	2.844818
18380	-1.949107	9.164791	2.527323
18381	-2.606241	9.634038	2.210067
18382	-3.311405	10.148175	1.911299
18383	-4.071678	10.682848	1.653422
18384	-4.879193	11.254494	1.461035
18385	-5.738457	11.896759	1.315378
18386	-6.670712	12.609957	1.157903
18387	-7.683459	13.406601	0.871330
18388	-8.794645	14.240314	0.387512
18389	-10.033794	15.031699	-0.313643
18390	-11.407614	15.796902	-1.203888
18391	-12.918886	16.568168	-2.304615
18392	-14.581752	17.346587	-3.637865
18393	-16.292806	18.141981	-4.895470
18394	-17.872279	19.195995	-5.894025
18395	-19.235578	20.549848	-6.493988
18396	-20.387246	22.200882	-6.741362
18397	-21.489259	23.843733	-6.774990
18398	-22.603092	25.491259	-6.767422
18399	-23.622978	27.271535	-6.718605
18400	-24.592150	29.037622	-6.666033
18401	-25.536763	30.629735	-6.678648
18402	-26.430599	32.000062	-6.734962
18403	-27.451840	32.863261	-7.018309
18404	-28.611145	33.184621	-7.583779
18405	-29.676510	33.184331	-8.318941
18406	-30.560077	32.852819	-9.139623
18407	-30.970274	32.445333	-9.770707
18408	-30.772795	32.113201	-9.883456
18409	-30.034641	31.803097	-9.546745
18410	-28.946148	31.450323	-9.009620
18411	-27.594363	30.966027	-8.337780
18412	-26.058988	30.347052	-7.561215
18413	-24.301264	29.626607	-6.616027
18414	-22.375954	28.828839	-5.512037
18415	-20.317801	27.918469	-4.216670
18416	-18.252889	26.848873	-2.808412
18417	-16.237935	25.534466	-1.453992
18418	-14.282400	23.936107	-0.259567
18419	-12.306657	22.121007	0.743630
18420	-10.319056	20.145479	1.566552
18421	-8.328276	17.994101	2.199968
18422	-6.358708	15.705651	2.614687
18423	-4.375220	13.310071	2.800606
18424	-2.347029	10.876061	2.812828
18425	-0.204848	8.429483	2.785262
18426	2.044315	5.967257	2.798515
18427	4.352156	3.428948	2.847913
18428	6.648246	0.804900	2.788798
18429	8.898027	-1.913121	2.480795
18430	11.054225	-4.581854	1.879946
18431	13.041121	-6.972348	1.179584
18432	14.764441	-9.066082	0.484178
18433	16.329474	-11.016438	-0.309915
18434	17.829287	-12.728950	-1.013277
18435	19.175926	-14.094137	-1.428521
18436	20.286777	-15.172358	-1.579516
18437	21.207447	-16.043890	-1.593189
18438	21.957872	-16.575816	-1.691269
18439	22.447922	-16.607928	-1.968066
18440	22.497341	-16.327230	-2.037194
18441	22.129690	-15.834049	-1.656798
18442	21.532171	-15.137622	-0.884010
18443	20.697452	-14.273179	0.292424
18444	19.749480	-13.191742	1.436350
18445	19.103621	-12.237942	1.473218
18446	18.871703	-11.677580	1.712278
18447	18.273065	-11.275697	3.561341
18448	17.045140	-10.705228	6.052031
18449	15.887307	-9.675498	8.177737
18450	14.785510	-8.600265	10.113499
18451	14.041875	-7.419579	11.527245
18452	13.649298	-6.145017	11.927641
18453	13.192984	-5.058754	11.495061
18454	12.479591	-3.963576	10.618289
18455	11.622850	-2.876081	9.534911
18456	10.836633	-2.159652	8.186192
18457	10.383990	-1.769018	6.865359
18458	10.255723	-1.494036	6.028360
18459	10.229263	-1.220888	5.670179
18460	10.097694	-0.868869	5.849375
18461	9.722812	-0.516725	6.214507
18462	9.272887	-0.174412	6.655937
18463	8.880234	0.137060	7.008155
18464	8.586859	0.395949	7.124067
18465	8.340188	0.636599	6.932629
18466	8.071651	0.840001	6.409764
18467	7.767401	1.030419	5.653444
18468	7.485762	1.221650	4.918288
18469	7.235292	1.402961	4.357565
18470	7.014781	1.584865	4.072707
18471	6.783102	1.778089	4.080378
18472	6.533001	1.986584	4.212404
18473	6.274454	2.201490	4.302866
18474	6.016531	2.415032	4.286709
18475	5.732313	2.628062	4.142532
18476	5.423750	2.852831	3.885901
18477	5.093520	3.092275	3.632357
18478	4.745099	3.339916	3.415207
18479	4.370627	3.604371	3.166428
18480	3.983694	3.882605	2.897311
18481	3.602525	4.216110	2.736811
18482	3.198618	4.572059	2.620565
18483	2.771038	4.952409	2.462816
18484	2.335963	5.362695	2.317708
18485	1.890433	5.780770	2.196906
18486	1.430609	6.210421	2.075540
18487	0.942828	6.637908	1.952820
18488	0.425561	7.068905	1.806591
18489	-0.128914	7.502533	1.633365
18490	-0.724863	7.943310	1.426138
18491	-1.350095	8.404509	1.187897
18492	-2.004148	8.890327	0.934808
18493	-2.688892	9.400890	0.673092
18494	-3.410729	9.951265	0.405138
18495	-4.179313	10.545211	0.181105
18496	-5.021074	11.172746	-0.026020
18497	-5.927975	11.829674	-0.223890
18498	-6.913642	12.507406	-0.456954
18499	-7.975778	13.227692	-0.828652
18500	-9.149880	13.988601	-1.405182
18501	-10.433277	14.766801	-2.207172
18502	-11.835912	15.529379	-3.227056
18503	-13.315953	16.347049	-4.361738
18504	-14.929046	17.243130	-5.565936
18505	-16.664531	18.178794	-6.786764
18506	-18.406255	19.214082	-7.937804
18507	-19.987487	20.409400	-8.841265
18508	-21.295317	21.863678	-9.390556
18509	-22.388124	23.480742	-9.558680
18510	-23.466187	25.113194	-9.554183
18511	-24.522847	26.760459	-9.519340
18512	-25.506707	28.443762	-9.522607
18513	-26.382280	29.982692	-9.472538
18514	-27.205108	31.171362	-9.417378
18515	-28.016447	31.940147	-9.484242
18516	-28.879480	32.406650	-9.787697
18517	-29.821005	32.449359	-10.232369
18518	-30.694758	32.216729	-10.765906
18519	-31.153384	31.827274	-11.168213
18520	-31.108994	31.345645	-11.371860
18521	-30.493894	30.818891	-11.169253
18522	-29.342498	30.410597	-10.467311
18523	-27.790313	30.095470	-9.383932
18524	-26.081338	29.741502	-8.157746
18525	-24.307177	29.199840	-6.923272
18526	-22.479375	28.487604	-5.705406
18527	-20.561464	27.620878	-4.464071
18528	-18.627233	26.589140	-3.215612
18529	-16.673826	25.376193	-1.954075
18530	-14.733983	23.980652	-0.722379
18531	-12.756255	22.373269	0.474929
18532	-10.725451	20.572161	1.643842
18533	-8.632290	18.571186	2.766672
18534	-6.547399	16.387919	3.778674
18535	-4.469590	14.053783	4.615415
18536	-2.434780	11.632836	5.244724
18537	-0.416505	9.149131	5.680476
18538	1.608994	6.612094	5.982659
18539	3.652431	3.951136	6.160984
18540	5.669902	1.190050	6.174864
18541	7.663385	-1.583767	5.914649
18542	9.602502	-4.286841	5.286965
18543	11.449430	-6.853145	4.368320
18544	13.108262	-9.250630	3.392754
18545	14.621543	-11.492262	2.607498
18546	16.016173	-13.535083	2.312711
18547	17.277451	-15.377785	2.518951
18548	18.370303	-17.081292	3.052107
18549	19.445966	-18.438928	3.529504
18550	20.560251	-19.221466	3.356949
18551	21.535909	-19.323482	2.300413
18552	22.166204	-18.882548	0.850138
18553	22.315316	-18.117947	-0.352653
18554	22.018488	-17.161931	-0.869256
18555	21.465246	-16.163477	-0.607525
18556	20.760105	-15.135091	0.083864
18557	20.176287	-14.065039	0.466709
18558	19.887782	-13.394689	0.127022
18559	19.617753	-12.993398	1.275620
18560	18.509704	-12.711171	3.975107
18561	17.151406	-12.043272	6.686975
18562	15.894509	-11.151736	8.988506
18563	14.663601	-10.149551	11.196326
18564	13.766667	-8.848979	12.392943
18565	13.237451	-7.518315	12.571170
18566	12.727687	-6.666903	12.457396
18567	12.198272	-5.633989	12.088891
18568	11.548362	-4.567756	11.375900
18569	10.936661	-3.835009	10.168352
18570	10.609290	-3.415912	8.988470
18571	10.443776	-2.982081	8.120973
18572	10.228609	-2.592751	7.512134
18573	9.932441	-2.191768	7.279304
18574	9.537161	-1.852927	7.289091
18575	9.186767	-1.528186	7.481713
18576	8.899348	-1.243420	7.747069
18577	8.638019	-0.941620	7.974052
18578	8.365672	-0.652319	8.007292
18579	8.065760	-0.404018	7.743557
18580	7.738649	-0.171651	7.257545
18581	7.363545	0.060542	6.587572
18582	6.979872	0.280364	5.891741
18583	6.639793	0.477570	5.342649
18584	6.366622	0.689565	5.063651
18585	6.122113	0.936377	5.091294
18586	5.881875	1.225867	5.307143
18587	5.598629	1.567167	5.519159
18588	5.263681	1.881482	5.566682
18589	4.924155	2.175501	5.434872
18590	4.581378	2.503908	5.252406
18591	4.209486	2.862851	5.045432
18592	3.821099	3.243137	4.806650
18593	3.409254	3.626089	4.561930
18594	2.981379	4.030623	4.421025
18595	2.547788	4.463517	4.336474
18596	2.088434	4.879911	4.249452
18597	1.647251	5.314405	4.221068
18598	1.205595	5.727585	4.189123
18599	0.772759	6.149302	4.136827
18600	0.336295	6.555503	4.058654
18601	-0.095338	6.956389	3.969877
18602	-0.538202	7.339266	3.840131
18603	-1.015692	7.714934	3.640908
18604	-1.536958	8.075482	3.367574
18605	-2.087314	8.431114	3.065824
18606	-2.664356	8.797976	2.766433
18607	-3.273405	9.196685	2.487182
18608	-3.927164	9.637834	2.217206
18609	-4.628271	10.119955	1.971620
18610	-5.391052	10.624902	1.750438
18611	-6.217085	11.181304	1.544652
18612	-7.122066	11.799002	1.332460
18613	-8.096226	12.496162	1.068212
18614	-9.152117	13.279944	0.696287
18615	-10.327466	14.091288	0.159382
18616	-11.628244	14.907404	-0.607199
18617	-13.048876	15.751070	-1.585929
18618	-14.621668	16.613387	-2.764379
18619	-16.326417	17.459735	-4.083300
18620	-18.047077	18.405379	-5.290040
18621	-19.591955	19.607944	-6.187181
18622	-20.858441	21.144474	-6.627966
18623	-21.945406	22.862355	-6.610812
18624	-23.017664	24.594540	-6.452970
18625	-24.002905	26.407389	-6.228463
18626	-24.943532	28.200450	-6.041003
18627	-25.746428	29.865562	-5.818193
18628	-26.505178	31.177589	-5.602276
18629	-27.250437	32.058012	-5.491413
18630	-28.079534	32.644847	-5.660728
18631	-29.004660	32.831403	-6.007982
18632	-29.918549	32.701946	-6.518097
18633	-30.571474	32.265225	-7.083873
18634	-30.829285	31.703373	-7.587841
18635	-30.554444	31.127540	-7.747091
18636	-29.729531	30.658397	-7.388968
18637	-28.449016	30.294691	-6.600857
18638	-26.953464	29.963484	-5.634487
18639	-25.351286	29.500118	-4.624488
18640	-23.712292	28.830622	-3.634367
18641	-21.975467	27.988848	-2.590120
18642	-20.247186	26.985276	-1.583973
18643	-18.496044	25.813874	-0.624651
18644	-16.698579	24.485779	0.327872
18645	-14.794995	22.981975	1.292746
18646	-12.811842	21.323578	2.230489
18647	-10.724933	19.509682	3.136833
18648	-8.586745	17.561827	3.981994
18649	-6.412322	15.486638	4.704798
18650	-4.262755	13.316786	5.259305
18651	-2.120000	11.023547	5.696079
18652	0.027194	8.651833	6.076179
18653	2.212571	6.184577	6.456534
18654	4.406901	3.646408	6.816887
18655	6.577209	1.000532	7.065711
18656	8.659798	-1.749965	7.022016
18657	10.678023	-4.531028	6.564548
18658	12.612683	-7.194522	5.802708
18659	14.352865	-9.697572	4.899190
18660	15.895673	-12.037326	3.977138
18661	17.421504	-14.192787	3.403067
18662	18.920837	-16.094823	3.239294
18663	20.380000	-17.740278	3.142125
18664	21.827695	-18.855992	2.650363
18665	23.111266	-19.251777	1.453654
18666	23.900270	-18.972174	0.020018
18667	24.101051	-18.179419	-1.123864
18668	23.716974	-17.192269	-1.591830
18669	22.991958	-16.111111	-1.295022
18670	22.020461	-15.048002	-0.366342
18671	21.194059	-13.899176	0.349754
18672	20.789114	-13.048881	-0.070706
18673	20.566630	-12.474167	0.623673
18674	19.564889	-12.144072	2.794132
18675	18.255742	-11.525679	5.173946
18676	17.042152	-10.717180	7.241357
18677	15.888454	-9.829201	9.292969
18678	14.976930	-8.696992	10.682981
18679	14.455786	-7.317075	11.024704
18680	14.001383	-6.330033	10.773719
18681	13.482125	-5.386977	10.460420
18682	12.869818	-4.381368	10.092523
18683	12.296854	-3.557571	9.387954
18684	11.885518	-3.009308	8.419645
18685	11.649041	-2.625574	7.699720
18686	11.460087	-2.292159	7.296913
18687	11.249541	-1.960440	7.144627
18688	10.967249	-1.609237	7.142794
18689	10.626059	-1.320392	7.242554
18690	10.317261	-1.044840	7.326053
18691	10.001140	-0.813591	7.342419
18692	9.674085	-0.595699	7.266230
18693	9.334746	-0.401359	7.072904
18694	8.981430	-0.263204	6.660482
18695	8.630461	-0.135880	6.126449
18696	8.280206	0.000630	5.575985
18697	7.920616	0.156675	5.058282
18698	7.568500	0.319814	4.593929
18699	7.239112	0.477682	4.222519
18700	6.935714	0.636274	4.003151
18701	6.641244	0.817840	3.961350
18702	6.343591	1.026367	4.022892
18703	6.036019	1.241150	4.099318
18704	5.717269	1.449898	4.098855
18705	5.388652	1.657286	3.996399
18706	5.048241	1.883721	3.835288
18707	4.677547	2.152396	3.675612
18708	4.278781	2.442392	3.534048
18709	3.865355	2.752941	3.424485
18710	3.455023	3.095327	3.401101
18711	3.027489	3.467549	3.428695
18712	2.586141	3.869015	3.406064
18713	2.123610	4.279465	3.227333
18714	1.660361	4.668680	2.989043
18715	1.188934	5.040541	2.783749
18716	0.704422	5.426444	2.592452
18717	0.180812	5.804549	2.403344
18718	-0.354093	6.197032	2.248802
18719	-0.923172	6.579812	2.023987
18720	-1.534382	6.950178	1.724736
18721	-2.172762	7.362464	1.438671
18722	-2.848694	7.816144	1.172462
18723	-3.557773	8.311733	0.880803
18724	-4.308952	8.855281	0.614783
18725	-5.123262	9.456518	0.402304
18726	-6.019595	10.125468	0.211330
18727	-6.998714	10.859659	-0.031394
18728	-8.062840	11.664706	-0.428363
18729	-9.236162	12.486174	-1.004884
18730	-10.519022	13.330136	-1.785442
18731	-11.867952	14.235404	-2.641711
18732	-13.327831	15.206773	-3.611442
18733	-14.854528	16.259964	-4.527796
18734	-16.427736	17.378202	-5.343576
18735	-17.859526	18.733541	-5.946919
18736	-19.174731	20.322742	-6.266187
18737	-20.352627	22.009539	-6.296399
18738	-21.475673	23.710897	-6.218802
18739	-22.626650	25.338125	-6.136614
18740	-23.748260	27.021190	-6.090028
18741	-24.752686	28.665176	-6.006733
18742	-25.740645	30.077609	-5.983498
18743	-26.616011	31.193860	-5.932776
18744	-27.520749	31.967796	-6.014934
18745	-28.484612	32.363843	-6.326944
18746	-29.363022	32.492158	-6.730679
18747	-29.923359	32.399940	-7.081261
18748	-30.036895	32.188629	-7.248760
18749	-29.566735	31.955626	-6.982323
18750	-28.600957	31.765597	-6.281451
18751	-27.258694	31.549530	-5.280998
18752	-25.724886	31.203977	-4.158341
18753	-24.079460	30.640022	-3.012979
18754	-22.396871	29.871908	-1.925682
18755	-20.682526	28.892438	-0.915088
18756	-18.971046	27.735500	0.000580
18757	-17.201655	26.402593	0.896095
18758	-15.421234	24.882040	1.745208
18759	-13.627879	23.108746	2.497476
18760	-11.774619	21.160492	3.176721
18761	-9.827608	19.030605	3.851968
18762	-7.821035	16.770822	4.472605
18763	-5.761290	14.407371	5.034455
18764	-3.673721	11.981120	5.562544
18765	-1.557790	9.486313	6.047901
18766	0.577270	6.949067	6.499166
18767	2.782916	4.355748	6.940361
18768	5.022503	1.686860	7.329808
18769	7.255520	-1.102815	7.545250
18770	9.421230	-3.961860	7.371970
18771	11.467437	-6.773348	6.659760
18772	13.252399	-9.355418	5.508896
18773	14.890099	-11.723253	4.230654
18774	16.571497	-13.823475	3.242586
18775	18.154832	-15.657853	2.894520
18776	19.500029	-17.292591	3.079216
18777	20.625019	-18.596671	3.525925
18778	21.661698	-19.245179	3.446590
18779	22.419715	-19.189789	2.593463
18780	22.625493	-18.634593	1.878715
18781	22.184977	-17.833548	1.921574
18782	21.305179	-16.814186	2.692267
18783	20.151540	-15.717166	3.786872
18784	19.270868	-14.421061	4.211151
18785	18.922618	-13.522283	3.368950
18786	18.840056	-12.874245	3.472265
18787	18.041914	-12.389643	5.310061
18788	16.819364	-11.542166	7.524574
18789	15.550401	-10.539550	9.643948
18790	14.418007	-9.524409	11.890268
18791	13.679748	-8.318783	13.484623
18792	13.339950	-6.956551	13.964201
18793	12.899220	-5.932571	13.909880
18794	12.272099	-4.920889	13.584572
18795	11.568583	-3.921365	12.858855
18796	11.012788	-3.099491	11.626966
18797	10.639008	-2.630066	10.095296
18798	10.432707	-2.424087	8.872938
18799	10.338525	-2.212601	8.236396
18800	10.200044	-1.925189	8.238887
18801	9.931386	-1.632188	8.727317
18802	9.592631	-1.337714	9.358487
18803	9.260845	-1.042302	9.892613
18804	8.939594	-0.788602	10.147116
18805	8.623036	-0.574326	10.114038
18806	8.312304	-0.407256	9.829869
18807	7.999031	-0.289824	9.251444
18808	7.682421	-0.196614	8.489900
18809	7.377214	-0.089925	7.740427
18810	7.085046	0.036651	7.120178
18811	6.803886	0.179229	6.611077
18812	6.526996	0.314767	6.224057
18813	6.268111	0.449940	6.037672
18814	6.028995	0.595916	6.072697
18815	5.787395	0.775858	6.245099
18816	5.536608	0.971524	6.411170
18817	5.267839	1.170353	6.450175
18818	4.966984	1.366547	6.303983
18819	4.652721	1.575019	6.042050
18820	4.315916	1.827536	5.789569
18821	3.941749	2.116633	5.612032
18822	3.570668	2.429623	5.523920
18823	3.219994	2.815570	5.459544
18824	2.852178	3.226743	5.326928
18825	2.446126	3.612494	5.153751
18826	2.035583	4.024501	5.034300
18827	1.585966	4.418876	4.884520
18828	1.118311	4.824265	4.712251
18829	0.639013	5.263173	4.561826
18830	0.117934	5.703046	4.391656
18831	-0.423955	6.159417	4.222964
18832	-1.004444	6.606242	4.019009
18833	-1.619711	7.087893	3.784074
18834	-2.289240	7.596872	3.474633
18835	-3.004933	8.124942	3.143748
18836	-3.762132	8.689794	2.853876
18837	-4.570437	9.315884	2.664165
18838	-5.446131	9.988688	2.553750
18839	-6.388206	10.732139	2.383979
18840	-7.409558	11.513719	2.063456
18841	-8.521351	12.298815	1.523768
18842	-9.721140	13.100714	0.828685
18843	-11.015450	13.947428	-0.028962
18844	-12.428150	14.849072	-1.035736
18845	-13.942180	15.743668	-2.121856
18846	-15.502709	16.698466	-3.225192
18847	-16.987444	17.837260	-4.070865
18848	-18.294269	19.327691	-4.655196
18849	-19.435102	20.979242	-4.892139
18850	-20.499340	22.658710	-4.897776
18851	-21.604852	24.246551	-4.917662
18852	-22.661333	25.895530	-4.961106
18853	-23.629049	27.509008	-4.979883
18854	-24.579251	28.956472	-5.040507
18855	-25.433388	30.118671	-5.047828
18856	-26.308628	30.920563	-5.212379
18857	-27.244344	31.362205	-5.580366
18858	-28.182624	31.517516	-6.043519
18859	-28.896694	31.440375	-6.488578
18860	-29.278970	31.229411	-6.885416
18861	-29.130710	31.000896	-6.934174
18862	-28.412104	30.865074	-6.447351
18863	-27.227816	30.773361	-5.548963
18864	-25.795055	30.606006	-4.499177
18865	-24.232242	30.219141	-3.429060
18866	-22.618496	29.604634	-2.414561
18867	-20.916741	28.785828	-1.441405
18868	-19.189474	27.790576	-0.521574
18869	-17.430626	26.611386	0.342686
18870	-15.619571	25.254507	1.178105
18871	-13.730715	23.703764	1.992700
18872	-11.808623	21.962168	2.731152
18873	-9.800287	20.037139	3.469363
18874	-7.727071	17.959772	4.220196
18875	-5.604641	15.740489	4.925566
18876	-3.464105	13.441671	5.595098
18877	-1.278013	11.084766	6.278998
18878	0.913502	8.682871	6.941739
18879	3.123134	6.194358	7.583025
18880	5.326736	3.586462	8.208715
18881	7.464043	0.822635	8.716492
18882	9.456761	-2.000726	8.870027
18883	11.280735	-4.792076	8.552394
18884	12.871725	-7.419735	7.869324
18885	14.246469	-9.850833	6.925203
18886	15.622066	-12.053677	5.902731
18887	17.077328	-13.947512	5.235797
18888	18.415569	-15.673478	5.126082
18889	19.610901	-17.232868	5.261967
18890	20.743384	-18.340956	5.239827
18891	21.772108	-18.817382	4.723581
18892	22.472594	-18.672555	3.774206
18893	22.682861	-18.194557	2.946479
18894	22.370314	-17.464880	2.670799
18895	21.672796	-16.476360	2.982452
18896	20.669936	-15.349545	3.627115
18897	19.887249	-14.103810	3.769255
18898	19.616823	-13.311620	2.972229
18899	19.527912	-12.772332	3.482315
18900	18.564546	-12.414041	5.640545
18901	17.283891	-11.710850	7.869077
18902	16.065822	-10.869395	9.959897
18903	15.078532	-9.987366	11.850695
18904	14.527216	-8.865054	12.877224
18905	14.169315	-7.652426	13.026086
18906	13.671223	-6.630957	12.659556
18907	13.022928	-5.583752	12.098982
18908	12.363164	-4.663333	11.356991
18909	11.919655	-3.999127	10.398600
18910	11.699789	-3.512335	9.485326
18911	11.548162	-3.140429	8.896002
18912	11.402878	-2.789544	8.739171
18913	11.219277	-2.445671	8.950880
18914	10.924939	-2.126354	9.260818
18915	10.624996	-1.841323	9.546352
18916	10.370916	-1.558568	9.678470
18917	10.101562	-1.304088	9.600264
18918	9.806650	-1.074372	9.308412
18919	9.481853	-0.878093	8.782394
18920	9.132388	-0.732801	8.053588
18921	8.777194	-0.607315	7.253529
18922	8.424002	-0.488661	6.498197
18923	8.065081	-0.371842	5.877745
18924	7.734478	-0.240899	5.446583
18925	7.437260	-0.082796	5.224477
18926	7.153141	0.078598	5.190312
18927	6.866168	0.272529	5.231337
18928	6.550509	0.491113	5.216739
18929	6.191313	0.709192	5.059465
18930	5.809453	0.923625	4.786176
18931	5.429628	1.159499	4.515432
18932	5.055410	1.439575	4.313416
18933	4.656674	1.761440	4.130431
18934	4.229310	2.125223	3.961914
18935	3.785400	2.516250	3.822725
18936	3.343810	2.931386	3.764493
18937	2.922769	3.387848	3.715633
18938	2.487062	3.840827	3.569917
18939	2.037350	4.287594	3.431188
18940	1.583855	4.730926	3.318536
18941	1.102121	5.150826	3.138444
18942	0.586888	5.573591	2.944341
18943	0.036534	6.009303	2.767446
18944	-0.551017	6.447722	2.577359
18945	-1.163462	6.900991	2.353000
18946	-1.827123	7.367325	2.111012
18947	-2.554837	7.863950	1.821127
18948	-3.335849	8.391523	1.477439
18949	-4.165818	8.952968	1.092931
18950	-5.051829	9.551901	0.705547
18951	-6.003909	10.214878	0.343087
18952	-7.031178	10.949058	0.006793
18953	-8.137064	11.748087	-0.357396
18954	-9.336135	12.585651	-0.838996
18955	-10.610379	13.463525	-1.492008
18956	-11.959150	14.426544	-2.329116
18957	-13.437056	15.407485	-3.292139
18958	-14.943861	16.505201	-4.228170
18959	-16.396828	17.751743	-5.001473
18960	-17.684462	19.252692	-5.453605
18961	-18.844850	20.956413	-5.530312
18962	-19.948647	22.719282	-5.411999
18963	-21.056940	24.398891	-5.298001
18964	-22.137685	26.136668	-5.145671
18965	-23.077537	27.908516	-4.958767
18966	-23.933684	29.529840	-4.761519
18967	-24.805719	30.738701	-4.713278
18968	-25.698465	31.646308	-4.856125
18969	-26.648475	32.154704	-5.187164
18970	-27.648517	32.231476	-5.694070
18971	-28.401829	31.973107	-6.209796
18972	-28.692848	31.595428	-6.605098
18973	-28.305903	31.308048	-6.505032
18974	-27.318251	31.172609	-5.799281
18975	-25.897685	31.054691	-4.713368
18976	-24.296603	30.780184	-3.514566
18977	-22.613361	30.276267	-2.299347
18978	-20.886492	29.621673	-1.102887
18979	-19.104054	28.814073	0.111562
18980	-17.319930	27.849028	1.304418
18981	-15.538805	26.688553	2.450975
18982	-13.809676	25.286572	3.480869
18983	-12.079090	23.625760	4.352061
18984	-10.343429	21.739586	5.022587
18985	-8.552041	19.661788	5.527684
18986	-6.747655	17.431113	5.875464
18987	-4.901384	15.084455	6.092214
18988	-3.015979	12.696484	6.227957
18989	-1.080867	10.259002	6.316645
18990	0.895012	7.756111	6.399157
18991	2.918400	5.184079	6.439384
18992	4.957752	2.598030	6.372826
18993	7.003788	0.011542	6.149794
18994	9.020082	-2.540129	5.742273
18995	10.975083	-5.012221	5.189861
18996	12.788138	-7.331695	4.623503
18997	14.412558	-9.476067	4.094805
18998	15.871806	-11.492150	3.607637
18999	17.260909	-13.438498	3.321672
19000	18.562686	-15.213703	3.275505
19001	19.785809	-16.686413	3.242514
19002	20.942836	-17.798979	3.009747
19003	22.017655	-18.386506	2.367388
19004	22.835399	-18.426613	1.432537
19005	23.192723	-18.158575	0.709684
19006	23.041824	-17.645984	0.431244
19007	22.516857	-16.919862	0.619624
19008	21.677378	-16.057166	1.335955
19009	20.680949	-15.013926	2.312307
19010	19.981311	-13.915112	2.386621
19011	19.757786	-13.231058	2.082692
19012	19.439020	-12.796637	3.199848
19013	18.392655	-12.459352	5.433956
19014	17.225516	-11.722935	7.736903
19015	16.068539	-10.851776	10.103421
19016	15.048876	-9.956549	12.217380
19017	14.507447	-8.751697	13.244733
19018	14.175599	-7.476769	13.309164
19019	13.660453	-6.459745	12.827404
19020	12.975819	-5.436671	12.029880
19021	12.268897	-4.481347	11.127486
19022	11.756085	-3.761347	10.142968
19023	11.488118	-3.377408	9.229311
19024	11.378296	-3.097133	8.607125
19025	11.223154	-2.737838	8.384796
19026	10.964917	-2.385328	8.526134
19027	10.607836	-2.059521	8.706370
19028	10.273920	-1.784214	8.888554
19029	9.978466	-1.501938	8.975203
19030	9.676078	-1.270606	8.891768
19031	9.368963	-1.073278	8.602755
19032	9.052134	-0.924364	8.059617
19033	8.709299	-0.800066	7.328388
19034	8.351698	-0.684756	6.576306
19035	7.991213	-0.564971	5.928490
19036	7.661449	-0.438046	5.483697
19037	7.359342	-0.301222	5.250399
19038	7.091051	-0.158758	5.165506
19039	6.819511	-0.010456	5.156701
19040	6.540851	0.159308	5.172240
19041	6.249681	0.330870	5.122308
19042	5.948156	0.517914	4.966313
19043	5.612076	0.721384	4.706469
19044	5.248323	0.922597	4.397774
19045	4.875034	1.170395	4.174658
19046	4.487155	1.474829	4.081637
19047	4.105024	1.848879	4.007192
19048	3.716171	2.231494	3.765396
19049	3.313818	2.594835	3.461696
19050	2.916094	2.975663	3.308065
19051	2.496302	3.364634	3.171893
19052	2.056809	3.760684	3.057802
19053	1.599960	4.167261	2.993987
19054	1.103167	4.572406	2.919364
19055	0.577363	5.010501	2.793389
19056	0.021703	5.462020	2.640761
19057	-0.568853	5.904541	2.427879
19058	-1.194903	6.365337	2.141426
19059	-1.876762	6.873679	1.833998
19060	-2.604250	7.445409	1.528780
19061	-3.388151	8.063753	1.231520
19062	-4.213354	8.721999	0.985071
19063	-5.098203	9.440250	0.762735
19064	-6.065981	10.202149	0.560117
19065	-7.128225	11.021152	0.273440
19066	-8.290734	11.840173	-0.139935
19067	-9.533839	12.671579	-0.766687
19068	-10.852393	13.560591	-1.498798
19069	-12.311734	14.493936	-2.362874
19070	-13.886059	15.489579	-3.420937
19071	-15.505841	16.514040	-4.472530
19072	-17.078647	17.649912	-5.417626
19073	-18.461609	19.054755	-6.059250
19074	-19.669977	20.668283	-6.434247
19075	-20.858429	22.203054	-6.573458
19076	-21.977457	23.890848	-6.637719
19077	-23.038445	25.538383	-6.705973
19078	-23.935396	27.231031	-6.629490
19079	-24.769559	28.633400	-6.586931
19080	-25.632486	29.752064	-6.708287
19081	-26.685795	30.338075	-7.102256
19082	-27.829922	30.431970	-7.650664
19083	-28.758727	30.217426	-8.199111
19084	-29.288815	29.870842	-8.719374
19085	-29.159163	29.636831	-8.827187
19086	-28.382065	29.651349	-8.311936
19087	-27.145511	29.772720	-7.411039
19088	-25.691669	29.763060	-6.385580
19089	-24.060240	29.558809	-5.271015
19090	-22.300390	29.184944	-4.118316
19091	-20.463762	28.619453	-2.953161
19092	-18.582473	27.957382	-1.770530
19093	-16.700094	27.124202	-0.605395
19094	-14.875841	26.049790	0.514371
19095	-13.102745	24.676670	1.465538
19096	-11.397459	23.041512	2.121910
19097	-9.676078	21.178148	2.565815
19098	-7.926090	19.142849	2.878142
19099	-6.130148	16.967716	3.094381
19100	-4.287959	14.725015	3.238824
19101	-2.374317	12.440219	3.319461
19102	-0.390698	10.120209	3.361139
19103	1.680414	7.747586	3.419421
19104	3.808838	5.319038	3.514728
19105	5.960050	2.807374	3.573548
19106	8.068041	0.267136	3.468500
19107	10.136589	-2.245429	3.121797
19108	12.118701	-4.681434	2.582701
19109	13.954438	-7.003891	1.990006
19110	15.554752	-9.187102	1.388345
19111	16.991573	-11.240053	0.838001
19112	18.351899	-13.161340	0.574265
19113	19.627001	-14.892386	0.628811
19114	20.790465	-16.327407	0.819780
19115	21.845223	-17.393976	0.957230
19116	22.720160	-17.927058	0.778439
19117	23.275653	-17.931140	0.302951
19118	23.378077	-17.619362	-0.016681
19119	23.024197	-17.058569	0.141591
19120	22.239886	-16.356033	0.927084
19121	21.213960	-15.429126	2.116431
19122	20.395470	-14.240113	2.328497
19123	20.028811	-13.290597	1.506050
19124	19.829777	-12.558161	1.711485
19125	18.970414	-12.035287	3.063919
19126	17.795451	-11.140379	4.867097
19127	16.514142	-10.186620	6.779455
19128	15.375121	-9.242114	8.713796
19129	14.720000	-8.115122	10.038766
19130	14.261236	-7.038175	10.676171
19131	13.701237	-6.048564	10.945604
19132	12.997334	-4.944607	10.897174
19133	12.259507	-3.994464	10.473234
19134	11.751640	-3.323794	9.652372
19135	11.460218	-2.787294	8.750285
19136	11.198597	-2.345048	7.981448
19137	10.932092	-1.974506	7.641757
19138	10.664977	-1.597958	7.737335
19139	10.309655	-1.256203	8.073665
19140	9.967925	-0.910857	8.546842
19141	9.642258	-0.572500	8.969662
19142	9.320012	-0.252027	9.122323
19143	8.967921	0.021372	8.981626
19144	8.592015	0.247843	8.612937
19145	8.199950	0.476250	8.039778
19146	7.779233	0.697758	7.352065
19147	7.363853	0.899786	6.696546
19148	7.010915	1.082527	6.179706
19149	6.712007	1.274781	5.935455
19150	6.443246	1.504636	5.962191
19151	6.158303	1.767452	6.082473
19152	5.850570	2.008278	6.156879
19153	5.532614	2.218239	6.082704
19154	5.209928	2.417972	5.843022
19155	4.874551	2.630065	5.487942
19156	4.560681	2.875660	5.125663
19157	4.259749	3.161526	4.825315
19158	3.946348	3.456805	4.517701
19159	3.597252	3.744796	4.292008
19160	3.249896	4.051048	4.220080
19161	2.889110	4.366353	4.175438
19162	2.507015	4.663785	4.069001
19163	2.123220	4.989705	3.914193
19164	1.732914	5.316729	3.743112
19165	1.321916	5.637129	3.536221
19166	0.896838	5.971973	3.339284
19167	0.420680	6.320027	3.152151
19168	-0.097313	6.682604	2.944580
19169	-0.662588	7.064301	2.681506
19170	-1.263352	7.463625	2.376494
19171	-1.908395	7.888846	2.033292
19172	-2.598208	8.373383	1.667272
19173	-3.349042	8.902036	1.315164
19174	-4.154762	9.475291	1.034778
19175	-5.022515	10.100575	0.824554
19176	-5.969370	10.772021	0.651204
19177	-7.001905	11.509528	0.404289
19178	-8.121584	12.276098	0.015481
19179	-9.329196	13.045763	-0.548020
19180	-10.613642	13.842524	-1.257668
19181	-12.025977	14.678611	-2.175025
19182	-13.574300	15.558810	-3.333956
19183	-15.187626	16.449078	-4.518693
19184	-16.715083	17.509051	-5.563233
19185	-18.035099	18.834803	-6.260287
19186	-19.202691	20.359601	-6.629099
19187	-20.347438	21.882686	-6.746262
19188	-21.523922	23.440427	-6.844945
19189	-22.602624	25.125718	-6.897566
19190	-23.580146	26.808031	-6.863511
19191	-24.482339	28.295356	-6.836734
19192	-25.331582	29.547137	-6.797891
19193	-26.209425	30.423752	-6.918305
19194	-27.174953	30.948246	-7.263376
19195	-28.120345	31.158336	-7.717887
19196	-28.896763	31.137696	-8.168830
19197	-29.338647	30.948068	-8.578732
19198	-29.317247	30.744792	-8.757700
19199	-28.760619	30.612706	-8.506940
19200	-27.791072	30.537201	-7.869960
19201	-26.557314	30.406644	-7.044673
19202	-25.194935	30.140794	-6.144565
19203	-23.721501	29.713084	-5.216358
19204	-22.173125	29.136910	-4.277227
19205	-20.513793	28.423235	-3.282799
19206	-18.797047	27.571353	-2.264034
19207	-17.057302	26.514828	-1.264590
19208	-15.318698	25.224882	-0.351225
19209	-13.521525	23.714448	0.448837
19210	-11.652007	22.055126	1.165322
19211	-9.674333	20.260994	1.900127
19212	-7.647689	18.338180	2.654126
19213	-5.589332	16.287509	3.379862
19214	-3.520349	14.165202	4.027548
19215	-1.436255	11.961913	4.568207
19216	0.645202	9.675176	4.989477
19217	2.738992	7.293062	5.258230
19218	4.818195	4.808154	5.323563
19219	6.884131	2.225694	5.106094
19220	8.961041	-0.397524	4.561416
19221	11.086256	-2.988792	3.661519
19222	13.250338	-5.455705	2.454708
19223	15.381379	-7.745517	1.077028
19224	17.335932	-9.859904	-0.376836
19225	19.151393	-11.825175	-1.756567
19226	20.846791	-13.672835	-2.763950
19227	22.420989	-15.300567	-3.355807
19228	23.792185	-16.704661	-3.522466
19229	24.924679	-17.580717	-3.497486
19230	25.569190	-17.729639	-3.635007
19231	25.530367	-17.360349	-3.636630
19232	24.933398	-16.736013	-3.180534
19233	24.034795	-15.923181	-2.426721
19234	23.016834	-15.040129	-1.410274
19235	22.049237	-14.048690	-0.415600
19236	21.478677	-12.943039	-0.357794
19237	21.286950	-12.289194	-1.014519
19238	21.136680	-11.774854	-0.341219
19239	20.222148	-11.388671	1.621123
19240	19.003513	-10.655243	3.916238
19241	17.751716	-9.883739	6.239435
19242	16.714206	-8.995693	8.346583
19243	16.091582	-7.858383	9.756856
19244	15.586793	-6.793425	10.322744
19245	14.948963	-5.767750	10.329409
19246	14.162873	-4.563453	9.879470
19247	13.309342	-3.546207	8.932657
19248	12.719600	-2.844237	7.764392
19249	12.412371	-2.331112	6.778255
19250	12.167021	-1.925114	6.115709
19251	11.917192	-1.546507	5.884575
19252	11.588892	-1.148753	5.921115
19253	11.203650	-0.785169	6.149691
19254	10.846605	-0.460825	6.476961
19255	10.503689	-0.170030	6.746477
19256	10.161072	0.095449	6.812519
19257	9.807914	0.326654	6.611645
19258	9.440704	0.522235	6.098090
19259	9.047209	0.701765	5.351982
19260	8.637537	0.876157	4.521527
19261	8.228281	1.051959	3.787415
19262	7.871785	1.220419	3.235249
19263	7.570350	1.379517	2.936110
19264	7.318795	1.560441	2.903974
19265	7.055115	1.783088	3.021590
19266	6.764923	2.003797	3.090562
19267	6.447562	2.210619	2.996968
19268	6.102911	2.408794	2.694182
19269	5.748599	2.618299	2.312678
19270	5.391071	2.820192	1.915274
19271	5.028475	3.039701	1.606399
19272	4.683330	3.314331	1.487021
19273	4.305358	3.610631	1.456078
19274	3.926482	3.937770	1.450921
19275	3.529477	4.283658	1.429780
19276	3.127393	4.650916	1.366684
19277	2.692274	5.030443	1.278007
19278	2.227604	5.403393	1.166811
19279	1.725423	5.769227	1.023179
19280	1.194180	6.145292	0.860713
19281	0.627725	6.551921	0.700907
19282	0.027177	6.962793	0.528670
19283	-0.609939	7.385563	0.305865
19284	-1.276350	7.837713	0.028364
19285	-1.984561	8.336197	-0.281384
19286	-2.729532	8.878221	-0.592349
19287	-3.526322	9.447522	-0.876065
19288	-4.371006	10.039262	-1.113605
19289	-5.271715	10.670789	-1.329445
19290	-6.236686	11.346520	-1.562559
19291	-7.289219	12.075106	-1.864860
19292	-8.438105	12.837160	-2.326773
19293	-9.678383	13.615844	-2.958920
19294	-11.008531	14.434735	-3.751215
19295	-12.442630	15.308698	-4.680798
19296	-14.016749	16.216752	-5.720867
19297	-15.646905	17.180885	-6.806659
19298	-17.252100	18.225312	-7.765557
19299	-18.670808	19.434690	-8.439809
19300	-19.879352	20.870149	-8.825384
19301	-20.988502	22.423461	-8.937213
19302	-22.104984	23.986332	-9.002071
19303	-23.185428	25.573662	-9.095255
19304	-24.187282	27.137994	-9.133541
19305	-25.082916	28.575236	-9.127105
19306	-25.944903	29.662603	-9.147519
19307	-26.812877	30.393567	-9.337747
19308	-27.746538	30.821696	-9.724987
19309	-28.758431	30.845131	-10.312203
19310	-29.603428	30.637335	-10.941233
19311	-30.038590	30.318382	-11.434391
19312	-30.000162	29.948896	-11.657410
19313	-29.409714	29.658719	-11.411632
19314	-28.355302	29.507454	-10.700719
19315	-27.001718	29.364014	-9.729939
19316	-25.535018	29.084141	-8.709722
19317	-24.002669	28.595621	-7.708916
19318	-22.386857	27.933991	-6.672866
19319	-20.667702	27.120483	-5.580784
19320	-18.900522	26.186696	-4.483044
19321	-17.106601	25.059258	-3.428138
19322	-15.289579	23.724007	-2.438379
19323	-13.416483	22.192108	-1.530666
19324	-11.492558	20.480082	-0.699389
19325	-9.485831	18.601016	0.098952
19326	-7.416339	16.613332	0.868814
19327	-5.308345	14.527207	1.578560
19328	-3.216762	12.336188	2.198343
19329	-1.146409	10.007193	2.745078
19330	0.863684	7.565644	3.119071
19331	2.844830	5.060659	3.289853
19332	4.835819	2.545878	3.276648
19333	6.870106	0.014303	3.063942
19334	8.933703	-2.535199	2.659223
19335	11.003858	-5.065584	2.043078
19336	13.023421	-7.476985	1.216515
19337	14.923797	-9.697393	0.236614
19338	16.667367	-11.731412	-0.834209
19339	18.333343	-13.598345	-1.872778
19340	19.919388	-15.244370	-2.657166
19341	21.404758	-16.638766	-3.205509
19342	22.791011	-17.676555	-3.717609
19343	24.012756	-18.139285	-4.510150
19344	24.794909	-18.025040	-5.485526
19345	24.965857	-17.511243	-6.120379
19346	24.585262	-16.806391	-6.136113
19347	23.865977	-16.026096	-5.466257
19348	22.998086	-15.179722	-4.197444
19349	22.069395	-14.299123	-2.772584
19350	21.413890	-13.429003	-2.095044
19351	21.080445	-12.982803	-1.593597
19352	20.499648	-12.660254	0.633576
19353	19.149024	-12.272811	3.646569
19354	17.759548	-11.454188	6.355978
19355	16.493128	-10.499319	8.702710
19356	15.669785	-9.263153	10.515079
19357	15.109863	-8.068762	11.338406
19358	14.543453	-6.996144	11.471260
19359	13.860016	-5.759101	11.080817
19360	13.031672	-4.599023	10.010474
19361	12.321658	-3.682561	8.324156
19362	11.902897	-2.987207	6.553487
19363	11.624350	-2.437429	5.148441
19364	11.401173	-1.990687	4.250204
19365	11.142398	-1.590864	4.056757
19366	10.768993	-1.242923	4.443256
19367	10.334888	-0.916395	5.233886
19368	9.920357	-0.650976	6.202388
19369	9.591175	-0.400093	7.029013
19370	9.300603	-0.191846	7.461615
19371	9.019845	0.018277	7.382810
19372	8.725863	0.248172	6.873282
19373	8.420966	0.507903	6.165506
19374	8.127052	0.775456	5.449242
19375	7.846724	1.029378	4.835753
19376	7.589610	1.229642	4.326478
19377	7.340989	1.390799	4.009347
19378	7.134902	1.563327	4.111739
19379	6.899630	1.765028	4.502622
19380	6.613476	1.976542	4.820464
19381	6.306607	2.163867	4.834656
19382	6.011543	2.370551	4.549825
19383	5.713764	2.607907	4.139435
19384	5.428369	2.857157	3.775640
19385	5.131791	3.128598	3.521514
19386	4.820881	3.410912	3.405074
19387	4.490155	3.716745	3.424872
19388	4.164707	4.043689	3.502538
19389	3.820720	4.373462	3.535441
19390	3.450364	4.700959	3.497226
19391	3.057154	5.038529	3.394939
19392	2.656447	5.389327	3.265130
19393	2.224032	5.753290	3.090107
19394	1.751404	6.138986	2.868908
19395	1.226781	6.519737	2.618676
19396	0.664811	6.880844	2.348320
19397	0.049730	7.260132	2.049963
19398	-0.620368	7.678516	1.738521
19399	-1.344731	8.147275	1.434168
19400	-2.108373	8.650044	1.134816
19401	-2.916384	9.188734	0.880104
19402	-3.765800	9.782006	0.678600
19403	-4.680876	10.432684	0.499767
19404	-5.651538	11.161904	0.263240
19405	-6.716920	11.943677	-0.110963
19406	-7.895576	12.693812	-0.661357
19407	-9.146740	13.475255	-1.427587
19408	-10.466926	14.345119	-2.328864
19409	-11.931870	15.229238	-3.295017
19410	-13.485850	16.130586	-4.347949
19411	-15.015657	17.143891	-5.420217
19412	-16.402918	18.408931	-6.256965
19413	-17.669962	19.898379	-6.839763
19414	-18.956599	21.406441	-7.256672
19415	-20.143406	22.912549	-7.474311
19416	-21.263845	24.409345	-7.621731
19417	-22.325389	25.913461	-7.763537
19418	-23.366760	27.370506	-7.958542
19419	-24.445308	28.593419	-8.244376
19420	-25.512124	29.600930	-8.582100
19421	-26.712974	30.148465	-9.163541
19422	-27.948836	30.351810	-9.917261
19423	-29.019033	30.354459	-10.736337
19424	-29.827780	30.188815	-11.405628
19425	-30.208235	30.013372	-11.770988
19426	-30.104889	29.940385	-11.691599
19427	-29.588867	29.952471	-11.259304
19428	-28.809930	29.963863	-10.659827
19429	-27.806909	29.887050	-9.952148
19430	-26.617547	29.722191	-9.147316
19431	-25.242203	29.455650	-8.235494
19432	-23.734513	29.075069	-7.251667
19433	-22.103631	28.536941	-6.216377
19434	-20.385276	27.828721	-5.171546
19435	-18.555309	26.942993	-4.127379
19436	-16.641884	25.905693	-3.083874
19437	-14.659747	24.695905	-2.029352
19438	-12.642742	23.307859	-0.971723
19439	-10.596960	21.736397	0.073780
19440	-8.549287	19.987218	1.087649
19441	-6.512887	18.054545	2.004065
19442	-4.523064	15.974288	2.747304
19443	-2.542190	13.768750	3.309020
19444	-0.554718	11.468243	3.690126
19445	1.468400	9.086079	3.936202
19446	3.525437	6.619139	4.040473
19447	5.641900	4.048604	4.014441
19448	7.787199	1.371852	3.813066
19449	9.931833	-1.407379	3.338825
19450	12.072320	-4.159052	2.436462
19451	14.205346	-6.703476	1.104803
19452	16.152602	-8.951777	-0.429632
19453	17.877106	-10.979528	-1.965928
19454	19.526541	-12.839449	-3.212832
19455	21.095727	-14.564354	-3.854685
19456	22.500881	-16.121300	-4.019776
19457	23.680701	-17.409151	-3.891299
19458	24.632963	-18.060126	-3.912899
19459	25.153157	-18.019421	-4.311254
19460	25.096138	-17.489103	-4.600179
19461	24.524127	-16.730732	-4.264993
19462	23.594051	-15.805009	-3.225046
19463	22.469817	-14.816060	-1.910760
19464	21.648716	-13.850581	-1.479475
19465	21.404803	-13.117940	-1.944114
19466	21.005271	-12.647191	-0.896227
19467	19.921442	-12.161959	0.845210
19468	18.744858	-11.239759	2.614341
19469	17.466084	-10.295150	4.461773
19470	16.486647	-9.222590	6.030446
19471	15.952326	-8.042218	6.708439
19472	15.387909	-7.172819	6.962335
19473	14.750371	-6.055206	6.949710
19474	13.917066	-5.038936	6.470167
19475	13.243606	-4.342573	5.566110
19476	12.952086	-3.732462	4.706011
19477	12.693077	-3.269081	4.039133
19478	12.516045	-2.848808	3.658045
19479	12.254293	-2.422024	3.421618
19480	11.845033	-2.078900	3.303781
19481	11.426113	-1.788359	3.296093
19482	11.040900	-1.545774	3.375304
19483	10.687383	-1.299980	3.470861
19484	10.347831	-1.067356	3.491874
19485	10.001398	-0.836743	3.426177
19486	9.663188	-0.595811	3.254580
19487	9.305796	-0.343467	2.989204
19488	8.940267	-0.083487	2.697201
19489	8.580822	0.171647	2.443781
19490	8.250602	0.400852	2.265009
19491	7.945848	0.616442	2.206807
19492	7.663716	0.827800	2.185260
19493	7.371382	1.032862	2.174472
19494	7.082992	1.234782	2.140688
19495	6.800456	1.454350	2.086958
19496	6.530141	1.686660	2.007406
19497	6.258332	1.932607	1.904404
19498	5.971618	2.184757	1.749778
19499	5.638416	2.419247	1.543573
19500	5.311759	2.689002	1.473375
19501	4.956447	2.980554	1.508785
19502	4.579590	3.310683	1.567625
19503	4.155697	3.634946	1.589023
19504	3.721635	3.947985	1.551347
19505	3.296638	4.291535	1.501969
19506	2.865296	4.650407	1.454615
19507	2.409001	5.034225	1.364729
19508	1.932207	5.415619	1.218721
19509	1.431851	5.800372	1.030585
19510	0.905996	6.207826	0.845590
19511	0.327750	6.649626	0.682527
19512	-0.308224	7.121703	0.515298
19513	-0.995502	7.615367	0.308717
19514	-1.719870	8.134192	0.056133
19515	-2.497968	8.693531	-0.191379
19516	-3.327403	9.297958	-0.406651
19517	-4.219997	9.964488	-0.595935
19518	-5.190028	10.659267	-0.792255
19519	-6.219818	11.413745	-1.060670
19520	-7.327265	12.232166	-1.460199
19521	-8.539486	13.069633	-2.022762
19522	-9.848888	13.920752	-2.769664
19523	-11.260408	14.809732	-3.698469
19524	-12.820002	15.722686	-4.773607
19525	-14.509605	16.629122	-5.951621
19526	-16.219144	17.622393	-7.116456
19527	-17.808610	18.747668	-8.035417
19528	-19.145819	20.100980	-8.660445
19529	-20.332339	21.553996	-9.035010
19530	-21.477458	23.056103	-9.219400
19531	-22.631926	24.529063	-9.378260
19532	-23.676112	26.092580	-9.454242
19533	-24.651713	27.543801	-9.472952
19534	-25.601727	28.756487	-9.477127
19535	-26.445345	29.632568	-9.409755
19536	-27.297829	30.263813	-9.490680
19537	-28.194335	30.568556	-9.738524
19538	-29.013940	30.640232	-10.046462
19539	-29.626788	30.454116	-10.395591
19540	-29.905987	30.109196	-10.706695
19541	-29.702627	29.732955	-10.756486
19542	-28.991183	29.457087	-10.406495
19543	-27.879738	29.241906	-9.711795
19544	-26.535157	29.000732	-8.841734
19545	-25.051085	28.590411	-7.924533
19546	-23.486871	27.979718	-7.022323
19547	-21.793365	27.210941	-6.092260
19548	-19.993042	26.313964	-5.111509
19549	-18.110942	25.255474	-4.053739
19550	-16.181864	24.015460	-2.949631
19551	-14.191881	22.607740	-1.831842
19552	-12.177459	21.030068	-0.763658
19553	-10.112683	19.249168	0.236394
19554	-8.035845	17.269773	1.159314
19555	-5.946162	15.088734	2.005547
19556	-3.863531	12.778279	2.712379
19557	-1.816190	10.368278	3.178720
19558	0.170675	7.904952	3.359649
19559	2.162954	5.444790	3.307306
19560	4.232590	2.996644	3.139219
19561	6.390472	0.533248	2.892227
19562	8.596744	-1.965860	2.531272
19563	10.835570	-4.470904	1.940803
19564	13.062069	-6.888063	0.954697
19565	15.203539	-9.106335	-0.388967
19566	17.167180	-11.068300	-1.939341
19567	19.023140	-12.830835	-3.509826
19568	20.792516	-14.450059	-4.618112
19569	22.362075	-15.928314	-5.096670
19570	23.635906	-17.296321	-5.059917
19571	24.692166	-18.188146	-4.902438
19572	25.398961	-18.320331	-5.006832
19573	25.442979	-17.927445	-5.026679
19574	24.837339	-17.322712	-4.389329
19575	23.868427	-16.550411	-3.091257
19576	22.715868	-15.647539	-1.532069
19577	21.622165	-14.629874	-0.337846
19578	21.017824	-13.596949	-0.299265
19579	20.777602	-13.025711	-0.512950
19580	20.307102	-12.571186	0.804384
19581	19.178454	-12.089111	2.998503
19582	17.977755	-11.229519	5.131072
19583	16.834367	-10.304349	7.203123
19584	15.889480	-9.265638	8.993012
19585	15.282321	-7.960904	10.000878
19586	14.737329	-6.868224	10.324684
19587	14.098369	-5.973868	10.363063
19588	13.375469	-5.000986	10.063571
19589	12.675622	-4.121893	9.268320
19590	12.164066	-3.401087	7.839397
19591	11.821277	-2.885585	6.286785
19592	11.598012	-2.428333	5.132003
19593	11.306914	-1.955647	4.367403
19594	10.933874	-1.591190	4.043816
19595	10.531168	-1.230885	4.016355
19596	10.092583	-0.919053	4.325648
19597	9.715810	-0.629435	4.714703
19598	9.386036	-0.379222	5.133921
19599	9.093002	-0.152598	5.431249
19600	8.816673	0.104605	5.428652
19601	8.493158	0.429007	5.050551
19602	8.144743	0.775463	4.420521
19603	7.818423	1.107724	3.802362
19604	7.556922	1.393113	3.429011
19605	7.321080	1.661598	3.354341
19606	7.083290	1.923176	3.513439
19607	6.793417	2.173942	3.763950
19608	6.498754	2.399707	3.952929
19609	6.215167	2.623474	3.996842
19610	5.945603	2.865937	3.881442
19611	5.655047	3.136547	3.649375
19612	5.348519	3.401935	3.410408
19613	5.030805	3.663912	3.252003
19614	4.707807	3.920702	3.199637
19615	4.361459	4.191847	3.215490
19616	3.997673	4.467355	3.242688
19617	3.611723	4.757253	3.225332
19618	3.215311	5.060215	3.146013
19619	2.800451	5.389081	3.031218
19620	2.372651	5.731077	2.882571
19621	1.919514	6.077294	2.740966
19622	1.434073	6.438001	2.611313
19623	0.896400	6.820107	2.475326
19624	0.323228	7.224174	2.322157
19625	-0.285087	7.671903	2.143088
19626	-0.934260	8.137398	1.940099
19627	-1.624654	8.628819	1.709399
19628	-2.356064	9.175237	1.457847
19629	-3.161180	9.755388	1.193377
19630	-4.026192	10.382376	0.905986
19631	-4.954844	11.078589	0.640002
19632	-5.949971	11.824393	0.429982
19633	-7.021141	12.665382	0.211931
19634	-8.196325	13.574014	-0.148337
19635	-9.463623	14.511036	-0.725280
19636	-10.836504	15.479964	-1.534515
19637	-12.380999	16.426239	-2.632241
19638	-14.104576	17.340712	-4.016952
19639	-15.943243	18.234398	-5.495558
19640	-17.778739	19.163253	-6.808041
19641	-19.422668	20.262727	-7.815767
19642	-20.859938	21.538636	-8.456200
19643	-22.118485	22.973168	-8.806327
19644	-23.264967	24.591808	-8.990689
19645	-24.299187	26.234209	-8.985959
19646	-25.184096	27.822524	-8.874394
19647	-26.024502	29.056141	-8.735699
19648	-26.859535	29.928448	-8.603369
19649	-27.711408	30.551380	-8.660344
19650	-28.612332	30.875766	-8.836972
19651	-29.434544	30.908370	-9.107651
19652	-30.005398	30.695805	-9.386090
19653	-30.193480	30.298873	-9.564146
19654	-29.901811	29.874050	-9.455009
19655	-29.089293	29.546475	-8.930232
19656	-27.927156	29.293233	-8.093434
19657	-26.565076	29.008297	-7.114226
19658	-25.121104	28.587552	-6.132351
19659	-23.600116	27.975651	-5.182064
19660	-22.021035	27.200808	-4.253836
19661	-20.341839	26.277993	-3.289200
19662	-18.559471	25.230983	-2.270353
19663	-16.693168	24.014807	-1.213642
19664	-14.794227	22.602329	-0.139847
19665	-12.903086	20.946536	0.838288
19666	-11.036240	19.097256	1.577398
19667	-9.144792	17.089162	2.129267
19668	-7.199540	14.987931	2.580154
19669	-5.207089	12.827110	2.927077
19670	-3.213832	10.606757	3.115794
19671	-1.181357	8.335429	3.173911
19672	0.938315	6.059378	3.204915
19673	3.161795	3.751815	3.269101
19674	5.437877	1.396431	3.318151
19675	7.709175	-1.016140	3.226684
19676	9.952765	-3.461007	2.912319
19677	12.185587	-5.898247	2.275192
19678	14.407354	-8.245007	1.330763
19679	16.569423	-10.391766	0.117831
19680	18.552531	-12.343681	-1.244927
19681	20.378431	-14.198792	-2.513119
19682	22.079822	-15.916715	-3.352795
19683	23.627707	-17.441953	-3.853737
19684	25.041875	-18.550588	-4.287513
19685	26.142558	-19.003914	-4.763161
19686	26.621440	-18.765418	-5.168693
19687	26.431197	-18.026288	-5.239664
19688	25.736201	-17.145317	-4.810629
19689	24.835625	-16.205723	-3.964108
19690	23.871851	-15.216013	-2.885542
19691	23.098553	-14.223735	-2.025709
19692	22.732875	-13.544098	-2.042183
19693	22.525638	-13.245584	-1.222982
19694	21.631896	-13.049761	1.242905
19695	20.245893	-12.593966	4.045631
19696	18.950738	-11.823909	6.457239
19697	17.688676	-10.919386	8.699361
19698	16.570081	-9.807706	10.539204
19699	15.789973	-8.447423	11.479294
19700	15.257533	-7.261695	11.883961
19701	14.656346	-6.276186	12.068592
19702	13.933843	-5.228231	11.855161
19703	13.277546	-4.211084	11.180779
19704	12.744541	-3.466555	9.935106
19705	12.344695	-2.987481	8.599297
19706	12.082636	-2.607401	7.670621
19707	11.814648	-2.203611	7.058209
19708	11.464924	-1.837716	6.865355
19709	11.062649	-1.454132	6.963934
19710	10.693984	-1.057607	7.233746
19711	10.371146	-0.629555	7.398955
19712	10.015752	-0.294911	7.217636
19713	9.638885	-0.049772	6.904016
19714	9.280574	0.183843	6.485008
19715	8.912217	0.435715	5.897661
19716	8.546556	0.749639	5.286601
19717	8.177748	1.085043	4.737815
19718	7.861023	1.399637	4.271836
19719	7.581438	1.658523	3.947612
19720	7.353364	1.894690	3.840888
19721	7.120301	2.145583	3.978825
19722	6.857766	2.423254	4.287459
19723	6.574234	2.685016	4.563564
19724	6.287334	2.925119	4.609703
19725	5.990033	3.178760	4.420733
19726	5.682522	3.457442	4.112055
19727	5.361956	3.765046	3.843483
19728	5.030493	4.078719	3.693537
19729	4.680556	4.398509	3.633796
19730	4.303086	4.712662	3.620187
19731	3.901156	5.038380	3.615531
19732	3.500805	5.378690	3.584136
19733	3.091501	5.724778	3.501749
19734	2.662159	6.065086	3.337318
19735	2.212864	6.411693	3.116217
19736	1.751176	6.771060	2.891793
19737	1.250371	7.131560	2.709187
19738	0.716131	7.491183	2.542362
19739	0.146055	7.879051	2.356506
19740	-0.465595	8.291607	2.117125
19741	-1.125286	8.749914	1.816316
19742	-1.834141	9.235305	1.487566
19743	-2.587620	9.774442	1.192493
19744	-3.385556	10.381238	0.968664
19745	-4.256219	11.058004	0.796399
19746	-5.207187	11.800901	0.587190
19747	-6.241244	12.630610	0.261135
19748	-7.381301	13.504660	-0.274373
19749	-8.641992	14.393616	-1.054811
19750	-10.041673	15.274789	-2.044947
19751	-11.614809	16.148492	-3.281304
19752	-13.325247	17.034673	-4.694869
19753	-15.113711	17.921696	-6.121117
19754	-16.864666	18.933094	-7.372642
19755	-18.440783	20.150526	-8.296310
19756	-19.774782	21.597718	-8.855160
19757	-20.985252	23.095251	-9.106673
19758	-22.106144	24.726585	-9.217220
19759	-23.146156	26.419635	-9.278211
19760	-24.080903	28.088837	-9.285933
19761	-24.946642	29.556057	-9.299535
19762	-25.812746	30.553649	-9.355675
19763	-26.683555	31.202393	-9.617780
19764	-27.665716	31.441845	-10.127802
19765	-28.650572	31.354665	-10.800613
19766	-29.406992	31.041365	-11.458780
19767	-29.762325	30.542883	-11.993788
19768	-29.599066	29.993284	-12.220406
19769	-28.869435	29.523012	-11.977840
19770	-27.702088	29.187157	-11.305310
19771	-26.249940	28.904464	-10.389015
19772	-24.681770	28.519497	-9.383377
19773	-23.021405	27.972554	-8.349201
19774	-21.276694	27.294803	-7.277308
19775	-19.420484	26.489578	-6.134666
19776	-17.494141	25.537850	-4.944655
19777	-15.500082	24.411036	-3.720025
19778	-13.469749	23.074804	-2.507140
19779	-11.409653	21.479387	-1.346574
19780	-9.355103	19.684770	-0.339215
19781	-7.295603	17.709433	0.490030
19782	-5.238232	15.609897	1.189360
19783	-3.171849	13.425190	1.734045
19784	-1.128921	11.166650	2.065184
19785	0.913244	8.830518	2.196850
19786	3.002301	6.476794	2.211930
19787	5.149710	4.089252	2.164481
19788	7.295393	1.681197	1.977821
19789	9.409254	-0.757660	1.555903
19790	11.505754	-3.187494	0.904916
19791	13.623707	-5.563862	0.020595
19792	15.735811	-7.839180	-1.023883
19793	17.761729	-9.992764	-2.138134
19794	19.626533	-12.025005	-3.233023
19795	21.336279	-13.948805	-4.025508
19796	22.812683	-15.781482	-4.323427
19797	24.057498	-17.447696	-4.310410
19798	25.154714	-18.552914	-4.196237
19799	25.895419	-19.063145	-4.125214
19800	26.105198	-18.871501	-4.085473
19801	25.713828	-18.248674	-3.753643
19802	24.881591	-17.490191	-3.001893
19803	23.821337	-16.564597	-2.031012
19804	22.636993	-15.567925	-1.009886
19805	21.843199	-14.389068	-0.665900
19806	21.496943	-13.544568	-1.095125
19807	21.193321	-12.885488	-0.462976
19808	20.186625	-12.396917	1.312264
19809	19.002625	-11.588497	3.272224
19810	17.867516	-10.628521	5.125417
19811	16.767092	-9.685263	6.968091
19812	15.916836	-8.575309	8.369474
19813	15.382508	-7.230007	8.982123
19814	14.892154	-6.052109	9.142619
19815	14.271406	-4.999745	9.135088
19816	13.533442	-4.065504	8.983090
19817	12.913018	-3.263777	8.509642
19818	12.506926	-2.672209	7.759142
19819	12.229623	-2.342313	6.955861
19820	12.054471	-2.040997	6.315562
19821	11.808554	-1.718650	6.026139
19822	11.519967	-1.401193	6.023808
19823	11.185835	-1.063592	6.016895
19824	10.838110	-0.776978	5.972046
19825	10.492634	-0.471915	5.902135
19826	10.162538	-0.196346	5.796479
19827	9.840104	0.042270	5.553638
19828	9.518729	0.231028	5.133501
19829	9.165335	0.393954	4.590605
19830	8.805842	0.545740	4.021884
19831	8.438808	0.691933	3.466710
19832	8.090934	0.828377	3.016517
19833	7.788890	0.964559	2.757195
19834	7.540487	1.104196	2.667392
19835	7.294209	1.271867	2.699689
19836	7.031657	1.450694	2.751274
19837	6.743316	1.626186	2.742386
19838	6.455091	1.769306	2.630421
19839	6.167666	1.911129	2.447938
19840	5.887610	2.069743	2.250749
19841	5.579958	2.256125	2.059987
19842	5.268124	2.453250	1.883480
19843	4.953889	2.679350	1.765738
19844	4.630667	2.930708	1.719947
19845	4.261422	3.211764	1.677196
19846	3.887909	3.521208	1.600454
19847	3.508240	3.884783	1.377308
19848	3.116252	4.245138	1.048661
19849	2.699423	4.611016	0.783386
19850	2.259562	4.986593	0.586434
19851	1.769704	5.356242	0.370973
19852	1.253253	5.730303	0.141460
19853	0.703352	6.126590	-0.064718
19854	0.142643	6.577070	-0.228555
19855	-0.456601	7.062224	-0.404493
19856	-1.080559	7.565916	-0.638534
19857	-1.752809	8.097422	-0.915960
19858	-2.476236	8.668321	-1.177237
19859	-3.267646	9.304977	-1.388984
19860	-4.130377	9.983888	-1.553683
19861	-5.048618	10.723449	-1.718325
19862	-6.047744	11.505046	-1.988945
19863	-7.124931	12.318765	-2.396155
19864	-8.291099	13.149096	-2.936551
19865	-9.562760	14.023730	-3.646142
19866	-10.963979	14.939413	-4.510434
19867	-12.479841	15.861404	-5.553661
19868	-14.066138	16.796547	-6.701582
19869	-15.673904	17.773896	-7.836198
19870	-17.280114	18.854418	-8.914614
19871	-18.731807	20.094031	-9.744975
19872	-20.042299	21.459171	-10.359564
19873	-21.259501	22.888423	-10.708356
19874	-22.364570	24.475998	-10.902234
19875	-23.360024	26.033118	-10.942337
19876	-24.190748	27.586783	-10.857274
19877	-24.977834	28.872642	-10.736616
19878	-25.725254	29.866373	-10.664871
19879	-26.494905	30.573415	-10.750783
19880	-27.330894	30.950578	-10.949134
19881	-28.046794	31.090791	-11.168388
19882	-28.594557	30.959148	-11.536916
19883	-28.846002	30.606396	-11.942300
19884	-28.588231	30.235571	-12.024590
19885	-27.688390	29.969714	-11.479825
19886	-26.306698	29.805914	-10.446645
19887	-24.627834	29.631208	-9.186151
19888	-22.836117	29.299664	-7.891722
19889	-20.980005	28.728272	-6.637743
19890	-19.072841	27.956590	-5.443602
19891	-17.109109	26.967252	-4.299371
19892	-15.144204	25.748741	-3.191781
19893	-13.179388	24.288545	-2.143253
19894	-11.220343	22.629153	-1.256614
19895	-9.218624	20.784447	-0.523295
19896	-7.158479	18.753299	0.127464
19897	-5.044065	16.526641	0.704193
19898	-2.916891	14.187475	1.135470
19899	-0.756761	11.749441	1.433045
19900	1.432491	9.233537	1.622222
19901	3.670716	6.634276	1.727660
19902	5.972549	3.971394	1.743634
19903	8.326206	1.245012	1.572925
19904	10.651857	-1.514424	1.125613
19905	12.919401	-4.239082	0.397569
19906	15.098815	-6.814123	-0.574714
19907	17.010607	-9.209499	-1.713753
19908	18.644360	-11.447639	-2.905673
19909	20.183794	-13.538717	-3.754969
19910	21.619221	-15.453977	-3.990754
19911	22.905629	-17.197883	-3.732238
19912	23.978537	-18.607006	-3.077110
19913	24.801728	-19.349543	-2.490320
19914	25.225481	-19.353650	-2.354945
19915	25.163348	-18.836976	-2.354640
19916	24.631300	-18.061123	-2.198095
19917	23.823361	-17.070701	-1.793184
19918	22.902286	-15.941770	-1.065356
19919	22.134151	-14.726308	-0.606378
19920	21.863575	-13.673278	-1.329837
19921	21.892739	-13.104619	-1.672207
19922	21.330405	-12.794602	-0.016219
19923	20.070902	-12.282745	2.475637
19924	18.695543	-11.570466	4.785131
19925	17.447674	-10.757773	7.091238
19926	16.446301	-9.746115	8.870610
19927	15.799273	-8.472301	9.644706
19928	15.347990	-7.308586	9.661072
19929	14.829575	-6.337063	9.371151
19930	14.187045	-5.361172	8.804175
19931	13.580658	-4.451915	7.902148
19932	13.160426	-3.761005	6.762794
19933	12.895703	-3.300293	5.690907
19934	12.718459	-2.974989	4.919513
19935	12.503182	-2.666549	4.614335
19936	12.250576	-2.399321	4.674437
19937	11.985822	-2.135839	4.941097
19938	11.686459	-1.886297	5.252960
19939	11.395542	-1.632843	5.534294
19940	11.115438	-1.394786	5.668360
19941	10.813833	-1.189028	5.604895
19942	10.517970	-1.006315	5.336972
19943	10.202964	-0.854180	4.857412
19944	9.889199	-0.723607	4.279867
19945	9.562135	-0.605070	3.726042
19946	9.244741	-0.514670	3.289017
19947	8.960233	-0.424172	2.951028
19948	8.701102	-0.341560	2.693537
19949	8.430752	-0.243846	2.536221
19950	8.141256	-0.142026	2.486944
19951	7.835420	-0.042863	2.459046
19952	7.527419	0.050185	2.357650
19953	7.181452	0.158177	2.102140
19954	6.799518	0.275804	1.732045
19955	6.373947	0.422530	1.370806
19956	5.954639	0.609767	1.131011
19957	5.545423	0.844138	1.022000
19958	5.141229	1.121312	0.998430
19959	4.723216	1.437714	0.980600
19960	4.309732	1.771761	0.941242
19961	3.875608	2.130350	0.890221
19962	3.422625	2.509266	0.790509
19963	2.924522	2.891892	0.655171
19964	2.406442	3.280510	0.524355
19965	1.855221	3.686671	0.390201
19966	1.267275	4.102036	0.162499
19967	0.633985	4.539671	-0.105406
19968	-0.046383	4.990192	-0.393483
19969	-0.741816	5.483954	-0.628067
19970	-1.465601	6.000599	-0.889723
19971	-2.227803	6.562974	-1.161858
19972	-3.039390	7.138183	-1.451313
19973	-3.902794	7.748119	-1.708833
19974	-4.830194	8.395167	-1.940380
19975	-5.822159	9.092154	-2.165643
19976	-6.880586	9.853683	-2.441741
19977	-8.030012	10.669285	-2.833451
19978	-9.263490	11.498375	-3.415384
19979	-10.569676	12.359812	-4.136855
19980	-11.978314	13.272310	-5.017349
19981	-13.503475	14.259335	-5.968228
19982	-15.115461	15.273305	-6.929687
19983	-16.720790	16.361719	-7.822037
19984	-18.233491	17.596630	-8.509050
19985	-19.580913	19.001909	-8.968630
19986	-20.816546	20.510337	-9.241357
19987	-22.055728	21.989370	-9.390470
19988	-23.269901	23.551358	-9.387526
19989	-24.364510	25.168731	-9.321953
19990	-25.273445	26.811886	-9.102194
19991	-26.106048	28.202661	-8.859290
19992	-26.826787	29.363766	-8.580468
19993	-27.471726	30.344391	-8.295065
19994	-28.184867	31.043936	-8.163180
19995	-28.841637	31.451236	-8.150876
19996	-29.320494	31.551214	-8.209398
19997	-29.502310	31.416939	-8.268177
19998	-29.240487	31.232850	-8.081614
19999	-28.427179	31.100316	-7.413370
20000	-27.174184	31.028428	-6.314986
20001	-25.634699	30.915263	-4.998165
20002	-24.015371	30.614578	-3.671153
20003	-22.363346	30.057607	-2.443657
20004	-20.700249	29.256071	-1.331499
20005	-19.020069	28.226384	-0.307725
20006	-17.378999	27.007873	0.591228
20007	-15.759487	25.577510	1.388684
20008	-14.150547	23.935644	2.070838
20009	-12.491951	22.100808	2.621404
20010	-10.732864	20.126778	3.081641
20011	-8.820933	18.022330	3.571691
20012	-6.784790	15.798842	4.127705
20013	-4.669006	13.470931	4.659972
20014	-2.504211	11.074488	5.110405
20015	-0.286262	8.620650	5.496853
20016	1.974387	6.109547	5.817519
20017	4.305882	3.525900	6.079915
20018	6.697649	0.875742	6.265630
20019	9.096667	-1.872978	6.226922
20020	11.441535	-4.664953	5.799677
20021	13.747298	-7.370000	5.017401
20022	15.871907	-9.866103	3.973751
20023	17.663276	-12.189309	2.666888
20024	19.388780	-14.303699	1.251759
20025	21.093332	-16.189679	0.298473
20026	22.650351	-17.794207	-0.198023
20027	24.070297	-18.883578	-0.563543
20028	25.143057	-19.346236	-1.023920
20029	25.688553	-19.122867	-1.583192
20030	25.694345	-18.315755	-2.050757
20031	25.183997	-17.380292	-2.161180
20032	24.441672	-16.309883	-1.911608
20033	23.533860	-15.151925	-1.281081
20034	22.730602	-13.999407	-0.629945
20035	22.337129	-13.067556	-0.840422
20036	22.134646	-12.548937	-0.474679
20037	21.341151	-12.160637	1.773719
20038	19.888384	-11.701828	4.802011
20039	18.553280	-10.919659	7.529046
20040	17.268898	-10.073877	10.128866
20041	16.118061	-9.061333	12.327337
20042	15.411296	-7.710490	13.303729
20043	14.936442	-6.566257	13.581823
20044	14.363795	-5.639460	13.553020
20045	13.690617	-4.571383	13.099662
20046	13.046231	-3.578191	12.219813
20047	12.516038	-2.835125	10.852508
20048	12.144194	-2.385249	9.428461
20049	11.890303	-1.975664	8.310001
20050	11.619249	-1.539723	7.561421
20051	11.269862	-1.159329	7.260203
20052	10.883500	-0.766117	7.230063
20053	10.488027	-0.422255	7.380786
20054	10.123104	-0.108547	7.695235
20055	9.781391	0.175614	7.975421
20056	9.463704	0.410825	8.097022
20057	9.136365	0.603293	7.924017
20058	8.780755	0.816213	7.498192
20059	8.364034	1.057189	6.893431
20060	7.930035	1.305311	6.183180
20061	7.549988	1.534998	5.582488
20062	7.260670	1.756753	5.269278
20063	7.010869	1.996904	5.274708
20064	6.741571	2.261932	5.447737
20065	6.430238	2.560514	5.637838
20066	6.093928	2.833880	5.697686
20067	5.742025	3.095466	5.586123
20068	5.385521	3.347451	5.368054
20069	5.014206	3.625919	5.109336
20070	4.623634	3.894156	4.858615
20071	4.235207	4.180132	4.683960
20072	3.842818	4.476339	4.576214
20073	3.425114	4.792976	4.512150
20074	3.006505	5.112064	4.456643
20075	2.583836	5.453541	4.362404
20076	2.136010	5.791557	4.202321
20077	1.654683	6.139856	3.975046
20078	1.148717	6.500695	3.740005
20079	0.594913	6.888997	3.500570
20080	0.000618	7.283784	3.278783
20081	-0.613978	7.713014	3.099804
20082	-1.243769	8.182092	2.943282
20083	-1.914800	8.703965	2.753655
20084	-2.648454	9.255696	2.476236
20085	-3.452287	9.840103	2.103454
20086	-4.318102	10.437610	1.730834
20087	-5.243947	11.085825	1.402053
20088	-6.244054	11.791828	1.104744
20089	-7.344073	12.576670	0.764024
20090	-8.546415	13.412150	0.284000
20091	-9.847464	14.269882	-0.390011
20092	-11.269111	15.150185	-1.286066
20093	-12.875274	16.037817	-2.461551
20094	-14.622449	16.948755	-3.804723
20095	-16.371126	17.922202	-5.011956
20096	-17.933424	19.118174	-5.826938
20097	-19.198653	20.638347	-6.165166
20098	-20.272704	22.326658	-6.198861
20099	-21.335785	23.962217	-6.083783
20100	-22.381953	25.687194	-5.993648
20101	-23.370971	27.394689	-5.899335
20102	-24.292563	29.039071	-5.799132
20103	-25.228028	30.302191	-5.757990
20104	-26.186431	31.227626	-5.867927
20105	-27.240651	31.780318	-6.255659
20106	-28.331317	31.971811	-6.824167
20107	-29.229007	31.863452	-7.418751
20108	-29.791470	31.559390	-8.020370
20109	-29.835806	31.223416	-8.348293
20110	-29.335325	30.984223	-8.207641
20111	-28.385844	30.820282	-7.687043
20112	-27.176872	30.595178	-6.982394
20113	-25.810794	30.191402	-6.210034
20114	-24.316539	29.619302	-5.395124
20115	-22.662786	28.900790	-4.494786
20116	-20.889607	28.072295	-3.517183
20117	-19.034275	27.096366	-2.493544
20118	-17.133042	25.962038	-1.485703
20119	-15.148580	24.611494	-0.472146
20120	-13.105614	22.991156	0.576550
20121	-11.071523	21.157898	1.470782
20122	-9.116487	19.118901	2.100563
20123	-7.155713	16.938028	2.555739
20124	-5.132142	14.684218	2.895746
20125	-3.085173	12.321131	3.081839
20126	-1.021893	9.914722	3.115853
20127	1.085806	7.519201	3.065787
20128	3.244588	5.125084	3.074104
20129	5.424619	2.679754	3.165121
20130	7.550222	0.252286	3.090816
20131	9.590907	-2.127105	2.742730
20132	11.558113	-4.456917	2.320876
20133	13.447115	-6.695855	1.871870
20134	15.216666	-8.829544	1.358266
20135	16.854580	-10.817646	0.749511
20136	18.358001	-12.602921	-0.011347
20137	19.765869	-14.197208	-0.775507
20138	21.028329	-15.625821	-1.180390
20139	22.097958	-16.789779	-1.307316
20140	22.937758	-17.633998	-1.331356
20141	23.529280	-18.080695	-1.356596
20142	23.822414	-18.044865	-1.457094
20143	23.729809	-17.690614	-1.487301
20144	23.260014	-17.114185	-1.203434
20145	22.500332	-16.311653	-0.460199
20146	21.506923	-15.363364	0.619377
20147	20.635247	-14.379418	1.389420
20148	20.247217	-13.741818	1.183820
20149	20.161906	-13.270984	1.691120
20150	19.323905	-12.957212	3.872244
20151	17.988186	-12.409519	6.398003
20152	16.751964	-11.701595	8.703340
20153	15.817510	-10.905438	10.816023
20154	15.202112	-9.955569	12.218288
20155	14.805659	-8.778750	12.927518
20156	14.381384	-7.608549	12.925163
20157	13.844605	-6.442723	12.345814
20158	13.230136	-5.314139	11.453805
20159	12.653084	-4.326444	10.347130
20160	12.221553	-3.529955	9.168741
20161	11.870226	-3.015579	8.239979
20162	11.607000	-2.726778	7.830813
20163	11.443387	-2.425067	7.910035
20164	11.220302	-2.068865	8.456750
20165	10.919583	-1.672367	9.153888
20166	10.617047	-1.268582	9.679397
20167	10.302828	-0.900238	9.913822
20168	9.985275	-0.580993	9.817252
20169	9.656134	-0.322990	9.429263
20170	9.314185	-0.119422	8.780232
20171	8.944112	0.047030	8.004646
20172	8.587735	0.198615	7.249448
20173	8.240810	0.356943	6.603009
20174	7.915371	0.513921	6.084640
20175	7.626783	0.685055	5.764470
20176	7.389265	0.865364	5.734841
20177	7.159379	1.079099	5.923851
20178	6.903834	1.320855	6.105671
20179	6.588992	1.554286	6.058627
20180	6.236138	1.738817	5.751642
20181	5.877773	1.932361	5.347808
20182	5.533719	2.156135	4.985200
20183	5.195254	2.426775	4.690208
20184	4.855449	2.714567	4.478535
20185	4.494248	3.026340	4.320623
20186	4.127471	3.376351	4.168060
20187	3.744783	3.767559	3.965372
20188	3.365639	4.177922	3.777387
20189	2.954137	4.597849	3.654026
20190	2.516888	5.002820	3.496314
20191	2.038390	5.393310	3.268671
20192	1.536913	5.792588	3.047702
20193	0.991778	6.212782	2.839606
20194	0.421491	6.634020	2.606282
20195	-0.173107	7.064819	2.350140
20196	-0.790331	7.509037	2.078385
20197	-1.445027	7.976616	1.791458
20198	-2.137966	8.461969	1.459468
20199	-2.875013	8.975730	1.095155
20200	-3.662345	9.503805	0.739033
20201	-4.502863	10.082121	0.428185
20202	-5.417961	10.718566	0.138021
20203	-6.412232	11.400516	-0.179497
20204	-7.483150	12.135190	-0.610178
20205	-8.644818	12.907231	-1.211642
20206	-9.912234	13.656950	-2.010756
20207	-11.259087	14.443969	-2.923214
20208	-12.711537	15.286590	-3.939945
20209	-14.270725	16.176468	-5.022093
20210	-15.819001	17.206056	-5.993771
20211	-17.217019	18.449920	-6.744102
20212	-18.417050	19.887105	-7.111769
20213	-19.482886	21.460759	-7.153975
20214	-20.657661	22.928312	-7.259686
20215	-21.891669	24.354119	-7.475312
20216	-23.054252	25.831376	-7.711044
20217	-24.064365	27.242838	-7.816566
20218	-25.018207	28.405103	-7.924157
20219	-25.869693	29.298916	-8.000127
20220	-26.715562	29.968429	-8.160781
20221	-27.631970	30.399465	-8.469184
20222	-28.573769	30.591293	-8.888872
20223	-29.301034	30.567240	-9.271103
20224	-29.677064	30.419084	-9.577966
20225	-29.598061	30.210145	-9.634821
20226	-29.022327	30.060847	-9.266358
20227	-27.984653	30.029198	-8.456017
20228	-26.661312	30.016563	-7.408835
20229	-25.177152	29.857883	-6.295961
20230	-23.633327	29.473213	-5.241287
20231	-22.022459	28.857249	-4.251700
20232	-20.347118	28.062654	-3.298819
20233	-18.606848	27.092074	-2.368940
20234	-16.822092	25.964884	-1.451648
20235	-15.005467	24.656671	-0.573785
20236	-13.159718	23.184311	0.261637
20237	-11.236868	21.534769	1.091070
20238	-9.258524	19.726979	1.913856
20239	-7.239797	17.788581	2.667602
20240	-5.209834	15.761870	3.302495
20241	-3.191609	13.662226	3.791976
20242	-1.195370	11.487319	4.116307
20243	0.812409	9.215562	4.301833
20244	2.879628	6.871659	4.366418
20245	5.000819	4.443623	4.264075
20246	7.135849	1.977396	3.895525
20247	9.289313	-0.508155	3.251832
20248	11.454533	-2.950408	2.318629
20249	13.620345	-5.291467	1.108770
20250	15.730690	-7.460736	-0.297239
20251	17.728223	-9.392306	-1.844279
20252	19.603477	-11.106989	-3.359827
20253	21.348619	-12.696960	-4.483862
20254	22.909152	-14.163266	-5.132442
20255	24.244146	-15.415085	-5.372916
20256	25.312961	-16.308324	-5.325036
20257	26.054508	-16.584732	-5.347818
20258	26.281201	-16.328000	-5.444509
20259	25.918814	-15.826867	-5.131342
20260	25.161295	-15.144775	-4.194184
20261	24.128101	-14.270590	-2.860238
20262	22.962534	-13.250267	-1.535368
20263	22.168888	-12.104041	-0.949007
20264	21.722669	-11.500412	-0.742441
20265	21.221448	-11.128645	0.902105
20266	20.044242	-10.868850	3.600136
20267	18.821664	-10.099216	6.078018
20268	17.682795	-9.135908	8.185656
20269	16.685010	-8.152966	9.930678
20270	16.101837	-6.863978	10.814330
20271	15.610187	-5.662085	11.096005
20272	14.928242	-4.736895	11.047057
20273	14.199231	-3.705195	10.654526
20274	13.532442	-2.702523	9.739485
20275	12.987355	-1.905276	8.259815
20276	12.547976	-1.457048	6.695819
20277	12.243997	-1.196951	5.629879
20278	12.030756	-0.896548	5.080304
20279	11.713358	-0.532032	4.861475
20280	11.313767	-0.185766	4.856228
20281	10.885289	0.145130	4.941177
20282	10.480321	0.426785	5.085432
20283	10.147268	0.702970	5.190568
20284	9.848678	0.941221	5.192715
20285	9.541075	1.162917	5.034170
20286	9.230617	1.391961	4.667745
20287	8.923953	1.673240	4.186274
20288	8.593451	1.956577	3.688837
20289	8.262508	2.258952	3.287493
20290	7.969235	2.538133	3.040306
20291	7.715092	2.810188	3.035228
20292	7.505118	3.085809	3.318823
20293	7.264461	3.400569	3.710927
20294	6.969489	3.718996	3.993446
20295	6.616662	4.023793	3.990201
20296	6.212600	4.294979	3.689245
20297	5.780996	4.572939	3.257984
20298	5.371528	4.877391	2.872127
20299	4.959710	5.198630	2.598536
20300	4.533248	5.505052	2.439415
20301	4.080733	5.819199	2.345497
20302	3.636284	6.137901	2.275532
20303	3.211528	6.455194	2.229338
20304	2.797247	6.774854	2.168346
20305	2.357574	7.097004	2.035075
20306	1.901016	7.417210	1.853243
20307	1.417260	7.740750	1.645106
20308	0.910555	8.063357	1.427128
20309	0.366498	8.405207	1.181186
20310	-0.213493	8.769187	0.909158
20311	-0.848858	9.159087	0.609170
20312	-1.526723	9.575542	0.266125
20313	-2.261410	10.042658	-0.107267
20314	-3.053132	10.574445	-0.482158
20315	-3.915271	11.145552	-0.815595
20316	-4.836503	11.775402	-1.110419
20317	-5.836041	12.482592	-1.431720
20318	-6.937216	13.257110	-1.839853
20319	-8.187174	14.053507	-2.428580
20320	-9.574794	14.832681	-3.264092
20321	-11.095198	15.614909	-4.322308
20322	-12.808580	16.388637	-5.621503
20323	-14.635731	17.204857	-7.028594
20324	-16.351957	18.199761	-8.133864
20325	-17.741455	19.585506	-8.677297
20326	-18.939611	21.206567	-8.697454
20327	-20.054489	22.927511	-8.428274
20328	-21.171749	24.609928	-8.134726
20329	-22.175396	26.416705	-7.821747
20330	-23.025147	28.268245	-7.413068
20331	-23.803460	29.881936	-7.058206
20332	-24.621537	31.258882	-6.921245
20333	-25.573748	32.272417	-7.009428
20334	-26.675611	32.790313	-7.351796
20335	-27.762306	32.835651	-7.941105
20336	-28.612074	32.581098	-8.658580
20337	-28.955660	32.318844	-9.174114
20338	-28.686969	32.178065	-9.181587
20339	-27.882072	32.082380	-8.765792
20340	-26.804704	31.855515	-8.215066
20341	-25.558624	31.435075	-7.611286
20342	-24.171807	30.875968	-6.956716
20343	-22.620649	30.218887	-6.176299
20344	-20.955158	29.490188	-5.284376
20345	-19.222795	28.621637	-4.323392
20346	-17.469289	27.544490	-3.342026
20347	-15.698238	26.214411	-2.461872
20348	-13.908135	24.653642	-1.760002
20349	-12.052696	22.883259	-1.197980
20350	-10.151247	20.959079	-0.740018
20351	-8.209403	18.896467	-0.358334
20352	-6.237297	16.730774	-0.045139
20353	-4.222804	14.491159	0.184291
20354	-2.168454	12.212751	0.312322
20355	-0.062270	9.883652	0.371685
20356	2.083650	7.500266	0.375150
20357	4.258614	5.026678	0.297539
20358	6.433884	2.466511	0.050911
20359	8.614700	-0.125929	-0.486334
20360	10.808352	-2.634591	-1.350818
20361	13.030612	-4.976394	-2.357415
20362	15.170857	-7.160485	-3.276364
20363	17.126590	-9.187474	-4.022046
20364	18.890232	-11.069910	-4.631375
20365	20.513712	-12.892452	-4.995529
20366	22.005020	-14.517028	-5.091755
20367	23.252566	-15.922466	-4.826833
20368	24.182667	-17.069610	-4.228944
20369	24.820516	-17.693719	-3.719682
20370	25.006557	-17.775424	-3.427750
20371	24.634292	-17.580001	-2.867431
20372	23.861079	-17.119924	-1.878103
20373	22.859036	-16.404004	-0.584489
20374	21.709728	-15.482674	0.774836
20375	20.878305	-14.284202	1.273519
20376	20.500588	-13.474095	0.709679
20377	20.297111	-12.840842	1.155655
20378	19.439027	-12.376057	2.766283
20379	18.352014	-11.581779	4.570154
20380	17.286253	-10.621694	6.455800
20381	16.320968	-9.707260	8.434576
20382	15.745189	-8.537881	9.706973
20383	15.312044	-7.257187	10.045458
20384	14.628356	-6.285002	9.881876
20385	13.823154	-5.280961	9.471228
20386	13.095570	-4.398292	9.014133
20387	12.625074	-3.787984	8.375623
20388	12.424944	-3.429993	7.705734
20389	12.287167	-3.050009	7.187269
20390	12.061694	-2.644292	6.948623
20391	11.751804	-2.237112	6.854836
20392	11.355338	-1.935905	6.901263
20393	11.006425	-1.640926	7.089530
20394	10.719099	-1.376616	7.253792
20395	10.442131	-1.105583	7.177520
20396	10.115272	-0.905193	6.700756
20397	9.780428	-0.684947	6.037164
20398	9.454577	-0.458844	5.372866
20399	9.125490	-0.222350	4.757853
20400	8.836748	0.001547	4.357175
20401	8.566209	0.219951	4.191323
20402	8.304829	0.427279	4.201653
20403	8.040023	0.638302	4.274242
20404	7.777141	0.840148	4.309850
20405	7.503448	1.054575	4.248885
20406	7.221129	1.267288	4.071622
20407	6.936386	1.515991	3.818075
20408	6.643547	1.761028	3.554180
20409	6.338502	2.031228	3.355779
20410	6.021898	2.319968	3.241264
20411	5.655937	2.635704	3.172338
20412	5.259433	2.966998	3.093140
20413	4.830151	3.322038	2.982241
20414	4.387398	3.692348	2.859516
20415	3.938134	4.077770	2.778714
20416	3.496428	4.468092	2.699879
20417	3.051316	4.860056	2.604409
20418	2.590758	5.244325	2.466695
20419	2.103937	5.652034	2.305588
20420	1.578583	6.058400	2.114934
20421	1.021219	6.488791	1.926427
20422	0.423905	6.950730	1.766815
20423	-0.223035	7.435373	1.604600
20424	-0.883443	7.947794	1.414636
20425	-1.573743	8.479543	1.173964
20426	-2.303848	9.021350	0.877000
20427	-3.091781	9.586262	0.549451
20428	-3.930368	10.167766	0.211670
20429	-4.816177	10.784149	-0.125792
20430	-5.751956	11.454616	-0.479968
20431	-6.751564	12.204276	-0.877299
20432	-7.850591	12.981921	-1.374587
20433	-9.062650	13.757594	-2.037737
20434	-10.377804	14.595443	-2.880441
20435	-11.854891	15.433725	-3.928545
20436	-13.477455	16.283194	-5.138737
20437	-15.178694	17.109158	-6.348795
20438	-16.764310	18.072719	-7.295916
20439	-18.106500	19.384732	-7.843324
20440	-19.341014	20.857874	-7.983927
20441	-20.458093	22.355356	-7.929792
20442	-21.440833	24.014960	-7.785459
20443	-22.368683	25.691814	-7.644428
20444	-23.190102	27.362496	-7.439361
20445	-23.969781	28.811953	-7.303066
20446	-24.778746	29.965731	-7.334294
20447	-25.684760	30.740565	-7.588485
20448	-26.723155	31.070521	-8.154559
20449	-27.695246	31.023336	-8.901328
20450	-28.359451	30.744178	-9.607983
20451	-28.536953	30.440250	-10.020168
20452	-28.205236	30.249921	-9.983614
20453	-27.425591	30.181234	-9.506686
20454	-26.398410	30.092219	-8.824332
20455	-25.242738	29.836415	-8.097129
20456	-23.985712	29.422480	-7.358167
20457	-22.612464	28.868132	-6.579882
20458	-21.159878	28.208004	-5.761892
20459	-19.626233	27.419815	-4.909801
20460	-18.054930	26.456071	-4.071694
20461	-16.426232	25.279541	-3.289759
20462	-14.732041	23.903355	-2.626913
20463	-12.940445	22.348484	-2.062839
20464	-11.068310	20.667737	-1.560821
20465	-9.086659	18.864141	-0.999026
20466	-7.054632	16.906604	-0.377972
20467	-4.990902	14.828876	0.191714
20468	-2.924244	12.665680	0.623457
20469	-0.839202	10.416648	0.981957
20470	1.273962	8.092100	1.282991
20471	3.433877	5.693206	1.495744
20472	5.628213	3.245981	1.603098
20473	7.833780	0.749895	1.553195
20474	10.009437	-1.764788	1.219831
20475	12.161994	-4.268269	0.545762
20476	14.302055	-6.683787	-0.348649
20477	16.369303	-8.977338	-1.347536
20478	18.273594	-11.141132	-2.451017
20479	20.088794	-13.214825	-3.556733
20480	21.834992	-15.144608	-4.372918
20481	23.462007	-16.748496	-4.992264
20482	24.951860	-17.783846	-5.643429
20483	26.081883	-18.220711	-6.368938
20484	26.601871	-18.005097	-6.946684
20485	26.491177	-17.306160	-7.153501
20486	25.885003	-16.485093	-6.902809
20487	25.036217	-15.560114	-6.302815
20488	24.079102	-14.521368	-5.367773
20489	23.099519	-13.508894	-4.215520
20490	22.440543	-12.562088	-3.583573
20491	22.071867	-12.076148	-3.046844
20492	21.424334	-11.812252	-0.888906
20493	20.122809	-11.490776	1.950224
20494	18.834725	-10.708098	4.490143
20495	17.591380	-9.778744	6.738603
20496	16.550993	-8.569906	8.547800
20497	15.941728	-7.130888	9.235026
20498	15.328511	-6.194234	9.194285
20499	14.669618	-5.152594	8.787967
20500	13.842558	-4.076567	8.012167
20501	13.030402	-3.326239	6.399845
20502	12.622012	-2.741613	4.719774
20503	12.375077	-2.200482	3.526319
20504	12.220954	-1.750124	2.704363
20505	11.985749	-1.270462	2.451514
20506	11.503739	-0.880272	2.733226
20507	10.979066	-0.553575	3.263225
20508	10.554843	-0.302315	3.873891
20509	10.216320	-0.100154	4.442932
20510	9.924844	0.111594	4.769564
20511	9.617471	0.371117	4.776027
20512	9.299254	0.669072	4.474832
20513	8.962271	0.992845	3.993581
20514	8.646973	1.283220	3.534446
20515	8.378187	1.542941	3.212248
20516	8.148168	1.775631	3.078068
20517	7.914931	1.991630	3.142596
20518	7.671371	2.189523	3.367605
20519	7.381843	2.378106	3.612022
20520	7.078248	2.576655	3.715528
20521	6.778982	2.801576	3.658496
20522	6.484328	3.036392	3.481150
20523	6.175904	3.278283	3.267263
20524	5.871587	3.512150	3.078862
20525	5.562084	3.740835	2.969742
20526	5.241737	3.973570	2.920231
20527	4.900057	4.226604	2.906653
20528	4.548297	4.476369	2.891914
20529	4.182353	4.743617	2.862900
20530	3.792564	5.025356	2.826282
20531	3.372890	5.359602	2.777124
20532	2.919749	5.722018	2.713271
20533	2.420253	6.116728	2.611730
20534	1.882530	6.548844	2.485800
20535	1.298701	7.021290	2.322565
20536	0.675457	7.516772	2.104005
20537	-0.016187	8.034360	1.841558
20538	-0.767329	8.571942	1.565602
20539	-1.571634	9.160627	1.314178
20540	-2.431162	9.778838	1.128294
20541	-3.349737	10.435386	0.989561
20542	-4.309087	11.162497	0.833867
20543	-5.324779	11.997771	0.577181
20544	-6.449863	12.863779	0.113098
20545	-7.694453	13.705870	-0.536925
20546	-9.031765	14.572765	-1.342113
20547	-10.468729	15.497701	-2.242214
20548	-11.965624	16.545845	-3.187637
20549	-13.430581	17.779962	-4.046090
20550	-14.781449	19.226661	-4.628261
20551	-16.106892	20.723570	-4.910176
20552	-17.440844	22.173146	-5.129190
20553	-18.694024	23.687720	-5.237897
20554	-19.857457	25.353077	-5.299602
20555	-20.914767	27.026627	-5.281989
20556	-21.929345	28.553025	-5.339942
20557	-22.924277	29.848803	-5.456219
20558	-24.076206	30.683206	-5.763258
20559	-25.229927	31.113641	-6.251313
20560	-26.158071	31.275279	-6.783573
20561	-26.768298	31.297198	-7.317147
20562	-26.878092	31.467019	-7.469751
20563	-26.535861	31.667276	-7.236014
20564	-25.893919	31.726205	-6.857099
20565	-25.000443	31.583106	-6.426182
20566	-23.928737	31.273267	-5.948634
20567	-22.713415	30.787564	-5.420873
20568	-21.402307	30.133815	-4.882866
20569	-20.008389	29.314929	-4.362635
20570	-18.556694	28.304410	-3.867012
20571	-17.041830	27.087297	-3.395567
20572	-15.454006	25.694039	-2.976967
20573	-13.760097	24.141893	-2.583397
20574	-11.976194	22.456142	-2.163474
20575	-10.092174	20.643299	-1.646631
20576	-8.137499	18.706435	-1.039390
20577	-6.127709	16.674184	-0.421479
20578	-4.088435	14.575605	0.151680
20579	-2.028073	12.391421	0.658239
20580	0.026565	10.113540	1.051791
20581	2.103123	7.740883	1.304689
20582	4.239166	5.298716	1.429476
20583	6.437437	2.772264	1.412814
20584	8.643555	0.179733	1.162584
20585	10.841751	-2.408942	0.591019
20586	13.050943	-4.857000	-0.286075
20587	15.207346	-7.099899	-1.388723
20588	17.149715	-9.184389	-2.671608
20589	18.925185	-11.137652	-4.062741
20590	20.612021	-12.977105	-5.288557
20591	22.178864	-14.686282	-6.105329
20592	23.575065	-16.198675	-6.569801
20593	24.833519	-17.215914	-6.915491
20594	25.816374	-17.687973	-7.180742
20595	26.339012	-17.626737	-7.230111
20596	26.321185	-17.117462	-7.002469
20597	25.802097	-16.417972	-6.508728
20598	24.954266	-15.539281	-5.802976
20599	23.955635	-14.458182	-4.719588
20600	22.969472	-13.352086	-3.535141
20601	22.346453	-12.544794	-2.816004
20602	22.101846	-12.344248	-2.113361
20603	21.494432	-12.307317	0.287604
20604	20.224863	-11.978326	3.177946
20605	18.933928	-11.202260	5.534740
20606	17.782210	-10.225109	7.455998
20607	16.968850	-8.912666	8.643303
20608	16.296827	-7.742269	8.917804
20609	15.622540	-6.814372	8.834021
20610	14.857384	-5.684816	8.536515
20611	13.955661	-4.594554	7.850072
20612	13.322969	-3.632299	6.780936
20613	13.012299	-2.835582	5.788547
20614	12.765780	-2.099299	5.076178
20615	12.511405	-1.454012	4.613777
20616	12.129353	-0.828915	4.444188
20617	11.613587	-0.353337	4.692821
20618	11.154572	0.030818	5.097113
20619	10.740947	0.322035	5.610545
20620	10.366042	0.567661	6.082937
20621	10.012049	0.798736	6.372154
20622	9.662272	1.039325	6.401801
20623	9.285216	1.356648	6.151311
20624	8.885030	1.725660	5.692640
20625	8.474578	2.094311	5.134382
20626	8.106541	2.409273	4.594209
20627	7.791778	2.680061	4.173958
20628	7.528539	2.908671	3.960110
20629	7.259262	3.140135	3.982429
20630	6.957660	3.360437	4.130494
20631	6.635234	3.565952	4.233444
20632	6.314778	3.760861	4.170985
20633	5.991598	3.978823	3.933262
20634	5.679794	4.237006	3.607114
20635	5.362174	4.510766	3.335288
20636	5.035778	4.766804	3.164083
20637	4.700209	5.041545	3.069345
20638	4.352164	5.317674	3.034334
20639	4.000480	5.597452	3.011607
20640	3.656275	5.888120	2.973011
20641	3.289901	6.198571	2.911796
20642	2.915520	6.535573	2.829572
20643	2.511415	6.909711	2.726197
20644	2.076863	7.321404	2.578127
20645	1.584446	7.729257	2.375783
20646	1.040480	8.151451	2.082089
20647	0.447793	8.617999	1.774464
20648	-0.185779	9.131414	1.502428
20649	-0.879870	9.684264	1.224032
20650	-1.630937	10.269148	0.902510
20651	-2.444102	10.891214	0.545759
20652	-3.320519	11.562705	0.186321
20653	-4.269559	12.316245	-0.223388
20654	-5.322719	13.096815	-0.745621
20655	-6.494850	13.867213	-1.353746
20656	-7.774996	14.638983	-2.072809
20657	-9.119262	15.490146	-2.889625
20658	-10.492657	16.457246	-3.691717
20659	-11.926698	17.516871	-4.450114
20660	-13.418782	18.655021	-5.296833
20661	-14.834028	19.982467	-6.146981
20662	-16.173999	21.496792	-6.863532
20663	-17.448032	23.099285	-7.383276
20664	-18.658956	24.690605	-7.780523
20665	-19.873689	26.142536	-8.248191
20666	-21.067022	27.562418	-8.752805
20667	-22.277458	28.880686	-9.379429
20668	-23.453797	30.022302	-10.011466
20669	-24.677121	30.729722	-10.774024
20670	-26.010092	30.874089	-11.756561
20671	-27.236092	30.685991	-12.858651
20672	-28.117041	30.345718	-13.860538
20673	-28.530427	29.984658	-14.610351
20674	-28.365956	29.791917	-14.733570
20675	-27.694993	29.729098	-14.308929
20676	-26.692406	29.647689	-13.631728
20677	-25.429663	29.448000	-12.779234
20678	-23.929004	29.163013	-11.729520
20679	-22.168403	28.805099	-10.452720
20680	-20.246945	28.345397	-9.025551
20681	-18.218009	27.757917	-7.491601
20682	-16.118646	27.007350	-5.898461
20683	-13.975036	26.019564	-4.306271
20684	-11.847381	24.769554	-2.813068
20685	-9.762352	23.243292	-1.480098
20686	-7.766515	21.488093	-0.355650
20687	-5.854448	19.518172	0.540855
20688	-4.015003	17.391378	1.189250
20689	-2.202912	15.135726	1.610771
20690	-0.373408	12.814462	1.841739
20691	1.513984	10.461858	1.947246
20692	3.436148	8.071746	1.960474
20693	5.418582	5.634935	1.899188
20694	7.451996	3.143307	1.772591
20695	9.518999	0.588638	1.567106
20696	11.596093	-1.991762	1.217333
20697	13.657147	-4.560951	0.633346
20698	15.667208	-7.016467	-0.127520
20699	17.502503	-9.317745	-0.950764
20700	19.076728	-11.472340	-1.802766
20701	20.496166	-13.548051	-2.495990
20702	21.855996	-15.404120	-2.812712
20703	23.104073	-17.045806	-2.705168
20704	24.220964	-18.382109	-2.367219
20705	25.205514	-18.994572	-2.420084
20706	25.797803	-18.929819	-2.990001
20707	25.857700	-18.369741	-3.496984
20708	25.371393	-17.634844	-3.472888
20709	24.545632	-16.759182	-3.001833
20710	23.592996	-15.727787	-2.199750
20711	22.694692	-14.512927	-1.599913
20712	22.171875	-13.287635	-2.047944
20713	21.970958	-12.589423	-2.751206
20714	21.621792	-12.136893	-1.999820
20715	20.616678	-11.728170	-0.237993
20716	19.401207	-11.082780	1.670517
20717	18.224956	-10.383850	3.548262
20718	17.277032	-9.544129	5.160530
20719	16.577016	-8.450669	6.188253
20720	16.031494	-7.247480	6.511855
20721	15.440726	-6.190734	6.435434
20722	14.762673	-5.158862	6.190185
20723	14.039503	-4.220259	5.756694
20724	13.483425	-3.415898	5.051326
20725	13.077689	-2.861356	4.194845
20726	12.821396	-2.497941	3.482678
20727	12.617635	-2.171255	3.146336
20728	12.362354	-1.829443	3.136627
20729	12.026331	-1.486646	3.185839
20730	11.648724	-1.165807	3.201827
20731	11.275625	-0.873527	3.172591
20732	10.919784	-0.606181	3.071674
20733	10.563343	-0.379693	2.850295
20734	10.216921	-0.199207	2.495163
20735	9.852365	-0.042086	1.980572
20736	9.486306	0.105356	1.412225
20737	9.105344	0.268919	0.855648
20738	8.728239	0.421235	0.368563
20739	8.389675	0.576445	0.031774
20740	8.103162	0.731801	-0.076074
20741	7.834470	0.910262	-0.000943
20742	7.563042	1.104756	0.112623
20743	7.267232	1.314634	0.166695
20744	6.959685	1.509137	0.091433
20745	6.627766	1.695323	-0.121565
20746	6.296847	1.884260	-0.377099
20747	5.951718	2.101085	-0.603541
20748	5.597923	2.336855	-0.798765
20749	5.233098	2.612640	-0.979886
20750	4.864477	2.905862	-1.140305
20751	4.482025	3.233847	-1.240373
20752	4.096858	3.583870	-1.286671
20753	3.682841	3.948417	-1.345121
20754	3.258194	4.308056	-1.425555
20755	2.814573	4.670897	-1.521833
20756	2.353042	5.037689	-1.646691
20757	1.851384	5.418237	-1.798980
20758	1.328276	5.799686	-1.959703
20759	0.771893	6.168440	-2.157332
20760	0.208017	6.556929	-2.351889
20761	-0.387238	6.979123	-2.526292
20762	-1.022480	7.423762	-2.722899
20763	-1.718588	7.887691	-2.994245
20764	-2.457744	8.383691	-3.322553
20765	-3.263401	8.919215	-3.673375
20766	-4.118959	9.502688	-3.974986
20767	-5.051841	10.141277	-4.261317
20768	-6.057596	10.825093	-4.571484
20769	-7.159330	11.576613	-4.983939
20770	-8.372156	12.372610	-5.549562
20771	-9.670692	13.202594	-6.287360
20772	-11.044412	14.088700	-7.143244
20773	-12.539351	15.030613	-8.092776
20774	-14.139249	16.043767	-9.093653
20775	-15.777748	17.136213	-10.049017
20776	-17.287655	18.405626	-10.738637
20777	-18.565356	19.921789	-11.072227
20778	-19.741403	21.484312	-11.130922
20779	-20.946394	23.015807	-11.118694
20780	-22.184376	24.605017	-11.161360
20781	-23.281603	26.236509	-11.121809
20782	-24.193117	27.814389	-10.979450
20783	-25.065816	29.029324	-10.978354
20784	-25.886778	29.936301	-11.072269
20785	-26.736496	30.520935	-11.321342
20786	-27.612608	30.880761	-11.689246
20787	-28.456894	30.948374	-12.145461
20788	-29.072173	30.784746	-12.603239
20789	-29.269714	30.429584	-12.934123
20790	-28.943146	30.034482	-12.960505
20791	-28.043744	29.719690	-12.492334
20792	-26.666128	29.571938	-11.509867
20793	-24.950733	29.501607	-10.160562
20794	-23.112258	29.340458	-8.669161
20795	-21.240582	28.974342	-7.198678
20796	-19.376249	28.367282	-5.823707
20797	-17.509674	27.506047	-4.544280
20798	-15.673328	26.410350	-3.375899
20799	-13.880394	25.079242	-2.323716
20800	-12.133326	23.496454	-1.387721
20801	-10.362923	21.635614	-0.560882
20802	-8.573472	19.584284	0.102808
20803	-6.737865	17.398905	0.578480
20804	-4.840555	15.163785	0.956065
20805	-2.904256	12.892372	1.256289
20806	-0.972742	10.566508	1.455009
20807	1.005277	8.191040	1.599965
20808	3.093230	5.789725	1.760146
20809	5.272093	3.314631	1.929760
20810	7.450457	0.761225	1.960560
20811	9.610993	-1.843024	1.771042
20812	11.732755	-4.429741	1.258611
20813	13.804056	-6.906585	0.416348
20814	15.747382	-9.191628	-0.600430
20815	17.516962	-11.300480	-1.614983
20816	19.133615	-13.351292	-2.330655
20817	20.567342	-15.310780	-2.409741
20818	21.749008	-17.160685	-1.934932
20819	22.777768	-18.767326	-1.325545
20820	23.798926	-19.760116	-1.236772
20821	24.655295	-20.023993	-1.920966
20822	25.125724	-19.640344	-2.825485
20823	25.082889	-18.878021	-3.448515
20824	24.607277	-17.929220	-3.737026
20825	23.849249	-16.919659	-3.624446
20826	23.006553	-15.834806	-3.062521
20827	22.288036	-14.756693	-2.404627
20828	22.011499	-13.905158	-2.571432
20829	22.011882	-13.571685	-2.493599
20830	21.423560	-13.325083	-0.492261
20831	20.072199	-12.912795	2.160212
20832	18.685426	-12.242109	4.590430
20833	17.453922	-11.457145	6.797015
20834	16.501872	-10.380408	8.339694
20835	15.849700	-9.043040	9.090910
20836	15.281845	-7.880192	9.174119
20837	14.661921	-6.791006	8.866660
20838	13.958754	-5.677400	8.391280
20839	13.321724	-4.740939	7.655807
20840	12.924763	-4.101604	6.642113
20841	12.691062	-3.619625	5.676569
20842	12.483929	-3.221721	5.028551
20843	12.273142	-2.866779	4.709260
20844	12.021057	-2.547004	4.792088
20845	11.671765	-2.234427	5.123415
20846	11.340336	-1.956211	5.497902
20847	11.031236	-1.685589	5.698283
20848	10.712658	-1.447243	5.670297
20849	10.380064	-1.218862	5.426356
20850	10.017406	-1.032897	4.920323
20851	9.630265	-0.855776	4.236058
20852	9.238927	-0.701474	3.525938
20853	8.840343	-0.568424	2.897515
20854	8.488581	-0.450749	2.428558
20855	8.187473	-0.315476	2.193445
20856	7.902253	-0.153228	2.207116
20857	7.603557	0.043698	2.375224
20858	7.298246	0.245601	2.549494
20859	6.980781	0.451701	2.599882
20860	6.638068	0.630760	2.447549
20861	6.269692	0.810984	2.141146
20862	5.902593	0.997869	1.819700
20863	5.533302	1.231747	1.562494
20864	5.178096	1.521597	1.380756
20865	4.825655	1.867170	1.236488
20866	4.451683	2.212705	1.177505
20867	4.070657	2.585527	1.187257
20868	3.664723	2.939605	1.100721
20869	3.234482	3.314994	1.028680
20870	2.785136	3.706175	0.994443
20871	2.304183	4.111752	0.938144
20872	1.796773	4.532835	0.847567
20873	1.248510	4.965763	0.713839
20874	0.660095	5.386598	0.526023
20875	0.038302	5.835375	0.326827
20876	-0.610828	6.302320	0.153733
20877	-1.307133	6.792214	-0.068207
20878	-2.047090	7.311983	-0.334463
20879	-2.847529	7.860522	-0.585393
20880	-3.688873	8.461172	-0.772551
20881	-4.594941	9.117360	-0.928448
20882	-5.562324	9.818730	-1.122179
20883	-6.624147	10.580290	-1.459005
20884	-7.785305	11.370062	-1.976683
20885	-9.052242	12.162342	-2.687871
20886	-10.389057	13.020531	-3.497865
20887	-11.851224	13.987351	-4.479526
20888	-13.442997	15.007167	-5.575784
20889	-15.068544	16.089385	-6.636797
20890	-16.569332	17.367441	-7.446559
20891	-17.877364	18.901029	-7.959713
20892	-19.059092	20.563377	-8.080034
20893	-20.156145	22.263656	-7.988736
20894	-21.323167	23.861942	-7.967309
20895	-22.423264	25.536622	-7.940811
20896	-23.430479	27.182250	-7.875854
20897	-24.396047	28.594989	-7.883322
20898	-25.322339	29.661770	-7.924987
20899	-26.237004	30.405206	-8.124394
20900	-27.245142	30.772643	-8.556256
20901	-28.212475	30.863868	-9.105921
20902	-28.950594	30.749029	-9.616876
20903	-29.312918	30.503247	-10.040339
20904	-29.190097	30.258751	-10.161374
20905	-28.532072	30.112843	-9.806814
20906	-27.489459	30.049326	-9.096939
20907	-26.183284	29.954692	-8.179750
20908	-24.740926	29.714109	-7.189904
20909	-23.191802	29.291202	-6.180315
20910	-21.561296	28.722947	-5.170310
20911	-19.848097	28.008968	-4.149940
20912	-18.098643	27.112412	-3.144554
20913	-16.287925	26.005861	-2.169299
20914	-14.425623	24.695705	-1.277454
20915	-12.502532	23.190040	-0.477696
20916	-10.538559	21.527135	0.237043
20917	-8.507686	19.710151	0.947075
20918	-6.430040	17.751507	1.654030
20919	-4.328051	15.677919	2.285355
20920	-2.231394	13.518213	2.772510
20921	-0.120323	11.260218	3.132448
20922	1.998887	8.921272	3.376565
20923	4.171545	6.520810	3.515403
20924	6.396131	4.066445	3.567697
20925	8.625753	1.536345	3.439951
20926	10.811835	-1.020588	3.039828
20927	12.961748	-3.531118	2.328755
20928	15.055397	-5.947238	1.342012
20929	17.004491	-8.234938	0.141323
20930	18.750600	-10.372757	-1.174037
20931	20.391665	-12.352970	-2.241341
20932	21.807160	-14.207914	-2.664460
20933	22.902410	-15.971184	-2.485773
20934	23.800661	-17.277050	-2.015905
20935	24.500598	-17.946510	-1.595048
20936	24.918393	-17.944456	-1.554441
20937	24.975729	-17.310050	-1.612605
20938	24.482576	-16.454993	-1.303008
20939	23.520421	-15.383652	-0.610945
20940	22.337803	-14.225116	0.187567
20941	21.543366	-13.067784	0.386634
20942	21.186586	-12.435327	0.455218
20943	20.631738	-12.074539	2.064953
20944	19.364456	-11.669142	4.666630
20945	18.123897	-10.815767	6.895182
20946	17.086795	-9.832465	8.611915
20947	16.370190	-8.714112	9.761620
20948	15.820497	-7.504147	10.299713
20949	15.139314	-6.388189	10.446955
20950	14.425179	-5.280503	10.169592
20951	13.701218	-4.319602	9.339247
20952	13.123552	-3.568608	8.207067
20953	12.731235	-2.940980	7.213908
20954	12.445044	-2.440125	6.439677
20955	12.170626	-1.986120	5.994769
20956	11.828289	-1.569108	5.947958
20957	11.434709	-1.201712	6.270081
20958	11.071556	-0.887423	6.717964
20959	10.762827	-0.590150	7.109848
20960	10.471957	-0.330073	7.298700
20961	10.149665	-0.100430	7.246809
20962	9.799285	0.106119	6.904271
20963	9.397588	0.301992	6.285756
20964	8.968232	0.472029	5.516228
20965	8.552074	0.610979	4.763308
20966	8.191119	0.716577	4.198843
20967	7.870075	0.837346	3.895095
20968	7.576172	0.985064	3.821305
20969	7.275349	1.177198	3.894689
20970	6.986937	1.378903	3.972429
20971	6.735746	1.613687	3.859514
20972	6.482413	1.852466	3.593532
20973	6.184157	2.110722	3.345675
20974	5.871972	2.376342	3.072206
20975	5.541442	2.655196	2.784546
20976	5.196967	2.955423	2.551721
20977	4.827308	3.273029	2.362115
20978	4.422996	3.593960	2.173139
20979	4.003909	3.936992	2.026468
20980	3.607543	4.326077	2.033850
20981	3.185100	4.724165	2.034389
20982	2.747401	5.125622	1.996916
20983	2.277561	5.506599	1.881925
20984	1.798296	5.877909	1.712861
20985	1.285165	6.253007	1.492593
20986	0.745756	6.635029	1.258031
20987	0.170035	7.025108	1.017418
20988	-0.439884	7.421981	0.784912
20989	-1.095967	7.836718	0.531372
20990	-1.792278	8.279255	0.269718
20991	-2.544754	8.775085	0.001545
20992	-3.342449	9.311747	-0.243171
20993	-4.197633	9.894273	-0.483528
20994	-5.114897	10.524540	-0.745946
20995	-6.125855	11.203141	-1.034832
20996	-7.216800	11.949285	-1.403696
20997	-8.409582	12.735555	-1.922268
20998	-9.723199	13.499597	-2.649143
20999	-11.148125	14.275282	-3.565794
21000	-12.695628	15.076156	-4.636640
21001	-14.352515	15.896720	-5.796083
21002	-16.020964	16.768744	-6.900428
21003	-17.507245	17.844688	-7.739661
21004	-18.725503	19.176622	-8.179213
21005	-19.764013	20.711356	-8.148431
21006	-20.798407	22.306676	-7.930423
21007	-21.907612	23.863477	-7.754830
21008	-22.936714	25.549986	-7.552177
21009	-23.832140	27.219918	-7.343639
21010	-24.669786	28.719418	-7.173306
21011	-25.494109	29.896819	-7.047098
21012	-26.289327	30.796090	-7.000914
21013	-27.112802	31.463804	-7.129167
21014	-28.009287	31.790355	-7.448358
21015	-28.748785	31.845643	-7.856677
21016	-29.195206	31.661455	-8.292719
21017	-29.204521	31.336200	-8.589347
21018	-28.706086	31.012477	-8.536693
21019	-27.718146	30.750242	-8.039593
21020	-26.395717	30.540105	-7.256949
21021	-24.890096	30.245843	-6.362959
21022	-23.344200	29.752328	-5.517914
21023	-21.751198	29.039753	-4.747583
21024	-20.099595	28.140274	-4.022504
21025	-18.397373	27.057958	-3.313175
21026	-16.693505	25.810915	-2.641504
21027	-14.970753	24.370854	-1.997495
21028	-13.209588	22.752410	-1.392387
21029	-11.361429	20.993768	-0.818698
21030	-9.411143	19.091165	-0.207348
21031	-7.362142	17.051250	0.436093
21032	-5.259197	14.921672	1.063150
21033	-3.118130	12.713059	1.649286
21034	-0.985866	10.421042	2.179473
21035	1.147898	8.033812	2.618186
21036	3.302814	5.555504	2.970932
21037	5.494251	2.980889	3.233034
21038	7.677028	0.298261	3.303625
21039	9.834845	-2.462812	3.039168
21040	11.969585	-5.183521	2.357607
21041	14.049806	-7.743426	1.354545
21042	15.918926	-10.060178	0.168287
21043	17.609183	-12.161995	-1.069928
21044	19.214161	-14.072550	-1.940724
21045	20.671265	-15.829290	-2.280224
21046	21.954032	-17.354604	-2.321763
21047	23.143931	-18.296858	-2.493370
21048	24.057279	-18.665494	-2.907701
21049	24.525224	-18.376882	-3.428595
21050	24.449018	-17.682325	-3.755327
21051	23.896581	-16.842321	-3.697283
21052	23.089703	-15.820208	-3.265007
21053	22.100366	-14.735483	-2.537435
21054	21.375912	-13.622791	-2.090651
21055	21.093765	-12.962110	-2.390223
21056	20.869197	-12.630525	-1.482672
21057	19.817517	-12.416294	1.083626
21058	18.419215	-11.886691	3.891681
21059	17.149822	-11.080648	6.241460
21060	15.998863	-10.110085	8.217407
21061	15.171600	-8.785984	9.388317
21062	14.621344	-7.362325	9.667311
21063	14.063997	-6.295654	9.611438
21064	13.390740	-5.281021	9.389178
21065	12.672755	-4.293678	8.887473
21066	12.113130	-3.446883	7.917316
21067	11.734682	-2.808560	6.498044
21068	11.468199	-2.351779	5.051170
21069	11.235133	-1.969974	4.058625
21070	10.951809	-1.635647	3.624282
21071	10.596567	-1.347983	3.574415
21072	10.196982	-1.055418	3.810157
21073	9.785329	-0.767721	4.203028
21074	9.393570	-0.505397	4.624088
21075	9.015332	-0.270998	4.851798
21076	8.688010	-0.017539	4.864283
21077	8.351371	0.217680	4.583339
21078	8.047106	0.472878	4.128486
21079	7.746979	0.741604	3.648808
21080	7.462379	0.996916	3.234052
21081	7.192756	1.242883	2.937462
21082	6.944121	1.463512	2.810377
21083	6.696032	1.680029	2.912220
21084	6.442149	1.906247	3.216341
21085	6.148678	2.148037	3.534265
21086	5.815232	2.388414	3.624322
21087	5.453472	2.642919	3.449188
21088	5.102656	2.913921	3.174412
21089	4.762324	3.218604	2.953072
21090	4.413345	3.520489	2.833809
21091	4.035271	3.815476	2.765960
21092	3.639183	4.098460	2.750935
21093	3.239620	4.388505	2.781090
21094	2.847807	4.687187	2.802518
21095	2.435911	5.000001	2.783202
21096	2.001817	5.310893	2.704073
21097	1.546574	5.623478	2.585045
21098	1.062959	5.943931	2.431166
21099	0.533344	6.291613	2.252610
21100	-0.040786	6.677717	2.060482
21101	-0.668487	7.081012	1.884391
21102	-1.333930	7.526332	1.690480
21103	-2.053572	8.034842	1.441932
21104	-2.829705	8.572847	1.164050
21105	-3.655026	9.175505	0.908659
21106	-4.525213	9.863959	0.695923
21107	-5.476963	10.622225	0.476570
21108	-6.521869	11.423640	0.140665
21109	-7.708763	12.195801	-0.375316
21110	-8.980019	12.964801	-1.120735
21111	-10.337786	13.748684	-1.985548
21112	-11.835863	14.566207	-2.983491
21113	-13.495070	15.400508	-4.172550
21114	-15.263022	16.202160	-5.476607
21115	-16.975211	17.095530	-6.657514
21116	-18.535717	18.226768	-7.509495
21117	-19.916039	19.584558	-8.066100
21118	-21.208127	20.985614	-8.306898
21119	-22.282972	22.654664	-8.241582
21120	-23.275751	24.325813	-8.067555
21121	-24.084692	25.995006	-7.799937
21122	-24.843185	27.503791	-7.581782
21123	-25.569326	28.804293	-7.367424
21124	-26.389882	29.759210	-7.314263
21125	-27.318491	30.314577	-7.514057
21126	-28.246441	30.534828	-7.878906
21127	-29.011324	30.444002	-8.323806
21128	-29.465902	30.176835	-8.739522
21129	-29.383376	29.949745	-8.798468
21130	-28.764082	29.818083	-8.379029
21131	-27.731850	29.708238	-7.647414
21132	-26.461252	29.543293	-6.794067
21133	-25.020052	29.226458	-5.872417
21134	-23.435981	28.755637	-4.909220
21135	-21.679959	28.155287	-3.870929
21136	-19.841369	27.426241	-2.785183
21137	-17.978636	26.542448	-1.705237
21138	-16.141918	25.468429	-0.703154
21139	-14.302503	24.187945	0.187045
21140	-12.434171	22.708540	0.960536
21141	-10.489247	21.041888	1.692935
21142	-8.474266	19.215318	2.441831
21143	-6.395914	17.267365	3.189024
21144	-4.285323	15.227305	3.884375
21145	-2.151018	13.085308	4.486539
21146	-0.008600	10.846767	4.965037
21147	2.157058	8.517903	5.312785
21148	4.346629	6.126816	5.509343
21149	6.553682	3.652374	5.483899
21150	8.772138	1.118532	5.159019
21151	11.032254	-1.425520	4.474079
21152	13.329030	-3.905116	3.365546
21153	15.658078	-6.238937	1.845395
21154	17.964755	-8.363027	0.074734
21155	20.173149	-10.322814	-1.774672
21156	22.241070	-12.135058	-3.346153
21157	24.066260	-13.757059	-4.493674
21158	25.656741	-15.024685	-5.342073
21159	26.995324	-15.733964	-5.902245
21160	27.723423	-16.067162	-6.032727
21161	27.886637	-15.688615	-5.917060
21162	27.509918	-14.899127	-5.495304
21163	26.735593	-14.111248	-4.691909
21164	25.778554	-13.200505	-3.639733
21165	24.712727	-12.208812	-2.426824
21166	23.877210	-11.201277	-1.567737
21167	23.429375	-10.542042	-1.341416
21168	23.108463	-10.209173	-0.143693
21169	22.175481	-10.003038	2.287361
21170	21.014890	-9.330813	4.908521
21171	19.832279	-8.405292	7.149513
21172	18.621231	-7.437853	9.206542
21173	17.792198	-6.151368	10.277764
21174	17.229740	-5.074063	10.698410
21175	16.635057	-4.309676	10.941692
21176	16.033729	-3.181612	10.726980
21177	15.197218	-2.223720	9.732992
21178	14.539022	-1.561058	8.195519
21179	14.164611	-1.026406	6.880562
21180	13.910555	-0.581762	5.850603
21181	13.677533	-0.201289	5.319685
21182	13.389255	0.171715	5.179743
21183	13.034921	0.543585	5.338563
21184	12.674564	0.846623	5.624194
21185	12.343721	1.153935	5.921764
21186	12.030541	1.429663	6.029553
21187	11.685319	1.677882	5.714825
21188	11.296059	1.921995	4.986808
21189	10.830795	2.136859	4.012989
21190	10.347287	2.312943	3.052485
21191	9.916484	2.477057	2.322507
21192	9.593934	2.660994	1.881166
21193	9.319088	2.846424	1.688499
21194	9.070116	3.040130	1.704700
21195	8.803789	3.238182	1.797904
21196	8.522972	3.421693	1.824482
21197	8.206652	3.596755	1.720806
21198	7.877984	3.760752	1.526477
21199	7.526124	3.924674	1.276251
21200	7.180555	4.098182	1.024671
21201	6.831717	4.290502	0.832481
21202	6.502653	4.510289	0.784188
21203	6.153388	4.766507	0.792557
21204	5.789001	5.035773	0.806069
21205	5.394760	5.320191	0.783000
21206	4.987781	5.612455	0.707706
21207	4.567460	5.923597	0.606225
21208	4.133119	6.243253	0.488432
21209	3.680447	6.582673	0.380677
21210	3.222368	6.948272	0.236767
21211	2.739221	7.333420	0.084547
21212	2.228183	7.720453	-0.057957
21213	1.675003	8.117983	-0.239989
21214	1.080030	8.509199	-0.461937
21215	0.433730	8.911881	-0.763362
21216	-0.259365	9.328683	-1.100664
21217	-1.011398	9.772891	-1.486448
21218	-1.796140	10.241108	-1.872356
21219	-2.629239	10.742378	-2.215406
21220	-3.516710	11.305189	-2.526707
21221	-4.496940	11.926406	-2.825559
21222	-5.569938	12.613217	-3.202925
21223	-6.745076	13.326538	-3.696809
21224	-8.019316	14.036573	-4.392787
21225	-9.389976	14.804886	-5.249523
21226	-10.905750	15.632004	-6.237430
21227	-12.561353	16.507851	-7.340012
21228	-14.248736	17.432989	-8.418949
21229	-15.823041	18.502730	-9.260504
21230	-17.172301	19.836891	-9.583171
21231	-18.247025	21.493825	-9.491079
21232	-19.305755	23.098008	-9.307181
21233	-20.313255	24.809238	-8.916128
21234	-21.352756	26.599835	-8.593531
21235	-22.199008	28.451017	-8.193342
21236	-23.005130	30.085126	-7.868816
21237	-23.772693	31.431802	-7.614370
21238	-24.547623	32.468885	-7.462486
21239	-25.353010	33.228957	-7.430924
21240	-26.194994	33.706527	-7.556398
21241	-26.899263	33.855991	-7.738423
21242	-27.309411	33.718783	-7.970997
21243	-27.292033	33.408959	-8.096306
21244	-26.746012	33.099076	-7.835564
21245	-25.660850	32.847761	-7.080590
21246	-24.214041	32.582939	-6.004417
21247	-22.586505	32.149909	-4.823959
21248	-20.935025	31.478912	-3.707652
21249	-19.285432	30.538250	-2.724912
21250	-17.641449	29.365433	-1.873885
21251	-15.990980	27.982552	-1.141139
21252	-14.369308	26.393107	-0.546917
21253	-12.746468	24.572464	-0.100500
21254	-11.098815	22.546051	0.182071
21255	-9.346464	20.350741	0.364608
21256	-7.459732	18.013121	0.526253
21257	-5.417380	15.546439	0.695722
21258	-3.241745	13.014674	0.890696
21259	-0.920549	10.457290	1.187095
21260	1.519104	7.880281	1.616898
21261	4.027957	5.211314	2.170959
21262	6.467631	2.364893	2.801440
21263	8.756207	-0.651142	3.324448
21264	10.856602	-3.620780	3.466824
21265	12.636477	-6.441435	3.205961
21266	14.047989	-9.072097	2.591803
21267	15.442569	-11.502314	1.810758
21268	16.960331	-13.627990	1.313712
21269	18.400629	-15.545538	1.336547
21270	19.703779	-17.303970	1.546057
21271	21.005788	-18.618335	1.405780
21272	22.279063	-19.189324	0.567627
21273	23.205140	-18.945190	-0.787897
21274	23.511395	-18.327487	-1.904327
21275	23.211830	-17.453997	-2.297776
21276	22.376769	-16.420154	-1.892970
21277	21.276432	-15.287249	-1.108109
21278	20.565006	-14.080416	-1.222023
21279	20.418841	-13.268075	-2.048570
21280	20.105019	-12.700597	-1.170976
21281	18.958775	-12.197166	1.033063
21282	17.651736	-11.428583	3.294548
21283	16.413346	-10.583900	5.428354
21284	15.380191	-9.597891	7.251308
21285	14.815803	-8.307922	8.066225
21286	14.354897	-7.203153	8.012291
21287	13.685665	-6.213889	7.694971
21288	12.880119	-5.153495	7.335428
21289	12.162328	-4.320885	6.694957
21290	11.750053	-3.836347	5.737496
21291	11.555254	-3.450225	5.024198
21292	11.357904	-3.041453	4.662150
21293	11.110371	-2.664307	4.656859
21294	10.773739	-2.294054	4.785622
21295	10.367613	-1.986036	5.005890
21296	10.038553	-1.667435	5.200376
21297	9.717195	-1.381809	5.240248
21298	9.414331	-1.122620	5.117921
21299	9.098723	-0.902192	4.820331
21300	8.760606	-0.714340	4.410118
21301	8.395610	-0.536968	3.909006
21302	8.030523	-0.374958	3.368885
21303	7.663003	-0.239443	2.854299
21304	7.338116	-0.130145	2.497284
21305	7.059895	0.020912	2.412066
21306	6.804162	0.237080	2.546212
21307	6.515097	0.485092	2.723986
21308	6.212843	0.729606	2.803435
21309	5.890968	0.967173	2.728660
21310	5.575885	1.216187	2.502589
21311	5.259630	1.493821	2.221302
21312	4.948188	1.792199	2.029945
21313	4.622382	2.112791	1.937107
21314	4.276940	2.440127	1.904357
21315	3.895788	2.795422	1.872729
21316	3.495286	3.163369	1.747787
21317	3.062271	3.522544	1.535571
21318	2.648817	3.890774	1.399904
21319	2.242978	4.270082	1.296561
21320	1.828272	4.649501	1.205689
21321	1.383359	5.027182	1.110301
21322	0.910079	5.389944	0.975958
21323	0.402236	5.756240	0.792143
21324	-0.131530	6.118977	0.556937
21325	-0.714070	6.505473	0.263085
21326	-1.347360	6.918679	-0.072646
21327	-2.036627	7.362635	-0.423966
21328	-2.764609	7.845310	-0.780137
21329	-3.556368	8.374934	-1.105079
21330	-4.400684	8.953600	-1.376448
21331	-5.310449	9.595992	-1.597564
21332	-6.291341	10.283990	-1.812615
21333	-7.352820	11.032113	-2.094561
21334	-8.510035	11.826423	-2.509991
21335	-9.761146	12.634460	-3.133019
21336	-11.096392	13.470561	-3.934775
21337	-12.528480	14.368114	-4.851743
21338	-14.080739	15.331892	-5.867594
21339	-15.715959	16.339180	-6.939787
21340	-17.311655	17.443039	-7.860799
21341	-18.740203	18.733928	-8.497774
21342	-19.939541	20.317743	-8.718955
21343	-21.076742	21.949216	-8.691759
21344	-22.250692	23.552440	-8.647393
21345	-23.327139	25.260086	-8.508358
21346	-24.228983	27.025032	-8.282257
21347	-24.950318	28.680432	-7.981708
21348	-25.725217	29.892963	-7.859648
21349	-26.494403	30.785411	-7.849188
21350	-27.354205	31.450660	-8.048800
21351	-28.271218	31.820266	-8.360796
21352	-29.150120	31.846528	-8.811444
21353	-29.720677	31.554935	-9.278247
21354	-29.844824	31.114299	-9.631788
21355	-29.351265	30.732951	-9.561033
21356	-28.262568	30.532855	-8.881740
21357	-26.730037	30.463759	-7.718218
21358	-24.980788	30.356034	-6.351987
21359	-23.194134	29.994977	-5.027169
21360	-21.447755	29.341375	-3.876262
21361	-19.726889	28.397531	-2.905050
21362	-17.991610	27.240163	-2.051919
21363	-16.225631	25.894376	-1.293364
21364	-14.480799	24.318958	-0.654145
21365	-12.670368	22.529728	-0.115377
21366	-10.748216	20.576255	0.365897
21367	-8.684417	18.451299	0.870902
21368	-6.519800	16.197684	1.387176
21369	-4.291922	13.850308	1.857713
21370	-2.049933	11.418616	2.262384
21371	0.197607	8.921967	2.614140
21372	2.475125	6.413812	2.938675
21373	4.831477	3.850175	3.296669
21374	7.224888	1.199351	3.639029
21375	9.589519	-1.560696	3.841311
21376	11.858478	-4.381274	3.715437
21377	14.005784	-7.115662	3.101855
21378	15.849256	-9.615413	2.069308
21379	17.443691	-11.924804	0.786086
21380	19.034573	-13.993997	-0.267408
21381	20.539235	-15.778548	-0.626433
21382	21.829235	-17.408478	-0.400910
21383	22.947758	-18.698635	0.079257
21384	23.927423	-19.389261	0.211270
21385	24.637258	-19.391349	-0.373435
21386	24.953434	-18.776494	-1.258342
21387	24.779362	-17.913154	-1.919972
21388	24.239415	-16.867633	-2.175584
21389	23.502770	-15.692306	-1.961332
21390	22.707130	-14.479965	-1.542288
21391	22.224214	-13.298065	-1.770379
21392	22.039022	-12.553333	-2.462487
21393	21.644138	-12.103964	-1.371115
21394	20.427732	-11.796776	1.171711
21395	19.055293	-11.197111	3.651952
21396	17.756983	-10.459709	5.904352
21397	16.574013	-9.485009	7.927359
21398	15.764197	-8.158539	8.772443
21399	15.177635	-7.029244	8.747006
21400	14.577638	-6.155324	8.673416
21401	13.929792	-5.183027	8.496793
21402	13.327489	-4.303451	7.950740
21403	12.894307	-3.679229	6.893642
21404	12.615242	-3.225373	5.913901
21405	12.358267	-2.856627	5.320329
21406	12.139805	-2.541109	5.074805
21407	11.901253	-2.232644	5.161447
21408	11.555687	-1.951656	5.449555
21409	11.211847	-1.702745	5.785630
21410	10.904942	-1.474865	5.995874
21411	10.585850	-1.288847	6.108700
21412	10.267483	-1.119704	6.069539
21413	9.927349	-0.982979	5.831795
21414	9.590895	-0.847772	5.414412
21415	9.228521	-0.695523	4.934130
21416	8.858147	-0.544160	4.483412
21417	8.485655	-0.388007	4.125136
21418	8.149818	-0.232097	3.898460
21419	7.846221	-0.056558	3.798033
21420	7.560695	0.132955	3.809566
21421	7.268626	0.344277	3.908577
21422	6.970210	0.555008	4.025231
21423	6.648867	0.768129	4.080684
21424	6.314712	0.997639	3.989606
21425	5.967578	1.263658	3.728877
21426	5.639439	1.557627	3.429708
21427	5.316478	1.880417	3.301831
21428	5.001748	2.233528	3.286913
21429	4.646022	2.608651	3.212157
21430	4.237464	2.967159	3.072984
21431	3.819344	3.329895	3.006804
21432	3.408029	3.694040	2.953154
21433	2.980995	4.087020	2.852593
21434	2.523344	4.476115	2.743532
21435	2.038961	4.874901	2.631252
21436	1.532849	5.280359	2.529145
21437	0.987364	5.713532	2.434850
21438	0.415310	6.187367	2.333890
21439	-0.202918	6.680933	2.180138
21440	-0.879940	7.168661	1.924132
21441	-1.611831	7.682850	1.592425
21442	-2.389816	8.223432	1.277243
21443	-3.205877	8.820809	1.043173
21444	-4.063381	9.486395	0.891330
21445	-4.998943	10.202032	0.769546
21446	-6.007311	10.963833	0.578118
21447	-7.102556	11.790243	0.201849
21448	-8.313266	12.639576	-0.372336
21449	-9.638461	13.468171	-1.182752
21450	-11.028819	14.368535	-2.135559
21451	-12.533922	15.342426	-3.150345
21452	-14.156947	16.378175	-4.222892
21453	-15.824307	17.461065	-5.241250
21454	-17.401799	18.658349	-6.061783
21455	-18.765427	20.056985	-6.585289
21456	-19.997057	21.559950	-6.837642
21457	-21.227746	23.030970	-6.972065
21458	-22.452869	24.550880	-7.071078
21459	-23.593523	26.117432	-7.108143
21460	-24.586481	27.685728	-7.028832
21461	-25.486918	29.004816	-6.945870
21462	-26.287872	29.974617	-6.839396
21463	-27.052039	30.697674	-6.799218
21464	-27.919241	31.164115	-6.913480
21465	-28.789550	31.361108	-7.122772
21466	-29.445100	31.340416	-7.316100
21467	-29.742714	31.143577	-7.470417
21468	-29.556282	30.918477	-7.389876
21469	-28.776144	30.787638	-6.820863
21470	-27.540378	30.758732	-5.805750
21471	-26.029354	30.693963	-4.586478
21472	-24.432633	30.431642	-3.371240
21473	-22.813792	29.898667	-2.263423
21474	-21.164039	29.141412	-1.266903
21475	-19.462056	28.172467	-0.358064
21476	-17.760985	26.993978	0.438053
21477	-16.038151	25.626901	1.146147
21478	-14.271731	24.102929	1.775056
21479	-12.424703	22.401943	2.354421
21480	-10.471300	20.558335	2.911958
21481	-8.394552	18.579202	3.498818
21482	-6.240619	16.473338	4.113143
21483	-4.050765	14.253400	4.650046
21484	-1.873869	11.930302	5.047036
21485	0.302699	9.482457	5.309453
21486	2.490347	6.949573	5.457436
21487	4.714450	4.352606	5.496290
21488	6.977545	1.714441	5.421302
21489	9.281170	-0.978356	5.217163
21490	11.598934	-3.746841	4.831684
21491	13.909048	-6.566372	4.103897
21492	16.101834	-9.215866	2.900242
21493	17.965130	-11.597204	1.424855
21494	19.710484	-13.836426	-0.016211
21495	21.484041	-15.824227	-0.988017
21496	23.091368	-17.528733	-1.372435
21497	24.507498	-18.695259	-1.545902
21498	25.487203	-19.050747	-1.969814
21499	25.816372	-18.746775	-2.519181
21500	25.601979	-17.936285	-2.855125
21501	24.905735	-16.966136	-2.750590
21502	24.021796	-15.848311	-2.173904
21503	23.009860	-14.661917	-1.404557
21504	22.208425	-13.346464	-1.089644
21505	21.818847	-12.217947	-1.718500
21506	21.631264	-11.507715	-1.821661
21507	20.945587	-11.169339	-0.409670
21508	19.776563	-10.754473	1.962454
21509	18.476839	-10.268435	4.520130
21510	17.301480	-9.682890	6.982580
21511	16.473844	-8.762465	8.631665
21512	15.980386	-7.563272	9.451433
21513	15.543583	-6.466390	9.672951
21514	15.015088	-5.464709	9.560558
21515	14.345671	-4.516843	9.241615
21516	13.730573	-3.627541	8.722906
21517	13.240611	-2.899658	7.908252
21518	12.870916	-2.369679	6.906205
21519	12.543769	-1.980325	6.021825
21520	12.222741	-1.679561	5.523034
21521	11.923384	-1.374904	5.376878
21522	11.620474	-1.072082	5.439930
21523	11.273851	-0.774668	5.635932
21524	10.948541	-0.508758	5.935655
21525	10.620347	-0.259659	6.189776
21526	10.288975	-0.072427	6.272386
21527	9.948542	0.100419	6.127052
21528	9.580956	0.262482	5.712963
21529	9.187577	0.420798	5.147401
21530	8.792133	0.589512	4.556868
21531	8.400994	0.754808	4.043092
21532	8.065722	0.917627	3.681002
21533	7.769472	1.080186	3.476473
21534	7.487715	1.245654	3.421176
21535	7.184833	1.434006	3.481588
21536	6.880335	1.620696	3.591442
21537	6.587353	1.812096	3.662907
21538	6.290314	1.998540	3.632548
21539	5.947826	2.192778	3.474003
21540	5.555211	2.381474	3.225028
21541	5.134089	2.593419	2.971863
21542	4.738977	2.853495	2.813168
21543	4.354660	3.169992	2.699090
21544	3.986853	3.518477	2.552682
21545	3.603898	3.876025	2.384787
21546	3.205979	4.236609	2.245263
21547	2.784648	4.611655	2.076782
21548	2.337042	4.976858	1.878551
21549	1.871243	5.359918	1.707619
21550	1.366447	5.761134	1.570738
21551	0.812347	6.193168	1.439033
21552	0.216657	6.635141	1.261511
21553	-0.433708	7.088981	1.010001
21554	-1.135162	7.562009	0.687986
21555	-1.890895	8.069692	0.313006
21556	-2.687404	8.613047	-0.049554
21557	-3.530424	9.209387	-0.355950
21558	-4.420856	9.864448	-0.595386
21559	-5.393704	10.577869	-0.819282
21560	-6.439663	11.361402	-1.107464
21561	-7.601676	12.195794	-1.586920
21562	-8.866396	13.043953	-2.281745
21563	-10.238928	13.906346	-3.170680
21564	-11.714041	14.847367	-4.220094
21565	-13.300094	15.887940	-5.326200
21566	-14.962932	16.974647	-6.401288
21567	-16.554736	18.198125	-7.240405
21568	-17.997255	19.632045	-7.800871
21569	-19.241406	21.231738	-8.003285
21570	-20.393303	22.831668	-7.979150
21571	-21.550055	24.406910	-7.869931
21572	-22.632744	26.084841	-7.740790
21573	-23.535252	27.801087	-7.521730
21574	-24.319561	29.345402	-7.324171
21575	-25.060031	30.500699	-7.218631
21576	-25.788744	31.327391	-7.194452
21577	-26.582981	31.872771	-7.354539
21578	-27.472922	32.069657	-7.690600
21579	-28.205725	31.993264	-8.085383
21580	-28.591638	31.700410	-8.426884
21581	-28.464929	31.317553	-8.520628
21582	-27.770212	30.971168	-8.167479
21583	-26.552777	30.700289	-7.315299
21584	-25.013156	30.457422	-6.183901
21585	-23.329183	30.061979	-4.995664
21586	-21.597937	29.446843	-3.866033
21587	-19.805718	28.631531	-2.816763
21588	-17.991645	27.609292	-1.851715
21589	-16.151576	26.366995	-0.946197
21590	-14.318490	24.916040	-0.148617
21591	-12.489834	23.241989	0.480544
21592	-10.640981	21.366426	0.946121
21593	-8.688506	19.330151	1.353478
21594	-6.641259	17.155282	1.782628
21595	-4.512937	14.821625	2.234612
21596	-2.351558	12.378620	2.623176
21597	-0.164562	9.901015	2.938711
21598	2.027032	7.432305	3.207135
21599	4.265158	4.906938	3.530386
21600	6.528138	2.256568	3.922399
21601	8.746472	-0.559900	4.285554
21602	10.815383	-3.502610	4.262585
21603	12.723338	-6.418095	3.613276
21604	14.435774	-9.050781	2.597295
21605	15.928185	-11.437227	1.478364
21606	17.415020	-13.579769	0.526652
21607	18.878595	-15.397694	0.330219
21608	20.074031	-17.093642	0.894890
21609	21.044346	-18.449531	1.684649
21610	21.896007	-19.216122	1.880103
21611	22.506205	-19.316074	1.295024
21612	22.736976	-18.805595	0.670704
21613	22.340354	-18.056985	0.663909
21614	21.398475	-17.030444	1.399529
21615	20.256807	-15.712781	2.150683
21616	19.526055	-14.358307	1.660227
21617	19.315571	-13.394738	0.989952
21618	18.891085	-12.805807	1.892950
21619	17.771486	-12.179432	3.768141
21620	16.530990	-11.256177	5.615320
21621	15.327178	-10.283043	7.551552
21622	14.410038	-9.259083	9.108440
21623	13.981490	-8.021908	9.724802
21624	13.579756	-6.929231	9.564039
21625	12.900213	-5.883982	9.202960
21626	12.077093	-4.847383	8.778787
21627	11.408411	-4.134361	8.062088
21628	11.041726	-3.679016	7.305581
21629	10.822773	-3.253327	6.804314
21630	10.634106	-2.867432	6.599004
21631	10.417587	-2.424804	6.662889
21632	10.053145	-2.021308	6.765007
21633	9.671376	-1.617288	6.870509
21634	9.304808	-1.259561	6.854446
21635	8.944806	-0.933378	6.692908
21636	8.603173	-0.658361	6.429487
21637	8.259263	-0.420698	6.055393
21638	7.907691	-0.202355	5.607154
21639	7.531633	0.024227	5.126407
21640	7.157126	0.260006	4.649671
21641	6.799568	0.487458	4.197382
21642	6.481377	0.694635	3.858328
21643	6.202037	0.909111	3.728705
21644	5.958628	1.143479	3.770236
21645	5.710655	1.398965	3.874721
21646	5.447740	1.659935	3.968924
21647	5.170057	1.923214	3.947558
21648	4.890425	2.173016	3.753900
21649	4.590775	2.412587	3.452935
21650	4.304064	2.659714	3.244673
21651	4.014656	2.929893	3.118120
21652	3.733148	3.218277	3.056833
21653	3.431880	3.535214	3.024608
21654	3.093607	3.857245	2.961607
21655	2.724686	4.192371	2.878812
21656	2.344961	4.531686	2.784280
21657	1.940669	4.884663	2.651651
21658	1.529332	5.243936	2.497701
21659	1.095505	5.606347	2.335459
21660	0.635428	5.954814	2.178519
21661	0.153266	6.314281	2.037131
21662	-0.353131	6.684931	1.892845
21663	-0.907854	7.060932	1.708822
21664	-1.504211	7.443009	1.452056
21665	-2.146823	7.841160	1.138800
21666	-2.833634	8.254852	0.800902
21667	-3.554909	8.717490	0.453053
21668	-4.312682	9.219040	0.147714
21669	-5.124212	9.771460	-0.093652
21670	-5.988623	10.379483	-0.276288
21671	-6.917606	11.044434	-0.432052
21672	-7.926784	11.769819	-0.657488
21673	-9.025717	12.540575	-1.034152
21674	-10.216326	13.326238	-1.599718
21675	-11.482741	14.159597	-2.282014
21676	-12.866322	15.048795	-3.100264
21677	-14.362211	15.974632	-4.064122
21678	-15.914656	16.923162	-5.032365
21679	-17.457565	17.941537	-5.928319
21680	-18.925297	19.105181	-6.619870
21681	-20.297416	20.393224	-7.141304
21682	-21.585480	21.783394	-7.512593
21683	-22.780316	23.306542	-7.780973
21684	-23.870114	24.941703	-7.880839
21685	-24.786463	26.604059	-7.808799
21686	-25.547883	28.137829	-7.660927
21687	-26.297208	29.319235	-7.592617
21688	-27.076934	30.212742	-7.664424
21689	-27.906898	30.879059	-7.880963
21690	-28.837746	31.209965	-8.245000
21691	-29.643822	31.259949	-8.719282
21692	-30.185215	30.992163	-9.220063
21693	-30.244633	30.602232	-9.533042
21694	-29.704688	30.286603	-9.407221
21695	-28.590741	30.138027	-8.708367
21696	-27.125491	30.105451	-7.670237
21697	-25.501143	29.969198	-6.527244
21698	-23.865793	29.593113	-5.459310
21699	-22.200445	28.965695	-4.492059
21700	-20.497169	28.122044	-3.605299
21701	-18.742352	27.061445	-2.763487
21702	-16.968740	25.815735	-1.976916
21703	-15.167045	24.359903	-1.285475
21704	-13.297161	22.709257	-0.641028
21705	-11.303592	20.881315	0.017918
21706	-9.228028	18.898679	0.690523
21707	-7.085626	16.760064	1.335628
21708	-4.914723	14.517913	1.902777
21709	-2.737360	12.184731	2.377629
21710	-0.580561	9.790348	2.749402
21711	1.610196	7.341324	3.056339
21712	3.865510	4.826271	3.346058
21713	6.179994	2.198064	3.616934
21714	8.467081	-0.589566	3.785654
21715	10.689900	-3.499171	3.639159
21716	12.840132	-6.374667	2.987551
21717	14.850050	-9.063358	1.965909
21718	16.561158	-11.494825	0.756100
21719	18.171574	-13.673377	-0.477782
21720	19.804133	-15.568098	-1.178158
21721	21.274527	-17.255349	-1.110727
21722	22.488098	-18.699309	-0.547720
21723	23.516736	-19.630880	-0.104170
21724	24.237416	-19.901818	-0.347106
21725	24.486952	-19.464457	-0.958069
21726	24.209046	-18.674136	-1.251470
21727	23.490413	-17.674401	-0.877896
21728	22.458147	-16.560160	-0.086876
21729	21.617519	-15.351505	0.270298
21730	21.281613	-14.459961	-0.486694
21731	21.089124	-13.779137	0.131057
21732	19.974074	-13.401771	2.523516
21733	18.534076	-12.708267	5.116775
21734	17.217246	-11.791374	7.465028
21735	16.018763	-10.794263	9.716651
21736	15.176860	-9.549998	10.912833
21737	14.718318	-8.091460	11.069463
21738	14.242806	-6.966413	10.759613
21739	13.536554	-5.916340	10.306615
21740	12.767137	-4.917517	9.764228
21741	12.191418	-4.130557	9.039591
21742	11.875237	-3.643922	8.111604
21743	11.659322	-3.290282	7.358290
21744	11.454199	-2.882739	7.027386
21745	11.230827	-2.538759	7.151345
21746	10.938813	-2.204662	7.420609
21747	10.592605	-1.906069	7.791594
21748	10.281040	-1.579154	8.068803
21749	9.948627	-1.295189	8.117729
21750	9.641730	-1.045689	7.940539
21751	9.352733	-0.818405	7.511372
21752	9.053855	-0.634051	6.901825
21753	8.734760	-0.443093	6.300133
21754	8.401183	-0.249025	5.767644
21755	8.055873	-0.080403	5.306159
21756	7.752680	0.074392	4.978369
21757	7.488862	0.250025	4.826391
21758	7.256062	0.454880	4.843181
21759	7.001147	0.694650	4.968432
21760	6.715825	0.941210	5.095804
21761	6.407184	1.180766	5.104151
21762	6.083781	1.401486	4.916748
21763	5.759607	1.652565	4.594746
21764	5.446342	1.911381	4.314639
21765	5.146527	2.196565	4.165467
21766	4.839131	2.494788	4.075874
21767	4.484159	2.805292	3.981434
21768	4.108169	3.125455	3.909635
21769	3.720644	3.463535	3.845629
21770	3.325908	3.796150	3.733628
21771	2.912771	4.152558	3.617349
21772	2.484223	4.508760	3.486618
21773	2.033147	4.874193	3.336646
21774	1.576952	5.247813	3.172703
21775	1.089714	5.628128	2.999814
21776	0.566209	6.021784	2.818002
21777	-0.001939	6.456627	2.649503
21778	-0.607753	6.921193	2.463786
21779	-1.270630	7.427632	2.222226
21780	-1.986598	7.973131	1.911359
21781	-2.771943	8.542932	1.614544
21782	-3.618028	9.150834	1.371588
21783	-4.526166	9.820515	1.205448
21784	-5.491498	10.541959	1.068344
21785	-6.537190	11.332079	0.842834
21786	-7.676373	12.149992	0.427995
21787	-8.916052	12.967098	-0.197750
21788	-10.244459	13.803609	-0.976946
21789	-11.699232	14.698535	-1.909057
21790	-13.279788	15.639711	-3.017372
21791	-14.930039	16.629780	-4.170865
21792	-16.573621	17.704955	-5.242700
21793	-18.126937	18.899539	-6.113417
21794	-19.498038	20.283576	-6.732619
21795	-20.713607	21.783064	-7.142503
21796	-21.901504	23.318747	-7.369949
21797	-23.053615	24.934993	-7.507294
21798	-24.098238	26.591978	-7.547492
21799	-24.993379	28.172868	-7.501766
21800	-25.822527	29.458253	-7.438009
21801	-26.561643	30.326114	-7.398952
21802	-27.367032	30.882198	-7.612809
21803	-28.259024	31.104907	-7.995104
21804	-29.125287	31.049072	-8.477158
21805	-29.726998	30.743990	-8.941541
21806	-29.948617	30.270159	-9.344350
21807	-29.638445	29.776277	-9.452318
21808	-28.750321	29.418467	-9.054974
21809	-27.411696	29.193751	-8.209706
21810	-25.819906	28.994352	-7.146492
21811	-24.132659	28.613368	-6.031597
21812	-22.408339	28.008595	-4.963647
21813	-20.606401	27.198891	-3.934832
21814	-18.761754	26.191672	-2.941749
21815	-16.853929	25.009011	-1.947365
21816	-14.896534	23.687355	-0.947004
21817	-12.888676	22.178655	0.062048
21818	-10.855309	20.445813	1.016158
21819	-8.785295	18.497285	1.852415
21820	-6.707273	16.374608	2.484246
21821	-4.597158	14.125469	2.926926
21822	-2.465746	11.800127	3.214564
21823	-0.312700	9.402513	3.330211
21824	1.885276	6.941650	3.291171
21825	4.180523	4.412767	3.122613
21826	6.582340	1.831709	2.848236
21827	9.051318	-0.797704	2.417923
21828	11.514831	-3.442002	1.680642
21829	13.953526	-5.985046	0.520869
21830	16.288680	-8.276655	-0.935782
21831	18.344282	-10.374610	-2.486832
21832	20.198043	-12.380362	-3.968570
21833	21.946446	-14.293722	-4.951348
21834	23.514809	-16.034367	-5.369579
21835	24.835134	-17.511256	-5.342120
21836	25.821245	-18.502272	-4.980882
21837	26.299332	-18.822343	-4.561606
21838	26.227794	-18.472032	-4.069912
21839	25.654659	-17.799655	-3.464409
21840	24.760137	-16.973305	-2.807339
21841	23.805698	-15.944057	-2.141634
21842	22.871948	-14.795297	-1.512051
21843	22.294376	-13.648999	-1.358326
21844	22.150042	-12.959579	-1.762080
21845	22.001800	-12.586216	-0.880890
21846	21.034219	-12.211904	1.425654
21847	19.655262	-11.554539	4.096183
21848	18.351232	-10.760759	6.605329
21849	17.163614	-9.859319	8.758805
21850	16.191151	-8.640666	10.197940
21851	15.485477	-7.211820	10.566157
21852	14.865540	-6.138369	10.510702
21853	14.180049	-5.149608	10.271441
21854	13.458694	-4.139236	9.687212
21855	12.810046	-3.327509	8.657515
21856	12.361386	-2.798872	7.256985
21857	12.060770	-2.430483	6.035339
21858	11.832573	-2.056893	5.260643
21859	11.587370	-1.738883	4.909931
21860	11.234020	-1.443234	4.912507
21861	10.856789	-1.165825	5.136536
21862	10.560800	-0.857246	5.317369
21863	10.292899	-0.527885	5.207434
21864	9.983381	-0.258684	4.729887
21865	9.647261	-0.042122	4.294930
21866	9.333098	0.182968	3.861870
21867	9.000588	0.366983	3.311927
21868	8.676558	0.549936	2.771348
21869	8.344299	0.715898	2.305754
21870	8.068803	0.880137	1.953400
21871	7.822047	1.032905	1.750752
21872	7.594679	1.186586	1.712184
21873	7.363412	1.352699	1.895133
21874	7.127848	1.530495	2.276574
21875	6.870259	1.731565	2.674831
21876	6.583084	1.948618	2.876224
21877	6.240889	2.169681	2.793996
21878	5.877858	2.406274	2.518926
21879	5.506727	2.671292	2.220246
21880	5.135639	2.941034	2.014961
21881	4.734734	3.219609	1.923926
21882	4.321952	3.524325	1.953988
21883	3.898225	3.852768	2.061396
21884	3.485945	4.183502	2.153312
21885	3.072480	4.522427	2.181911
21886	2.669421	4.875470	2.188264
21887	2.232026	5.216446	2.163409
21888	1.770027	5.567582	2.087994
21889	1.262966	5.928046	1.950102
21890	0.739714	6.286472	1.768923
21891	0.189997	6.672608	1.563767
21892	-0.401318	7.071849	1.361848
21893	-1.046248	7.512920	1.140997
21894	-1.750856	8.000261	0.849163
21895	-2.528934	8.516547	0.550866
21896	-3.355186	9.095137	0.305897
21897	-4.252746	9.734071	0.140953
21898	-5.212084	10.443285	0.010891
21899	-6.261256	11.221891	-0.189724
21900	-7.386897	12.038883	-0.565645
21901	-8.599089	12.886778	-1.120017
21902	-9.940615	13.754545	-1.838192
21903	-11.449769	14.654842	-2.803975
21904	-13.112410	15.550375	-4.026775
21905	-14.830336	16.465649	-5.328926
21906	-16.534085	17.475349	-6.530564
21907	-18.140914	18.669759	-7.426480
21908	-19.545593	20.086085	-8.029113
21909	-20.809207	21.566120	-8.399109
21910	-21.971976	23.148301	-8.506685
21911	-23.047943	24.827588	-8.513253
21912	-24.010823	26.497825	-8.419237
21913	-24.942328	27.987659	-8.385893
21914	-25.881145	29.224231	-8.409061
21915	-26.803837	30.198838	-8.542325
21916	-27.806866	30.783401	-8.871834
21917	-28.808133	31.029211	-9.350402
21918	-29.661065	31.009935	-9.875834
21919	-30.236178	30.757709	-10.373559
21920	-30.394898	30.462418	-10.669892
21921	-30.027569	30.260339	-10.558928
21922	-29.239395	30.166006	-10.074193
21923	-28.155296	30.093048	-9.371855
21924	-26.905806	29.930245	-8.576353
21925	-25.510295	29.613044	-7.716064
21926	-23.987436	29.139276	-6.810907
21927	-22.336401	28.495579	-5.865122
21928	-20.619801	27.671921	-4.930907
21929	-18.856905	26.655019	-4.034828
21930	-17.070875	25.456521	-3.218832
21931	-15.223312	24.067712	-2.478142
21932	-13.302681	22.511416	-1.795393
21933	-11.279568	20.803567	-1.131711
21934	-9.165121	18.970267	-0.432400
21935	-6.975567	16.994520	0.303653
21936	-4.756247	14.895952	1.000416
21937	-2.525922	12.652955	1.569528
21938	-0.304125	10.274029	1.977341
21939	1.920500	7.778652	2.202589
21940	4.173848	5.208701	2.245875
21941	6.511228	2.582811	2.194106
21942	8.906680	-0.105617	2.089708
21943	11.290934	-2.857589	1.808400
21944	13.577137	-5.628563	1.228946
21945	15.732775	-8.287983	0.432188
21946	17.560114	-10.769357	-0.468692
21947	19.097744	-13.114397	-1.479255
21948	20.570540	-15.266915	-2.188046
21949	21.996038	-17.124630	-2.277416
21950	23.249670	-18.762883	-1.973751
21951	24.391032	-19.774684	-1.760086
21952	25.227740	-19.925691	-2.064289
21953	25.530503	-19.412053	-2.722465
21954	25.336453	-18.462073	-3.376937
21955	24.744664	-17.375743	-3.696702
21956	23.943140	-16.189635	-3.573725
21957	23.084790	-14.921212	-3.056831
21958	22.474613	-13.665364	-2.742114
21959	22.325175	-12.777353	-3.144081
21960	22.271283	-12.545492	-2.731658
21961	21.500740	-12.405415	-0.215754
21962	20.049067	-12.124739	3.056888
21963	18.684460	-11.605122	5.940809
21964	17.422006	-10.900401	8.587372
21965	16.343302	-9.829247	10.628843
21966	15.638417	-8.358252	11.403942
21967	15.106835	-6.956534	11.308391
21968	14.549777	-5.819491	10.939319
21969	13.837792	-4.831229	10.324994
21970	13.160947	-3.979630	9.423982
21971	12.726353	-3.249060	8.336890
21972	12.441700	-2.839974	7.236792
21973	12.299157	-2.537530	6.311015
21974	12.181798	-2.126841	5.653445
21975	11.867849	-1.774331	5.297669
21976	11.526036	-1.450746	5.284170
21977	11.138389	-1.148731	5.389593
21978	10.754834	-0.894778	5.505655
21979	10.409153	-0.626678	5.601064
21980	10.090278	-0.417306	5.554102
21981	9.766147	-0.290009	5.232286
21982	9.460021	-0.133420	4.806096
21983	9.169934	0.102093	4.370843
21984	8.865503	0.320076	3.932682
21985	8.584785	0.566738	3.602359
21986	8.339557	0.766086	3.451531
21987	8.115769	0.978079	3.505100
21988	7.863408	1.211813	3.675097
21989	7.562338	1.464111	3.836808
21990	7.228693	1.705792	3.844295
21991	6.872504	1.954190	3.647999
21992	6.524282	2.233388	3.368386
21993	6.174950	2.554164	3.135058
21994	5.812108	2.886728	2.988681
21995	5.447873	3.241763	2.951544
21996	5.073967	3.616160	2.971696
21997	4.674494	4.014925	2.994920
21998	4.261640	4.411146	2.965797
21999	3.835482	4.797066	2.879990
22000	3.400033	5.169602	2.735654
22001	2.944318	5.548929	2.568129
22002	2.468624	5.938856	2.415194
22003	1.968385	6.342884	2.299423
22004	1.458185	6.735514	2.206409
22005	0.934659	7.153251	2.080932
22006	0.377155	7.600917	1.916097
22007	-0.234607	8.085482	1.697714
22008	-0.884068	8.599238	1.433448
22009	-1.575519	9.162163	1.146469
22010	-2.309949	9.778494	0.888664
22011	-3.112379	10.481840	0.652273
22012	-3.999479	11.241836	0.430118
22013	-4.970748	12.056320	0.168376
22014	-6.057270	12.908552	-0.262597
22015	-7.285226	13.763981	-0.927425
22016	-8.615120	14.650785	-1.767045
22017	-10.032547	15.579519	-2.688938
22018	-11.571107	16.525463	-3.734299
22019	-13.251953	17.529208	-4.923031
22020	-15.011806	18.599518	-6.067667
22021	-16.681337	19.831754	-7.050801
22022	-18.133664	21.279974	-7.708604
22023	-19.370923	22.850144	-8.011731
22024	-20.510946	24.477656	-8.064418
22025	-21.711768	26.026915	-8.141394
22026	-22.890905	27.610996	-8.239282
22027	-23.934597	29.214857	-8.285278
22028	-24.981102	30.459268	-8.405045
22029	-25.971616	31.286599	-8.539054
22030	-27.008893	31.721732	-8.919930
22031	-28.058880	31.896600	-9.425819
22032	-29.135838	31.729378	-10.050577
22033	-29.903011	31.340537	-10.634799
22034	-30.177885	30.849122	-11.063363
22035	-29.904760	30.318805	-11.180117
22036	-29.104421	29.862692	-10.868782
22037	-27.834355	29.544530	-10.100087
22038	-26.296888	29.282494	-9.046991
22039	-24.660906	28.893416	-7.925476
22040	-23.027366	28.292383	-6.918017
22041	-21.387640	27.449154	-6.005502
22042	-19.692370	26.431805	-5.096334
22043	-17.911632	25.248210	-4.158793
22044	-16.054757	23.879998	-3.170762
22045	-14.092005	22.295414	-2.127506
22046	-12.071050	20.485144	-1.108673
22047	-10.001547	18.494912	-0.189896
22048	-7.897028	16.366631	0.596649
22049	-5.758670	14.107712	1.260185
22050	-3.615610	11.750625	1.762863
22051	-1.464988	9.309427	2.060806
22052	0.702562	6.822242	2.195347
22053	2.957264	4.304825	2.265809
22054	5.302490	1.745706	2.306984
22055	7.676007	-0.896144	2.248553
22056	10.008900	-3.603870	1.920965
22057	12.282397	-6.238148	1.117049
22058	14.394052	-8.614945	-0.167272
22059	16.239620	-10.718361	-1.718861
22060	18.007651	-12.596209	-3.359175
22061	19.800233	-14.287700	-4.644621
22062	21.444561	-15.815214	-5.256560
22063	22.826442	-17.210370	-5.295631
22064	23.987718	-18.277631	-5.155044
22065	24.959525	-18.785045	-5.267851
22066	25.555004	-18.723719	-5.650297
22067	25.690359	-18.208993	-5.963453
22068	25.362192	-17.474194	-6.018731
22069	24.735643	-16.579958	-5.918601
22070	23.945167	-15.536505	-5.723415
22071	23.024035	-14.380541	-5.405211
22072	22.159382	-13.159652	-4.930340
22073	21.815076	-12.003657	-4.544640
22074	22.052852	-11.680104	-4.508994
22075	22.034419	-12.073131	-2.993215
22076	20.832102	-12.251070	1.429706
22077	19.136117	-12.063686	5.453778
22078	17.840468	-11.626233	8.301630
22079	16.895734	-10.897946	10.226526
22080	16.285234	-9.768134	11.025521
22081	15.784308	-8.503985	11.370886
22082	15.221498	-7.508575	11.512629
22083	14.681703	-6.483222	11.315747
22084	14.150498	-5.540233	10.805486
22085	13.735903	-4.782653	9.962398
22086	13.522752	-4.084386	9.072027
22087	13.385846	-3.460752	8.382898
22088	13.207753	-2.900169	7.828058
22089	12.940457	-2.387847	7.490653
22090	12.570646	-2.054844	7.419158
22091	12.160271	-1.845710	7.619551
22092	11.857914	-1.651589	7.965753
22093	11.641992	-1.381503	8.288298
22094	11.312705	-1.101264	8.470707
22095	10.940325	-0.839893	8.495178
22096	10.604317	-0.635246	8.259522
22097	10.229727	-0.519662	7.742160
22098	9.922298	-0.420420	7.110300
22099	9.637175	-0.316404	6.413651
22100	9.378883	-0.170562	5.725837
22101	9.131689	0.012444	5.189488
22102	8.872988	0.184862	4.931022
22103	8.609317	0.361313	4.914005
22104	8.358262	0.546273	5.009560
22105	8.097697	0.769604	5.064792
22106	7.816847	1.027211	4.973133
22107	7.524024	1.335005	4.786992
22108	7.235261	1.669355	4.611590
22109	6.924285	2.013764	4.483335
22110	6.600331	2.349574	4.421709
22111	6.285369	2.676960	4.419031
22112	6.000131	2.973694	4.477089
22113	5.702859	3.264374	4.574480
22114	5.330591	3.572573	4.574157
22115	4.878430	3.924000	4.441840
22116	4.383522	4.305289	4.255532
22117	3.866637	4.716059	4.075092
22118	3.342762	5.155139	3.883293
22119	2.758221	5.571272	3.603849
22120	2.166049	6.021897	3.355299
22121	1.549696	6.491602	3.124789
22122	0.911774	6.993978	2.927145
22123	0.242536	7.516120	2.784463
22124	-0.453927	8.067779	2.696612
22125	-1.214367	8.665421	2.635907
22126	-2.033094	9.291308	2.566942
22127	-2.898040	9.968384	2.422081
22128	-3.818706	10.701816	2.110725
22129	-4.821299	11.483766	1.599529
22130	-5.920888	12.299751	0.945972
22131	-7.098355	13.143903	0.172224
22132	-8.330815	14.054400	-0.635368
22133	-9.645851	15.038170	-1.516456
22134	-11.096073	16.026771	-2.534010
22135	-12.624337	17.057176	-3.604849
22136	-14.159491	18.186088	-4.624780
22137	-15.596684	19.543018	-5.409629
22138	-16.886867	21.140846	-5.900932
22139	-18.075467	22.765283	-6.170555
22140	-19.214688	24.351041	-6.335583
22141	-20.350734	25.884300	-6.516571
22142	-21.478279	27.414154	-6.740437
22143	-22.556644	28.889488	-6.977757
22144	-23.579471	30.163092	-7.247887
22145	-24.612425	31.014756	-7.599057
22146	-25.744084	31.312617	-8.181980
22147	-26.817714	31.293859	-8.991851
22148	-27.671077	31.046797	-9.815939
22149	-28.095543	30.757447	-10.462344
22150	-27.977772	30.554121	-10.625217
22151	-27.371458	30.383118	-10.333884
22152	-26.423672	30.144065	-9.810789
22153	-25.228943	29.762151	-9.148448
22154	-23.853011	29.257909	-8.378836
22155	-22.278991	28.641984	-7.470494
22156	-20.534438	27.928638	-6.430810
22157	-18.675954	27.104224	-5.303664
22158	-16.789250	26.125365	-4.152506
22159	-14.860037	24.969753	-2.999875
22160	-12.901821	23.630498	-1.887469
22161	-10.912156	22.104075	-0.854816
22162	-8.914234	20.408613	0.096871
22163	-6.897687	18.539983	0.970550
22164	-4.868646	16.528630	1.721717
22165	-2.818604	14.385863	2.323818
22166	-0.765323	12.154725	2.793805
22167	1.292637	9.858844	3.167142
22168	3.342465	7.501354	3.436398
22169	5.426155	5.064971	3.613281
22170	7.542284	2.562245	3.674699
22171	9.667962	-0.015391	3.558277
22172	11.748711	-2.641047	3.100344
22173	13.781943	-5.224913	2.256342
22174	15.715585	-7.633615	1.197768
22175	17.418122	-9.866401	0.031126
22176	18.946664	-11.933695	-1.064537
22177	20.369065	-13.739616	-1.702828
22178	21.673357	-15.371161	-1.816891
22179	22.869070	-16.860685	-1.632716
22180	24.039039	-17.781764	-1.660628
22181	25.026133	-17.955604	-2.399933
22182	25.552314	-17.481490	-3.461433
22183	25.504415	-16.656862	-4.107773
22184	24.960551	-15.682676	-4.004671
22185	24.066257	-14.662598	-3.118463
22186	23.048940	-13.642487	-1.927244
22187	22.319804	-12.677757	-1.534981
22188	21.982072	-11.999850	-1.184570
22189	21.304096	-11.608627	0.982351
22190	20.010674	-11.141414	3.766668
22191	18.806347	-10.187110	6.161334
22192	17.574878	-9.192407	8.471176
22193	16.451280	-8.103376	10.433460
22194	15.829157	-6.673795	11.096278
22195	15.341841	-5.519499	10.985894
22196	14.665474	-4.603037	10.623869
22197	13.925147	-3.483348	10.088535
22198	13.203006	-2.564558	9.242209
22199	12.692625	-1.943128	8.010697
22200	12.399507	-1.483688	6.925304
22201	12.173529	-0.967082	6.149003
22202	11.895615	-0.500422	5.629957
22203	11.463630	-0.060451	5.293986
22204	10.963568	0.308004	5.276636
22205	10.490605	0.644801	5.428387
22206	10.096478	0.951672	5.484252
22207	9.741898	1.233632	5.429888
22208	9.400842	1.505694	5.165016
22209	9.019813	1.797445	4.659990
22210	8.614945	2.109793	4.092250
22211	8.219761	2.431407	3.625725
22212	7.873757	2.755620	3.401316
22213	7.542209	3.071562	3.397300
22214	7.218479	3.371513	3.452232
22215	6.873392	3.658229	3.429743
22216	6.519698	3.941050	3.316728
22217	6.165113	4.229400	3.160294
22218	5.819322	4.511251	2.984848
22219	5.467479	4.774435	2.769840
22220	5.121853	5.016465	2.528041
22221	4.777078	5.265862	2.299927
22222	4.447275	5.531337	2.105441
22223	4.114317	5.808002	1.947808
22224	3.770229	6.062846	1.810786
22225	3.402711	6.325541	1.660527
22226	3.021994	6.604763	1.493836
22227	2.613831	6.893549	1.328787
22228	2.193507	7.180098	1.174569
22229	1.745925	7.478352	1.008678
22230	1.267641	7.806314	0.791216
22231	0.735322	8.170698	0.511992
22232	0.162868	8.568411	0.175945
22233	-0.458041	8.998391	-0.182323
22234	-1.118425	9.469784	-0.540627
22235	-1.844828	10.004430	-0.903635
22236	-2.637440	10.582772	-1.274823
22237	-3.500419	11.199236	-1.652547
22238	-4.431737	11.868320	-2.012503
22239	-5.446566	12.603834	-2.334310
22240	-6.558268	13.417637	-2.664668
22241	-7.776224	14.277812	-3.112528
22242	-9.075289	15.197842	-3.726231
22243	-10.497107	16.155999	-4.580004
22244	-12.140777	17.063101	-5.825134
22245	-13.999561	17.886844	-7.471742
22246	-15.951023	18.699959	-9.189166
22247	-17.710918	19.741385	-10.554077
22248	-19.102022	21.142816	-11.362865
22249	-20.302541	22.609622	-11.608166
22250	-21.485905	24.136327	-11.626518
22251	-22.606940	25.772868	-11.651576
22252	-23.596187	27.387442	-11.602436
22253	-24.424890	28.870666	-11.447824
22254	-25.222673	30.004352	-11.283182
22255	-25.955325	30.815896	-11.127232
22256	-26.680126	31.425835	-11.109651
22257	-27.397142	31.761942	-11.182833
22258	-28.080891	31.821251	-11.439901
22259	-28.540140	31.614040	-11.809432
22260	-28.670523	31.247040	-12.167484
22261	-28.370060	30.799608	-12.309262
22262	-27.624550	30.338310	-12.062375
22263	-26.505021	29.881733	-11.432246
22264	-25.170155	29.439712	-10.604262
22265	-23.717030	28.916795	-9.715419
22266	-22.249255	28.222720	-8.873811
22267	-20.711392	27.349637	-8.033030
22268	-19.087867	26.333323	-7.113640
22269	-17.392743	25.158282	-6.121046
22270	-15.648030	23.823607	-5.096571
22271	-13.834716	22.318616	-4.093428
22272	-11.950950	20.667365	-3.161511
22273	-9.961909	18.871334	-2.292576
22274	-7.882730	16.945241	-1.483116
22275	-5.735129	14.890558	-0.764031
22276	-3.583924	12.715413	-0.189507
22277	-1.430732	10.419076	0.229895
22278	0.742094	8.050418	0.535947
22279	2.953549	5.597327	0.769736
22280	5.174973	3.058848	0.889827
22281	7.378983	0.471232	0.757202
22282	9.568957	-2.089493	0.288684
22283	11.761162	-4.587454	-0.484698
22284	13.930848	-6.954563	-1.426917
22285	15.983227	-9.171397	-2.400984
22286	17.842730	-11.285489	-3.288081
22287	19.512060	-13.297206	-3.894276
22288	20.965136	-15.136581	-4.124435
22289	22.194310	-16.766520	-4.075812
22290	23.290360	-17.951016	-3.943328
22291	24.211032	-18.501160	-3.999830
22292	24.759819	-18.431825	-4.285211
22293	24.825816	-17.885368	-4.507223
22294	24.431542	-17.074752	-4.464892
22295	23.737879	-16.103429	-4.037020
22296	22.807276	-15.027908	-3.161293
22297	21.931794	-13.887208	-2.471064
22298	21.456383	-13.037022	-2.851373
22299	21.242616	-12.494209	-2.545617
22300	20.417628	-12.126811	-0.721466
22301	19.169254	-11.481597	1.452164
22302	17.925878	-10.610136	3.442014
22303	16.702530	-9.671888	5.491744
22304	15.701099	-8.553144	7.002752
22305	15.117603	-7.246407	7.619795
22306	14.668219	-6.260462	7.956618
22307	14.031079	-5.284577	8.143796
22308	13.296868	-4.304215	8.029713
22309	12.669354	-3.543156	7.472337
22310	12.269479	-3.020213	6.510261
22311	12.054770	-2.587626	5.599491
22312	11.839496	-2.155459	4.863432
22313	11.569167	-1.757078	4.515987
22314	11.232227	-1.363733	4.458122
22315	10.814029	-1.039294	4.593224
22316	10.434338	-0.741330	4.865870
22317	10.089891	-0.473026	5.159973
22318	9.785198	-0.210566	5.331093
22319	9.459084	0.022937	5.243787
22320	9.122825	0.306160	4.937117
22321	8.719818	0.618357	4.429989
22322	8.328488	0.917307	3.842928
22323	8.000845	1.182851	3.407399
22324	7.748282	1.438046	3.256765
22325	7.499369	1.724133	3.325621
22326	7.213885	2.009114	3.483386
22327	6.877970	2.286754	3.533246
22328	6.543025	2.539365	3.430192
22329	6.228071	2.802270	3.225659
22330	5.915008	3.100120	2.966982
22331	5.574682	3.398155	2.687911
22332	5.244608	3.698111	2.486166
22333	4.913793	4.015738	2.362066
22334	4.568874	4.328739	2.280170
22335	4.204327	4.655790	2.235468
22336	3.822637	4.977814	2.174302
22337	3.420617	5.310187	2.102335
22338	2.998794	5.656848	1.989193
22339	2.550289	6.023960	1.839847
22340	2.086477	6.394881	1.654945
22341	1.591390	6.773934	1.444883
22342	1.067604	7.153998	1.223050
22343	0.497756	7.548352	0.986596
22344	-0.115948	7.968562	0.720674
22345	-0.774161	8.421568	0.435272
22346	-1.460220	8.905681	0.140032
22347	-2.192935	9.430846	-0.207559
22348	-2.981493	10.004776	-0.604136
22349	-3.846488	10.615429	-1.006857
22350	-4.760855	11.279127	-1.360186
22351	-5.744555	12.006310	-1.656675
22352	-6.806868	12.812237	-1.948304
22353	-7.993561	13.687683	-2.362257
22354	-9.313942	14.566197	-3.009102
22355	-10.786630	15.418073	-3.946997
22356	-12.435475	16.210893	-5.189601
22357	-14.238004	17.005557	-6.661880
22358	-16.108874	17.798935	-8.143526
22359	-17.879356	18.684675	-9.387612
22360	-19.386342	19.803523	-10.240434
22361	-20.586966	21.217284	-10.625911
22362	-21.658125	22.752295	-10.634774
22363	-22.726248	24.287378	-10.491107
22364	-23.671250	26.029321	-10.258449
22365	-24.534895	27.697716	-9.972208
22366	-25.280860	29.274820	-9.631298
22367	-26.001824	30.463725	-9.302673
22368	-26.739689	31.289821	-9.131240
22369	-27.476182	31.891355	-9.144737
22370	-28.306356	32.164290	-9.341973
22371	-29.138562	32.114280	-9.800939
22372	-29.733004	31.779406	-10.302712
22373	-29.917491	31.272938	-10.687937
22374	-29.622501	30.736902	-10.815881
22375	-28.799138	30.260157	-10.522397
22376	-27.552465	29.915909	-9.786260
22377	-26.046210	29.640015	-8.790083
22378	-24.500542	29.248182	-7.763359
22379	-22.942171	28.631012	-6.816122
22380	-21.342273	27.813519	-5.918236
22381	-19.660897	26.814285	-4.988583
22382	-17.950507	25.650511	-4.055321
22383	-16.203595	24.304558	-3.142858
22384	-14.415571	22.775311	-2.291015
22385	-12.538087	21.070950	-1.511088
22386	-10.550226	19.239811	-0.781506
22387	-8.453163	17.270542	-0.050102
22388	-6.317733	15.160247	0.611571
22389	-4.158445	12.928893	1.142409
22390	-1.985628	10.618699	1.546107
22391	0.203634	8.235693	1.845888
22392	2.412257	5.783412	2.067318
22393	4.655804	3.263509	2.226515
22394	6.879160	0.663645	2.253844
22395	9.068823	-2.000800	2.086047
22396	11.224814	-4.634909	1.629713
22397	13.293788	-7.188930	0.935579
22398	15.146029	-9.611844	0.141947
22399	16.785644	-11.928358	-0.622229
22400	18.283060	-14.042476	-1.044039
22401	19.618464	-15.903375	-0.973064
22402	20.717822	-17.654881	-0.473375
22403	21.738094	-18.955052	0.066308
22404	22.711542	-19.509816	0.074880
22405	23.337081	-19.434977	-0.409452
22406	23.467685	-18.900700	-0.858873
22407	23.108436	-18.132526	-1.037457
22408	22.411054	-17.199516	-0.885473
22409	21.556172	-16.141124	-0.322564
22410	20.708184	-14.981425	0.435684
22411	20.199247	-13.872591	0.530666
22412	20.068171	-13.272155	-0.024773
22413	19.864348	-12.786599	0.901560
22414	18.875466	-12.350117	3.012237
22415	17.685446	-11.563827	5.174588
22416	16.508993	-10.692516	7.212593
22417	15.487203	-9.710746	8.979752
22418	14.769732	-8.455207	10.033347
22419	14.225621	-7.157836	10.310151
22420	13.608477	-6.177952	10.262285
22421	12.922312	-5.191837	10.032765
22422	12.271354	-4.286828	9.633787
22423	11.796107	-3.608760	8.941528
22424	11.510178	-3.160668	8.140817
22425	11.338188	-2.794290	7.597384
22426	11.162064	-2.420449	7.415392
22427	10.920718	-2.090165	7.597007
22428	10.590009	-1.735282	7.967545
22429	10.219796	-1.410826	8.360905
22430	9.896584	-1.076091	8.602783
22431	9.580962	-0.769880	8.643125
22432	9.279233	-0.486512	8.512545
22433	8.957638	-0.230253	8.193506
22434	8.623800	0.030352	7.770426
22435	8.261740	0.293032	7.292247
22436	7.918507	0.536745	6.870467
22437	7.605895	0.784411	6.633821
22438	7.347101	1.040735	6.623412
22439	7.102045	1.315434	6.721168
22440	6.838828	1.584426	6.774290
22441	6.537716	1.843411	6.724199
22442	6.231322	2.082871	6.576986
22443	5.927628	2.327606	6.361736
22444	5.626932	2.579770	6.101502
22445	5.317939	2.841585	5.834663
22446	5.013638	3.106340	5.598182
22447	4.703872	3.387789	5.406161
22448	4.384810	3.674701	5.284089
22449	4.046174	3.973639	5.206909
22450	3.713520	4.284018	5.154796
22451	3.370632	4.618935	5.090192
22452	3.004068	4.946990	4.972022
22453	2.611340	5.281045	4.787970
22454	2.208632	5.613140	4.595938
22455	1.781245	5.949185	4.415844
22456	1.330054	6.293523	4.236999
22457	0.834716	6.655219	4.027623
22458	0.310033	7.030982	3.762676
22459	-0.253201	7.430976	3.464152
22460	-0.847431	7.854942	3.153152
22461	-1.491293	8.319822	2.851589
22462	-2.187496	8.823847	2.563029
22463	-2.940395	9.359611	2.301807
22464	-3.741215	9.952062	2.073409
22465	-4.613328	10.599321	1.878948
22466	-5.553536	11.301667	1.680291
22467	-6.578025	12.083245	1.381035
22468	-7.681736	12.906872	0.918880
22469	-8.894629	13.745031	0.253947
22470	-10.235540	14.591902	-0.672855
22471	-11.739346	15.451075	-1.862668
22472	-13.369812	16.287773	-3.225068
22473	-15.051758	17.140186	-4.538666
22474	-16.702066	18.122350	-5.664814
22475	-18.207973	19.338908	-6.448018
22476	-19.480637	20.819315	-6.845289
22477	-20.593539	22.392508	-6.943306
22478	-21.696390	23.950711	-6.929421
22479	-22.719985	25.617483	-6.877215
22480	-23.690817	27.245397	-6.864748
22481	-24.614598	28.712213	-6.878581
22482	-25.523511	29.821179	-6.897728
22483	-26.390607	30.571709	-7.027214
22484	-27.303832	31.064408	-7.404107
22485	-28.297930	31.198967	-7.967378
22486	-29.176568	31.145910	-8.617377
22487	-29.731867	30.934300	-9.173233
22488	-29.861581	30.656253	-9.540984
22489	-29.493654	30.365366	-9.559432
22490	-28.646681	30.173996	-9.140059
22491	-27.423550	30.052871	-8.357969
22492	-26.007741	29.902721	-7.420701
22493	-24.506871	29.583348	-6.466989
22494	-22.965285	29.056932	-5.554263
22495	-21.339978	28.325641	-4.664411
22496	-19.646325	27.406583	-3.794694
22497	-17.888625	26.307416	-2.933039
22498	-16.124967	25.035659	-2.129370
22499	-14.311536	23.588198	-1.379794
22500	-12.419204	21.999363	-0.665072
22501	-10.398326	20.275486	0.124498
22502	-8.287879	18.392592	1.012640
22503	-6.145025	16.373253	1.861174
22504	-4.009113	14.269085	2.578444
22505	-1.881630	12.068390	3.150079
22506	0.240617	9.758948	3.587436
22507	2.412378	7.344000	3.925425
22508	4.632306	4.842873	4.207453
22509	6.856091	2.253552	4.348086
22510	9.036999	-0.386403	4.207130
22511	11.173704	-3.006351	3.662339
22512	13.260950	-5.504936	2.791179
22513	15.193138	-7.817712	1.740013
22514	16.881972	-9.949976	0.586054
22515	18.490981	-11.906554	-0.552149
22516	20.067790	-13.680616	-1.386214
22517	21.497662	-15.232625	-1.775878
22518	22.701572	-16.513894	-1.842519
22519	23.732689	-17.322004	-1.887294
22520	24.529644	-17.549966	-2.205706
22521	24.891610	-17.261500	-2.568406
22522	24.697662	-16.729407	-2.501874
22523	24.075372	-15.954645	-1.881786
22524	23.071000	-14.976609	-0.802378
22525	21.954884	-13.801100	0.287728
22526	21.208746	-12.863895	0.248887
22527	21.016507	-12.255978	0.260221
22528	20.355559	-11.964648	1.946768
22529	19.136548	-11.407077	4.063011
22530	17.913008	-10.506143	5.744815
22531	16.851649	-9.510050	7.395963
22532	16.149744	-8.358574	8.403736
22533	15.769532	-7.017765	8.536791
22534	15.202226	-5.890917	8.231778
22535	14.363305	-4.712414	7.905496
22536	13.480049	-3.672596	7.610727
22537	12.847012	-2.921795	7.140414
22538	12.505414	-2.400888	6.599615
22539	12.254698	-1.932450	6.164030
22540	12.022958	-1.498378	6.011472
22541	11.781118	-1.095057	6.129212
22542	11.431758	-0.736989	6.363857
22543	11.078751	-0.392014	6.647557
22544	10.732558	-0.088087	6.853980
22545	10.379401	0.190757	6.931673
22546	10.045072	0.424324	6.840149
22547	9.683901	0.614452	6.552990
22548	9.299886	0.774553	6.158161
22549	8.899871	0.940327	5.743628
22550	8.513740	1.103749	5.360344
22551	8.146073	1.263347	5.022991
22552	7.826721	1.414571	4.790344
22553	7.547816	1.586735	4.667768
22554	7.279184	1.765900	4.644578
22555	7.008418	1.971750	4.645006
22556	6.735675	2.184834	4.590589
22557	6.439690	2.392993	4.422595
22558	6.136658	2.568744	4.202127
22559	5.833360	2.747499	3.954954
22560	5.521409	2.936485	3.746198
22561	5.195099	3.153625	3.569127
22562	4.869632	3.393090	3.392510
22563	4.533426	3.662626	3.190887
22564	4.192851	3.964128	2.927514
22565	3.827944	4.287058	2.694446
22566	3.449691	4.627626	2.534538
22567	3.051778	4.982056	2.405661
22568	2.627750	5.322715	2.249139
22569	2.176442	5.685896	2.099509
22570	1.687142	6.064686	1.932169
22571	1.152506	6.459686	1.727086
22572	0.587787	6.851286	1.485726
22573	-0.018329	7.260697	1.201628
22574	-0.666122	7.707294	0.913368
22575	-1.367009	8.208135	0.607380
22576	-2.109693	8.742471	0.287677
22577	-2.912831	9.312402	-0.028613
22578	-3.774141	9.933967	-0.299241
22579	-4.719170	10.610270	-0.560568
22580	-5.744809	11.342995	-0.882784
22581	-6.880383	12.113803	-1.346899
22582	-8.107583	12.902574	-1.999646
22583	-9.434067	13.729007	-2.798043
22584	-10.876927	14.617160	-3.738771
22585	-12.458868	15.584930	-4.840506
22586	-14.162512	16.584466	-6.091410
22587	-15.889476	17.625338	-7.280943
22588	-17.528427	18.755684	-8.267367
22589	-18.936807	20.106989	-8.887685
22590	-20.183190	21.595195	-9.226896
22591	-21.348001	23.125353	-9.337012
22592	-22.405659	24.845585	-9.301573
22593	-23.383808	26.536527	-9.233984
22594	-24.204039	28.197250	-9.077380
22595	-24.995074	29.532403	-8.979416
22596	-25.742017	30.509195	-8.957068
22597	-26.500654	31.139655	-9.116651
22598	-27.328262	31.470214	-9.486808
22599	-28.156008	31.480513	-9.999311
22600	-28.793421	31.273965	-10.579743
22601	-29.072673	30.845437	-11.075778
22602	-28.899141	30.334921	-11.370306
22603	-28.161114	29.883140	-11.219298
22604	-26.934611	29.572717	-10.549505
22605	-25.351524	29.354705	-9.494438
22606	-23.577040	29.116302	-8.254078
22607	-21.714954	28.717111	-6.984908
22608	-19.849152	28.079593	-5.772693
22609	-17.942875	27.224203	-4.600141
22610	-16.038026	26.164237	-3.482347
22611	-14.127380	24.873283	-2.410615
22612	-12.223010	23.352472	-1.409395
22613	-10.288496	21.613322	-0.518774
22614	-8.298270	19.701665	0.273938
22615	-6.253845	17.622552	0.923475
22616	-4.205658	15.401384	1.384950
22617	-2.141847	13.064294	1.695138
22618	-0.065961	10.654423	1.883297
22619	2.046540	8.178020	1.982130
22620	4.204559	5.631601	1.999242
22621	6.412361	3.032723	1.930646
22622	8.637428	0.412810	1.737851
22623	10.857567	-2.240016	1.329787
22624	13.049499	-4.861778	0.608561
22625	15.180277	-7.325861	-0.331160
22626	17.085738	-9.611160	-1.304292
22627	18.772256	-11.765618	-2.235533
22628	20.382073	-13.761277	-2.897493
22629	21.901274	-15.555492	-3.167393
22630	23.215262	-17.161793	-3.103997
22631	24.380419	-18.280230	-3.012119
22632	25.288856	-18.702560	-3.286615
22633	25.711062	-18.512864	-3.737220
22634	25.569723	-17.892755	-3.886257
22635	24.927902	-17.083481	-3.500646
22636	24.000590	-16.129919	-2.657625
22637	22.910034	-15.083360	-1.603691
22638	22.132685	-13.914512	-1.290891
22639	21.874679	-13.150702	-1.959122
22640	21.696135	-12.675097	-1.267271
22641	20.684845	-12.381492	0.756956
22642	19.441357	-11.766286	2.850506
22643	18.258937	-11.022045	4.839391
22644	17.223182	-10.130810	6.777568
22645	16.473081	-8.968613	8.065377
22646	15.993244	-7.651987	8.474782
22647	15.435242	-6.578004	8.449382
22648	14.705263	-5.494094	8.269354
22649	13.930891	-4.484605	7.885962
22650	13.337191	-3.707404	7.145336
22651	12.937059	-3.202176	6.195978
22652	12.696570	-2.824752	5.478754
22653	12.497021	-2.420496	5.162637
22654	12.245271	-2.015602	5.221677
22655	11.869046	-1.604837	5.345144
22656	11.495562	-1.222751	5.511240
22657	11.154352	-0.863613	5.620762
22658	10.835401	-0.550655	5.646444
22659	10.534655	-0.259793	5.531674
22660	10.217795	-0.011438	5.180641
22661	9.854380	0.228057	4.635813
22662	9.453843	0.450218	4.035736
22663	9.031258	0.656679	3.424001
22664	8.621411	0.839519	2.881014
22665	8.254767	1.021022	2.513974
22666	7.952350	1.202284	2.372993
22667	7.669471	1.398499	2.387628
22668	7.388360	1.608677	2.511016
22669	7.096064	1.840315	2.639056
22670	6.807814	2.053191	2.682116
22671	6.510257	2.269538	2.595627
22672	6.187764	2.488663	2.404217
22673	5.817644	2.723849	2.153320
22674	5.449644	2.969664	1.927869
22675	5.088080	3.263156	1.800608
22676	4.723741	3.587167	1.711344
22677	4.340195	3.933550	1.615360
22678	3.940951	4.289149	1.504487
22679	3.527624	4.660829	1.407134
22680	3.114868	5.031363	1.304276
22681	2.685363	5.395338	1.138062
22682	2.242142	5.753260	0.896697
22683	1.752459	6.090898	0.604593
22684	1.253123	6.443231	0.361979
22685	0.745229	6.822176	0.169589
22686	0.213259	7.208879	-0.034360
22687	-0.362169	7.623105	-0.257975
22688	-0.991521	8.050265	-0.507850
22689	-1.662689	8.515795	-0.787166
22690	-2.386235	9.011450	-1.092348
22691	-3.180238	9.538631	-1.437601
22692	-4.033102	10.114507	-1.766098
22693	-4.966024	10.739005	-2.074582
22694	-5.972376	11.419180	-2.411174
22695	-7.065452	12.167754	-2.808007
22696	-8.269646	12.927663	-3.335223
22697	-9.572814	13.720610	-4.041343
22698	-10.967930	14.586684	-4.856440
22699	-12.496370	15.515622	-5.786597
22700	-14.130736	16.511937	-6.846911
22701	-15.781404	17.579006	-7.839059
22702	-17.276223	18.844491	-8.554143
22703	-18.523911	20.392020	-8.870262
22704	-19.648177	22.041689	-8.850767
22705	-20.759663	23.673849	-8.685681
22706	-21.876025	25.338836	-8.554617
22707	-22.865685	27.051100	-8.351891
22708	-23.731771	28.721544	-8.060107
22709	-24.599151	30.043077	-7.857127
22710	-25.430407	31.062094	-7.712942
22711	-26.295027	31.785301	-7.751736
22712	-27.227101	32.164191	-7.981390
22713	-28.089042	32.209272	-8.338387
22714	-28.664518	32.015117	-8.716366
22715	-28.792715	31.685976	-8.983555
22716	-28.401820	31.355235	-8.884628
22717	-27.464857	31.113739	-8.284493
22718	-26.140129	30.938483	-7.318452
22719	-24.582524	30.697003	-6.168458
22720	-22.951817	30.275865	-5.009027
22721	-21.282408	29.633795	-3.911768
22722	-19.588254	28.796823	-2.883156
22723	-17.858417	27.758219	-1.906541
22724	-16.106011	26.542019	-0.970942
22725	-14.327203	25.118313	-0.106286
22726	-12.532694	23.461470	0.646968
22727	-10.658950	21.602661	1.300386
22728	-8.722689	19.591477	1.873554
22729	-6.720068	17.428841	2.390971
22730	-4.669157	15.155191	2.846304
22731	-2.580827	12.788273	3.225899
22732	-0.459145	10.370456	3.555301
22733	1.714204	7.912734	3.859735
22734	3.951603	5.407322	4.163165
22735	6.245383	2.818963	4.430945
22736	8.528344	0.125609	4.541069
22737	10.764958	-2.661243	4.342159
22738	12.942071	-5.437455	3.728074
22739	15.045839	-8.041392	2.673721
22740	16.964426	-10.407304	1.387523
22741	18.742972	-12.621399	0.130464
22742	20.404237	-14.679347	-0.706983
22743	21.862674	-16.566114	-0.960741
22744	23.137119	-18.159695	-0.886842
22745	24.249813	-19.183668	-0.770880
22746	24.968054	-19.619998	-0.761444
22747	25.243933	-19.339317	-0.889050
22748	25.023902	-18.686566	-0.976650
22749	24.443265	-17.788284	-0.936747
22750	23.667428	-16.749245	-0.630987
22751	22.793888	-15.619162	-0.030867
22752	22.152628	-14.443121	0.146970
22753	21.960690	-13.530607	-0.658289
22754	21.926713	-12.959061	-0.671461
22755	21.212931	-12.580165	0.882319
22756	20.012409	-11.957815	2.936809
22757	18.701942	-11.255381	5.054908
22758	17.477932	-10.464559	7.184184
22759	16.503383	-9.414256	8.723114
22760	15.886184	-8.208308	9.465841
22761	15.408856	-7.261780	9.681988
22762	14.861230	-6.206677	9.524349
22763	14.169059	-5.154812	8.995538
22764	13.559491	-4.285520	7.989038
22765	13.138399	-3.679562	6.760846
22766	12.887676	-3.199782	5.796994
22767	12.655854	-2.775231	5.225135
22768	12.414421	-2.422692	5.008066
22769	12.109004	-2.081444	5.175890
22770	11.766818	-1.800992	5.583552
22771	11.451771	-1.515890	6.038539
22772	11.140207	-1.276686	6.391932
22773	10.817935	-1.028404	6.542091
22774	10.482801	-0.814889	6.396896
22775	10.117851	-0.626407	5.962356
22776	9.733500	-0.454685	5.344051
22777	9.327904	-0.286815	4.692311
22778	8.932956	-0.134507	4.103914
22779	8.577327	0.011992	3.640997
22780	8.265296	0.152121	3.353171
22781	7.968907	0.313011	3.244481
22782	7.676781	0.489870	3.264871
22783	7.374231	0.681426	3.357785
22784	7.070653	0.862307	3.436168
22785	6.752006	1.050544	3.419761
22786	6.419497	1.237905	3.272447
22787	6.060050	1.448613	3.014657
22788	5.694651	1.680775	2.733736
22789	5.330763	1.947823	2.481734
22790	4.982445	2.246841	2.311631
22791	4.623082	2.604558	2.266410
22792	4.242496	2.993280	2.222241
22793	3.840380	3.392527	2.075605
22794	3.418306	3.770615	1.906918
22795	2.966637	4.168267	1.771007
22796	2.476366	4.565074	1.632150
22797	1.954307	4.986321	1.495987
22798	1.412587	5.417618	1.384818
22799	0.836078	5.856479	1.229408
22800	0.226829	6.305906	1.051252
22801	-0.428378	6.781511	0.849529
22802	-1.110726	7.279332	0.629494
22803	-1.840652	7.803780	0.359402
22804	-2.624468	8.333930	0.055648
22805	-3.469849	8.909290	-0.233305
22806	-4.377377	9.531370	-0.494547
22807	-5.358810	10.199242	-0.783280
22808	-6.416024	10.917232	-1.171909
22809	-7.557096	11.662196	-1.676178
22810	-8.782871	12.413937	-2.322578
22811	-10.096995	13.230016	-3.090754
22812	-11.547675	14.103493	-3.976228
22813	-13.103666	15.022460	-4.967327
22814	-14.664372	16.026410	-5.919506
22815	-16.158299	17.179915	-6.676134
22816	-17.438095	18.634382	-6.972705
22817	-18.525963	20.296687	-6.922868
22818	-19.622681	21.860714	-6.771381
22819	-20.708014	23.516333	-6.505693
22820	-21.837338	25.198017	-6.355536
22821	-22.775568	26.943454	-6.145781
22822	-23.618261	28.482243	-5.965220
22823	-24.443114	29.673566	-5.892004
22824	-25.238582	30.565376	-5.922559
22825	-26.084636	31.185240	-6.117019
22826	-26.979355	31.551708	-6.450273
22827	-27.797058	31.633651	-6.875689
22828	-28.301597	31.494219	-7.240927
22829	-28.366195	31.202178	-7.447217
22830	-27.927644	30.886314	-7.329960
22831	-26.960920	30.653050	-6.716168
22832	-25.597110	30.519715	-5.668803
22833	-23.978823	30.378096	-4.380602
22834	-22.302402	30.077099	-3.083651
22835	-20.650943	29.495552	-1.940692
22836	-19.055029	28.633002	-1.008185
22837	-17.479698	27.526172	-0.240786
22838	-15.946020	26.211849	0.366645
22839	-14.421048	24.687192	0.837056
22840	-12.845290	22.966597	1.207407
22841	-11.164421	21.085312	1.497412
22842	-9.391003	19.080551	1.699924
22843	-7.480921	16.963008	1.923559
22844	-5.439966	14.749622	2.195936
22845	-3.287604	12.468270	2.477887
22846	-1.060656	10.139202	2.761709
22847	1.236013	7.762518	3.083295
22848	3.585619	5.331874	3.424276
22849	5.996942	2.824604	3.783517
22850	8.421230	0.215096	4.061176
22851	10.792668	-2.493348	4.114655
22852	13.062429	-5.204087	3.816888
22853	15.144693	-7.790107	3.156276
22854	16.874747	-10.205184	2.149168
22855	18.464501	-12.440681	0.881105
22856	20.109861	-14.397438	-0.072083
22857	21.638329	-16.143947	-0.346166
22858	22.956848	-17.699752	-0.156965
22859	24.136431	-18.705754	0.070995
22860	25.021418	-18.939728	-0.188891
22861	25.352437	-18.479360	-0.683125
22862	25.085722	-17.622025	-0.795830
22863	24.307475	-16.583036	-0.365685
22864	23.181282	-15.422817	0.443708
22865	22.207317	-14.149233	0.836418
22866	21.792475	-13.161981	0.111714
22867	21.625073	-12.548218	0.402757
22868	20.727704	-12.182110	2.502126
22869	19.357704	-11.612117	5.015923
22870	18.057052	-10.908421	7.296873
22871	16.937467	-10.062904	9.406371
22872	16.217355	-8.903471	10.851857
22873	15.819991	-7.639114	11.371688
22874	15.275885	-6.588664	11.497877
22875	14.503820	-5.387246	11.362069
22876	13.672743	-4.395987	10.831521
22877	13.057259	-3.712588	9.713285
22878	12.682860	-3.267507	8.468731
22879	12.381310	-2.825503	7.489933
22880	12.139743	-2.434593	6.957732
22881	11.867788	-2.052404	6.787838
22882	11.541426	-1.723928	6.932458
22883	11.248296	-1.396800	7.361961
22884	10.987410	-1.105997	7.855056
22885	10.731598	-0.820945	8.258607
22886	10.479188	-0.576041	8.445505
22887	10.205439	-0.364951	8.371386
22888	9.912725	-0.179643	8.059677
22889	9.587124	-0.005724	7.561304
22890	9.236124	0.155941	6.971087
22891	8.871319	0.301477	6.384040
22892	8.541831	0.433806	5.907780
22893	8.251314	0.568479	5.603954
22894	7.999006	0.709201	5.483217
22895	7.746524	0.884149	5.538720
22896	7.491656	1.070176	5.710100
22897	7.234210	1.259753	5.903237
22898	6.975727	1.438283	6.010216
22899	6.694964	1.620224	5.952160
22900	6.391993	1.815351	5.732703
22901	6.063087	2.055370	5.418813
22902	5.736397	2.325278	5.048739
22903	5.428683	2.648712	4.776496
22904	5.114264	3.007799	4.704368
22905	4.772417	3.408668	4.677329
22906	4.411675	3.792469	4.597265
22907	4.046760	4.181127	4.488357
22908	3.657195	4.563129	4.366300
22909	3.223774	4.938179	4.218756
22910	2.772748	5.320056	4.074576
22911	2.296029	5.725533	3.947279
22912	1.791797	6.133204	3.776801
22913	1.248936	6.569752	3.562006
22914	0.660907	7.019683	3.308017
22915	0.019181	7.502087	3.005454
22916	-0.668519	8.022112	2.675013
22917	-1.408781	8.587714	2.369310
22918	-2.201619	9.192755	2.126523
22919	-3.052902	9.847793	1.951840
22920	-3.965000	10.541225	1.792909
22921	-4.965935	11.275537	1.508891
22922	-6.030307	12.035935	1.086410
22923	-7.180634	12.820004	0.521700
22924	-8.417246	13.646322	-0.143072
22925	-9.781363	14.536792	-0.963543
22926	-11.271391	15.458210	-1.981212
22927	-12.835446	16.432343	-3.099769
22928	-14.444001	17.503847	-4.199611
22929	-16.015839	18.681495	-5.117883
22930	-17.471742	19.993439	-5.797949
22931	-18.756668	21.451329	-6.294151
22932	-20.038731	22.874474	-6.593310
22933	-21.221574	24.487470	-6.700631
22934	-22.351521	26.123587	-6.706157
22935	-23.302726	27.750299	-6.613689
22936	-24.213008	29.143146	-6.587249
22937	-25.007116	30.289490	-6.564905
22938	-25.825909	31.039184	-6.695125
22939	-26.665875	31.444593	-7.005152
22940	-27.472264	31.572061	-7.430229
22941	-28.092896	31.454021	-7.898568
22942	-28.436262	31.119327	-8.383912
22943	-28.341283	30.694560	-8.663735
22944	-27.724234	30.346971	-8.523641
22945	-26.649593	30.063919	-7.946466
22946	-25.273673	29.797895	-7.085878
22947	-23.725525	29.428225	-6.078624
22948	-22.102383	28.888693	-5.059706
22949	-20.381948	28.173554	-4.061822
22950	-18.594787	27.277997	-3.101763
22951	-16.782685	26.166121	-2.196955
22952	-14.973488	24.894674	-1.366705
22953	-13.141522	23.444129	-0.602978
22954	-11.261383	21.825827	0.110888
22955	-9.269855	20.037456	0.841609
22956	-7.195670	18.094617	1.611231
22957	-5.079955	16.006411	2.347058
22958	-2.969641	13.815046	2.959030
22959	-0.838232	11.527633	3.450783
22960	1.304310	9.118399	3.827391
22961	3.463288	6.575123	4.085949
22962	5.651222	3.942524	4.212899
22963	7.867491	1.213584	4.205385
22964	10.068790	-1.609292	3.996722
22965	12.216800	-4.485660	3.424426
22966	14.316615	-7.266917	2.482092
22967	16.260917	-9.817610	1.352490
22968	17.906639	-12.174532	0.168593
22969	19.461141	-14.353966	-0.852164
22970	21.026633	-16.240242	-1.328128
22971	22.439431	-17.946002	-1.218734
22972	23.672320	-19.271153	-0.881406
22973	24.687260	-19.810467	-0.971979
22974	25.179914	-19.677675	-1.520651
22975	25.140183	-18.967704	-2.062783
22976	24.593975	-18.035754	-2.143470
22977	23.763394	-16.932589	-1.669526
22978	22.725927	-15.816193	-0.905337
22979	21.982016	-14.585988	-0.602219
22980	21.682429	-13.764074	-1.077171
22981	21.435634	-13.199724	-0.057022
22982	20.286905	-12.836761	2.577274
22983	18.805504	-12.223519	5.497365
22984	17.459008	-11.482653	8.159443
22985	16.257699	-10.555596	10.590621
22986	15.348809	-9.325086	12.191629
22987	14.849300	-7.830407	12.682993
22988	14.383036	-6.659433	12.586771
22989	13.726408	-5.565222	12.215247
22990	13.014397	-4.494141	11.610836
22991	12.454572	-3.578005	10.595920
22992	12.067052	-2.912532	9.098464
22993	11.756019	-2.463360	7.689474
22994	11.498928	-2.083013	6.833104
22995	11.250670	-1.724463	6.447456
22996	11.007759	-1.388861	6.461525
22997	10.679204	-1.057555	6.759693
22998	10.366534	-0.734327	7.191847
22999	10.059376	-0.448483	7.443029
23000	9.730808	-0.242221	7.438567
23001	9.410565	-0.027798	7.202688
23002	9.100954	0.207494	6.757946
23003	8.783012	0.440322	6.156204
23004	8.485006	0.688565	5.531429
23005	8.190948	0.934800	4.992461
23006	7.941201	1.159237	4.572117
23007	7.725516	1.366447	4.299955
23008	7.528674	1.575353	4.226331
23009	7.302884	1.792620	4.373176
23010	7.069559	2.010051	4.688203
23011	6.821922	2.235419	4.998292
23012	6.557976	2.469928	5.093598
23013	6.249409	2.730041	4.921027
23014	5.935373	2.990399	4.601493
23015	5.618868	3.259018	4.288896
23016	5.300103	3.534284	4.056995
23017	4.957716	3.820299	3.922796
23018	4.591964	4.119682	3.866671
23019	4.207394	4.435486	3.858063
23020	3.830360	4.743840	3.833797
23021	3.440941	5.070543	3.734802
23022	3.021030	5.392552	3.568324
23023	2.572868	5.715071	3.363371
23024	2.111123	6.051495	3.145236
23025	1.612321	6.406416	2.919488
23026	1.089360	6.781240	2.678274
23027	0.532794	7.189632	2.428303
23028	-0.053728	7.642716	2.152770
23029	-0.689670	8.147813	1.844819
23030	-1.375943	8.686531	1.516409
23031	-2.137906	9.260685	1.206992
23032	-2.964824	9.883647	0.958867
23033	-3.854000	10.561532	0.783959
23034	-4.807096	11.304943	0.612326
23035	-5.877909	12.076890	0.312000
23036	-7.034212	12.863076	-0.202507
23037	-8.239257	13.717478	-0.889737
23038	-9.564268	14.601439	-1.706683
23039	-11.015160	15.530297	-2.677765
23040	-12.578284	16.486460	-3.824849
23041	-14.193263	17.462700	-4.989945
23042	-15.793961	18.522735	-6.064167
23043	-17.336342	19.707543	-6.941228
23044	-18.710254	21.060314	-7.611533
23045	-19.966705	22.437377	-8.068203
23046	-21.157714	23.844209	-8.360765
23047	-22.281015	25.345684	-8.632080
23048	-23.351781	26.838744	-8.884117
23049	-24.268077	28.301804	-9.021032
23050	-25.165100	29.386282	-9.228479
23051	-26.013506	30.063922	-9.515196
23052	-26.893698	30.420825	-10.066843
23053	-27.837033	30.420216	-10.793876
23054	-28.804009	30.120029	-11.680229
23055	-29.482582	29.643655	-12.485480
23056	-29.699982	29.091090	-13.067467
23057	-29.359411	28.533868	-13.281193
23058	-28.442910	28.114398	-12.955381
23059	-27.065769	27.883120	-12.103555
23060	-25.430662	27.762553	-10.927290
23061	-23.650489	27.592377	-9.598921
23062	-21.780533	27.291226	-8.220789
23063	-19.800909	26.824519	-6.785192
23064	-17.778547	26.152530	-5.299606
23065	-15.750350	25.239649	-3.790136
23066	-13.785224	24.067388	-2.373643
23067	-11.873487	22.622211	-1.149966
23068	-10.004807	20.923062	-0.175520
23069	-8.111255	19.020177	0.599925
23070	-6.202679	16.959892	1.196017
23071	-4.277442	14.763705	1.602737
23072	-2.356887	12.487655	1.813545
23073	-0.414341	10.164376	1.860871
23074	1.562563	7.821044	1.805658
23075	3.623446	5.455084	1.708280
23076	5.753641	3.061192	1.574798
23077	7.922863	0.620216	1.325793
23078	10.113580	-1.845790	0.845663
23079	12.322270	-4.275975	0.061173
23080	14.532157	-6.570041	-0.981393
23081	16.663478	-8.669378	-2.117990
23082	18.604005	-10.635750	-3.224219
23083	20.365469	-12.524182	-4.125005
23084	21.947062	-14.248232	-4.675402
23085	23.294044	-15.846111	-4.870158
23086	24.459359	-17.144370	-4.866724
23087	25.435333	-17.881187	-4.850957
23088	26.026458	-18.035387	-4.868756
23089	26.119980	-17.620930	-4.743431
23090	25.710801	-16.953616	-4.350835
23091	24.964735	-16.142072	-3.775384
23092	24.060514	-15.156095	-2.982209
23093	23.078599	-14.045895	-1.959989
23094	22.302132	-12.961582	-1.140033
23095	21.923802	-12.278652	-1.006415
23096	21.689492	-12.054811	-0.100924
23097	20.855872	-11.873931	2.431662
23098	19.606810	-11.430370	5.114968
23099	18.462118	-10.659003	7.260132
23100	17.430183	-9.751611	9.178033
23101	16.590311	-8.618521	10.686031
23102	15.980342	-7.326883	11.500069
23103	15.498298	-6.137298	11.825105
23104	14.927814	-5.044094	11.861697
23105	14.237242	-4.051370	11.543890
23106	13.626705	-3.152996	10.815361
23107	13.180407	-2.380745	9.754381
23108	12.804580	-1.890670	8.631762
23109	12.512935	-1.606441	7.739781
23110	12.302866	-1.279117	7.231760
23111	11.978512	-0.952173	7.152077
23112	11.638416	-0.564225	7.301537
23113	11.245406	-0.207989	7.479248
23114	10.870114	0.094385	7.695907
23115	10.536507	0.390261	7.893199
23116	10.218780	0.630047	7.952770
23117	9.891730	0.832931	7.803144
23118	9.541055	1.027227	7.428434
23119	9.154699	1.229184	6.893651
23120	8.751523	1.436419	6.272875
23121	8.346523	1.625226	5.682080
23122	8.006565	1.787420	5.271009
23123	7.740558	1.979365	5.143884
23124	7.502163	2.200291	5.258371
23125	7.228523	2.460016	5.416741
23126	6.921024	2.720672	5.467856
23127	6.577434	2.965987	5.340420
23128	6.218322	3.201088	5.056174
23129	5.857515	3.449638	4.736560
23130	5.509832	3.737367	4.422786
23131	5.172495	4.060757	4.134581
23132	4.847884	4.415132	3.854971
23133	4.496748	4.797108	3.617377
23134	4.104045	5.152355	3.435798
23135	3.703424	5.504023	3.283221
23136	3.300338	5.853205	3.146899
23137	2.867881	6.204264	2.959282
23138	2.416304	6.568425	2.755801
23139	1.926533	6.954583	2.540646
23140	1.412542	7.356191	2.327183
23141	0.862756	7.777414	2.109940
23142	0.278565	8.222304	1.887710
23143	-0.372688	8.691491	1.638344
23144	-1.074731	9.184138	1.347870
23145	-1.822295	9.718145	1.044905
23146	-2.610525	10.295430	0.781195
23147	-3.464599	10.945352	0.531657
23148	-4.402995	11.648856	0.254627
23149	-5.435922	12.409231	-0.130333
23150	-6.575816	13.218632	-0.668586
23151	-7.854250	14.022686	-1.396959
23152	-9.261173	14.831681	-2.332338
23153	-10.791320	15.710754	-3.381851
23154	-12.478373	16.664108	-4.533324
23155	-14.285378	17.682682	-5.775064
23156	-16.056271	18.774949	-6.889112
23157	-17.514117	20.121812	-7.547385
23158	-18.682002	21.734934	-7.721631
23159	-19.807546	23.336250	-7.626449
23160	-20.949493	25.022608	-7.422679
23161	-22.095931	26.743278	-7.310937
23162	-23.072519	28.519550	-7.113936
23163	-23.959549	30.056508	-6.969454
23164	-24.842471	31.198663	-6.923487
23165	-25.703259	31.999854	-6.965952
23166	-26.595283	32.549852	-7.180084
23167	-27.491512	32.782956	-7.530277
23168	-28.195711	32.745509	-7.910705
23169	-28.517580	32.513414	-8.260428
23170	-28.391896	32.183400	-8.404840
23171	-27.755666	31.852196	-8.147437
23172	-26.691635	31.557909	-7.494630
23173	-25.337992	31.219642	-6.617330
23174	-23.870717	30.741282	-5.696065
23175	-22.358329	30.042569	-4.835108
23176	-20.829538	29.137471	-4.069686
23177	-19.264699	28.042546	-3.369407
23178	-17.687215	26.789468	-2.722870
23179	-16.071632	25.364719	-2.133215
23180	-14.386003	23.770777	-1.599242
23181	-12.617338	21.996971	-1.147412
23182	-10.741560	20.059270	-0.725677
23183	-8.723813	17.965525	-0.246043
23184	-6.604397	15.776908	0.252603
23185	-4.404122	13.504159	0.706307
23186	-2.181604	11.166007	1.079369
23187	0.059251	8.769895	1.341821
23188	2.334854	6.354696	1.489839
23189	4.700246	3.894435	1.591383
23190	7.147031	1.386835	1.660026
23191	9.608502	-1.181868	1.552595
23192	12.009586	-3.782601	1.102957
23193	14.328850	-6.333354	0.247557
23194	16.474539	-8.710989	-0.970482
23195	18.373876	-10.920178	-2.418831
23196	20.213124	-12.976656	-3.858166
23197	21.989844	-14.892263	-4.741718
23198	23.518081	-16.588084	-4.947243
23199	24.718995	-18.032729	-4.611743
23200	25.598842	-18.839130	-4.016282
23201	25.977309	-18.980670	-3.619279
23202	25.807869	-18.553558	-3.194442
23203	25.095364	-17.877526	-2.383159
23204	24.107565	-16.912975	-1.395740
23205	23.027848	-15.705806	-0.496600
23206	22.156988	-14.323104	-0.116096
23207	21.812498	-13.121935	-0.823720
23208	21.726673	-12.487640	-1.312199
23209	21.206965	-12.057586	-0.062851
23210	20.101940	-11.505432	2.024247
23211	18.877040	-10.778349	4.053994
23212	17.793253	-9.987536	5.993445
23213	16.976803	-8.966671	7.367347
23214	16.417854	-7.678006	8.041615
23215	15.907279	-6.489781	8.179976
23216	15.344951	-5.394203	8.085227
23217	14.688648	-4.388997	7.831274
23218	14.093851	-3.516600	7.328970
23219	13.653632	-2.785116	6.589290
23220	13.307232	-2.283909	5.803595
23221	13.032495	-1.983167	5.252768
23222	12.827634	-1.740447	5.034542
23223	12.591424	-1.487480	5.154752
23224	12.344871	-1.233490	5.367282
23225	12.065076	-0.938859	5.578891
23226	11.747812	-0.682346	5.717623
23227	11.413496	-0.428096	5.742201
23228	11.063954	-0.239838	5.586519
23229	10.713615	-0.086924	5.285893
23230	10.357589	0.038538	4.836107
23231	9.996261	0.167093	4.331390
23232	9.636133	0.309441	3.828445
23233	9.265694	0.456635	3.361199
23234	8.922676	0.593210	2.990316
23235	8.619061	0.726123	2.762627
23236	8.353699	0.867656	2.714204
23237	8.091718	1.050047	2.787463
23238	7.813433	1.239949	2.878276
23239	7.515919	1.434514	2.875714
23240	7.205806	1.625573	2.742789
23241	6.869279	1.833689	2.513590
23242	6.506594	2.049724	2.263150
23243	6.127105	2.286323	2.032719
23244	5.759425	2.543745	1.890005
23245	5.383577	2.848143	1.832705
23246	5.008441	3.196046	1.835611
23247	4.609717	3.565228	1.809381
23248	4.220572	3.947564	1.740367
23249	3.814903	4.338325	1.607740
23250	3.398789	4.735158	1.427213
23251	2.942084	5.131111	1.210807
23252	2.463860	5.527125	1.029791
23253	1.946255	5.926045	0.830473
23254	1.390430	6.319702	0.587245
23255	0.795501	6.735613	0.313689
23256	0.162487	7.174354	0.011739
23257	-0.526460	7.642810	-0.326249
23258	-1.257142	8.140178	-0.704859
23259	-2.050063	8.667792	-1.089077
23260	-2.885918	9.252818	-1.432601
23261	-3.803156	9.892683	-1.734278
23262	-4.786974	10.582571	-2.025321
23263	-5.858188	11.336253	-2.403453
23264	-7.027249	12.138259	-2.950444
23265	-8.305556	12.951187	-3.713960
23266	-9.687300	13.794847	-4.645760
23267	-11.175205	14.709776	-5.679860
23268	-12.772114	15.717711	-6.775991
23269	-14.439415	16.770243	-7.864489
23270	-16.101149	17.885478	-8.893366
23271	-17.625524	19.154803	-9.674071
23272	-18.948319	20.629352	-10.126367
23273	-20.132997	22.193729	-10.271718
23274	-21.343124	23.738391	-10.271781
23275	-22.567253	25.279527	-10.158447
23276	-23.634672	26.964837	-9.980777
23277	-24.489501	28.624627	-9.672619
23278	-25.265843	29.959752	-9.412282
23279	-25.923802	30.898378	-9.094823
23280	-26.615330	31.565128	-8.964483
23281	-27.330544	32.022292	-8.929610
23282	-28.101665	32.152722	-9.093023
23283	-28.618109	32.042545	-9.261519
23284	-28.752292	31.739244	-9.361335
23285	-28.390445	31.336396	-9.232549
23286	-27.519502	30.946745	-8.707760
23287	-26.182280	30.632176	-7.711183
23288	-24.525182	30.381404	-6.399996
23289	-22.771191	29.995043	-5.050061
23290	-21.067165	29.369709	-3.835764
23291	-19.383889	28.495607	-2.782714
23292	-17.699731	27.411198	-1.814572
23293	-15.976614	26.168444	-0.865195
23294	-14.291953	24.752282	0.025287
23295	-12.627663	23.137233	0.814036
23296	-10.945659	21.331489	1.479812
23297	-9.177957	19.359078	2.045318
23298	-7.313285	17.256406	2.542896
23299	-5.360007	15.040706	2.966178
23300	-3.362651	12.755047	3.271852
23301	-1.331888	10.418521	3.437083
23302	0.733533	8.054675	3.505174
23303	2.879840	5.666470	3.517568
23304	5.103573	3.245189	3.491871
23305	7.382297	0.784273	3.392349
23306	9.679429	-1.706212	3.112835
23307	11.972995	-4.176372	2.549535
23308	14.210929	-6.539502	1.716418
23309	16.292256	-8.775643	0.766955
23310	18.142048	-10.940418	-0.171856
23311	19.795997	-13.060121	-0.873518
23312	21.226014	-15.001832	-1.110844
23313	22.421673	-16.701755	-0.917450
23314	23.427646	-18.054340	-0.465211
23315	24.260740	-18.743416	-0.072307
23316	24.781939	-18.656408	-0.035657
23317	24.817892	-18.048259	-0.023245
23318	24.332807	-17.284108	0.307099
23319	23.574603	-16.314104	0.876000
23320	22.547687	-15.229239	1.653129
23321	21.570443	-14.017711	2.234556
23322	21.069051	-12.890539	1.909668
23323	20.892484	-12.236482	1.539450
23324	20.428564	-11.705614	2.645727
23325	19.338588	-11.149710	4.724821
23326	18.226687	-10.231930	6.714079
23327	17.077991	-9.286305	8.713177
23328	15.997503	-8.281247	10.378042
23329	15.329781	-6.809407	10.852905
23330	14.760163	-5.658141	10.926242
23331	14.053518	-4.787837	10.980259
23332	13.312252	-3.873576	10.831029
23333	12.680164	-3.045731	10.265270
23334	12.242404	-2.503863	9.228521
23335	11.970294	-2.225402	8.003586
23336	11.766518	-1.986447	7.190105
23337	11.569407	-1.664480	6.829682
23338	11.320872	-1.436488	6.852518
23339	11.002112	-1.158636	7.079470
23340	10.688587	-0.906085	7.383186
23341	10.423452	-0.640194	7.649355
23342	10.176488	-0.432650	7.800482
23343	9.937272	-0.273086	7.794213
23344	9.704670	-0.135080	7.589886
23345	9.432482	0.018747	7.213535
23346	9.109174	0.178802	6.724419
23347	8.762842	0.315428	6.198038
23348	8.477960	0.422350	5.799009
23349	8.266015	0.568696	5.671025
23350	8.059276	0.753141	5.752500
23351	7.798030	0.968567	5.886334
23352	7.504303	1.188570	5.945336
23353	7.194005	1.408053	5.880903
23354	6.888992	1.644393	5.709638
23355	6.555739	1.915046	5.492164
23356	6.198382	2.194474	5.269555
23357	5.825981	2.502003	5.068804
23358	5.439562	2.828608	4.902711
23359	5.040876	3.207750	4.745855
23360	4.629054	3.611030	4.505013
23361	4.211106	4.021750	4.271872
23362	3.795262	4.429949	4.104897
23363	3.364812	4.847307	3.946452
23364	2.921264	5.256998	3.763490
23365	2.449433	5.650217	3.545216
23366	1.964070	6.031041	3.311004
23367	1.445601	6.419323	3.094039
23368	0.903251	6.824194	2.900935
23369	0.318601	7.255347	2.689289
23370	-0.298538	7.704923	2.435198
23371	-0.969028	8.180072	2.124213
23372	-1.691726	8.704754	1.753064
23373	-2.486162	9.272422	1.366019
23374	-3.332440	9.884039	1.025038
23375	-4.244717	10.553311	0.747132
23376	-5.226332	11.275508	0.494478
23377	-6.310319	12.078700	0.167761
23378	-7.496249	12.917666	-0.330471
23379	-8.776737	13.787595	-1.062031
23380	-10.169745	14.705788	-1.986445
23381	-11.705810	15.651409	-3.119136
23382	-13.356712	16.649901	-4.445263
23383	-15.023310	17.704927	-5.642487
23384	-16.582660	18.931805	-6.619166
23385	-17.947062	20.415686	-7.261980
23386	-19.116406	22.072045	-7.479577
23387	-20.235639	23.684305	-7.518974
23388	-21.404204	25.222720	-7.545652
23389	-22.479822	26.833735	-7.521112
23390	-23.505860	28.352585	-7.555347
23391	-24.429478	29.682488	-7.590809
23392	-25.261134	30.634305	-7.616119
23393	-26.072488	31.220729	-7.808134
23394	-26.924738	31.554759	-8.191553
23395	-27.821795	31.567914	-8.720702
23396	-28.621177	31.327849	-9.394558
23397	-29.100439	30.893352	-10.051691
23398	-29.168468	30.363708	-10.543338
23399	-28.716844	29.845705	-10.656043
23400	-27.744620	29.463461	-10.253312
23401	-26.364322	29.209511	-9.406446
23402	-24.773990	28.985641	-8.324877
23403	-23.131964	28.605527	-7.223346
23404	-21.512623	28.011095	-6.218299
23405	-19.850253	27.225384	-5.267448
23406	-18.154702	26.261009	-4.359699
23407	-16.413534	25.116618	-3.463464
23408	-14.628517	23.812132	-2.556137
23409	-12.781068	22.302044	-1.659837
23410	-10.860201	20.625663	-0.804662
23411	-8.846679	18.803585	0.004707
23412	-6.770033	16.839541	0.754065
23413	-4.644785	14.755890	1.421985
23414	-2.520674	12.576529	1.949240
23415	-0.399006	10.290785	2.324769
23416	1.725319	7.927379	2.567843
23417	3.908429	5.485614	2.712773
23418	6.167967	2.983517	2.815365
23419	8.477476	0.403770	2.872302
23420	10.774731	-2.241672	2.757409
23421	13.014015	-4.920007	2.267901
23422	15.171125	-7.496975	1.403861
23423	17.121116	-9.883496	0.310763
23424	18.828882	-12.122376	-0.929571
23425	20.443948	-14.194885	-1.880093
23426	21.914943	-16.062658	-2.112589
23427	23.171518	-17.806063	-1.847914
23428	24.303000	-19.085621	-1.534309
23429	25.201323	-19.652346	-1.668281
23430	25.702093	-19.377915	-2.209740
23431	25.674400	-18.553676	-2.716829
23432	25.121273	-17.587304	-2.813515
23433	24.329967	-16.479619	-2.436132
23434	23.351687	-15.404233	-1.611104
23435	22.588653	-14.321640	-0.991957
23436	22.317035	-13.524708	-1.343571
23437	22.257236	-13.046198	-0.952895
23438	21.483324	-12.726787	1.059017
23439	20.215931	-12.172501	3.495840
23440	19.011034	-11.409342	5.605830
23441	17.860839	-10.490159	7.643858
23442	16.859820	-9.311844	9.176454
23443	16.220163	-7.870113	9.525312
23444	15.727537	-6.770749	9.278753
23445	15.117398	-5.771359	8.811238
23446	14.381062	-4.739140	8.097352
23447	13.715942	-3.867652	7.062502
23448	13.280378	-3.334657	5.735027
23449	13.069122	-2.971044	4.704213
23450	12.915750	-2.600754	4.149184
23451	12.714459	-2.256159	4.021548
23452	12.404947	-1.900216	4.186617
23453	12.034794	-1.591548	4.466561
23454	11.717191	-1.307250	4.728803
23455	11.396152	-1.074595	4.900454
23456	11.078055	-0.850732	4.951772
23457	10.752004	-0.641175	4.810306
23458	10.423358	-0.451673	4.409291
23459	10.075566	-0.260223	3.873806
23460	9.714597	-0.072881	3.373607
23461	9.357924	0.128311	2.962924
23462	9.035593	0.322839	2.669623
23463	8.745260	0.535538	2.518172
23464	8.467546	0.742838	2.519592
23465	8.208320	0.978849	2.659199
23466	7.934676	1.242859	2.902537
23467	7.631717	1.527285	3.104491
23468	7.290354	1.799249	3.084625
23469	6.904841	2.063449	2.862231
23470	6.513760	2.343447	2.564490
23471	6.120123	2.665276	2.343249
23472	5.730500	3.016757	2.260486
23473	5.344425	3.409866	2.252934
23474	4.940558	3.831272	2.207364
23475	4.506508	4.265578	2.068437
23476	4.069775	4.664662	1.946520
23477	3.639811	5.063859	1.879449
23478	3.199499	5.442672	1.759102
23479	2.739936	5.828492	1.622272
23480	2.261635	6.205276	1.456693
23481	1.757774	6.589058	1.274797
23482	1.241427	6.972740	1.109277
23483	0.702746	7.367281	0.951096
23484	0.130989	7.766993	0.758391
23485	-0.495726	8.197292	0.502118
23486	-1.181970	8.641598	0.192098
23487	-1.921429	9.118837	-0.161845
23488	-2.713903	9.620592	-0.505030
