// General information: 
//  MT Manager version: 2021.4.0 
//  XDA version: 2021.4.0 build 6323 rev 112641 built on 2021-09-28
// Device information: 
//  DeviceId: 00B43773
//  ProductCode: MTW2-3A7G6
//  Firmware Version: 4.3.4
//  Hardware Version: 1.1.0
// Device settings: 
//  Filter Profile: human(46.1)
//  Option Flags: Orientation Smoother Disabled, Position/Velocity Smoother Disabled, Continuous Zero Rotation Update Disabled, AHS Disabled, ICC Disabled
// Coordinate system: ENU
PacketCounter	SampleTimeFine	Roll	Pitch	Yaw
13775		9.762182	-53.084835	-1.175650
13776		8.526307	-49.919248	-0.157115
13777		7.272317	-46.549122	0.860749
13778		5.995672	-43.087377	1.760109
13779		4.668979	-39.587251	2.516706
13780		3.328330	-36.138327	3.148522
13781		1.996142	-32.697269	3.727176
13782		0.705874	-29.255977	4.316999
13783		-0.543214	-25.745483	4.927159
13784		-1.782926	-22.207259	5.486131
13785		-3.036379	-18.612307	5.930476
13786		-4.194679	-15.071988	6.262919
13787		-5.166189	-11.588322	6.540958
13788		-5.953897	-8.205661	6.792799
13789		-6.666051	-4.865290	6.993864
13790		-7.318822	-1.607502	7.148959
13791		-7.883676	1.608163	7.300385
13792		-8.350366	4.699280	7.484141
13793		-8.752340	7.626219	7.697932
13794		-9.141171	10.314784	7.917098
13795		-9.563188	12.761663	8.136725
13796		-9.983028	14.907482	8.362580
13797		-10.400162	16.737876	8.594282
13798		-10.821235	18.175072	8.802408
13799		-11.133794	19.182884	8.968854
13800		-11.247916	19.759032	9.059887
13801		-11.012321	19.863399	9.104815
13802		-9.509727	18.965182	9.473597
13803		-7.877884	16.763719	9.788050
13804		-7.051080	14.345864	10.115628
13805		-6.293415	12.416812	10.216629
13806		-5.484989	10.188168	10.136664
13807		-5.007687	7.935685	10.171604
13808		-4.535651	5.851598	10.290748
13809		-4.139306	4.003471	10.356367
13810		-3.890942	2.464768	10.423142
13811		-3.621184	1.357615	10.418966
13812		-3.386264	0.478618	10.449781
13813		-3.133168	-0.204950	10.440114
13814		-2.985244	-0.715361	10.427297
13815		-2.865774	-1.137664	10.408660
13816		-2.758422	-1.482830	10.381971
13817		-2.689676	-1.769304	10.342327
13818		-2.681237	-2.017447	10.296459
13819		-2.727170	-2.224721	10.241672
13820		-2.802713	-2.394534	10.188543
13821		-2.893347	-2.539187	10.131113
13822		-2.978762	-2.627897	10.092022
13823		-3.028048	-2.652765	10.099774
13824		-3.027237	-2.584308	10.139836
13825		-2.980818	-2.478262	10.194443
13826		-2.921525	-2.327563	10.263007
13827		-2.858263	-2.184594	10.336851
13828		-2.801228	-2.023060	10.402247
13829		-2.742525	-1.878288	10.457677
13830		-2.677359	-1.739802	10.495001
13831		-2.604136	-1.635346	10.511274
13832		-2.531620	-1.556312	10.510889
13833		-2.449710	-1.526192	10.501426
13834		-2.362336	-1.528179	10.485080
13835		-2.256281	-1.578504	10.463534
13836		-2.143079	-1.653866	10.449971
13837		-2.040870	-1.773826	10.419244
13838		-1.946506	-1.941359	10.393530
13839		-1.854788	-2.144479	10.359405
13840		-1.775891	-2.352200	10.320842
13841		-1.704810	-2.584297	10.274039
13842		-1.654059	-2.834004	10.214649
13843		-1.618487	-3.102841	10.150299
13844		-1.605161	-3.379625	10.080062
13845		-1.612029	-3.690172	10.014252
13846		-1.649735	-4.024034	9.936374
13847		-1.673361	-4.397978	9.863891
13848		-1.661926	-4.857994	9.800563
13849		-1.664501	-5.432518	9.712245
13850		-1.670211	-6.076250	9.616597
13851		-1.696651	-6.797730	9.517447
13852		-1.750471	-7.588496	9.410630
13853		-1.789504	-8.474466	9.309343
13854		-1.792030	-9.422966	9.236239
13855		-1.778001	-10.450311	9.182050
13856		-1.764526	-11.543249	9.141626
13857		-1.725501	-12.734926	9.106383
13858		-1.655367	-14.007247	9.091575
13859		-1.553216	-15.359559	9.089235
13860		-1.436652	-16.782399	9.080712
13861		-1.278494	-18.303176	9.026485
13862		-1.097987	-19.972433	8.926206
13863		-0.862005	-21.756308	8.792844
13864		-0.479324	-23.632995	8.586310
13865		-0.015748	-25.596321	8.273059
13866		0.532711	-27.679559	7.817129
13867		1.160931	-29.970232	7.222705
13868		1.951827	-32.460676	6.461955
13869		2.930122	-35.123742	5.427765
13870		4.087020	-37.954844	4.079604
13871		5.400189	-40.964238	2.507611
13872		6.957432	-44.162418	0.723235
13873		8.450683	-47.541165	-1.204712
13874		10.161365	-50.888754	-3.368223
13875		12.260193	-54.355175	-5.697477
13876		14.683227	-57.690048	-8.202940
13877		17.986930	-60.610986	-11.001886
13878		22.243309	-63.137096	-14.128469
13879		26.481911	-64.915117	-17.105009
13880		29.543811	-65.877950	-19.782400
13881		30.152335	-65.602355	-20.785061
13882		29.133179	-64.674054	-20.099746
13883		27.687011	-63.689101	-18.529924
13884		26.161278	-62.782667	-16.613485
13885		24.607828	-61.897778	-14.617617
13886		23.027158	-60.958538	-12.700868
13887		21.418170	-59.859024	-10.857036
13888		19.856001	-58.587417	-9.113165
13889		18.296133	-57.035140	-7.400257
13890		16.759513	-55.163388	-5.710486
13891		15.201141	-52.896081	-4.035384
13892		13.642189	-50.280409	-2.466499
13893		12.053379	-47.306482	-1.037989
13894		10.495170	-44.102398	0.206582
13895		8.973136	-40.710161	1.281821
13896		7.502933	-37.239481	2.190265
13897		6.017563	-33.659270	2.951577
13898		4.522187	-30.056149	3.598771
13899		3.040609	-26.410023	4.252196
13900		1.649667	-22.770261	4.976749
13901		0.313256	-19.108209	5.720437
13902		-1.006232	-15.525324	6.387159
13903		-2.285240	-12.005764	6.981408
13904		-3.470487	-8.591091	7.491886
13905		-4.581755	-5.194796	7.886466
13906		-5.508212	-1.885617	8.225983
13907		-6.213564	1.347732	8.573617
13908		-6.741974	4.421457	8.955673
13909		-7.166310	7.328635	9.381128
13910		-7.488627	9.965701	9.849609
13911		-7.748334	12.338473	10.351613
13912		-8.009873	14.391245	10.858560
13913		-8.316582	16.122741	11.339716
13914		-8.619830	17.490787	11.754082
13915		-8.872736	18.550190	12.008285
13916		-9.165296	19.345514	11.988207
13917		-9.588341	19.908894	11.605659
13918		-9.944944	20.110781	10.960085
13919		-9.742118	19.746647	10.340969
13920		-8.031131	18.282954	10.292254
13921		-6.839471	15.814800	10.266799
13922		-6.100985	13.727855	10.441130
13923		-5.249796	11.521947	10.540517
13924		-4.613616	9.291864	10.625184
13925		-4.317536	7.253559	10.792323
13926		-4.048195	5.418804	10.907192
13927		-4.015221	3.841361	11.012903
13928		-4.068935	2.501237	11.064233
13929		-4.093825	1.524391	11.102488
13930		-4.123637	0.763706	11.148006
13931		-4.126441	0.102900	11.145272
13932		-4.158387	-0.368231	11.143775
13933		-4.164946	-0.795864	11.146181
13934		-4.169130	-1.173085	11.136174
13935		-4.204581	-1.486993	11.119953
13936		-4.299270	-1.759320	11.110701
13937		-4.438957	-2.011847	11.093375
13938		-4.622264	-2.217966	11.082223
13939		-4.812848	-2.406870	11.072862
13940		-5.025409	-2.589548	11.062441
13941		-5.245314	-2.791025	11.040280
13942		-5.461837	-2.969347	11.018316
13943		-5.658190	-3.147784	10.999960
13944		-5.821989	-3.307322	10.977490
13945		-5.965057	-3.447616	10.959941
13946		-6.105399	-3.562626	10.939200
13947		-6.241874	-3.675176	10.918204
13948		-6.366270	-3.766878	10.898785
13949		-6.462666	-3.867545	10.873843
13950		-6.544071	-3.962213	10.849635
13951		-6.595690	-4.056821	10.829141
13952		-6.625056	-4.125868	10.814546
13953		-6.629074	-4.193054	10.802317
13954		-6.614202	-4.266320	10.791094
13955		-6.553470	-4.358020	10.772629
13956		-6.450278	-4.453902	10.754288
13957		-6.312069	-4.563285	10.735063
13958		-6.161183	-4.654098	10.723846
13959		-6.001718	-4.740891	10.702241
13960		-5.805763	-4.807609	10.689535
13961		-5.551252	-4.841646	10.669539
13962		-5.255929	-4.860744	10.653586
13963		-4.930105	-4.848896	10.633643
13964		-4.642043	-4.796155	10.614595
13965		-4.441729	-4.741751	10.610874
13966		-4.289512	-4.707463	10.617187
13967		-4.166443	-4.729237	10.623925
13968		-4.125877	-4.813473	10.603150
13969		-4.177714	-4.955416	10.563934
13970		-4.309798	-5.157518	10.483813
13971		-4.465972	-5.508822	10.371652
13972		-4.609282	-5.997266	10.235697
13973		-4.629698	-6.649786	10.146577
13974		-4.671208	-7.409093	10.061954
13975		-4.695525	-8.267919	9.968739
13976		-4.701598	-9.216588	9.898197
13977		-4.744742	-10.277769	9.828469
13978		-4.807239	-11.450000	9.808483
13979		-4.857369	-12.758728	9.821477
13980		-4.942416	-14.203621	9.904333
13981		-5.085263	-15.767496	10.051545
13982		-5.253836	-17.434071	10.260575
13983		-5.454614	-19.243172	10.516178
13984		-5.674833	-21.184095	10.775058
13985		-5.870939	-23.349770	11.010394
13986		-6.035777	-25.735572	11.164774
13987		-6.117551	-28.312995	11.194977
13988		-5.977607	-31.127640	10.990088
13989		-5.604390	-34.163510	10.525773
13990		-5.103392	-37.398896	9.886062
13991		-4.688449	-40.816141	9.221975
13992		-4.348680	-44.400185	8.636060
13993		-4.151544	-48.116139	8.140888
13994		-3.984170	-52.039735	7.722922
13995		-3.521326	-55.923790	7.342305
13996		-2.390271	-59.650400	6.711363
13997		-0.623499	-63.102070	5.755407
13998		1.667382	-66.066290	4.540738
13999		4.282912	-68.244433	3.250397
14000		6.418993	-69.509427	2.121592
14001		7.365769	-68.816923	1.611329
14002		7.818873	-67.516134	1.403479
14003		8.131862	-66.084524	1.351934
14004		8.515995	-64.805437	1.290964
14005		8.830203	-63.537526	1.295265
14006		9.028119	-62.188388	1.370131
14007		8.988372	-60.534928	1.641258
14008		8.734143	-58.524031	2.122744
14009		8.271174	-56.109093	2.800184
14010		7.671017	-53.444053	3.552961
14011		6.960924	-50.562515	4.276349
14012		6.227103	-47.561973	4.876225
14013		5.495146	-44.399315	5.347728
14014		4.809365	-41.145580	5.695359
14015		4.125834	-37.793148	5.948398
14016		3.394277	-34.411732	6.138885
14017		2.546514	-30.939532	6.326083
14018		1.587673	-27.438953	6.556766
14019		0.519724	-23.917494	6.865836
14020		-0.627066	-20.480758	7.209194
14021		-1.873791	-17.080959	7.544006
14022		-3.158843	-13.778041	7.855291
14023		-4.411307	-10.532444	8.139375
14024		-5.548267	-7.390186	8.376426
14025		-6.541677	-4.281651	8.561210
14026		-7.340901	-1.249431	8.696798
14027		-8.004966	1.723967	8.783059
14028		-8.579851	4.530807	8.824339
14029		-9.059677	7.142124	8.861235
14030		-9.423724	9.478939	8.943466
14031		-9.721179	11.593285	9.078985
14032		-10.022791	13.452498	9.251127
14033		-10.304732	15.066051	9.447184
14034		-10.423137	16.383000	9.653002
14035		-10.411458	17.402594	9.812571
14036		-10.433146	18.129441	9.829849
14037		-10.426244	18.517259	9.709834
14038		-10.014744	18.383184	9.528088
14039		-8.568302	17.392167	9.533888
14040		-7.005004	15.183548	9.427981
14041		-6.047794	13.036643	9.287335
14042		-5.181141	11.264053	9.139821
14043		-4.384045	9.245171	9.121246
14044		-4.013764	7.213072	9.374891
14045		-3.683304	5.376629	9.565672
14046		-3.585479	3.777590	9.602176
14047		-3.660072	2.456050	9.627076
14048		-3.717028	1.537964	9.692145
14049		-3.742694	0.770146	9.795456
14050		-3.772162	0.152482	9.831728
14051		-3.885337	-0.355603	9.834708
14052		-4.028951	-0.744658	9.844916
14053		-4.151829	-1.101789	9.837646
14054		-4.263972	-1.416333	9.824398
14055		-4.416297	-1.716760	9.797568
14056		-4.605024	-1.988012	9.763716
14057		-4.800867	-2.238726	9.734836
14058		-4.998091	-2.466840	9.719664
14059		-5.187570	-2.688540	9.691400
14060		-5.359243	-2.865325	9.667494
14061		-5.451757	-3.008035	9.648895
14062		-5.488582	-3.112962	9.631646
14063		-5.489803	-3.210492	9.611326
14064		-5.475706	-3.305201	9.594874
14065		-5.453273	-3.414789	9.566520
14066		-5.427727	-3.515533	9.541993
14067		-5.392840	-3.608984	9.520434
14068		-5.339709	-3.688462	9.509583
14069		-5.286783	-3.747487	9.502238
14070		-5.213347	-3.793907	9.493719
14071		-5.110072	-3.832258	9.483376
14072		-4.999553	-3.859851	9.478937
14073		-4.897722	-3.886646	9.457316
14074		-4.757598	-3.903451	9.427203
14075		-4.582554	-3.888627	9.388337
14076		-4.359599	-3.837911	9.359152
14077		-4.118255	-3.756928	9.328678
14078		-3.876452	-3.670557	9.304463
14079		-3.639484	-3.607434	9.295033
14080		-3.417106	-3.554068	9.285574
14081		-3.216862	-3.533103	9.282600
14082		-3.067574	-3.550865	9.286345
14083		-2.961611	-3.625241	9.272280
14084		-2.890954	-3.750522	9.258668
14085		-2.850330	-3.910295	9.220709
14086		-2.855305	-4.111404	9.169909
14087		-2.897322	-4.368003	9.098182
14088		-2.985683	-4.698339	9.004746
14089		-3.116166	-5.171664	8.871394
14090		-3.180399	-5.752307	8.778915
14091		-3.260816	-6.412031	8.678141
14092		-3.349415	-7.158386	8.567558
14093		-3.439126	-7.993112	8.470768
14094		-3.545760	-8.934303	8.382342
14095		-3.656787	-9.967257	8.327241
14096		-3.760188	-11.090579	8.312374
14097		-3.876498	-12.303338	8.331861
14098		-4.024205	-13.623588	8.391599
14099		-4.201237	-15.074798	8.476271
14100		-4.414772	-16.677090	8.602069
14101		-4.677247	-18.426753	8.788657
14102		-4.996842	-20.305307	9.051485
14103		-5.325824	-22.318087	9.311879
14104		-5.658797	-24.495831	9.549257
14105		-6.006331	-26.851324	9.759427
14106		-6.326373	-29.454189	9.881222
14107		-6.495587	-32.273251	9.829689
14108		-6.448397	-35.282133	9.551524
14109		-6.159910	-38.460240	9.025998
14110		-5.802707	-41.824166	8.445474
14111		-5.502408	-45.285637	7.903154
14112		-5.174303	-48.799317	7.468578
14113		-4.822878	-52.501372	7.026028
14114		-4.268782	-56.096471	6.452837
14115		-3.125027	-59.460641	5.609426
14116		-1.310604	-62.691962	4.444198
14117		1.072435	-65.568558	2.891900
14118		3.937928	-67.798898	0.888404
14119		7.064920	-69.025370	-1.827133
14120		9.556810	-68.514186	-4.140300
14121		11.625399	-67.230078	-5.910847
14122		13.405161	-65.681100	-7.134953
14123		14.968135	-64.171880	-8.046128
14124		16.183984	-62.745834	-8.688635
14125		16.900486	-61.317603	-8.981931
14126		17.108632	-59.843228	-8.876355
14127		16.807774	-58.211390	-8.296909
14128		16.083668	-56.371612	-7.258810
14129		15.014035	-54.252121	-5.851020
14130		13.733751	-51.902896	-4.261526
14131		12.312595	-49.309798	-2.638823
14132		10.844611	-46.518657	-1.113395
14133		9.360323	-43.492720	0.265191
14134		7.908291	-40.320721	1.461996
14135		6.479137	-37.031895	2.471283
14136		5.076705	-33.717922	3.285994
14137		3.691286	-30.350430	3.946207
14138		2.374515	-26.990628	4.510813
14139		1.107035	-23.604770	5.027590
14140		-0.158533	-20.250498	5.477162
14141		-1.470717	-16.904530	5.851893
14142		-2.756777	-13.639851	6.180436
14143		-3.940736	-10.405428	6.494750
14144		-4.971598	-7.260181	6.801786
14145		-5.889606	-4.153347	7.065176
14146		-6.726308	-1.138840	7.255262
14147		-7.470359	1.827002	7.404704
14148		-8.044862	4.668992	7.584985
14149		-8.473378	7.374973	7.806746
14150		-8.778393	9.838832	8.074374
14151		-8.985256	12.057036	8.398494
14152		-9.114740	13.943409	8.784575
14153		-9.195732	15.486706	9.204511
14154		-9.260502	16.639128	9.604780
14155		-9.327789	17.465564	9.891479
14156		-9.380222	17.910462	10.000289
14157		-9.379906	17.985771	9.916439
14158		-9.194869	17.681183	9.715509
14159		-8.123878	16.723068	9.865382
14160		-6.723993	14.604990	10.357806
14161		-5.930868	12.418747	11.028480
14162		-5.230666	10.716250	11.427157
14163		-4.453801	8.849548	11.432256
14164		-4.008993	6.905569	11.378448
14165		-3.690747	5.068104	11.392444
14166		-3.382109	3.444422	11.375236
14167		-3.011605	2.121375	11.307825
14168		-2.609206	1.191009	11.174763
14169		-2.209628	0.523952	11.057355
14170		-1.840021	0.073073	10.948536
14171		-1.546449	-0.201034	10.873673
14172		-1.325760	-0.330449	10.802336
14173		-1.156145	-0.393336	10.751620
14174		-1.042202	-0.413733	10.708848
14175		-0.995167	-0.424936	10.673645
14176		-0.986763	-0.448094	10.666885
14177		-1.029122	-0.451848	10.655630
14178		-1.091661	-0.450651	10.668239
14179		-1.181042	-0.461718	10.700047
14180		-1.289622	-0.496037	10.746267
14181		-1.392766	-0.528000	10.800071
14182		-1.466548	-0.551831	10.869400
14183		-1.549105	-0.585639	10.919217
14184		-1.652049	-0.641791	10.975844
14185		-1.777448	-0.718950	11.003857
14186		-1.879294	-0.804738	11.009192
14187		-1.948515	-0.899528	11.019749
14188		-1.992120	-0.989972	11.031322
14189		-2.010296	-1.097377	11.036926
14190		-2.020481	-1.215808	11.041947
14191		-2.015525	-1.356967	11.053372
14192		-2.024021	-1.493396	11.058574
14193		-2.041853	-1.648050	11.057235
14194		-2.062254	-1.818320	11.062760
14195		-2.120854	-2.000207	11.050661
14196		-2.210602	-2.189925	11.029156
14197		-2.316636	-2.394686	11.008678
14198		-2.435019	-2.610524	10.977862
14199		-2.561592	-2.838313	10.931951
14200		-2.650340	-3.110563	10.876032
14201		-2.706965	-3.421683	10.786045
14202		-2.704951	-3.768753	10.706591
14203		-2.687901	-4.140403	10.630712
14204		-2.664271	-4.550535	10.544981
14205		-2.638492	-5.008665	10.470312
14206		-2.640823	-5.495765	10.385137
14207		-2.648255	-6.030601	10.299550
14208		-2.670441	-6.619394	10.210023
14209		-2.693216	-7.280097	10.120823
14210		-2.712458	-8.011360	10.037730
14211		-2.715452	-8.819982	9.971746
14212		-2.747802	-9.694276	9.930584
14213		-2.813035	-10.659030	9.909743
14214		-2.931310	-11.718592	9.921157
14215		-3.092372	-12.883172	9.974732
14216		-3.303261	-14.132161	10.078602
14217		-3.569575	-15.482259	10.236036
14218		-3.876019	-16.961272	10.416414
14219		-4.257932	-18.593172	10.641616
14220		-4.661262	-20.358615	10.921829
14221		-5.038525	-22.218931	11.234754
14222		-5.387468	-24.179821	11.539344
14223		-5.721726	-26.282309	11.816966
14224		-6.023221	-28.639359	12.008065
14225		-6.182092	-31.201164	11.996424
14226		-6.155978	-33.869347	11.785529
14227		-5.863382	-36.647881	11.346845
14228		-5.532569	-39.593942	10.776398
14229		-5.071789	-42.635533	10.141613
14230		-4.589726	-45.727528	9.551826
14231		-4.094122	-49.037352	8.914247
14232		-3.529911	-52.313612	8.274168
14233		-2.619728	-55.456468	7.533699
14234		-1.173041	-58.505360	6.617592
14235		0.819981	-61.343768	5.548250
14236		3.208475	-63.758689	4.208282
14237		5.664435	-65.508504	2.548708
14238		7.803855	-65.788604	0.775174
14239		9.402984	-65.078404	-0.645618
14240		10.933924	-64.014792	-1.818281
14241		12.419755	-62.923157	-2.880385
14242		13.798216	-61.927917	-3.890609
14243		14.898945	-60.938068	-4.767370
14244		15.654497	-59.899182	-5.437059
14245		15.969880	-58.653607	-5.741723
14246		15.837123	-57.133446	-5.606795
14247		15.277655	-55.286309	-5.043232
14248		14.396520	-53.210479	-4.197057
14249		13.278107	-50.928004	-3.190455
14250		12.032908	-48.511535	-2.129226
14251		10.676331	-45.925691	-1.061695
14252		9.261390	-43.205430	-0.066762
14253		7.788842	-40.263532	0.830954
14254		6.328704	-37.142829	1.589261
14255		4.910443	-33.841145	2.209356
14256		3.569395	-30.494563	2.724276
14257		2.257454	-27.103230	3.202499
14258		0.938500	-23.741928	3.665279
14259		-0.460729	-20.347106	4.107588
14260		-1.914126	-16.974387	4.509598
14261		-3.341148	-13.587951	4.879799
14262		-4.648369	-10.264188	5.254760
14263		-5.841003	-6.978750	5.623125
14264		-6.896370	-3.780019	5.949639
14265		-7.775635	-0.608194	6.236424
14266		-8.441357	2.466753	6.508451
14267		-8.955208	5.440948	6.769820
14268		-9.352592	8.237399	7.049411
14269		-9.638752	10.876199	7.388221
14270		-9.789994	13.282510	7.818726
14271		-9.813806	15.465123	8.328662
14272		-9.671538	17.365002	8.861213
14273		-9.457893	18.953719	9.296329
14274		-9.278484	20.100257	9.547303
14275		-9.085335	20.748570	9.611101
14276		-8.737145	20.817887	9.599116
14277		-7.866302	19.916280	9.839859
14278		-6.704539	17.802724	10.516242
14279		-6.159774	15.104939	11.570949
14280		-5.462388	13.121670	12.390453
14281		-4.594636	11.102162	12.579743
14282		-4.046325	8.977773	12.486133
14283		-3.859805	6.994163	12.380524
14284		-3.662873	5.155927	12.288063
14285		-3.469945	3.574758	12.275500
14286		-3.061181	2.372090	12.173628
14287		-2.634901	1.433348	12.016028
14288		-2.152690	0.787290	11.864724
14289		-1.684079	0.397122	11.786124
14290		-1.310856	0.197622	11.704522
14291		-1.022996	0.060152	11.641015
14292		-0.793057	-0.006790	11.574104
14293		-0.642618	-0.049779	11.530391
14294		-0.576706	-0.111526	11.499761
14295		-0.570532	-0.162986	11.468596
14296		-0.604742	-0.193226	11.455232
14297		-0.676309	-0.210823	11.461362
14298		-0.754227	-0.228026	11.479093
14299		-0.815040	-0.247589	11.516350
14300		-0.862691	-0.246081	11.551109
14301		-0.882571	-0.238622	11.593307
14302		-0.902367	-0.203828	11.617430
14303		-0.914753	-0.173746	11.635864
14304		-0.921594	-0.154088	11.646634
14305		-0.926863	-0.161268	11.648955
14306		-0.937110	-0.196422	11.650705
14307		-0.954615	-0.262785	11.650810
14308		-0.985262	-0.354280	11.649452
14309		-1.027256	-0.485272	11.647485
14310		-1.081759	-0.648711	11.658137
14311		-1.164739	-0.839817	11.658764
14312		-1.260335	-1.052320	11.656244
14313		-1.344729	-1.271470	11.646670
14314		-1.421233	-1.502540	11.643774
14315		-1.493757	-1.764733	11.647672
14316		-1.573471	-2.065821	11.649708
14317		-1.658232	-2.389286	11.613068
14318		-1.720217	-2.718642	11.562021
14319		-1.750305	-3.058970	11.504306
14320		-1.771349	-3.413803	11.447635
14321		-1.799349	-3.790496	11.397010
14322		-1.826635	-4.204372	11.341914
14323		-1.833563	-4.640425	11.283961
14324		-1.817189	-5.109345	11.219373
14325		-1.774221	-5.619861	11.154247
14326		-1.704712	-6.173659	11.075706
14327		-1.603378	-6.774869	10.988967
14328		-1.489093	-7.426619	10.898637
14329		-1.375043	-8.138676	10.810705
14330		-1.260066	-8.910997	10.723798
14331		-1.139422	-9.761862	10.648864
14332		-1.033254	-10.684697	10.584989
14333		-0.950398	-11.674555	10.542370
14334		-0.901388	-12.744362	10.521459
14335		-0.871997	-13.901222	10.524463
14336		-0.832856	-15.147271	10.540531
14337		-0.758209	-16.493164	10.533046
14338		-0.664202	-17.961505	10.492284
14339		-0.557347	-19.553636	10.448195
14340		-0.365670	-21.249113	10.362683
14341		-0.103228	-23.043544	10.210992
14342		0.234864	-24.924760	9.960326
14343		0.643389	-26.943497	9.636894
14344		1.178025	-29.180061	9.149464
14345		1.900929	-31.559244	8.438314
14346		2.826220	-34.053415	7.528263
14347		3.924401	-36.701085	6.403466
14348		5.224531	-39.513733	5.063576
14349		6.843120	-42.538817	3.516656
14350		8.293914	-45.602850	1.948896
14351		10.280265	-48.742677	0.156219
14352		12.618129	-51.764903	-1.701293
14353		15.215932	-54.397705	-3.512639
14354		17.970032	-56.665603	-5.319114
14355		20.295558	-58.385358	-7.371662
14356		21.929245	-59.066479	-9.692592
14357		23.114960	-58.945888	-11.555922
14358		23.957905	-58.425564	-12.850744
14359		24.383890	-57.808430	-13.762119
14360		24.411497	-57.216645	-14.356215
14361		24.090179	-56.625875	-14.568880
14362		23.521565	-56.026531	-14.345114
14363		22.667971	-55.314940	-13.639524
14364		21.540805	-54.435267	-12.553796
14365		20.105663	-53.268236	-11.193894
14366		18.446966	-51.776804	-9.714889
14367		16.647841	-49.877853	-8.190774
14368		14.868646	-47.643825	-6.737566
14369		13.133203	-45.095836	-5.380850
14370		11.477231	-42.347405	-4.144419
14371		9.856611	-39.437745	-3.011230
14372		8.287965	-36.471343	-1.990212
14373		6.770030	-33.466352	-1.062251
14374		5.329904	-30.500650	-0.232729
14375		3.957210	-27.503157	0.553550
14376		2.698533	-24.467937	1.344277
14377		1.526132	-21.351671	2.111986
14378		0.405029	-18.220245	2.786788
14379		-0.712157	-15.054318	3.300065
14380		-1.775289	-11.923344	3.631496
14381		-2.762631	-8.781149	3.811629
14382		-3.661391	-5.714208	3.887553
14383		-4.505660	-2.711021	3.911264
14384		-5.311082	0.151701	3.955777
14385		-6.123955	2.918958	4.077173
14386		-6.934577	5.518434	4.320888
14387		-7.732874	7.963612	4.700601
14388		-8.478712	10.210197	5.202655
14389		-9.137582	12.294292	5.812093
14390		-9.643247	14.192648	6.522718
14391		-9.919609	15.932058	7.294310
14392		-9.920527	17.435558	8.046120
14393		-9.709409	18.660258	8.628222
14394		-9.482086	19.551692	8.934585
14395		-9.470791	20.138788	8.899473
14396		-9.625120	20.382451	8.615543
14397		-9.526091	20.158356	8.367566
14398		-8.835252	19.445997	8.416974
14399		-7.488660	17.619659	8.930695
14400		-6.537525	15.241314	9.665692
14401		-5.607253	13.181339	10.267336
14402		-4.686000	10.974503	10.564836
14403		-4.194047	8.844242	10.659598
14404		-3.950963	6.906840	10.674678
14405		-3.745336	5.191169	10.677555
14406		-3.596932	3.795500	10.756273
14407		-3.386090	2.782299	10.702050
14408		-3.190878	1.943343	10.584459
14409		-2.914566	1.270665	10.450073
14410		-2.643595	0.801750	10.352186
14411		-2.362784	0.469360	10.235383
14412		-2.077633	0.250290	10.135074
14413		-1.800582	0.127057	10.036572
14414		-1.570836	0.041622	9.948154
14415		-1.394474	-0.033967	9.872037
14416		-1.289475	-0.076497	9.809009
14417		-1.228612	-0.090006	9.762530
14418		-1.204934	-0.072496	9.738667
14419		-1.200613	-0.033724	9.727930
14420		-1.198477	0.038282	9.743336
14421		-1.182803	0.130084	9.778817
14422		-1.166409	0.231635	9.828915
14423		-1.145946	0.324100	9.901582
14424		-1.125511	0.396569	9.962848
14425		-1.103537	0.434852	10.013594
14426		-1.082826	0.437014	10.052460
14427		-1.066257	0.388316	10.077406
14428		-1.069623	0.302233	10.108057
14429		-1.087289	0.176790	10.114119
14430		-1.106842	0.029003	10.107940
14431		-1.114206	-0.129812	10.096350
14432		-1.120054	-0.285688	10.072708
14433		-1.109106	-0.443729	10.045293
14434		-1.071521	-0.611034	10.042057
14435		-1.027079	-0.790393	10.037973
14436		-0.986555	-0.965697	10.026253
14437		-0.945757	-1.137449	10.016160
14438		-0.915096	-1.317202	9.976020
14439		-0.869577	-1.527132	9.920297
14440		-0.829130	-1.769413	9.834102
14441		-0.778913	-2.071651	9.728511
14442		-0.718318	-2.411833	9.640705
14443		-0.670114	-2.782161	9.535077
14444		-0.644647	-3.181553	9.427998
14445		-0.627243	-3.617434	9.324768
14446		-0.587872	-4.104085	9.236479
14447		-0.558286	-4.640707	9.147290
14448		-0.536059	-5.220538	9.075760
14449		-0.528955	-5.842650	9.026181
14450		-0.524968	-6.518331	8.978533
14451		-0.519104	-7.269869	8.937730
14452		-0.505013	-8.078985	8.903210
14453		-0.490201	-8.945549	8.884213
14454		-0.475453	-9.867798	8.880595
14455		-0.475341	-10.870804	8.883505
14456		-0.515778	-11.967861	8.892251
14457		-0.595822	-13.168333	8.911825
14458		-0.726972	-14.519957	8.941403
14459		-0.948038	-16.006270	9.049692
14460		-1.085455	-17.616052	9.205723
14461		-1.170160	-19.341514	9.329674
14462		-1.198456	-21.160644	9.418256
14463		-1.135673	-23.139872	9.433189
14464		-1.001533	-25.345963	9.334642
14465		-0.760315	-27.737124	9.068238
14466		-0.386594	-30.319556	8.584025
14467		0.202995	-33.059285	7.857554
14468		0.985266	-35.955659	6.873194
14469		1.906829	-39.067864	5.660636
14470		2.954740	-42.414889	4.318622
14471		3.746393	-45.796159	2.977756
14472		4.721845	-49.338612	1.532700
14473		5.714410	-52.958661	0.165759
14474		7.233385	-56.402269	-1.466151
14475		9.786515	-59.609447	-3.533351
14476		13.093451	-62.407567	-5.734831
14477		16.537616	-64.377535	-7.842451
14478		19.154184	-65.556073	-9.876401
14479		19.882347	-64.984466	-10.836111
14480		19.692554	-63.819428	-10.974393
14481		19.322790	-62.665074	-10.613694
14482		18.941555	-61.657021	-10.082767
14483		18.361553	-60.627125	-9.406807
14484		17.534608	-59.434888	-8.629461
14485		16.454651	-57.913385	-7.697866
14486		15.226485	-56.069531	-6.652254
14487		13.882071	-53.882331	-5.513427
14488		12.526760	-51.460242	-4.392582
14489		11.145287	-48.757700	-3.332085
14490		9.777034	-45.840226	-2.401400
14491		8.395017	-42.706167	-1.598557
14492		7.028322	-39.461507	-0.936788
14493		5.651991	-36.120756	-0.382374
14494		4.275639	-32.770743	0.129938
14495		2.894788	-29.362512	0.703095
14496		1.526330	-25.921845	1.345794
14497		0.122508	-22.424684	2.007197
14498		-1.305184	-18.955598	2.606318
14499		-2.692225	-15.530395	3.119038
14500		-3.939977	-12.203201	3.529164
14501		-4.999935	-8.914965	3.819985
14502		-5.856724	-5.679729	3.993378
14503		-6.519924	-2.447305	4.088433
14504		-7.056890	0.701194	4.134434
14505		-7.520322	3.766635	4.159125
14506		-7.890402	6.669570	4.206043
14507		-8.190334	9.450201	4.306771
14508		-8.455415	12.074486	4.478166
14509		-8.730638	14.542883	4.732005
14510		-9.014316	16.742935	5.085311
14511		-9.338996	18.632497	5.519023
14512		-9.758261	20.149763	5.959026
14513		-10.208979	21.317348	6.360732
14514		-10.514219	22.062538	6.699773
14515		-10.549069	22.389389	6.945304
14516		-9.907082	22.097501	7.287099
14517		-8.499939	20.365183	7.546273
14518		-7.593781	17.868438	7.665459
14519		-6.852266	15.934583	7.604420
14520		-5.995602	13.714348	7.462391
14521		-5.407538	11.380789	7.542219
14522		-5.027014	9.239084	7.719414
14523		-4.686999	7.335980	7.772780
14524		-4.614707	5.726415	7.790217
14525		-4.544004	4.334566	7.818336
14526		-4.358561	3.280350	7.868263
14527		-4.177801	2.443475	7.911078
14528		-4.016667	1.725513	7.884794
14529		-3.853802	1.141421	7.833572
14530		-3.652689	0.629814	7.752447
14531		-3.454754	0.175677	7.668071
14532		-3.286610	-0.220610	7.561669
14533		-3.141060	-0.552155	7.446685
14534		-3.039371	-0.783445	7.348341
14535		-2.971378	-0.952618	7.278448
14536		-2.917702	-1.053013	7.224698
14537		-2.832335	-1.097637	7.171452
14538		-2.735461	-1.061922	7.137447
14539		-2.623152	-0.978016	7.132122
14540		-2.488890	-0.848171	7.136523
14541		-2.356035	-0.679082	7.156778
14542		-2.226219	-0.492621	7.197193
14543		-2.100531	-0.300873	7.250972
14544		-1.992718	-0.121259	7.325504
14545		-1.894690	0.029777	7.402957
14546		-1.795910	0.150028	7.465053
14547		-1.682952	0.223886	7.512278
14548		-1.562867	0.263184	7.548046
14549		-1.436731	0.273488	7.579226
14550		-1.321889	0.276664	7.594592
14551		-1.218957	0.252561	7.591575
14552		-1.126794	0.216353	7.581731
14553		-1.034795	0.149551	7.559868
14554		-0.935185	0.062604	7.531035
14555		-0.836867	-0.069598	7.500141
14556		-0.749493	-0.226661	7.451963
14557		-0.659065	-0.409734	7.395355
14558		-0.569825	-0.608898	7.336634
14559		-0.466281	-0.828314	7.254480
14560		-0.338380	-1.067133	7.175407
14561		-0.169908	-1.331738	7.082618
14562		0.024226	-1.625039	6.986083
14563		0.220842	-1.968125	6.892249
14564		0.390950	-2.397317	6.780554
14565		0.520157	-2.930698	6.684868
14566		0.607042	-3.564907	6.559392
14567		0.707009	-4.287498	6.451608
14568		0.820601	-5.082760	6.365833
14569		0.936261	-5.968353	6.287115
14570		1.085314	-6.945271	6.201293
14571		1.268391	-8.018262	6.125119
14572		1.460120	-9.175373	6.049082
14573		1.673882	-10.433175	5.942776
14574		1.903136	-11.863831	5.814919
14575		2.128568	-13.409070	5.701531
14576		2.435388	-15.049078	5.587062
14577		2.826496	-16.816768	5.397901
14578		3.250168	-18.713845	5.133421
14579		3.663791	-20.873235	4.822666
14580		4.186074	-23.339335	4.339280
14581		4.820796	-26.007400	3.638936
14582		5.678403	-28.871994	2.612253
14583		6.780917	-31.889357	1.266742
14584		8.137619	-35.048236	-0.285492
14585		9.768714	-38.413173	-2.054730
14586		11.477164	-41.771229	-3.850786
14587		13.778146	-45.266855	-5.769432
14588		16.298615	-48.787861	-7.954198
14589		19.186913	-51.886661	-10.130459
14590		22.576714	-54.549451	-12.238260
14591		25.684998	-56.480410	-14.275325
14592		27.317588	-57.332528	-16.140052
14593		27.522726	-57.055499	-16.947481
14594		27.075608	-56.273812	-16.579732
14595		26.470257	-55.524553	-15.686238
14596		25.469774	-54.831762	-14.627615
14597		24.043368	-54.111415	-13.499537
14598		22.368346	-53.280851	-12.233258
14599		20.615986	-52.236490	-10.768819
14600		18.885289	-50.920218	-9.177608
14601		17.170841	-49.235595	-7.565353
14602		15.510090	-47.193765	-6.093758
14603		13.852159	-44.729348	-4.813703
14604		12.234984	-41.917525	-3.750902
14605		10.649762	-38.802496	-2.847667
14606		9.110061	-35.543786	-2.059735
14607		7.596482	-32.180615	-1.326811
14608		6.126663	-28.840495	-0.620369
14609		4.684192	-25.458062	0.109398
14610		3.275739	-22.063930	0.872843
14611		1.879290	-18.648465	1.611384
14612		0.525211	-15.258394	2.268790
14613		-0.737653	-11.845416	2.812508
14614		-1.837001	-8.463212	3.247512
14615		-2.787180	-5.095349	3.564192
14616		-3.608779	-1.832424	3.772932
14617		-4.329784	1.334283	3.942429
14618		-5.012409	4.379499	4.115309
14619		-5.738355	7.370563	4.306521
14620		-6.449079	10.192775	4.557189
14621		-7.098170	12.820164	4.881410
14622		-7.674607	15.179100	5.272072
14623		-8.180272	17.293928	5.689992
14624		-8.589649	19.156612	6.076463
14625		-8.972341	20.793205	6.313944
14626		-9.373852	22.128263	6.289910
14627		-9.833983	23.154712	5.960288
14628		-10.331882	23.813082	5.409619
14629		-10.590121	24.037885	4.877011
14630		-10.311587	23.731393	4.576020
14631		-9.026527	22.495882	4.750676
14632		-7.949805	20.235575	4.994111
14633		-7.246845	18.177655	5.340273
14634		-6.377208	15.998883	5.530123
14635		-5.692384	13.548264	5.755256
14636		-5.323442	11.318974	5.968750
14637		-5.088013	9.229331	6.127347
14638		-5.012090	7.509163	6.179333
14639		-5.051837	6.101842	6.192779
14640		-4.992456	4.839476	6.234694
14641		-4.737417	3.839684	6.257195
14642		-4.439446	3.052584	6.213183
14643		-4.164545	2.406763	6.124507
14644		-3.855275	1.894647	6.024731
14645		-3.484437	1.485039	5.943536
14646		-3.146185	1.177015	5.875573
14647		-2.888299	0.909218	5.807800
14648		-2.701176	0.696732	5.750515
14649		-2.575854	0.524776	5.696138
14650		-2.515900	0.369856	5.652663
14651		-2.501375	0.207087	5.625990
14652		-2.526586	0.084305	5.612266
14653		-2.558941	0.000073	5.617644
14654		-2.579184	-0.040021	5.614711
14655		-2.535293	-0.035496	5.623349
14656		-2.463077	0.040117	5.662326
14657		-2.380479	0.147316	5.704004
14658		-2.298927	0.289557	5.754377
14659		-2.214542	0.435767	5.825444
14660		-2.135853	0.591301	5.889099
14661		-2.061387	0.719467	5.944506
14662		-1.988799	0.828965	5.989374
14663		-1.914755	0.910943	6.026210
14664		-1.841628	0.979215	6.059802
14665		-1.766656	1.014315	6.079293
14666		-1.678716	1.019170	6.089349
14667		-1.602172	1.008565	6.091308
14668		-1.526772	0.992257	6.087910
14669		-1.448241	0.966794	6.096480
14670		-1.387934	0.939619	6.077712
14671		-1.341089	0.882615	6.049243
14672		-1.296455	0.779841	6.026754
14673		-1.262359	0.654433	5.985907
14674		-1.222898	0.525715	5.944958
14675		-1.163897	0.377588	5.887796
14676		-1.086065	0.199797	5.832423
14677		-1.005978	-0.026223	5.775773
14678		-0.918234	-0.276977	5.703146
14679		-0.803949	-0.546080	5.626026
14680		-0.666920	-0.829822	5.547557
14681		-0.505696	-1.154137	5.481293
14682		-0.365132	-1.512768	5.385309
14683		-0.207068	-1.940028	5.291864
14684		-0.041065	-2.457778	5.185802
14685		0.097353	-3.064459	5.071925
14686		0.258568	-3.747653	4.950807
14687		0.434501	-4.510585	4.835468
14688		0.618147	-5.336936	4.724532
14689		0.797807	-6.217500	4.610208
14690		0.999384	-7.156574	4.500345
14691		1.218661	-8.174162	4.397671
14692		1.447674	-9.316633	4.271334
14693		1.681302	-10.626549	4.166180
14694		1.941486	-12.024364	4.080761
14695		2.255774	-13.511063	4.002181
14696		2.580987	-15.131964	3.902504
14697		2.930081	-16.929951	3.777963
14698		3.291581	-18.995875	3.583215
14699		3.645361	-21.318159	3.316488
14700		4.061323	-23.845469	2.888234
14701		4.639075	-26.617525	2.158891
14702		5.469734	-29.579532	1.121091
14703		6.508342	-32.665758	-0.175656
14704		7.786465	-35.903279	-1.686045
14705		9.345467	-39.290217	-3.384296
14706		10.882456	-42.640853	-5.051198
14707		12.903041	-46.140717	-6.859225
14708		15.203434	-49.580419	-8.840379
14709		17.929636	-52.547062	-10.835744
14710		21.186937	-55.144051	-12.832579
14711		24.372037	-57.129356	-14.850867
14712		26.396835	-58.211993	-16.969658
14713		27.124576	-58.322478	-18.330947
14714		27.194811	-57.958479	-18.636830
14715		27.138778	-57.583828	-18.248708
14716		26.698053	-57.209253	-17.443498
14717		25.746182	-56.724373	-16.358943
14718		24.376696	-56.052596	-15.009552
14719		22.775869	-55.141653	-13.399569
14720		21.075683	-53.985824	-11.597836
14721		19.266519	-52.511812	-9.687233
14722		17.387416	-50.696184	-7.797633
14723		15.475591	-48.479178	-5.998637
14724		13.631009	-45.909270	-4.365627
14725		11.856990	-43.002725	-2.922331
14726		10.168442	-39.868719	-1.685118
14727		8.518290	-36.563903	-0.607630
14728		6.924239	-33.213882	0.320308
14729		5.358132	-29.855281	1.133041
14730		3.843660	-26.570242	1.855943
14731		2.364475	-23.320574	2.533970
14732		0.928995	-20.122530	3.162885
14733		-0.471472	-16.899206	3.707051
14734		-1.790191	-13.723870	4.141955
14735		-3.032339	-10.590010	4.431526
14736		-4.194524	-7.506099	4.578764
14737		-5.286898	-4.419648	4.635985
14738		-6.279862	-1.401547	4.652766
14739		-7.178006	1.537553	4.656463
14740		-8.006745	4.338204	4.668391
14741		-8.775637	7.026924	4.740373
14742		-9.431766	9.528324	4.974141
14743		-9.956173	11.835296	5.400952
14744		-10.355280	13.902748	5.995413
14745		-10.658888	15.752139	6.684489
14746		-10.841752	17.401477	7.375787
14747		-10.917865	18.878537	7.961721
14748		-10.980805	20.083201	8.330169
14749		-11.096170	20.923208	8.382258
14750		-11.286637	21.373176	8.058686
14751		-11.438877	21.469525	7.419448
14752		-11.125075	21.103417	6.759014
14753		-9.822801	20.188585	6.487335
14754		-8.046248	18.121006	6.237457
14755		-6.837519	15.959532	6.280905
14756		-5.835232	13.687635	6.600182
14757		-4.990258	11.390737	6.965236
14758		-4.546274	9.377411	7.166186
14759		-4.301759	7.567640	7.208709
14760		-4.243990	5.926550	7.265903
14761		-4.239385	4.507287	7.352500
14762		-4.195430	3.557375	7.365456
14763		-4.191952	2.820850	7.390452
14764		-4.163709	2.191975	7.357419
14765		-4.155350	1.720241	7.322742
14766		-4.145875	1.407382	7.288360
14767		-4.060129	1.101364	7.224887
14768		-3.904009	0.838695	7.143943
14769		-3.746524	0.628822	7.052218
14770		-3.583575	0.454750	6.958149
14771		-3.423956	0.334756	6.879301
14772		-3.275388	0.291035	6.805173
14773		-3.146149	0.308447	6.749428
14774		-3.025570	0.388833	6.706024
14775		-2.883936	0.502241	6.675534
14776		-2.749123	0.647887	6.653036
14777		-2.633257	0.801138	6.651545
14778		-2.525914	0.967093	6.668744
14779		-2.425831	1.134106	6.699767
14780		-2.337178	1.281412	6.728718
14781		-2.262940	1.389420	6.757363
14782		-2.192405	1.459593	6.788519
14783		-2.130779	1.489634	6.794122
14784		-2.063889	1.500984	6.787008
14785		-1.985687	1.488204	6.771137
14786		-1.911654	1.443740	6.763759
14787		-1.853773	1.349833	6.745331
14788		-1.807032	1.224647	6.730634
14789		-1.779504	1.082926	6.720867
14790		-1.785587	0.926771	6.710136
14791		-1.800926	0.728230	6.704960
14792		-1.816527	0.503562	6.696360
14793		-1.853677	0.264359	6.681768
14794		-1.891289	0.023430	6.670906
14795		-1.931258	-0.209045	6.651133
14796		-1.960683	-0.458102	6.633766
14797		-1.985567	-0.727583	6.597639
14798		-1.974380	-1.030618	6.561827
14799		-1.972848	-1.344683	6.509990
14800		-1.958971	-1.712277	6.460547
14801		-1.970104	-2.143328	6.390215
14802		-1.977024	-2.631108	6.297776
14803		-1.970605	-3.173690	6.204197
14804		-1.950552	-3.754467	6.114489
14805		-1.927782	-4.379123	6.015471
14806		-1.878607	-5.061193	5.909083
14807		-1.778054	-5.801917	5.809492
14808		-1.657724	-6.600861	5.718444
14809		-1.517516	-7.451178	5.637094
14810		-1.366317	-8.357085	5.562556
14811		-1.206935	-9.336542	5.491427
14812		-1.040974	-10.408851	5.423481
14813		-0.865807	-11.610855	5.337531
14814		-0.716368	-12.966501	5.280896
14815		-0.606213	-14.430039	5.282466
14816		-0.473403	-15.972824	5.332420
14817		-0.326870	-17.651808	5.389551
14818		-0.182652	-19.450606	5.442298
14819		-0.067411	-21.476333	5.518185
14820		0.037887	-23.703134	5.558746
14821		0.141672	-26.094627	5.483557
14822		0.352566	-28.672927	5.231040
14823		0.783494	-31.397750	4.759730
14824		1.400153	-34.233559	4.029111
14825		2.210518	-37.224300	3.074696
14826		3.336407	-40.394778	2.015101
14827		4.224723	-43.556878	1.052156
14828		5.405772	-46.828906	-0.027361
14829		6.902857	-50.072063	-1.150517
14830		8.639413	-53.007703	-2.317415
14831		10.885251	-55.714342	-3.606399
14832		13.389765	-57.982626	-4.925777
14833		15.732833	-59.300956	-6.816920
14834		17.604626	-59.404500	-8.887389
14835		18.875824	-58.578020	-10.402478
14836		19.995351	-57.502944	-11.350503
14837		20.842341	-56.413697	-11.783198
14838		21.343299	-55.373957	-11.839236
14839		21.339612	-54.304367	-11.547468
14840		20.870867	-53.182689	-10.957645
14841		19.984543	-51.936844	-10.060727
14842		18.784531	-50.511893	-8.879187
14843		17.349584	-48.830260	-7.466254
14844		15.780034	-46.861806	-5.948538
14845		14.128205	-44.588513	-4.445648
14846		12.452574	-42.048079	-3.052351
14847		10.780265	-39.253645	-1.795753
14848		9.170286	-36.310137	-0.691517
14849		7.623245	-33.265810	0.279481
14850		6.127107	-30.191168	1.132935
14851		4.640232	-27.090129	1.910767
14852		3.137692	-23.976159	2.648190
14853		1.589609	-20.774575	3.359902
14854		0.041613	-17.500849	4.022481
14855		-1.453657	-14.155709	4.598686
14856		-2.816543	-10.808518	5.063691
14857		-4.016464	-7.459505	5.410708
14858		-5.039735	-4.156751	5.653874
14859		-5.942907	-0.912593	5.792100
14860		-6.766415	2.227505	5.835776
14861		-7.501306	5.272359	5.858498
14862		-8.106586	8.152947	5.931811
14863		-8.620418	10.858269	6.098742
14864		-9.126830	13.336722	6.378636
14865		-9.701953	15.607346	6.765999
14866		-10.296231	17.694538	7.291063
14867		-10.777369	19.664422	7.924724
14868		-11.070245	21.460870	8.578188
14869		-11.214978	22.975665	9.130017
14870		-11.294365	24.080936	9.478663
14871		-11.403493	24.699994	9.568025
14872		-11.550986	24.845253	9.421601
14873		-11.443074	24.507062	9.248640
14874		-10.701447	23.679792	9.352840
14875		-8.794451	21.828864	9.870132
14876		-7.391895	19.519857	10.361460
14877		-6.296780	17.314503	10.998124
14878		-5.303748	14.790689	11.476416
14879		-4.579214	12.260467	11.725913
14880		-4.143611	10.079677	11.657090
14881		-3.882339	8.147786	11.599806
14882		-3.747632	6.495252	11.657113
14883		-3.501141	5.096409	11.664519
14884		-3.234512	4.083046	11.564223
14885		-2.974770	3.249018	11.470630
14886		-2.707679	2.597538	11.384479
14887		-2.453709	2.123086	11.322276
14888		-2.205782	1.789229	11.270371
14889		-1.987905	1.537808	11.223156
14890		-1.825936	1.352290	11.171941
14891		-1.729420	1.196012	11.121913
14892		-1.668885	1.075361	11.076995
14893		-1.652013	0.973396	11.035515
14894		-1.682211	0.909681	11.009290
14895		-1.735855	0.869508	10.995781
14896		-1.784285	0.880801	10.992258
14897		-1.798374	0.941029	11.002845
14898		-1.781026	1.053869	11.017305
14899		-1.734258	1.212605	11.039914
14900		-1.686982	1.390496	11.073499
14901		-1.648469	1.558223	11.109532
14902		-1.627285	1.705977	11.145821
14903		-1.627920	1.810576	11.174705
14904		-1.644470	1.851499	11.200430
14905		-1.689578	1.822636	11.222852
14906		-1.758392	1.735177	11.247973
14907		-1.862654	1.602628	11.269496
14908		-2.015391	1.437725	11.290753
14909		-2.206031	1.242784	11.330379
14910		-2.428396	1.031938	11.370659
14911		-2.646677	0.814021	11.390010
14912		-2.815001	0.607453	11.392356
14913		-2.920278	0.397586	11.386761
14914		-2.984555	0.209134	11.362484
14915		-3.008210	0.029540	11.333123
14916		-3.006828	-0.136427	11.301066
14917		-2.986666	-0.307318	11.265252
14918		-2.931941	-0.505952	11.227653
14919		-2.876681	-0.714164	11.154495
14920		-2.789877	-0.960236	11.098298
14921		-2.758053	-1.246955	10.984645
14922		-2.726100	-1.593035	10.871250
14923		-2.674015	-2.018054	10.784666
14924		-2.656509	-2.481291	10.697063
14925		-2.667409	-3.004106	10.615546
14926		-2.726986	-3.574589	10.554117
14927		-2.854450	-4.200014	10.488893
14928		-3.042262	-4.889659	10.432480
14929		-3.248326	-5.643044	10.391177
14930		-3.452544	-6.462348	10.358824
14931		-3.636923	-7.353474	10.352527
14932		-3.813572	-8.325084	10.352923
14933		-3.973807	-9.379500	10.356522
14934		-4.115561	-10.501669	10.364557
14935		-4.265727	-11.706549	10.399659
14936		-4.426957	-13.024500	10.443434
14937		-4.660170	-14.509108	10.566714
14938		-4.925628	-16.098502	10.742709
14939		-5.192185	-17.791405	10.957494
14940		-5.446970	-19.583159	11.190508
14941		-5.696173	-21.518303	11.431698
14942		-5.955290	-23.652274	11.662320
14943		-6.174674	-25.987000	11.815814
14944		-6.302089	-28.504637	11.807211
14945		-6.295403	-31.201347	11.640984
14946		-6.099830	-34.073297	11.269996
14947		-5.798306	-37.140820	10.734006
14948		-5.585348	-40.337128	10.189626
14949		-5.412678	-43.642061	9.665756
14950		-5.500519	-47.056710	9.209963
14951		-5.784162	-50.615200	8.945794
14952		-5.648666	-54.027604	8.561538
14953		-4.539261	-57.289076	7.677908
14954		-2.793940	-60.374126	6.522371
14955		-0.807719	-62.944809	5.291559
14956		1.306800	-64.769409	4.206179
14957		2.574411	-65.293793	3.606425
14958		2.873231	-64.247293	3.570970
14959		3.123619	-62.902893	3.666195
14960		3.526874	-61.626424	3.667286
14961		4.091300	-60.471944	3.563223
14962		4.641128	-59.191721	3.415457
14963		5.096803	-57.678434	3.274670
14964		5.435312	-55.892552	3.178782
14965		5.645820	-53.832740	3.152581
14966		5.716779	-51.504798	3.224694
14967		5.652773	-48.911866	3.389005
14968		5.471407	-46.101438	3.609599
14969		5.140068	-43.089016	3.871383
14970		4.653853	-39.950453	4.143648
14971		4.014306	-36.719835	4.409423
14972		3.245944	-33.455395	4.659928
14973		2.368210	-30.175262	4.898562
14974		1.415746	-26.905157	5.164879
14975		0.392782	-23.567354	5.489753
14976		-0.689813	-20.181833	5.840128
14977		-1.837016	-16.753995	6.155445
14978		-3.011893	-13.353850	6.391580
14979		-4.154577	-9.978135	6.554077
14980		-5.211508	-6.638446	6.659965
14981		-6.168697	-3.305638	6.752946
14982		-7.052588	-0.033383	6.843921
14983		-7.890965	3.141048	6.921011
14984		-8.661055	6.132422	6.991111
14985		-9.345982	8.919903	7.088388
14986		-9.923316	11.493293	7.273957
14987		-10.379350	13.884677	7.585233
14988		-10.721581	16.080553	8.001098
14989		-10.965113	18.100736	8.469862
14990		-11.106926	19.919007	8.925031
14991		-11.176323	21.492072	9.307114
14992		-11.237598	22.728442	9.565975
14993		-11.344358	23.578112	9.676809
14994		-11.501974	24.022416	9.650566
14995		-11.693655	24.082249	9.520501
14996		-11.944698	23.786923	9.324360
14997		-12.027128	23.127148	9.231479
14998		-11.464666	22.049184	9.540975
14999		-9.678485	20.362156	10.587907
15000		-8.124878	18.314472	11.604216
15001		-6.984590	16.268662	12.537338
15002		-6.020911	13.895183	13.027777
15003		-5.363927	11.564661	13.036805
15004		-5.017593	9.442621	12.855139
15005		-4.789602	7.577302	12.811923
15006		-4.639735	6.054527	12.959526
15007		-4.396927	4.939927	12.999395
15008		-4.296271	4.102519	13.001675
15009		-4.190727	3.338978	12.996517
15010		-4.045969	2.727058	12.954857
15011		-3.903472	2.247984	12.933637
15012		-3.711597	1.843620	12.907289
15013		-3.480018	1.517964	12.879578
15014		-3.274351	1.277096	12.829543
15015		-3.107621	1.065870	12.766929
15016		-2.976041	0.879506	12.707096
15017		-2.909455	0.732168	12.658422
15018		-2.875030	0.617085	12.622270
15019		-2.875666	0.544094	12.588477
15020		-2.892008	0.526804	12.561802
15021		-2.919239	0.543835	12.551395
15022		-2.940949	0.603347	12.554986
15023		-2.961112	0.687685	12.563293
15024		-2.959742	0.787539	12.581742
15025		-2.961745	0.887162	12.608244
15026		-2.997287	0.954684	12.646325
15027		-3.043261	0.980066	12.699277
15028		-3.089433	0.984925	12.718475
15029		-3.124619	0.958664	12.729428
15030		-3.157540	0.908721	12.733249
15031		-3.185300	0.821018	12.731620
15032		-3.207631	0.713873	12.734149
15033		-3.219386	0.589943	12.727737
15034		-3.196330	0.478877	12.715830
15035		-3.125241	0.367667	12.697563
15036		-3.026226	0.263027	12.679536
15037		-2.910383	0.138087	12.672120
15038		-2.807417	0.015688	12.644337
15039		-2.701408	-0.113492	12.612933
15040		-2.595685	-0.257651	12.583064
15041		-2.495592	-0.417751	12.550628
15042		-2.408784	-0.591979	12.500909
15043		-2.328345	-0.801217	12.437342
15044		-2.250589	-1.025366	12.364739
15045		-2.188314	-1.311936	12.281149
15046		-2.171291	-1.641444	12.160255
15047		-2.124340	-2.067070	12.056511
15048		-2.104800	-2.549363	11.951376
15049		-2.085051	-3.082428	11.848472
15050		-2.070240	-3.667104	11.756878
15051		-2.078252	-4.311470	11.659980
15052		-2.102746	-5.009054	11.579339
15053		-2.111812	-5.770902	11.522969
15054		-2.094073	-6.582409	11.480578
15055		-2.068959	-7.449221	11.436387
15056		-2.043978	-8.376135	11.399306
15057		-2.009048	-9.388860	11.353131
15058		-1.949383	-10.482067	11.294316
15059		-1.867859	-11.674591	11.236024
15060		-1.815319	-13.005322	11.172642
15061		-1.806367	-14.505704	11.148893
15062		-1.809744	-16.122899	11.167687
15063		-1.797451	-17.879442	11.196250
15064		-1.823011	-19.728124	11.250020
15065		-1.876266	-21.726560	11.320390
15066		-2.030054	-23.928781	11.414664
15067		-2.222492	-26.362883	11.444857
15068		-2.376141	-29.035179	11.367935
15069		-2.471231	-31.903020	11.199830
15070		-2.477149	-34.981014	10.829596
15071		-2.383711	-38.248687	10.314555
15072		-2.110039	-41.655350	9.806061
15073		-2.070221	-45.139192	9.430377
15074		-2.282703	-48.775227	9.121524
15075		-2.614443	-52.389041	8.955956
15076		-2.694807	-55.824808	8.679930
15077		-2.170781	-59.145552	8.078055
15078		-1.079224	-62.241325	7.232187
15079		0.515134	-64.812226	6.149293
15080		2.300307	-66.787136	4.977898
15081		3.838156	-67.103685	3.764545
15082		4.763442	-66.077045	2.975801
15083		5.716169	-64.621366	2.411567
15084		6.701729	-63.108665	1.930697
15085		7.668911	-61.655192	1.496282
15086		8.467503	-60.167464	1.137301
15087		9.021288	-58.558679	0.920366
15088		9.311679	-56.744389	0.907550
15089		9.313765	-54.579092	1.174660
15090		9.082834	-52.067756	1.687326
15091		8.624325	-49.246721	2.380470
15092		8.016089	-46.225131	3.130294
15093		7.301182	-43.042515	3.855405
15094		6.501823	-39.758150	4.508092
15095		5.603681	-36.382045	5.081162
15096		4.608553	-32.993809	5.567809
15097		3.515792	-29.627707	5.981606
15098		2.385287	-26.297712	6.367675
15099		1.260798	-22.939531	6.762743
15100		0.141892	-19.555910	7.137822
15101		-1.017893	-16.085468	7.431614
15102		-2.183044	-12.595346	7.620463
15103		-3.285143	-9.138328	7.724138
15104		-4.263458	-5.793123	7.775480
15105		-5.145915	-2.521324	7.801831
15106		-5.971133	0.682366	7.828013
15107		-6.766436	3.884624	7.867893
15108		-7.517713	7.022106	7.963566
15109		-8.205512	10.052966	8.145196
15110		-8.803840	12.908711	8.428446
15111		-9.305664	15.582244	8.831666
15112		-9.705412	18.013663	9.343912
15113		-10.015790	20.183565	9.908163
15114		-10.280686	22.049517	10.409711
15115		-10.512474	23.593037	10.711625
15116		-10.772301	24.754947	10.724588
15117		-11.127974	25.508455	10.415014
15118		-11.538989	25.832781	9.859707
15119		-11.713921	25.713032	9.275485
15120		-11.207911	25.056449	8.912714
15121		-9.626972	23.595946	8.997660
15122		-8.234028	21.485202	9.015647
15123		-7.231742	19.509962	9.224034
15124		-6.247395	17.305447	9.512986
15125		-5.569498	14.920663	9.872802
15126		-5.035434	12.825210	10.049511
15127		-4.713916	10.867754	10.116999
15128		-4.533194	9.075362	10.232012
15129		-4.465625	7.541342	10.323016
15130		-4.460082	6.191399	10.331832
15131		-4.358285	5.106402	10.345623
15132		-4.236396	4.371745	10.419456
15133		-4.134823	3.774997	10.455747
15134		-4.065248	3.295325	10.461252
15135		-4.012595	2.919629	10.481916
15136		-3.957466	2.603059	10.505539
15137		-3.924014	2.315301	10.528733
15138		-3.939764	2.070077	10.542533
15139		-3.986059	1.842312	10.560071
15140		-4.056046	1.636444	10.578300
15141		-4.121410	1.427632	10.596740
15142		-4.180031	1.257945	10.603792
15143		-4.229692	1.108815	10.606067
15144		-4.259766	0.996733	10.608310
15145		-4.266273	0.909279	10.606627
15146		-4.255528	0.834109	10.605317
15147		-4.250604	0.731346	10.598814
15148		-4.271849	0.599064	10.575701
15149		-4.295690	0.461459	10.551859
15150		-4.309007	0.342133	10.534934
15151		-4.333926	0.214778	10.509669
15152		-4.368249	0.083485	10.483625
15153		-4.395062	-0.058685	10.463507
15154		-4.414031	-0.180232	10.433820
15155		-4.418779	-0.290755	10.409722
15156		-4.402565	-0.390121	10.392206
15157		-4.378169	-0.482435	10.372582
15158		-4.340062	-0.548202	10.351327
15159		-4.278144	-0.604773	10.331838
15160		-4.191197	-0.633598	10.315501
15161		-4.082699	-0.660813	10.313870
15162		-3.987364	-0.673758	10.303938
15163		-3.891323	-0.701797	10.293157
15164		-3.795211	-0.729756	10.295717
15165		-3.715611	-0.777876	10.288734
15166		-3.624777	-0.840788	10.280978
15167		-3.549547	-0.937260	10.273682
15168		-3.493523	-1.041992	10.244970
15169		-3.437890	-1.181935	10.223618
15170		-3.390106	-1.342457	10.184704
15171		-3.331730	-1.549651	10.123936
15172		-3.272931	-1.787845	10.036667
15173		-3.194143	-2.100100	9.934946
15174		-3.122081	-2.512289	9.785238
15175		-2.985442	-3.019745	9.665742
15176		-2.824526	-3.610256	9.540873
15177		-2.665703	-4.299043	9.441608
15178		-2.575451	-5.069463	9.333243
15179		-2.521733	-5.936224	9.235330
15180		-2.478768	-6.876389	9.159976
15181		-2.431445	-7.909525	9.115478
15182		-2.410252	-9.033291	9.085037
15183		-2.407115	-10.297002	9.058284
15184		-2.447073	-11.688853	9.072909
15185		-2.496242	-13.198306	9.146921
15186		-2.566340	-14.845726	9.272934
15187		-2.656536	-16.625314	9.422420
15188		-2.766988	-18.574455	9.579405
15189		-2.907502	-20.726912	9.730911
15190		-3.026019	-23.052948	9.822234
15191		-3.069103	-25.603410	9.800665
15192		-3.011915	-28.365352	9.630691
15193		-2.820151	-31.333941	9.267801
15194		-2.516101	-34.486329	8.627142
15195		-2.041417	-37.798558	7.774621
15196		-1.299539	-41.269164	6.895994
15197		-0.837133	-44.841047	6.140456
15198		-0.437187	-48.590657	5.312329
15199		0.245055	-52.420257	4.399151
15200		1.197596	-56.153873	3.402422
15201		2.780842	-59.712164	2.041042
15202		5.140199	-63.048886	0.199326
15203		8.095405	-65.756343	-1.954822
15204		11.487288	-67.795984	-4.333883
15205		14.021838	-68.326443	-6.393097
15206		14.798986	-67.156112	-7.063033
15207		15.267571	-65.507526	-7.174416
15208		15.587821	-63.839846	-7.023828
15209		15.859119	-62.290400	-6.807458
15210		15.873761	-60.736697	-6.509237
15211		15.521109	-59.037607	-6.055580
15212		14.840292	-57.089686	-5.381383
15213		13.924324	-54.824474	-4.458709
15214		12.853605	-52.247176	-3.328279
15215		11.702549	-49.407096	-2.132039
15216		10.518563	-46.412816	-1.005573
15217		9.300692	-43.263989	0.004603
15218		8.076414	-40.028421	0.890507
15219		6.839536	-36.740205	1.674988
15220		5.612439	-33.480819	2.360158
15221		4.340882	-30.165714	2.970407
15222		3.022873	-26.786664	3.515856
15223		1.645113	-23.279857	4.016822
15224		0.241541	-19.734649	4.452964
15225		-1.175117	-16.163860	4.811867
15226		-2.513513	-12.667807	5.099198
15227		-3.734202	-9.218372	5.311887
15228		-4.823713	-5.827331	5.453924
15229		-5.802057	-2.447700	5.563505
15230		-6.694266	0.851428	5.654369
15231		-7.576691	4.057762	5.706380
15232		-8.482942	7.134633	5.708840
15233		-9.383789	10.121454	5.703847
15234		-10.220398	13.002116	5.765113
15235		-10.980256	15.785743	5.953311
15236		-11.653211	18.383098	6.305657
15237		-12.222933	20.768360	6.817100
15238		-12.673623	22.874743	7.430359
15239		-13.016574	24.673087	8.023989
15240		-13.276332	26.097836	8.465152
15241		-13.525584	27.113384	8.649781
15242		-13.848426	27.671007	8.551526
15243		-14.265636	27.785572	8.216941
15244		-14.652832	27.499216	7.793935
15245		-14.607590	26.853757	7.582531
15246		-13.311776	25.844336	8.147035
15247		-10.894924	24.095797	9.133796
15248		-8.963580	22.336483	10.096578
15249		-7.528500	20.092648	11.042141
15250		-6.423501	17.555439	11.729295
15251		-5.735877	15.148578	11.960869
15252		-5.199011	12.994161	11.810462
15253		-4.975597	10.956839	11.839301
15254		-4.756631	9.124042	12.019372
15255		-4.554760	7.511313	12.093450
15256		-4.376025	6.046288	12.060095
15257		-4.071738	4.984236	12.024536
15258		-3.762027	4.203771	11.987986
15259		-3.452804	3.608753	11.913464
15260		-3.111260	3.215999	11.840844
15261		-2.763601	2.943951	11.801984
15262		-2.472194	2.763344	11.747918
15263		-2.253676	2.624577	11.702029
15264		-2.103793	2.532572	11.663028
15265		-2.004737	2.444637	11.622168
15266		-1.968431	2.357879	11.580561
15267		-1.951891	2.261185	11.554378
15268		-1.954027	2.162493	11.531929
15269		-1.977167	2.079968	11.518575
15270		-2.010493	2.026537	11.514711
15271		-2.043197	1.977302	11.524486
15272		-2.076291	1.956594	11.527516
15273		-2.100854	1.936622	11.540554
15274		-2.138652	1.943095	11.574577
15275		-2.204258	1.948727	11.609738
15276		-2.294457	1.937329	11.649155
15277		-2.406792	1.891423	11.694371
15278		-2.555985	1.812407	11.734178
15279		-2.672847	1.703703	11.756409
15280		-2.758162	1.591227	11.772201
15281		-2.807502	1.462799	11.786130
15282		-2.843410	1.329247	11.793834
15283		-2.847714	1.182563	11.806534
15284		-2.830085	1.051062	11.806849
15285		-2.766551	0.925301	11.803105
15286		-2.674004	0.811277	11.804922
15287		-2.591059	0.705653	11.794762
15288		-2.517900	0.609897	11.786068
15289		-2.453723	0.512074	11.772407
15290		-2.374268	0.411796	11.771183
15291		-2.296940	0.314243	11.750425
15292		-2.214147	0.194320	11.727270
15293		-2.142178	0.048122	11.702714
15294		-2.073666	-0.119532	11.681777
15295		-2.029713	-0.301764	11.652285
15296		-2.013793	-0.515646	11.614660
15297		-2.018716	-0.774769	11.571427
15298		-2.044367	-1.065636	11.515722
15299		-2.085027	-1.420445	11.446435
15300		-2.131421	-1.802171	11.364097
15301		-2.153761	-2.268943	11.247265
15302		-2.124481	-2.815243	11.147127
15303		-2.102172	-3.432035	11.055150
15304		-2.103303	-4.112378	10.962405
15305		-2.114050	-4.855238	10.877610
15306		-2.143292	-5.664128	10.789640
15307		-2.171135	-6.565506	10.716591
15308		-2.203332	-7.561155	10.663157
15309		-2.249731	-8.648251	10.627355
15310		-2.334427	-9.837906	10.603866
15311		-2.478152	-11.167396	10.596868
15312		-2.730590	-12.655239	10.675094
15313		-3.069616	-14.274518	10.807900
15314		-3.480181	-16.041914	11.018079
15315		-3.928246	-17.933639	11.282972
15316		-4.413122	-19.989495	11.610405
15317		-4.853685	-22.241862	11.938389
15318		-5.256110	-24.683737	12.200447
15319		-5.580985	-27.310358	12.355007
15320		-5.744801	-30.130936	12.344201
15321		-5.734966	-33.158101	12.121879
15322		-5.531838	-36.365470	11.662305
15323		-5.451108	-39.732924	11.163276
15324		-5.327911	-43.169758	10.728460
15325		-5.297985	-46.660632	10.452444
15326		-5.348183	-50.404865	10.289086
15327		-5.348944	-54.077233	10.125246
15328		-4.939334	-57.711163	9.869635
15329		-4.009831	-61.246302	9.345280
15330		-2.688615	-64.540631	8.599223
15331		-0.995887	-67.211153	7.565619
15332		1.044868	-69.269734	6.230648
15333		2.895690	-69.580322	4.783590
15334		4.059494	-68.371067	3.854990
15335		5.273188	-66.679609	3.112458
15336		6.494266	-64.903759	2.382413
15337		7.721878	-63.213185	1.633768
15338		8.751670	-61.497446	0.933765
15339		9.474382	-59.624772	0.399796
15340		9.843204	-57.491994	0.159302
15341		9.877710	-55.036905	0.249853
15342		9.634209	-52.298931	0.598937
15343		9.129224	-49.324212	1.103828
15344		8.418118	-46.232718	1.662551
15345		7.517708	-43.056138	2.275170
15346		6.487319	-39.859920	2.925325
15347		5.348938	-36.635147	3.576865
15348		4.128773	-33.446316	4.153531
15349		2.824708	-30.238396	4.636212
15350		1.505010	-27.037998	5.056252
15351		0.228136	-23.810263	5.459712
15352		-0.988970	-20.557070	5.846694
15353		-2.181917	-17.217837	6.180566
15354		-3.376920	-13.845836	6.409713
15355		-4.540639	-10.485304	6.526935
15356		-5.572516	-7.228920	6.565610
15357		-6.440895	-4.039475	6.587419
15358		-7.180400	-0.906002	6.650720
15359		-7.882806	2.218868	6.756013
15360		-8.552955	5.296941	6.906008
15361		-9.127113	8.308210	7.143849
15362		-9.586740	11.177427	7.505296
15363		-9.934437	13.906109	8.014472
15364		-10.128530	16.435586	8.684363
15365		-10.152353	18.738770	9.478976
15366		-9.913488	20.732137	10.333814
15367		-9.450255	22.342566	11.117057
15368		-8.966107	23.498477	11.681460
15369		-8.663711	24.222586	11.936555
15370		-8.607701	24.517768	11.892410
15371		-8.608128	24.369863	11.688719
15372		-8.372587	23.690212	11.546692
15373		-7.617728	22.337668	11.791245
15374		-6.795126	20.044659	12.387862
15375		-6.248614	17.969051	13.231712
15376		-5.505060	16.039690	13.828975
15377		-4.890325	13.793331	14.073703
15378		-4.430356	11.589432	14.011393
15379		-4.196829	9.534004	13.803186
15380		-4.021053	7.626494	13.728968
15381		-3.837649	5.928934	13.718438
15382		-3.518827	4.525437	13.707038
15383		-3.234760	3.478492	13.675239
15384		-2.947518	2.660146	13.672854
15385		-2.705623	2.014249	13.648863
15386		-2.516796	1.543705	13.645246
15387		-2.380111	1.177313	13.648263
15388		-2.306937	0.905580	13.662532
15389		-2.295441	0.676287	13.680690
15390		-2.352120	0.477325	13.704203
15391		-2.425008	0.268973	13.724419
15392		-2.525483	0.096385	13.741096
15393		-2.639840	-0.047923	13.754537
15394		-2.759881	-0.142210	13.754934
15395		-2.844925	-0.175909	13.752486
15396		-2.910495	-0.166267	13.752469
15397		-2.963625	-0.137560	13.756176
15398		-3.003969	-0.081661	13.759676
15399		-3.030630	-0.005000	13.773282
15400		-3.039335	0.109845	13.783222
15401		-3.021029	0.213705	13.794467
15402		-3.000759	0.299484	13.796214
15403		-2.991276	0.352766	13.799973
15404		-2.973871	0.381370	13.799833
15405		-2.928365	0.388866	13.795824
15406		-2.851610	0.382707	13.782947
15407		-2.767415	0.347049	13.776507
15408		-2.679527	0.281059	13.783527
15409		-2.599591	0.199242	13.779272
15410		-2.529864	0.109982	13.770668
15411		-2.485630	-0.000212	13.767681
15412		-2.469367	-0.130509	13.780414
15413		-2.494040	-0.282688	13.783907
15414		-2.562764	-0.451953	13.784789
15415		-2.659261	-0.640139	13.778840
15416		-2.767234	-0.833949	13.769778
15417		-2.900775	-1.053405	13.767853
15418		-3.096815	-1.293534	13.755981
15419		-3.344944	-1.561129	13.736921
15420		-3.627306	-1.863650	13.702607
15421		-3.887047	-2.224653	13.681046
15422		-4.143058	-2.635929	13.643295
15423		-4.377993	-3.096986	13.595928
15424		-4.588725	-3.599413	13.541081
15425		-4.784140	-4.148714	13.482260
15426		-4.965132	-4.748918	13.426702
15427		-5.158215	-5.410611	13.378210
15428		-5.373334	-6.138434	13.334237
15429		-5.608169	-6.926567	13.298789
15430		-5.867453	-7.776919	13.281411
15431		-6.147510	-8.702083	13.300341
15432		-6.433459	-9.713326	13.358384
15433		-6.736429	-10.818223	13.445494
15434		-7.047658	-12.001737	13.553160
15435		-7.367667	-13.283428	13.681218
15436		-7.728914	-14.699898	13.843311
15437		-8.138488	-16.238237	14.050345
15438		-8.569291	-17.893474	14.296604
15439		-9.009241	-19.662253	14.584349
15440		-9.446215	-21.537529	14.879516
15441		-9.904513	-23.623675	15.214103
15442		-10.248824	-25.899481	15.483392
15443		-10.535483	-28.365373	15.661344
15444		-10.742820	-30.985764	15.708363
15445		-10.888435	-33.764295	15.651053
15446		-10.955763	-36.723272	15.544619
15447		-11.033720	-39.838389	15.469783
15448		-11.422241	-43.167414	15.447366
15449		-11.651497	-46.503846	15.355324
15450		-11.790171	-50.120965	15.488718
15451		-12.304384	-53.844833	15.765084
15452		-12.338801	-57.487054	15.884515
15453		-11.563329	-60.988143	15.798590
15454		-10.175542	-64.328053	15.501441
15455		-8.579808	-67.266199	14.879645
15456		-6.787155	-69.628062	13.820220
15457		-4.864415	-70.686151	12.146507
15458		-3.247358	-69.879701	10.555794
15459		-1.848337	-68.221693	9.488740
15460		-0.571866	-66.289426	8.652757
15461		0.693960	-64.433815	7.804949
15462		1.855228	-62.640508	6.898465
15463		2.827451	-60.813839	5.986484
15464		3.541419	-58.850596	5.187670
15465		3.983736	-56.643286	4.622825
15466		4.170412	-54.119761	4.342752
15467		4.150713	-51.285405	4.287938
15468		3.986264	-48.230326	4.329786
15469		3.702963	-44.978976	4.383718
15470		3.350007	-41.625191	4.402955
15471		2.915163	-38.186254	4.406553
15472		2.368933	-34.714698	4.404617
15473		1.683523	-31.155741	4.419508
15474		0.906181	-27.554972	4.494055
15475		0.051275	-23.890125	4.671489
15476		-0.896105	-20.212722	4.912456
15477		-1.951185	-16.525229	5.173606
15478		-3.027856	-12.911046	5.416677
15479		-4.012629	-9.374249	5.638601
15480		-4.851304	-5.931643	5.847125
15481		-5.579191	-2.498471	6.042758
15482		-6.217570	0.935661	6.235814
15483		-6.790363	4.369513	6.409139
15484		-7.278648	7.683029	6.572474
15485		-7.723122	10.797706	6.746536
15486		-8.186207	13.619454	6.949450
15487		-8.693327	16.126983	7.195972
15488		-9.194386	18.273881	7.488021
15489		-9.666268	20.053784	7.800436
15490		-10.124724	21.443867	8.092195
15491		-10.594446	22.462009	8.305257
15492		-11.011873	23.110895	8.387655
15493		-11.180102	23.274791	8.403724
15494		-10.948696	22.879837	8.475974
15495		-9.265567	21.431397	9.195113
15496		-7.851799	19.032538	10.073613
15497		-6.920921	16.877115	11.001900
15498		-6.052491	14.690705	11.530479
15499		-5.448869	12.370479	11.699021
15500		-5.226007	10.246994	11.700034
15501		-5.024670	8.265322	11.662895
15502		-4.874666	6.475176	11.701560
15503		-4.651603	4.869869	11.735184
15504		-4.335575	3.619214	11.662468
15505		-3.996175	2.544216	11.589110
15506		-3.533995	1.690257	11.473976
15507		-3.064355	1.071231	11.408393
15508		-2.663749	0.659085	11.371364
15509		-2.405029	0.379957	11.344615
15510		-2.251384	0.172606	11.322165
15511		-2.210034	-0.021551	11.313723
15512		-2.265894	-0.194643	11.322554
15513		-2.393318	-0.364060	11.341911
15514		-2.568913	-0.486757	11.376960
15515		-2.766479	-0.589765	11.410165
15516		-2.960777	-0.642482	11.454345
15517		-3.136360	-0.671708	11.500980
15518		-3.297083	-0.675098	11.546882
15519		-3.402968	-0.674776	11.580396
15520		-3.459676	-0.654883	11.595267
15521		-3.475196	-0.632094	11.607315
15522		-3.474124	-0.611611	11.625703
15523		-3.458190	-0.622838	11.638042
15524		-3.435879	-0.659434	11.645493
15525		-3.416085	-0.741537	11.647404
15526		-3.405306	-0.859571	11.651608
15527		-3.420731	-1.003967	11.641440
15528		-3.432902	-1.170699	11.631471
15529		-3.432383	-1.362910	11.626269
15530		-3.422607	-1.578944	11.613876
15531		-3.371474	-1.840834	11.624163
15532		-3.358440	-2.137261	11.601049
15533		-3.331598	-2.476704	11.567463
15534		-3.310611	-2.832321	11.530978
15535		-3.297734	-3.198019	11.505405
15536		-3.286533	-3.554014	11.489357
15537		-3.277645	-3.921256	11.471493
15538		-3.266570	-4.289751	11.456233
15539		-3.243190	-4.655494	11.437938
15540		-3.204537	-5.011954	11.410565
15541		-3.148158	-5.369943	11.374794
15542		-3.083399	-5.729213	11.328588
15543		-3.024584	-6.119743	11.279008
15544		-2.979761	-6.538959	11.223429
15545		-2.948992	-6.992770	11.168974
15546		-2.939135	-7.477105	11.122271
15547		-2.965539	-8.014805	11.081661
15548		-3.035493	-8.604322	11.052819
15549		-3.114732	-9.254597	11.035630
15550		-3.202462	-9.936156	11.031446
15551		-3.302962	-10.665213	11.047535
15552		-3.439161	-11.444790	11.084641
15553		-3.628221	-12.296429	11.146600
15554		-3.800028	-13.200859	11.232446
15555		-3.910832	-14.162882	11.321830
15556		-3.985570	-15.173539	11.395326
15557		-4.025456	-16.274340	11.463661
15558		-3.999028	-17.462343	11.512088
15559		-3.899966	-18.765595	11.499158
15560		-3.763625	-20.205381	11.466354
15561		-3.561785	-21.731613	11.388289
15562		-3.299014	-23.364484	11.279153
15563		-2.971934	-25.113027	11.105854
15564		-2.586284	-26.964536	10.867274
15565		-2.131946	-29.046171	10.519456
15566		-1.597695	-31.289850	10.037379
15567		-0.967762	-33.706684	9.375400
15568		-0.239884	-36.290857	8.535152
15569		0.596028	-39.024464	7.571783
15570		1.539951	-41.881082	6.478690
15571		2.694465	-44.980050	5.149924
15572		3.570426	-48.241820	3.795380
15573		4.551951	-51.587593	2.234507
15574		5.718978	-55.056453	0.539878
15575		6.858491	-58.498198	-1.167278
15576		8.615785	-61.676354	-3.189746
15577		11.549674	-64.665444	-5.772059
15578		15.480134	-67.149980	-8.847314
15579		19.889900	-68.990933	-12.301128
15580		23.700640	-69.997698	-15.752428
15581		25.241559	-69.511663	-17.359192
15582		25.283174	-68.327190	-17.484584
15583		24.604484	-66.883105	-16.683223
15584		23.765295	-65.458550	-15.562673
15585		22.833251	-64.078057	-14.307098
15586		21.834996	-62.706873	-13.069318
15587		20.686413	-61.193362	-11.788354
15588		19.431944	-59.471541	-10.478762
15589		18.039125	-57.438818	-9.068984
15590		16.597325	-55.147739	-7.624153
15591		15.094729	-52.598996	-6.167616
15592		13.554634	-49.824739	-4.748659
15593		11.958749	-46.780826	-3.404668
15594		10.329051	-43.486872	-2.195505
15595		8.652827	-39.941654	-1.136380
15596		6.977409	-36.259666	-0.250291
15597		5.347946	-32.477724	0.483544
15598		3.845085	-28.688643	1.106725
15599		2.446149	-24.918951	1.675286
15600		1.117903	-21.243225	2.184178
15601		-0.224691	-17.590680	2.629976
15602		-1.593260	-13.976768	2.980415
15603		-2.904992	-10.375940	3.267219
15604		-4.044574	-6.856845	3.524553
15605		-5.046636	-3.402143	3.731572
15606		-5.994192	-0.055591	3.834068
15607		-6.896684	3.217698	3.845220
15608		-7.692535	6.362926	3.840445
15609		-8.368152	9.391722	3.890758
15610		-8.944286	12.241250	4.047567
15611		-9.443783	14.891951	4.337115
15612		-9.816614	17.280256	4.813435
15613		-10.086938	19.396399	5.460989
15614		-10.289328	21.204334	6.207074
15615		-10.468126	22.715059	6.942235
15616		-10.637486	23.907951	7.560710
15617		-10.827744	24.770326	7.972925
15618		-11.068339	25.276963	8.111950
15619		-11.203165	25.346189	8.058465
15620		-11.004561	24.911369	8.022164
15621		-9.366419	23.748026	8.766131
15622		-7.689486	21.605199	9.729176
15623		-6.762850	19.558765	10.909497
15624		-5.833337	17.533849	11.837154
15625		-5.200035	15.235569	12.305274
15626		-4.829915	13.118655	12.374130
15627		-4.695790	11.202020	12.193462
15628		-4.784169	9.396083	12.111771
15629		-4.945223	7.789285	12.137963
15630		-5.150585	6.361353	12.164576
15631		-5.201638	5.182348	12.201472
15632		-5.186871	4.314826	12.295411
15633		-5.146099	3.592545	12.372337
15634		-5.072400	2.966769	12.395475
15635		-4.983537	2.435926	12.424636
15636		-4.926702	1.975852	12.435673
15637		-4.907788	1.559893	12.430839
15638		-4.963818	1.238680	12.424021
15639		-5.048265	0.952512	12.420761
15640		-5.170630	0.732469	12.416554
15641		-5.315351	0.542059	12.410035
15642		-5.466567	0.392532	12.397373
15643		-5.618251	0.265576	12.386962
15644		-5.747959	0.168749	12.376558
15645		-5.843011	0.087141	12.369692
15646		-5.894745	0.035999	12.365211
15647		-5.919176	-0.018776	12.361425
15648		-5.942219	-0.080712	12.356742
15649		-5.958447	-0.148543	12.344127
15650		-5.962332	-0.198769	12.328810
15651		-5.935203	-0.231454	12.311273
15652		-5.873004	-0.241721	12.310487
15653		-5.788237	-0.234013	12.296582
15654		-5.688902	-0.209999	12.295937
15655		-5.578746	-0.191083	12.289987
15656		-5.469516	-0.173701	12.287744
15657		-5.359255	-0.175393	12.297346
15658		-5.260120	-0.161984	12.297682
15659		-5.141146	-0.160730	12.306669
15660		-5.024832	-0.150690	12.298725
15661		-4.895087	-0.148657	12.302561
15662		-4.770312	-0.140029	12.294220
15663		-4.654838	-0.171295	12.296055
15664		-4.566887	-0.206253	12.298249
15665		-4.484038	-0.275359	12.304129
15666		-4.426850	-0.354058	12.298727
15667		-4.397684	-0.460197	12.290774
15668		-4.387317	-0.607791	12.276849
15669		-4.407608	-0.776149	12.244908
15670		-4.446558	-0.973463	12.204005
15671		-4.505466	-1.193992	12.156997
15672		-4.603669	-1.448483	12.073314
15673		-4.701167	-1.772382	11.985818
15674		-4.822643	-2.200532	11.844552
15675		-4.854614	-2.726522	11.736148
15676		-4.824759	-3.347943	11.621913
15677		-4.769613	-4.072695	11.514374
15678		-4.739245	-4.897435	11.402425
15679		-4.728234	-5.824588	11.328834
15680		-4.759199	-6.849090	11.271244
15681		-4.819398	-7.974423	11.229386
15682		-4.878042	-9.209833	11.231789
15683		-4.954531	-10.597255	11.263963
15684		-5.069944	-12.151581	11.369347
15685		-5.241458	-13.844297	11.529684
15686		-5.413832	-15.692406	11.726360
15687		-5.615981	-17.711995	11.961376
15688		-5.824714	-19.936110	12.163454
15689		-5.985767	-22.412597	12.289567
15690		-6.097346	-25.102510	12.281736
15691		-6.045264	-27.987794	12.097801
15692		-5.773357	-31.031795	11.733582
15693		-5.367146	-34.250756	11.167685
15694		-5.022985	-37.630505	10.554125
15695		-4.672944	-41.111324	10.020886
15696		-4.573724	-44.615608	9.519113
15697		-4.456443	-48.137356	9.073267
15698		-3.801701	-51.641914	8.432678
15699		-2.549346	-55.010588	7.518908
15700		-0.781667	-58.079798	6.442702
15701		1.382580	-60.663103	5.107319
15702		3.669531	-62.375238	3.361414
15703		5.751371	-62.592765	1.436863
15704		7.430126	-61.762597	-0.214668
15705		8.973639	-60.493626	-1.495912
15706		10.405350	-59.139248	-2.529871
15707		11.633888	-57.779085	-3.312171
15708		12.561283	-56.382823	-3.868892
15709		13.082476	-54.844219	-4.171845
15710		13.197797	-53.105723	-4.188037
15711		12.952463	-51.145609	-3.918719
15712		12.420019	-49.013284	-3.403554
15713		11.653422	-46.716262	-2.687080
15714		10.703807	-44.320119	-1.830994
15715		9.560883	-41.789182	-0.884588
15716		8.257924	-39.121461	0.080168
15717		6.812124	-36.254816	1.020459
15718		5.284365	-33.235770	1.889002
15719		3.716554	-30.073210	2.665799
15720		2.182395	-26.853647	3.312562
15721		0.712059	-23.586144	3.829874
15722		-0.670649	-20.309362	4.223370
15723		-2.020499	-16.964677	4.467627
15724		-3.361404	-13.585287	4.528816
15725		-4.710163	-10.157167	4.400369
15726		-6.008041	-6.743670	4.118001
15727		-7.215637	-3.357708	3.758573
15728		-8.315467	-0.051722	3.385984
15729		-9.302856	3.209447	3.100802
15730		-10.187399	6.390328	2.998798
15731		-10.976525	9.458626	3.130764
15732		-11.623220	12.357368	3.518508
15733		-12.069038	15.113170	4.154796
15734		-12.263218	17.693138	5.013103
15735		-12.209612	20.057213	6.039676
15736		-11.851780	22.117860	7.142681
15737		-11.177857	23.793895	8.196151
15738		-10.426395	24.968680	9.023115
15739		-9.866907	25.603637	9.482144
15740		-9.623876	25.708899	9.537042
15741		-9.605861	25.392638	9.246184
15742		-9.396202	24.659514	8.833402
15743		-8.535087	23.411182	8.587046
15744		-7.663465	21.435560	8.416456
15745		-6.915454	19.618102	8.425480
15746		-6.028473	17.532594	8.630191
15747		-5.329618	15.042962	8.908694
15748		-4.789374	12.820634	9.154710
15749		-4.411009	10.939995	9.156832
15750		-4.416315	9.230987	9.226594
15751		-4.506266	7.705439	9.337305
15752		-4.664413	6.366874	9.409962
15753		-4.783011	5.345569	9.475842
15754		-4.977525	4.698167	9.571697
15755		-5.205394	4.172392	9.639249
15756		-5.443505	3.726625	9.670222
15757		-5.667342	3.376894	9.707927
15758		-5.902333	3.114083	9.733224
15759		-6.122393	2.861438	9.736972
15760		-6.306135	2.633141	9.742957
15761		-6.462230	2.446839	9.742329
15762		-6.606060	2.283258	9.735514
15763		-6.753223	2.139269	9.727462
15764		-6.895203	2.034915	9.718285
15765		-7.006809	1.951727	9.715346
15766		-7.091685	1.891716	9.714041
15767		-7.165079	1.833866	9.709652
15768		-7.230198	1.769772	9.698949
15769		-7.282403	1.677199	9.688297
15770		-7.324103	1.545575	9.672327
15771		-7.364654	1.382905	9.645607
15772		-7.399070	1.217749	9.617492
15773		-7.406710	1.028541	9.584060
15774		-7.402561	0.835040	9.558698
15775		-7.393614	0.621818	9.525987
15776		-7.395397	0.419006	9.485702
15777		-7.418724	0.219968	9.457860
15778		-7.457995	0.021329	9.425043
15779		-7.500993	-0.183713	9.386223
15780		-7.540112	-0.377770	9.349701
15781		-7.567891	-0.563625	9.313197
15782		-7.591910	-0.741151	9.280416
15783		-7.612237	-0.919590	9.252533
15784		-7.637057	-1.083563	9.222124
15785		-7.635510	-1.248858	9.188285
15786		-7.603595	-1.401473	9.149586
15787		-7.533623	-1.572865	9.119958
15788		-7.449049	-1.746097	9.075835
15789		-7.343683	-1.927121	9.039961
15790		-7.228030	-2.099391	8.998617
15791		-7.084329	-2.271532	8.970241
15792		-6.940437	-2.439103	8.951005
15793		-6.793254	-2.614899	8.930221
15794		-6.650699	-2.811455	8.907425
15795		-6.506394	-3.001278	8.874837
15796		-6.388841	-3.153547	8.850157
15797		-6.365471	-3.312396	8.787434
15798		-6.450109	-3.515792	8.687658
15799		-6.597055	-3.862227	8.563844
15800		-6.821608	-4.301644	8.405090
15801		-6.914434	-4.875519	8.375737
15802		-7.060508	-5.551575	8.353052
15803		-7.223600	-6.367995	8.329946
15804		-7.399154	-7.314339	8.323363
15805		-7.598598	-8.411511	8.341025
15806		-7.873517	-9.659339	8.380380
15807		-8.181807	-11.104379	8.522289
15808		-8.485022	-12.736163	8.718574
15809		-8.768598	-14.531905	8.948301
15810		-9.082089	-16.524373	9.219011
15811		-9.407660	-18.711837	9.513283
15812		-9.701139	-21.134797	9.796071
15813		-9.900082	-23.783568	10.003513
15814		-9.914532	-26.623029	10.071918
15815		-9.740317	-29.653739	9.950077
15816		-9.352256	-32.858217	9.723269
15817		-9.009029	-36.228474	9.503706
15818		-8.891242	-39.776987	9.276922
15819		-8.621887	-43.331312	8.981909
15820		-8.320181	-47.051485	8.777345
15821		-7.690485	-50.779421	8.516908
15822		-6.425814	-54.382863	8.010857
15823		-4.699946	-57.784567	7.209858
15824		-2.623344	-60.812604	6.205781
15825		-0.369095	-63.181092	5.083315
15826		1.691689	-64.790934	3.989821
15827		3.148310	-64.725847	3.028958
15828		4.086275	-63.735289	2.312610
15829		4.983135	-62.455621	1.705751
15830		5.938056	-61.196284	1.082156
15831		6.872979	-59.942162	0.504838
15832		7.676411	-58.611189	0.016063
15833		8.251214	-57.104742	-0.320315
15834		8.535553	-55.355089	-0.440645
15835		8.503939	-53.280096	-0.297440
15836		8.206129	-50.911041	0.077296
15837		7.692010	-48.252338	0.641208
15838		7.058731	-45.423826	1.277483
15839		6.294235	-42.487039	1.934049
15840		5.416552	-39.523824	2.557172
15841		4.416686	-36.556196	3.153685
15842		3.318227	-33.615335	3.720345
15843		2.132658	-30.623928	4.255435
15844		0.946482	-27.554325	4.745973
15845		-0.192121	-24.374312	5.183529
15846		-1.275645	-21.152513	5.538954
15847		-2.361145	-17.908121	5.785110
15848		-3.451837	-14.710275	5.903972
15849		-4.544118	-11.525756	5.925843
15850		-5.619004	-8.352494	5.877031
15851		-6.681941	-5.150121	5.765865
15852		-7.719316	-1.961918	5.629976
15853		-8.730303	1.197370	5.521008
15854		-9.677142	4.261130	5.495952
15855		-10.559700	7.256513	5.578759
15856		-11.418778	10.165341	5.760987
15857		-12.301978	12.976465	6.015702
15858		-13.163643	15.623356	6.332893
15859		-13.947989	18.066814	6.717003
15860		-14.635716	20.252931	7.128291
15861		-15.192035	22.188865	7.511253
15862		-15.621662	23.827817	7.785378
15863		-16.015857	25.157822	7.840903
15864		-16.422733	26.138378	7.590854
15865		-16.844308	26.707496	7.034182
15866		-17.192087	26.844835	6.271650
15867		-17.103803	26.599882	5.525563
15868		-15.980539	25.945610	5.052882
15869		-13.283454	24.569254	5.056468
15870		-10.403328	22.434166	4.872748
15871		-8.702744	20.446813	4.839226
15872		-7.350846	18.422901	5.138278
15873		-6.286365	15.930943	5.444880
15874		-5.503058	13.563422	5.645737
15875		-4.937641	11.523718	5.594362
15876		-4.749752	9.630631	5.543874
15877		-4.614822	7.889849	5.516941
15878		-4.488925	6.250599	5.537917
15879		-4.292744	4.831284	5.630376
15880		-4.136935	3.862226	5.741985
15881		-4.004208	3.088738	5.850923
15882		-3.860893	2.474235	5.918194
15883		-3.788318	1.964235	5.985583
15884		-3.830372	1.490498	6.016273
15885		-3.963051	1.020965	6.019102
15886		-4.231080	0.621710	5.995159
15887		-4.554156	0.217846	5.978256
15888		-4.952174	-0.174239	5.968080
15889		-5.382297	-0.574228	5.950376
15890		-5.816703	-0.932649	5.931472
15891		-6.247273	-1.251346	5.910213
15892		-6.673514	-1.517152	5.880307
15893		-7.060469	-1.754813	5.845555
15894		-7.403116	-1.957457	5.804246
15895		-7.701631	-2.152185	5.755656
15896		-7.976286	-2.328362	5.698191
15897		-8.244824	-2.501742	5.637287
15898		-8.490737	-2.667560	5.571660
15899		-8.681515	-2.834766	5.507541
15900		-8.814277	-2.999789	5.444281
15901		-8.914174	-3.160921	5.377500
15902		-8.998924	-3.309370	5.308320
15903		-9.067274	-3.452315	5.236190
15904		-9.122894	-3.578714	5.166418
15905		-9.164742	-3.695461	5.098445
15906		-9.189488	-3.795466	5.030731
15907		-9.191788	-3.901399	4.955658
15908		-9.168567	-4.000747	4.874414
15909		-9.093763	-4.096735	4.786454
15910		-8.969344	-4.178243	4.698726
15911		-8.788334	-4.261584	4.609228
15912		-8.581287	-4.330104	4.539020
15913		-8.354151	-4.391229	4.485333
15914		-8.102719	-4.426814	4.449356
15915		-7.826757	-4.452065	4.410820
15916		-7.525625	-4.465995	4.381374
15917		-7.217164	-4.490855	4.338948
15918		-6.891634	-4.525571	4.266802
15919		-6.554703	-4.570484	4.165666
15920		-6.246433	-4.594652	4.056740
15921		-5.961469	-4.640150	3.928480
15922		-5.770730	-4.774801	3.667509
15923		-5.554296	-4.971610	3.441826
15924		-5.287808	-5.218918	3.348014
15925		-5.124674	-5.545605	3.261880
15926		-5.049259	-5.971623	3.196795
15927		-5.055552	-6.504143	3.170023
15928		-5.138523	-7.154718	3.155362
15929		-5.265693	-7.918088	3.152506
15930		-5.449040	-8.793796	3.148138
15931		-5.640630	-9.830091	3.170341
15932		-5.871610	-11.036481	3.244752
15933		-6.101981	-12.410666	3.394563
15934		-6.313048	-13.949679	3.595553
15935		-6.473940	-15.610540	3.830685
15936		-6.560644	-17.448888	4.080365
15937		-6.588857	-19.486217	4.291433
15938		-6.567849	-21.743853	4.442104
15939		-6.445636	-24.190172	4.456375
15940		-6.150996	-26.818011	4.268503
15941		-5.602373	-29.612565	3.873182
15942		-4.829856	-32.562251	3.236598
15943		-3.990067	-35.655613	2.394055
15944		-2.941929	-38.855426	1.420538
15945		-1.984033	-42.216229	0.497638
15946		-1.244266	-45.637971	-0.419556
15947		-0.059904	-49.117852	-1.362069
15948		1.763183	-52.552703	-2.436705
15949		4.246904	-55.677381	-3.778949
15950		7.273459	-58.294686	-5.290906
15951		10.382165	-60.245063	-6.697198
15952		12.719823	-61.123549	-8.058001
15953		13.949903	-60.494168	-9.124941
15954		14.631545	-59.325319	-9.873273
15955		15.275758	-58.174402	-10.359106
15956		15.860346	-57.132523	-10.618314
15957		16.227788	-56.005568	-10.571609
15958		16.251333	-54.663331	-10.221738
15959		15.877313	-53.022444	-9.581839
15960		15.205377	-51.163017	-8.753348
15961		14.312978	-49.148975	-7.792098
15962		13.309487	-47.049700	-6.743198
15963		12.201574	-44.799347	-5.614600
15964		10.991866	-42.396954	-4.448956
15965		9.638496	-39.799651	-3.282702
15966		8.212219	-37.090250	-2.179168
15967		6.744214	-34.281965	-1.158574
15968		5.305155	-31.445880	-0.244617
15969		3.936750	-28.575307	0.556300
15970		2.692241	-25.689737	1.248767
15971		1.532462	-22.715590	1.826094
15972		0.415357	-19.650473	2.261885
15973		-0.721556	-16.487672	2.555648
15974		-1.843589	-13.317789	2.713915
15975		-2.925862	-10.153925	2.792664
15976		-3.952404	-7.038621	2.885951
15977		-4.970013	-3.954793	3.049900
15978		-6.030684	-0.954660	3.291976
15979		-7.180385	1.964202	3.588303
15980		-8.362021	4.715021	3.945012
15981		-9.549335	7.305055	4.374619
15982		-10.761163	9.725939	4.870153
15983		-12.082245	12.053075	5.371658
15984		-13.433074	14.324196	5.826915
15985		-14.667945	16.566956	6.192009
15986		-15.690489	18.661622	6.422827
15987		-16.437476	20.498668	6.479841
15988		-16.872462	21.974280	6.323123
15989		-17.064833	23.030768	5.848007
15990		-17.022239	23.649324	5.002884
15991		-16.736623	23.842505	3.831528
15992		-15.978381	23.646652	2.599002
15993		-13.793830	23.039475	2.142939
15994		-10.264562	21.350360	2.142160
15995		-8.534902	19.322347	2.347672
15996		-7.325709	17.553342	3.022200
15997		-6.186912	15.252086	3.531923
15998		-5.368349	12.918874	3.819177
15999		-4.828404	10.920877	3.838834
16000		-4.542957	9.169406	3.941933
16001		-4.388147	7.694491	4.132766
16002		-4.278384	6.456103	4.190997
16003		-4.136769	5.509314	4.164727
16004		-3.965658	4.888034	4.172505
16005		-3.759898	4.399027	4.157454
16006		-3.552108	4.034890	4.097475
16007		-3.402841	3.791765	4.040005
16008		-3.244029	3.595289	3.991002
16009		-3.107333	3.430754	3.910015
16010		-3.016068	3.310321	3.829902
16011		-2.958815	3.192537	3.746829
16012		-2.933936	3.059231	3.685434
16013		-2.946384	2.904220	3.645862
16014		-2.950610	2.767067	3.621279
16015		-2.932440	2.665336	3.602923
16016		-2.888702	2.633120	3.598313
16017		-2.818938	2.627824	3.603115
16018		-2.735862	2.631476	3.598773
16019		-2.642886	2.627065	3.593644
16020		-2.554009	2.610346	3.582386
16021		-2.473070	2.570105	3.560192
16022		-2.408862	2.532009	3.539278
16023		-2.348649	2.485850	3.511172
16024		-2.301632	2.446202	3.480643
16025		-2.255048	2.380923	3.453908
16026		-2.215129	2.293037	3.430127
16027		-2.167599	2.152494	3.394689
16028		-2.126611	1.976520	3.357886
16029		-2.084181	1.763848	3.314544
16030		-2.032390	1.548550	3.267469
16031		-1.965275	1.337591	3.203958
16032		-1.892126	1.144749	3.135715
16033		-1.813236	0.950657	3.073751
16034		-1.738373	0.761066	3.013553
16035		-1.686374	0.572561	2.956776
16036		-1.652039	0.387624	2.899501
16037		-1.633593	0.178368	2.844875
16038		-1.608331	-0.043635	2.789050
16039		-1.544809	-0.272389	2.747042
16040		-1.431074	-0.515139	2.698752
16041		-1.258563	-0.821009	2.649041
16042		-1.077466	-1.204195	2.549153
16043		-0.888794	-1.707931	2.404284
16044		-0.679400	-2.296110	2.225714
16045		-0.476868	-2.942919	2.028247
16046		-0.266606	-3.656005	1.838638
16047		-0.055285	-4.436067	1.667127
16048		0.117469	-5.274806	1.506450
16049		0.289533	-6.166616	1.375160
16050		0.470964	-7.110560	1.269926
16051		0.647269	-8.118520	1.176932
16052		0.870277	-9.234428	1.070521
16053		1.116661	-10.499389	0.964033
16054		1.385481	-11.885948	0.905577
16055		1.771429	-13.352191	0.800284
16056		2.232867	-14.910996	0.649728
16057		2.754385	-16.609150	0.435224
16058		3.313754	-18.506819	0.153575
16059		3.929052	-20.645099	-0.255637
16060		4.585398	-22.986956	-0.830545
16061		5.420762	-25.541398	-1.660349
16062		6.475402	-28.298123	-2.813690
16063		7.811830	-31.231518	-4.272576
16064		9.453407	-34.326601	-5.967709
16065		11.312181	-37.606309	-7.897790
16066		13.382348	-40.864442	-9.874511
16067		15.980596	-44.292744	-11.911542
16068		18.883087	-47.538480	-14.053227
16069		22.127879	-50.379032	-15.982789
16070		25.250171	-52.693227	-17.728189
16071		27.397590	-54.297103	-19.411587
16072		27.919882	-54.909868	-20.466670
16073		27.525770	-54.872198	-20.334628
16074		26.664010	-54.535140	-19.355142
16075		25.464854	-54.138903	-18.103054
16076		23.980403	-53.647289	-16.827844
16077		22.374004	-52.984816	-15.533643
16078		20.833907	-52.102870	-14.197047
16079		19.409648	-50.939587	-12.796858
16080		18.088031	-49.489264	-11.395945
16081		16.747078	-47.674612	-10.009917
16082		15.358050	-45.519327	-8.682656
16083		13.918475	-43.067512	-7.417425
16084		12.467561	-40.415146	-6.216415
16085		11.010730	-37.622013	-5.053811
16086		9.583209	-34.799364	-3.941351
16087		8.155767	-31.943080	-2.900883
16088		6.722765	-29.037798	-1.984754
16089		5.283685	-26.023448	-1.205891
16090		3.922088	-22.940661	-0.563274
16091		2.675516	-19.763492	-0.037723
16092		1.534369	-16.549157	0.362214
16093		0.416243	-13.329870	0.614305
16094		-0.707924	-10.185984	0.704004
16095		-1.826058	-7.106199	0.667226
16096		-2.879182	-4.094626	0.599357
16097		-3.881389	-1.129353	0.586405
16098		-4.892299	1.746458	0.660365
16099		-5.981917	4.545970	0.848474
16100		-7.116962	7.195614	1.189829
16101		-8.280320	9.718539	1.679299
16102		-9.457625	12.131479	2.263991
16103		-10.603148	14.475505	2.885607
16104		-11.607972	16.692569	3.498378
16105		-12.471795	18.725482	4.040776
16106		-13.222938	20.460588	4.451118
16107		-13.850161	21.850482	4.651161
16108		-14.329072	22.873615	4.589756
16109		-14.558865	23.530750	4.240243
16110		-14.431573	23.739790	3.626427
16111		-13.866591	23.466353	2.886113
16112		-12.121391	22.674408	2.578621
16113		-9.380343	20.799569	2.432663
16114		-8.066071	18.550248	2.484925
16115		-7.089996	16.622572	2.812550
16116		-6.111626	14.315882	3.187411
16117		-5.380707	12.017567	3.583776
16118		-4.893772	10.080740	3.844240
16119		-4.535730	8.457769	4.003483
16120		-4.346982	7.097748	4.096270
16121		-4.145421	5.798105	4.058703
16122		-3.836420	4.833125	3.974431
16123		-3.505845	4.128158	3.886014
16124		-3.208854	3.585424	3.785677
16125		-2.941138	3.134416	3.703612
16126		-2.717870	2.784954	3.631171
16127		-2.496550	2.455197	3.571442
16128		-2.331038	2.171684	3.500514
16129		-2.255741	1.940250	3.415135
16130		-2.207650	1.781691	3.356665
16131		-2.188195	1.683576	3.308494
16132		-2.187788	1.628688	3.274557
16133		-2.190573	1.588015	3.251561
16134		-2.179013	1.609319	3.241242
16135		-2.126507	1.676303	3.246599
16136		-2.050721	1.789006	3.265365
16137		-1.951369	1.925662	3.285948
16138		-1.857765	2.099118	3.315029
16139		-1.762708	2.267255	3.359842
16140		-1.689718	2.428146	3.405902
16141		-1.622713	2.538337	3.436347
16142		-1.568386	2.608277	3.455701
16143		-1.535842	2.594383	3.467894
16144		-1.515567	2.524726	3.484643
16145		-1.492706	2.406431	3.487650
16146		-1.452501	2.270314	3.483305
16147		-1.405657	2.095199	3.457448
16148		-1.336293	1.912253	3.427620
16149		-1.273640	1.709801	3.385750
16150		-1.226076	1.509975	3.330967
16151		-1.179275	1.297505	3.289496
16152		-1.153129	1.094149	3.256608
16153		-1.107295	0.872695	3.242323
16154		-1.045984	0.660104	3.212743
16155		-0.948533	0.421011	3.180727
16156		-0.814483	0.173074	3.143131
16157		-0.669283	-0.092803	3.086015
16158		-0.539861	-0.373638	3.017132
16159		-0.433081	-0.688161	2.903166
16160		-0.325427	-1.055620	2.746758
16161		-0.221796	-1.551465	2.579928
16162		-0.135057	-2.104426	2.395582
16163		-0.019763	-2.732309	2.212521
16164		0.105997	-3.406900	2.042366
16165		0.237017	-4.144790	1.892266
16166		0.377007	-4.947987	1.749515
16167		0.541933	-5.838232	1.624628
16168		0.706462	-6.782816	1.499403
16169		0.891384	-7.803046	1.384477
16170		1.063941	-8.887960	1.291655
16171		1.218683	-10.086601	1.227085
16172		1.343348	-11.409410	1.193716
16173		1.456358	-12.911034	1.207682
16174		1.548922	-14.535690	1.234284
16175		1.716221	-16.305207	1.275487
16176		1.918028	-18.198827	1.302249
16177		2.169780	-20.238893	1.277434
16178		2.454148	-22.443187	1.178674
16179		2.836525	-24.860282	0.957723
16180		3.428827	-27.442908	0.453951
16181		4.312952	-30.187198	-0.307814
16182		5.513663	-33.043227	-1.352820
16183		6.872915	-36.033265	-2.696342
16184		8.813731	-39.179825	-4.404864
16185		10.783189	-42.376633	-6.016697
16186		12.970261	-45.674601	-7.817172
16187		15.576843	-49.064067	-9.807544
16188		18.377906	-52.138055	-11.643592
16189		21.619665	-54.953067	-13.492337
16190		24.833121	-57.291031	-15.429058
16191		27.054709	-58.856023	-17.325800
16192		28.036278	-59.392291	-18.427298
16193		27.993472	-59.072165	-18.207864
16194		27.500635	-58.482465	-17.241907
16195		26.526108	-57.781963	-15.965391
16196		25.261637	-57.085509	-14.636368
16197		23.794373	-56.350955	-13.207087
16198		22.298906	-55.560462	-11.705059
16199		20.752843	-54.565032	-10.107287
16200		19.169552	-53.268872	-8.518858
16201		17.490276	-51.540914	-6.988625
16202		15.785119	-49.355651	-5.600452
16203		14.119945	-46.739185	-4.385490
16204		12.561509	-43.856403	-3.387178
16205		11.059681	-40.763605	-2.573063
16206		9.569533	-37.536852	-1.898986
16207		8.016784	-34.147664	-1.296431
16208		6.427960	-30.662211	-0.747739
16209		4.867538	-27.083316	-0.209207
16210		3.431098	-23.510789	0.354338
16211		2.081119	-19.920188	0.941395
16212		0.738710	-16.347947	1.456101
16213		-0.654019	-12.775234	1.825774
16214		-2.038875	-9.249589	2.029156
16215		-3.329765	-5.703781	2.102878
16216		-4.414854	-2.189137	2.197681
16217		-5.332159	1.305074	2.412883
16218		-6.185124	4.716318	2.713399
16219		-7.013479	8.079613	3.068256
16220		-7.749594	11.311088	3.507157
16221		-8.390711	14.357106	4.066437
16222		-8.977652	17.124381	4.747288
16223		-9.486566	19.618196	5.557201
16224		-9.722330	21.778802	6.450965
16225		-9.568992	23.574926	7.267490
16226		-9.223831	24.924624	7.768856
16227		-8.962271	25.739536	7.770436
16228		-8.732657	25.908288	7.278572
16229		-8.350964	25.388499	6.501751
16230		-7.658446	23.632797	5.797288
16231		-7.334761	21.250447	5.206085
16232		-6.944728	19.359392	4.904300
16233		-6.105646	17.225549	4.747525
16234		-5.429404	14.845124	5.041916
16235		-4.805062	12.827664	5.364056
16236		-4.314063	11.040033	5.523398
16237		-4.041145	9.356416	5.611812
16238		-3.890820	7.839464	5.651007
16239		-3.790293	6.463118	5.706333
16240		-3.707841	5.299968	5.832883
16241		-3.625197	4.467239	5.912661
16242		-3.729912	3.828008	5.973195
16243		-3.886201	3.244017	6.030216
16244		-4.113136	2.765931	6.064096
16245		-4.413525	2.351400	6.089811
16246		-4.763150	1.967031	6.085302
16247		-5.103681	1.633957	6.071447
16248		-5.404788	1.360867	6.044998
16249		-5.647970	1.153803	6.037494
16250		-5.814202	1.007101	6.035831
16251		-5.887857	0.899489	6.062964
16252		-5.896399	0.840104	6.106422
16253		-5.866164	0.776516	6.151102
16254		-5.800758	0.732944	6.183932
16255		-5.715279	0.682468	6.202198
16256		-5.631661	0.644290	6.207526
16257		-5.551769	0.598321	6.214675
16258		-5.465600	0.569037	6.207747
16259		-5.361413	0.536978	6.195711
16260		-5.219184	0.525797	6.168563
16261		-5.009994	0.520032	6.143957
16262		-4.767213	0.563639	6.136961
16263		-4.500327	0.621959	6.132943
16264		-4.225572	0.697559	6.147495
16265		-3.965538	0.765036	6.148881
16266		-3.734219	0.837045	6.164880
16267		-3.542908	0.881977	6.172956
16268		-3.396142	0.920802	6.183225
16269		-3.279759	0.929592	6.205038
16270		-3.187625	0.949677	6.217104
16271		-3.101823	0.942925	6.226462
16272		-3.032021	0.895371	6.233218
16273		-2.977798	0.790629	6.241169
16274		-2.934191	0.682041	6.224955
16275		-2.870138	0.556231	6.200492
16276		-2.778084	0.429728	6.159190
16277		-2.663831	0.251796	6.105411
16278		-2.547762	0.024986	6.040952
16279		-2.431977	-0.233708	5.968806
16280		-2.297168	-0.487126	5.888998
16281		-2.134056	-0.752940	5.788694
16282		-1.959869	-1.030918	5.685476
16283		-1.777632	-1.372561	5.561892
16284		-1.584718	-1.764908	5.452477
16285		-1.378802	-2.256029	5.367299
16286		-1.161497	-2.829655	5.342239
16287		-1.048504	-3.570772	5.256191
16288		-0.962500	-4.411476	5.144172
16289		-0.908060	-5.364061	5.041366
16290		-0.877859	-6.403779	4.956155
16291		-0.830332	-7.589451	4.867466
16292		-0.785597	-8.936039	4.828369
16293		-0.729920	-10.436688	4.841692
16294		-0.624178	-12.061308	4.889014
16295		-0.495570	-13.845660	4.936805
16296		-0.364122	-15.781555	5.011006
16297		-0.200597	-17.956901	5.060360
16298		0.050611	-20.393157	4.941781
16299		0.476636	-23.067732	4.581217
16300		1.171750	-25.929809	3.907994
16301		2.194120	-28.942106	2.908157
16302		3.367218	-32.060623	1.653998
16303		4.688856	-35.312395	0.173511
16304		6.249436	-38.722042	-1.420551
16305		7.733747	-42.110845	-2.955630
16306		9.827612	-45.508631	-4.504756
16307		12.312382	-48.631737	-6.052253
16308		15.237686	-51.363119	-7.599949
16309		18.305600	-53.659901	-9.247567
16310		20.485696	-55.074744	-10.897873
16311		21.484855	-55.438062	-12.019974
16312		21.609553	-55.029703	-12.268728
16313		21.390890	-54.409192	-11.844127
16314		20.930947	-53.818495	-11.027504
16315		20.200203	-53.292563	-10.033352
16316		19.200370	-52.767164	-8.955540
16317		17.990178	-52.087744	-7.784046
16318		16.705987	-51.153395	-6.563455
16319		15.385850	-49.857812	-5.331348
16320		14.051225	-48.203063	-4.153193
16321		12.697055	-46.171348	-3.042290
16322		11.393672	-43.886921	-2.037436
16323		10.130242	-41.377498	-1.103828
16324		8.915317	-38.729936	-0.246114
16325		7.667988	-35.915375	0.530566
16326		6.369055	-32.986446	1.209293
16327		5.005398	-29.908722	1.822414
16328		3.645301	-26.790863	2.379506
16329		2.307185	-23.607552	2.926956
16330		1.008689	-20.424885	3.438973
16331		-0.301444	-17.170855	3.870264
16332		-1.604699	-13.897156	4.182665
16333		-2.883415	-10.583231	4.372681
16334		-4.046468	-7.335188	4.485191
16335		-5.079062	-4.124088	4.577681
16336		-6.002517	-1.015177	4.700680
16337		-6.910816	2.057472	4.886128
16338		-7.827108	5.006339	5.147153
16339		-8.733164	7.836470	5.491810
16340		-9.614261	10.506315	5.916504
16341		-10.456831	13.105354	6.412967
16342		-11.201178	15.619873	6.983107
16343		-11.901207	18.043062	7.584756
16344		-12.582046	20.253123	8.148178
16345		-13.245443	22.180446	8.589480
16346		-13.834314	23.720355	8.835156
16347		-14.373412	24.854449	8.823729
16348		-14.932281	25.535945	8.514591
16349		-15.524736	25.758736	7.904669
16350		-16.165476	25.538981	7.061031
16351		-16.684572	24.977122	6.181963
16352		-16.329761	24.101936	5.715074
16353		-13.698082	22.774031	6.372555
16354		-10.801109	20.980568	7.004102
16355		-8.960871	19.165840	7.696521
16356		-7.429329	16.885989	8.367850
16357		-6.275692	14.286383	8.670665
16358		-5.498809	12.057818	8.628334
16359		-5.017550	10.047152	8.580040
16360		-4.675439	8.349379	8.751550
16361		-4.398472	6.893150	8.904063
16362		-4.170419	5.695985	8.930025
16363		-4.008587	4.883063	8.968271
16364		-3.847277	4.231768	8.962139
16365		-3.627426	3.702042	8.879754
16366		-3.387915	3.379902	8.809351
16367		-3.131388	3.119439	8.736917
16368		-2.888612	2.924393	8.658322
16369		-2.692754	2.770529	8.587970
16370		-2.556220	2.676873	8.523018
16371		-2.455785	2.612234	8.466305
16372		-2.407520	2.585404	8.420123
16373		-2.391712	2.555101	8.374516
16374		-2.384670	2.548429	8.342696
16375		-2.370349	2.580135	8.329414
16376		-2.350858	2.653459	8.333340
16377		-2.329858	2.733014	8.348054
16378		-2.315529	2.837860	8.374898
16379		-2.296661	2.932230	8.411385
16380		-2.280986	3.033244	8.447527
16381		-2.281656	3.082921	8.477665
16382		-2.314739	3.091578	8.493384
16383		-2.388544	3.040950	8.499083
16384		-2.524829	2.946612	8.509369
16385		-2.706233	2.809713	8.512148
16386		-2.895530	2.647846	8.514016
16387		-3.085988	2.456433	8.509370
16388		-3.264493	2.238484	8.508069
16389		-3.400504	2.011982	8.509637
16390		-3.495561	1.809625	8.502630
16391		-3.511516	1.630479	8.494806
16392		-3.459311	1.472040	8.504853
16393		-3.400289	1.350606	8.497300
16394		-3.344770	1.245034	8.479730
16395		-3.274818	1.111614	8.469093
16396		-3.204510	0.978157	8.431759
16397		-3.131778	0.833196	8.395707
16398		-3.043922	0.678751	8.366843
16399		-2.969030	0.516589	8.328467
16400		-2.896929	0.326730	8.293277
16401		-2.846403	0.094743	8.245948
16402		-2.825793	-0.155114	8.206249
16403		-2.831494	-0.423652	8.153625
16404		-2.855849	-0.719010	8.101905
16405		-2.897917	-1.034555	8.036163
16406		-2.913391	-1.404935	7.948065
16407		-2.879370	-1.855159	7.879065
16408		-2.861514	-2.415877	7.771389
16409		-2.853698	-3.059278	7.655697
16410		-2.876929	-3.768273	7.552614
16411		-2.931660	-4.550756	7.457517
16412		-2.999888	-5.407912	7.360165
16413		-3.069841	-6.356839	7.267783
16414		-3.137222	-7.385291	7.216202
16415		-3.239292	-8.510561	7.182407
16416		-3.411935	-9.731161	7.183403
16417		-3.636572	-11.102878	7.218415
16418		-3.974460	-12.636458	7.365830
16419		-4.332024	-14.305449	7.587747
16420		-4.703642	-16.084532	7.851506
16421		-5.057521	-18.011431	8.167368
16422		-5.382446	-20.107386	8.509657
16423		-5.697553	-22.443932	8.813851
16424		-5.957291	-24.992694	9.006847
16425		-6.061268	-27.715891	9.028531
16426		-5.946333	-30.618134	8.796227
16427		-5.603766	-33.675411	8.331386
16428		-5.163632	-36.840788	7.730903
16429		-4.727443	-40.080423	7.113417
16430		-4.359191	-43.388761	6.579710
16431		-4.093290	-46.857068	6.114682
16432		-3.719669	-50.376429	5.770617
16433		-2.894338	-53.784553	5.324451
16434		-1.449063	-57.071223	4.652647
16435		0.507092	-60.089704	3.827852
16436		2.798092	-62.608791	2.953329
16437		5.134431	-64.590275	2.067189
16438		6.898223	-65.301025	1.010236
16439		7.769385	-64.548910	0.265043
16440		8.612137	-63.390445	-0.393433
16441		9.454474	-62.168468	-0.959452
16442		10.385294	-61.042392	-1.483325
16443		11.165232	-59.816795	-1.873404
16444		11.664796	-58.396496	-2.084244
16445		11.770809	-56.591703	-2.002010
16446		11.558314	-54.453576	-1.668227
16447		11.067713	-52.041709	-1.135443
16448		10.383002	-49.465011	-0.497895
16449		9.542567	-46.740166	0.182637
16450		8.599183	-43.880527	0.854736
16451		7.550307	-40.844493	1.505101
16452		6.430609	-37.690450	2.112625
16453		5.260388	-34.427368	2.674307
16454		4.061578	-31.104598	3.167414
16455		2.793787	-27.682626	3.597573
16456		1.485649	-24.234592	3.989222
16457		0.152233	-20.734867	4.386975
16458		-1.178344	-17.239246	4.785027
16459		-2.512331	-13.714085	5.151747
16460		-3.817317	-10.210359	5.453152
16461		-5.045150	-6.697194	5.704375
16462		-6.123324	-3.238795	5.948276
16463		-7.062904	0.188706	6.195176
16464		-7.891902	3.538238	6.435833
16465		-8.686640	6.789144	6.652093
16466		-9.447575	9.856455	6.830162
16467		-10.168922	12.755714	6.971392
16468		-10.843053	15.447419	7.068674
16469		-11.467175	17.963754	7.132780
16470		-12.069408	20.271619	7.157025
16471		-12.701991	22.361013	7.100231
16472		-13.344038	24.159545	6.930591
16473		-14.002683	25.640206	6.614713
16474		-14.640263	26.773594	6.136169
16475		-15.222537	27.557234	5.504663
16476		-15.775389	27.961001	4.775842
16477		-16.299019	27.970709	4.053102
16478		-16.712666	27.603882	3.450205
16479		-16.761136	26.945109	3.145078
16480		-15.862894	26.006686	3.457648
16481		-13.608744	24.550462	4.513574
16482		-11.214962	23.049756	5.547563
16483		-9.371951	21.153884	6.521798
16484		-7.858340	18.706349	7.332448
16485		-6.887928	16.244408	7.750994
16486		-6.232709	14.114125	7.719059
16487		-5.951841	12.183446	7.621039
16488		-5.797804	10.381471	7.739016
16489		-5.628937	8.807343	7.876035
16490		-5.522293	7.441342	7.939316
16491		-5.344431	6.261891	7.949738
16492		-5.044653	5.405328	7.944972
16493		-4.695024	4.731193	7.888852
16494		-4.360176	4.218342	7.817807
16495		-4.005048	3.850528	7.748499
16496		-3.688660	3.605699	7.694807
16497		-3.435649	3.434360	7.626620
16498		-3.237668	3.310081	7.577461
16499		-3.103646	3.222699	7.546131
16500		-3.015476	3.146850	7.517106
16501		-2.973957	3.073993	7.491125
16502		-2.948838	3.021091	7.463178
16503		-2.932421	2.979468	7.451558
16504		-2.923835	2.962461	7.442784
16505		-2.906459	2.942125	7.448683
16506		-2.884084	2.935724	7.465990
16507		-2.851202	2.917573	7.476418
16508		-2.808726	2.916776	7.493368
16509		-2.753073	2.936150	7.511384
16510		-2.702768	2.972839	7.531696
16511		-2.657418	2.994241	7.547541
16512		-2.630437	3.014333	7.557560
16513		-2.598620	3.007521	7.558883
16514		-2.564218	2.996824	7.561730
16515		-2.525827	2.961910	7.562051
16516		-2.488875	2.930351	7.557703
16517		-2.442838	2.881269	7.554642
16518		-2.389513	2.820062	7.557186
16519		-2.329833	2.756578	7.544720
16520		-2.261520	2.700728	7.537533
16521		-2.190453	2.630844	7.539004
16522		-2.137138	2.547874	7.530638
16523		-2.083507	2.446490	7.517504
16524		-2.026908	2.335206	7.498232
16525		-1.959873	2.187331	7.476859
16526		-1.875285	2.028176	7.446797
16527		-1.790517	1.853320	7.398214
16528		-1.692870	1.638172	7.349279
16529		-1.587509	1.407438	7.292994
16530		-1.467083	1.158472	7.225884
16531		-1.352333	0.872658	7.153709
16532		-1.236731	0.564796	7.069221
16533		-1.122399	0.231561	6.976069
16534		-0.991722	-0.112913	6.878268
16535		-0.844099	-0.489234	6.766771
16536		-0.646533	-0.901514	6.671304
16537		-0.434625	-1.377762	6.559719
16538		-0.181150	-1.927989	6.472518
16539		0.086098	-2.614875	6.387331
16540		0.309266	-3.399587	6.238452
16541		0.531204	-4.292760	6.088733
16542		0.746608	-5.288499	5.951346
16543		0.930285	-6.448454	5.810427
16544		1.081964	-7.725449	5.720804
16545		1.174830	-9.131008	5.689432
16546		1.169882	-10.688856	5.684496
16547		1.079452	-12.417504	5.716913
16548		0.897621	-14.363309	5.791282
16549		0.736228	-16.545541	5.915670
16550		0.684529	-18.969856	5.993474
16551		0.728349	-21.670118	5.963812
16552		0.964266	-24.662179	5.643984
16553		1.529740	-27.868577	5.000605
16554		2.340412	-31.182243	4.081736
16555		3.243495	-34.570401	2.991977
16556		4.642453	-38.113664	1.786442
16557		5.861218	-41.678368	0.739141
16558		7.473828	-45.262067	-0.419962
16559		9.486340	-48.556183	-1.567260
16560		11.798210	-51.404231	-2.629696
16561		14.410086	-53.745524	-3.678476
16562		16.580815	-55.159934	-5.321476
16563		18.321937	-55.387403	-7.515916
16564		19.705848	-54.762976	-9.466069
16565		20.993101	-53.848713	-10.876813
16566		22.044880	-52.941836	-11.775452
16567		22.681935	-52.099350	-12.271227
16568		22.816936	-51.312676	-12.386435
16569		22.484648	-50.542130	-12.088577
16570		21.778929	-49.750232	-11.386270
16571		20.711558	-48.844007	-10.313004
16572		19.305892	-47.733083	-8.973388
16573		17.620521	-46.318578	-7.471369
16574		15.803992	-44.559413	-5.946351
16575		13.955276	-42.433220	-4.497754
16576		12.151884	-40.030250	-3.194366
16577		10.399396	-37.419883	-2.041705
16578		8.714227	-34.713206	-1.037030
16579		7.069954	-31.915420	-0.160570
16580		5.470532	-29.052895	0.571940
16581		3.887562	-26.113293	1.139985
16582		2.345176	-23.112806	1.537753
16583		0.880715	-20.022117	1.832808
16584		-0.477327	-16.865288	2.065557
16585		-1.779644	-13.647944	2.241155
16586		-3.052183	-10.456672	2.325746
16587		-4.281425	-7.299519	2.348423
16588		-5.415396	-4.208421	2.351851
16589		-6.459873	-1.144292	2.382028
16590		-7.420063	1.848772	2.468984
16591		-8.324198	4.765206	2.610113
16592		-9.191887	7.578608	2.807090
16593		-10.030061	10.330911	3.093505
16594		-10.799135	12.989257	3.510267
16595		-11.460299	15.574638	4.093038
16596		-11.966380	18.050870	4.850436
16597		-12.311544	20.382435	5.705495
16598		-12.480569	22.454110	6.547106
16599		-12.506311	24.182553	7.238890
16600		-12.541006	25.471607	7.654803
16601		-12.703211	26.337913	7.748251
16602		-12.914635	26.812183	7.584417
16603		-13.033717	26.932069	7.276317
16604		-13.001963	26.711442	6.917465
16605		-12.811831	26.195297	6.562210
16606		-12.291886	25.413592	6.291486
16607		-11.067453	24.203799	6.273086
16608		-9.493110	22.327453	6.384397
16609		-8.116595	20.495659	6.625217
16610		-6.886842	18.139241	7.064253
16611		-5.991656	15.429898	7.505179
16612		-5.359198	13.125648	7.735069
16613		-4.810313	11.207064	7.586929
16614		-4.667120	9.452088	7.564678
16615		-4.560076	7.883320	7.706212
16616		-4.422345	6.490398	7.747850
16617		-4.301916	5.317847	7.758570
16618		-4.188156	4.589709	7.781445
16619		-4.053448	3.985249	7.796665
16620		-3.903399	3.485168	7.780309
16621		-3.743551	3.092461	7.767896
16622		-3.637213	2.799631	7.756937
16623		-3.560203	2.525656	7.735455
16624		-3.510830	2.295559	7.720119
16625		-3.485154	2.103823	7.695160
16626		-3.451751	1.930828	7.655664
16627		-3.422572	1.784083	7.610634
16628		-3.368605	1.686127	7.558411
16629		-3.295087	1.659225	7.529458
16630		-3.206727	1.719657	7.520132
16631		-3.108551	1.803372	7.526932
16632		-3.013451	1.890712	7.530461
16633		-2.915263	1.965016	7.537591
16634		-2.809838	2.045323	7.543474
16635		-2.713454	2.127834	7.547067
16636		-2.625849	2.210175	7.550819
16637		-2.546941	2.284012	7.552029
16638		-2.484148	2.332838	7.547581
16639		-2.432112	2.361203	7.544277
16640		-2.377624	2.385454	7.534309
16641		-2.320221	2.390652	7.518132
16642		-2.271805	2.387491	7.494128
16643		-2.234166	2.359850	7.467564
16644		-2.199235	2.331676	7.442643
16645		-2.160070	2.295929	7.407646
16646		-2.119607	2.256832	7.365499
16647		-2.067814	2.211285	7.327756
16648		-2.022003	2.170636	7.294352
16649		-1.975693	2.127662	7.262798
16650		-1.922909	2.075104	7.239552
16651		-1.874870	1.996585	7.206381
16652		-1.822825	1.904650	7.179429
16653		-1.775194	1.775223	7.144861
16654		-1.722596	1.616612	7.114170
16655		-1.675035	1.413453	7.078230
16656		-1.633841	1.161629	7.031788
16657		-1.582613	0.875460	6.977621
16658		-1.520697	0.560488	6.920224
16659		-1.442069	0.213025	6.860987
16660		-1.348389	-0.148724	6.798112
16661		-1.241001	-0.560058	6.723699
16662		-1.116209	-1.012515	6.645758
16663		-0.971511	-1.532763	6.565107
16664		-0.797263	-2.141609	6.506176
16665		-0.670284	-2.870644	6.413248
16666		-0.553583	-3.700855	6.303236
16667		-0.443935	-4.646827	6.198245
16668		-0.348627	-5.713436	6.098162
16669		-0.330231	-6.948844	6.018378
16670		-0.388286	-8.301875	5.997245
16671		-0.504997	-9.801464	6.060720
16672		-0.682256	-11.455744	6.165513
16673		-0.844245	-13.286298	6.332157
16674		-1.028382	-15.339007	6.553201
16675		-1.187735	-17.618411	6.761647
16676		-1.322654	-20.154500	6.913117
16677		-1.259300	-22.983707	6.826996
16678		-1.005933	-26.126330	6.471756
16679		-0.506088	-29.476945	5.759612
16680		0.281123	-32.921000	4.755829
16681		1.236227	-36.507127	3.595676
16682		2.158150	-40.177893	2.532192
16683		2.942935	-43.815747	1.569148
16684		4.076510	-47.596501	0.578919
16685		5.373005	-51.337162	-0.504177
16686		7.431619	-54.911217	-2.093028
16687		10.293689	-58.185999	-3.981325
16688		13.599106	-60.743012	-5.914345
16689		16.584131	-62.392265	-7.790348
16690		18.110722	-62.280193	-9.111767
16691		18.463496	-61.006255	-9.677593
16692		18.777033	-59.505882	-9.987886
16693		19.068281	-58.100004	-10.147752
16694		19.305454	-56.845942	-10.196586
16695		19.215318	-55.564652	-10.045207
16696		18.746903	-54.159935	-9.659848
16697		17.891459	-52.539780	-8.973519
16698		16.737498	-50.709166	-8.037917
16699		15.333356	-48.616179	-6.911083
16700		13.765844	-46.273100	-5.713229
16701		12.102700	-43.683733	-4.532829
16702		10.450571	-40.938531	-3.448007
16703		8.823993	-38.054429	-2.485037
16704		7.222046	-35.112605	-1.680400
16705		5.583945	-32.072999	-1.029807
16706		3.939552	-28.926932	-0.547168
16707		2.330212	-25.648136	-0.192073
16708		0.827679	-22.313402	0.100329
16709		-0.572281	-18.956618	0.360453
16710		-1.893320	-15.636852	0.578851
16711		-3.174370	-12.330210	0.766056
16712		-4.386933	-9.079221	0.952812
16713		-5.515909	-5.843679	1.172099
16714		-6.560846	-2.633013	1.445300
16715		-7.546994	0.596073	1.782245
16716		-8.467203	3.804062	2.177906
16717		-9.303872	6.993438	2.642292
16718		-10.036197	10.094215	3.178570
16719		-10.711602	13.074320	3.748639
16720		-11.373463	15.831022	4.316350
16721		-12.075563	18.312409	4.832545
16722		-12.806129	20.472433	5.265772
16723		-13.516847	22.343733	5.554894
16724		-14.132963	23.924681	5.618204
16725		-14.642096	25.162378	5.352393
16726		-15.174940	25.950235	4.681028
16727		-15.728493	26.248181	3.688754
16728		-15.934717	26.041812	2.666228
16729		-15.153240	25.368745	2.165710
16730		-12.314439	23.787527	2.655194
16731		-10.143931	21.684776	3.103778
16732		-8.875385	19.823395	3.978930
16733		-7.647343	17.595587	4.783593
16734		-6.804570	15.154933	5.329374
16735		-6.205006	13.027965	5.464081
16736		-5.872054	11.103785	5.466027
16737		-5.720879	9.341318	5.568190
16738		-5.612316	7.802085	5.636848
16739		-5.522026	6.415383	5.623575
16740		-5.303345	5.310204	5.630945
16741		-5.057973	4.525118	5.635524
16742		-4.840537	3.892014	5.604462
16743		-4.594210	3.378821	5.543633
16744		-4.329502	2.987023	5.477814
16745		-4.091257	2.664920	5.389724
16746		-3.884644	2.405581	5.303752
16747		-3.718937	2.208772	5.220258
16748		-3.592625	2.053127	5.138135
16749		-3.505899	1.919892	5.053272
16750		-3.434328	1.820506	4.975085
16751		-3.371899	1.735333	4.911593
16752		-3.305898	1.687084	4.865478
16753		-3.225947	1.655728	4.821099
16754		-3.141696	1.664647	4.792843
16755		-3.056956	1.701563	4.775870
16756		-2.976221	1.773225	4.770491
16757		-2.896571	1.864131	4.777137
16758		-2.822548	1.974763	4.797006
16759		-2.747939	2.077174	4.809736
16760		-2.680059	2.149729	4.825401
16761		-2.595942	2.172264	4.849239
16762		-2.523126	2.164195	4.853422
16763		-2.444395	2.118633	4.847572
16764		-2.350271	2.053068	4.841472
16765		-2.253435	1.960047	4.821994
16766		-2.146642	1.834497	4.809450
16767		-2.041298	1.689748	4.785679
16768		-1.935068	1.540462	4.762718
16769		-1.809414	1.378998	4.736272
16770		-1.680379	1.224143	4.697108
16771		-1.556791	1.041276	4.667184
16772		-1.452666	0.848507	4.625685
16773		-1.325037	0.619348	4.592547
16774		-1.192140	0.366119	4.546787
16775		-1.066666	0.081191	4.493678
16776		-0.963252	-0.236907	4.404507
16777		-0.827034	-0.623339	4.312477
16778		-0.751644	-1.062911	4.167371
16779		-0.631591	-1.605132	4.032309
16780		-0.527020	-2.192634	3.916256
16781		-0.418603	-2.842632	3.796636
16782		-0.320577	-3.556429	3.686885
16783		-0.235826	-4.331360	3.593594
16784		-0.149937	-5.162712	3.514605
16785		-0.063561	-6.055841	3.453008
16786		0.015413	-7.014396	3.410097
16787		0.085384	-8.071179	3.378766
16788		0.147781	-9.217424	3.356573
16789		0.229915	-10.468921	3.331243
16790		0.321090	-11.844742	3.291974
16791		0.366024	-13.390837	3.293539
16792		0.408025	-15.077576	3.304886
16793		0.446826	-16.906915	3.313549
16794		0.444404	-18.865365	3.296421
16795		0.453069	-21.002108	3.228549
16796		0.559169	-23.347411	3.115220
16797		0.825814	-25.906904	2.848687
16798		1.298342	-28.624098	2.369879
16799		1.998696	-31.462541	1.646094
16800		2.854872	-34.477474	0.644157
16801		4.149747	-37.703021	-0.673363
16802		5.591890	-41.011033	-1.974726
16803		6.967520	-44.395353	-3.343201
16804		8.799858	-47.984043	-4.953677
16805		10.995449	-51.598584	-6.637822
16806		13.570709	-54.893636	-8.496881
16807		16.751075	-57.907185	-10.622564
16808		20.200639	-60.342820	-12.934812
16809		23.282661	-61.851434	-15.680516
16810		25.233890	-61.941994	-18.129357
16811		25.907589	-60.992944	-19.267338
16812		26.151485	-59.840837	-19.555521
16813		25.970379	-58.742469	-19.212305
16814		25.440620	-57.764435	-18.512659
16815		24.446482	-56.792971	-17.458001
16816		23.093853	-55.757674	-16.108597
16817		21.448407	-54.507549	-14.461702
16818		19.643308	-52.976648	-12.641476
16819		17.734238	-51.069411	-10.758890
16820		15.841889	-48.803457	-8.976381
16821		14.025180	-46.222351	-7.378275
16822		12.324544	-43.435511	-6.001947
16823		10.703077	-40.465211	-4.828715
16824		9.123197	-37.356426	-3.845243
16825		7.524374	-34.116921	-3.007141
16826		5.924205	-30.865362	-2.279414
16827		4.301548	-27.615392	-1.608516
16828		2.671702	-24.340524	-0.958043
16829		1.059014	-20.994206	-0.297588
16830		-0.493703	-17.648001	0.348184
16831		-1.989657	-14.308667	0.950743
16832		-3.384707	-11.019813	1.482180
16833		-4.645895	-7.753713	1.953199
16834		-5.719043	-4.531210	2.393833
16835		-6.600124	-1.307975	2.876254
16836		-7.292742	1.879769	3.442524
16837		-7.829806	5.017632	4.095456
16838		-8.146277	8.024070	4.870037
16839		-8.196655	10.860922	5.780732
16840		-8.050416	13.474253	6.797964
16841		-7.816699	15.875591	7.885040
16842		-7.559343	18.029902	9.011436
16843		-7.357091	19.925770	10.127118
16844		-7.278818	21.510961	11.142671
16845		-7.369079	22.786745	11.950787
16846		-7.673241	23.755121	12.466058
16847		-8.179393	24.477429	12.613783
16848		-8.733496	24.925341	12.380388
16849		-9.163249	24.973888	11.812201
16850		-9.285964	24.554224	11.070696
16851		-8.264514	23.240972	10.803369
16852		-7.285268	20.894535	10.767141
16853		-6.782807	18.801600	11.127014
16854		-6.125410	16.851767	11.407546
16855		-5.516908	14.598619	11.688942
16856		-5.115608	12.610784	11.801274
16857		-4.898016	10.873677	11.775739
16858		-4.836693	9.306118	11.729658
16859		-4.899489	7.957361	11.684402
16860		-4.919366	6.742649	11.627659
16861		-4.730789	5.665128	11.591940
16862		-4.412797	4.846135	11.559259
16863		-4.096121	4.151528	11.520024
16864		-3.767643	3.571578	11.467698
16865		-3.432868	3.086260	11.423172
16866		-3.141549	2.713216	11.382508
16867		-2.939952	2.381319	11.341646
16868		-2.826660	2.108578	11.310017
16869		-2.779300	1.876373	11.268009
16870		-2.759945	1.668100	11.223244
16871		-2.770382	1.498513	11.174037
16872		-2.790533	1.367371	11.129587
16873		-2.810620	1.264444	11.105900
16874		-2.806067	1.216793	11.084829
16875		-2.748467	1.219519	11.059069
16876		-2.644916	1.303898	11.048522
16877		-2.517207	1.442851	11.049527
16878		-2.397164	1.629557	11.079288
16879		-2.290177	1.833033	11.138046
16880		-2.203478	2.047628	11.209264
16881		-2.118473	2.238446	11.274438
16882		-2.042705	2.384162	11.320416
16883		-1.987083	2.453756	11.355570
16884		-1.951263	2.484593	11.386622
16885		-1.918418	2.460267	11.405442
16886		-1.885887	2.395592	11.412180
16887		-1.853358	2.289115	11.417812
16888		-1.822205	2.150368	11.428805
16889		-1.807437	1.983128	11.422266
16890		-1.792606	1.810498	11.408492
16891		-1.766613	1.609685	11.400332
16892		-1.740190	1.401483	11.377013
16893		-1.701260	1.163836	11.364157
16894		-1.685128	0.935655	11.340600
16895		-1.672200	0.676813	11.322262
16896		-1.667109	0.421545	11.293645
16897		-1.622615	0.118735	11.265039
16898		-1.567338	-0.198410	11.215585
16899		-1.480893	-0.577500	11.180075
16900		-1.386353	-1.009091	11.143801
16901		-1.312096	-1.512673	11.078877
16902		-1.234036	-2.067288	10.982882
16903		-1.170405	-2.690504	10.897848
16904		-1.124696	-3.362844	10.809322
16905		-1.088475	-4.099528	10.728688
16906		-1.067333	-4.881512	10.656706
16907		-1.061023	-5.733725	10.596482
16908		-1.053455	-6.648507	10.552567
16909		-1.035741	-7.639930	10.517310
16910		-0.993280	-8.685675	10.490671
16911		-0.908271	-9.842488	10.457726
16912		-0.794322	-11.122501	10.388471
16913		-0.695905	-12.561670	10.337256
16914		-0.582315	-14.096939	10.302113
16915		-0.400957	-15.756228	10.251798
16916		-0.211945	-17.524922	10.183201
16917		-0.017206	-19.468155	10.081461
16918		0.178244	-21.621049	9.914265
16919		0.396752	-23.957196	9.632274
16920		0.649987	-26.464997	9.232311
16921		1.026302	-29.152509	8.673804
16922		1.548802	-32.042891	7.882663
16923		2.130328	-35.071432	6.934581
16924		2.920117	-38.302690	5.772254
16925		3.807746	-41.673979	4.606411
16926		4.553217	-45.068547	3.474376
16927		5.562700	-48.634847	2.227952
16928		6.767718	-52.338973	0.894905
16929		8.307502	-55.857275	-0.652658
16930		10.602004	-59.102325	-2.541290
16931		13.542576	-61.896378	-4.759456
16932		16.727103	-64.070886	-7.437412
16933		19.782761	-65.531482	-10.773406
16934		22.047535	-65.375191	-13.773717
16935		23.296816	-64.210794	-15.650078
16936		24.183840	-62.820334	-16.654493
16937		24.587734	-61.457311	-16.978800
16938		24.566672	-60.226156	-16.839662
16939		23.993751	-59.000172	-16.215696
16940		22.946125	-57.707964	-15.149571
16941		21.473607	-56.220872	-13.646278
16942		19.732317	-54.495045	-11.833478
16943		17.809099	-52.469804	-9.840152
16944		15.826835	-50.143486	-7.837523
16945		13.838675	-47.475361	-5.958685
16946		11.918943	-44.523756	-4.327784
16947		10.084481	-41.335559	-2.964171
16948		8.355039	-38.027078	-1.850996
16949		6.693122	-34.619480	-0.926572
16950		5.128159	-31.176486	-0.178264
16951		3.636826	-27.661639	0.428520
16952		2.228008	-24.118873	0.913408
16953		0.840022	-20.513172	1.316307
16954		-0.553165	-16.931650	1.647969
16955		-1.948573	-13.372019	1.934408
16956		-3.255154	-9.905077	2.208727
16957		-4.436019	-6.479286	2.497713
16958		-5.488761	-3.112714	2.793714
16959		-6.482270	0.268042	3.059887
16960		-7.419182	3.625011	3.280169
16961		-8.207170	6.971311	3.532670
16962		-8.812021	10.237493	3.901031
16963		-9.308025	13.387365	4.386669
16964		-9.707539	16.306848	4.992966
16965		-9.965263	18.973713	5.752516
16966		-10.067771	21.316459	6.666330
16967		-10.063879	23.294040	7.666231
16968		-9.904993	24.830791	8.617218
16969		-9.594961	25.923639	9.295356
16970		-9.391499	26.554027	9.438932
16971		-9.480503	26.675062	8.939610
16972		-9.453231	26.198898	8.087607
16973		-8.495662	24.945259	7.565001
16974		-7.494781	22.803919	7.278696
16975		-6.918691	20.799529	7.385646
16976		-6.128958	18.637125	7.800157
16977		-5.536999	16.147365	8.333472
16978		-5.041797	13.884919	8.673706
16979		-4.680298	11.931596	8.666834
16980		-4.560600	10.149981	8.634112
16981		-4.427073	8.540185	8.625179
16982		-4.267997	7.048438	8.600707
16983		-4.077805	5.743002	8.614606
16984		-3.804539	4.874808	8.599348
16985		-3.562335	4.190450	8.564507
16986		-3.329447	3.653413	8.523458
16987		-3.097898	3.239737	8.486839
16988		-2.916555	2.920440	8.462721
16989		-2.767257	2.624388	8.419290
16990		-2.671059	2.396672	8.377467
16991		-2.603230	2.218317	8.345391
16992		-2.569091	2.069774	8.305757
16993		-2.552856	1.926541	8.261533
16994		-2.542789	1.823388	8.218255
16995		-2.526226	1.763305	8.173193
16996		-2.485283	1.763975	8.139575
16997		-2.431046	1.796187	8.123824
16998		-2.373011	1.880625	8.114974
16999		-2.308756	1.990096	8.124338
17000		-2.256059	2.137066	8.152360
17001		-2.200679	2.282019	8.186997
17002		-2.162401	2.410924	8.224133
17003		-2.140088	2.455961	8.257412
17004		-2.135795	2.437509	8.302153
17005		-2.159829	2.354550	8.335046
17006		-2.183420	2.228270	8.371064
17007		-2.198670	2.042814	8.386920
17008		-2.205909	1.828376	8.392153
17009		-2.191555	1.570464	8.392025
17010		-2.176178	1.317527	8.385211
17011		-2.157869	1.052764	8.360372
17012		-2.135131	0.808761	8.341284
17013		-2.102546	0.564980	8.303986
17014		-2.066011	0.338424	8.262598
17015		-2.000035	0.096721	8.234552
17016		-1.931358	-0.124285	8.191219
17017		-1.834063	-0.356308	8.144365
17018		-1.720808	-0.580490	8.078522
17019		-1.569424	-0.849007	8.012164
17020		-1.423374	-1.146114	7.942763
17021		-1.297432	-1.487973	7.837678
17022		-1.176101	-1.857016	7.719393
17023		-1.058141	-2.285667	7.597181
17024		-0.955995	-2.753855	7.471069
17025		-0.859709	-3.289131	7.366616
17026		-0.783806	-3.861385	7.288419
17027		-0.733895	-4.498684	7.234558
17028		-0.703397	-5.181944	7.204112
17029		-0.662053	-5.945173	7.185971
17030		-0.624153	-6.750254	7.181886
17031		-0.580061	-7.622746	7.188507
17032		-0.540984	-8.548626	7.209458
17033		-0.514112	-9.555923	7.231847
17034		-0.509924	-10.632651	7.242983
17035		-0.491538	-11.838246	7.243211
17036		-0.525133	-13.148090	7.268867
17037		-0.621093	-14.584950	7.314806
17038		-0.764072	-16.155006	7.388162
17039		-0.918684	-17.849464	7.488402
17040		-1.032897	-19.688931	7.545152
17041		-1.111958	-21.725343	7.567136
17042		-1.135574	-23.966765	7.534115
17043		-1.059340	-26.432212	7.390565
17044		-0.887150	-29.078454	7.104632
17045		-0.548131	-31.911186	6.602417
17046		0.013208	-34.891547	5.809012
17047		0.744285	-38.016087	4.799268
17048		1.785725	-41.330601	3.656036
17049		2.645516	-44.722774	2.652525
17050		3.463001	-48.257877	1.560109
17051		4.670399	-51.901578	0.281486
17052		6.055545	-55.527212	-1.072283
17053		7.968755	-58.880140	-2.773974
17054		10.772928	-62.044119	-4.983585
17055		14.270533	-64.752559	-7.490221
17056		18.146460	-66.810457	-10.172125
17057		21.391952	-67.806881	-12.825351
17058		22.433189	-66.924085	-13.815716
17059		22.329283	-65.224735	-13.729699
17060		21.849075	-63.282922	-13.078707
17061		21.315974	-61.392184	-12.270450
17062		20.705290	-59.589953	-11.423819
17063		19.888261	-57.763713	-10.506137
17064		18.853250	-55.854083	-9.520980
17065		17.582601	-53.728530	-8.411874
17066		16.155837	-51.342456	-7.195455
17067		14.595484	-48.654413	-5.909872
17068		12.976219	-45.728331	-4.669453
17069		11.292537	-42.563262	-3.502198
17070		9.604348	-39.236431	-2.457030
17071		7.920093	-35.731005	-1.517183
17072		6.277551	-32.187590	-0.703058
17073		4.621301	-28.611862	0.012367
17074		2.966677	-25.106923	0.663601
17075		1.314290	-21.618899	1.292707
17076		-0.312008	-18.191358	1.903534
17077		-1.923090	-14.692527	2.456267
17078		-3.444295	-11.183241	2.882794
17079		-4.820364	-7.665552	3.163936
17080		-5.998208	-4.233787	3.359124
17081		-6.976307	-0.855243	3.551591
17082		-7.803731	2.410480	3.782355
17083		-8.564489	5.645583	4.033898
17084		-9.244850	8.801907	4.308886
17085		-9.841890	11.898546	4.608050
17086		-10.336746	14.850775	4.945778
17087		-10.768423	17.641995	5.344866
17088		-11.147660	20.161926	5.813009
17089		-11.518656	22.379680	6.333180
17090		-11.899291	24.238854	6.850613
17091		-12.220820	25.756705	7.277391
17092		-12.476850	26.929150	7.461122
17093		-12.792625	27.730892	7.287694
17094		-13.145887	28.046377	6.803215
17095		-13.244500	27.793066	6.281846
17096		-12.119203	26.911091	6.493565
17097		-9.822718	24.805924	7.096899
17098		-8.492325	22.483708	7.862433
17099		-7.385704	20.277799	8.648427
17100		-6.407602	17.805387	9.018829
17101		-5.890168	15.366879	9.083929
17102		-5.569645	13.203499	8.857259
17103		-5.493941	11.161684	8.817580
17104		-5.453520	9.373390	8.942313
17105		-5.454950	7.780421	9.019419
17106		-5.473554	6.355668	9.060050
17107		-5.339346	5.309002	9.155010
17108		-5.178852	4.512353	9.241388
17109		-5.016072	3.839166	9.265409
17110		-4.831969	3.308629	9.263020
17111		-4.587034	2.846154	9.227279
17112		-4.382639	2.477858	9.182203
17113		-4.216810	2.177845	9.134965
17114		-4.116161	1.990622	9.108610
17115		-4.026897	1.826580	9.074020
17116		-3.968795	1.733418	9.040955
17117		-3.900100	1.664787	9.003069
17118		-3.828336	1.663338	8.971598
17119		-3.740809	1.687669	8.947404
17120		-3.651627	1.754380	8.937991
17121		-3.538400	1.841805	8.943543
17122		-3.428033	1.959698	8.962103
17123		-3.325662	2.069256	8.984991
17124		-3.239916	2.195885	9.009415
17125		-3.157602	2.304877	9.033642
17126		-3.090817	2.422380	9.060497
17127		-3.027757	2.501620	9.079723
17128		-2.978322	2.564072	9.092083
17129		-2.942674	2.578671	9.100567
17130		-2.929114	2.564447	9.110956
17131		-2.922170	2.496487	9.126917
17132		-2.908240	2.422485	9.119170
17133		-2.864332	2.329430	9.101971
17134		-2.820797	2.249506	9.077089
17135		-2.767783	2.160500	9.058589
17136		-2.716197	2.073768	9.038140
17137		-2.674127	1.976993	9.017398
17138		-2.634457	1.861714	9.004171
17139		-2.598089	1.734498	8.979745
17140		-2.552429	1.585238	8.966328
17141		-2.514513	1.401226	8.938331
17142		-2.479464	1.196287	8.913826
17143		-2.448055	0.940182	8.893909
17144		-2.441713	0.664052	8.871201
17145		-2.465983	0.358870	8.848073
17146		-2.522264	0.031045	8.827299
17147		-2.601124	-0.327035	8.790734
17148		-2.673563	-0.698782	8.741037
17149		-2.705386	-1.113601	8.674890
17150		-2.677429	-1.556127	8.608201
17151		-2.554003	-2.133178	8.560230
17152		-2.482015	-2.790367	8.456270
17153		-2.395944	-3.530677	8.350262
17154		-2.311911	-4.344329	8.240031
17155		-2.229623	-5.235694	8.106921
17156		-2.127698	-6.200533	7.985074
17157		-2.023672	-7.261546	7.898386
17158		-1.929045	-8.426648	7.824264
17159		-1.869859	-9.735395	7.756161
17160		-1.861417	-11.174922	7.760322
17161		-1.893321	-12.743392	7.840129
17162		-2.001157	-14.474570	7.985591
17163		-2.169936	-16.357284	8.167726
17164		-2.418201	-18.431273	8.407488
17165		-2.676398	-20.706566	8.632921
17166		-2.902861	-23.188675	8.783374
17167		-3.061816	-25.883938	8.830844
17168		-3.063298	-28.784010	8.698314
17169		-2.863846	-31.855855	8.314680
17170		-2.525430	-35.053191	7.680237
17171		-1.852638	-38.376720	6.900479
17172		-1.356814	-41.794169	6.223739
17173		-0.996925	-45.266733	5.558888
17174		-0.275753	-48.817466	4.863676
17175		0.735536	-52.310867	4.048559
17176		2.282886	-55.687119	2.894343
17177		4.409686	-58.818975	1.406204
17178		7.052322	-61.409306	-0.395919
17179		9.987857	-63.347589	-2.447754
17180		12.506922	-63.928417	-4.740346
17181		13.803929	-62.770614	-6.180616
17182		14.926483	-61.113006	-7.237999
17183		15.967171	-59.378698	-8.011318
17184		16.993705	-57.831288	-8.636724
17185		17.723821	-56.358462	-9.030194
17186		18.033166	-54.908930	-9.173444
17187		17.822575	-53.325032	-8.958611
17188		17.158327	-51.556264	-8.369742
17189		16.083349	-49.507103	-7.395719
17190		14.747193	-47.227389	-6.163064
17191		13.236240	-44.742342	-4.795205
17192		11.650016	-42.154122	-3.443870
17193		9.974219	-39.433791	-2.167448
17194		8.254480	-36.613190	-1.020656
17195		6.519501	-33.657239	-0.017008
17196		4.820689	-30.602969	0.827775
17197		3.141008	-27.422432	1.532752
17198		1.526246	-24.184823	2.141595
17199		0.006794	-20.909301	2.709129
17200		-1.410499	-17.665593	3.257230
17201		-2.747147	-14.447794	3.777456
17202		-3.999831	-11.302475	4.238353
17203		-5.182277	-8.173180	4.615355
17204		-6.257090	-5.085039	4.936420
17205		-7.194032	-1.979713	5.252093
17206		-7.981045	1.097886	5.589002
17207		-8.657856	4.145721	5.939024
17208		-9.220670	7.098558	6.314514
17209		-9.724025	9.942434	6.710148
17210		-10.160800	12.622130	7.156817
17211		-10.505362	15.156515	7.697865
17212		-10.775064	17.491849	8.356742
17213		-11.003141	19.603330	9.110718
17214		-11.188929	21.434573	9.921883
17215		-11.336218	22.981279	10.709852
17216		-11.428241	24.219527	11.370739
17217		-11.474537	25.169333	11.818590
17218		-11.525190	25.824927	11.960331
17219		-11.634054	26.157277	11.736009
17220		-11.901619	26.149829	11.145116
17221		-12.140363	25.774900	10.388602
17222		-11.719231	24.939965	9.827628
17223		-9.982704	23.264155	9.698609
17224		-8.596536	21.245500	9.563687
17225		-7.547757	19.175188	9.717838
17226		-6.594160	16.789471	10.004402
17227		-5.939191	14.478647	10.287194
17228		-5.508984	12.536155	10.292669
17229		-5.406117	10.782819	10.301410
17230		-5.437975	9.259033	10.420379
17231		-5.567164	7.924013	10.538788
17232		-5.756076	6.711900	10.553365
17233		-5.814519	5.726696	10.582223
17234		-5.795341	5.045024	10.673077
17235		-5.752224	4.487315	10.738252
17236		-5.693344	4.010096	10.747784
17237		-5.597349	3.602971	10.770342
17238		-5.482931	3.252280	10.792355
17239		-5.405382	2.949030	10.791096
17240		-5.347288	2.686419	10.775921
17241		-5.288933	2.438574	10.760233
17242		-5.224565	2.200794	10.720446
17243		-5.149157	1.953052	10.662152
17244		-5.057125	1.740772	10.604823
17245		-4.925829	1.546582	10.548954
17246		-4.750524	1.399052	10.488690
17247		-4.542757	1.294445	10.429549
17248		-4.309274	1.247240	10.376256
17249		-4.056746	1.232735	10.340034
17250		-3.816937	1.271020	10.317124
17251		-3.588411	1.341480	10.304823
17252		-3.398573	1.437156	10.299348
17253		-3.241164	1.528438	10.310759
17254		-3.113860	1.628025	10.328013
17255		-3.006536	1.723968	10.351419
17256		-2.929907	1.811542	10.372199
17257		-2.875802	1.876375	10.411747
17258		-2.840080	1.917044	10.436832
17259		-2.812849	1.900833	10.468861
17260		-2.794447	1.847770	10.501623
17261		-2.788067	1.757859	10.530751
17262		-2.790983	1.649518	10.553929
17263		-2.811867	1.518544	10.575369
17264		-2.834322	1.373003	10.591966
17265		-2.878391	1.215912	10.604079
17266		-2.933573	1.051307	10.595319
17267		-2.958797	0.875944	10.572837
17268		-2.970973	0.698050	10.529198
17269		-2.945991	0.512037	10.485304
17270		-2.900398	0.334691	10.429775
17271		-2.837089	0.133155	10.385797
17272		-2.785225	-0.098293	10.340750
17273		-2.748178	-0.367089	10.299579
17274		-2.734567	-0.664954	10.240868
17275		-2.730801	-0.988675	10.170663
17276		-2.721338	-1.349885	10.099085
17277		-2.690162	-1.755691	10.020131
17278		-2.567793	-2.256536	9.958602
17279		-2.426602	-2.881309	9.852704
17280		-2.237575	-3.583965	9.725442
17281		-2.010336	-4.364574	9.593873
17282		-1.799573	-5.214430	9.428768
17283		-1.561850	-6.151983	9.271004
17284		-1.331109	-7.184970	9.126381
17285		-1.107810	-8.352896	8.981931
17286		-0.960224	-9.632638	8.894006
17287		-0.847170	-11.073546	8.858441
17288		-0.816926	-12.667216	8.867534
17289		-0.858493	-14.452645	8.931268
17290		-0.966975	-16.387158	9.045515
17291		-1.092633	-18.540395	9.189870
17292		-1.204905	-20.898455	9.279288
17293		-1.276946	-23.467029	9.288582
17294		-1.261179	-26.250151	9.128058
17295		-1.082923	-29.253466	8.714442
17296		-0.710240	-32.469533	8.053986
17297		-0.106082	-35.842679	7.162226
17298		0.836820	-39.436227	6.096116
17299		1.652007	-43.099538	5.126714
17300		2.486606	-46.899638	4.070427
17301		3.736735	-50.814500	2.821717
17302		5.124639	-54.720521	1.527791
17303		6.857856	-58.327899	-0.016281
17304		9.196272	-61.581656	-1.931465
17305		12.050740	-64.193383	-4.043824
17306		15.222124	-66.171879	-6.348271
17307		17.732528	-66.882795	-8.742096
17308		18.579358	-65.522216	-9.723051
17309		19.344092	-63.754523	-10.206741
17310		20.152438	-62.193511	-10.404357
17311		20.652243	-60.786039	-10.463779
17312		20.510281	-59.287600	-10.284936
17313		19.713107	-57.528059	-9.670801
17314		18.483872	-55.487320	-8.541975
17315		16.999260	-53.142477	-6.983578
17316		15.387014	-50.502467	-5.246031
17317		13.692398	-47.571094	-3.585804
17318		12.021601	-44.396594	-2.174227
17319		10.462586	-41.020997	-1.027397
17320		9.070124	-37.575102	-0.118793
17321		7.793186	-34.122558	0.593141
17322		6.567037	-30.705507	1.140390
17323		5.313946	-27.247399	1.572901
17324		4.034782	-23.761808	1.945541
17325		2.750699	-20.208831	2.326669
17326		1.496759	-16.677723	2.724931
17327		0.237733	-13.152314	3.092960
17328		-1.021824	-9.662082	3.346982
17329		-2.231362	-6.165792	3.467423
17330		-3.266292	-2.732452	3.518006
17331		-4.114911	0.626871	3.574121
17332		-4.864575	3.844540	3.666917
17333		-5.572973	6.945792	3.832992
17334		-6.220601	9.887808	4.091859
17335		-6.824242	12.658073	4.428918
17336		-7.376898	15.201502	4.847772
17337		-7.871027	17.501392	5.372482
17338		-8.241802	19.529088	6.032201
17339		-8.314093	21.285298	6.811399
17340		-8.008115	22.722014	7.562889
17341		-7.599940	23.825589	7.999338
17342		-7.376390	24.431115	7.913269
17343		-7.205772	24.384000	7.380513
17344		-6.392543	23.124822	7.063828
17345		-5.567365	20.654153	7.013124
17346		-5.596374	18.483148	7.133214
17347		-5.115703	16.642725	7.144836
17348		-4.513739	14.279111	7.193712
17349		-4.058540	11.975544	7.431290
17350		-3.735040	9.965156	7.540374
17351		-3.505048	8.124472	7.506415
17352		-3.338828	6.467999	7.361746
17353		-3.190697	4.962850	7.316997
17354		-2.907491	3.942895	7.249217
17355		-2.654418	3.255948	7.216374
17356		-2.451440	2.691568	7.190100
17357		-2.303420	2.274415	7.150601
17358		-2.222409	1.945628	7.140479
17359		-2.203528	1.639674	7.131146
17360		-2.258002	1.372067	7.129224
17361		-2.356865	1.141735	7.126115
17362		-2.451229	0.958315	7.109955
17363		-2.519305	0.786672	7.100150
17364		-2.577329	0.701047	7.094119
17365		-2.587669	0.678414	7.103353
17366		-2.554600	0.746180	7.102653
17367		-2.508150	0.875441	7.121348
17368		-2.453884	1.050595	7.151207
17369		-2.390366	1.232493	7.190712
17370		-2.321937	1.433663	7.234669
17371		-2.246922	1.606977	7.279870
17372		-2.188830	1.737115	7.315395
17373		-2.141629	1.818555	7.340635
17374		-2.115406	1.853229	7.351594
17375		-2.088830	1.852529	7.353173
17376		-2.041075	1.834558	7.346586
17377		-1.981329	1.799298	7.334222
17378		-1.911874	1.740891	7.310265
17379		-1.846372	1.658774	7.289849
17380		-1.774379	1.563189	7.285276
17381		-1.702953	1.464632	7.262202
17382		-1.639222	1.356955	7.233604
17383		-1.577789	1.213568	7.216013
17384		-1.527742	1.065618	7.185230
17385		-1.457190	0.890905	7.164088
17386		-1.387509	0.711783	7.139615
17387		-1.313069	0.516685	7.115070
17388		-1.252143	0.311421	7.086956
17389		-1.187654	0.083921	7.054983
17390		-1.102209	-0.166830	7.027935
17391		-1.009571	-0.434459	6.988632
17392		-0.915526	-0.720988	6.949878
17393		-0.829465	-1.051872	6.889336
17394		-0.711566	-1.450508	6.837552
17395		-0.638089	-1.945430	6.759855
17396		-0.570095	-2.507600	6.666887
17397		-0.514080	-3.136655	6.583995
17398		-0.465781	-3.836937	6.520387
17399		-0.436126	-4.619541	6.466031
17400		-0.424473	-5.478092	6.420490
17401		-0.434788	-6.414344	6.393387
17402		-0.484132	-7.412895	6.397780
17403		-0.489691	-8.490914	6.429241
17404		-0.473779	-9.649639	6.459107
17405		-0.423885	-10.896249	6.480363
17406		-0.331883	-12.259816	6.489612
17407		-0.245524	-13.765809	6.506839
17408		-0.134997	-15.405022	6.520865
17409		0.041808	-17.206890	6.521205
17410		0.302244	-19.156574	6.410365
17411		0.632044	-21.265652	6.185692
17412		1.025439	-23.587165	5.845782
17413		1.518417	-26.122693	5.379502
17414		2.139954	-28.806243	4.713557
17415		2.926619	-31.639476	3.788929
17416		3.826250	-34.636089	2.620186
17417		5.014278	-37.829423	1.188213
17418		6.428327	-41.172458	-0.318447
17419		7.707846	-44.531595	-1.853108
17420		9.380491	-48.062844	-3.657816
17421		11.486188	-51.621110	-5.648578
17422		14.037567	-54.897626	-7.782635
17423		17.354037	-57.825519	-10.095577
17424		21.267156	-60.318605	-12.482944
17425		25.059047	-62.124470	-14.938374
17426		27.114650	-62.772039	-16.893073
17427		26.951003	-62.165924	-17.192366
17428		26.055452	-61.157916	-16.421101
17429		24.948156	-60.140218	-14.998466
17430		23.724289	-59.150983	-13.413391
17431		22.200305	-58.061188	-11.792026
17432		20.481703	-56.790381	-10.236782
17433		18.679826	-55.231732	-8.715965
17434		16.915384	-53.357161	-7.256554
17435		15.194622	-51.105993	-5.882169
17436		13.521595	-48.472849	-4.683644
17437		11.830430	-45.392095	-3.674165
17438		10.196858	-41.982871	-2.890503
17439		8.656727	-38.399242	-2.291997
17440		7.223830	-34.816600	-1.828401
17441		5.827168	-31.279022	-1.443402
17442		4.412220	-27.831614	-1.099660
17443		2.944994	-24.402132	-0.764234
17444		1.502073	-20.975222	-0.407657
17445		0.115486	-17.515448	-0.043328
17446		-1.205853	-14.070900	0.242181
17447		-2.471270	-10.648242	0.420070
17448		-3.650699	-7.299973	0.519866
17449		-4.726868	-3.977151	0.664985
17450		-5.666542	-0.703369	0.952008
17451		-6.496451	2.533469	1.384415
17452		-7.216645	5.699016	1.912088
17453		-7.748873	8.774150	2.519357
17454		-8.026352	11.634143	3.228995
17455		-8.143943	14.208548	4.006596
17456		-8.237460	16.427702	4.817685
17457		-8.355519	18.285348	5.637521
17458		-8.460276	19.796689	6.407991
17459		-8.565877	21.014338	7.044395
17460		-8.649521	21.860657	7.485737
17461		-8.658938	22.298944	7.678194
17462		-8.580821	22.289567	7.654471
17463		-8.209070	21.548527	7.690728
17464		-7.385805	19.812308	8.172705
17465		-6.936802	17.342931	9.070321
17466		-6.295885	15.425895	9.826271
17467		-5.459717	13.424109	10.089545
17468		-4.826603	11.235212	10.195666
17469		-4.511328	9.147789	10.253074
17470		-4.151959	7.257633	10.214535
17471		-3.878866	5.610687	10.157287
17472		-3.491268	4.265640	10.088347
17473		-3.105798	3.258508	9.971580
17474		-2.783079	2.498807	9.859298
17475		-2.479432	1.923696	9.766512
17476		-2.224964	1.561029	9.732946
17477		-2.035723	1.312512	9.699092
17478		-1.906253	1.161247	9.683654
17479		-1.826810	1.043210	9.659031
17480		-1.805971	0.960888	9.653960
17481		-1.830816	0.920292	9.658383
17482		-1.879717	0.932602	9.679615
17483		-1.954058	0.958769	9.722196
17484		-2.034918	0.984901	9.770845
17485		-2.089624	0.989198	9.828298
17486		-2.152224	1.015741	9.876014
17487		-2.185799	1.038843	9.915965
17488		-2.198539	1.069786	9.941515
17489		-2.197724	1.080558	9.971294
17490		-2.202033	1.088763	9.980826
17491		-2.194984	1.070571	9.979100
17492		-2.182987	1.044618	9.977242
17493		-2.172758	1.004732	9.974546
17494		-2.161975	0.954164	9.970226
17495		-2.145884	0.880935	9.968459
17496		-2.120394	0.799308	9.960929
17497		-2.084705	0.695603	9.957765
17498		-2.046872	0.584938	9.955124
17499		-1.986702	0.440135	9.963966
17500		-1.945250	0.286423	9.951386
17501		-1.925209	0.113250	9.936186
17502		-1.930791	-0.080785	9.917343
17503		-1.931086	-0.320901	9.918565
17504		-1.963171	-0.594609	9.897700
17505		-1.998393	-0.923385	9.860273
17506		-2.011870	-1.270051	9.809817
17507		-2.012061	-1.636031	9.762265
17508		-2.019450	-2.005890	9.714193
17509		-2.005309	-2.420615	9.671300
17510		-2.002804	-2.866643	9.605284
17511		-1.992363	-3.342489	9.536392
17512		-1.978758	-3.837657	9.466067
17513		-1.970138	-4.385552	9.399606
17514		-1.961029	-4.975217	9.340711
17515		-1.939932	-5.640592	9.283088
17516		-1.915958	-6.348065	9.226419
17517		-1.884835	-7.114107	9.174875
17518		-1.845317	-7.934379	9.128996
17519		-1.794113	-8.833304	9.089410
17520		-1.752196	-9.794177	9.066278
17521		-1.713566	-10.809617	9.066790
17522		-1.691925	-11.869895	9.094750
17523		-1.697736	-13.001049	9.143167
17524		-1.759865	-14.211446	9.211734
17525		-1.884864	-15.536610	9.304109
17526		-2.099239	-16.990288	9.419274
17527		-2.381600	-18.557288	9.597100
17528		-2.739148	-20.223590	9.833120
17529		-3.114830	-22.026838	10.088801
17530		-3.482072	-23.947309	10.336891
17531		-3.798311	-26.008644	10.507582
17532		-4.004222	-28.218311	10.590714
17533		-4.083988	-30.624940	10.507919
17534		-3.992232	-33.182045	10.234784
17535		-3.691759	-35.876321	9.770355
17536		-3.156528	-38.717942	9.077870
17537		-2.434344	-41.703540	8.272401
17538		-1.750958	-44.770525	7.468538
17539		-1.101627	-48.053680	6.548582
17540		-0.130207	-51.467090	5.417945
17541		1.071651	-54.914633	4.304766
17542		2.585024	-58.224902	3.072219
17543		4.756982	-61.310519	1.535655
17544		7.767223	-64.102969	-0.339193
17545		11.371824	-66.418893	-2.479631
17546		15.218911	-68.167617	-5.148810
17547		18.049668	-68.264453	-7.826272
17548		19.287634	-66.968869	-9.411501
17549		20.053497	-65.227643	-10.218841
17550		20.520554	-63.424540	-10.496091
17551		20.838126	-61.723542	-10.479100
17552		20.783005	-60.035126	-10.207306
17553		20.204725	-58.208234	-9.633220
17554		19.155589	-56.160518	-8.754661
17555		17.798848	-53.895151	-7.619619
17556		16.310440	-51.455586	-6.337749
17557		14.769476	-48.817819	-5.020681
17558		13.279305	-46.024220	-3.825791
17559		11.791605	-43.056507	-2.788033
17560		10.284054	-39.964782	-1.922048
17561		8.699785	-36.733645	-1.182265
17562		7.059546	-33.397133	-0.543962
17563		5.409344	-29.977383	0.029098
17564		3.865729	-26.590046	0.580445
17565		2.396666	-23.218911	1.125029
17566		0.945527	-19.914461	1.623788
17567		-0.534306	-16.631621	2.025166
17568		-1.950817	-13.418374	2.307626
17569		-3.233521	-10.232077	2.496773
17570		-4.342627	-7.081781	2.624763
17571		-5.360870	-3.904118	2.704281
17572		-6.336914	-0.761663	2.720384
17573		-7.254107	2.324506	2.719997
17574		-8.048462	5.264123	2.767492
17575		-8.749031	8.064772	2.887059
17576		-9.387332	10.692127	3.110298
17577		-10.036102	13.167948	3.465681
17578		-10.701511	15.437481	3.988877
17579		-11.312075	17.497726	4.693481
17580		-11.725952	19.293170	5.548009
17581		-11.905235	20.819723	6.415929
17582		-11.943616	22.046045	7.120099
17583		-11.925450	22.933379	7.537162
17584		-11.783960	23.332192	7.652276
17585		-11.409294	23.149130	7.581215
17586		-9.927556	22.124751	7.868344
17587		-8.354689	19.940242	8.185595
17588		-7.396143	17.782158	8.640936
17589		-6.448403	15.829885	8.962835
17590		-5.592560	13.594898	9.188379
17591		-5.060059	11.453441	9.370105
17592		-4.722747	9.554096	9.503143
17593		-4.449989	7.837965	9.574781
17594		-4.313881	6.330878	9.607996
17595		-4.096364	5.020352	9.570405
17596		-3.916588	4.124154	9.561680
17597		-3.694957	3.399105	9.542652
17598		-3.489576	2.844698	9.507424
17599		-3.314921	2.435679	9.480643
17600		-3.192620	2.123326	9.458677
17601		-3.084311	1.873133	9.436273
17602		-3.031915	1.681026	9.401081
17603		-2.982608	1.491369	9.346294
17604		-2.946281	1.357073	9.282419
17605		-2.920846	1.255965	9.225325
17606		-2.898139	1.215775	9.190577
17607		-2.879987	1.214813	9.168027
17608		-2.863217	1.280468	9.163096
17609		-2.844827	1.355368	9.174970
17610		-2.818676	1.457955	9.205151
17611		-2.785038	1.546669	9.248791
17612		-2.760396	1.639293	9.279452
17613		-2.733663	1.713284	9.307137
17614		-2.704506	1.783413	9.324742
17615		-2.656716	1.828074	9.333101
17616		-2.591327	1.841595	9.336627
17617		-2.529320	1.804229	9.337893
17618		-2.477663	1.750474	9.325604
17619		-2.430774	1.662568	9.311413
17620		-2.380496	1.538750	9.307027
17621		-2.339888	1.367902	9.300154
17622		-2.318268	1.171986	9.300117
17623		-2.303588	0.938215	9.301454
17624		-2.303568	0.718655	9.286445
17625		-2.301532	0.482869	9.278661
17626		-2.311537	0.276154	9.259600
17627		-2.308209	0.048163	9.239025
17628		-2.301350	-0.187211	9.214867
17629		-2.292776	-0.438282	9.178672
17630		-2.279458	-0.690298	9.132435
17631		-2.226978	-0.983221	9.081671
17632		-2.172630	-1.282409	9.013821
17633		-2.094275	-1.672573	8.928503
17634		-2.015629	-2.148480	8.827848
17635		-1.939208	-2.699681	8.702947
17636		-1.870938	-3.286534	8.575503
17637		-1.810778	-3.943111	8.451624
17638		-1.763859	-4.660528	8.326122
17639		-1.713366	-5.452056	8.230303
17640		-1.660130	-6.293342	8.152515
17641		-1.591239	-7.199347	8.085602
17642		-1.500806	-8.150875	8.029588
17643		-1.387431	-9.192771	7.990147
17644		-1.261606	-10.313948	7.953649
17645		-1.129387	-11.538937	7.915208
17646		-0.979117	-12.885279	7.865447
17647		-0.869524	-14.354278	7.829764
17648		-0.750464	-15.947580	7.809429
17649		-0.619833	-17.673245	7.795455
17650		-0.440342	-19.540746	7.735510
17651		-0.245288	-21.541419	7.629778
17652		0.001345	-23.718032	7.458074
17653		0.285707	-26.077594	7.188866
17654		0.670542	-28.591009	6.767793
17655		1.248851	-31.281254	6.124204
17656		2.040764	-34.174363	5.204636
17657		2.924019	-37.261065	4.059284
17658		4.064061	-40.546051	2.658182
17659		5.462837	-44.001481	1.131127
17660		6.715619	-47.529980	-0.477894
17661		8.300332	-51.187393	-2.353476
17662		10.179783	-54.912280	-4.413300
17663		12.591650	-58.338327	-6.776233
17664		16.105877	-61.458046	-9.609431
17665		20.356639	-64.008059	-12.606636
17666		24.431434	-65.758769	-15.527059
17667		27.031590	-66.620187	-17.995550
17668		27.184447	-66.010294	-18.598616
17669		26.263860	-64.865046	-17.883647
17670		25.050095	-63.688473	-16.399655
17671		23.718643	-62.593333	-14.638450
17672		22.230286	-61.499957	-12.864851
17673		20.561674	-60.256050	-11.134338
17674		18.838013	-58.779263	-9.477927
17675		17.128811	-57.000297	-7.856943
17676		15.493863	-54.916589	-6.300845
17677		13.887023	-52.509534	-4.827929
17678		12.316353	-49.826895	-3.506168
17679		10.759307	-46.855266	-2.328327
17680		9.274358	-43.676898	-1.308460
17681		7.857784	-40.289817	-0.419792
17682		6.504531	-36.804235	0.309601
17683		5.104809	-33.197644	0.887559
17684		3.656907	-29.576915	1.343381
17685		2.180545	-25.957874	1.778906
17686		0.730625	-22.432387	2.247263
17687		-0.726342	-18.958321	2.754499
17688		-2.179805	-15.586394	3.245732
17689		-3.636278	-12.265275	3.697787
17690		-5.029988	-9.015215	4.072926
17691		-6.280170	-5.774815	4.373082
17692		-7.301834	-2.594671	4.613693
17693		-8.123566	0.561809	4.785542
17694		-8.782268	3.619702	4.905758
17695		-9.292310	6.595206	5.030630
17696		-9.657298	9.405417	5.238489
17697		-9.915365	12.049459	5.569456
17698		-10.083319	14.464413	6.055461
17699		-10.200406	16.674208	6.698970
17700		-10.238894	18.642397	7.485283
17701		-10.165588	20.375616	8.340079
17702		-9.997087	21.800779	9.139000
17703		-9.778996	22.817450	9.759459
17704		-9.555755	23.335116	10.118657
17705		-9.267854	23.307270	10.241197
17706		-8.628843	22.670980	10.338275
17707		-7.419314	20.938643	10.691663
17708		-6.675919	18.412805	11.101511
17709		-5.991236	16.499031	11.415285
17710		-5.226823	14.521564	11.353192
17711		-4.674115	12.444373	11.211199
17712		-4.429211	10.584851	11.199232
17713		-4.152163	8.826302	11.294000
17714		-3.988669	7.320306	11.446768
17715		-3.939427	6.028834	11.511185
17716		-3.899350	5.030851	11.530675
17717		-3.874143	4.302945	11.598246
17718		-3.813081	3.686570	11.639696
17719		-3.745673	3.155855	11.623621
17720		-3.671183	2.775207	11.578647
17721		-3.554500	2.438204	11.528787
17722		-3.390260	2.158276	11.476927
17723		-3.247015	1.930357	11.425525
17724		-3.125382	1.742808	11.386839
17725		-3.032363	1.581955	11.351717
17726		-2.948201	1.478050	11.326679
17727		-2.865872	1.415710	11.309589
17728		-2.787733	1.407135	11.296829
17729		-2.703207	1.415836	11.291840
17730		-2.627057	1.460073	11.303604
17731		-2.548704	1.513886	11.305164
17732		-2.461467	1.619757	11.311383
17733		-2.358672	1.727634	11.325668
17734		-2.272183	1.847971	11.333123
17735		-2.195032	1.934085	11.333756
17736		-2.124376	2.027031	11.333864
17737		-2.068206	2.084558	11.331458
17738		-2.035627	2.115169	11.318013
17739		-1.997662	2.091849	11.300398
17740		-1.972012	2.045243	11.280449
17741		-1.936648	1.940916	11.273119
17742		-1.912682	1.834342	11.256136
17743		-1.883192	1.677001	11.255545
17744		-1.884129	1.513598	11.243588
17745		-1.893203	1.319983	11.240592
17746		-1.910247	1.129897	11.237730
17747		-1.925148	0.927313	11.229555
17748		-1.920986	0.734685	11.224870
17749		-1.903403	0.538000	11.201258
17750		-1.867095	0.355674	11.173644
17751		-1.798458	0.160236	11.152713
17752		-1.725231	-0.018059	11.119012
17753		-1.643541	-0.229450	11.082670
17754		-1.550989	-0.470914	11.061791
17755		-1.485644	-0.759629	11.011399
17756		-1.445512	-1.059657	10.956297
17757		-1.377198	-1.451018	10.908497
17758		-1.371235	-1.873682	10.819822
17759		-1.366255	-2.405445	10.741126
17760		-1.425026	-2.981766	10.678844
17761		-1.572920	-3.618197	10.618346
17762		-1.816456	-4.290869	10.575556
17763		-2.149616	-5.038524	10.543181
17764		-2.532448	-5.852375	10.517778
17765		-2.911017	-6.753656	10.507283
17766		-3.277951	-7.724696	10.504739
17767		-3.573984	-8.793963	10.520081
17768		-3.851769	-9.981060	10.550149
17769		-4.144290	-11.313813	10.612422
17770		-4.473683	-12.756135	10.744537
17771		-4.802119	-14.325375	10.917604
17772		-5.106760	-16.013113	11.128774
17773		-5.409211	-17.866509	11.408739
17774		-5.697328	-19.907851	11.688262
17775		-5.927370	-22.154011	11.891693
17776		-6.110227	-24.588227	11.983762
17777		-6.184522	-27.239882	11.936467
17778		-6.076324	-30.133266	11.721340
17779		-5.809592	-33.270188	11.313130
17780		-5.439161	-36.597312	10.757584
17781		-5.135893	-40.079900	10.179712
17782		-4.831399	-43.660199	9.666817
17783		-4.555611	-47.360467	9.248798
17784		-4.118867	-51.303504	8.807959
17785		-3.332910	-55.188282	8.260996
17786		-2.111029	-58.971943	7.635096
17787		-0.331191	-62.454732	6.740290
17788		1.872139	-65.553611	5.643434
17789		4.318168	-68.000538	4.255826
17790		6.816041	-69.891213	2.570904
17791		8.722766	-70.105449	0.703472
17792		9.435966	-68.497650	-0.192717
17793		10.455381	-66.566529	-0.896633
17794		11.576042	-64.660723	-1.512406
17795		12.704436	-62.870721	-2.179880
17796		13.506216	-60.981491	-2.807119
17797		13.855484	-58.857323	-3.251098
17798		13.772765	-56.484840	-3.396506
17799		13.294368	-53.851450	-3.175481
17800		12.558727	-51.014703	-2.641348
17801		11.622269	-47.999198	-1.854836
17802		10.571339	-44.891259	-0.959150
17803		9.396815	-41.718109	-0.038268
17804		8.091154	-38.571453	0.823877
17805		6.647236	-35.426588	1.592412
17806		5.152067	-32.295000	2.254962
17807		3.673170	-29.051610	2.857001
17808		2.281181	-25.726174	3.418044
17809		0.943294	-22.298411	3.912806
17810		-0.379840	-18.860954	4.266803
17811		-1.731975	-15.380916	4.454559
17812		-3.024485	-11.960791	4.517883
17813		-4.192565	-8.599097	4.534648
17814		-5.209833	-5.361829	4.552061
17815		-6.133630	-2.150898	4.609282
17816		-6.996771	1.037284	4.700907
17817		-7.827978	4.256872	4.809581
17818		-8.560273	7.387197	4.964989
17819		-9.210329	10.428422	5.178508
17820		-9.804901	13.288030	5.465194
17821		-10.371266	15.944695	5.832560
17822		-10.915136	18.302430	6.278926
17823		-11.462304	20.358939	6.780050
17824		-11.979915	22.109417	7.293168
17825		-12.480619	23.647902	7.729595
17826		-12.941520	24.940890	8.011735
17827		-13.420408	25.901310	8.053192
17828		-13.943600	26.449180	7.800962
17829		-14.347496	26.540191	7.349040
17830		-14.352440	26.203517	6.928594
17831		-12.896732	25.407251	7.333544
17832		-10.247204	23.461507	8.030195
17833		-8.722225	21.452087	8.809753
17834		-7.579290	19.546915	9.621341
17835		-6.617436	17.276071	10.053387
17836		-6.122892	15.052621	10.186667
17837		-5.892583	13.064066	10.082726
17838		-5.932225	11.227194	10.138950
17839		-6.049800	9.591973	10.322793
17840		-6.223589	8.190386	10.456713
17841		-6.472911	6.920548	10.496431
17842		-6.620703	5.875350	10.560206
17843		-6.629199	5.124957	10.706148
17844		-6.614545	4.531156	10.823073
17845		-6.590815	3.960111	10.882417
17846		-6.561675	3.485842	10.932819
17847		-6.536838	3.065410	10.962780
17848		-6.537286	2.676964	10.965812
17849		-6.565837	2.335588	10.960245
17850		-6.626946	2.032905	10.949950
17851		-6.711672	1.740825	10.931067
17852		-6.806872	1.472825	10.902910
17853		-6.898449	1.228382	10.877792
17854		-6.995001	1.030638	10.853924
17855		-7.072907	0.850709	10.828390
17856		-7.112260	0.705014	10.808970
17857		-7.119166	0.550902	10.794998
17858		-7.118438	0.415781	10.780619
17859		-7.114684	0.283830	10.766655
17860		-7.100956	0.176304	10.749959
17861		-7.051327	0.070059	10.728900
17862		-6.980248	-0.022496	10.709660
17863		-6.892624	-0.130153	10.686293
17864		-6.812959	-0.231828	10.663823
17865		-6.742433	-0.342653	10.644706
17866		-6.676353	-0.435269	10.627674
17867		-6.591569	-0.532993	10.608216
17868		-6.500095	-0.612163	10.595186
17869		-6.409353	-0.682459	10.579998
17870		-6.332808	-0.726522	10.576601
17871		-6.255275	-0.778233	10.568337
17872		-6.163159	-0.811661	10.564203
17873		-6.061243	-0.838148	10.557401
17874		-5.951443	-0.855037	10.554841
17875		-5.819279	-0.871851	10.550603
17876		-5.680178	-0.878682	10.536341
17877		-5.526159	-0.891755	10.533644
17878		-5.376233	-0.901345	10.529464
17879		-5.235869	-0.941992	10.511341
17880		-5.103658	-0.999662	10.498420
17881		-4.976655	-1.086587	10.485368
17882		-4.852473	-1.188427	10.444743
17883		-4.732404	-1.363397	10.413849
17884		-4.673151	-1.570801	10.345164
17885		-4.650402	-1.828752	10.264586
17886		-4.658304	-2.200718	10.152725
17887		-4.716637	-2.677120	9.995339
17888		-4.685148	-3.281021	9.915329
17889		-4.730963	-3.993989	9.829367
17890		-4.809947	-4.795636	9.745875
17891		-4.885730	-5.693129	9.682086
17892		-4.993370	-6.672863	9.629379
17893		-5.138567	-7.754618	9.585804
17894		-5.276054	-8.957631	9.573067
17895		-5.417809	-10.310940	9.600724
17896		-5.551444	-11.799029	9.697400
17897		-5.691037	-13.436803	9.836364
17898		-5.804661	-15.205805	9.992958
17899		-5.891421	-17.145272	10.158506
17900		-5.983546	-19.292509	10.307139
17901		-6.054762	-21.663993	10.392802
17902		-6.084726	-24.248955	10.381643
17903		-5.940264	-27.042879	10.198930
17904		-5.585149	-30.050548	9.794904
17905		-5.134608	-33.201652	9.219452
17906		-4.656266	-36.446114	8.570031
17907		-4.157446	-39.817182	7.940964
17908		-3.954494	-43.250135	7.381001
17909		-3.639599	-46.772507	6.902000
17910		-2.689108	-50.325262	6.345687
17911		-1.149806	-53.729849	5.615320
17912		0.885846	-56.863568	4.706231
17913		3.278357	-59.468606	3.768528
17914		5.694615	-61.374671	2.799827
17915		7.367876	-62.299831	1.794864
17916		8.061790	-61.489209	1.138181
17917		8.511955	-60.213803	0.702153
17918		8.919814	-58.930322	0.508121
17919		9.355308	-57.762870	0.439650
17920		9.660123	-56.560277	0.506710
17921		9.776589	-55.232084	0.677464
17922		9.691312	-53.714419	0.955422
17923		9.444678	-51.963664	1.313592
17924		9.090237	-49.991591	1.711552
17925		8.640947	-47.783754	2.152429
17926		8.108657	-45.384516	2.618831
17927		7.455932	-42.790454	3.119606
17928		6.668856	-40.083866	3.617307
17929		5.699442	-37.245149	4.107044
17930		4.582224	-34.310104	4.576185
17931		3.394472	-31.290120	5.027866
17932		2.254865	-28.267310	5.441009
17933		1.183860	-25.211851	5.786945
17934		0.152068	-22.104192	6.053321
17935		-0.900423	-18.866502	6.234676
17936		-1.977768	-15.548312	6.325946
17937		-3.067524	-12.148119	6.332553
17938		-4.119175	-8.769405	6.283678
17939		-5.112747	-5.434969	6.226507
17940		-6.042969	-2.196022	6.224459
17941		-6.945079	0.995824	6.319240
17942		-7.820963	4.083127	6.512451
17943		-8.643411	7.021507	6.774705
17944		-9.363484	9.775355	7.083594
17945		-9.956004	12.406423	7.449530
17946		-10.447505	14.905291	7.892825
17947		-10.914687	17.268495	8.378331
17948		-11.408033	19.410376	8.834755
17949		-11.930179	21.302991	9.163565
17950		-12.466546	22.895452	9.280976
17951		-13.074529	24.147225	9.135342
17952		-13.779691	24.996710	8.732939
17953		-14.475120	25.447630	8.109302
17954		-14.953993	25.520105	7.325546
17955		-14.889015	25.226040	6.602428
17956		-13.764775	24.510217	6.268279
17957		-11.098360	22.923268	6.488806
17958		-9.204769	21.061122	6.600187
17959		-7.879268	19.102087	7.110112
17960		-6.781751	16.711589	7.668472
17961		-6.110912	14.361991	8.088282
17962		-5.682356	12.351195	8.101716
17963		-5.562895	10.468283	7.994329
17964		-5.562655	8.776582	8.007900
17965		-5.603899	7.244782	8.072683
17966		-5.691471	5.877405	8.089597
17967		-5.621319	4.810589	8.118325
17968		-5.482047	4.047791	8.195452
17969		-5.314164	3.436743	8.262257
17970		-5.147993	2.945630	8.292248
17971		-4.997568	2.552331	8.315174
17972		-4.858657	2.217372	8.316668
17973		-4.780621	1.911430	8.288892
17974		-4.721805	1.634875	8.242243
17975		-4.692663	1.392908	8.192779
17976		-4.679527	1.162299	8.139031
17977		-4.655019	0.944044	8.094650
17978		-4.601876	0.752324	8.057454
17979		-4.493845	0.589898	8.007130
17980		-4.344820	0.517167	7.954859
17981		-4.157773	0.513243	7.909089
17982		-3.944922	0.563920	7.868451
17983		-3.732045	0.663683	7.834426
17984		-3.541616	0.808687	7.827680
17985		-3.367969	0.957083	7.828259
17986		-3.207610	1.111062	7.844249
17987		-3.062972	1.212025	7.869858
17988		-2.964380	1.271774	7.890555
17989		-2.882160	1.287106	7.903638
17990		-2.826021	1.285760	7.918409
17991		-2.797942	1.239788	7.922087
17992		-2.781182	1.164090	7.926997
17993		-2.778389	1.034128	7.924733
17994		-2.788096	0.885905	7.925940
17995		-2.806718	0.734618	7.913938
17996		-2.828752	0.600476	7.902429
17997		-2.874352	0.462974	7.877833
17998		-2.939478	0.315694	7.850534
17999		-3.018053	0.149503	7.814881
18000		-3.100100	-0.013865	7.783007
18001		-3.179995	-0.184181	7.740849
18002		-3.236625	-0.353091	7.690434
18003		-3.279755	-0.558837	7.634283
18004		-3.339192	-0.769880	7.554662
18005		-3.399154	-1.014930	7.457045
18006		-3.432311	-1.278624	7.335026
18007		-3.423666	-1.592060	7.171339
18008		-3.397375	-1.966451	6.969383
18009		-3.338436	-2.452111	6.731206
18010		-3.211615	-3.014536	6.532628
18011		-3.106047	-3.637123	6.355490
18012		-3.037210	-4.325497	6.183942
18013		-2.999043	-5.105688	6.031738
18014		-3.000252	-5.966606	5.900243
18015		-3.022390	-6.918893	5.791648
18016		-3.038767	-7.948317	5.728703
18017		-3.080724	-9.091600	5.689071
18018		-3.148485	-10.373675	5.670226
18019		-3.252648	-11.844011	5.719766
18020		-3.391721	-13.420793	5.852843
18021		-3.540484	-15.138776	6.024812
18022		-3.768561	-16.982374	6.246289
18023		-4.064667	-19.029058	6.521503
18024		-4.407434	-21.325117	6.784445
18025		-4.710903	-23.823968	6.958790
18026		-4.926071	-26.526842	6.996258
18027		-4.941379	-29.451133	6.812044
18028		-4.768432	-32.534361	6.369159
18029		-4.466496	-35.738621	5.723100
18030		-4.020391	-39.048309	5.046740
18031		-3.613175	-42.403900	4.443508
18032		-3.244759	-45.926623	3.806105
18033		-2.511453	-49.397601	3.083546
18034		-1.242816	-52.667269	2.123186
18035		0.648186	-55.730051	0.879718
18036		3.062475	-58.430473	-0.457841
18037		5.752506	-60.481676	-1.948768
18038		8.259155	-61.494400	-3.721387
18039		9.976766	-61.126089	-5.157006
18040		11.367182	-60.178176	-6.274648
18041		12.553188	-59.026603	-7.061601
18042		13.664608	-57.939458	-7.638601
18043		14.534019	-56.867530	-7.986680
18044		15.097415	-55.804113	-8.120494
18045		15.276196	-54.638136	-7.988277
18046		15.083441	-53.334014	-7.570076
18047		14.518079	-51.800562	-6.849919
18048		13.638604	-50.015144	-5.866971
18049		12.526295	-47.963386	-4.699620
18050		11.273541	-45.734174	-3.448509
18051		9.918878	-43.335904	-2.173466
18052		8.494013	-40.794203	-0.950554
18053		6.994169	-38.059319	0.182179
18054		5.474325	-35.194574	1.178067
18055		3.942600	-32.212580	2.033203
18056		2.460282	-29.223025	2.742386
18057		1.047453	-26.225451	3.358731
18058		-0.265655	-23.238212	3.909116
18059		-1.522070	-20.219240	4.389384
18060		-2.721627	-17.212663	4.766697
18061		-3.860003	-14.200894	5.042716
18062		-4.933980	-11.215429	5.200563
18063		-5.910408	-8.214953	5.281632
18064		-6.712677	-5.255807	5.370005
18065		-7.359085	-2.334001	5.514761
18066		-7.874132	0.482195	5.742810
18067		-8.252820	3.179009	6.066164
18068		-8.414858	5.708024	6.511511
18069		-8.334567	8.121586	7.087538
18070		-8.133008	10.402897	7.762641
18071		-7.972078	12.565334	8.484456
18072		-7.899458	14.549904	9.218271
18073		-7.953056	16.373356	9.910875
18074		-8.157657	17.995437	10.504956
18075		-8.450416	19.331626	10.955122
18076		-8.627062	20.205626	11.245099
18077		-8.572762	20.472615	11.404223
18078		-7.878876	19.514640	11.760349
18079		-6.837283	17.200117	12.391288
18080		-6.116840	14.427389	12.955251
18081		-5.304013	12.563968	13.071204
18082		-4.517555	10.559605	12.820288
18083		-4.174117	8.428969	12.879888
18084		-3.860178	6.645900	12.993910
18085		-3.656556	5.191198	13.087009
18086		-3.672111	4.241446	13.153430
18087		-3.793590	3.447169	13.204522
18088		-3.893201	2.754566	13.251185
18089		-3.979772	2.217991	13.311780
18090		-4.102678	1.770464	13.368150
18091		-4.206218	1.377173	13.410338
18092		-4.294822	1.067925	13.470693
18093		-4.403685	0.771911	13.503045
18094		-4.556427	0.497195	13.516570
18095		-4.762844	0.220336	13.513325
18096		-5.004536	-0.008866	13.492740
18097		-5.232884	-0.216470	13.467894
18098		-5.445921	-0.382058	13.447993
18099		-5.628303	-0.556718	13.428926
18100		-5.794622	-0.712313	13.407274
18101		-5.908896	-0.863177	13.384164
18102		-5.958220	-0.995973	13.349709
18103		-5.931624	-1.126142	13.295658
18104		-5.841119	-1.245962	13.225303
18105		-5.695612	-1.318211	13.179340
18106		-5.526929	-1.332133	13.175932
18107		-5.338142	-1.310976	13.163902
18108		-5.132829	-1.232338	13.147956
18109		-4.923853	-1.141017	13.130648
18110		-4.714521	-1.024527	13.123235
18111		-4.527020	-0.918957	13.130224
18112		-4.375922	-0.821532	13.132439
18113		-4.245626	-0.758731	13.151103
18114		-4.140606	-0.729034	13.152115
18115		-4.036842	-0.736028	13.162472
18116		-3.951567	-0.761298	13.150762
18117		-3.870704	-0.821562	13.147298
18118		-3.814456	-0.898760	13.124957
18119		-3.753082	-1.018232	13.084900
18120		-3.676589	-1.152118	13.043214
18121		-3.575299	-1.316902	12.985277
18122		-3.479166	-1.535599	12.912669
18123		-3.395780	-1.826519	12.810087
18124		-3.323354	-2.177938	12.687242
18125		-3.207240	-2.643195	12.591437
18126		-3.142248	-3.137049	12.488998
18127		-3.130887	-3.691035	12.392630
18128		-3.181719	-4.307640	12.302752
18129		-3.287455	-5.000316	12.232387
18130		-3.464275	-5.758729	12.171998
18131		-3.687383	-6.584975	12.133568
18132		-3.936622	-7.467567	12.128068
18133		-4.219971	-8.421521	12.143420
18134		-4.501663	-9.456995	12.177019
18135		-4.783812	-10.608556	12.230289
18136		-5.055444	-11.850665	12.282933
18137		-5.321778	-13.271657	12.348369
18138		-5.624574	-14.834417	12.490577
18139		-5.873504	-16.527851	12.691767
18140		-6.111436	-18.352780	12.912424
18141		-6.350074	-20.322550	13.111375
18142		-6.650185	-22.534071	13.319398
18143		-6.954011	-25.005098	13.459266
18144		-7.135028	-27.708335	13.430057
18145		-7.116043	-30.608598	13.172209
18146		-6.942801	-33.634271	12.783673
18147		-6.856414	-36.818737	12.312546
18148		-6.641940	-40.159766	11.802910
18149		-6.343033	-43.577077	11.282754
18150		-6.117221	-47.201779	10.752390
18151		-5.697070	-50.698113	10.043945
18152		-4.856472	-53.967690	9.100575
18153		-3.498336	-56.975511	7.894240
18154		-1.746598	-59.627745	6.465482
18155		0.296606	-61.445634	4.627297
18156		2.335246	-61.856622	2.452698
18157		3.851699	-60.767047	0.832833
18158		5.304575	-59.203331	-0.327219
18159		6.637693	-57.593115	-1.161370
18160		7.790765	-56.139612	-1.836231
18161		8.515422	-54.722895	-2.306153
18162		8.793964	-53.285379	-2.523334
18163		8.694209	-51.664129	-2.405734
18164		8.368530	-49.820255	-1.984328
18165		7.857897	-47.663790	-1.331524
18166		7.216271	-45.239331	-0.580023
18167		6.475420	-42.611227	0.181747
18168		5.708162	-39.872596	0.889506
18169		4.917947	-37.021823	1.541129
18170		4.077970	-34.074304	2.138221
18171		3.161686	-30.974311	2.732525
18172		2.194806	-27.765064	3.345965
18173		1.198183	-24.492858	3.985203
18174		0.175119	-21.261603	4.621730
18175		-0.895620	-18.049089	5.233177
18176		-1.951570	-14.901807	5.799776
18177		-2.961430	-11.789360	6.283112
18178		-3.876959	-8.731136	6.630744
18179		-4.613290	-5.711159	6.880794
18180		-5.139068	-2.791350	7.103402
18181		-5.524224	0.042411	7.336448
18182		-5.823684	2.772185	7.585003
18183		-6.059466	5.425180	7.851384
18184		-6.255731	7.945375	8.142622
18185		-6.385190	10.242587	8.474476
18186		-6.426464	12.216029	8.848716
18187		-6.424402	13.843427	9.226244
18188		-6.435181	15.109502	9.540661
18189		-6.510131	16.069638	9.740960
18190		-6.663242	16.699567	9.802856
18191		-6.872425	16.862291	9.802570
18192		-7.118975	16.617885	9.866751
18193		-7.234874	15.957446	10.234095
18194		-6.867859	14.472707	11.319894
18195		-6.467293	12.623542	12.440929
18196		-5.898097	11.381406	12.811578
18197		-5.412492	10.141379	12.474755
18198		-5.322345	8.722453	12.120953
18199		-5.337246	7.421828	12.012261
18200		-5.257228	6.296013	12.032332
18201		-5.221989	5.302422	12.100842
18202		-5.166798	4.519606	12.129883
18203		-5.153215	3.956729	12.177026
18204		-5.163050	3.498244	12.218465
18205		-5.226343	3.135251	12.207099
18206		-5.379572	2.902999	12.186386
18207		-5.605394	2.763505	12.162142
18208		-5.883994	2.691874	12.145083
18209		-6.176033	2.641289	12.135019
18210		-6.479542	2.608230	12.123215
18211		-6.754147	2.547959	12.114634
18212		-6.999019	2.468625	12.113791
18213		-7.205247	2.318461	12.111675
18214		-7.372251	2.118410	12.104736
18215		-7.461779	1.837401	12.061591
18216		-7.401635	1.456406	12.017403
18217		-7.156823	0.964422	11.982513
18218		-6.822394	0.479015	11.931671
18219		-6.413381	-0.003126	11.871829
18220		-5.881747	-0.390041	11.820788
18221		-5.284137	-0.532111	11.805338
18222		-4.714947	-0.469551	11.807472
18223		-4.184198	-0.316368	11.826650
18224		-3.745751	-0.143998	11.859907
18225		-3.414555	0.003462	11.899422
18226		-3.153159	0.126803	11.972900
18227		-2.979730	0.220080	12.038230
18228		-2.859668	0.287107	12.109725
18229		-2.755643	0.329413	12.176634
18230		-2.668527	0.347212	12.221076
18231		-2.583463	0.347869	12.254003
18232		-2.507794	0.366710	12.287984
18233		-2.469764	0.387418	12.301174
18234		-2.441394	0.419155	12.297748
18235		-2.405224	0.425292	12.296778
18236		-2.374186	0.433427	12.294139
18237		-2.333773	0.427193	12.293807
18238		-2.277402	0.397073	12.295160
18239		-2.196449	0.336014	12.309390
18240		-2.123152	0.264701	12.306422
18241		-2.035054	0.182675	12.294210
18242		-1.941179	0.095932	12.267848
18243		-1.823002	-0.005207	12.259818
18244		-1.724417	-0.093837	12.221780
18245		-1.652658	-0.206088	12.179802
18246		-1.595730	-0.321948	12.157124
18247		-1.567923	-0.449115	12.119609
18248		-1.563560	-0.579702	12.085836
18249		-1.563746	-0.727693	12.064384
18250		-1.534171	-0.888815	12.061945
18251		-1.525701	-1.094570	12.038762
18252		-1.511686	-1.329374	12.000635
18253		-1.467504	-1.644362	11.942912
18254		-1.450449	-2.002728	11.905073
18255		-1.419492	-2.398695	11.852267
18256		-1.434345	-2.876421	11.821623
18257		-1.483445	-3.377679	11.792771
18258		-1.544771	-3.967140	11.755494
18259		-1.633705	-4.623882	11.718930
18260		-1.709676	-5.332396	11.685600
18261		-1.812827	-6.138418	11.667435
18262		-1.900197	-7.016311	11.653348
18263		-1.973191	-8.002178	11.646521
18264		-2.022478	-9.069871	11.632536
18265		-2.043458	-10.206691	11.609906
18266		-2.053188	-11.445590	11.570747
18267		-2.011795	-12.763626	11.476995
18268		-1.930826	-14.210212	11.297272
18269		-1.807286	-15.816158	10.988190
18270		-1.618206	-17.486477	10.598761
18271		-1.407894	-19.249489	10.128665
18272		-1.207447	-21.067057	9.562689
18273		-1.030114	-22.910418	8.958358
18274		-0.948897	-24.739294	8.314625
18275		-1.006311	-26.452688	7.615589
18276		-1.014071	-28.017607	6.889941
18277		-0.938015	-29.479638	6.258435
18278		-0.813764	-30.796151	5.672889
18279		-0.705478	-31.966911	5.142244
18280		-0.668650	-32.717473	4.677304
18281		-0.521815	-32.828466	4.164368
18282		-0.150454	-32.515092	3.658337
18283		0.338432	-31.949623	3.125185
18284		0.779813	-31.246852	2.527309
18285		1.104835	-30.400684	1.885854
18286		1.344565	-29.393936	1.247234
18287		1.559667	-28.184210	0.661976
18288		1.771363	-26.811464	0.145556
18289		1.909082	-25.297904	-0.319570
18290		1.896856	-23.646129	-0.710289
18291		1.732945	-21.836351	-0.979127
18292		1.488641	-19.917742	-1.089293
18293		1.188485	-17.900174	-1.059567
18294		0.842627	-15.864937	-0.928349
18295		0.434903	-13.892839	-0.723286
18296		-0.062774	-12.029155	-0.442109
18297		-0.673053	-10.251598	-0.088363
18298		-1.359647	-8.560616	0.363717
18299		-2.078424	-6.945393	0.955263
18300		-2.752307	-5.419063	1.730877
18301		-3.335824	-3.968139	2.674427
18302		-3.827316	-2.658296	3.704412
18303		-4.235094	-1.556547	4.718790
18304		-4.603150	-0.730815	5.609328
18305		-4.960117	-0.113373	6.311953
18306		-5.303896	0.204701	6.809361
18307		-4.987685	-0.070955	6.730950
18308		-4.760239	-0.153460	6.592747
18309		-4.801712	0.456235	6.845392
18310		-4.505572	0.676334	6.955376
18311		-3.892974	0.769771	6.901663
18312		-3.405244	0.941073	6.970333
18313		-3.121703	1.124968	7.029813
18314		-2.907140	1.239871	7.119522
18315		-2.748993	1.359614	7.213054
18316		-2.754423	1.421746	7.297120
18317		-2.842539	1.463423	7.364827
18318		-2.973114	1.483275	7.406432
18319		-3.133626	1.496843	7.455701
18320		-3.262877	1.478835	7.501800
18321		-3.344629	1.470520	7.540447
18322		-3.356448	1.468643	7.566963
18323		-3.288250	1.480759	7.588186
18324		-3.166076	1.494818	7.620739
18325		-3.033604	1.511943	7.632045
18326		-2.921278	1.542557	7.640541
18327		-2.834769	1.580681	7.646144
18328		-2.759837	1.608148	7.672028
18329		-2.710768	1.625501	7.683756
18330		-2.689931	1.646914	7.692580
18331		-2.694490	1.682595	7.702280
18332		-2.715328	1.698538	7.713997
18333		-2.746490	1.699852	7.731016
18334		-2.774725	1.705851	7.745159
18335		-2.801788	1.712470	7.756758
18336		-2.820850	1.704826	7.768827
18337		-2.829577	1.697338	7.777520
18338		-2.830277	1.691527	7.781991
18339		-2.832290	1.691444	7.782383
18340		-2.838992	1.683304	7.786619
18341		-2.852822	1.675325	7.797020
18342		-2.866992	1.672916	7.807236
18343		-2.874579	1.672444	7.815903
18344		-2.876610	1.665184	7.821296
18345		-2.873215	1.655563	7.828293
18346		-2.873960	1.658552	7.833308
18347		-2.887231	1.665360	7.840455
18348		-2.913160	1.670331	7.851225
18349		-2.948330	1.677075	7.864101
18350		-2.997014	1.689933	7.876530
18351		-3.063437	1.702198	7.887552
18352		-3.144563	1.698475	7.886405
18353		-3.224141	1.682726	7.879466
18354		-3.315729	1.671434	7.873420
18355		-3.405847	1.668031	7.869442
18356		-3.487083	1.666364	7.865867
18357		-3.559353	1.669872	7.866261
18358		-3.617365	1.688588	7.867319
18359		-3.661971	1.721277	7.876618
18360		-3.691313	1.758543	7.888401
18361		-3.715434	1.783310	7.902923
18362		-3.732660	1.809923	7.920997
18363		-3.747871	1.846532	7.937646
18364		-3.760397	1.890907	7.953065
18365		-3.772975	1.939236	7.968312
18366		-3.786181	1.982535	7.983654
18367		-3.793002	2.018438	7.999616
18368		-3.797237	2.048230	8.012189
18369		-3.795760	2.070325	8.026374
18370		-3.791670	2.095890	8.038687
18371		-3.776534	2.108006	8.049869
18372		-3.746425	2.105187	8.054166
18373		-3.715879	2.103268	8.057696
18374		-3.680851	2.098701	8.057175
18375		-3.643720	2.103242	8.055041
18376		-3.619927	2.114517	8.053430
18377		-3.599614	2.130468	8.049568
18378		-3.569883	2.145155	8.044715
18379		-3.543642	2.159931	8.041493
18380		-3.521124	2.175974	8.039030
18381		-3.498974	2.186372	8.042287
18382		-3.477379	2.193915	8.052471
18383		-3.449997	2.205425	8.059633
18384		-3.415786	2.224408	8.063026
18385		-3.375424	2.242545	8.064420
18386		-3.329227	2.258436	8.064354
18387		-3.295373	2.274802	8.063831
18388		-3.271954	2.291759	8.062325
18389		-3.253861	2.310429	8.063979
18390		-3.240238	2.328939	8.074562
18391		-3.224266	2.338777	8.082560
18392		-3.208019	2.342821	8.085752
18393		-3.200436	2.347605	8.087911
18394		-3.184499	2.355730	8.085357
18395		-3.159097	2.366981	8.082744
18396		-3.133978	2.370967	8.079800
18397		-3.108737	2.364808	8.075312
18398		-3.085019	2.358831	8.068217
18399		-3.062067	2.347275	8.055851
18400		-3.048690	2.335215	8.045836
18401		-3.037520	2.316067	8.035163
18402		-3.034451	2.293692	8.017845
18403		-3.030468	2.269385	7.998313
18404		-3.026046	2.241551	7.977100
18405		-3.017807	2.209846	7.956539
18406		-3.011429	2.178012	7.944482
18407		-3.008746	2.123324	7.942367
18408		-3.013055	2.085604	7.930271
18409		-3.014361	2.046204	7.925808
18410		-3.014389	2.013782	7.922138
18411		-3.011775	1.982931	7.919314
18412		-3.010833	1.954870	7.916185
18413		-3.008064	1.922180	7.912106
18414		-3.005363	1.894268	7.908690
18415		-3.005375	1.865134	7.903839
18416		-3.017579	1.829542	7.891634
18417		-3.023403	1.813958	7.882642
18418		-2.974480	1.798390	7.865730
18419		-2.915151	1.791919	7.851340
18420		-2.858776	1.780661	7.839322
18421		-2.813693	1.761885	7.827231
18422		-2.769248	1.755265	7.820821
18423		-2.728855	1.750189	7.814581
18424		-2.711481	1.747985	7.816447
18425		-2.704969	1.744891	7.818383
18426		-2.689815	1.738097	7.813417
18427		-2.645246	1.749462	7.805472
18428		-2.593786	1.766182	7.800769
18429		-2.551959	1.788382	7.800685
18430		-2.521571	1.804151	7.800491
18431		-2.495326	1.819030	7.797341
18432		-2.463189	1.834964	7.796877
18433		-2.427399	1.850570	7.795877
18434		-2.393440	1.860565	7.793179
18435		-2.358409	1.863895	7.788399
18436		-2.316680	1.869533	7.782673
18437		-2.275913	1.873579	7.779769
18438		-2.241549	1.879588	7.779101
18439		-2.213671	1.887646	7.776395
18440		-2.185771	1.891841	7.773791
18441		-2.162499	1.894367	7.773738
18442		-2.155337	1.903447	7.774705
18443		-2.157538	1.917198	7.775538
18444		-2.165714	1.931720	7.775517
18445		-2.175527	1.947991	7.778122
18446		-2.186857	1.967002	7.781262
18447		-2.193905	1.980882	7.781124
18448		-2.202764	1.994287	7.781022
18449		-2.206095	2.007429	7.780103
18450		-2.210530	2.022004	7.780344
18451		-2.216335	2.033073	7.778582
18452		-2.222169	2.044614	7.777624
18453		-2.225953	2.059064	7.776078
18454		-2.229509	2.076440	7.774786
18455		-2.238250	2.099080	7.771802
18456		-2.250069	2.118659	7.773241
18457		-2.270875	2.133780	7.774770
18458		-2.290798	2.143327	7.774986
18459		-2.311478	2.153159	7.775581
18460		-2.332883	2.163078	7.777956
18461		-2.352304	2.168169	7.779371
18462		-2.370043	2.173845	7.781313
18463		-2.384242	2.178633	7.780839
18464		-2.392763	2.186466	7.780619
18465		-2.394932	2.189851	7.778749
18466		-2.396588	2.192434	7.774610
18467		-2.401957	2.189137	7.772167
18468		-2.409201	2.184530	7.768711
18469		-2.419914	2.176496	7.766398
18470		-2.435304	2.166042	7.766146
18471		-2.445838	2.153474	7.763969
18472		-2.458233	2.140359	7.761833
18473		-2.468568	2.126741	7.759451
18474		-2.481639	2.115215	7.755855
18475		-2.490227	2.101764	7.753198
18476		-2.496595	2.094518	7.751007
18477		-2.499815	2.089289	7.747869
18478		-2.500834	2.086781	7.745543
18479		-2.503376	2.082661	7.742477
18480		-2.505073	2.079025	7.740081
18481		-2.511717	2.077761	7.738205
18482		-2.518444	2.076121	7.736090
18483		-2.530585	2.074653	7.734217
18484		-2.549412	2.070907	7.733848
18485		-2.571513	2.064603	7.731975
18486		-2.593733	2.055224	7.731260
18487		-2.619991	2.048295	7.730929
18488		-2.642853	2.041294	7.729801
18489		-2.662846	2.029548	7.727590
18490		-2.674765	2.018628	7.725769
18491		-2.685315	2.003343	7.725030
18492		-2.688448	1.990456	7.723210
18493		-2.689305	1.976780	7.721978
18494		-2.688285	1.961820	7.720018
18495		-2.687754	1.951182	7.719969
18496		-2.684378	1.930505	7.718500
18497		-2.682118	1.908842	7.714476
18498		-2.683410	1.887278	7.711824
18499		-2.686341	1.866743	7.710739
18500		-2.687522	1.850250	7.709830
18501		-2.688859	1.834405	7.708321
18502		-2.691120	1.818892	7.707762
18503		-2.691165	1.803728	7.704296
18504		-2.690284	1.788694	7.706036
18505		-2.690063	1.774053	7.704454
18506		-2.688289	1.764514	7.703254
18507		-2.687751	1.756583	7.701805
18508		-2.686980	1.752301	7.701651
18509		-2.686199	1.746808	7.699641
18510		-2.685864	1.743843	7.698858
18511		-2.685248	1.740174	7.698105
18512		-2.685516	1.740363	7.697949
18513		-2.684613	1.742627	7.696283
18514		-2.681732	1.746002	7.697026
