// General information: 
//  MT Manager version: 2019.0.1 
//  XDA version: 2019.0.1 build 2740 rev 84096 built on 2019-01-30
// Device information: 
//  DeviceId: 00B43773
//  ProductCode: MTW2-3A7G6
//  Firmware Version: 4.3.4
//  Hardware Version: 1.1.0
// Device settings: 
//  Filter Profile: human(46.1)
//  Option Flags: Orientation Smoother Disabled, AHS Disabled, ICC Disabled
// Coordinate system: ENU
PacketCounter	Roll	Pitch	Yaw
62791	-3.903263	-1.381521	9.198206
62792	-3.635323	-1.508828	9.202852
62793	-3.367357	-1.614420	9.245026
62794	-3.107007	-1.672939	9.323846
62795	-2.871700	-1.689401	9.433972
62796	-2.687923	-1.690466	9.564152
62797	-2.560176	-1.731002	9.695847
62798	-2.470286	-1.800959	9.848232
62799	-2.386561	-1.909046	10.027160
62800	-2.312514	-2.039859	10.204824
62801	-2.238273	-2.194717	10.354988
62802	-2.167550	-2.347625	10.472570
62803	-2.110514	-2.500028	10.564486
62804	-2.064163	-2.638650	10.631617
62805	-2.019195	-2.766836	10.678375
62806	-1.970245	-2.876313	10.707229
62807	-1.913791	-2.977433	10.722083
62808	-1.850965	-3.060552	10.727427
62809	-1.773803	-3.139754	10.725356
62810	-1.684283	-3.209546	10.715548
62811	-1.588009	-3.279436	10.686795
62812	-1.487029	-3.346030	10.648487
62813	-1.376759	-3.423500	10.599415
62814	-1.266329	-3.496395	10.538943
62815	-1.156666	-3.573376	10.476448
62816	-1.051967	-3.655568	10.407787
62817	-0.967454	-3.755836	10.334104
62818	-0.899625	-3.860795	10.258694
62819	-0.837556	-3.988065	10.180830
62820	-0.764989	-4.122798	10.109555
62821	-0.683315	-4.285676	10.033680
62822	-0.584059	-4.476042	9.963009
62823	-0.460686	-4.711289	9.896497
62824	-0.331868	-4.972171	9.831615
62825	-0.187191	-5.261951	9.770890
62826	-0.024985	-5.583772	9.735796
62827	0.162000	-5.963367	9.737785
62828	0.273531	-6.373808	9.712787
62829	0.381637	-6.850864	9.685609
62830	0.486330	-7.375674	9.663625
62831	0.584459	-7.961265	9.648293
62832	0.670536	-8.610395	9.634774
62833	0.738821	-9.336039	9.622072
62834	0.792215	-10.126704	9.610964
62835	0.831142	-10.990797	9.599400
62836	0.851890	-11.940774	9.595344
62837	0.845939	-12.992349	9.588723
62838	0.840073	-14.179240	9.558326
62839	0.808862	-15.477240	9.546053
62840	0.805074	-16.920672	9.520651
62841	0.843857	-18.573578	9.475574
62842	0.949618	-20.484086	9.379704
62843	1.111512	-22.678177	9.211690
62844	1.338858	-25.101432	8.880852
62845	1.675914	-27.821575	8.346989
62846	2.191916	-30.799208	7.585470
62847	2.832626	-33.963503	6.526704
62848	3.792728	-37.367003	5.154331
62849	5.009154	-40.874717	3.520618
62850	6.372826	-44.376784	1.565040
62851	7.788384	-47.841510	-0.603135
62852	9.447438	-51.302203	-3.156169
62853	11.333815	-54.695068	-6.029827
62854	13.703282	-57.860963	-9.556515
62855	16.522352	-60.473632	-13.537798
62856	19.527531	-62.384086	-17.445179
62857	21.516126	-63.450345	-20.267928
62858	21.740231	-63.510845	-21.193342
62859	20.756904	-62.932752	-20.490998
62860	19.168493	-62.010814	-18.828730
62861	17.297905	-60.926526	-16.845725
62862	15.383297	-59.734224	-14.940065
62863	13.510010	-58.432736	-13.261480
62864	11.777551	-57.035620	-11.878860
62865	10.176129	-55.494181	-10.664420
62866	8.715660	-53.788499	-9.516812
62867	7.359251	-51.870045	-8.354081
62868	6.123173	-49.712629	-7.203481
62869	4.952819	-47.316787	-6.060161
62870	3.863536	-44.731226	-4.992131
62871	2.843780	-41.986367	-4.014177
62872	1.912184	-39.177605	-3.156477
62873	1.054197	-36.351977	-2.425591
62874	0.269310	-33.591162	-1.838592
62875	-0.450726	-30.901132	-1.396608
62876	-1.103875	-28.281564	-1.097351
62877	-1.714139	-25.642146	-0.889380
62878	-2.282005	-22.945557	-0.736299
62879	-2.827103	-20.161551	-0.610338
62880	-3.352274	-17.340392	-0.488493
62881	-3.848015	-14.493819	-0.366399
62882	-4.301366	-11.658380	-0.235060
62883	-4.713598	-8.805950	-0.079228
62884	-5.103073	-5.958459	0.120681
62885	-5.506144	-3.091409	0.373017
62886	-5.948741	-0.244654	0.694586
62887	-6.418303	2.555844	1.096179
62888	-6.898201	5.235328	1.591505
62889	-7.404389	7.777246	2.186374
62890	-7.989166	10.168579	2.843381
62891	-8.617571	12.393396	3.551103
62892	-9.214848	14.369218	4.285350
62893	-9.802475	16.048845	5.014396
62894	-10.383854	17.385729	5.687952
62895	-10.935080	18.359964	6.262649
62896	-11.440134	18.983593	6.698411
62897	-11.845953	19.280306	7.001206
62898	-11.992308	19.145403	7.251028
62899	-11.775171	18.531226	7.564100
62900	-10.961069	17.109103	8.167605
62901	-9.741180	15.209901	8.823069
62902	-8.862900	13.148192	9.402259
62903	-8.198989	11.007659	9.719185
62904	-7.606588	8.636488	9.847729
62905	-7.138066	6.355696	10.010858
62906	-6.830192	4.537825	10.171444
62907	-6.615248	3.032120	10.280365
62908	-6.426647	1.873073	10.347022
62909	-6.164393	0.970676	10.351256
62910	-5.958655	0.293712	10.298984
62911	-5.840663	-0.274009	10.234085
62912	-5.725462	-0.737005	10.204761
62913	-5.527771	-1.098693	10.200634
62914	-5.253228	-1.335916	10.197563
62915	-4.942536	-1.511753	10.187460
62916	-4.646352	-1.663420	10.183672
62917	-4.371506	-1.818829	10.175547
62918	-4.125395	-1.952828	10.175822
62919	-3.907744	-2.075662	10.191752
62920	-3.721590	-2.167581	10.231232
62921	-3.553224	-2.217580	10.293726
62922	-3.396577	-2.224253	10.372389
62923	-3.251053	-2.219604	10.465006
62924	-3.104567	-2.200023	10.560564
62925	-2.952796	-2.194871	10.657492
62926	-2.803414	-2.206473	10.761145
62927	-2.655254	-2.264669	10.863880
62928	-2.512731	-2.344006	10.951639
62929	-2.386638	-2.445773	11.024892
62930	-2.279698	-2.552812	11.084993
62931	-2.180893	-2.670973	11.123371
62932	-2.088266	-2.788824	11.151422
62933	-2.000649	-2.922287	11.158830
62934	-1.917269	-3.067230	11.151506
62935	-1.826499	-3.236998	11.136486
62936	-1.737736	-3.409441	11.125180
62937	-1.646523	-3.600276	11.115645
62938	-1.539865	-3.800361	11.111995
62939	-1.425448	-4.027508	11.115820
62940	-1.302899	-4.267019	11.119144
62941	-1.172598	-4.525282	11.123250
62942	-1.042298	-4.792154	11.122950
62943	-0.924868	-5.083979	11.122508
62944	-0.813162	-5.389658	11.122286
62945	-0.705685	-5.717299	11.135130
62946	-0.624870	-6.051183	11.137732
62947	-0.546692	-6.402864	11.133417
62948	-0.465438	-6.761958	11.127333
62949	-0.381602	-7.152688	11.117368
62950	-0.292891	-7.572373	11.102712
62951	-0.203390	-8.026034	11.087586
62952	-0.108174	-8.506280	11.073837
62953	-0.010333	-9.023268	11.070627
62954	0.084911	-9.590480	11.067547
62955	0.180009	-10.212582	11.064395
62956	0.272340	-10.881267	11.060259
62957	0.370294	-11.601147	11.060457
62958	0.467556	-12.374985	11.070320
62959	0.546562	-13.226794	11.076326
62960	0.608492	-14.155543	11.074899
62961	0.662390	-15.176379	11.070255
62962	0.713559	-16.303968	11.068553
62963	0.755324	-17.583003	11.058269
62964	0.815286	-19.048786	11.019145
62965	0.889638	-20.665499	10.980758
62966	1.030582	-22.481036	10.908687
62967	1.246691	-24.522990	10.749762
62968	1.536598	-26.840110	10.428736
62969	1.873498	-29.462523	9.924971
62970	2.397742	-32.367491	9.129648
62971	3.111606	-35.521350	8.056235
62972	4.085895	-38.900884	6.651479
62973	5.411311	-42.498703	4.916750
62974	6.896548	-46.101072	2.841504
62975	8.568926	-49.687078	0.418959
62976	10.486018	-53.170024	-2.483139
62977	12.746652	-56.549344	-5.856861
62978	15.448002	-59.744562	-9.945223
62979	18.715250	-62.708201	-14.826660
62980	22.507758	-65.244003	-20.276079
62981	26.186496	-67.169973	-25.395381
62982	27.744181	-68.055744	-28.142027
62983	26.624026	-67.934653	-27.391063
62984	23.797306	-67.111686	-24.120106
62985	20.291881	-65.784393	-19.889454
62986	16.893007	-64.190865	-15.974335
62987	13.920510	-62.394601	-12.907088
62988	11.467541	-60.495747	-10.778772
62989	9.425741	-58.560251	-9.321271
62990	7.746613	-56.595845	-8.281721
62991	6.330117	-54.505918	-7.374785
62992	5.120907	-52.219332	-6.424647
62993	4.020941	-49.697673	-5.360325
62994	2.975244	-46.991402	-4.240641
62995	1.926632	-44.133649	-3.146484
62996	0.893091	-41.202783	-2.162533
62997	-0.111618	-38.217041	-1.322881
62998	-1.034659	-35.241090	-0.648524
62999	-1.809723	-32.240089	-0.166291
63000	-2.398757	-29.254610	0.093074
63001	-2.859780	-26.287881	0.143136
63002	-3.259240	-23.363650	-0.002583
63003	-3.658890	-20.419734	-0.299500
63004	-4.069566	-17.453337	-0.672354
63005	-4.485062	-14.433468	-1.032962
63006	-4.910952	-11.415753	-1.309926
63007	-5.359272	-8.390232	-1.467339
63008	-5.834772	-5.392317	-1.512535
63009	-6.364012	-2.407243	-1.452474
63010	-6.952101	0.530937	-1.304695
63011	-7.555183	3.415906	-1.082915
63012	-8.112781	6.187451	-0.783363
63013	-8.603874	8.818298	-0.414718
63014	-9.010816	11.269555	0.033442
63015	-9.283243	13.484218	0.594852
63016	-9.444909	15.394720	1.267388
63017	-9.589626	16.978081	2.025494
63018	-9.748023	18.181575	2.837777
63019	-9.936126	19.010690	3.664959
63020	-10.200851	19.494065	4.458334
63021	-10.431142	19.528832	5.253064
63022	-10.345299	18.995494	6.069728
63023	-9.740281	17.692130	7.030098
63024	-8.718375	15.783701	8.036471
63025	-7.777966	13.690762	8.875377
63026	-7.190921	11.544780	9.408252
63027	-6.765767	9.208643	9.752311
63028	-6.397987	6.784770	10.078887
63029	-6.131410	4.771320	10.261981
63030	-5.930628	3.197726	10.279610
63031	-5.782231	1.931500	10.255176
63032	-5.508231	1.113972	10.203141
63033	-5.198244	0.521737	10.141661
63034	-4.986197	0.049719	10.116086
63035	-4.786022	-0.351045	10.098064
63036	-4.506910	-0.629424	10.098098
63037	-4.172954	-0.773105	10.130254
63038	-3.825910	-0.835764	10.170797
63039	-3.510384	-0.881016	10.213732
63040	-3.251300	-0.962893	10.244112
63041	-3.046273	-1.064699	10.283752
63042	-2.865963	-1.145538	10.331973
63043	-2.713614	-1.205625	10.401920
63044	-2.586944	-1.233473	10.493056
63045	-2.475642	-1.263243	10.604210
63046	-2.380893	-1.296320	10.734590
63047	-2.296648	-1.357450	10.850568
63048	-2.220476	-1.427263	10.948931
63049	-2.132763	-1.522707	11.020002
63050	-2.029250	-1.630899	11.062338
63051	-1.916131	-1.750360	11.083022
63052	-1.811613	-1.869217	11.093052
63053	-1.730484	-2.001813	11.099772
63054	-1.674145	-2.144856	11.104530
63055	-1.632706	-2.295289	11.102389
63056	-1.594352	-2.433336	11.096675
63057	-1.543973	-2.579126	11.081000
63058	-1.479289	-2.718315	11.059012
63059	-1.408311	-2.871606	11.039760
63060	-1.328151	-3.039578	11.013752
63061	-1.245153	-3.225870	10.986632
63062	-1.155907	-3.425690	10.958098
63063	-1.042589	-3.648737	10.932888
63064	-0.916399	-3.885016	10.908945
63065	-0.787209	-4.143617	10.890112
63066	-0.670054	-4.414058	10.868786
63067	-0.555986	-4.699889	10.846957
63068	-0.450568	-4.990710	10.829926
63069	-0.353057	-5.301645	10.818518
63070	-0.269017	-5.630326	10.810755
63071	-0.203118	-5.991226	10.797295
63072	-0.141299	-6.368789	10.775588
63073	-0.077560	-6.761643	10.755266
63074	-0.012743	-7.174687	10.735787
63075	0.045816	-7.631092	10.712939
63076	0.098749	-8.123575	10.694814
63077	0.154571	-8.667664	10.684386
63078	0.213891	-9.252022	10.682829
63079	0.271003	-9.895283	10.684921
63080	0.321683	-10.597746	10.686666
63081	0.360860	-11.369047	10.693868
63082	0.398663	-12.208110	10.710566
63083	0.429569	-13.108915	10.736311
63084	0.462146	-14.076413	10.765829
63085	0.502920	-15.139570	10.791031
63086	0.537922	-16.306678	10.807004
63087	0.580142	-17.617285	10.787029
63088	0.625605	-19.092241	10.745331
63089	0.651156	-20.683722	10.718628
63090	0.702064	-22.444984	10.662635
63091	0.778280	-24.386383	10.536565
63092	0.897284	-26.556245	10.282726
63093	1.027858	-28.962153	9.891682
63094	1.270473	-31.608810	9.354335
63095	1.626153	-34.434938	8.624850
63096	2.174694	-37.491299	7.668612
63097	3.085154	-40.730785	6.501159
63098	4.077917	-44.041711	5.102522
63099	5.154935	-47.415797	3.438682
63100	6.392048	-50.761208	1.485356
63101	7.878371	-54.165602	-0.802339
63102	9.577759	-57.550764	-3.521719
63103	11.762005	-60.793159	-6.921757
63104	14.600929	-63.584224	-10.999654
63105	17.866559	-65.577469	-15.294937
63106	20.437188	-66.480119	-18.556039
63107	20.704938	-65.906372	-19.379674
63108	19.455889	-64.593231	-18.280784
63109	17.726213	-63.015335	-16.396696
63110	15.930749	-61.471020	-14.466646
63111	14.204904	-59.998913	-12.767895
63112	12.562315	-58.595120	-11.339852
63113	10.937884	-57.168179	-10.055216
63114	9.354317	-55.631491	-8.785460
63115	7.793110	-53.888529	-7.417780
63116	6.289402	-51.919452	-5.970727
63117	4.886629	-49.681191	-4.550899
63118	3.621373	-47.225074	-3.268312
63119	2.484608	-44.579392	-2.180491
63120	1.478792	-41.829373	-1.336739
63121	0.615411	-38.982409	-0.746620
63122	-0.086868	-36.097747	-0.412138
63123	-0.656897	-33.203607	-0.282698
63124	-1.117347	-30.363651	-0.333440
63125	-1.521090	-27.542523	-0.524583
63126	-1.904087	-24.736260	-0.780030
63127	-2.294703	-21.899105	-1.038817
63128	-2.704044	-19.086689	-1.244601
63129	-3.167436	-16.309974	-1.341251
63130	-3.700495	-13.613996	-1.313655
63131	-4.300231	-10.954915	-1.165754
63132	-4.913774	-8.308671	-0.891522
63133	-5.485492	-5.551382	-0.501565
63134	-6.006101	-2.672247	0.017926
63135	-6.517244	0.319582	0.667105
63136	-7.023892	3.326777	1.426326
63137	-7.452267	6.272993	2.316266
63138	-7.754157	9.017389	3.365839
63139	-7.985044	11.528892	4.531827
63140	-8.118853	13.724083	5.778428
63141	-8.076250	15.571769	7.024210
63142	-7.963141	17.031697	8.144021
63143	-7.980356	18.097247	8.981388
63144	-8.222832	18.751140	9.425611
63145	-8.679520	19.004585	9.489928
63146	-9.186457	18.901406	9.339729
63147	-9.347130	18.347209	9.276385
63148	-8.852490	17.298476	9.598468
63149	-8.156953	15.769596	10.136216
63150	-7.711764	13.981195	10.612731
63151	-7.377334	11.797405	10.875692
63152	-7.047958	9.296040	11.064324
63153	-6.732999	7.009185	11.221796
63154	-6.470124	5.237887	11.267246
63155	-6.287110	3.678647	11.282550
63156	-6.180083	2.352612	11.308800
63157	-5.934978	1.349451	11.264844
63158	-5.658967	0.647427	11.182847
63159	-5.438652	0.124253	11.105142
63160	-5.187424	-0.272056	11.059165
63161	-4.833965	-0.549471	11.049214
63162	-4.453606	-0.724166	11.057424
63163	-4.107263	-0.853241	11.076543
63164	-3.807415	-0.967066	11.099549
63165	-3.571078	-1.088950	11.126130
63166	-3.366937	-1.201126	11.157214
63167	-3.194306	-1.309059	11.199311
63168	-3.054306	-1.400472	11.254145
63169	-2.932346	-1.448752	11.326212
63170	-2.832494	-1.473313	11.412622
63171	-2.751306	-1.508950	11.506085
63172	-2.688423	-1.541151	11.599687
63173	-2.610529	-1.572127	11.676958
63174	-2.521085	-1.604572	11.747565
63175	-2.438611	-1.682865	11.804583
63176	-2.366946	-1.775672	11.850807
63177	-2.293296	-1.876204	11.890866
63178	-2.225680	-1.981339	11.927353
63179	-2.169012	-2.112489	11.961140
63180	-2.118996	-2.264899	11.985072
63181	-2.074305	-2.448098	11.993007
63182	-2.025235	-2.642619	11.985841
63183	-1.958056	-2.853681	11.976144
63184	-1.873234	-3.070161	11.960863
63185	-1.765256	-3.323878	11.954720
63186	-1.652628	-3.606319	11.950747
63187	-1.534258	-3.915682	11.946385
63188	-1.430749	-4.225897	11.952653
63189	-1.367879	-4.557714	11.951485
63190	-1.314811	-4.908418	11.949550
63191	-1.270222	-5.288128	11.952717
63192	-1.232797	-5.691321	11.957254
63193	-1.193323	-6.125946	11.968847
63194	-1.141694	-6.572917	11.985629
63195	-1.085113	-7.058712	11.995581
63196	-1.011270	-7.582006	12.004008
63197	-0.919528	-8.151203	12.008015
63198	-0.811122	-8.744469	12.012340
63199	-0.698644	-9.372122	12.015398
63200	-0.591259	-10.038142	12.024557
63201	-0.501032	-10.757560	12.041210
63202	-0.439865	-11.510532	12.052338
63203	-0.410784	-12.302404	12.063647
63204	-0.394881	-13.127278	12.080280
63205	-0.405865	-14.013946	12.099840
63206	-0.440974	-14.957857	12.122679
63207	-0.502473	-15.979330	12.154033
63208	-0.588842	-17.065331	12.193752
63209	-0.681714	-18.236033	12.229346
63210	-0.793678	-19.507068	12.243963
63211	-0.906305	-20.914630	12.238412
63212	-0.971307	-22.472826	12.159580
63213	-1.030416	-24.159969	12.059853
63214	-1.046949	-25.982052	11.925606
63215	-1.013909	-28.025397	11.723716
63216	-0.936184	-30.316923	11.448960
63217	-0.817848	-32.863143	11.044443
63218	-0.656229	-35.665639	10.450507
63219	-0.265235	-38.784700	9.591206
63220	0.324220	-42.014610	8.534922
63221	1.127391	-45.354761	7.190430
63222	1.899413	-48.705626	5.446653
63223	2.881432	-51.969784	3.222553
63224	4.068319	-55.175555	0.723054
63225	5.803855	-58.197936	-2.516623
63226	8.216805	-60.930357	-6.509008
63227	11.333216	-63.166436	-11.111687
63228	14.520165	-64.697335	-15.330420
63229	16.585280	-65.082417	-17.966322
63230	16.943866	-64.552800	-18.569509
63231	16.184164	-63.544421	-17.677824
63232	14.913133	-62.377164	-16.086911
63233	13.434333	-61.150194	-14.334005
63234	11.946467	-59.914486	-12.731655
63235	10.454391	-58.631975	-11.334384
63236	9.007775	-57.294867	-10.125516
63237	7.608628	-55.802300	-8.969323
63238	6.304353	-54.115987	-7.813095
63239	5.086518	-52.167536	-6.621284
63240	3.998174	-49.958198	-5.487686
63241	3.021374	-47.484568	-4.467965
63242	2.153978	-44.838420	-3.610257
63243	1.365512	-42.057065	-2.945839
63244	0.644529	-39.243067	-2.464437
63245	-0.020403	-36.449232	-2.145141
63246	-0.609316	-33.745794	-1.948656
63247	-1.143316	-31.129687	-1.826167
63248	-1.641744	-28.575169	-1.748940
63249	-2.151907	-25.982348	-1.672685
63250	-2.687179	-23.328904	-1.561408
63251	-3.244296	-20.568800	-1.374106
63252	-3.811250	-17.757011	-1.082419
63253	-4.394937	-14.882239	-0.682229
63254	-4.975689	-11.971206	-0.194717
63255	-5.508599	-8.989926	0.348029
63256	-5.954405	-5.969121	0.916071
63257	-6.343396	-2.907810	1.467603
63258	-6.725912	0.136573	1.977542
63259	-7.102243	3.161822	2.451974
63260	-7.402702	6.093653	2.948510
63261	-7.605478	8.871727	3.512416
63262	-7.785853	11.410972	4.136838
63263	-7.991841	13.663270	4.791119
63264	-8.279396	15.573768	5.434567
63265	-8.735917	17.128077	6.023056
63266	-9.407060	18.282636	6.527167
63267	-10.235797	19.057581	6.920465
63268	-11.034019	19.472674	7.214958
63269	-11.511225	19.494275	7.479246
63270	-11.397386	19.006217	7.816392
63271	-10.720642	17.943011	8.343750
63272	-9.465621	16.248195	9.240008
63273	-8.376417	14.462849	10.257251
63274	-7.788949	12.573673	11.112257
63275	-7.375318	10.413798	11.669143
63276	-7.044419	8.049759	11.966399
63277	-6.794762	5.938144	12.025734
63278	-6.648696	4.275879	11.945378
63279	-6.628700	2.886418	11.929402
63280	-6.603691	1.865374	11.967617
63281	-6.462639	1.087456	11.976113
63282	-6.388761	0.523854	11.958416
63283	-6.408537	0.073340	11.950350
63284	-6.430523	-0.276343	11.926765
63285	-6.401458	-0.543268	11.911667
63286	-6.357789	-0.763176	11.889721
63287	-6.338527	-0.987592	11.843514
63288	-6.358230	-1.212420	11.792532
63289	-6.390071	-1.438564	11.739078
63290	-6.419802	-1.647895	11.670186
63291	-6.443240	-1.851644	11.596864
63292	-6.464943	-2.013903	11.525287
63293	-6.475809	-2.176869	11.457940
63294	-6.489421	-2.321266	11.409413
63295	-6.486774	-2.482344	11.371920
63296	-6.436565	-2.634113	11.344915
63297	-6.317268	-2.784857	11.329094
63298	-6.148259	-2.906927	11.331299
63299	-5.936224	-3.009382	11.360318
63300	-5.697474	-3.062003	11.420805
63301	-5.450373	-3.103507	11.504281
63302	-5.200032	-3.120536	11.605385
63303	-4.938725	-3.144320	11.711695
63304	-4.678764	-3.155482	11.826816
63305	-4.427970	-3.194714	11.928312
63306	-4.205352	-3.259665	12.009237
63307	-3.990951	-3.387441	12.065932
63308	-3.794753	-3.544877	12.098187
63309	-3.599488	-3.760878	12.142162
63310	-3.437115	-4.013799	12.182957
63311	-3.309051	-4.308330	12.227057
63312	-3.215752	-4.627271	12.262158
63313	-3.141341	-4.976175	12.302166
63314	-3.078416	-5.328294	12.349061
63315	-3.024308	-5.711176	12.399111
63316	-2.977715	-6.103614	12.452007
63317	-2.933271	-6.529857	12.499052
63318	-2.886376	-6.970829	12.539414
63319	-2.817822	-7.447074	12.575015
63320	-2.732474	-7.934823	12.602179
63321	-2.626258	-8.463216	12.625636
63322	-2.500659	-9.017033	12.649943
63323	-2.369316	-9.617455	12.679867
63324	-2.238673	-10.245072	12.710603
63325	-2.122445	-10.922200	12.741899
63326	-2.027390	-11.629604	12.768639
63327	-1.951986	-12.396904	12.799889
63328	-1.915387	-13.199632	12.830678
63329	-1.914887	-14.048144	12.871829
63330	-1.950433	-14.929524	12.925413
63331	-2.028839	-15.877679	12.996995
63332	-2.154130	-16.881779	13.078978
63333	-2.325087	-17.968084	13.164040
63334	-2.518531	-19.116943	13.255889
63335	-2.704600	-20.361955	13.335094
63336	-2.906850	-21.747499	13.397930
63337	-3.106157	-23.269622	13.384579
63338	-3.328755	-24.899807	13.368080
63339	-3.540552	-26.665662	13.316724
63340	-3.734771	-28.631618	13.215898
63341	-3.919945	-30.822539	13.086183
63342	-4.131592	-33.282216	12.925820
63343	-4.344932	-35.999740	12.702288
63344	-4.440025	-38.981784	12.336717
63345	-4.406145	-42.196354	11.793611
63346	-4.400678	-45.456498	11.047989
63347	-4.059665	-48.821609	10.203889
63348	-3.774785	-52.183571	9.037583
63349	-3.419535	-55.523341	7.555652
63350	-2.877625	-58.676311	5.698244
63351	-1.699901	-61.692307	3.216012
63352	0.338402	-64.539933	-0.032992
63353	3.395380	-67.109247	-4.106539
63354	7.209564	-69.132324	-8.601499
63355	10.535636	-70.004047	-12.378056
63356	12.234849	-69.885204	-14.315190
63357	12.268939	-69.018556	-14.276004
63358	11.253693	-67.668041	-12.952021
63359	9.795526	-66.012289	-11.081941
63360	8.332160	-64.217084	-9.210620
63361	6.985834	-62.352544	-7.509242
63362	5.857584	-60.508097	-6.127611
63363	4.901019	-58.635080	-5.011448
63364	4.101938	-56.690206	-4.125362
63365	3.357777	-54.586651	-3.358124
63366	2.655380	-52.312839	-2.680032
63367	1.940907	-49.848513	-2.036016
63368	1.222788	-47.284849	-1.413397
63369	0.525540	-44.615297	-0.804703
63370	-0.106472	-41.912513	-0.263755
63371	-0.716607	-39.146384	0.236081
63372	-1.299231	-36.355935	0.679071
63373	-1.830221	-33.512579	1.023447
63374	-2.273563	-30.709950	1.230333
63375	-2.644349	-27.953216	1.287665
63376	-2.959280	-25.271966	1.198813
63377	-3.258585	-22.583445	1.015204
63378	-3.574208	-19.870621	0.818591
63379	-3.921020	-17.086763	0.698582
63380	-4.285137	-14.307142	0.704103
63381	-4.691019	-11.516722	0.862730
63382	-5.173454	-8.733572	1.160592
63383	-5.772864	-5.871321	1.583594
63384	-6.429048	-2.947429	2.124454
63385	-7.020096	0.059887	2.781290
63386	-7.402354	3.024308	3.561308
63387	-7.527114	5.868885	4.469362
63388	-7.448520	8.447674	5.449122
63389	-7.288042	10.715488	6.407720
63390	-7.109992	12.607468	7.243394
63391	-7.017663	14.164791	7.867856
63392	-7.164464	15.380603	8.219304
63393	-7.656456	16.238075	8.305460
63394	-8.417467	16.699454	8.215375
63395	-9.123584	16.699089	8.152459
63396	-9.417707	16.287973	8.285086
63397	-9.119633	15.525630	8.768361
63398	-8.483487	14.126481	9.413541
63399	-7.786619	12.576269	10.012248
63400	-7.321793	10.879366	10.256271
63401	-6.990329	8.975800	10.231483
63402	-6.672831	6.987376	10.224556
63403	-6.475840	5.274860	10.294350
63404	-6.350398	3.897794	10.366316
63405	-6.284166	2.712712	10.429729
63406	-6.201891	1.821151	10.457365
63407	-6.085556	1.070189	10.455013
63408	-6.029299	0.484973	10.460890
63409	-6.032575	-0.018708	10.463556
63410	-6.049713	-0.406010	10.468337
63411	-6.044773	-0.741416	10.470451
63412	-6.068400	-1.012528	10.454753
63413	-6.115287	-1.280856	10.407514
63414	-6.178129	-1.532917	10.353026
63415	-6.246588	-1.796271	10.268835
63416	-6.311591	-2.024742	10.161714
63417	-6.375427	-2.253559	10.046725
63418	-6.439758	-2.462644	9.932696
63419	-6.510793	-2.668829	9.830807
63420	-6.592921	-2.859113	9.747686
63421	-6.671997	-3.079436	9.674650
63422	-6.721991	-3.301959	9.607782
63423	-6.728237	-3.531261	9.558389
63424	-6.688460	-3.731040	9.531401
63425	-6.596907	-3.919719	9.517743
63426	-6.465127	-4.074372	9.520627
63427	-6.304520	-4.216912	9.544380
63428	-6.130018	-4.323227	9.591894
63429	-5.926575	-4.396779	9.666544
63430	-5.698964	-4.440847	9.760090
63431	-5.478848	-4.469304	9.863412
63432	-5.272675	-4.497620	9.959803
63433	-5.097736	-4.549310	10.036495
63434	-4.955532	-4.608970	10.083595
63435	-4.870421	-4.705308	10.061421
63436	-4.757559	-4.873196	10.068841
63437	-4.614414	-5.107162	10.100472
63438	-4.482062	-5.368548	10.140729
63439	-4.354552	-5.675502	10.181993
63440	-4.232596	-6.005382	10.229645
63441	-4.124345	-6.377794	10.283678
63442	-4.024668	-6.789314	10.329669
63443	-3.919187	-7.249093	10.378332
63444	-3.800031	-7.746748	10.428401
63445	-3.664665	-8.287724	10.471702
63446	-3.514256	-8.861219	10.504396
63447	-3.351371	-9.487024	10.529428
63448	-3.178021	-10.149346	10.560151
63449	-3.013689	-10.856673	10.596384
63450	-2.870811	-11.594358	10.631389
63451	-2.758844	-12.379081	10.674252
63452	-2.689392	-13.189790	10.731358
63453	-2.671355	-14.049141	10.799455
63454	-2.715397	-14.947980	10.873241
63455	-2.793900	-15.899307	10.956782
63456	-2.914826	-16.902193	11.055561
63457	-3.077653	-17.970588	11.165719
63458	-3.280232	-19.110380	11.280938
63459	-3.499072	-20.339666	11.387496
63460	-3.721626	-21.666682	11.476786
63461	-3.911371	-23.143271	11.508124
63462	-4.091306	-24.735231	11.498915
63463	-4.274260	-26.425424	11.479866
63464	-4.431962	-28.288917	11.419704
63465	-4.569310	-30.338904	11.318916
63466	-4.710674	-32.627405	11.185836
63467	-4.908944	-35.174286	11.020495
63468	-5.029439	-37.971789	10.727503
63469	-4.974549	-41.050968	10.322867
63470	-4.941258	-44.224915	9.716158
63471	-4.656888	-47.454789	8.977095
63472	-4.221665	-50.716957	8.164417
63473	-3.773935	-54.020204	6.956564
63474	-3.293345	-57.289625	5.508112
63475	-2.373887	-60.475173	3.564218
63476	-0.923512	-63.669594	1.133908
63477	1.350893	-66.752157	-2.151638
63478	4.805827	-69.450981	-6.473615
63479	8.710288	-71.284077	-10.754971
63480	11.287025	-71.747267	-13.292591
63481	11.463514	-71.064705	-13.146680
63482	10.023702	-69.554373	-11.102245
63483	7.995534	-67.508877	-8.367829
63484	6.153170	-65.244373	-5.849344
63485	4.736110	-62.955458	-3.855245
63486	3.788325	-60.803801	-2.499343
63487	3.112784	-58.797830	-1.637290
63488	2.596227	-56.866870	-1.145049
63489	2.134808	-54.827568	-0.838859
63490	1.705078	-52.567023	-0.554195
63491	1.299247	-50.020502	-0.201055
63492	0.927498	-47.269086	0.209365
63493	0.566837	-44.364218	0.612677
63494	0.192148	-41.403960	0.941667
63495	-0.219276	-38.409367	1.161084
63496	-0.651344	-35.480433	1.246877
63497	-1.095599	-32.649728	1.208246
63498	-1.527552	-29.970190	1.048112
63499	-1.976234	-27.375775	0.809060
63500	-2.459533	-24.829450	0.529029
63501	-2.956501	-22.215636	0.222233
63502	-3.406989	-19.564548	-0.070705
63503	-3.796673	-16.889177	-0.292347
63504	-4.140664	-14.263709	-0.379952
63505	-4.520518	-11.669475	-0.288526
63506	-5.022359	-9.113648	0.024946
63507	-5.654526	-6.510093	0.581129
63508	-6.267752	-3.877609	1.386068
63509	-6.724088	-1.228171	2.413894
63510	-6.963280	1.333327	3.616123
63511	-7.011427	3.758216	4.937640
63512	-6.916126	5.998094	6.304033
63513	-6.731814	8.089887	7.651961
63514	-6.451264	10.037342	8.911414
63515	-6.073356	11.824785	9.993280
63516	-5.730359	13.355545	10.818924
63517	-5.607217	14.556095	11.337499
63518	-5.834215	15.371711	11.556301
63519	-6.400753	15.734039	11.565438
63520	-6.929355	15.555160	11.581678
63521	-7.005109	14.752358	11.865266
63522	-6.769267	13.078645	12.586989
63523	-6.343044	11.267697	13.617788
63524	-5.913028	9.330549	14.266604
63525	-5.530444	7.250377	14.352543
63526	-5.298319	5.196352	14.285321
63527	-5.244195	3.454965	14.299551
63528	-5.223386	2.136853	14.304395
63529	-5.058547	1.229430	14.193506
63530	-4.899771	0.557824	14.112580
63531	-4.859314	-0.000051	14.063920
63532	-4.830512	-0.485014	14.035101
63533	-4.736257	-0.888295	14.023665
63534	-4.585676	-1.165453	14.020534
63535	-4.401102	-1.350636	14.019587
63536	-4.201919	-1.460331	14.028440
63537	-4.019230	-1.585658	14.044871
63538	-3.881650	-1.716561	14.059419
63539	-3.789788	-1.869695	14.079080
63540	-3.730701	-1.988161	14.101787
63541	-3.676138	-2.092933	14.131296
63542	-3.618281	-2.139978	14.170284
63543	-3.544105	-2.168829	14.210953
63544	-3.456194	-2.154058	14.265648
63545	-3.334438	-2.148380	14.326067
63546	-3.176474	-2.129948	14.389949
63547	-2.989721	-2.149429	14.466096
63548	-2.794723	-2.210400	14.524020
63549	-2.599383	-2.335795	14.566742
63550	-2.422725	-2.478929	14.592707
63551	-2.265735	-2.671613	14.607562
63552	-2.103884	-2.899718	14.609285
63553	-1.912423	-3.193137	14.620338
63554	-1.711196	-3.528553	14.626087
63555	-1.533277	-3.903738	14.617176
63556	-1.382542	-4.299270	14.615480
63557	-1.255418	-4.724046	14.618926
63558	-1.150005	-5.165458	14.628237
63559	-1.067321	-5.639571	14.642554
63560	-0.998314	-6.116407	14.658414
63561	-0.933486	-6.609594	14.675054
63562	-0.872776	-7.101533	14.697844
63563	-0.821090	-7.621215	14.720813
63564	-0.775758	-8.141490	14.743066
63565	-0.733048	-8.685016	14.766565
63566	-0.685865	-9.230463	14.793643
63567	-0.630361	-9.808671	14.822306
63568	-0.569186	-10.401471	14.844448
63569	-0.507583	-11.034859	14.860123
63570	-0.443817	-11.685767	14.871843
63571	-0.381833	-12.372169	14.876600
63572	-0.322880	-13.081243	14.889025
63573	-0.274477	-13.839606	14.894352
63574	-0.243519	-14.636732	14.898073
63575	-0.232816	-15.493068	14.905333
63576	-0.236039	-16.379469	14.913448
63577	-0.260493	-17.321821	14.927925
63578	-0.295461	-18.321701	14.938833
63579	-0.332045	-19.409455	14.945955
63580	-0.367588	-20.559583	14.960898
63581	-0.390369	-21.801276	14.978921
63582	-0.401475	-23.114299	15.001700
63583	-0.397633	-24.543814	15.011837
63584	-0.359366	-26.124980	14.950865
63585	-0.252834	-27.882791	14.797420
63586	-0.097601	-29.764409	14.575987
63587	0.160607	-31.846961	14.246132
63588	0.545055	-34.200227	13.781642
63589	1.042151	-36.801142	13.112896
63590	1.646005	-39.661583	12.156439
63591	2.566383	-42.822171	10.921034
63592	3.732966	-46.161792	9.497226
63593	4.973048	-49.557744	7.653959
63594	6.470448	-52.974744	5.337654
63595	8.228732	-56.263150	2.500616
63596	10.328034	-59.438170	-0.906303
63597	13.008218	-62.411757	-5.175404
63598	16.465109	-65.117371	-10.409223
63599	20.887923	-67.425968	-16.639331
63600	25.698522	-69.313537	-23.063166
63601	29.620791	-70.685996	-28.372364
63602	30.832208	-71.182149	-30.571696
63603	29.289463	-71.063734	-29.276354
63604	25.879375	-70.332897	-25.505537
63605	21.755173	-69.044519	-20.808264
63606	17.951853	-67.343772	-16.558728
63607	14.799380	-65.333565	-13.283757
63608	12.358140	-63.170900	-11.056317
63609	10.459529	-60.923751	-9.622316
63610	9.014121	-58.602786	-8.706440
63611	7.849334	-56.193754	-7.987979
63612	6.858972	-53.716728	-7.309941
63613	5.895689	-51.119712	-6.555597
63614	4.915568	-48.433995	-5.747070
63615	3.867587	-45.646851	-4.900076
63616	2.800470	-42.825686	-4.085570
63617	1.744184	-39.959060	-3.342885
63618	0.730221	-37.094016	-2.713538
63619	-0.236473	-34.204026	-2.211578
63620	-1.127641	-31.344152	-1.847799
63621	-1.933656	-28.473121	-1.566391
63622	-2.648788	-25.636510	-1.316650
63623	-3.311436	-22.774889	-1.080947
63624	-3.964349	-19.893364	-0.886555
63625	-4.645312	-16.933535	-0.749651
63626	-5.338697	-13.923705	-0.669730
63627	-5.991596	-10.849850	-0.594312
63628	-6.552207	-7.769518	-0.472466
63629	-7.026621	-4.662410	-0.235287
63630	-7.417878	-1.584229	0.164452
63631	-7.728143	1.463669	0.759924
63632	-7.907465	4.371461	1.561630
63633	-7.912424	7.108309	2.557618
63634	-7.730477	9.582756	3.678478
63635	-7.406861	11.770138	4.852368
63636	-7.005173	13.603952	5.994059
63637	-6.683151	15.098192	6.965157
63638	-6.630605	16.283037	7.676850
63639	-6.966840	17.177903	8.103786
63640	-7.577629	17.743079	8.324786
63641	-8.240551	17.946958	8.457938
63642	-8.676684	17.735221	8.641459
63643	-8.653670	17.060908	9.026839
63644	-8.048659	15.934003	9.789246
63645	-7.172587	14.387111	10.819042
63646	-6.489813	12.749614	11.786298
63647	-6.113083	10.847665	12.369956
63648	-5.834408	8.617338	12.664502
63649	-5.590514	6.271481	12.836283
63650	-5.353082	4.299933	12.814227
63651	-5.226788	2.729669	12.718766
63652	-5.191696	1.468096	12.657631
63653	-5.074411	0.633853	12.577325
63654	-4.884647	0.035586	12.527733
63655	-4.751189	-0.432974	12.525185
63656	-4.674590	-0.804492	12.549010
63657	-4.550167	-1.074736	12.586669
63658	-4.405325	-1.242136	12.637270
63659	-4.239129	-1.392427	12.671752
63660	-4.057647	-1.518210	12.690470
63661	-3.857855	-1.642583	12.703790
63662	-3.650012	-1.745999	12.739743
63663	-3.419457	-1.840086	12.827170
63664	-3.177025	-1.900476	12.939684
63665	-2.935860	-1.934073	13.072436
63666	-2.722149	-1.930583	13.225577
63667	-2.561605	-1.979227	13.383671
63668	-2.440810	-2.054720	13.524136
63669	-2.334706	-2.176012	13.629930
63670	-2.233928	-2.295200	13.708397
63671	-2.125517	-2.450261	13.754285
63672	-2.023457	-2.604350	13.765691
63673	-1.934602	-2.771583	13.746030
63674	-1.857339	-2.934587	13.701952
63675	-1.798681	-3.109435	13.641927
63676	-1.766307	-3.278892	13.577228
63677	-1.738369	-3.479814	13.512862
63678	-1.712635	-3.701153	13.444765
63679	-1.647465	-3.966107	13.390853
63680	-1.551149	-4.249745	13.337571
63681	-1.445639	-4.564064	13.291029
63682	-1.369318	-4.896891	13.246266
63683	-1.315054	-5.280521	13.207825
63684	-1.284440	-5.684708	13.174710
63685	-1.266496	-6.125167	13.147127
63686	-1.258381	-6.569320	13.133323
63687	-1.260028	-7.040760	13.128248
63688	-1.275294	-7.526333	13.131367
63689	-1.286551	-8.048682	13.143190
63690	-1.300840	-8.574083	13.155318
63691	-1.299890	-9.125846	13.166857
63692	-1.293042	-9.691793	13.173502
63693	-1.275013	-10.302388	13.175020
63694	-1.256780	-10.942176	13.177474
63695	-1.243535	-11.628160	13.183599
63696	-1.251354	-12.333791	13.194567
63697	-1.282639	-13.096829	13.215163
63698	-1.356793	-13.901650	13.243636
63699	-1.466033	-14.768637	13.283340
63700	-1.600082	-15.685047	13.339277
63701	-1.744069	-16.664412	13.405936
63702	-1.904195	-17.705230	13.482055
63703	-2.072444	-18.833671	13.560349
63704	-2.241681	-20.049879	13.636168
63705	-2.389999	-21.373336	13.681980
63706	-2.495270	-22.790979	13.687727
63707	-2.569633	-24.360218	13.644814
63708	-2.602471	-26.050196	13.511247
63709	-2.600336	-27.865516	13.340450
63710	-2.555376	-29.836358	13.105053
63711	-2.462186	-32.032221	12.780205
63712	-2.341547	-34.456241	12.349036
63713	-2.259785	-37.130759	11.820922
63714	-2.057753	-40.054028	11.131852
63715	-1.746364	-43.241082	10.278936
63716	-1.279290	-46.514358	9.256246
63717	-0.629603	-49.921828	8.057255
63718	-0.084670	-53.296714	6.562055
63719	0.697725	-56.577473	4.610630
63720	1.672214	-59.729859	2.279773
63721	3.246632	-62.750050	-0.723403
63722	5.502268	-65.653969	-4.493152
63723	8.746495	-68.352144	-9.351370
63724	12.829304	-70.647434	-14.913064
63725	16.848523	-72.302266	-20.018356
63726	19.095292	-72.944748	-22.973464
63727	18.870828	-72.796589	-22.868683
63728	16.864788	-71.989369	-20.497360
63729	13.979339	-70.576879	-17.066411
63730	11.123671	-68.700038	-13.686827
63731	8.727733	-66.502332	-10.890546
63732	6.952610	-64.183554	-8.847800
63733	5.699490	-61.862474	-7.435685
63734	4.875874	-59.608866	-6.507155
63735	4.327169	-57.375096	-5.877993
63736	3.951999	-55.111636	-5.406112
63737	3.624157	-52.706246	-4.982114
63738	3.263984	-50.147383	-4.537757
63739	2.799742	-47.419377	-4.004443
63740	2.244839	-44.610798	-3.420672
63741	1.595454	-41.724649	-2.781203
63742	0.918084	-38.807882	-2.163378
63743	0.228021	-35.887561	-1.631627
63744	-0.465529	-33.054098	-1.222801
63745	-1.155676	-30.311371	-0.955112
63746	-1.804489	-27.676948	-0.831087
63747	-2.392145	-25.046045	-0.821484
63748	-2.911260	-22.405746	-0.867394
63749	-3.376944	-19.681623	-0.928588
63750	-3.805104	-16.909471	-0.964969
63751	-4.256473	-14.062959	-0.933420
63752	-4.787203	-11.191297	-0.797839
63753	-5.411575	-8.258869	-0.535620
63754	-6.066957	-5.302887	-0.116525
63755	-6.689076	-2.285423	0.455950
63756	-7.215581	0.726656	1.177761
63757	-7.596696	3.669997	2.055950
63758	-7.806922	6.426393	3.087482
63759	-7.881577	8.967564	4.220017
63760	-7.848210	11.244297	5.378517
63761	-7.714437	13.268025	6.490764
63762	-7.578399	15.023726	7.472885
63763	-7.635954	16.480075	8.251473
63764	-8.031397	17.574422	8.808619
63765	-8.722776	18.257016	9.186387
63766	-9.463818	18.534301	9.468583
63767	-9.946961	18.442838	9.781677
63768	-9.913464	17.912953	10.276076
63769	-9.333559	16.905522	11.047186
63770	-8.451939	15.540418	11.996918
63771	-7.713123	14.037678	12.735567
63772	-7.198440	12.212723	13.082173
63773	-6.759189	10.015364	13.192695
63774	-6.444871	7.771023	13.295321
63775	-6.203747	5.874961	13.350564
63776	-6.097488	4.319638	13.392244
63777	-6.134471	2.939145	13.413804
63778	-6.235343	1.795746	13.390096
63779	-6.247954	0.920540	13.357842
63780	-6.235656	0.235907	13.389360
63781	-6.248622	-0.304186	13.419473
63782	-6.238541	-0.692511	13.410412
63783	-6.171046	-0.998528	13.410678
63784	-6.070825	-1.220474	13.414088
63785	-5.952882	-1.426307	13.389168
63786	-5.824408	-1.593094	13.367793
63787	-5.656243	-1.764457	13.342599
63788	-5.464050	-1.924592	13.312136
63789	-5.241654	-2.091667	13.295007
63790	-5.004527	-2.234538	13.297756
63791	-4.778860	-2.358625	13.316517
63792	-4.594260	-2.450778	13.353745
63793	-4.452285	-2.552091	13.407048
63794	-4.296926	-2.625773	13.470846
63795	-4.114171	-2.700969	13.540469
63796	-3.916917	-2.751271	13.617208
63797	-3.720834	-2.802499	13.705006
63798	-3.531100	-2.851947	13.789955
63799	-3.360540	-2.927936	13.863925
63800	-3.206399	-3.019121	13.928084
63801	-3.081470	-3.143256	13.977828
63802	-2.975693	-3.267613	14.020111
63803	-2.894627	-3.423295	14.054776
63804	-2.845230	-3.597259	14.063033
63805	-2.810748	-3.804099	14.049638
63806	-2.786296	-4.022344	14.029288
63807	-2.757792	-4.287351	13.999187
63808	-2.700498	-4.576288	13.982336
63809	-2.648242	-4.918036	13.961854
63810	-2.602182	-5.293500	13.944705
63811	-2.567618	-5.697086	13.930882
63812	-2.536603	-6.108480	13.933564
63813	-2.515345	-6.545868	13.947794
63814	-2.502222	-7.006475	13.962774
63815	-2.482838	-7.509431	13.982287
63816	-2.461871	-8.021742	13.999935
63817	-2.432638	-8.569602	14.015882
63818	-2.401183	-9.136485	14.022796
63819	-2.360496	-9.754620	14.026504
63820	-2.306138	-10.404587	14.030667
63821	-2.244158	-11.108729	14.039034
63822	-2.182874	-11.849054	14.059179
63823	-2.129565	-12.643459	14.086098
63824	-2.102293	-13.476968	14.119788
63825	-2.099350	-14.376754	14.162386
63826	-2.122917	-15.321064	14.216162
63827	-2.170331	-16.328280	14.279098
63828	-2.242925	-17.379441	14.353612
63829	-2.330143	-18.509050	14.426208
63830	-2.434727	-19.706937	14.491225
63831	-2.538838	-20.993789	14.534807
63832	-2.625095	-22.356692	14.545827
63833	-2.684976	-23.828059	14.514240
63834	-2.716170	-25.421802	14.426333
63835	-2.714942	-27.151398	14.264681
63836	-2.698053	-28.971522	14.086073
63837	-2.628317	-30.959159	13.851803
63838	-2.532177	-33.136146	13.544674
63839	-2.416829	-35.585261	13.142302
63840	-2.302483	-38.293321	12.633213
63841	-2.115465	-41.252937	11.980840
63842	-1.838318	-44.505898	11.199516
63843	-1.486909	-47.957249	10.319099
63844	-0.943827	-51.492277	9.237387
63845	-0.421309	-55.099993	7.959253
63846	0.242971	-58.544875	6.260328
63847	1.100101	-61.907643	4.244787
63848	2.485793	-65.125293	1.572440
63849	4.602588	-68.196511	-1.922752
63850	7.808491	-71.053206	-6.630604
63851	12.442427	-73.473493	-12.702786
63852	17.279122	-75.275977	-18.514050
63853	19.135873	-75.782958	-20.863720
63854	16.955008	-75.133237	-18.486365
63855	12.972408	-73.568129	-13.729680
63856	9.173504	-71.349248	-8.980310
63857	6.402359	-68.744940	-5.364481
63858	4.714759	-65.999431	-3.061075
63859	3.789542	-63.244411	-1.816798
63860	3.353507	-60.561578	-1.349788
63861	3.184104	-57.885134	-1.352825
63862	3.132547	-55.198975	-1.552141
63863	3.083893	-52.409004	-1.737172
63864	2.991623	-49.529769	-1.814892
63865	2.780867	-46.557209	-1.728048
63866	2.435163	-43.562953	-1.495829
63867	1.915521	-40.515077	-1.151139
63868	1.249492	-37.462873	-0.740873
63869	0.476184	-34.406239	-0.301937
63870	-0.326433	-31.436978	0.109529
63871	-1.123824	-28.547902	0.449444
63872	-1.900016	-25.777867	0.685909
63873	-2.663449	-23.048359	0.817616
63874	-3.400179	-20.321360	0.834207
63875	-4.102046	-17.531175	0.779618
63876	-4.735253	-14.731829	0.714994
63877	-5.318537	-11.905316	0.700608
63878	-5.861427	-9.108341	0.796210
63879	-6.369778	-6.315033	1.039109
63880	-6.838816	-3.581911	1.428874
63881	-7.293565	-0.865291	1.969888
63882	-7.697018	1.785543	2.644405
63883	-8.013758	4.373642	3.427764
63884	-8.185250	6.828203	4.297213
63885	-8.198236	9.139749	5.205396
63886	-8.101940	11.225949	6.093037
63887	-8.018968	13.049818	6.886299
63888	-8.092372	14.571471	7.501002
63889	-8.442197	15.792956	7.880185
63890	-9.073157	16.696282	8.035531
63891	-9.909411	17.266246	8.042640
63892	-10.789270	17.493085	7.982074
63893	-11.503141	17.343629	7.997691
63894	-11.789510	16.773526	8.274897
63895	-11.476716	15.858743	8.948587
63896	-10.181076	14.431727	10.245854
63897	-9.014161	12.926385	11.456991
63898	-8.292670	11.276814	12.304419
63899	-7.717289	9.291521	12.582366
63900	-7.275779	7.127840	12.566939
63901	-7.090870	5.230343	12.483266
63902	-7.067329	3.679276	12.446264
63903	-7.134171	2.309153	12.494038
63904	-7.203899	1.248783	12.531324
63905	-7.205012	0.364559	12.547738
63906	-7.238461	-0.338617	12.574861
63907	-7.303169	-0.933507	12.614061
63908	-7.339068	-1.404718	12.637380
63909	-7.345670	-1.793781	12.656758
63910	-7.322374	-2.097974	12.655966
63911	-7.278331	-2.393592	12.625324
63912	-7.231361	-2.653355	12.587491
63913	-7.164137	-2.919793	12.534712
63914	-7.086004	-3.153530	12.471443
63915	-6.985394	-3.378997	12.399730
63916	-6.880434	-3.547558	12.345885
63917	-6.764783	-3.683426	12.316239
63918	-6.657768	-3.791189	12.301252
63919	-6.550499	-3.917128	12.295041
63920	-6.408033	-4.017402	12.304112
63921	-6.214560	-4.108323	12.339728
63922	-5.985003	-4.149262	12.401700
63923	-5.733140	-4.176048	12.486904
63924	-5.480343	-4.169924	12.586240
63925	-5.240243	-4.178472	12.685263
63926	-5.030073	-4.178352	12.786402
63927	-4.846927	-4.207173	12.883949
63928	-4.684187	-4.232552	12.976210
63929	-4.542783	-4.300738	13.051450
63930	-4.419363	-4.381891	13.104474
63931	-4.301823	-4.515463	13.135307
63932	-4.191030	-4.658432	13.152565
63933	-4.093191	-4.845756	13.151771
63934	-4.019320	-5.051966	13.129135
63935	-3.940338	-5.326869	13.129059
63936	-3.894892	-5.615263	13.128834
63937	-3.870136	-5.935338	13.131322
63938	-3.859872	-6.245392	13.139741
63939	-3.867596	-6.591653	13.153434
63940	-3.887183	-6.948684	13.165167
63941	-3.914436	-7.341915	13.175242
63942	-3.934582	-7.739275	13.185088
63943	-3.918368	-8.173080	13.196714
63944	-3.876069	-8.627820	13.204693
63945	-3.816411	-9.135656	13.208109
63946	-3.760909	-9.672400	13.207002
63947	-3.710668	-10.259343	13.202601
63948	-3.676155	-10.875514	13.212073
63949	-3.660189	-11.551869	13.240048
63950	-3.673961	-12.264996	13.286739
63951	-3.730713	-13.045129	13.341274
63952	-3.820725	-13.855013	13.407397
63953	-3.929422	-14.735649	13.490638
63954	-4.075149	-15.658150	13.587647
63955	-4.245176	-16.666058	13.689554
63956	-4.435833	-17.752088	13.786833
63957	-4.615688	-18.948562	13.873562
63958	-4.770883	-20.242607	13.930435
63959	-4.920361	-21.697468	13.963665
63960	-5.074182	-23.288408	13.949051
63961	-5.251085	-25.041256	13.897801
63962	-5.437670	-26.934791	13.806282
63963	-5.624821	-29.020828	13.692619
63964	-5.821845	-31.365242	13.561837
63965	-6.061882	-33.996797	13.438210
63966	-6.390399	-36.925230	13.298403
63967	-6.797686	-40.131612	13.173615
63968	-7.237634	-43.590892	13.091639
63969	-7.753684	-47.180949	12.967232
63970	-8.288766	-50.813231	12.803948
63971	-8.714870	-54.368684	12.734759
63972	-9.213774	-57.939626	12.505564
63973	-9.693290	-61.411950	12.123897
63974	-9.831698	-64.865187	11.451069
63975	-9.643124	-68.266355	10.451413
63976	-8.651328	-71.518019	8.611328
63977	-6.271041	-74.296662	5.425807
63978	-1.849984	-75.982970	0.412872
63979	2.120096	-75.834090	-3.941886
63980	4.077176	-74.404068	-5.948429
63981	4.556948	-72.276814	-5.980785
63982	4.540095	-69.842854	-5.216880
63983	4.455392	-67.255289	-4.239139
63984	4.444393	-64.624893	-3.342292
63985	4.456059	-61.953676	-2.638961
63986	4.430952	-59.298232	-2.175319
63987	4.297263	-56.604059	-1.890540
63988	4.055213	-53.845942	-1.705518
63989	3.661547	-50.984042	-1.473306
63990	3.189891	-48.039051	-1.154984
63991	2.658513	-44.996032	-0.729044
63992	2.086124	-41.933010	-0.252922
63993	1.430677	-38.820926	0.230987
63994	0.709455	-35.729824	0.649179
63995	-0.060459	-32.642064	0.984881
63996	-0.827822	-29.642152	1.200369
63997	-1.576013	-26.685634	1.310282
63998	-2.259205	-23.800036	1.312494
63999	-2.879539	-20.914690	1.213718
64000	-3.452009	-18.033739	1.042453
64001	-4.004222	-15.076551	0.858489
64002	-4.541469	-12.101115	0.701464
64003	-5.075894	-9.096266	0.635147
64004	-5.603996	-6.135063	0.693230
64005	-6.172297	-3.193383	0.892687
64006	-6.790199	-0.332397	1.199779
64007	-7.407058	2.471293	1.605695
64008	-7.935844	5.167896	2.109637
64009	-8.355602	7.757135	2.702215
64010	-8.670786	10.170137	3.343209
64011	-8.869461	12.363271	3.990416
64012	-8.997158	14.249493	4.592181
64013	-9.226002	15.824800	5.084538
64014	-9.630695	17.083581	5.464909
64015	-10.199903	18.023544	5.761592
64016	-10.846595	18.595745	6.023582
64017	-11.479665	18.754543	6.289405
64018	-11.820855	18.418673	6.683092
64019	-11.588965	17.563422	7.305883
64020	-10.583872	16.209407	8.388608
64021	-9.362730	14.625853	9.593222
64022	-8.517847	12.936196	10.543314
64023	-7.949114	10.989191	11.048541
64024	-7.473771	8.784194	11.205235
64025	-7.139138	6.580898	11.227985
64026	-6.979106	4.812684	11.165214
64027	-6.932898	3.321929	11.132586
64028	-6.948471	2.088380	11.186735
64029	-6.844896	1.139398	11.234677
64030	-6.695636	0.389954	11.252193
64031	-6.636593	-0.213780	11.278611
64032	-6.613158	-0.697160	11.280519
64033	-6.554175	-1.093103	11.278921
64034	-6.429430	-1.427014	11.275079
64035	-6.270099	-1.763924	11.247397
64036	-6.089045	-2.054042	11.201229
64037	-5.864420	-2.347969	11.148393
64038	-5.566278	-2.585427	11.108275
64039	-5.156311	-2.786269	11.092462
64040	-4.660795	-2.886464	11.113072
64041	-4.158719	-2.894752	11.174676
64042	-3.717425	-2.815568	11.281008
64043	-3.352643	-2.744530	11.417269
64044	-3.074082	-2.703825	11.563970
64045	-2.838854	-2.716657	11.710750
64046	-2.641839	-2.745485	11.849561
64047	-2.474213	-2.824083	11.978061
64048	-2.325021	-2.895343	12.092295
64049	-2.187313	-3.010296	12.174578
64050	-2.071591	-3.132159	12.228045
64051	-1.976423	-3.300253	12.259326
64052	-1.894209	-3.475278	12.270493
64053	-1.822076	-3.672271	12.267689
64054	-1.755486	-3.874616	12.249139
64055	-1.684486	-4.113788	12.223151
64056	-1.610912	-4.358869	12.188413
64057	-1.511869	-4.643846	12.156116
64058	-1.408310	-4.919349	12.128753
64059	-1.303270	-5.230686	12.109739
64060	-1.182293	-5.547284	12.116777
64061	-1.074809	-5.902911	12.133140
64062	-1.015582	-6.255476	12.125226
64063	-0.965042	-6.640702	12.114562
64064	-0.929647	-7.023873	12.115367
64065	-0.896470	-7.444312	12.119812
64066	-0.873621	-7.865714	12.123663
64067	-0.845770	-8.329642	12.127604
64068	-0.807573	-8.790187	12.127491
64069	-0.749982	-9.295019	12.127875
64070	-0.681277	-9.809949	12.125389
64071	-0.601099	-10.373182	12.120374
64072	-0.523071	-10.957723	12.119171
64073	-0.443120	-11.588416	12.131877
64074	-0.359620	-12.242578	12.157568
64075	-0.280375	-12.954149	12.193350
64076	-0.214557	-13.713212	12.220439
64077	-0.154867	-14.552461	12.244960
64078	-0.108417	-15.444971	12.258761
64079	-0.059275	-16.427886	12.273641
64080	-0.004046	-17.494043	12.281911
64081	0.059300	-18.690831	12.271133
64082	0.120182	-20.025471	12.242878
64083	0.225376	-21.538775	12.154369
64084	0.362048	-23.199676	12.038002
64085	0.535228	-25.032229	11.871563
64086	0.757989	-27.053880	11.603520
64087	1.046927	-29.334657	11.190289
64088	1.405775	-31.872130	10.589767
64089	1.914673	-34.708906	9.767745
64090	2.580636	-37.803661	8.652813
64091	3.505435	-41.198146	7.234412
64092	4.806590	-44.894287	5.426337
64093	6.250768	-48.580116	3.248317
64094	7.920740	-52.169069	0.636708
64095	9.847723	-55.596770	-2.465539
64096	12.107041	-58.812208	-6.058455
64097	14.977777	-61.774405	-10.470387
64098	18.565539	-64.324626	-15.727778
64099	22.739535	-66.264799	-21.457097
64100	26.456729	-67.760877	-26.601568
64101	27.991200	-68.494816	-29.595593
64102	27.324744	-68.685590	-29.857772
64103	24.907893	-68.370003	-27.639701
64104	21.448749	-67.514101	-23.885156
64105	17.666245	-66.152235	-19.634472
64106	14.162538	-64.451340	-15.760627
64107	11.129742	-62.524054	-12.583170
64108	8.709219	-60.462998	-10.255041
64109	6.801540	-58.254543	-8.566787
64110	5.346011	-55.911460	-7.337445
64111	4.193777	-53.389917	-6.336061
64112	3.257968	-50.747479	-5.446822
64113	2.409720	-47.970391	-4.581932
64114	1.609825	-45.116176	-3.757732
64115	0.772858	-42.165752	-2.949793
64116	-0.086001	-39.173849	-2.181065
64117	-0.941442	-36.137904	-1.486108
64118	-1.741571	-33.161315	-0.887764
64119	-2.466547	-30.264660	-0.391770
64120	-3.106817	-27.510661	-0.007232
64121	-3.700914	-24.780804	0.295201
64122	-4.209879	-22.007278	0.506874
64123	-4.609824	-19.108491	0.644093
64124	-4.898118	-16.177445	0.690887
64125	-5.158296	-13.213171	0.665381
64126	-5.467002	-10.264313	0.583170
64127	-5.863495	-7.247581	0.485125
64128	-6.310755	-4.173222	0.457725
64129	-6.727008	-1.009318	0.603586
64130	-7.038516	2.092096	0.996377
64131	-7.219688	5.057953	1.667694
64132	-7.335027	7.750804	2.562628
64133	-7.429812	10.150831	3.620965
64134	-7.441831	12.131836	4.792410
64135	-7.355031	13.718835	5.967235
64136	-7.304572	14.861945	7.027673
64137	-7.349594	15.579189	7.903367
64138	-7.404210	15.872944	8.595246
64139	-7.225287	15.506660	9.302102
64140	-6.786504	14.316014	10.080475
64141	-6.262730	12.612376	10.957636
64142	-5.678096	11.039938	11.642330
64143	-5.317340	9.515681	11.643798
64144	-5.199835	7.801562	11.333159
64145	-5.058616	5.944980	11.225867
64146	-4.922592	4.345608	11.346964
64147	-4.775845	3.041866	11.502567
64148	-4.683750	1.920596	11.616368
64149	-4.681987	0.985314	11.642766
64150	-4.623572	0.261462	11.643138
64151	-4.557310	-0.333045	11.675249
64152	-4.507720	-0.803965	11.701576
64153	-4.458975	-1.207149	11.719778
64154	-4.398329	-1.522996	11.746280
64155	-4.377669	-1.808422	11.780630
64156	-4.395490	-2.050156	11.781892
64157	-4.428041	-2.296883	11.735445
64158	-4.472479	-2.485043	11.647696
64159	-4.523722	-2.648155	11.512317
64160	-4.597657	-2.783429	11.350866
64161	-4.684831	-2.907375	11.205659
64162	-4.785580	-3.034461	11.073367
64163	-4.900350	-3.195789	10.960952
64164	-4.999236	-3.367831	10.858167
64165	-5.057900	-3.571597	10.766442
64166	-5.090850	-3.764685	10.694742
64167	-5.103032	-3.961276	10.645632
64168	-5.098409	-4.129164	10.614917
64169	-5.074211	-4.290333	10.600033
64170	-5.040052	-4.423526	10.601508
64171	-4.988159	-4.559541	10.610525
64172	-4.921948	-4.674451	10.632095
64173	-4.829971	-4.777520	10.673057
64174	-4.718969	-4.837913	10.731084
64175	-4.590283	-4.896689	10.800600
64176	-4.462568	-4.951940	10.867824
64177	-4.344723	-5.035340	10.922529
64178	-4.243549	-5.139524	10.948421
64179	-4.145256	-5.302622	10.945209
64180	-4.006065	-5.529437	10.978147
64181	-3.876396	-5.814591	11.010386
64182	-3.773543	-6.121852	11.043087
64183	-3.700568	-6.466501	11.074983
64184	-3.653024	-6.824878	11.110480
64185	-3.624934	-7.208585	11.148275
64186	-3.617937	-7.608680	11.186290
64187	-3.621879	-8.048220	11.219745
64188	-3.618892	-8.502489	11.251574
64189	-3.618795	-8.984796	11.281253
64190	-3.604019	-9.484024	11.308409
64191	-3.577025	-10.026408	11.326868
64192	-3.548534	-10.605182	11.333500
64193	-3.511217	-11.227353	11.336070
64194	-3.464504	-11.882200	11.347104
64195	-3.419389	-12.583399	11.371020
64196	-3.391128	-13.321367	11.405710
64197	-3.387022	-14.125668	11.445207
64198	-3.403061	-14.986627	11.488906
64199	-3.431174	-15.911360	11.536334
64200	-3.472382	-16.904022	11.587114
64201	-3.522617	-17.990890	11.639474
64202	-3.582536	-19.169698	11.682588
64203	-3.654211	-20.483855	11.715320
64204	-3.724205	-21.932370	11.722461
64205	-3.797957	-23.555992	11.666744
64206	-3.904815	-25.311331	11.598062
64207	-3.997225	-27.252738	11.488873
64208	-4.067974	-29.414498	11.336824
64209	-4.135681	-31.828176	11.153416
64210	-4.269095	-34.540714	10.934255
64211	-4.468064	-37.539666	10.672914
64212	-4.662411	-40.790231	10.339909
64213	-4.692671	-44.320764	9.884350
64214	-4.749634	-47.939774	9.327789
64215	-4.605515	-51.555163	8.725337
64216	-4.499351	-55.144171	8.130588
64217	-4.299159	-58.678768	7.195942
64218	-3.985723	-62.120742	6.070697
64219	-3.275919	-65.501099	4.503279
64220	-2.038107	-68.788404	2.321767
64221	0.467631	-71.807455	-1.173727
64222	4.562130	-74.131437	-6.020324
64223	9.247470	-74.939961	-11.030316
64224	11.434115	-74.060646	-13.337781
64225	11.457424	-72.230885	-13.150013
64226	10.585370	-69.951148	-11.720945
64227	9.653294	-67.474792	-10.054015
64228	8.981097	-64.984111	-8.567133
64229	8.515033	-62.539494	-7.372134
64230	8.148375	-60.168256	-6.517747
64231	7.728338	-57.799964	-5.904101
64232	7.153783	-55.425835	-5.369960
64233	6.378470	-52.975806	-4.740517
64234	5.485204	-50.435344	-3.942793
64235	4.551166	-47.741869	-2.989672
64236	3.626580	-44.946566	-1.955855
64237	2.692063	-42.054036	-0.930492
64238	1.745913	-39.099542	0.007497
64239	0.783295	-36.082820	0.794182
64240	-0.154542	-33.056246	1.387164
64241	-1.045428	-30.013375	1.778672
64242	-1.846141	-26.988049	1.990344
64243	-2.557397	-23.960270	2.053258
64244	-3.167931	-20.955531	1.980913
64245	-3.700020	-17.929139	1.807316
64246	-4.197860	-14.907286	1.578573
64247	-4.728814	-11.859740	1.357178
64248	-5.312397	-8.837131	1.231421
64249	-5.972990	-5.816467	1.257268
64250	-6.706386	-2.802925	1.478589
64251	-7.446127	0.257526	1.882884
64252	-8.082553	3.290527	2.447652
64253	-8.548206	6.218087	3.144172
64254	-8.884323	8.942424	3.893983
64255	-9.143764	11.414635	4.640610
64256	-9.357891	13.556911	5.325626
64257	-9.631403	15.356803	5.894823
64258	-10.037762	16.778000	6.321706
64259	-10.617924	17.816474	6.596098
64260	-11.348977	18.469361	6.763459
64261	-12.097466	18.719467	6.876465
64262	-12.477719	18.498776	7.088391
64263	-12.178410	17.771769	7.546925
64264	-11.021376	16.437682	8.501647
64265	-9.680914	14.905109	9.538247
64266	-8.842417	13.175289	10.431408
64267	-8.208088	11.113793	11.059134
64268	-7.634834	8.717635	11.414094
64269	-7.250522	6.438669	11.598806
64270	-7.002131	4.620886	11.611261
64271	-6.829166	3.050677	11.575939
64272	-6.701675	1.712705	11.581995
64273	-6.462763	0.704056	11.535919
64274	-6.118139	-0.059925	11.487520
64275	-5.801774	-0.627963	11.450146
64276	-5.483083	-1.028583	11.421257
64277	-5.161127	-1.335743	11.429895
64278	-4.855872	-1.582496	11.458671
64279	-4.578956	-1.807915	11.479522
64280	-4.351787	-2.013872	11.494591
64281	-4.160227	-2.221104	11.511576
64282	-3.986994	-2.407043	11.525254
64283	-3.811321	-2.580724	11.534628
64284	-3.634093	-2.705423	11.547046
64285	-3.448342	-2.789745	11.563716
64286	-3.268419	-2.809295	11.614360
64287	-3.091401	-2.799289	11.699808
64288	-2.923665	-2.763919	11.809962
64289	-2.749124	-2.726074	11.928219
64290	-2.584737	-2.704507	12.037673
64291	-2.430994	-2.727446	12.144282
64292	-2.289977	-2.790254	12.232228
64293	-2.168836	-2.904677	12.309557
64294	-2.064687	-3.037435	12.366943
64295	-1.971803	-3.217411	12.404883
64296	-1.886705	-3.407427	12.425072
64297	-1.808703	-3.624570	12.420375
64298	-1.730586	-3.849904	12.402994
64299	-1.638541	-4.097522	12.378098
64300	-1.536796	-4.362572	12.358649
64301	-1.421624	-4.672280	12.342090
64302	-1.322356	-4.993401	12.325123
64303	-1.230119	-5.339398	12.310599
64304	-1.145512	-5.684629	12.309612
64305	-1.094762	-6.042263	12.297062
64306	-1.061875	-6.405337	12.288968
64307	-1.046657	-6.798341	12.289577
64308	-1.048139	-7.195393	12.295449
64309	-1.058296	-7.621354	12.308457
64310	-1.063749	-8.052059	12.325220
64311	-1.060564	-8.524438	12.333836
64312	-1.043556	-9.021659	12.336905
64313	-1.003559	-9.565929	12.337238
64314	-0.950810	-10.135340	12.340291
64315	-0.884419	-10.750867	12.354686
64316	-0.820708	-11.403806	12.379107
64317	-0.763547	-12.118556	12.410273
64318	-0.711220	-12.880587	12.440438
64319	-0.668512	-13.699808	12.473777
64320	-0.632357	-14.558504	12.509177
64321	-0.611142	-15.488860	12.540335
64322	-0.614602	-16.484457	12.571958
64323	-0.631508	-17.567382	12.594735
64324	-0.659948	-18.722307	12.608912
64325	-0.681085	-19.970178	12.612435
64326	-0.680999	-21.319934	12.587172
64327	-0.637686	-22.853393	12.513006
64328	-0.580289	-24.479309	12.397767
64329	-0.473025	-26.259273	12.246004
64330	-0.297324	-28.197469	11.999574
64331	-0.060572	-30.363444	11.631666
64332	0.244796	-32.783633	11.105143
64333	0.646655	-35.461038	10.424188
64334	1.172231	-38.350410	9.491303
64335	1.903546	-41.501759	8.325728
64336	2.919437	-44.889988	6.920723
64337	4.086738	-48.377983	5.180690
64338	5.422855	-51.899682	3.071506
64339	6.965379	-55.323427	0.560167
64340	8.843609	-58.668426	-2.407183
64341	10.986071	-61.848078	-5.919486
64342	13.730892	-64.743607	-10.149207
64343	17.265267	-67.167753	-15.030942
64344	21.422217	-68.950565	-20.015082
64345	24.283353	-69.951338	-23.447022
64346	24.034482	-69.861653	-23.712766
64347	21.725225	-69.077601	-21.505618
64348	18.628314	-67.810557	-18.177634
64349	15.483486	-66.230345	-14.779078
64350	12.760116	-64.470890	-11.936124
64351	10.548252	-62.597736	-9.807204
64352	8.805559	-60.668183	-8.319768
64353	7.404880	-58.653113	-7.247048
64354	6.287672	-56.549502	-6.399684
64355	5.383578	-54.281582	-5.634512
64356	4.634269	-51.847265	-4.910693
64357	3.938288	-49.248576	-4.220930
64358	3.243537	-46.530489	-3.585875
64359	2.509282	-43.699693	-3.026370
64360	1.744641	-40.832349	-2.545670
64361	0.974717	-37.942510	-2.119970
64362	0.259186	-35.118823	-1.751246
64363	-0.418366	-32.411490	-1.426035
64364	-1.069357	-29.865383	-1.145622
64365	-1.720083	-27.364001	-0.913767
64366	-2.351240	-24.838320	-0.723603
64367	-2.947844	-22.198452	-0.530214
64368	-3.468044	-19.486093	-0.307073
64369	-3.913447	-16.722485	-0.050428
64370	-4.323265	-13.956394	0.221428
64371	-4.750475	-11.139375	0.502531
64372	-5.204040	-8.284994	0.811058
64373	-5.654507	-5.376926	1.182621
64374	-6.066779	-2.471604	1.648680
64375	-6.421650	0.430616	2.227882
64376	-6.672750	3.239363	2.948385
64377	-6.779492	5.905670	3.825329
64378	-6.772004	8.351504	4.796804
64379	-6.719823	10.541791	5.798333
64380	-6.710078	12.432043	6.749815
64381	-6.830337	14.091573	7.576958
64382	-7.102991	15.506370	8.251028
64383	-7.497414	16.630558	8.784716
64384	-7.900027	17.339738	9.266860
64385	-8.112903	17.511358	9.818406
64386	-7.915235	16.801670	10.587279
64387	-7.507163	15.167881	11.397137
64388	-6.856417	13.398028	12.272705
64389	-6.420596	11.692071	12.660284
64390	-6.179289	9.844633	12.603100
64391	-5.968241	7.693342	12.543053
64392	-5.809853	5.650035	12.608848
64393	-5.751539	4.014423	12.625022
64394	-5.723484	2.607668	12.578452
64395	-5.764186	1.380240	12.574935
64396	-5.696846	0.482663	12.549281
64397	-5.502894	-0.299956	12.539107
64398	-5.326107	-0.893501	12.522258
64399	-5.117072	-1.362303	12.481119
64400	-4.864515	-1.705185	12.452224
64401	-4.574917	-1.951238	12.438298
64402	-4.298164	-2.123510	12.431634
64403	-4.050240	-2.301084	12.435809
64404	-3.837670	-2.472277	12.445382
64405	-3.639609	-2.636825	12.465149
64406	-3.444805	-2.762380	12.509033
64407	-3.261052	-2.866786	12.586529
64408	-3.094270	-2.911393	12.701811
64409	-2.959980	-2.942974	12.835629
64410	-2.864367	-2.978692	12.972921
64411	-2.789751	-3.056686	13.103521
64412	-2.725978	-3.168730	13.264926
64413	-2.671310	-3.323420	13.420038
64414	-2.619600	-3.499368	13.564540
64415	-2.560346	-3.690665	13.677044
64416	-2.497056	-3.875365	13.761609
64417	-2.437306	-4.073985	13.822414
64418	-2.382451	-4.263334	13.856352
64419	-2.333375	-4.457566	13.860927
64420	-2.275225	-4.634908	13.848199
64421	-2.209240	-4.817230	13.817140
64422	-2.141700	-4.991330	13.763257
64423	-2.073063	-5.165135	13.690575
64424	-1.999375	-5.331471	13.602161
64425	-1.928810	-5.500889	13.509405
64426	-1.842624	-5.683334	13.423000
64427	-1.748969	-5.907770	13.344981
64428	-1.659204	-6.146938	13.273670
64429	-1.573136	-6.419718	13.221454
64430	-1.514927	-6.713029	13.180550
64431	-1.466519	-7.043247	13.148593
64432	-1.427020	-7.406650	13.127742
64433	-1.395671	-7.814972	13.114436
64434	-1.361609	-8.252118	13.111162
64435	-1.322702	-8.720134	13.103452
64436	-1.273113	-9.216915	13.091981
64437	-1.215596	-9.766013	13.075433
64438	-1.151856	-10.368208	13.068156
64439	-1.087578	-11.033303	13.068685
64440	-1.036360	-11.743669	13.074644
64441	-0.995341	-12.512799	13.095619
64442	-0.981682	-13.331586	13.125498
64443	-0.999828	-14.224097	13.160689
64444	-1.046792	-15.179909	13.210949
64445	-1.121375	-16.207657	13.275580
64446	-1.207970	-17.299822	13.346777
64447	-1.299415	-18.487203	13.406347
64448	-1.385558	-19.787371	13.436500
64449	-1.460918	-21.232249	13.425813
64450	-1.510691	-22.834725	13.347606
64451	-1.556254	-24.546489	13.235644
64452	-1.577825	-26.396869	13.087676
64453	-1.565426	-28.411597	12.873241
64454	-1.524668	-30.666729	12.564789
64455	-1.479981	-33.171775	12.165091
64456	-1.441583	-35.945271	11.699321
64457	-1.381914	-38.947926	11.104703
64458	-1.172135	-42.209945	10.314414
64459	-0.730053	-45.684339	9.326526
64460	-0.136814	-49.240790	8.191637
64461	0.418235	-52.878008	6.910062
64462	1.070892	-56.389700	5.274084
64463	1.924229	-59.871862	3.422184
64464	3.205424	-63.223349	1.044980
64465	5.063539	-66.406503	-1.956320
64466	7.911940	-69.287452	-5.858513
64467	11.581533	-71.482910	-10.169306
64468	14.680650	-72.590598	-13.363823
64469	15.091558	-72.320460	-13.746610
64470	13.447773	-71.119445	-11.918099
64471	10.966544	-69.304096	-9.119409
64472	8.579079	-67.156808	-6.463510
64473	6.653403	-64.856498	-4.345676
64474	5.286737	-62.527861	-2.819650
64475	4.364022	-60.238937	-1.754118
64476	3.798510	-58.014764	-1.045664
64477	3.445660	-55.745205	-0.539987
64478	3.185694	-53.374088	-0.144447
64479	2.914769	-50.820035	0.197227
64480	2.589244	-48.101076	0.498547
64481	2.174358	-45.224984	0.794072
64482	1.694086	-42.267342	1.078964
64483	1.183136	-39.255454	1.331253
64484	0.656543	-36.261038	1.545556
64485	0.099006	-33.309476	1.703836
64486	-0.476187	-30.471040	1.764268
64487	-1.076774	-27.754530	1.719776
64488	-1.679764	-25.137915	1.560052
64489	-2.263177	-22.512549	1.311870
64490	-2.804763	-19.844465	1.034733
64491	-3.282684	-17.086621	0.799463
64492	-3.721777	-14.296351	0.628822
64493	-4.226887	-11.463246	0.545951
64494	-4.875758	-8.601382	0.565302
64495	-5.652201	-5.663490	0.722197
64496	-6.435561	-2.686182	1.063235
64497	-7.115422	0.295894	1.593289
64498	-7.612004	3.167085	2.296030
64499	-7.951997	5.862333	3.104716
64500	-8.229470	8.295983	3.921840
64501	-8.501203	10.438675	4.660528
64502	-8.747659	12.229956	5.258185
64503	-8.996603	13.685723	5.665769
64504	-9.328074	14.870971	5.877025
64505	-9.752766	15.825863	5.937533
64506	-10.147541	16.521038	5.971265
64507	-10.377066	16.930944	6.072090
64508	-10.319098	17.018373	6.358778
64509	-9.903735	16.665122	6.894892
64510	-9.220318	15.835009	7.699499
64511	-8.326927	14.519748	8.767512
64512	-7.498272	13.075214	9.775556
64513	-6.910011	11.285371	10.391106
64514	-6.461517	9.122864	10.673135
64515	-6.187567	6.866612	10.861974
64516	-6.006473	5.014338	10.940278
64517	-5.955977	3.560238	10.937737
64518	-6.027516	2.318253	10.943001
64519	-6.179370	1.307220	10.936595
64520	-6.239257	0.546968	10.910236
64521	-6.292643	-0.049234	10.925617
64522	-6.379155	-0.498536	10.918618
64523	-6.497028	-0.863100	10.871985
64524	-6.602107	-1.128796	10.824484
64525	-6.654822	-1.377045	10.774781
64526	-6.674847	-1.620266	10.720506
64527	-6.656367	-1.874210	10.662327
64528	-6.613912	-2.129013	10.608955
64529	-6.535999	-2.383985	10.551700
64530	-6.421736	-2.602826	10.497746
64531	-6.283707	-2.817373	10.440058
64532	-6.137439	-2.996484	10.392434
64533	-6.001087	-3.159346	10.372861
64534	-5.886046	-3.298207	10.372242
64535	-5.749220	-3.422062	10.393588
64536	-5.577562	-3.511440	10.434228
64537	-5.385540	-3.585987	10.493011
64538	-5.189257	-3.622032	10.569031
64539	-4.991060	-3.633148	10.660067
64540	-4.794618	-3.605938	10.754951
64541	-4.612049	-3.585596	10.850995
64542	-4.450920	-3.575942	10.946174
64543	-4.302674	-3.595283	11.034884
64544	-4.177880	-3.632998	11.112201
64545	-4.064436	-3.712058	11.171138
64546	-3.955798	-3.810930	11.213430
64547	-3.853598	-3.946190	11.231083
64548	-3.754694	-4.117160	11.223034
64549	-3.644695	-4.337677	11.200255
64550	-3.504191	-4.601493	11.184434
64551	-3.346918	-4.928089	11.185286
64552	-3.205017	-5.282901	11.191271
64553	-3.077097	-5.683720	11.201393
64554	-2.964071	-6.107095	11.225056
64555	-2.869980	-6.558525	11.252750
64556	-2.779664	-7.019393	11.289528
64557	-2.679343	-7.513323	11.330036
64558	-2.585421	-8.036268	11.360848
64559	-2.483941	-8.604001	11.376402
64560	-2.367040	-9.199142	11.381485
64561	-2.224836	-9.832010	11.390575
64562	-2.080208	-10.498822	11.403561
64563	-1.945227	-11.224993	11.410346
64564	-1.835504	-11.995085	11.418965
64565	-1.753296	-12.809495	11.441406
64566	-1.700888	-13.652687	11.480856
64567	-1.685399	-14.551889	11.528404
64568	-1.714145	-15.506666	11.575053
64569	-1.778283	-16.530270	11.635205
64570	-1.864039	-17.616974	11.704743
64571	-1.965825	-18.785978	11.772416
64572	-2.062474	-20.065214	11.808293
64573	-2.145170	-21.488364	11.813111
64574	-2.208738	-23.109991	11.757481
64575	-2.240025	-24.886859	11.628360
64576	-2.246607	-26.794621	11.476519
64577	-2.228548	-28.882903	11.266189
64578	-2.182576	-31.240516	10.962361
64579	-2.162159	-33.870259	10.585570
64580	-2.176188	-36.750066	10.154713
64581	-2.073518	-39.887917	9.629165
64582	-1.881548	-43.287942	8.995206
64583	-1.564010	-46.749471	8.190929
64584	-1.005394	-50.321923	7.260943
64585	-0.499046	-53.846708	6.136663
64586	0.214718	-57.305133	4.658070
64587	1.111357	-60.670737	2.918071
64588	2.506187	-63.949240	0.585341
64589	4.461816	-67.162072	-2.414229
64590	7.572151	-70.164316	-6.624801
64591	11.959004	-72.565000	-11.843920
64592	16.231041	-73.754971	-16.491949
64593	17.694499	-73.489525	-18.024138
64594	16.535619	-72.218357	-16.589679
64595	14.138058	-70.253349	-13.675019
64596	11.660039	-67.922207	-10.641677
64597	9.584757	-65.429062	-8.077298
64598	8.052402	-62.922945	-6.133932
64599	6.977340	-60.462409	-4.762060
64600	6.235138	-58.102973	-3.892076
64601	5.634538	-55.746206	-3.327451
64602	5.054794	-53.311278	-2.922234
64603	4.382207	-50.704676	-2.489493
64604	3.630090	-47.924738	-1.943893
64605	2.819866	-44.991614	-1.273854
64606	2.008548	-41.984183	-0.549169
64607	1.200526	-38.939914	0.162072
64608	0.403815	-35.940401	0.800229
64609	-0.389342	-33.006238	1.321973
64610	-1.151138	-30.195339	1.676059
64611	-1.886461	-27.493213	1.877311
64612	-2.576289	-24.851216	1.965745
64613	-3.197915	-22.160272	2.007108
64614	-3.733584	-19.397456	2.061292
64615	-4.207808	-16.546100	2.168911
64616	-4.676068	-13.671081	2.351620
64617	-5.197834	-10.746889	2.616840
64618	-5.761854	-7.788391	2.967023
64619	-6.320686	-4.766282	3.419185
64620	-6.824503	-1.703449	3.987371
64621	-7.199319	1.366657	4.690292
64622	-7.323327	4.312474	5.536960
64623	-7.151415	7.038950	6.525772
64624	-6.763637	9.444606	7.597962
64625	-6.249772	11.461976	8.710112
64626	-5.722541	13.037153	9.802632
64627	-5.329913	14.240942	10.730741
64628	-5.214680	15.128086	11.388623
64629	-5.343412	15.743689	11.785388
64630	-5.413953	16.077684	12.016541
64631	-5.127837	16.094064	12.162004
64632	-4.557723	15.749690	12.188727
64633	-3.983754	14.996621	12.058972
64634	-3.491362	13.925947	11.895252
64635	-3.196765	12.904157	11.899745
64636	-3.431789	11.729298	11.772450
64637	-3.817311	10.055398	11.476243
64638	-4.018514	7.909620	11.331338
64639	-4.046419	5.771614	11.426308
64640	-4.030942	4.168470	11.474587
64641	-4.066186	2.868282	11.452662
64642	-4.198922	1.766028	11.393808
64643	-4.382565	0.929453	11.311457
64644	-4.475070	0.254561	11.300177
64645	-4.535129	-0.295611	11.312795
64646	-4.576639	-0.780969	11.263625
64647	-4.568386	-1.193792	11.185255
64648	-4.515617	-1.521347	11.118350
64649	-4.433453	-1.783295	11.052098
64650	-4.333526	-1.993666	10.983570
64651	-4.222900	-2.174475	10.924175
64652	-4.111487	-2.319258	10.882235
64653	-4.031618	-2.464856	10.826519
64654	-4.006117	-2.631923	10.736493
64655	-4.027210	-2.811674	10.625271
64656	-4.081407	-2.982284	10.502835
64657	-4.174994	-3.175814	10.397149
64658	-4.301667	-3.384826	10.301324
64659	-4.439242	-3.605993	10.216118
64660	-4.560377	-3.817434	10.148355
64661	-4.652570	-4.021942	10.109379
64662	-4.711859	-4.209022	10.086756
64663	-4.736559	-4.386783	10.073771
64664	-4.732367	-4.548431	10.072051
64665	-4.694305	-4.688316	10.088437
64666	-4.622555	-4.785976	10.130302
64667	-4.529440	-4.851120	10.188204
64668	-4.421999	-4.895547	10.262193
64669	-4.329172	-4.936860	10.333198
64670	-4.247164	-4.987137	10.388206
64671	-4.187296	-5.066908	10.411946
64672	-4.152994	-5.199508	10.406030
64673	-4.075218	-5.417300	10.433847
64674	-3.987514	-5.675416	10.474732
64675	-3.894243	-5.974578	10.518586
64676	-3.789719	-6.293769	10.570923
64677	-3.686901	-6.643063	10.627175
64678	-3.578151	-7.024235	10.682112
64679	-3.475009	-7.437977	10.728213
64680	-3.362962	-7.860805	10.765315
64681	-3.226361	-8.306653	10.797154
64682	-3.081451	-8.773710	10.820923
64683	-2.933281	-9.280217	10.825614
64684	-2.797194	-9.820945	10.815772
64685	-2.665019	-10.386983	10.811451
64686	-2.537340	-10.980364	10.815622
64687	-2.420066	-11.626282	10.831589
64688	-2.335725	-12.323418	10.860686
64689	-2.277799	-13.082770	10.895085
64690	-2.251114	-13.882720	10.954477
64691	-2.250942	-14.746603	11.026458
64692	-2.282878	-15.686309	11.109979
64693	-2.347879	-16.718363	11.198933
64694	-2.445742	-17.847234	11.290909
64695	-2.552194	-19.086711	11.369354
64696	-2.644270	-20.446855	11.432073
64697	-2.737732	-22.027766	11.445790
64698	-2.827291	-23.777314	11.374664
64699	-2.919922	-25.693017	11.278086
64700	-2.983500	-27.784836	11.138023
64701	-2.983192	-30.125215	10.928986
64702	-2.982205	-32.754862	10.649923
64703	-2.982851	-35.700818	10.294615
64704	-2.937924	-38.911067	9.826503
64705	-2.724808	-42.409594	9.164643
64706	-2.373838	-46.043778	8.280407
64707	-1.713533	-49.750359	7.221818
64708	-1.057552	-53.465418	6.014160
64709	-0.230708	-57.087942	4.272542
64710	0.795551	-60.604189	2.132276
64711	2.487900	-64.005600	-0.803780
64712	4.983900	-67.297278	-4.660886
64713	8.922673	-70.294015	-9.940398
64714	14.080282	-72.635627	-16.012762
64715	18.906625	-73.838068	-21.161997
64716	20.842102	-73.865119	-22.973492
64717	19.898134	-73.033245	-21.527887
64718	17.236818	-71.509027	-18.257355
64719	14.103442	-69.484597	-14.552211
64720	11.298842	-67.156545	-11.251700
64721	9.058061	-64.650567	-8.565424
64722	7.444414	-62.101467	-6.512753
64723	6.349489	-59.548523	-5.002915
64724	5.598908	-57.023703	-3.908994
64725	5.021582	-54.461027	-3.117662
64726	4.493437	-51.801054	-2.546199
64727	3.922567	-48.964699	-2.076200
64728	3.276382	-46.009684	-1.606135
64729	2.561794	-42.968437	-1.070291
64730	1.795211	-39.927525	-0.442783
64731	0.981303	-36.890811	0.253261
64732	0.159005	-33.863595	0.951892
64733	-0.659245	-30.823085	1.598615
64734	-1.444311	-27.842699	2.131433
64735	-2.190672	-24.917169	2.525332
64736	-2.909740	-22.046849	2.781955
64737	-3.611741	-19.143501	2.951592
64738	-4.268771	-16.195115	3.084908
64739	-4.869764	-13.187450	3.241743
64740	-5.411324	-10.173994	3.439836
64741	-5.910898	-7.124480	3.671655
64742	-6.396657	-4.061696	3.920108
64743	-6.868776	-0.950564	4.195090
64744	-7.269340	2.140984	4.527935
64745	-7.548177	5.158793	4.930964
64746	-7.737878	7.988988	5.375827
64747	-7.956987	10.574897	5.815148
64748	-8.275759	12.843460	6.195596
64749	-8.824037	14.779799	6.443717
64750	-9.661185	16.343951	6.518436
64751	-10.778327	17.504732	6.422020
64752	-12.107180	18.255271	6.217489
64753	-13.449739	18.602679	6.042447
64754	-14.368802	18.517030	6.091040
64755	-14.370632	17.943387	6.510619
64756	-13.336609	16.936131	7.398993
64757	-11.424947	15.452893	8.716693
64758	-9.644606	13.979873	10.051611
64759	-8.574320	12.262857	11.053496
64760	-7.828389	10.135335	11.677150
64761	-7.247312	7.703568	11.936867
64762	-6.906792	5.449697	11.971766
64763	-6.757016	3.680843	11.923435
64764	-6.700388	2.241796	11.942181
64765	-6.652883	1.113356	11.996666
64766	-6.505797	0.217660	11.991563
64767	-6.411808	-0.490847	11.985031
64768	-6.379605	-1.026264	11.978236
64769	-6.323495	-1.467955	11.980511
64770	-6.176592	-1.786374	11.989560
64771	-5.945939	-2.036066	11.991606
64772	-5.684730	-2.206942	11.977559
64773	-5.392022	-2.351504	11.956209
64774	-5.087661	-2.472915	11.942909
64775	-4.764928	-2.584981	11.943624
64776	-4.430389	-2.654423	11.982411
64777	-4.087076	-2.683192	12.053581
64778	-3.771650	-2.659383	12.163941
64779	-3.507622	-2.632454	12.296888
64780	-3.304623	-2.614677	12.433131
64781	-3.138298	-2.626964	12.561326
64782	-2.988380	-2.657272	12.665451
64783	-2.845065	-2.708379	12.747456
64784	-2.707871	-2.774251	12.800787
64785	-2.573765	-2.858195	12.834181
64786	-2.449096	-2.948109	12.849138
64787	-2.343320	-3.066896	12.844733
64788	-2.266731	-3.212195	12.837101
64789	-2.216174	-3.388114	12.817770
64790	-2.174573	-3.570178	12.789285
64791	-2.119067	-3.770845	12.757211
64792	-2.041570	-3.973098	12.726959
64793	-1.941418	-4.202650	12.699740
64794	-1.833242	-4.446782	12.677624
64795	-1.738771	-4.712692	12.656340
64796	-1.660110	-4.984696	12.635445
64797	-1.595531	-5.258296	12.617224
64798	-1.544488	-5.531440	12.601812
64799	-1.505779	-5.838202	12.596540
64800	-1.480409	-6.161844	12.592278
64801	-1.468165	-6.509464	12.589820
64802	-1.458770	-6.857288	12.593763
64803	-1.439844	-7.225142	12.596519
64804	-1.407742	-7.617671	12.595674
64805	-1.365409	-8.055834	12.585432
64806	-1.307676	-8.529499	12.565951
64807	-1.235085	-9.030554	12.550382
64808	-1.163338	-9.564262	12.548986
64809	-1.105909	-10.163445	12.553222
64810	-1.069540	-10.826804	12.568066
64811	-1.059801	-11.546472	12.599640
64812	-1.066255	-12.317384	12.652332
64813	-1.111487	-13.150648	12.717690
64814	-1.195233	-14.059353	12.787378
64815	-1.314984	-15.059861	12.859345
64816	-1.469431	-16.131973	12.943103
64817	-1.639120	-17.300162	13.020550
64818	-1.809093	-18.585355	13.080925
64819	-1.961653	-20.009877	13.103528
64820	-2.076613	-21.614931	13.094221
64821	-2.139923	-23.397266	13.015227
64822	-2.145463	-25.338289	12.903929
64823	-2.081982	-27.473327	12.723426
64824	-1.945126	-29.856869	12.436707
64825	-1.741688	-32.524474	12.019868
64826	-1.490087	-35.485005	11.456185
64827	-1.166998	-38.674910	10.698137
64828	-0.663105	-42.141449	9.743151
64829	0.086661	-45.770923	8.623583
64830	0.997611	-49.505810	7.291445
64831	1.908882	-53.264858	5.730551
64832	2.990698	-56.912590	3.755057
64833	4.296064	-60.514482	1.421226
64834	6.087755	-63.989966	-1.581095
64835	8.573773	-67.318001	-5.404870
64836	12.249799	-70.310517	-10.420928
64837	16.974564	-72.572322	-16.041534
64838	20.528769	-73.770838	-19.944578
64839	20.165951	-73.470761	-19.586878
64840	17.220337	-72.217614	-16.200549
64841	13.593235	-70.353366	-11.861336
64842	10.528916	-68.179497	-8.161602
64843	8.289045	-65.838669	-5.493230
64844	6.767616	-63.461822	-3.804534
64845	5.706156	-61.056667	-2.818989
64846	4.932834	-58.638606	-2.249199
64847	4.301192	-56.159206	-1.838417
64848	3.749125	-53.571861	-1.418494
64849	3.228816	-50.796493	-0.901335
64850	2.706813	-47.888126	-0.314479
64851	2.095367	-44.862944	0.331048
64852	1.405809	-41.769190	0.965644
64853	0.645880	-38.606746	1.547914
64854	-0.128919	-35.458332	2.034633
64855	-0.862248	-32.392397	2.398214
64856	-1.512104	-29.526866	2.615485
64857	-2.074096	-26.830619	2.674010
64858	-2.560080	-24.233843	2.569151
64859	-3.017807	-21.617813	2.355909
64860	-3.470450	-18.984973	2.100178
64861	-3.873858	-16.264371	1.870495
64862	-4.201920	-13.501737	1.707583
64863	-4.523702	-10.689296	1.633415
64864	-4.916938	-7.854712	1.651763
64865	-5.414276	-4.963085	1.787899
64866	-5.947884	-2.039345	2.072899
64867	-6.423733	0.908694	2.521265
64868	-6.793333	3.775387	3.110898
64869	-7.076786	6.503149	3.793899
64870	-7.357959	9.019883	4.493522
64871	-7.698974	11.301829	5.148642
64872	-8.082494	13.297350	5.719221
64873	-8.516368	15.011950	6.145468
64874	-9.069269	16.423459	6.380776
64875	-9.780736	17.526863	6.451201
64876	-10.598719	18.294227	6.424088
64877	-11.381461	18.701428	6.400796
64878	-11.924362	18.751397	6.495907
64879	-11.921616	18.335581	6.856349
64880	-11.296782	17.400877	7.587988
64881	-10.125760	15.960384	8.710452
64882	-9.068030	14.417615	9.745843
64883	-8.401672	12.625689	10.440072
64884	-7.853736	10.464722	10.805465
64885	-7.419064	8.131331	10.955447
64886	-7.125279	6.162230	10.970324
64887	-6.966790	4.545403	10.931567
64888	-6.948810	3.121502	10.953757
64889	-7.005537	1.887675	10.998256
64890	-6.958931	0.933658	10.985746
64891	-6.841361	0.150914	10.994961
64892	-6.758866	-0.481243	11.023913
64893	-6.642817	-1.006808	11.017867
64894	-6.430757	-1.390587	11.010124
64895	-6.161365	-1.711644	11.010108
64896	-5.864096	-1.978236	10.981123
64897	-5.517974	-2.225729	10.935810
64898	-5.117519	-2.421576	10.893701
64899	-4.699377	-2.584097	10.878206
64900	-4.298687	-2.710459	10.903812
64901	-3.943308	-2.830120	10.954484
64902	-3.629257	-2.870924	11.046688
64903	-3.359398	-2.867774	11.174655
64904	-3.151787	-2.863654	11.319856
64905	-2.973034	-2.892633	11.465487
64906	-2.805469	-2.936281	11.609215
64907	-2.655499	-3.007586	11.745711
64908	-2.520988	-3.094716	11.880311
64909	-2.391451	-3.217011	12.005305
64910	-2.275053	-3.363383	12.108853
64911	-2.167305	-3.550261	12.187787
64912	-2.069081	-3.737348	12.237164
64913	-1.990862	-3.928124	12.258283
64914	-1.932075	-4.108487	12.258687
64915	-1.875362	-4.322570	12.234041
64916	-1.821926	-4.556072	12.186865
64917	-1.739072	-4.809225	12.140955
64918	-1.641233	-5.051265	12.090318
64919	-1.546662	-5.296754	12.041775
64920	-1.451043	-5.544962	12.012417
64921	-1.349236	-5.824830	12.007111
64922	-1.318430	-6.100068	11.984748
64923	-1.288294	-6.402587	11.964174
64924	-1.262561	-6.713892	11.954188
64925	-1.239811	-7.062462	11.945143
64926	-1.220658	-7.430334	11.940017
64927	-1.193368	-7.820559	11.934422
64928	-1.155175	-8.219915	11.932961
64929	-1.098743	-8.656164	11.919932
64930	-1.021408	-9.125862	11.898340
64931	-0.928931	-9.641037	11.875226
64932	-0.826122	-10.187179	11.859017
64933	-0.717247	-10.789451	11.853102
64934	-0.614917	-11.444031	11.855812
64935	-0.522814	-12.172939	11.869923
64936	-0.455161	-12.963419	11.890285
64937	-0.398655	-13.819005	11.910327
64938	-0.365877	-14.732546	11.933883
64939	-0.339990	-15.732637	11.952592
64940	-0.314305	-16.830115	11.963517
64941	-0.286040	-18.040104	11.957000
64942	-0.262557	-19.388793	11.937462
64943	-0.208102	-20.911246	11.861069
64944	-0.127293	-22.587872	11.761379
64945	-0.018869	-24.425820	11.615932
64946	0.147718	-26.454499	11.394334
64947	0.365334	-28.714679	11.036509
64948	0.625818	-31.228042	10.530178
64949	0.976397	-34.013314	9.881031
64950	1.433088	-37.021277	8.995237
64951	2.075038	-40.275028	7.863362
64952	3.050261	-43.776150	6.454287
64953	4.116955	-47.352763	4.803589
64954	5.313846	-50.934787	2.821259
64955	6.685306	-54.420076	0.535647
64956	8.369499	-57.846434	-2.106237
64957	10.319226	-61.162159	-5.261721
64958	12.858952	-64.389545	-9.125075
64959	16.244106	-67.215603	-13.760016
64960	20.469813	-69.333936	-18.738264
64961	23.816218	-70.478842	-22.341184
64962	23.988972	-70.321541	-22.679490
64963	21.850866	-69.286497	-20.418992
64964	18.908626	-67.712290	-17.110007
64965	16.056053	-65.883371	-13.892842
64966	13.719701	-63.997875	-11.323724
64967	11.859605	-62.092499	-9.449809
64968	10.358076	-60.189112	-8.144957
64969	9.083843	-58.180653	-7.163220
64970	7.992402	-56.007970	-6.325726
64971	6.961646	-53.633966	-5.457725
64972	5.968396	-51.065593	-4.526616
64973	4.979294	-48.319201	-3.552752
64974	3.994825	-45.482844	-2.601782
64975	2.986530	-42.582949	-1.690414
64976	1.973872	-39.679038	-0.850540
64977	0.991367	-36.762713	-0.129496
64978	0.080800	-33.894641	0.449311
64979	-0.735184	-31.086890	0.872919
64980	-1.439780	-28.365787	1.116456
64981	-2.067234	-25.628668	1.185318
64982	-2.647925	-22.831275	1.146009
64983	-3.174112	-19.905183	1.052760
64984	-3.611012	-16.898100	0.956945
64985	-3.980456	-13.832395	0.906404
64986	-4.345375	-10.773169	0.907322
64987	-4.772555	-7.690527	0.971820
64988	-5.273063	-4.627744	1.107044
64989	-5.840233	-1.573012	1.332771
64990	-6.415422	1.429160	1.657218
64991	-6.958362	4.366421	2.073314
64992	-7.444425	7.139622	2.568953
64993	-7.876542	9.729663	3.137771
64994	-8.186527	12.090645	3.769896
64995	-8.382917	14.237291	4.439099
64996	-8.567675	16.122288	5.096847
64997	-8.843716	17.691457	5.676010
64998	-9.285378	18.885172	6.146904
64999	-9.888709	19.668252	6.548986
65000	-10.442867	19.963154	6.993719
65001	-10.589419	19.685823	7.591418
65002	-10.144114	18.816500	8.388609
65003	-9.174796	17.254153	9.470963
65004	-8.095859	15.541092	10.502669
65005	-7.383614	13.677136	11.199678
65006	-6.920113	11.618860	11.457558
65007	-6.555831	9.287641	11.462913
65008	-6.274285	6.984487	11.508588
65009	-6.092510	5.136149	11.534070
65010	-5.975585	3.589521	11.570793
65011	-5.934665	2.217157	11.651161
65012	-5.917965	1.126111	11.676846
65013	-5.826286	0.229130	11.703290
65014	-5.799123	-0.479892	11.762754
65015	-5.781251	-1.056166	11.791848
65016	-5.690586	-1.504213	11.805023
65017	-5.548572	-1.869601	11.819510
65018	-5.358677	-2.160364	11.805144
65019	-5.116383	-2.433894	11.768166
65020	-4.816648	-2.648966	11.745099
65021	-4.472328	-2.828079	11.741659
65022	-4.131911	-2.951199	11.779001
65023	-3.836228	-3.039458	11.850000
65024	-3.588604	-3.085786	11.954410
65025	-3.384120	-3.131183	12.089856
65026	-3.206192	-3.181932	12.239272
65027	-3.063941	-3.269762	12.387320
65028	-2.947834	-3.353202	12.523759
65029	-2.851161	-3.461434	12.646833
65030	-2.760214	-3.580038	12.752377
65031	-2.671079	-3.718251	12.811105
65032	-2.583459	-3.849926	12.834023
65033	-2.500167	-3.992420	12.830828
65034	-2.429420	-4.135482	12.807264
65035	-2.372850	-4.286703	12.766457
65036	-2.306986	-4.441774	12.721084
65037	-2.229157	-4.625581	12.661277
65038	-2.118695	-4.825234	12.609272
65039	-1.986418	-5.042794	12.564290
65040	-1.864453	-5.261346	12.519582
65041	-1.764831	-5.503588	12.475835
65042	-1.698690	-5.754834	12.439644
65043	-1.667189	-6.027390	12.411863
65044	-1.643257	-6.301523	12.389598
65045	-1.629660	-6.596965	12.370198
65046	-1.622378	-6.908640	12.352478
65047	-1.622269	-7.253496	12.334768
65048	-1.627614	-7.613956	12.316463
65049	-1.623973	-7.985707	12.298018
65050	-1.615712	-8.372981	12.276788
65051	-1.589774	-8.804775	12.246839
65052	-1.545473	-9.263295	12.220584
65053	-1.481425	-9.762866	12.197930
65054	-1.404804	-10.288790	12.191548
65055	-1.331792	-10.877198	12.201405
65056	-1.283356	-11.514297	12.220663
65057	-1.261545	-12.224263	12.257472
65058	-1.268834	-12.981229	12.307157
65059	-1.296460	-13.790855	12.372053
65060	-1.358082	-14.660229	12.441715
65061	-1.452206	-15.612372	12.513585
65062	-1.580187	-16.640806	12.597517
65063	-1.725198	-17.760621	12.677695
65064	-1.895620	-18.975549	12.744388
65065	-2.101218	-20.322192	12.775566
65066	-2.362776	-21.825416	12.771115
65067	-2.648197	-23.482460	12.702109
65068	-2.939089	-25.257916	12.629556
65069	-3.191566	-27.208273	12.548660
65070	-3.402591	-29.393549	12.441048
65071	-3.579871	-31.853652	12.289298
65072	-3.758418	-34.604422	12.074265
65073	-3.950487	-37.626825	11.774541
65074	-3.982214	-40.954227	11.306331
65075	-3.900443	-44.502412	10.610368
65076	-3.707053	-48.109736	9.787054
65077	-3.391020	-51.779035	8.979629
65078	-3.242606	-55.402075	7.944603
65079	-3.122429	-58.994015	6.937689
65080	-2.692723	-62.391891	5.614968
65081	-1.634583	-65.608767	3.791797
65082	0.384204	-68.548691	1.166121
65083	3.843971	-70.988833	-2.716351
65084	8.012175	-72.343453	-7.060153
65085	10.936665	-72.326722	-10.267456
65086	12.111654	-71.277584	-11.711459
65087	11.895503	-69.484512	-11.551772
65088	10.917326	-67.296237	-10.404080
65089	9.710048	-64.957948	-8.830521
65090	8.601573	-62.628780	-7.202798
65091	7.658769	-60.353685	-5.686618
65092	6.853690	-58.152178	-4.380564
65093	6.040921	-55.967212	-3.261469
65094	5.141927	-53.748316	-2.299315
65095	4.124880	-51.369440	-1.412593
65096	3.063275	-48.800446	-0.544109
65097	2.064248	-45.991804	0.310759
65098	1.202626	-43.026810	1.098635
65099	0.443871	-39.939829	1.790851
65100	-0.242232	-36.831010	2.339528
65101	-0.885569	-33.721736	2.718637
65102	-1.475177	-30.692962	2.904012
65103	-2.019082	-27.752405	2.900543
65104	-2.511146	-24.929811	2.728560
65105	-2.986121	-22.125104	2.427486
65106	-3.490827	-19.339385	2.063907
65107	-4.064341	-16.532616	1.727213
65108	-4.697035	-13.724126	1.485635
65109	-5.346437	-10.863546	1.385055
65110	-5.988048	-7.960984	1.406383
65111	-6.667988	-4.953269	1.530502
65112	-7.414146	-1.864454	1.717722
65113	-8.177964	1.284291	1.971147
65114	-8.833185	4.359136	2.333964
65115	-9.339368	7.302768	2.835004
65116	-9.744284	10.031562	3.443992
65117	-10.062957	12.518796	4.141204
65118	-10.331817	14.713746	4.848229
65119	-10.668499	16.591228	5.489085
65120	-11.156253	18.068603	5.991476
65121	-11.809272	19.121461	6.330566
65122	-12.521270	19.758135	6.547870
65123	-13.068795	20.013285	6.748892
65124	-13.172989	19.805323	7.097375
65125	-12.809692	19.097058	7.671107
65126	-12.013760	17.794027	8.502061
65127	-10.912652	16.341405	9.400300
65128	-10.159820	14.695419	10.081706
65129	-9.508325	12.709416	10.537925
65130	-8.850634	10.332056	10.811490
65131	-8.384701	8.062431	11.012402
65132	-8.056188	6.227647	11.092507
65133	-7.813645	4.613705	11.170417
65134	-7.689469	3.172263	11.277784
65135	-7.580368	1.909849	11.320867
65136	-7.344610	0.858109	11.315152
65137	-7.035091	-0.015188	11.304104
65138	-6.717015	-0.690095	11.293274
65139	-6.306592	-1.184039	11.273124
65140	-5.824486	-1.529644	11.295286
65141	-5.341656	-1.780707	11.338583
65142	-4.877482	-1.968166	11.396315
65143	-4.452980	-2.127398	11.462606
65144	-4.084539	-2.262176	11.535919
65145	-3.777488	-2.389840	11.625678
65146	-3.533433	-2.497485	11.721158
65147	-3.349845	-2.607300	11.829790
65148	-3.223718	-2.720497	11.936415
65149	-3.152530	-2.867635	12.038433
65150	-3.101410	-2.998915	12.133512
65151	-3.053023	-3.127336	12.198466
65152	-2.993289	-3.225781	12.244156
65153	-2.923893	-3.332756	12.272836
65154	-2.841616	-3.425593	12.287662
65155	-2.747227	-3.519347	12.300311
65156	-2.667269	-3.605851	12.311072
65157	-2.611466	-3.721879	12.309501
65158	-2.561259	-3.863486	12.298375
65159	-2.496052	-4.048532	12.281680
65160	-2.389278	-4.266336	12.282226
65161	-2.236830	-4.530152	12.311304
65162	-2.115455	-4.828750	12.328629
65163	-2.052693	-5.180884	12.322159
65164	-2.011013	-5.555681	12.319262
65165	-1.984900	-5.950616	12.327223
65166	-1.973059	-6.344300	12.346066
65167	-1.963634	-6.764527	12.366323
65168	-1.954717	-7.195071	12.379284
65169	-1.935804	-7.651371	12.391785
65170	-1.908355	-8.098038	12.405307
65171	-1.865449	-8.559821	12.418302
65172	-1.808711	-9.027377	12.432444
65173	-1.745526	-9.530133	12.440560
65174	-1.672139	-10.041431	12.444278
65175	-1.585392	-10.579812	12.449784
65176	-1.491628	-11.123465	12.460614
65177	-1.410501	-11.713368	12.473786
65178	-1.343859	-12.345424	12.500213
65179	-1.300609	-13.030521	12.529779
65180	-1.270594	-13.738930	12.562336
65181	-1.258030	-14.502339	12.594048
65182	-1.266883	-15.313036	12.628951
65183	-1.299968	-16.200674	12.674630
65184	-1.347780	-17.150093	12.724324
65185	-1.407643	-18.184518	12.768758
65186	-1.476046	-19.303363	12.797879
65187	-1.554135	-20.552479	12.810673
65188	-1.632983	-21.959906	12.788198
65189	-1.737959	-23.534692	12.699913
65190	-1.853670	-25.213010	12.601086
65191	-1.971308	-27.061318	12.479504
65192	-2.053238	-29.092466	12.320533
65193	-2.152847	-31.410520	12.078250
65194	-2.274229	-33.993309	11.773324
65195	-2.430692	-36.845561	11.381244
65196	-2.468004	-39.967823	10.854456
65197	-2.314628	-43.387772	10.099835
65198	-1.980822	-46.856230	9.166760
65199	-1.380727	-50.455840	8.109059
65200	-0.863097	-53.946254	6.732569
65201	-0.118760	-57.395091	5.065774
65202	0.993570	-60.673885	2.944161
65203	2.826902	-63.861472	0.087430
65204	5.516053	-66.965175	-3.678846
65205	9.500919	-69.950528	-8.778757
65206	14.903604	-72.442732	-15.109344
65207	20.264795	-73.798680	-21.014016
65208	22.631814	-73.871837	-23.596710
65209	21.516303	-73.015899	-22.256170
65210	18.173253	-71.400098	-18.322778
65211	14.328454	-69.190934	-13.694277
65212	11.125563	-66.629466	-9.667144
65213	8.783971	-63.912829	-6.588203
65214	7.208337	-61.214501	-4.489980
65215	6.071348	-58.593895	-3.183394
65216	5.152329	-56.025165	-2.476337
65217	4.291980	-53.367405	-2.077165
65218	3.479153	-50.605256	-1.780482
65219	2.697079	-47.712418	-1.405362
65220	1.985590	-44.722776	-0.927691
65221	1.268918	-41.639254	-0.344854
65222	0.504478	-38.523332	0.275517
65223	-0.333306	-35.352894	0.871253
65224	-1.193196	-32.197842	1.370349
65225	-2.060814	-29.052997	1.747651
65226	-2.909510	-26.002294	1.980569
65227	-3.720561	-23.019690	2.083379
65228	-4.456820	-20.106546	2.050083
65229	-5.118476	-17.176956	1.933972
65230	-5.708008	-14.235837	1.781373
65231	-6.247513	-11.219602	1.640714
65232	-6.738362	-8.186296	1.559262
65233	-7.208383	-5.131389	1.553888
65234	-7.691435	-2.130594	1.627937
65235	-8.202735	0.833460	1.768605
65236	-8.695442	3.697483	1.978610
65237	-9.122258	6.469110	2.278570
65238	-9.472806	9.067453	2.666837
65239	-9.728491	11.476012	3.169180
65240	-9.807767	13.598507	3.797065
65241	-9.727959	15.426366	4.500687
65242	-9.595883	16.936973	5.193684
65243	-9.558502	18.149898	5.815704
65244	-9.687735	19.041129	6.350509
65245	-9.912775	19.565842	6.866983
65246	-10.082402	19.686536	7.444863
65247	-10.086471	19.392433	8.085210
65248	-9.906888	18.754025	8.757126
65249	-9.450817	17.799999	9.509509
65250	-8.458078	16.708844	10.401193
65251	-7.339158	15.813775	11.416237
65252	-6.687591	14.497284	11.893240
65253	-6.441300	12.571779	12.001097
65254	-6.272242	10.340091	12.131766
65255	-6.108521	8.166734	12.295948
65256	-5.902075	6.422928	12.332196
65257	-5.795811	4.961533	12.310969
65258	-5.844093	3.655545	12.328302
65259	-5.979044	2.468013	12.345205
65260	-6.151395	1.536157	12.331277
65261	-6.247099	0.844784	12.354813
65262	-6.303872	0.291362	12.396842
65263	-6.325678	-0.181076	12.427419
65264	-6.251516	-0.531686	12.425026
65265	-6.141944	-0.809570	12.432324
65266	-6.024638	-1.049558	12.433344
65267	-5.870862	-1.303916	12.412209
65268	-5.681175	-1.525062	12.388398
65269	-5.475517	-1.756277	12.366127
65270	-5.286436	-1.965295	12.345627
65271	-5.130877	-2.169346	12.352407
65272	-5.026326	-2.326793	12.348854
65273	-4.989419	-2.480926	12.311396
65274	-4.986688	-2.599077	12.260586
65275	-4.999601	-2.731112	12.196147
65276	-5.008775	-2.846159	12.128555
65277	-5.006176	-2.990290	12.066124
65278	-4.985700	-3.123212	12.020509
65279	-4.933093	-3.279423	11.983530
65280	-4.848346	-3.418154	11.960058
65281	-4.726346	-3.577581	11.950429
65282	-4.565617	-3.687538	11.966716
65283	-4.373490	-3.773563	12.014547
65284	-4.156264	-3.811754	12.083645
65285	-3.931610	-3.855570	12.167729
65286	-3.703940	-3.883404	12.261096
65287	-3.480498	-3.937894	12.364429
65288	-3.276299	-3.999162	12.466560
65289	-3.115302	-4.109670	12.549704
65290	-2.986092	-4.232561	12.614118
65291	-2.880534	-4.393613	12.657681
65292	-2.796900	-4.565387	12.679127
65293	-2.711029	-4.799203	12.685833
65294	-2.606905	-5.069267	12.680206
65295	-2.460105	-5.404903	12.690355
65296	-2.334046	-5.755949	12.686037
65297	-2.202628	-6.157199	12.683938
65298	-2.084461	-6.597440	12.676887
65299	-1.988132	-7.106864	12.663704
65300	-1.901390	-7.658192	12.658680
65301	-1.819884	-8.271510	12.666031
65302	-1.773743	-8.936935	12.669281
65303	-1.752137	-9.697436	12.680505
65304	-1.761378	-10.512681	12.699782
65305	-1.785290	-11.398057	12.750442
65306	-1.841255	-12.322128	12.818397
65307	-1.952833	-13.324598	12.895287
65308	-2.106953	-14.392417	12.978513
65309	-2.292309	-15.558322	13.072464
65310	-2.491478	-16.794024	13.165808
65311	-2.691872	-18.160978	13.237398
65312	-2.892058	-19.654364	13.279096
65313	-3.110378	-21.356500	13.294302
65314	-3.337174	-23.219031	13.228145
65315	-3.574286	-25.262386	13.116221
65316	-3.810587	-27.483525	12.957273
65317	-4.013603	-29.999074	12.736766
65318	-4.235597	-32.818886	12.459325
65319	-4.545782	-35.969487	12.123333
65320	-4.805803	-39.404931	11.716473
65321	-4.912414	-43.120609	11.212576
65322	-4.999798	-46.882016	10.504915
65323	-4.827300	-50.669860	9.719522
65324	-4.693880	-54.374136	8.677256
65325	-4.416667	-57.995875	7.309360
65326	-3.731227	-61.499210	5.411774
65327	-2.446689	-64.907206	2.820760
65328	-0.190660	-68.197609	-0.900002
65329	3.668056	-71.272751	-6.331103
65330	9.481935	-73.807261	-13.529029
65331	15.417940	-75.116156	-20.494574
65332	18.331886	-75.163662	-23.977916
65333	17.409733	-74.234355	-22.927398
65334	14.158333	-72.485803	-19.031997
65335	10.349428	-70.103036	-14.300529
65336	7.155998	-67.363712	-10.094889
65337	4.759281	-64.488032	-6.717484
65338	3.185447	-61.677520	-4.248864
65339	2.213266	-58.988454	-2.538765
65340	1.656833	-56.467428	-1.487096
65341	1.263333	-53.989856	-0.904891
65342	0.940645	-51.436160	-0.663839
65343	0.603841	-48.654652	-0.533706
65344	0.274515	-45.702176	-0.378685
65345	-0.066025	-42.600494	-0.096723
65346	-0.393228	-39.463413	0.273860
65347	-0.776712	-36.280148	0.698941
65348	-1.227365	-33.126504	1.109298
65349	-1.753718	-30.007523	1.446606
65350	-2.338061	-27.027771	1.676509
65351	-2.950127	-24.146316	1.810221
65352	-3.549823	-21.395603	1.843526
65353	-4.147205	-18.652136	1.820958
65354	-4.716121	-15.894935	1.794345
65355	-5.218043	-13.037842	1.795080
65356	-5.661833	-10.161036	1.863525
65357	-6.116048	-7.212579	2.007345
65358	-6.653632	-4.232869	2.237196
65359	-7.270388	-1.168660	2.582288
65360	-7.816385	1.862481	3.090456
65361	-8.211374	4.809486	3.771980
65362	-8.482898	7.551732	4.579655
65363	-8.756541	10.085998	5.427276
65364	-9.022506	12.327569	6.244332
65365	-9.267359	14.260093	6.938644
65366	-9.580359	15.829159	7.412920
65367	-10.091620	17.038452	7.637412
65368	-10.786892	17.889605	7.681392
65369	-11.518925	18.389982	7.639705
65370	-11.996065	18.540599	7.657433
65371	-11.825264	18.193948	7.917446
65372	-10.956447	17.287541	8.537164
65373	-9.661734	15.977329	9.493871
65374	-8.663030	14.560181	10.396139
65375	-8.103280	12.801906	10.984537
65376	-7.632863	10.666913	11.329380
65377	-7.245455	8.350448	11.527198
65378	-7.019509	6.376037	11.597648
65379	-6.907451	4.778179	11.563026
65380	-6.908943	3.379104	11.562594
65381	-6.976111	2.097252	11.586234
65382	-6.992572	1.085440	11.549399
65383	-6.877546	0.235950	11.524071
65384	-6.733120	-0.448064	11.508169
65385	-6.518478	-0.989445	11.465132
65386	-6.209576	-1.382940	11.427072
65387	-5.855080	-1.682114	11.413124
65388	-5.465273	-1.879048	11.403061
65389	-5.097318	-2.060339	11.399757
65390	-4.764365	-2.224102	11.401260
65391	-4.472360	-2.395756	11.409003
65392	-4.220086	-2.537923	11.425180
65393	-3.991662	-2.663390	11.461009
65394	-3.789069	-2.723877	11.526566
65395	-3.615639	-2.780886	11.613740
65396	-3.454542	-2.814110	11.719476
65397	-3.283837	-2.857234	11.832470
65398	-3.118013	-2.893995	11.940353
65399	-2.954801	-2.971870	12.040416
65400	-2.798754	-3.065251	12.127157
65401	-2.640725	-3.179031	12.199854
65402	-2.484349	-3.285590	12.259391
65403	-2.342787	-3.433748	12.301598
65404	-2.224279	-3.589530	12.321471
65405	-2.134081	-3.768124	12.316131
65406	-2.054615	-3.948814	12.294445
65407	-1.970188	-4.173088	12.258866
65408	-1.850903	-4.422525	12.229331
65409	-1.708715	-4.717663	12.202536
65410	-1.560126	-5.010837	12.181445
65411	-1.424397	-5.324128	12.160314
65412	-1.307048	-5.621765	12.140658
65413	-1.212703	-5.940375	12.128163
65414	-1.136061	-6.265685	12.119771
65415	-1.076595	-6.618590	12.115115
65416	-1.031854	-6.974274	12.112776
65417	-1.005659	-7.345515	12.118282
65418	-0.986464	-7.720231	12.128541
65419	-0.971155	-8.127180	12.138402
65420	-0.954945	-8.559725	12.146040
65421	-0.926678	-9.038076	12.152560
65422	-0.890214	-9.533294	12.159533
65423	-0.843235	-10.070010	12.172167
65424	-0.797760	-10.647586	12.189610
65425	-0.760207	-11.297551	12.213160
65426	-0.733907	-12.007969	12.252789
65427	-0.720346	-12.781252	12.296500
65428	-0.726865	-13.599972	12.348232
65429	-0.751339	-14.494647	12.397391
65430	-0.794155	-15.455081	12.447353
65431	-0.856276	-16.495311	12.500215
65432	-0.932120	-17.599502	12.556297
65433	-1.021250	-18.798404	12.599105
65434	-1.123866	-20.101329	12.612109
65435	-1.246398	-21.535615	12.595248
65436	-1.368030	-23.130463	12.526896
65437	-1.514004	-24.828427	12.437775
65438	-1.665584	-26.650754	12.323214
65439	-1.753745	-28.669415	12.150109
65440	-1.790584	-30.939663	11.902995
65441	-1.785259	-33.466353	11.591204
65442	-1.751122	-36.233903	11.202689
65443	-1.614557	-39.236826	10.690922
65444	-1.308145	-42.520609	9.967773
65445	-0.838930	-45.873667	9.062752
65446	-0.126591	-49.440234	8.006822
65447	0.538800	-52.960328	6.749086
65448	1.415264	-56.500834	5.198319
65449	2.459243	-59.994184	3.436934
65450	3.885081	-63.408576	1.123662
65451	5.757273	-66.717620	-1.809218
65452	8.681153	-69.669216	-5.963036
65453	12.405243	-71.724526	-10.792126
65454	15.377053	-72.265193	-14.468445
65455	15.805146	-71.341517	-15.286429
65456	14.616969	-69.616371	-13.982330
65457	12.836318	-67.492931	-11.756516
65458	11.122436	-65.221852	-9.568390
65459	9.657307	-62.882108	-7.679739
65460	8.582296	-60.566530	-6.257603
65461	7.783819	-58.281676	-5.236761
65462	7.141573	-56.019216	-4.487442
65463	6.513829	-53.677341	-3.843601
65464	5.834901	-51.234008	-3.200610
65465	5.050833	-48.614021	-2.488071
65466	4.218322	-45.825186	-1.729318
65467	3.317837	-42.858226	-0.933552
65468	2.389260	-39.796142	-0.167462
65469	1.444371	-36.678759	0.523012
65470	0.528366	-33.614913	1.103995
65471	-0.344856	-30.628077	1.570946
65472	-1.130971	-27.795165	1.891970
65473	-1.849786	-25.055566	2.073408
65474	-2.510558	-22.354479	2.130159
65475	-3.140874	-19.608421	2.138984
65476	-3.704686	-16.851220	2.135681
65477	-4.201289	-14.035233	2.159536
65478	-4.657349	-11.200732	2.234935
65479	-5.132109	-8.284104	2.363749
65480	-5.668932	-5.304926	2.535772
65481	-6.259472	-2.224829	2.763970
65482	-6.806034	0.858883	3.084447
65483	-7.239492	3.894751	3.534148
65484	-7.535945	6.770527	4.101225
65485	-7.782440	9.479450	4.741818
65486	-8.042510	11.934855	5.413892
65487	-8.337727	14.103548	6.068858
65488	-8.695997	15.936048	6.658041
65489	-9.099895	17.417038	7.172014
65490	-9.476199	18.521465	7.623574
65491	-9.739977	19.268921	8.051525
65492	-9.797743	19.679626	8.505411
65493	-9.618863	19.709888	9.041905
65494	-9.230469	19.245369	9.679907
65495	-8.718666	18.276565	10.422338
65496	-8.070832	16.991609	11.268851
65497	-7.452105	15.579733	11.906928
65498	-7.016936	13.865130	12.087274
65499	-6.572444	11.732624	12.095196
65500	-6.245249	9.399714	12.142554
65501	-5.940443	7.313193	12.330204
65502	-5.665433	5.627488	12.489553
65503	-5.486545	4.112569	12.608654
65504	-5.408580	2.740014	12.640307
65505	-5.401123	1.484938	12.581883
65506	-5.352762	0.557687	12.504559
65507	-5.222354	-0.180599	12.483862
65508	-5.084666	-0.732189	12.472445
65509	-4.932410	-1.169050	12.469859
65510	-4.789520	-1.518570	12.503138
65511	-4.672250	-1.834233	12.533566
65512	-4.584501	-2.125233	12.548660
65513	-4.493070	-2.399000	12.564392
65514	-4.386672	-2.632122	12.567647
65515	-4.284442	-2.845704	12.554958
65516	-4.199518	-3.045526	12.520581
65517	-4.140356	-3.231305	12.475331
65518	-4.112131	-3.370498	12.434670
65519	-4.089736	-3.504681	12.404313
65520	-4.039152	-3.616745	12.371768
65521	-3.953273	-3.735950	12.350029
65522	-3.835728	-3.829974	12.337240
65523	-3.684883	-3.902302	12.341475
65524	-3.519743	-3.937038	12.374503
65525	-3.348462	-3.973071	12.422580
65526	-3.195441	-4.013183	12.474936
65527	-3.062947	-4.095348	12.522479
65528	-2.950891	-4.184235	12.555800
65529	-2.843910	-4.300774	12.584914
65530	-2.740413	-4.446067	12.598711
65531	-2.627422	-4.660297	12.602607
65532	-2.507038	-4.914191	12.590147
65533	-2.407100	-5.229885	12.582865
65534	-2.324221	-5.556696	12.582620
65535	-2.256639	-5.918377	12.587581
00000	-2.207657	-6.290851	12.593532
00001	-2.166788	-6.696026	12.601908
00002	-2.137589	-7.101708	12.616416
00003	-2.105432	-7.523027	12.630071
00004	-2.077839	-7.946244	12.639287
00005	-2.032873	-8.408403	12.636571
00006	-1.972736	-8.893160	12.629042
00007	-1.891547	-9.409461	12.621204
00008	-1.794575	-9.936842	12.612685
00009	-1.692079	-10.512304	12.608361
00010	-1.608348	-11.115764	12.610311
00011	-1.543985	-11.764241	12.622545
00012	-1.508474	-12.438603	12.644356
00013	-1.503280	-13.157776	12.680379
00014	-1.538280	-13.912455	12.727614
00015	-1.614099	-14.734579	12.788948
00016	-1.733982	-15.606927	12.865046
00017	-1.899043	-16.539688	12.959658
00018	-2.107664	-17.524045	13.072711
00019	-2.332037	-18.602188	13.188856
00020	-2.559227	-19.781114	13.284433
00021	-2.786062	-21.088081	13.345336
00022	-2.993222	-22.551344	13.361652
00023	-3.198237	-24.165069	13.306057
00024	-3.394436	-25.894018	13.230799
00025	-3.557094	-27.777675	13.118209
00026	-3.653635	-29.854719	12.936710
00027	-3.748464	-32.198102	12.693396
00028	-3.918025	-34.808262	12.430334
00029	-4.122679	-37.707367	12.115275
00030	-4.230830	-40.871845	11.718105
00031	-4.227992	-44.266063	11.167727
00032	-4.175272	-47.721528	10.390832
00033	-3.834204	-51.319916	9.564328
00034	-3.632378	-54.863034	8.464473
00035	-3.346480	-58.384537	7.141456
00036	-2.739123	-61.720601	5.416623
00037	-1.508674	-64.915605	3.094458
00038	0.676942	-67.904895	-0.160004
00039	4.275720	-70.506905	-4.670485
00040	8.912653	-72.338016	-9.812712
00041	12.673528	-72.883655	-13.893253
00042	14.276795	-72.408199	-15.740258
00043	13.901117	-71.147811	-15.399373
00044	12.356775	-69.345339	-13.760053
00045	10.428071	-67.190353	-11.598193
00046	8.622986	-64.885807	-9.381179
00047	7.125034	-62.570104	-7.315865
00048	6.000583	-60.334203	-5.544961
00049	5.126526	-58.161960	-4.085390
00050	4.390262	-55.981458	-2.943703
00051	3.637988	-53.649619	-2.016140
00052	2.848828	-51.154095	-1.246169
00053	2.025516	-48.444198	-0.557883
00054	1.235915	-45.580312	0.088053
00055	0.486813	-42.580703	0.710822
00056	-0.192091	-39.528590	1.274618
00057	-0.846294	-36.431111	1.757222
00058	-1.495164	-33.351893	2.126194
00059	-2.170205	-30.289545	2.390144
00060	-2.815772	-27.316795	2.510074
00061	-3.420495	-24.408069	2.501647
00062	-3.970312	-21.567154	2.384864
00063	-4.480919	-18.682304	2.211906
00064	-4.947303	-15.772506	2.029383
00065	-5.394750	-12.787374	1.891280
00066	-5.840232	-9.770622	1.856095
00067	-6.306617	-6.671174	1.942558
00068	-6.796550	-3.537538	2.156870
00069	-7.286854	-0.368110	2.495465
00070	-7.701535	2.712648	2.951462
00071	-8.008030	5.659938	3.520124
00072	-8.239622	8.373459	4.170327
00073	-8.469164	10.848423	4.869738
00074	-8.672587	13.010133	5.596218
00075	-8.892635	14.837583	6.302780
00076	-9.217032	16.277198	6.935139
00077	-9.684226	17.325274	7.489737
00078	-10.218297	18.015839	7.961921
00079	-10.668101	18.400985	8.373432
00080	-10.864250	18.494999	8.762058
00081	-10.763045	18.234168	9.118647
00082	-10.254414	17.543383	9.535811
00083	-9.117023	16.428294	10.221757
00084	-7.658076	15.335567	11.145241
00085	-6.799467	14.033802	11.760822
00086	-6.416436	12.285805	12.027860
00087	-6.114603	10.078301	12.149909
00088	-5.900386	7.775004	12.278071
00089	-5.686479	5.864692	12.352190
00090	-5.568359	4.330439	12.371763
00091	-5.589389	2.986086	12.415540
00092	-5.703409	1.814289	12.437085
00093	-5.818091	0.950585	12.413642
00094	-5.895827	0.292549	12.432122
00095	-5.977619	-0.247006	12.458425
00096	-6.023902	-0.678045	12.439866
00097	-6.009251	-1.035321	12.412354
00098	-5.969244	-1.319305	12.391645
00099	-5.921803	-1.599172	12.359406
00100	-5.864490	-1.848964	12.305021
00101	-5.793975	-2.090285	12.259455
00102	-5.711227	-2.322501	12.208180
00103	-5.624066	-2.557230	12.158535
00104	-5.535775	-2.765881	12.118069
00105	-5.466108	-2.956437	12.090633
00106	-5.437892	-3.123187	12.077043
00107	-5.448232	-3.307378	12.063031
00108	-5.451120	-3.489733	12.045258
00109	-5.424463	-3.680633	12.030167
00110	-5.361316	-3.859118	12.016609
00111	-5.276259	-4.054302	12.005606
00112	-5.163229	-4.204717	12.008510
00113	-5.018439	-4.334279	12.029347
00114	-4.860619	-4.417342	12.075390
00115	-4.697211	-4.498633	12.137234
00116	-4.542245	-4.560045	12.205853
00117	-4.400381	-4.648004	12.276634
00118	-4.280792	-4.728449	12.339659
00119	-4.171172	-4.842557	12.386007
00120	-4.067636	-4.977807	12.420595
00121	-3.987550	-5.206245	12.427650
00122	-3.895625	-5.504691	12.458569
00123	-3.814392	-5.851603	12.480096
00124	-3.730623	-6.201324	12.507842
00125	-3.651077	-6.591345	12.543028
00126	-3.591501	-7.003451	12.571518
00127	-3.541782	-7.467077	12.591240
00128	-3.496671	-7.936579	12.614137
00129	-3.446206	-8.434663	12.633919
00130	-3.395234	-8.944567	12.649726
00131	-3.348762	-9.503188	12.653412
00132	-3.303827	-10.087351	12.647965
00133	-3.248171	-10.707391	12.649390
00134	-3.184036	-11.332789	12.662117
00135	-3.126342	-12.009017	12.682405
00136	-3.095869	-12.720455	12.705096
00137	-3.095784	-13.500711	12.740980
00138	-3.113912	-14.300365	12.785599
00139	-3.149768	-15.159872	12.843116
00140	-3.223945	-16.073894	12.905835
00141	-3.339195	-17.075597	12.978881
00142	-3.487909	-18.145834	13.062113
00143	-3.656822	-19.302684	13.150788
00144	-3.832478	-20.558239	13.226284
00145	-4.006085	-21.961223	13.276980
00146	-4.201014	-23.559814	13.286013
00147	-4.413797	-25.317571	13.240919
00148	-4.624409	-27.204101	13.189334
00149	-4.812447	-29.300538	13.103381
00150	-4.970697	-31.677823	12.962600
00151	-5.179062	-34.372670	12.790160
00152	-5.457629	-37.367069	12.580646
00153	-5.733311	-40.659425	12.336861
00154	-5.952036	-44.201220	12.022447
00155	-6.202148	-47.811677	11.490135
00156	-6.183234	-51.477438	10.896958
00157	-6.214996	-55.104215	10.139134
00158	-6.204221	-58.701789	9.097643
00159	-5.883637	-62.147804	7.648164
00160	-4.984622	-65.548271	5.665859
00161	-3.311069	-68.862320	2.893965
00162	-0.171841	-72.027630	-1.268956
00163	4.774587	-74.546697	-6.836369
00164	10.088226	-75.763108	-12.249697
00165	12.768387	-75.556911	-14.782508
00166	12.510122	-74.307801	-14.102113
00167	10.550650	-72.292252	-11.530453
00168	8.261282	-69.822586	-8.493802
00169	6.374710	-67.121619	-5.734088
00170	5.143631	-64.415103	-3.549836
00171	4.430376	-61.783675	-1.964354
00172	4.052924	-59.298297	-1.006816
00173	3.717818	-56.843217	-0.493018
00174	3.304947	-54.317495	-0.243015
00175	2.765979	-51.595818	-0.034793
00176	2.185931	-48.715197	0.252912
00177	1.580160	-45.689066	0.700810
00178	1.000637	-42.603108	1.246885
00179	0.394760	-39.495890	1.833215
00180	-0.236501	-36.449829	2.357893
00181	-0.899800	-33.442065	2.767614
00182	-1.584998	-30.536687	3.043084
00183	-2.283782	-27.681176	3.194313
00184	-2.946871	-24.891223	3.223934
00185	-3.544660	-22.070716	3.150948
00186	-4.057443	-19.245206	2.992551
00187	-4.537346	-16.380419	2.806928
00188	-5.024052	-13.519393	2.630060
00189	-5.535814	-10.612758	2.534220
00190	-6.040168	-7.681287	2.565410
00191	-6.520947	-4.648559	2.746534
00192	-6.933371	-1.580710	3.074097
00193	-7.234929	1.474569	3.544528
00194	-7.416354	4.378908	4.144884
00195	-7.517719	7.078802	4.834073
00196	-7.625854	9.497816	5.547970
00197	-7.774262	11.629434	6.220851
00198	-8.007136	13.411449	6.775926
00199	-8.458699	14.859110	7.167231
00200	-9.148552	15.977138	7.432489
00201	-9.895647	16.810984	7.651257
00202	-10.440590	17.368216	7.906753
00203	-10.647031	17.621138	8.252184
00204	-10.494676	17.483543	8.726852
00205	-10.084766	16.828679	9.350911
00206	-9.427611	15.627663	10.269951
00207	-8.606553	14.195944	11.349085
00208	-7.978120	12.524056	12.210682
00209	-7.517259	10.494213	12.744575
00210	-7.143655	8.121805	13.034656
00211	-6.931353	5.806248	13.155738
00212	-6.828567	3.970418	13.102093
00213	-6.772489	2.408929	13.013978
00214	-6.738359	1.143028	12.990115
00215	-6.507658	0.140850	12.921123
00216	-6.210486	-0.607007	12.873566
00217	-5.921101	-1.151800	12.832787
00218	-5.609769	-1.556733	12.800600
00219	-5.266828	-1.849327	12.791194
00220	-4.927651	-2.038344	12.789813
00221	-4.617115	-2.195000	12.796422
00222	-4.357971	-2.329095	12.801568
00223	-4.142055	-2.470090	12.811538
00224	-3.938515	-2.609704	12.823749
00225	-3.758202	-2.753112	12.840800
00226	-3.604034	-2.861185	12.871177
00227	-3.466274	-2.929527	12.921488
00228	-3.341855	-2.936203	12.991377
00229	-3.231832	-2.930964	13.077383
00230	-3.117097	-2.898143	13.177729
00231	-2.998786	-2.882784	13.274134
00232	-2.888929	-2.901260	13.364448
00233	-2.791646	-2.981999	13.433157
00234	-2.697730	-3.098549	13.487774
00235	-2.617902	-3.244876	13.532573
00236	-2.549907	-3.411006	13.568657
00237	-2.508584	-3.613413	13.569878
00238	-2.467973	-3.833318	13.558920
00239	-2.411070	-4.086127	13.540031
00240	-2.304592	-4.363303	13.533148
00241	-2.163372	-4.692462	13.526899
00242	-2.034181	-5.048948	13.507323
00243	-1.932922	-5.457819	13.482282
00244	-1.854327	-5.871406	13.461179
00245	-1.781960	-6.293941	13.450261
00246	-1.727100	-6.709184	13.451378
00247	-1.688940	-7.142854	13.459948
00248	-1.665269	-7.590368	13.466906
00249	-1.652730	-8.050629	13.473878
00250	-1.640854	-8.504567	13.485141
00251	-1.627417	-8.980150	13.493100
00252	-1.608759	-9.472006	13.499000
00253	-1.586376	-10.002267	13.502391
00254	-1.552897	-10.550076	13.509457
00255	-1.503770	-11.132985	13.518829
00256	-1.452275	-11.752649	13.538913
00257	-1.407447	-12.433493	13.570388
00258	-1.378910	-13.164377	13.600173
00259	-1.370848	-13.953364	13.645780
00260	-1.375243	-14.769002	13.698996
00261	-1.396762	-15.643577	13.762136
00262	-1.437258	-16.570625	13.835368
00263	-1.507217	-17.576636	13.916935
00264	-1.598303	-18.649333	13.995451
00265	-1.709939	-19.795132	14.070677
00266	-1.826320	-21.021474	14.133166
00267	-1.943529	-22.361134	14.169062
00268	-2.049982	-23.860813	14.145595
00269	-2.184485	-25.434983	14.090577
00270	-2.331479	-27.120610	14.004779
00271	-2.475500	-28.948468	13.881094
00272	-2.601720	-30.984404	13.700858
00273	-2.747266	-33.255177	13.463884
00274	-2.907879	-35.773259	13.184550
00275	-3.043802	-38.533760	12.824325
00276	-3.046155	-41.569154	12.335689
00277	-2.929431	-44.849009	11.636883
00278	-2.676846	-48.198538	10.801919
00279	-2.243667	-51.697898	9.924863
00280	-1.873369	-55.089551	8.630835
00281	-1.368069	-58.424788	7.056735
00282	-0.444700	-61.537092	4.961485
00283	1.175839	-64.406907	2.205310
00284	3.633502	-66.964848	-1.372381
00285	7.020188	-69.044284	-5.894537
00286	10.767778	-70.143321	-10.626696
00287	13.280821	-69.967064	-13.926993
00288	14.219580	-68.986403	-15.250541
00289	14.093504	-67.558078	-15.000601
00290	13.411527	-65.939111	-13.939216
00291	12.448886	-64.233946	-12.550818
00292	11.361742	-62.519922	-11.096220
00293	10.186645	-60.777182	-9.655126
00294	9.015473	-59.023060	-8.312585
00295	7.859202	-57.194753	-7.030702
00296	6.756099	-55.251037	-5.788091
00297	5.684454	-53.103348	-4.559301
00298	4.666536	-50.732646	-3.369175
00299	3.657241	-48.124910	-2.220472
00300	2.709410	-45.352856	-1.169316
00301	1.810231	-42.444341	-0.207546
00302	0.994942	-39.481414	0.640002
00303	0.261209	-36.465362	1.365214
00304	-0.395026	-33.461761	1.936184
00305	-1.012943	-30.449560	2.349531
00306	-1.599728	-27.500179	2.614415
00307	-2.170836	-24.612906	2.768720
00308	-2.710606	-21.779081	2.828087
00309	-3.232546	-18.901563	2.845417
00310	-3.736033	-15.979167	2.855535
00311	-4.235650	-12.981332	2.879686
00312	-4.732109	-9.963651	2.926000
00313	-5.238508	-6.918339	3.015098
00314	-5.771847	-3.912885	3.144482
00315	-6.345749	-0.942442	3.310799
00316	-6.917073	1.904375	3.523682
00317	-7.456785	4.594325	3.782155
00318	-7.971544	7.036785	4.062032
00319	-8.517403	9.244166	4.337998
00320	-9.040482	11.181381	4.649232
00321	-9.507457	12.894371	4.981808
00322	-9.878686	14.409696	5.333007
00323	-10.161177	15.687903	5.678181
00324	-10.361989	16.638229	5.999855
00325	-10.463669	17.196917	6.308668
00326	-10.331499	17.308902	6.633140
00327	-9.745304	16.916750	7.057210
00328	-8.206962	15.742041	8.013537
00329	-6.776330	14.100316	8.873955
00330	-6.072138	12.447177	9.683386
00331	-5.794782	10.587314	9.973149
00332	-5.616174	8.382589	9.851039
00333	-5.512132	6.118486	9.766756
00334	-5.449740	4.302900	9.749906
00335	-5.427377	2.879559	9.842726
00336	-5.453507	1.640738	9.962153
00337	-5.532229	0.663242	9.969840
00338	-5.562515	-0.092159	9.992586
00339	-5.602861	-0.688638	10.054665
00340	-5.609553	-1.165544	10.095717
00341	-5.541712	-1.571811	10.099720
00342	-5.387670	-1.846559	10.086563
00343	-5.186158	-2.090727	10.061219
00344	-4.974114	-2.307962	10.033246
00345	-4.749261	-2.530904	10.005776
00346	-4.500087	-2.709271	10.007104
00347	-4.232758	-2.852853	10.051337
00348	-3.984560	-2.928025	10.141027
00349	-3.765545	-2.993104	10.256171
00350	-3.604220	-3.033174	10.401223
00351	-3.496081	-3.110826	10.556354
00352	-3.419324	-3.224128	10.709877
00353	-3.348374	-3.374451	10.844966
00354	-3.288546	-3.522203	10.922113
00355	-3.229141	-3.677954	10.955733
00356	-3.182100	-3.809398	10.955257
00357	-3.144768	-3.933950	10.919423
00358	-3.121666	-4.042084	10.851398
00359	-3.119819	-4.162050	10.768197
00360	-3.138612	-4.279005	10.684193
00361	-3.174816	-4.388600	10.603711
00362	-3.195943	-4.497536	10.515255
00363	-3.195989	-4.640210	10.425990
00364	-3.161490	-4.806479	10.331078
00365	-3.107686	-5.012822	10.237233
00366	-3.030406	-5.238943	10.155444
00367	-2.955367	-5.501585	10.070736
00368	-2.866966	-5.806453	10.003025
00369	-2.792301	-6.144587	9.942509
00370	-2.731094	-6.480060	9.890788
00371	-2.676830	-6.827076	9.860117
00372	-2.630003	-7.183008	9.839192
00373	-2.592069	-7.578511	9.825951
00374	-2.553098	-7.998698	9.812892
00375	-2.506804	-8.452339	9.797043
00376	-2.445413	-8.913027	9.779647
00377	-2.378554	-9.424364	9.755597
00378	-2.307107	-9.981067	9.726079
00379	-2.239454	-10.599784	9.699060
00380	-2.175230	-11.250087	9.691766
00381	-2.119633	-11.949238	9.708918
00382	-2.098993	-12.690262	9.743788
00383	-2.119889	-13.492089	9.785484
00384	-2.183739	-14.343797	9.837581
00385	-2.278228	-15.256315	9.906493
00386	-2.406410	-16.222127	9.991216
00387	-2.559780	-17.275048	10.081594
00388	-2.739247	-18.413175	10.158094
00389	-2.917374	-19.679519	10.220147
00390	-3.112682	-21.115872	10.270662
00391	-3.298008	-22.722364	10.241835
00392	-3.476118	-24.463380	10.183191
00393	-3.637705	-26.379245	10.095122
00394	-3.757718	-28.500940	9.976865
00395	-3.865420	-30.875326	9.816691
00396	-4.028165	-33.533653	9.644566
00397	-4.250624	-36.485026	9.407875
00398	-4.431854	-39.696564	9.074796
00399	-4.404459	-43.205434	8.523439
00400	-4.384231	-46.768260	7.793621
00401	-4.106071	-50.425414	7.065178
00402	-4.001352	-54.010166	6.188740
00403	-3.842533	-57.582145	5.089016
00404	-3.525885	-61.004474	3.728196
00405	-2.735855	-64.334096	1.893091
00406	-1.250955	-67.553349	-0.660714
00407	1.599932	-70.496614	-4.455767
00408	5.715746	-72.637736	-9.024881
00409	9.271137	-73.271267	-12.565658
00410	10.550259	-72.590530	-13.670297
00411	10.012859	-70.995450	-12.758421
00412	8.575097	-68.934286	-10.836736
00413	7.012040	-66.649553	-8.717425
00414	5.700447	-64.313914	-6.760011
00415	4.752562	-61.987752	-5.114816
00416	4.152412	-59.727341	-3.867989
00417	3.737494	-57.488325	-2.936339
00418	3.382627	-55.243838	-2.256742
00419	2.976090	-52.900473	-1.720296
00420	2.521907	-50.420780	-1.240958
00421	2.053956	-47.729459	-0.766334
00422	1.611641	-44.877722	-0.276669
00423	1.161858	-41.886844	0.243781
00424	0.701634	-38.843484	0.757812
00425	0.206559	-35.765444	1.241969
00426	-0.327236	-32.753982	1.637820
00427	-0.885456	-29.826221	1.904319
00428	-1.427275	-27.058934	2.020150
00429	-1.958444	-24.394043	1.999148
00430	-2.447160	-21.782585	1.860270
00431	-2.875195	-19.125124	1.675502
00432	-3.246229	-16.466822	1.499394
00433	-3.643789	-13.768114	1.370086
00434	-4.132951	-11.045399	1.332907
00435	-4.720672	-8.221702	1.438605
00436	-5.346574	-5.308592	1.728100
00437	-5.956650	-2.290623	2.214273
00438	-6.489757	0.709365	2.880719
00439	-6.901558	3.636786	3.711581
00440	-7.176098	6.377412	4.669901
00441	-7.398638	8.910850	5.668966
00442	-7.591156	11.171546	6.660928
00443	-7.729222	13.162197	7.566676
00444	-7.871716	14.837907	8.299849
00445	-8.126144	16.176740	8.791761
00446	-8.542583	17.149427	9.017785
00447	-9.102624	17.747042	9.020636
00448	-9.690170	17.967551	8.900555
00449	-10.132364	17.786507	8.774616
00450	-10.059176	17.091022	8.895218
00451	-9.177080	15.929861	9.542377
00452	-8.126635	14.766479	10.536765
00453	-7.510131	13.313918	11.261019
00454	-7.115088	11.351108	11.610946
00455	-6.758539	8.981626	11.793623
00456	-6.470514	6.714259	11.934034
00457	-6.267711	4.958138	11.906362
00458	-6.165475	3.510517	11.878593
00459	-6.145993	2.209896	11.917715
00460	-6.109404	1.197865	11.914947
00461	-5.963682	0.362564	11.890555
00462	-5.872974	-0.289196	11.901742
00463	-5.828665	-0.822711	11.895168
00464	-5.743349	-1.220238	11.879614
00465	-5.631152	-1.546140	11.889416
00466	-5.522035	-1.823053	11.894299
00467	-5.420219	-2.093084	11.887832
00468	-5.313299	-2.331789	11.881420
00469	-5.210985	-2.574491	11.876061
00470	-5.093105	-2.788983	11.864890
00471	-4.972025	-3.005288	11.855452
00472	-4.824297	-3.157895	11.859436
00473	-4.679335	-3.293208	11.879086
00474	-4.552267	-3.405689	11.901847
00475	-4.422004	-3.535912	11.922932
00476	-4.264676	-3.632787	11.953180
00477	-4.069930	-3.710332	11.995399
00478	-3.855132	-3.746103	12.054792
00479	-3.630396	-3.790954	12.117444
00480	-3.389132	-3.816888	12.194418
00481	-3.147986	-3.874449	12.273832
00482	-2.915919	-3.956654	12.344464
00483	-2.712240	-4.079080	12.392579
00484	-2.538084	-4.231022	12.421954
00485	-2.378357	-4.450209	12.437314
00486	-2.189010	-4.719741	12.455091
00487	-1.991096	-5.033446	12.491238
00488	-1.846369	-5.373129	12.515311
00489	-1.745098	-5.778365	12.530199
00490	-1.679245	-6.210974	12.547549
00491	-1.631388	-6.679309	12.568977
00492	-1.594332	-7.141683	12.597815
00493	-1.561871	-7.632652	12.631529
00494	-1.529606	-8.136401	12.655787
00495	-1.492692	-8.679092	12.668769
00496	-1.447384	-9.224391	12.679425
00497	-1.380714	-9.779722	12.689737
00498	-1.299014	-10.341423	12.698455
00499	-1.199612	-10.945531	12.703400
00500	-1.095735	-11.572645	12.705271
00501	-0.979822	-12.231623	12.704731
00502	-0.858222	-12.902142	12.709296
00503	-0.745290	-13.627393	12.719068
00504	-0.655461	-14.395342	12.728014
00505	-0.595275	-15.217773	12.743561
00506	-0.563844	-16.070679	12.769724
00507	-0.559617	-16.983635	12.798526
00508	-0.590298	-17.957436	12.835713
00509	-0.659527	-19.025575	12.885412
00510	-0.764828	-20.171259	12.946898
00511	-0.871356	-21.429754	12.994639
00512	-0.960424	-22.799830	13.008692
00513	-1.019122	-24.363534	12.984297
00514	-1.029546	-26.085766	12.877459
00515	-0.979218	-27.989682	12.713340
00516	-0.863837	-30.063995	12.474277
00517	-0.661995	-32.405127	12.108286
00518	-0.397251	-35.033333	11.600962
00519	-0.060727	-37.942664	10.925547
00520	0.442092	-41.127511	9.966935
00521	1.259934	-44.598146	8.709441
00522	2.379817	-48.181534	7.175540
00523	3.673467	-51.898854	5.218769
00524	5.180485	-55.552424	2.819418
00525	7.156085	-59.101218	-0.143503
00526	9.579241	-62.471924	-3.701906
00527	12.805974	-65.556758	-8.255783
00528	16.955534	-68.250445	-13.839775
00529	21.954049	-70.330854	-20.124707
00530	26.177020	-71.864039	-25.294620
00531	26.803334	-72.335435	-26.716140
00532	24.189871	-72.034965	-24.220109
00533	19.867595	-71.062977	-19.371613
00534	15.372584	-69.553497	-14.120596
00535	11.510048	-67.658779	-9.618935
00536	8.612346	-65.526727	-6.381555
00537	6.574423	-63.261035	-4.340668
00538	5.226297	-60.964450	-3.233737
00539	4.350736	-58.614626	-2.694292
00540	3.816487	-56.196961	-2.445337
00541	3.459368	-53.620406	-2.253687
00542	3.165034	-50.906889	-2.023114
00543	2.784436	-48.045846	-1.651897
00544	2.288958	-45.119125	-1.182112
00545	1.620798	-42.132694	-0.605287
00546	0.832346	-39.142200	0.029830
00547	-0.034807	-36.138693	0.704740
00548	-0.894253	-33.184080	1.377394
00549	-1.702674	-30.258094	2.019830
00550	-2.413165	-27.397352	2.582564
00551	-3.054611	-24.529400	3.046070
00552	-3.625377	-21.627230	3.368373
00553	-4.110438	-18.613227	3.534128
00554	-4.497266	-15.551430	3.552608
00555	-4.803766	-12.419561	3.485118
00556	-5.051989	-9.294971	3.388044
00557	-5.291777	-6.148721	3.306521
00558	-5.583863	-3.045629	3.282380
00559	-5.951460	0.029064	3.348278
00560	-6.329653	2.992443	3.535721
00561	-6.670571	5.829546	3.861612
00562	-7.021639	8.454632	4.280751
00563	-7.466059	10.856737	4.724509
00564	-8.050451	12.952594	5.103021
00565	-8.838568	14.780820	5.398741
00566	-9.756836	16.348678	5.593581
00567	-10.658711	17.665001	5.718669
00568	-11.429947	18.672394	5.822618
00569	-12.032062	19.342302	5.927069
00570	-12.476515	19.621389	6.021575
00571	-12.756136	19.483190	6.118052
00572	-12.623029	18.897397	6.416745
00573	-11.639187	17.854683	7.246581
00574	-10.036270	16.246400	8.340319
00575	-8.846036	14.511668	9.303327
00576	-8.232942	12.600378	9.905914
00577	-7.713225	10.362937	10.136574
00578	-7.349691	7.996377	10.247506
00579	-7.126257	5.971723	10.286382
00580	-6.996927	4.327143	10.304546
00581	-6.950004	2.870389	10.377435
00582	-6.973783	1.591777	10.457631
00583	-7.023278	0.531596	10.479559
00584	-7.013972	-0.332086	10.525783
00585	-6.992627	-1.094647	10.580018
00586	-6.906671	-1.711104	10.599380
00587	-6.688254	-2.207856	10.582174
00588	-6.396058	-2.607323	10.569714
00589	-6.052936	-2.943329	10.536306
00590	-5.684464	-3.214191	10.496064
00591	-5.313429	-3.452708	10.470035
00592	-4.942314	-3.620502	10.459053
00593	-4.600313	-3.748686	10.474092
00594	-4.321398	-3.832811	10.516236
00595	-4.112724	-3.918453	10.585083
00596	-3.957649	-4.003447	10.683169
00597	-3.835310	-4.116603	10.796231
00598	-3.727184	-4.220732	10.912771
00599	-3.625497	-4.338534	11.025469
00600	-3.536393	-4.458211	11.126906
00601	-3.450900	-4.601798	11.206555
00602	-3.371253	-4.746259	11.269500
00603	-3.306521	-4.905977	11.307912
00604	-3.267801	-5.074524	11.325810
00605	-3.240180	-5.272063	11.329271
00606	-3.210542	-5.468461	11.319883
00607	-3.167767	-5.673769	11.293580
00608	-3.106768	-5.859839	11.264226
00609	-3.028012	-6.067034	11.239054
00610	-2.951600	-6.282433	11.209438
00611	-2.857411	-6.524206	11.193317
00612	-2.761688	-6.761727	11.174181
00613	-2.664070	-6.990099	11.155327
00614	-2.573342	-7.200038	11.130701
00615	-2.489952	-7.417349	11.110611
00616	-2.417425	-7.635171	11.090643
00617	-2.348585	-7.862447	11.073691
00618	-2.275321	-8.076963	11.057821
00619	-2.194588	-8.301380	11.047302
00620	-2.113406	-8.539903	11.036781
00621	-2.020373	-8.819940	11.023042
00622	-1.921320	-9.121533	11.008155
00623	-1.806202	-9.467438	10.996890
00624	-1.694416	-9.848391	10.989951
00625	-1.604254	-10.291901	10.997128
00626	-1.528548	-10.797865	11.012353
00627	-1.469950	-11.359174	11.035948
00628	-1.407018	-11.954186	11.074082
00629	-1.350750	-12.608796	11.116227
00630	-1.303162	-13.324877	11.157601
00631	-1.269551	-14.128315	11.209284
00632	-1.249599	-14.994027	11.260909
00633	-1.225318	-15.941526	11.313260
00634	-1.200614	-16.997815	11.355338
00635	-1.173371	-18.189616	11.372727
00636	-1.122958	-19.537121	11.354537
00637	-1.032206	-21.110708	11.295150
00638	-0.964432	-22.822635	11.202571
00639	-0.853697	-24.722723	11.075236
00640	-0.691715	-26.816417	10.882392
00641	-0.467084	-29.153003	10.554236
00642	-0.241159	-31.758020	10.063567
00643	0.025502	-34.654398	9.439657
00644	0.440736	-37.866846	8.624706
00645	0.972217	-41.328332	7.518103
00646	1.845514	-45.131115	6.133803
00647	2.972535	-49.093038	4.494227
00648	4.243343	-53.106985	2.502242
00649	5.670375	-56.974917	0.167344
00650	7.452377	-60.703999	-2.661864
00651	9.636374	-64.126657	-6.124293
00652	12.469890	-67.100040	-10.415207
00653	15.977328	-69.440454	-15.324331
00654	19.468066	-71.076510	-19.782391
00655	20.724883	-71.568117	-21.836103
00656	19.249151	-70.999161	-20.520655
00657	16.672561	-69.814808	-17.284444
00658	14.043957	-68.244956	-13.625345
00659	11.739953	-66.438881	-10.424678
00660	9.853970	-64.523627	-8.092029
00661	8.308529	-62.516002	-6.625853
00662	7.054338	-60.440693	-5.783920
00663	6.058134	-58.258584	-5.259049
00664	5.307815	-55.942756	-4.805904
00665	4.683859	-53.459994	-4.227791
00666	4.075130	-50.832666	-3.480291
00667	3.402976	-48.011849	-2.607627
00668	2.645589	-45.058358	-1.704992
00669	1.817563	-42.014367	-0.822755
00670	0.997194	-38.983130	-0.005838
00671	0.236582	-35.990166	0.724540
00672	-0.431181	-33.100499	1.337891
00673	-1.042113	-30.255920	1.834792
00674	-1.633918	-27.439360	2.214349
00675	-2.233738	-24.558429	2.494578
00676	-2.826147	-21.614539	2.703771
00677	-3.386336	-18.574142	2.860688
00678	-3.889253	-15.487634	2.984990
00679	-4.348586	-12.320943	3.111324
00680	-4.777679	-9.115843	3.274702
00681	-5.210229	-5.863352	3.484587
00682	-5.671394	-2.621837	3.738581
00683	-6.134799	0.600937	4.026002
00684	-6.551869	3.719670	4.347198
00685	-6.890226	6.706711	4.672852
00686	-7.190576	9.468662	4.992641
00687	-7.540824	11.948779	5.287210
00688	-8.082070	14.074692	5.530990
00689	-8.918057	15.810228	5.685076
00690	-10.020692	17.100940	5.712040
00691	-11.298632	17.974918	5.638867
00692	-12.537900	18.468107	5.577229
00693	-13.372595	18.610180	5.630998
00694	-13.373642	18.383484	5.903100
00695	-12.460278	17.707474	6.454518
00696	-10.902539	16.625352	7.363015
00697	-9.242977	15.515195	8.392958
00698	-8.171221	14.195862	9.066503
00699	-7.596830	12.438857	9.357498
00700	-7.150108	10.377825	9.510820
00701	-6.826357	8.274316	9.593520
00702	-6.615814	6.463110	9.588543
00703	-6.488808	4.936005	9.585648
00704	-6.480513	3.569049	9.675086
00705	-6.575178	2.322211	9.769137
00706	-6.764371	1.199555	9.778962
00707	-6.983034	0.370682	9.804926
00708	-7.129652	-0.266077	9.859883
00709	-7.223436	-0.803631	9.889365
00710	-7.236734	-1.257855	9.881277
00711	-7.198265	-1.661938	9.854817
00712	-7.156473	-2.028582	9.805594
00713	-7.081545	-2.396424	9.707887
00714	-6.948413	-2.718191	9.593823
00715	-6.765162	-2.994486	9.500367
00716	-6.592948	-3.230821	9.417195
00717	-6.425694	-3.459038	9.335622
00718	-6.261761	-3.647575	9.286787
00719	-6.111704	-3.806765	9.278188
00720	-5.987985	-3.941270	9.290554
00721	-5.876156	-4.067666	9.316245
00722	-5.748071	-4.168313	9.352294
00723	-5.590408	-4.237164	9.412426
00724	-5.411835	-4.267105	9.482157
00725	-5.235254	-4.273614	9.561250
00726	-5.076363	-4.265395	9.638915
00727	-4.938918	-4.261167	9.715025
00728	-4.813413	-4.252088	9.791928
00729	-4.706370	-4.249644	9.872634
00730	-4.613599	-4.266735	9.943247
00731	-4.546996	-4.324322	10.002570
00732	-4.491985	-4.405933	10.050790
00733	-4.439758	-4.525995	10.081886
00734	-4.398729	-4.658263	10.099028
00735	-4.363364	-4.827360	10.095614
00736	-4.337784	-5.042684	10.057704
00737	-4.275422	-5.340406	10.030498
00738	-4.180777	-5.669340	10.015251
00739	-4.080344	-6.020383	10.003304
00740	-3.987331	-6.390244	9.995803
00741	-3.911652	-6.801669	9.989563
00742	-3.855056	-7.233752	9.984103
00743	-3.803080	-7.686592	9.980464
00744	-3.748724	-8.151361	9.979685
00745	-3.696258	-8.653774	9.986556
00746	-3.666196	-9.189745	9.995441
00747	-3.662282	-9.770291	10.015620
00748	-3.682936	-10.377484	10.049858
00749	-3.729481	-11.038588	10.098386
00750	-3.806211	-11.754130	10.151533
00751	-3.906235	-12.545849	10.214607
00752	-4.037121	-13.404542	10.288159
00753	-4.194283	-14.334642	10.379354
00754	-4.389932	-15.339004	10.479509
00755	-4.618950	-16.450461	10.580021
00756	-4.879095	-17.666591	10.668845
00757	-5.165109	-19.011725	10.743485
00758	-5.472152	-20.513753	10.812833
00759	-5.783736	-22.186623	10.848187
00760	-6.090680	-24.014190	10.884061
00761	-6.416673	-26.021817	10.905413
00762	-6.752409	-28.293943	10.868348
00763	-7.122326	-30.871228	10.778192
00764	-7.516933	-33.772943	10.745675
00765	-7.891121	-37.028276	10.719076
00766	-8.265167	-40.564350	10.661668
00767	-8.581570	-44.285835	10.510646
00768	-8.844337	-48.082264	10.205286
00769	-8.977326	-51.743932	9.837840
00770	-9.079442	-55.451189	9.330305
00771	-9.071381	-59.036331	8.634640
00772	-8.724089	-62.565383	7.593909
00773	-7.980244	-66.038611	6.116676
00774	-6.217416	-69.275337	3.614459
00775	-3.011981	-71.961160	-0.154591
00776	1.789823	-73.387133	-5.102473
00777	5.658520	-72.993983	-8.926550
00778	7.746388	-71.368869	-10.829038
00779	8.510123	-69.085718	-11.142935
00780	8.610069	-66.519108	-10.544312
00781	8.562730	-63.890261	-9.589198
00782	8.543881	-61.389955	-8.563990
00783	8.472944	-59.072614	-7.596997
00784	8.197407	-56.911907	-6.714225
00785	7.586102	-54.798205	-5.834057
00786	6.671660	-52.644105	-4.908692
00787	5.490181	-50.339829	-3.799984
00788	4.224074	-47.809485	-2.539113
00789	2.981667	-45.025935	-1.203471
00790	1.817915	-42.077563	0.056425
00791	0.731616	-39.005320	1.136337
00792	-0.226989	-35.868024	1.926838
00793	-1.046092	-32.685614	2.418079
00794	-1.720290	-29.558809	2.635103
00795	-2.295916	-26.496197	2.620895
00796	-2.833804	-23.531552	2.422158
00797	-3.415714	-20.582049	2.092877
00798	-4.098942	-17.656125	1.750212
00799	-4.894178	-14.730484	1.533689
00800	-5.726836	-11.832708	1.532363
00801	-6.530551	-8.880740	1.763804
00802	-7.328501	-5.852908	2.159607
00803	-8.143826	-2.700390	2.629738
00804	-8.855030	0.477283	3.158516
00805	-9.316006	3.599749	3.749750
00806	-9.526549	6.542421	4.365188
00807	-9.631865	9.269148	4.945894
00808	-9.780072	11.701565	5.443034
00809	-10.154059	13.807404	5.809089
00810	-10.817886	15.520351	6.026508
00811	-11.713216	16.807545	6.084789
00812	-12.745145	17.677665	6.008401
00813	-13.796862	18.163606	5.847114
00814	-14.690138	18.276416	5.673698
00815	-15.231812	18.030346	5.592537
00816	-15.146755	17.418468	5.845815
00817	-14.315909	16.496733	6.604088
00818	-12.794334	15.330438	7.912627
00819	-11.249298	14.109221	9.375840
00820	-10.101521	12.439678	10.577105
00821	-9.184323	10.338690	11.451948
00822	-8.463907	7.983911	11.891642
00823	-8.025419	5.902265	11.956488
00824	-7.760752	4.203259	11.845629
00825	-7.602972	2.689032	11.821523
00826	-7.477510	1.440912	11.876989
00827	-7.186894	0.408104	11.870554
00828	-6.915861	-0.383653	11.827098
00829	-6.719586	-0.989364	11.810714
00830	-6.482625	-1.477304	11.794520
00831	-6.185206	-1.881037	11.810241
00832	-5.881937	-2.179747	11.847508
00833	-5.602030	-2.456557	11.879711
00834	-5.355198	-2.679887	11.907912
00835	-5.118179	-2.870238	11.941015
00836	-4.893236	-3.026908	11.984008
00837	-4.681014	-3.187646	12.020165
00838	-4.478764	-3.310791	12.066574
00839	-4.287357	-3.402085	12.126545
00840	-4.116846	-3.457020	12.200690
00841	-3.970224	-3.501165	12.280465
00842	-3.824110	-3.540585	12.350710
00843	-3.657247	-3.589996	12.419190
00844	-3.475236	-3.639100	12.495956
00845	-3.279915	-3.715076	12.574822
00846	-3.085905	-3.804457	12.643674
00847	-2.924199	-3.924221	12.686833
00848	-2.779667	-4.086826	12.715960
00849	-2.622499	-4.324544	12.737392
00850	-2.439576	-4.629510	12.781558
00851	-2.287999	-4.982841	12.817658
00852	-2.178146	-5.389625	12.828744
00853	-2.086721	-5.845277	12.831109
00854	-2.011750	-6.326141	12.838460
00855	-1.955301	-6.816284	12.857368
00856	-1.922344	-7.316605	12.879643
00857	-1.909564	-7.842027	12.902641
00858	-1.905395	-8.376501	12.926888
00859	-1.896043	-8.918410	12.952902
00860	-1.879046	-9.444278	12.978672
00861	-1.844199	-9.981009	13.002611
00862	-1.802286	-10.536331	13.018777
00863	-1.750810	-11.116560	13.036927
00864	-1.684996	-11.698952	13.054612
00865	-1.606318	-12.301610	13.073766
00866	-1.516705	-12.932527	13.091830
00867	-1.429063	-13.607616	13.101746
00868	-1.352870	-14.321110	13.104492
00869	-1.283648	-15.073285	13.120111
00870	-1.231955	-15.861485	13.141648
00871	-1.206423	-16.709848	13.177948
00872	-1.212273	-17.626947	13.215876
00873	-1.241574	-18.622730	13.253803
00874	-1.287105	-19.692850	13.300375
00875	-1.350130	-20.856514	13.344941
00876	-1.419667	-22.127482	13.377717
00877	-1.476834	-23.536201	13.383261
00878	-1.531054	-25.112275	13.350802
00879	-1.580619	-26.847649	13.256034
00880	-1.635549	-28.742368	13.124140
00881	-1.706019	-30.806536	12.937634
00882	-1.777508	-33.087871	12.693969
00883	-1.863117	-35.629141	12.376699
00884	-2.010585	-38.431922	12.015187
00885	-2.092389	-41.499099	11.557573
00886	-2.048864	-44.856809	10.976128
00887	-1.935640	-48.264751	10.261621
00888	-1.521661	-51.774521	9.365934
00889	-1.183906	-55.291060	8.319036
00890	-0.698472	-58.726177	6.815965
00891	-0.082194	-62.089633	5.101612
00892	1.037778	-65.329912	2.808599
00893	2.902885	-68.420398	-0.218210
00894	6.151787	-71.117554	-4.564697
00895	10.761541	-72.976162	-9.904857
00896	14.996681	-73.244705	-14.327306
00897	16.423987	-71.876361	-15.839093
00898	15.908732	-69.751606	-15.200468
00899	14.830027	-67.376148	-13.775626
00900	13.756391	-65.008334	-12.303752
00901	12.856153	-62.758769	-10.997982
00902	12.102084	-60.658203	-9.870562
00903	11.327187	-58.631899	-8.804458
00904	10.420783	-56.623488	-7.686060
00905	9.320457	-54.524756	-6.418601
00906	8.061620	-52.285632	-5.029123
00907	6.688171	-49.858598	-3.560495
00908	5.317754	-47.264565	-2.117185
00909	3.994641	-44.517544	-0.780869
00910	2.757109	-41.676458	0.386500
00911	1.600364	-38.740487	1.356664
00912	0.544102	-35.757641	2.093858
00913	-0.401143	-32.745804	2.595425
00914	-1.211701	-29.762257	2.883779
00915	-1.898966	-26.793390	3.003581
00916	-2.474422	-23.844662	2.981447
00917	-2.985180	-20.852286	2.856709
00918	-3.461991	-17.826774	2.676857
00919	-3.938382	-14.732874	2.500851
00920	-4.424952	-11.609922	2.387929
00921	-4.937049	-8.464237	2.411660
00922	-5.490439	-5.365186	2.608062
00923	-6.110648	-2.330516	2.966121
00924	-6.751149	0.591472	3.433534
00925	-7.335544	3.416771	3.982159
00926	-7.812997	6.104379	4.579732
00927	-8.235196	8.656268	5.184930
00928	-8.630488	11.003228	5.776011
00929	-9.000262	13.107503	6.372425
00930	-9.354492	14.908703	6.967317
00931	-9.702396	16.387766	7.536830
00932	-10.058946	17.489132	8.059569
00933	-10.493714	18.227372	8.517808
00934	-10.988861	18.631739	8.920627
00935	-11.405785	18.695724	9.280516
00936	-11.472621	18.375961	9.624230
00937	-10.956197	17.584452	10.038315
00938	-9.897380	16.364005	10.618274
00939	-8.620897	15.019904	11.346907
00940	-7.763719	13.534229	11.860253
00941	-7.309154	11.696564	12.112261
00942	-6.933979	9.480580	12.259250
00943	-6.633471	7.168199	12.410187
00944	-6.410218	5.273665	12.457644
00945	-6.251545	3.757185	12.430179
00946	-6.212377	2.487664	12.470654
00947	-6.254209	1.377545	12.502248
00948	-6.292203	0.547518	12.467183
00949	-6.298794	-0.102322	12.455725
00950	-6.339018	-0.607934	12.457130
00951	-6.357110	-1.021578	12.433871
00952	-6.317432	-1.336239	12.410962
00953	-6.246961	-1.631227	12.400425
00954	-6.155596	-1.937276	12.387134
00955	-6.043839	-2.270576	12.350696
00956	-5.900156	-2.577979	12.323380
00957	-5.743982	-2.864518	12.305950
00958	-5.556737	-3.102027	12.295628
00959	-5.338185	-3.317231	12.299031
00960	-5.100103	-3.469339	12.321150
00961	-4.867552	-3.584357	12.365412
00962	-4.664334	-3.652389	12.434910
00963	-4.488552	-3.707302	12.524102
00964	-4.314051	-3.734460	12.621172
00965	-4.129821	-3.761115	12.724988
00966	-3.953644	-3.775959	12.834033
00967	-3.780910	-3.791605	12.943552
00968	-3.629000	-3.810327	13.039467
00969	-3.498764	-3.877686	13.122793
00970	-3.393935	-3.959880	13.191973
00971	-3.309249	-4.081962	13.245683
00972	-3.261631	-4.228632	13.270246
00973	-3.238464	-4.426399	13.265844
00974	-3.209456	-4.665395	13.239690
00975	-3.156736	-4.949755	13.212410
00976	-3.084194	-5.283525	13.194893
00977	-3.030670	-5.663484	13.183731
00978	-2.988706	-6.082398	13.166072
00979	-2.959492	-6.536278	13.154307
00980	-2.936905	-6.996324	13.155201
00981	-2.921048	-7.474242	13.163571
00982	-2.910518	-7.960486	13.177560
00983	-2.901812	-8.477604	13.189795
00984	-2.890300	-9.009890	13.202218
00985	-2.855090	-9.566812	13.204668
00986	-2.792443	-10.146481	13.206541
00987	-2.705573	-10.761876	13.214267
00988	-2.622880	-11.420502	13.220032
00989	-2.552328	-12.120971	13.226925
00990	-2.498717	-12.848881	13.244279
00991	-2.469641	-13.621475	13.283009
00992	-2.484856	-14.435520	13.330757
00993	-2.535700	-15.308099	13.397538
00994	-2.632726	-16.231825	13.472388
00995	-2.759891	-17.217433	13.559352
00996	-2.918845	-18.268664	13.655758
00997	-3.110159	-19.416379	13.757740
00998	-3.319599	-20.663164	13.848339
00999	-3.524379	-22.034605	13.916943
01000	-3.731417	-23.534250	13.951626
01001	-3.937638	-25.212422	13.928451
01002	-4.139787	-27.061542	13.845932
01003	-4.349189	-29.056486	13.765104
01004	-4.538677	-31.250418	13.646627
01005	-4.737706	-33.725163	13.504577
01006	-5.024691	-36.485908	13.332976
01007	-5.360096	-39.570536	13.115010
01008	-5.622229	-42.965908	12.819418
01009	-5.857218	-46.544001	12.393472
01010	-6.016118	-50.172538	11.786703
01011	-6.052545	-53.833052	11.194360
01012	-6.200338	-57.461691	10.312867
01013	-6.262506	-60.990885	9.238141
01014	-5.774204	-64.432106	7.682319
01015	-4.686649	-67.814643	5.583542
01016	-2.541104	-71.116822	2.450371
01017	1.299712	-73.990622	-2.184850
01018	6.324800	-75.796607	-7.379203
01019	9.581270	-75.798937	-10.424265
01020	9.623623	-74.464559	-10.040691
01021	8.005149	-72.296567	-7.682501
01022	6.136930	-69.749256	-4.933279
01023	4.674438	-67.089035	-2.587921
01024	3.749632	-64.471221	-0.886904
01025	3.190108	-61.922226	0.197212
01026	2.812977	-59.455647	0.758281
01027	2.455236	-56.980117	1.009160
01028	2.076388	-54.429646	1.116940
01029	1.625952	-51.760392	1.247670
01030	1.116072	-48.951245	1.482667
01031	0.531046	-45.996907	1.859792
01032	-0.100845	-42.942073	2.332416
01033	-0.761780	-39.816258	2.799105
01034	-1.438056	-36.689357	3.177160
01035	-2.134956	-33.552324	3.423147
01036	-2.822950	-30.463229	3.496462
01037	-3.475795	-27.421360	3.371944
01038	-4.053606	-24.448605	3.045662
01039	-4.574870	-21.490344	2.527634
01040	-5.073672	-18.532954	1.872189
01041	-5.587990	-15.509670	1.191448
01042	-6.126828	-12.468035	0.617067
01043	-6.670283	-9.409407	0.264148
01044	-7.219546	-6.383051	0.197752
01045	-7.813766	-3.345365	0.420331
01046	-8.438135	-0.336183	0.886939
01047	-9.022217	2.603960	1.561525
01048	-9.465695	5.389256	2.414606
01049	-9.776433	7.996970	3.363278
01050	-10.041897	10.394087	4.301075
01051	-10.297113	12.570300	5.160958
01052	-10.555796	14.460123	5.873562
01053	-10.876625	16.023570	6.418246
01054	-11.266195	17.203997	6.811655
01055	-11.645028	18.013996	7.098796
01056	-11.924733	18.474024	7.336945
01057	-11.990848	18.560992	7.621270
01058	-11.742853	18.231442	8.058820
01059	-11.106272	17.238163	8.796198
01060	-10.087034	15.782801	9.673707
01061	-9.267238	14.247832	10.486736
01062	-8.717475	12.574288	10.987814
01063	-8.196383	10.529715	11.204517
01064	-7.738850	8.300738	11.389987
01065	-7.454136	6.398614	11.511631
01066	-7.262523	4.800939	11.570177
01067	-7.136715	3.353675	11.624444
01068	-7.054635	2.052318	11.640771
01069	-6.876012	0.968768	11.578992
01070	-6.599321	0.095653	11.544607
01071	-6.302577	-0.612672	11.538203
01072	-5.944410	-1.134116	11.511313
01073	-5.545524	-1.525981	11.506523
01074	-5.163330	-1.820490	11.518661
01075	-4.819088	-2.094687	11.525494
01076	-4.516870	-2.338966	11.538078
01077	-4.229250	-2.550208	11.558382
01078	-3.952300	-2.719005	11.589020
01079	-3.696695	-2.868798	11.629386
01080	-3.480034	-2.979712	11.683453
01081	-3.292289	-3.063640	11.740118
01082	-3.131335	-3.129388	11.800754
01083	-2.985365	-3.208248	11.863684
01084	-2.832430	-3.288177	11.930123
01085	-2.672762	-3.394583	12.001552
01086	-2.507179	-3.507357	12.076018
01087	-2.341911	-3.647729	12.152504
01088	-2.185472	-3.779142	12.221054
01089	-2.053101	-3.926541	12.276282
01090	-1.949334	-4.078570	12.312786
01091	-1.860802	-4.262909	12.334114
01092	-1.773633	-4.469350	12.346410
01093	-1.656544	-4.715089	12.364219
01094	-1.535977	-4.979690	12.373423
01095	-1.410036	-5.270348	12.386460
01096	-1.321094	-5.582869	12.385386
01097	-1.266229	-5.927940	12.382768
01098	-1.228361	-6.287302	12.385219
01099	-1.208480	-6.683769	12.391675
01100	-1.197074	-7.093292	12.403325
01101	-1.186673	-7.531880	12.414541
01102	-1.176862	-7.975379	12.423792
01103	-1.161340	-8.437935	12.441308
01104	-1.139898	-8.917524	12.453758
01105	-1.110058	-9.424467	12.462178
01106	-1.056969	-9.944682	12.476654
01107	-0.987510	-10.490735	12.488912
01108	-0.897632	-11.062915	12.506033
01109	-0.805889	-11.683943	12.515887
01110	-0.726025	-12.345167	12.535071
01111	-0.655861	-13.058112	12.558445
01112	-0.598159	-13.804670	12.586110
01113	-0.558203	-14.619889	12.620403
01114	-0.539138	-15.491027	12.658261
01115	-0.538481	-16.441675	12.692849
01116	-0.558578	-17.454419	12.730457
01117	-0.586907	-18.564207	12.763036
01118	-0.626314	-19.766493	12.781024
01119	-0.672554	-21.124564	12.775612
01120	-0.709296	-22.636294	12.723268
01121	-0.710510	-24.308134	12.634727
01122	-0.698697	-26.106618	12.525288
01123	-0.642709	-28.101926	12.335621
01124	-0.582070	-30.316554	12.048891
01125	-0.493469	-32.821867	11.646898
01126	-0.391059	-35.599902	11.125890
01127	-0.247434	-38.642557	10.413638
01128	0.066196	-41.993284	9.436412
01129	0.661584	-45.619206	8.247961
01130	1.397421	-49.342841	6.882773
01131	2.117566	-53.086739	5.216293
01132	3.040816	-56.631239	3.120293
01133	4.277599	-59.965404	0.649605
01134	6.322178	-62.950319	-2.613040
01135	9.181269	-65.468500	-6.577703
01136	12.890034	-67.462557	-11.190550
01137	16.750346	-68.658356	-15.741200
01138	19.113138	-68.694741	-18.802550
01139	19.631427	-67.977121	-19.819556
01140	19.004710	-66.844905	-19.190432
01141	17.647053	-65.437434	-17.555964
01142	15.942687	-63.853861	-15.524292
01143	14.049482	-62.143525	-13.365663
01144	12.166816	-60.351437	-11.327822
01145	10.349779	-58.494426	-9.433610
01146	8.693910	-56.572112	-7.694206
01147	7.193546	-54.498477	-6.063551
01148	5.866989	-52.217514	-4.574240
01149	4.655138	-49.669765	-3.222041
01150	3.543852	-46.908944	-2.054176
01151	2.497948	-43.962492	-1.066635
01152	1.569389	-40.908787	-0.287350
01153	0.752238	-37.769835	0.330203
01154	0.058391	-34.639832	0.801509
01155	-0.535899	-31.538176	1.142263
01156	-1.077417	-28.542880	1.374843
01157	-1.610556	-25.614106	1.528730
01158	-2.142295	-22.731812	1.627684
01159	-2.691727	-19.804528	1.719808
01160	-3.267174	-16.876967	1.844323
01161	-3.883026	-13.909561	2.032822
01162	-4.507594	-10.921831	2.310399
01163	-5.105804	-7.842694	2.693948
01164	-5.678822	-4.719258	3.159383
01165	-6.270812	-1.525891	3.659804
01166	-6.851326	1.637581	4.155209
01167	-7.342630	4.711894	4.635357
01168	-7.722483	7.577704	5.085923
01169	-8.068116	10.229747	5.473495
01170	-8.450099	12.587348	5.770077
01171	-9.049357	14.630757	5.941707
01172	-9.935995	16.282236	5.956118
01173	-11.125137	17.516129	5.802837
01174	-12.561938	18.340722	5.508558
01175	-14.059371	18.803786	5.129024
01176	-15.253367	18.913992	4.753062
01177	-15.707642	18.617908	4.580036
01178	-15.082892	17.929201	4.850120
01179	-13.415454	16.865466	5.784572
01180	-11.364982	15.701020	7.133002
01181	-9.842951	14.352735	8.425656
01182	-8.952068	12.538755	9.420662
01183	-8.281025	10.303309	10.053631
01184	-7.768400	7.941270	10.303901
01185	-7.451779	5.931323	10.288906
01186	-7.268861	4.293623	10.213056
01187	-7.185164	2.886852	10.286193
01188	-7.135662	1.676902	10.373224
01189	-7.084438	0.686056	10.337879
01190	-7.030841	-0.087223	10.331059
01191	-6.963534	-0.727152	10.352601
01192	-6.827231	-1.261174	10.331120
01193	-6.588683	-1.659044	10.310191
01194	-6.254974	-1.937745	10.304594
01195	-5.874740	-2.175259	10.301587
01196	-5.489178	-2.346785	10.297103
01197	-5.110395	-2.487093	10.302482
01198	-4.748800	-2.585243	10.324660
01199	-4.408823	-2.675095	10.366717
01200	-4.086201	-2.745593	10.423447
01201	-3.799452	-2.807741	10.507141
01202	-3.557371	-2.836328	10.622088
01203	-3.373473	-2.874949	10.767145
01204	-3.228706	-2.920611	10.930256
01205	-3.093076	-3.011490	11.079835
01206	-2.954835	-3.102366	11.201463
01207	-2.810868	-3.191815	11.290508
01208	-2.675843	-3.274063	11.345769
01209	-2.554936	-3.377113	11.370175
01210	-2.459210	-3.488142	11.363270
01211	-2.375921	-3.618804	11.326513
01212	-2.302557	-3.745517	11.272413
01213	-2.245579	-3.882738	11.208204
01214	-2.186892	-4.038317	11.146519
01215	-2.117992	-4.236959	11.084438
01216	-2.013618	-4.483755	11.041494
01217	-1.902813	-4.766731	11.000648
01218	-1.788257	-5.053971	10.969470
01219	-1.689468	-5.384718	10.944255
01220	-1.631664	-5.754421	10.911705
01221	-1.584209	-6.160350	10.879300
01222	-1.543359	-6.570794	10.855487
01223	-1.507540	-6.989203	10.841527
01224	-1.476054	-7.418797	10.838474
01225	-1.451690	-7.885156	10.831214
01226	-1.422889	-8.383757	10.822862
01227	-1.371098	-8.909431	10.813495
01228	-1.301830	-9.448941	10.807347
01229	-1.228355	-10.032907	10.805994
01230	-1.165076	-10.661668	10.810311
01231	-1.120413	-11.355206	10.828599
01232	-1.090899	-12.088722	10.872312
01233	-1.083722	-12.879005	10.924380
01234	-1.102506	-13.731282	10.988381
01235	-1.160506	-14.663432	11.047395
01236	-1.243389	-15.662908	11.107235
01237	-1.350265	-16.749080	11.164485
01238	-1.481166	-17.923501	11.221962
01239	-1.634682	-19.225429	11.257645
01240	-1.806642	-20.656544	11.262965
01241	-1.975798	-22.246701	11.248240
01242	-2.139332	-23.999712	11.181359
01243	-2.284476	-25.887505	11.079993
01244	-2.396011	-27.915819	10.949234
01245	-2.472690	-30.152431	10.770310
01246	-2.526934	-32.649828	10.518734
01247	-2.602534	-35.418225	10.219749
01248	-2.682766	-38.442203	9.842931
01249	-2.609425	-41.760878	9.330759
01250	-2.449785	-45.224378	8.700923
01251	-2.065058	-48.785733	7.891451
01252	-1.578928	-52.428011	7.044875
01253	-1.132197	-56.049634	5.811328
01254	-0.639207	-59.720885	4.503615
01255	0.196853	-63.220267	2.770706
01256	1.612256	-66.488385	0.386228
01257	3.917541	-69.248568	-2.919622
01258	7.162952	-71.169113	-6.956812
01259	10.518066	-71.573113	-10.830030
01260	11.981216	-70.439325	-12.755316
01261	12.195355	-68.600576	-13.122947
01262	11.956477	-66.584313	-12.722901
01263	11.553840	-64.586369	-12.091768
01264	11.127092	-62.649125	-11.444277
01265	10.660758	-60.720999	-10.782798
01266	10.110490	-58.776488	-10.050277
01267	9.415912	-56.756327	-9.154342
01268	8.603599	-54.648654	-8.091749
01269	7.661739	-52.402864	-6.882223
01270	6.646920	-50.014003	-5.614487
01271	5.604117	-47.436957	-4.381943
01272	4.606050	-44.717998	-3.282755
01273	3.668346	-41.848357	-2.322092
01274	2.818463	-38.879403	-1.533917
01275	2.041559	-35.807629	-0.928123
01276	1.328528	-32.710928	-0.515128
01277	0.641801	-29.634994	-0.256971
01278	-0.005630	-26.678492	-0.116530
01279	-0.592721	-23.818960	-0.057567
01280	-1.104372	-21.053265	-0.042371
01281	-1.586008	-18.285120	-0.038846
01282	-2.071055	-15.515357	0.000475
01283	-2.600507	-12.725937	0.128766
01284	-3.177758	-9.985768	0.381327
01285	-3.813987	-7.282478	0.775437
01286	-4.494399	-4.633955	1.288845
01287	-5.227803	-1.985286	1.888990
01288	-5.991292	0.653788	2.526289
01289	-6.746021	3.305025	3.190069
01290	-7.407258	5.902108	3.893090
01291	-7.990589	8.426376	4.629097
01292	-8.466749	10.863624	5.376693
01293	-8.802507	13.169638	6.129206
01294	-9.056112	15.220926	6.866230
01295	-9.344851	16.939329	7.549010
01296	-9.724487	18.254912	8.123413
01297	-10.250459	19.168524	8.543912
01298	-10.909495	19.683661	8.812204
01299	-11.526486	19.811622	8.984639
01300	-11.675322	19.497996	9.190264
01301	-11.038780	18.691855	9.611746
01302	-9.783259	17.433287	10.364073
01303	-8.581213	16.128994	11.224440
01304	-7.856530	14.605095	11.870393
01305	-7.406317	12.636911	12.243659
01306	-7.053619	10.272999	12.496329
01307	-6.817359	7.945234	12.711058
01308	-6.617500	6.049199	12.748708
01309	-6.514854	4.488775	12.748470
01310	-6.480262	3.107805	12.846556
01311	-6.480623	1.866656	12.897118
01312	-6.488804	0.855680	12.857779
01313	-6.500281	-0.017031	12.895421
01314	-6.489616	-0.698172	12.940624
01315	-6.407761	-1.239158	12.940186
01316	-6.264553	-1.625655	12.948264
01317	-6.113075	-1.931196	12.956255
01318	-5.954161	-2.189208	12.946268
01319	-5.770997	-2.436494	12.935899
01320	-5.572838	-2.650490	12.928639
01321	-5.376028	-2.884225	12.911896
01322	-5.163423	-3.091524	12.903365
01323	-4.930693	-3.259222	12.915115
01324	-4.719858	-3.367987	12.939444
01325	-4.530567	-3.457600	12.968973
01326	-4.347311	-3.514835	13.008613
01327	-4.153748	-3.559366	13.052289
01328	-3.959585	-3.573751	13.104844
01329	-3.766006	-3.572591	13.166853
01330	-3.587539	-3.552578	13.243802
01331	-3.432865	-3.552496	13.313678
01332	-3.305694	-3.577973	13.380498
01333	-3.206667	-3.638177	13.436472
01334	-3.127354	-3.725669	13.478681
01335	-3.071073	-3.841517	13.505899
01336	-3.028975	-3.980778	13.510074
01337	-2.988475	-4.157503	13.495568
01338	-2.941068	-4.339679	13.476297
01339	-2.873298	-4.551917	13.462129
01340	-2.781116	-4.777891	13.449301
01341	-2.696185	-5.039318	13.429906
01342	-2.622754	-5.322127	13.414048
01343	-2.556350	-5.625231	13.407521
01344	-2.505784	-5.925572	13.406794
01345	-2.469694	-6.243369	13.413808
01346	-2.450058	-6.575297	13.419841
01347	-2.445735	-6.937813	13.430027
01348	-2.445855	-7.293246	13.446140
01349	-2.438087	-7.663471	13.457490
01350	-2.425394	-8.054003	13.465262
01351	-2.406792	-8.495100	13.456979
01352	-2.376019	-8.975509	13.436527
01353	-2.324800	-9.500254	13.420061
01354	-2.248101	-10.059776	13.423746
01355	-2.176001	-10.683633	13.432489
01356	-2.109357	-11.371954	13.459580
01357	-2.073611	-12.118967	13.490203
01358	-2.065891	-12.906482	13.534043
01359	-2.094402	-13.749793	13.585476
01360	-2.162528	-14.651732	13.646363
01361	-2.276313	-15.624460	13.713120
01362	-2.416916	-16.662390	13.778151
01363	-2.567314	-17.777202	13.831143
01364	-2.707981	-18.996961	13.872528
01365	-2.859264	-20.394381	13.890288
01366	-3.022363	-21.927991	13.852909
01367	-3.185779	-23.599771	13.802206
01368	-3.345122	-25.412127	13.717706
01369	-3.484664	-27.440756	13.608718
01370	-3.674421	-29.690816	13.470974
01371	-3.935509	-32.209920	13.307039
01372	-4.270472	-34.969321	13.106893
01373	-4.626749	-37.955482	12.850685
01374	-4.870180	-41.214272	12.449122
01375	-5.139027	-44.587056	11.930074
01376	-5.237129	-48.027808	11.339563
01377	-5.348313	-51.484614	10.756322
01378	-5.575919	-54.895523	9.917301
01379	-5.848760	-58.225885	8.986794
01380	-5.774834	-61.486869	7.696949
01381	-5.250541	-64.682064	5.949142
01382	-3.827829	-67.720901	3.217174
01383	-1.172255	-70.182974	-0.623753
01384	2.484053	-71.338706	-4.822246
01385	5.263243	-70.780491	-7.746443
01386	6.459780	-69.142008	-8.814272
01387	6.825102	-67.028560	-8.717432
01388	6.852962	-64.840467	-8.127865
01389	6.757258	-62.722752	-7.410223
01390	6.619853	-60.736306	-6.746805
01391	6.379701	-58.828308	-6.157740
01392	6.001875	-56.931698	-5.589131
01393	5.466143	-54.950355	-4.957579
01394	4.796986	-52.867263	-4.198561
01395	4.033965	-50.607380	-3.297510
01396	3.227233	-48.180097	-2.323099
01397	2.373979	-45.557232	-1.333637
01398	1.503403	-42.794297	-0.423996
01399	0.612633	-39.888154	0.375181
01400	-0.247003	-36.889036	1.053178
01401	-1.034346	-33.814499	1.593577
01402	-1.720026	-30.742957	1.990075
01403	-2.329502	-27.676762	2.261460
01404	-2.858017	-24.656232	2.416888
01405	-3.334732	-21.655641	2.474384
01406	-3.781122	-18.694190	2.462352
01407	-4.221357	-15.701274	2.419873
01408	-4.665943	-12.683591	2.413408
01409	-5.118108	-9.608416	2.531083
01410	-5.557933	-6.549502	2.828955
01411	-6.001311	-3.488025	3.338226
01412	-6.430071	-0.472558	4.029672
01413	-6.773531	2.473550	4.877263
01414	-6.978665	5.250603	5.847049
01415	-7.138061	7.818458	6.864512
01416	-7.317699	10.108857	7.863836
01417	-7.519614	12.106580	8.789861
01418	-7.755012	13.770977	9.591856
01419	-8.047409	15.081840	10.265792
01420	-8.357778	15.998897	10.821803
01421	-8.586698	16.516057	11.274923
01422	-8.612145	16.625677	11.629591
01423	-8.361083	16.298274	11.903301
01424	-7.686885	15.478415	12.273525
01425	-6.802405	13.991512	12.703633
01426	-6.027456	12.552262	13.189334
01427	-5.694129	11.044134	13.351863
01428	-5.508455	9.254067	13.216795
01429	-5.364748	7.231955	13.129268
01430	-5.254808	5.404680	13.113967
01431	-5.245711	3.966930	13.113670
01432	-5.301423	2.765773	13.095590
01433	-5.454380	1.708917	13.077555
01434	-5.585898	0.918955	13.046381
01435	-5.677563	0.255631	13.069375
01436	-5.767941	-0.272443	13.098128
01437	-5.834944	-0.737219	13.093087
01438	-5.874932	-1.110892	13.080509
01439	-5.886222	-1.470674	13.057372
01440	-5.865055	-1.817175	12.993983
01441	-5.774950	-2.137185	12.893799
01442	-5.645167	-2.407415	12.778105
01443	-5.471554	-2.671968	12.681792
01444	-5.254176	-2.878484	12.618244
01445	-4.995599	-3.030178	12.592007
01446	-4.728907	-3.133861	12.599969
01447	-4.486459	-3.226434	12.638768
01448	-4.268320	-3.292437	12.698186
01449	-4.065839	-3.349282	12.772082
01450	-3.880715	-3.365419	12.864349
01451	-3.724805	-3.385766	12.964048
01452	-3.591940	-3.405585	13.059001
01453	-3.472445	-3.446967	13.148330
01454	-3.363041	-3.485894	13.233378
01455	-3.274301	-3.557067	13.305591
01456	-3.200045	-3.652876	13.363858
01457	-3.148977	-3.801486	13.395323
01458	-3.120195	-3.968164	13.402428
01459	-3.091950	-4.186429	13.390727
01460	-3.053856	-4.431133	13.371856
01461	-2.979189	-4.742921	13.373854
01462	-2.961003	-5.091719	13.351978
01463	-2.965035	-5.489244	13.330934
01464	-2.991955	-5.892537	13.312557
01465	-3.042164	-6.307837	13.311313
01466	-3.112680	-6.741404	13.322472
01467	-3.195568	-7.213398	13.331270
01468	-3.281697	-7.709941	13.348735
01469	-3.368527	-8.231688	13.367688
01470	-3.440399	-8.756115	13.389099
01471	-3.499929	-9.317942	13.403151
01472	-3.555631	-9.905960	13.409565
01473	-3.598600	-10.539586	13.408150
01474	-3.618924	-11.187544	13.411043
01475	-3.626893	-11.870161	13.424242
01476	-3.654507	-12.583827	13.442478
01477	-3.710499	-13.350404	13.471778
01478	-3.792139	-14.149405	13.508940
01479	-3.894879	-15.004225	13.559756
01480	-4.035142	-15.903993	13.619274
01481	-4.211527	-16.887087	13.683446
01482	-4.425772	-17.957558	13.752259
01483	-4.668497	-19.132278	13.831791
01484	-4.913653	-20.406715	13.901816
01485	-5.166936	-21.829863	13.969285
01486	-5.412958	-23.442569	14.004828
01487	-5.647033	-25.296557	13.960143
01488	-5.942253	-27.293091	13.922203
01489	-6.267353	-29.530633	13.879450
01490	-6.616135	-32.034191	13.873064
01491	-7.000086	-34.872287	13.902263
01492	-7.478074	-38.036265	13.928436
01493	-7.961163	-41.517496	13.896904
01494	-8.457321	-45.137834	13.813222
01495	-8.911469	-48.800803	13.665335
01496	-9.213075	-52.344444	13.443942
01497	-9.547112	-55.952398	13.158055
01498	-9.900068	-59.395136	12.728710
01499	-10.064730	-62.786630	12.042599
01500	-9.873048	-66.145330	10.890961
01501	-8.725224	-69.354133	8.758601
01502	-6.131955	-72.069880	5.333346
01503	-1.796492	-73.699349	0.673974
01504	1.927970	-73.534720	-3.047376
01505	3.789102	-72.004668	-4.684773
01506	4.310812	-69.670892	-4.695090
01507	4.147617	-66.970046	-3.860308
01508	3.865791	-64.245955	-2.807152
01509	3.680894	-61.643324	-1.807995
01510	3.660534	-59.221260	-1.031883
01511	3.664551	-56.893527	-0.450009
01512	3.584544	-54.616324	-0.013546
01513	3.329776	-52.267599	0.384492
01514	2.928709	-49.797797	0.784674
01515	2.391604	-47.137161	1.280994
01516	1.794134	-44.335519	1.853342
01517	1.155000	-41.386116	2.461079
01518	0.489187	-38.373917	3.045789
01519	-0.222574	-35.313305	3.580352
01520	-0.959263	-32.296964	4.027219
01521	-1.704416	-29.322609	4.370148
01522	-2.414980	-26.450483	4.597971
01523	-3.094187	-23.600525	4.714744
01524	-3.751166	-20.758302	4.734128
01525	-4.419054	-17.865150	4.697926
01526	-5.087301	-14.942124	4.647503
01527	-5.744814	-11.904972	4.635940
01528	-6.370207	-8.761667	4.703941
01529	-7.001463	-5.479946	4.874316
01530	-7.655522	-2.156175	5.107114
01531	-8.320195	1.170242	5.395490
01532	-8.897727	4.375714	5.717364
01533	-9.355208	7.421605	6.056250
01534	-9.706306	10.221253	6.382630
01535	-10.057524	12.741525	6.643818
01536	-10.629764	14.906747	6.776463
01537	-11.557305	16.686204	6.752319
01538	-12.758631	18.053229	6.626235
01539	-14.022789	19.026422	6.510911
01540	-15.040323	19.589003	6.501245
01541	-15.486223	19.691708	6.682240
01542	-15.287221	19.295427	7.092388
01543	-14.393337	18.389697	7.910118
01544	-12.884189	16.798775	8.933061
01545	-11.291981	15.186628	10.036139
01546	-10.298122	13.423421	10.901105
01547	-9.467746	11.320674	11.326155
01548	-8.788483	8.948550	11.471970
01549	-8.417758	6.817664	11.487345
01550	-8.218384	5.087679	11.427961
01551	-8.095676	3.535754	11.413480
01552	-8.036190	2.163815	11.468227
01553	-7.890783	0.986836	11.550269
01554	-7.735614	-0.010421	11.606044
01555	-7.632421	-0.843738	11.628936
01556	-7.542082	-1.520353	11.660377
01557	-7.397928	-2.066582	11.698782
01558	-7.205049	-2.490294	11.735996
01559	-6.990286	-2.855195	11.749258
01560	-6.766985	-3.172601	11.756121
01561	-6.530945	-3.471974	11.767661
01562	-6.256582	-3.708403	11.778849
01563	-5.981809	-3.914888	11.799800
01564	-5.748522	-4.065975	11.830869
01565	-5.563039	-4.191930	11.874824
01566	-5.401422	-4.264617	11.930053
01567	-5.248945	-4.341015	11.981961
01568	-5.095960	-4.401745	12.030580
01569	-4.928804	-4.469783	12.086089
01570	-4.753685	-4.522748	12.138014
01571	-4.559977	-4.586945	12.195553
01572	-4.357239	-4.638749	12.237253
01573	-4.148346	-4.731115	12.277172
01574	-3.934442	-4.876087	12.320152
01575	-3.719104	-5.115680	12.371377
01576	-3.572958	-5.405879	12.407562
01577	-3.447753	-5.751773	12.436201
01578	-3.341536	-6.132916	12.457926
01579	-3.250256	-6.562171	12.476958
01580	-3.176635	-7.006184	12.497916
01581	-3.122891	-7.470907	12.515269
01582	-3.088660	-7.936561	12.534173
01583	-3.069058	-8.435736	12.555243
01584	-3.050426	-8.948404	12.573756
01585	-3.019137	-9.487370	12.588438
01586	-2.976281	-10.012901	12.601801
01587	-2.917561	-10.559360	12.610701
01588	-2.863651	-11.108632	12.625794
01589	-2.820689	-11.691997	12.643484
01590	-2.783297	-12.279475	12.666087
01591	-2.748762	-12.892995	12.701737
01592	-2.718973	-13.516092	12.737153
01593	-2.687305	-14.175947	12.774140
01594	-2.657963	-14.857981	12.805247
01595	-2.644026	-15.575370	12.836739
01596	-2.648494	-16.304472	12.879722
01597	-2.683071	-17.084723	12.942708
01598	-2.736607	-17.896762	13.001681
01599	-2.804214	-18.773561	13.063135
01600	-2.884045	-19.690507	13.124906
01601	-2.969146	-20.670444	13.185641
01602	-3.054740	-21.714017	13.243773
01603	-3.155756	-22.852600	13.285848
01604	-3.243734	-24.067861	13.294983
01605	-3.302908	-25.397342	13.270941
01606	-3.332294	-26.886945	13.208992
01607	-3.348964	-28.518003	13.083207
01608	-3.337152	-30.291266	12.930879
01609	-3.307736	-32.260017	12.720400
01610	-3.255481	-34.459266	12.453253
01611	-3.248897	-36.928889	12.103868
01612	-3.203390	-39.684800	11.663011
01613	-3.026735	-42.758491	11.050082
01614	-2.803540	-46.026403	10.292975
01615	-2.389439	-49.392596	9.341395
01616	-1.899452	-52.932473	8.195967
01617	-1.377819	-56.379404	6.583104
01618	-0.592897	-59.834985	4.693708
01619	0.622193	-63.103048	2.253589
01620	2.573214	-66.252791	-0.957635
01621	5.401169	-69.172011	-5.120359
01622	9.552450	-71.674915	-10.542276
01623	13.894474	-73.426178	-15.659922
01624	16.272645	-73.969383	-18.487051
01625	15.554310	-73.491688	-17.826327
01626	12.943625	-72.268102	-14.860837
01627	9.627685	-70.464720	-11.028146
01628	6.608849	-68.309287	-7.499969
01629	4.205067	-65.931200	-4.652191
01630	2.506475	-63.506297	-2.574110
01631	1.377679	-61.083585	-1.131090
01632	0.702937	-58.681498	-0.185105
01633	0.314745	-56.219532	0.435718
01634	0.088922	-53.680801	0.833199
01635	-0.094050	-50.975862	1.105200
01636	-0.289207	-48.126606	1.328222
01637	-0.536115	-45.124326	1.550517
01638	-0.831158	-42.060809	1.782334
01639	-1.178275	-38.924427	2.032239
01640	-1.572597	-35.809293	2.264526
01641	-2.046244	-32.699475	2.481159
01642	-2.572437	-29.666350	2.660926
01643	-3.144809	-26.671538	2.803653
01644	-3.702568	-23.745596	2.872296
01645	-4.228288	-20.788602	2.869981
01646	-4.709624	-17.807287	2.809403
01647	-5.158155	-14.723360	2.715588
01648	-5.593439	-11.583750	2.649200
01649	-6.055024	-8.326106	2.673311
01650	-6.573853	-5.019696	2.833574
01651	-7.150155	-1.638180	3.134050
01652	-7.690676	1.696161	3.584809
01653	-8.124970	4.944655	4.188853
01654	-8.427902	7.967331	4.941659
01655	-8.664184	10.734241	5.798467
01656	-8.815407	13.155149	6.674549
01657	-8.956686	15.218523	7.431224
01658	-9.259825	16.874873	7.946212
01659	-9.877830	18.123339	8.172832
01660	-10.777692	18.962415	8.189697
01661	-11.698765	19.414096	8.133600
01662	-12.263189	19.518130	8.143620
01663	-12.164701	19.219098	8.360089
01664	-11.503273	18.453842	8.800237
01665	-10.328364	17.241617	9.626588
01666	-9.180218	15.965375	10.407979
01667	-8.494585	14.304846	10.936193
01668	-7.945497	12.223086	11.294531
01669	-7.456888	9.800516	11.540776
01670	-7.087417	7.606844	11.714943
01671	-6.845803	5.846531	11.731904
01672	-6.758449	4.324540	11.769458
01673	-6.803166	2.939252	11.826077
01674	-6.875681	1.808987	11.829411
01675	-6.882953	0.912600	11.828951
01676	-6.884684	0.239490	11.833253
01677	-6.921611	-0.315599	11.827249
01678	-6.893672	-0.708365	11.796531
01679	-6.805525	-1.024804	11.773435
01680	-6.721534	-1.297918	11.756557
01681	-6.617468	-1.602518	11.713740
01682	-6.484428	-1.875499	11.676433
01683	-6.334622	-2.149832	11.642209
01684	-6.190290	-2.408929	11.607337
01685	-6.053879	-2.682234	11.580346
01686	-5.888685	-2.905622	11.565503
01687	-5.691196	-3.115356	11.571045
01688	-5.484805	-3.280373	11.583483
01689	-5.270465	-3.437718	11.610319
01690	-5.029864	-3.541352	11.659222
01691	-4.776955	-3.618550	11.737146
01692	-4.509912	-3.637278	11.830378
01693	-4.257608	-3.647860	11.930398
01694	-4.037643	-3.636994	12.033463
01695	-3.843500	-3.648645	12.138406
01696	-3.673775	-3.661345	12.241526
01697	-3.525118	-3.710827	12.345621
01698	-3.411172	-3.771985	12.436769
01699	-3.319138	-3.887603	12.513667
01700	-3.238730	-4.028443	12.565745
01701	-3.168623	-4.213491	12.591893
01702	-3.097860	-4.398585	12.603870
01703	-3.016921	-4.627189	12.601924
01704	-2.924015	-4.892525	12.585863
01705	-2.790422	-5.222488	12.587807
01706	-2.665576	-5.562654	12.591792
01707	-2.558950	-5.937829	12.599303
01708	-2.463900	-6.328872	12.607544
01709	-2.387001	-6.779166	12.616676
01710	-2.326260	-7.246481	12.630056
01711	-2.271295	-7.757181	12.645476
01712	-2.218831	-8.271232	12.669381
01713	-2.181706	-8.842506	12.684409
01714	-2.160072	-9.446641	12.693978
01715	-2.145117	-10.120479	12.699541
01716	-2.117833	-10.827142	12.721460
01717	-2.090135	-11.602487	12.764030
01718	-2.080841	-12.430702	12.817946
01719	-2.113882	-13.338078	12.873285
01720	-2.180400	-14.295745	12.940720
01721	-2.280457	-15.329054	13.020709
01722	-2.418339	-16.416251	13.111804
01723	-2.574273	-17.615038	13.204279
01724	-2.730625	-18.913942	13.271397
01725	-2.862028	-20.365186	13.308824
01726	-3.004348	-21.972076	13.318309
01727	-3.133178	-23.750828	13.246036
01728	-3.244984	-25.669532	13.133559
01729	-3.290386	-27.789021	12.950068
01730	-3.247404	-30.176346	12.683586
01731	-3.199717	-32.871740	12.332790
01732	-3.207592	-35.851019	11.905620
01733	-3.181475	-39.096303	11.340949
01734	-2.970342	-42.615386	10.579894
01735	-2.637462	-46.212896	9.598333
01736	-2.026773	-49.886413	8.387379
01737	-1.566768	-53.473325	6.925515
01738	-0.848317	-56.987711	5.013677
01739	0.137279	-60.339382	2.659291
01740	1.806782	-63.526587	-0.459966
01741	4.184350	-66.392314	-4.391009
01742	7.571428	-68.819900	-9.425914
01743	11.195605	-70.407036	-14.422346
01744	13.646401	-70.729651	-17.747151
01745	13.833879	-69.975285	-18.171123
01746	12.669874	-68.636896	-16.475552
01747	10.998669	-66.976512	-13.800513
01748	9.344113	-65.187910	-11.050645
01749	7.843532	-63.325976	-8.638447
01750	6.572571	-61.443364	-6.791875
01751	5.421608	-59.498527	-5.414873
01752	4.397847	-57.505110	-4.376318
01753	3.493017	-55.367152	-3.469272
01754	2.727395	-53.092416	-2.574212
01755	2.054342	-50.647617	-1.617502
01756	1.440230	-48.061331	-0.651823
01757	0.813348	-45.309046	0.287600
01758	0.164913	-42.466163	1.157172
01759	-0.486807	-39.514320	1.949421
01760	-1.077239	-36.545165	2.635661
01761	-1.599539	-33.574239	3.204269
01762	-2.061712	-30.713924	3.631457
01763	-2.510378	-27.941104	3.925520
01764	-2.960928	-25.246825	4.072591
01765	-3.440574	-22.491377	4.120311
01766	-3.912551	-19.670010	4.133850
01767	-4.327182	-16.726967	4.156459
01768	-4.651240	-13.733721	4.196912
01769	-4.959973	-10.656586	4.280388
01770	-5.311464	-7.564963	4.390121
01771	-5.768728	-4.449747	4.523609
01772	-6.276052	-1.402738	4.669326
01773	-6.754678	1.560192	4.851331
01774	-7.140719	4.327981	5.061616
01775	-7.496564	6.904693	5.267065
01776	-7.841099	9.192527	5.467451
01777	-8.208697	11.157981	5.646398
01778	-8.679995	12.750394	5.765362
01779	-9.318317	14.025437	5.793562
01780	-10.033059	15.045210	5.748813
01781	-10.701031	15.865488	5.665215
01782	-11.044603	16.405346	5.687835
01783	-10.866683	16.491685	5.913003
01784	-10.176326	16.046271	6.408570
01785	-8.806674	14.740753	7.495943
01786	-7.579502	12.961732	8.642056
01787	-6.886464	11.111307	9.721960
01788	-6.437775	9.186010	10.154830
01789	-6.138823	7.030700	10.075740
01790	-5.980250	4.886630	9.925669
01791	-5.974331	3.102916	9.827289
01792	-6.022025	1.716807	9.839794
01793	-6.047811	0.596903	9.893600
01794	-6.035097	-0.280351	9.963792
01795	-6.038999	-1.030671	9.977454
01796	-6.084693	-1.609630	9.967404
01797	-6.110362	-2.094629	9.963639
01798	-6.071355	-2.474227	9.957362
01799	-5.972179	-2.773768	9.940114
01800	-5.849905	-3.023303	9.918440
01801	-5.722888	-3.270548	9.884308
01802	-5.587317	-3.491750	9.840912
01803	-5.409161	-3.696564	9.801975
01804	-5.171394	-3.832109	9.789368
01805	-4.904664	-3.929214	9.800449
01806	-4.637453	-3.948879	9.836146
01807	-4.398338	-3.956511	9.892485
01808	-4.179390	-3.930595	9.965372
01809	-3.972024	-3.915299	10.045655
01810	-3.784172	-3.896206	10.128720
01811	-3.610849	-3.907247	10.191484
01812	-3.458075	-3.933473	10.240091
01813	-3.319316	-3.999375	10.278854
01814	-3.202300	-4.067853	10.297728
01815	-3.103824	-4.179988	10.303927
01816	-3.035262	-4.313060	10.297669
01817	-2.971158	-4.471126	10.274183
01818	-2.897081	-4.629165	10.242266
01819	-2.815194	-4.833076	10.200807
01820	-2.723854	-5.059944	10.153940
01821	-2.595640	-5.327031	10.113950
01822	-2.464229	-5.588943	10.073687
01823	-2.347357	-5.864552	10.043212
01824	-2.236777	-6.152739	10.023789
01825	-2.134687	-6.468353	10.008515
01826	-2.039719	-6.782022	9.997720
01827	-1.947329	-7.108535	9.997398
01828	-1.857591	-7.425752	10.005058
01829	-1.776991	-7.777167	10.014903
01830	-1.705193	-8.145522	10.024971
01831	-1.629393	-8.547716	10.024457
01832	-1.542144	-8.958450	10.017100
01833	-1.419861	-9.393991	10.006712
01834	-1.280332	-9.863024	9.990197
01835	-1.125722	-10.383441	9.978813
01836	-0.979365	-10.940369	9.965129
01837	-0.843080	-11.539115	9.972904
01838	-0.723549	-12.172233	9.990613
01839	-0.629351	-12.865111	10.019125
01840	-0.561102	-13.609670	10.057654
01841	-0.518709	-14.412958	10.108944
01842	-0.496879	-15.270364	10.173229
01843	-0.506313	-16.197925	10.247665
01844	-0.541610	-17.208321	10.322596
01845	-0.586354	-18.328797	10.374470
01846	-0.628037	-19.571855	10.416014
01847	-0.639701	-20.986922	10.409181
01848	-0.627567	-22.555497	10.356075
01849	-0.585329	-24.288514	10.274157
01850	-0.473902	-26.204464	10.112706
01851	-0.301042	-28.358124	9.846283
01852	-0.104648	-30.747856	9.439177
01853	0.119986	-33.423656	8.900968
01854	0.463373	-36.406036	8.177565
01855	0.940458	-39.633645	7.159618
01856	1.764934	-43.213832	5.787836
01857	2.880109	-46.972291	4.190322
01858	4.081104	-50.792793	2.293947
01859	5.326898	-54.515261	0.098519
01860	6.922386	-58.087473	-2.536970
01861	8.884122	-61.406436	-5.598866
01862	11.567394	-64.416812	-9.385002
01863	14.949766	-66.983059	-13.756586
01864	18.612397	-69.006155	-18.097614
01865	21.071601	-70.189463	-21.214011
01866	20.965992	-70.278952	-21.702964
01867	19.024329	-69.646058	-19.798313
01868	16.327215	-68.526978	-16.637580
01869	13.537239	-67.100520	-13.215077
01870	11.055370	-65.528091	-10.185304
01871	8.961407	-63.854035	-7.750404
01872	7.307267	-62.088808	-5.967114
01873	5.996826	-60.166455	-4.633705
01874	5.004684	-58.083184	-3.612541
01875	4.233084	-55.804702	-2.722398
01876	3.629405	-53.365586	-1.920169
01877	3.099736	-50.755500	-1.159566
01878	2.590686	-48.009164	-0.463306
01879	2.075341	-45.101616	0.149002
01880	1.555238	-42.099205	0.672518
01881	1.028137	-39.019376	1.134700
01882	0.531458	-35.943091	1.543638
01883	0.081790	-32.894283	1.896472
01884	-0.339894	-29.972900	2.178425
01885	-0.771534	-27.141856	2.380854
01886	-1.251014	-24.366494	2.489324
01887	-1.801368	-21.534286	2.521692
01888	-2.389820	-18.658686	2.529910
01889	-2.952372	-15.715167	2.557060
01890	-3.426100	-12.772215	2.608884
01891	-3.856419	-9.810921	2.694667
01892	-4.325208	-6.846567	2.796392
01893	-4.908636	-3.805891	2.942970
01894	-5.517342	-0.722134	3.162739
01895	-6.007289	2.354163	3.526372
01896	-6.337859	5.286994	4.060649
01897	-6.567777	8.024255	4.716918
01898	-6.665335	10.463224	5.462068
01899	-6.675760	12.589644	6.227785
01900	-6.753495	14.382150	6.925671
01901	-6.998280	15.857538	7.452100
01902	-7.428038	16.996238	7.777154
01903	-7.986885	17.762044	7.970232
01904	-8.416219	18.021162	8.201952
01905	-8.423358	17.655457	8.619618
01906	-7.937413	16.442413	9.389615
01907	-7.297805	14.856956	10.249985
01908	-6.801245	13.148084	10.897097
01909	-6.453188	11.215868	11.086067
01910	-6.184482	8.938995	11.129934
01911	-5.932255	6.575218	11.279577
01912	-5.813594	4.677730	11.372489
01913	-5.762702	3.118345	11.362882
01914	-5.780178	1.746791	11.364702
01915	-5.783273	0.703681	11.357200
01916	-5.702319	-0.155564	11.373962
01917	-5.691654	-0.852440	11.401973
01918	-5.735186	-1.393504	11.414979
01919	-5.738841	-1.828761	11.425236
01920	-5.733392	-2.160915	11.428412
01921	-5.775770	-2.442103	11.386894
01922	-5.849346	-2.703103	11.323317
01923	-5.950523	-2.981114	11.250789
01924	-6.076436	-3.226503	11.164313
01925	-6.194755	-3.483334	11.056689
01926	-6.320035	-3.725092	10.936776
01927	-6.443240	-3.947337	10.798828
01928	-6.564383	-4.127460	10.665679
01929	-6.713769	-4.315664	10.546163
01930	-6.887989	-4.505268	10.432288
01931	-7.057580	-4.709628	10.322928
01932	-7.193709	-4.911643	10.226775
01933	-7.271258	-5.111635	10.156655
01934	-7.292701	-5.295757	10.104993
01935	-7.273049	-5.480891	10.061984
01936	-7.219028	-5.654534	10.029449
01937	-7.123436	-5.811256	10.013147
01938	-6.969749	-5.926610	10.031286
01939	-6.768440	-6.005897	10.069965
01940	-6.601532	-6.099681	10.086754
01941	-6.501924	-6.262776	10.055604
01942	-6.439770	-6.434005	9.992272
01943	-6.435084	-6.615539	9.870187
01944	-6.444772	-6.811476	9.752439
01945	-6.396724	-7.046205	9.693022
01946	-6.299421	-7.294502	9.688380
01947	-6.192403	-7.541841	9.709949
01948	-6.068933	-7.757075	9.761769
01949	-5.929588	-7.966927	9.839980
01950	-5.801946	-8.169668	9.938602
01951	-5.689465	-8.392483	10.041268
01952	-5.590962	-8.620719	10.146708
01953	-5.495799	-8.873231	10.245436
01954	-5.402048	-9.145316	10.334642
01955	-5.307898	-9.473600	10.422907
01956	-5.219065	-9.847344	10.505002
01957	-5.145268	-10.266640	10.592596
01958	-5.083811	-10.731148	10.681746
01959	-5.047714	-11.260593	10.767623
01960	-5.025454	-11.851955	10.848772
01961	-5.017411	-12.527070	10.932667
01962	-5.032386	-13.273895	11.022079
01963	-5.059381	-14.085876	11.130279
01964	-5.116158	-14.974361	11.240138
01965	-5.200057	-15.956904	11.349758
01966	-5.297560	-17.041558	11.448529
01967	-5.422059	-18.301135	11.532449
01968	-5.539158	-19.727879	11.567177
01969	-5.653191	-21.351291	11.598676
01970	-5.776571	-23.188280	11.596554
01971	-5.920163	-25.321301	11.557283
01972	-6.138668	-27.724805	11.464117
01973	-6.410263	-30.448747	11.382368
01974	-6.672925	-33.520870	11.306011
01975	-6.967775	-36.936150	11.172927
01976	-7.242132	-40.627090	10.894614
01977	-7.407041	-44.422861	10.460398
01978	-7.447956	-48.178479	9.848174
01979	-7.446148	-51.867310	9.148070
01980	-7.280604	-55.542809	8.135731
01981	-6.855927	-59.106457	6.822096
01982	-5.932885	-62.595780	4.976731
01983	-4.421813	-65.976585	2.398634
01984	-1.786573	-69.243698	-1.451668
01985	2.283606	-71.974453	-6.707357
01986	7.199734	-73.594614	-12.542491
01987	10.582090	-73.780732	-16.398784
01988	11.571964	-72.956572	-17.255269
01989	10.614060	-71.426949	-15.620946
01990	8.818635	-69.415173	-12.848853
01991	6.891636	-67.027655	-9.818166
01992	5.251293	-64.433877	-7.072024
01993	3.979046	-61.754556	-4.763895
01994	3.129166	-59.116060	-3.010904
01995	2.553550	-56.563664	-1.753461
01996	2.149002	-54.069767	-0.944993
01997	1.798589	-51.475617	-0.475464
01998	1.454063	-48.689685	-0.208158
01999	1.060587	-45.657139	0.050872
02000	0.674288	-42.456969	0.348232
02001	0.297883	-39.177464	0.701731
02002	-0.078764	-35.936788	1.051534
02003	-0.536949	-32.777830	1.370450
02004	-1.127367	-29.791533	1.626416
02005	-1.854236	-26.954920	1.818347
02006	-2.633691	-24.237753	1.970410
02007	-3.410242	-21.517303	2.140155
02008	-4.160912	-18.767750	2.371259
02009	-4.894332	-15.940854	2.674235
02010	-5.610784	-13.071509	3.020152
02011	-6.307744	-10.104341	3.392697
02012	-6.947348	-7.041242	3.774647
02013	-7.520233	-3.855862	4.173050
02014	-8.000470	-0.655583	4.625569
02015	-8.349656	2.470807	5.172432
02016	-8.528174	5.389272	5.823103
02017	-8.569668	8.040925	6.537710
02018	-8.520088	10.336172	7.261894
02019	-8.502726	12.239337	7.895209
02020	-8.700480	13.725807	8.317229
02021	-9.260123	14.820018	8.481641
02022	-10.099063	15.576285	8.437569
02023	-10.936267	16.005102	8.334185
02024	-11.347518	16.073857	8.364975
02025	-11.016036	15.697523	8.638519
02026	-10.004883	14.869236	9.251371
02027	-8.580105	13.457972	10.093457
02028	-7.462060	11.981803	10.902291
02029	-6.789872	10.271976	11.397265
02030	-6.284466	8.229384	11.525078
02031	-5.911533	6.036777	11.583646
02032	-5.709072	4.197795	11.651251
02033	-5.598030	2.748064	11.706945
02034	-5.549986	1.536411	11.737354
02035	-5.506504	0.623103	11.733317
02036	-5.457749	-0.101130	11.729395
02037	-5.462600	-0.667048	11.727755
02038	-5.493336	-1.117150	11.723333
02039	-5.497074	-1.480650	11.724979
02040	-5.411381	-1.734210	11.723862
02041	-5.252980	-1.939171	11.706972
02042	-5.053719	-2.114519	11.683473
02043	-4.823733	-2.307723	11.662749
02044	-4.560232	-2.446134	11.673081
02045	-4.245828	-2.542779	11.718303
02046	-3.925348	-2.592158	11.792284
02047	-3.623474	-2.632624	11.888655
02048	-3.377743	-2.657362	12.005139
02049	-3.195601	-2.696416	12.130383
02050	-3.073311	-2.758215	12.263490
02051	-2.984006	-2.858120	12.376852
02052	-2.896312	-2.977827	12.457193
02053	-2.806319	-3.118601	12.507808
02054	-2.713452	-3.251819	12.531326
02055	-2.615104	-3.384298	12.523144
02056	-2.534685	-3.507605	12.495646
02057	-2.490521	-3.654937	12.456077
02058	-2.474629	-3.804566	12.405217
02059	-2.479948	-3.967761	12.352719
02060	-2.485297	-4.145563	12.296242
02061	-2.482288	-4.365852	12.237371
02062	-2.451963	-4.631564	12.185057
02063	-2.393172	-4.944840	12.141536
02064	-2.339103	-5.271955	12.102030
02065	-2.303147	-5.621715	12.071927
02066	-2.278732	-5.986073	12.045125
02067	-2.259351	-6.390206	12.017532
02068	-2.248246	-6.806231	11.997581
02069	-2.229329	-7.247981	11.987473
02070	-2.207276	-7.703628	11.984441
02071	-2.185777	-8.198682	11.980279
02072	-2.163267	-8.724156	11.969223
02073	-2.131404	-9.280161	11.959259
02074	-2.070897	-9.849630	11.954077
02075	-1.991797	-10.460056	11.951587
02076	-1.903914	-11.113819	11.949795
02077	-1.822462	-11.830675	11.952575
02078	-1.760408	-12.581161	11.961232
02079	-1.718905	-13.389361	11.991681
02080	-1.710492	-14.243522	12.037140
02081	-1.726112	-15.180811	12.096199
02082	-1.773302	-16.172722	12.160339
02083	-1.833257	-17.248456	12.239284
02084	-1.912749	-18.400591	12.326593
02085	-2.003584	-19.663427	12.397202
02086	-2.103649	-21.046655	12.434843
02087	-2.188275	-22.626088	12.439277
02088	-2.236997	-24.362567	12.355742
02089	-2.270090	-26.248091	12.258505
02090	-2.278913	-28.296001	12.133319
02091	-2.253437	-30.567892	11.950639
02092	-2.220660	-33.096656	11.673009
02093	-2.191684	-35.940365	11.318276
02094	-2.203886	-39.065283	10.858354
02095	-2.075188	-42.504344	10.202214
02096	-1.742984	-46.167268	9.254872
02097	-1.182559	-49.905588	8.132602
02098	-0.520436	-53.784214	6.939354
02099	0.164173	-57.537105	5.261559
02100	0.961147	-61.306685	3.382478
02101	2.339997	-64.919669	0.893661
02102	4.643837	-68.289976	-2.423974
02103	8.401991	-71.173624	-7.011820
02104	13.631273	-73.196553	-12.677401
02105	18.399989	-73.720177	-17.613204
02106	20.262172	-72.894405	-19.724983
02107	19.885219	-71.293695	-19.460727
02108	18.271649	-69.290222	-17.827479
02109	16.229363	-67.072249	-15.666676
02110	14.280762	-64.825112	-13.453020
02111	12.574865	-62.629019	-11.328647
02112	11.130907	-60.554486	-9.411140
02113	9.789611	-58.533595	-7.667897
02114	8.449104	-56.434095	-6.053997
02115	7.018077	-54.103126	-4.455095
02116	5.572669	-51.544545	-2.898645
02117	4.204137	-48.747808	-1.425993
02118	2.976947	-45.778195	-0.089224
02119	1.879055	-42.639561	1.088310
02120	0.917407	-39.423646	2.045689
02121	0.071633	-36.156105	2.766261
02122	-0.653724	-32.966005	3.233386
02123	-1.274211	-29.881696	3.455103
02124	-1.810775	-26.936693	3.454359
02125	-2.316970	-24.028514	3.298665
02126	-2.811561	-21.101850	3.079515
02127	-3.275038	-18.085009	2.908015
02128	-3.686674	-15.060701	2.854090
02129	-4.122390	-12.023376	2.957546
02130	-4.668599	-8.978632	3.183048
02131	-5.357902	-5.845955	3.509412
02132	-6.096717	-2.645701	3.949010
02133	-6.740888	0.599477	4.520188
02134	-7.177863	3.738129	5.235664
02135	-7.434123	6.684299	6.070859
02136	-7.643144	9.350197	6.965742
02137	-7.846230	11.722973	7.864967
02138	-8.010590	13.767445	8.708054
02139	-8.168115	15.499891	9.418018
02140	-8.370313	16.866295	9.950375
02141	-8.697442	17.842561	10.287317
02142	-9.156332	18.447807	10.447543
02143	-9.627737	18.712025	10.506319
02144	-9.935047	18.663939	10.546617
02145	-9.999996	18.310107	10.659897
02146	-9.776196	17.540187	10.976753
02147	-9.161304	16.417416	11.630552
02148	-8.481224	15.250464	12.466239
02149	-8.039288	13.616978	12.942238
02150	-7.707393	11.492919	13.184757
02151	-7.338160	9.041472	13.405571
02152	-6.986615	6.831171	13.528875
02153	-6.737497	5.056939	13.529128
02154	-6.605588	3.485810	13.541346
02155	-6.593407	2.055075	13.572350
02156	-6.506340	0.939767	13.549948
02157	-6.343240	0.023670	13.547548
02158	-6.223108	-0.693891	13.577742
02159	-6.154412	-1.271809	13.576146
02160	-6.040930	-1.710624	13.570390
02161	-5.896543	-2.066100	13.584186
02162	-5.716292	-2.356654	13.583155
02163	-5.509388	-2.630944	13.553335
02164	-5.254159	-2.855595	13.519917
02165	-4.941737	-3.069628	13.499278
02166	-4.602511	-3.236654	13.496536
02167	-4.304089	-3.403243	13.511692
02168	-4.054994	-3.532161	13.553824
02169	-3.837667	-3.634328	13.621289
02170	-3.649863	-3.698198	13.715087
02171	-3.487471	-3.758074	13.831038
02172	-3.343034	-3.819368	13.966997
02173	-3.214054	-3.919070	14.101603
02174	-3.096029	-4.033187	14.234345
02175	-2.980031	-4.167504	14.359433
02176	-2.865291	-4.283149	14.466433
02177	-2.768399	-4.434455	14.540461
02178	-2.693494	-4.587855	14.587310
02179	-2.641208	-4.754716	14.609518
02180	-2.591632	-4.902349	14.618268
02181	-2.533401	-5.070661	14.609335
02182	-2.472646	-5.260058	14.581143
02183	-2.377962	-5.501720	14.548899
02184	-2.265992	-5.748170	14.518053
02185	-2.147480	-6.004291	14.502935
02186	-2.074180	-6.256973	14.483590
02187	-2.032384	-6.540626	14.468645
02188	-2.004932	-6.835193	14.458227
02189	-1.988704	-7.158274	14.456311
02190	-1.969461	-7.477840	14.463954
02191	-1.952069	-7.827783	14.475373
02192	-1.927362	-8.196180	14.485874
02193	-1.886731	-8.604372	14.485895
02194	-1.824619	-9.027836	14.479932
02195	-1.726559	-9.478852	14.463495
02196	-1.589718	-9.946255	14.447391
02197	-1.436276	-10.462421	14.427966
02198	-1.284276	-11.010612	14.406636
02199	-1.142363	-11.614487	14.397584
02200	-1.011843	-12.242593	14.401935
02201	-0.908686	-12.926506	14.421832
02202	-0.838705	-13.644567	14.456993
02203	-0.809095	-14.429678	14.502164
02204	-0.819441	-15.261980	14.559682
02205	-0.863147	-16.163330	14.629649
02206	-0.930683	-17.125880	14.709652
02207	-1.021715	-18.205739	14.778803
02208	-1.127573	-19.393177	14.841186
02209	-1.247065	-20.760959	14.866384
02210	-1.375862	-22.254332	14.849693
02211	-1.533796	-23.889619	14.828059
02212	-1.699771	-25.711517	14.765924
02213	-1.818267	-27.759898	14.646771
02214	-1.887458	-30.065451	14.455401
02215	-1.948609	-32.665921	14.179651
02216	-1.988530	-35.587584	13.766342
02217	-1.953636	-38.790383	13.137671
02218	-1.695339	-42.294437	12.230670
02219	-1.236282	-45.995709	11.167621
02220	-0.586057	-49.795995	9.963506
02221	0.007861	-53.609876	8.557340
02222	0.776587	-57.268724	6.675985
02223	1.673002	-60.775286	4.523421
02224	3.244093	-64.056908	1.659110
02225	5.572817	-67.037724	-1.958593
02226	8.963869	-69.585795	-6.650427
02227	12.769200	-71.258886	-11.476516
02228	15.422696	-71.584526	-14.824590
02229	15.847040	-70.873879	-15.506743
02230	14.864661	-69.605946	-14.217322
02231	13.165215	-68.034431	-11.956890
02232	11.269602	-66.330882	-9.527629
02233	9.374082	-64.530124	-7.222155
02234	7.668141	-62.661983	-5.236391
02235	6.190540	-60.708648	-3.572894
02236	4.981089	-58.692367	-2.218441
02237	3.958963	-56.561893	-1.060423
02238	3.071150	-54.308223	-0.046308
02239	2.266479	-51.820286	0.849618
02240	1.527611	-49.085418	1.647021
02241	0.822585	-46.098433	2.378809
02242	0.202528	-42.948841	3.021787
02243	-0.333927	-39.676237	3.560892
02244	-0.794236	-36.391112	3.991863
02245	-1.215991	-33.107861	4.293878
02246	-1.622344	-29.916861	4.466062
02247	-2.057354	-26.829803	4.522530
02248	-2.523578	-23.900080	4.467444
02249	-3.035556	-21.023218	4.343490
02250	-3.593588	-18.177392	4.217592
02251	-4.157049	-15.301138	4.152051
02252	-4.653690	-12.427900	4.150876
02253	-5.110930	-9.478757	4.215320
02254	-5.620751	-6.464246	4.324961
02255	-6.231383	-3.298699	4.500853
02256	-6.809470	-0.056411	4.772628
02257	-7.221024	3.201955	5.203223
02258	-7.459100	6.310492	5.795913
02259	-7.662668	9.217396	6.490478
02260	-7.850383	11.806380	7.235961
02261	-8.090782	14.049724	7.962322
02262	-8.410980	15.887579	8.607138
02263	-8.817452	17.320841	9.102618
02264	-9.333273	18.353155	9.384759
02265	-9.946235	18.986344	9.481289
02266	-10.414563	19.119679	9.526065
02267	-10.350124	18.577758	9.712205
02268	-9.525064	17.311573	10.325882
02269	-8.470340	15.650826	11.142445
02270	-7.747589	13.856713	11.935984
02271	-7.301658	11.716774	12.468081
02272	-6.891661	9.220939	12.798723
02273	-6.563181	6.735478	13.054158
02274	-6.312165	4.738323	13.076236
02275	-6.165763	3.076094	12.984820
02276	-6.096489	1.640066	12.950618
02277	-5.955163	0.570444	12.903074
02278	-5.675925	-0.242814	12.836866
02279	-5.453503	-0.853579	12.777639
02280	-5.273075	-1.321210	12.754019
02281	-5.034169	-1.677806	12.744957
02282	-4.753849	-1.916511	12.750471
02283	-4.495205	-2.131351	12.760695
02284	-4.252186	-2.338080	12.766466
02285	-4.033886	-2.534225	12.772424
02286	-3.824517	-2.692327	12.786318
02287	-3.640289	-2.870141	12.804516
02288	-3.485004	-3.023660	12.834724
02289	-3.343855	-3.149668	12.891648
02290	-3.198868	-3.188853	12.972001
02291	-3.053554	-3.212539	13.076823
02292	-2.910772	-3.223702	13.191914
02293	-2.775454	-3.266226	13.295785
02294	-2.652885	-3.328976	13.390713
02295	-2.536653	-3.432057	13.478940
02296	-2.416384	-3.538508	13.547998
02297	-2.301327	-3.662446	13.596699
02298	-2.207103	-3.799333	13.616596
02299	-2.142850	-3.972494	13.610979
02300	-2.082653	-4.138183	13.587892
02301	-2.004916	-4.324298	13.559240
02302	-1.933031	-4.518929	13.517078
02303	-1.832966	-4.755207	13.475021
02304	-1.711552	-5.006577	13.432045
02305	-1.592170	-5.276979	13.385603
02306	-1.504364	-5.524428	13.334472
02307	-1.454914	-5.786808	13.256936
02308	-1.395243	-6.068684	13.216000
02309	-1.353964	-6.378814	13.182753
02310	-1.316465	-6.677266	13.162448
02311	-1.279839	-6.988239	13.151160
02312	-1.247036	-7.298886	13.153141
02313	-1.215891	-7.659737	13.148585
02314	-1.180184	-8.046126	13.136806
02315	-1.119223	-8.471501	13.118059
02316	-1.031028	-8.910671	13.104081
02317	-0.920275	-9.395943	13.091555
02318	-0.800035	-9.914141	13.073586
02319	-0.683700	-10.485663	13.063490
02320	-0.575909	-11.079985	13.071034
02321	-0.490030	-11.728551	13.096813
02322	-0.441101	-12.407953	13.136978
02323	-0.435295	-13.155654	13.185826
02324	-0.456092	-13.943194	13.242075
02325	-0.504318	-14.788147	13.306956
02326	-0.570062	-15.682151	13.385716
02327	-0.670044	-16.671158	13.471125
02328	-0.795132	-17.738430	13.552436
02329	-0.930949	-18.923708	13.613601
02330	-1.059693	-20.217628	13.664483
02331	-1.167525	-21.704848	13.673177
02332	-1.245299	-23.357939	13.638640
02333	-1.281658	-25.193255	13.571870
02334	-1.242866	-27.238827	13.442146
02335	-1.142001	-29.539916	13.205315
02336	-1.005274	-32.116036	12.846142
02337	-0.817481	-34.982760	12.354827
02338	-0.582852	-38.098911	11.651463
02339	-0.132876	-41.511671	10.645214
02340	0.607223	-45.151839	9.379489
02341	1.506322	-48.884880	7.917955
02342	2.491964	-52.717776	6.150326
02343	3.589795	-56.415770	3.988179
02344	4.909213	-60.052113	1.484380
02345	6.677377	-63.552917	-1.622349
02346	9.096192	-66.923780	-5.521362
02347	12.632821	-69.923039	-10.584578
02348	17.000612	-72.134211	-16.151772
02349	20.090574	-73.080112	-19.883837
02350	19.655053	-72.513227	-19.669670
02351	16.916844	-70.946560	-16.664865
02352	13.748271	-68.813338	-12.964183
02353	11.045047	-66.466355	-9.825624
02354	9.018456	-64.181704	-7.601432
02355	7.501326	-62.044629	-6.117062
02356	6.358856	-60.082614	-5.160047
02357	5.452168	-58.130271	-4.471251
02358	4.721162	-56.071751	-3.879759
02359	4.032184	-53.799265	-3.203221
02360	3.362109	-51.329721	-2.459885
02361	2.644725	-48.670740	-1.678262
02362	1.861023	-45.899875	-0.919803
02363	1.008856	-43.000376	-0.214735
02364	0.141478	-40.042720	0.413525
02365	-0.719017	-37.023429	0.980457
02366	-1.522446	-34.028184	1.453503
02367	-2.256463	-31.031361	1.799849
02368	-2.908698	-28.098558	1.982973
02369	-3.504653	-25.155951	2.001706
02370	-4.054716	-22.204826	1.869539
02371	-4.564794	-19.173102	1.655683
02372	-4.994224	-16.097280	1.407961
02373	-5.343347	-12.929058	1.202460
02374	-5.633456	-9.740451	1.102988
02375	-5.905629	-6.504483	1.168600
02376	-6.194459	-3.310384	1.401584
02377	-6.552508	-0.125225	1.792244
02378	-6.901626	2.964781	2.334130
02379	-7.147853	5.953290	3.045588
02380	-7.269383	8.712984	3.887408
02381	-7.398009	11.208930	4.808785
02382	-7.602312	13.339253	5.749914
02383	-7.958873	15.093408	6.645684
02384	-8.501608	16.438704	7.427004
02385	-9.200982	17.422927	8.030118
02386	-9.984229	18.062699	8.438592
02387	-10.738909	18.339689	8.700373
02388	-11.237192	18.242424	8.842187
02389	-11.104747	17.704732	9.013510
02390	-10.125573	16.754606	9.465620
02391	-8.605738	15.441627	10.198720
02392	-7.683445	14.069951	10.772650
02393	-7.324421	12.391272	11.054811
02394	-6.989633	10.365854	11.147568
02395	-6.593136	8.184403	11.220024
02396	-6.287180	6.237309	11.269276
02397	-6.118651	4.639151	11.341001
02398	-6.070547	3.245360	11.438039
02399	-6.143889	1.958476	11.458319
02400	-6.313602	0.859898	11.414000
02401	-6.429545	0.022710	11.431766
02402	-6.448266	-0.686515	11.478572
02403	-6.427359	-1.317077	11.494722
02404	-6.314671	-1.821699	11.444493
02405	-6.139844	-2.273227	11.377044
02406	-5.947437	-2.660018	11.290394
02407	-5.706799	-3.003992	11.178025
02408	-5.429336	-3.275095	11.098829
02409	-5.121526	-3.517900	11.048524
02410	-4.787652	-3.699051	11.005632
02411	-4.438909	-3.826496	10.989641
02412	-4.114637	-3.872663	11.006323
02413	-3.838431	-3.894291	11.054236
02414	-3.615321	-3.901907	11.121733
02415	-3.416672	-3.910653	11.200873
02416	-3.223997	-3.907400	11.286188
02417	-3.033213	-3.917580	11.380123
02418	-2.846979	-3.938415	11.484185
02419	-2.669233	-3.994986	11.587868
02420	-2.499222	-4.058149	11.685339
02421	-2.349270	-4.162962	11.764325
02422	-2.225514	-4.291606	11.823064
02423	-2.129448	-4.459394	11.852694
02424	-2.048797	-4.647308	11.864432
02425	-1.965688	-4.876104	11.862120
02426	-1.859383	-5.120738	11.856901
02427	-1.732840	-5.398907	11.859518
02428	-1.601842	-5.682105	11.859463
02429	-1.471146	-5.999094	11.863986
02430	-1.373805	-6.333231	11.861646
02431	-1.298322	-6.685830	11.863949
02432	-1.239683	-7.043580	11.872100
02433	-1.199561	-7.436423	11.878006
02434	-1.174254	-7.847019	11.887152
02435	-1.147662	-8.283343	11.891072
02436	-1.113564	-8.729669	11.891503
02437	-1.072213	-9.197993	11.891927
02438	-1.023568	-9.696426	11.888405
02439	-0.969508	-10.239007	11.883127
02440	-0.907654	-10.804391	11.876409
02441	-0.831420	-11.405004	11.874951
02442	-0.755847	-12.046942	11.883786
02443	-0.697849	-12.760020	11.900623
02444	-0.661277	-13.522216	11.927341
02445	-0.646777	-14.336975	11.971497
02446	-0.658513	-15.191491	12.030100
02447	-0.705277	-16.124151	12.098556
02448	-0.791979	-17.136664	12.173585
02449	-0.917516	-18.242502	12.247012
02450	-1.078637	-19.432313	12.309329
