// General information: 
//  MT Manager version: 2021.4.0 
//  XDA version: 2021.4.0 build 6323 rev 112641 built on 2021-09-28
// Device information: 
//  DeviceId: 00B43773
//  ProductCode: MTW2-3A7G6
//  Firmware Version: 4.3.4
//  Hardware Version: 1.1.0
// Device settings: 
//  Filter Profile: human(46.1)
//  Option Flags: Orientation Smoother Disabled, Position/Velocity Smoother Disabled, Continuous Zero Rotation Update Disabled, AHS Disabled, ICC Disabled
// Coordinate system: ENU
PacketCounter	SampleTimeFine	Roll	Pitch	Yaw
33906		0.045918	-9.983548	6.280313
33907		0.104960	-10.150606	6.234178
33908		0.151903	-10.344821	6.188142
33909		0.176199	-10.528003	6.151536
33910		0.199435	-10.732274	6.118737
33911		0.246155	-10.964530	6.074177
33912		0.321628	-11.278472	6.000042
33913		0.407920	-11.665269	5.903926
33914		0.494319	-12.137946	5.788821
33915		0.546661	-12.678346	5.674114
33916		0.544688	-13.325282	5.571966
33917		0.456265	-14.118694	5.486830
33918		0.282446	-15.102652	5.436007
33919		0.045971	-16.306875	5.390201
33920		-0.316893	-17.737326	5.414779
33921		-0.768016	-19.456089	5.452446
33922		-1.245667	-21.529950	5.468239
33923		-1.716889	-24.004139	5.500203
33924		-2.190549	-27.111709	5.544326
33925		-2.590399	-30.969700	5.532101
33926		-2.652052	-35.740658	5.344136
33927		-1.888727	-40.763252	4.859698
33928		-0.824422	-45.524520	3.948248
33929		0.744662	-49.740357	2.525358
33930		3.050443	-53.184587	0.689716
33931		5.587792	-55.948095	-1.429193
33932		7.400032	-57.440393	-3.198728
33933		8.512180	-57.165185	-4.186981
33934		9.105098	-56.588870	-4.813495
33935		9.538204	-55.804377	-5.141589
33936		9.550589	-54.379351	-4.973174
33937		9.132132	-52.516305	-4.401720
33938		8.338047	-50.394262	-3.529412
33939		7.296173	-48.065835	-2.498038
33940		6.043284	-45.433436	-1.386549
33941		4.650114	-42.514647	-0.243450
33942		3.206865	-39.284451	0.874453
33943		1.882975	-35.825604	1.882558
33944		0.752639	-32.156464	2.697592
33945		-0.135594	-28.367587	3.213751
33946		-0.821679	-24.495129	3.324257
33947		-1.386148	-20.719082	3.017781
33948		-1.939297	-17.155970	2.437120
33949		-2.458004	-13.868529	1.762213
33950		-2.891069	-10.683576	1.185337
33951		-3.155667	-7.637418	0.831569
33952		-3.246031	-4.886768	0.750783
33953		-3.236358	-2.694719	0.930470
33954		-3.407464	-1.055629	1.344573
33955		-4.068136	0.164881	2.001400
33956		-5.239352	1.079715	2.890716
33957		-6.614591	1.677946	3.991478
33958		-7.841930	1.958882	5.267948
33959		-8.657034	1.983345	6.656343
33960		-8.857105	1.594538	8.017828
33961		-8.339264	0.261843	9.165784
33962		-6.842137	-1.643894	9.625810
33963		-5.107883	-3.961706	9.249527
33964		-2.933545	-4.921107	8.849015
33965		-1.197726	-5.446407	8.477593
33966		0.275264	-6.000488	8.096567
33967		1.338285	-6.091575	7.868094
33968		2.209589	-6.446590	7.664119
33969		2.714451	-6.753987	7.552159
33970		2.971752	-7.045945	7.493416
33971		3.084882	-7.284284	7.458910
33972		3.150002	-7.491461	7.433257
33973		3.196348	-7.672082	7.409977
33974		3.248407	-7.830849	7.378639
33975		3.304053	-7.961550	7.338668
33976		3.351877	-8.048905	7.318593
33977		3.420647	-8.099728	7.301708
33978		3.497288	-8.138879	7.293106
33979		3.547333	-8.165360	7.275330
33980		3.534621	-8.207107	7.278643
33981		3.491191	-8.274989	7.281500
33982		3.440474	-8.407217	7.286111
33983		3.424791	-8.563825	7.280328
33984		3.447327	-8.726580	7.274649
33985		3.481132	-8.907479	7.259837
33986		3.531415	-9.133616	7.232613
33987		3.577534	-9.342392	7.203977
33988		3.608399	-9.555560	7.164455
33989		3.623031	-9.759265	7.107705
33990		3.606244	-9.971730	7.015266
33991		3.620674	-10.219434	6.941111
33992		3.640288	-10.483424	6.874970
33993		3.668716	-10.740278	6.811828
33994		3.701696	-11.029223	6.744918
33995		3.722898	-11.322377	6.676229
33996		3.737965	-11.615196	6.613525
33997		3.767256	-11.868810	6.549974
33998		3.800991	-12.123635	6.485871
33999		3.851401	-12.375314	6.414755
34000		3.912397	-12.662862	6.333303
34001		3.968104	-12.962516	6.254313
34002		4.009119	-13.318956	6.178548
34003		4.048977	-13.721155	6.103943
34004		4.090031	-14.224294	6.011531
34005		4.102474	-14.836653	5.908770
34006		4.059160	-15.563775	5.814779
34007		3.885397	-16.442154	5.743625
34008		3.574204	-17.538855	5.716986
34009		3.103561	-18.871444	5.685932
34010		2.450490	-20.469691	5.722062
34011		1.702799	-22.439904	5.780738
34012		0.946965	-24.848756	5.826233
34013		0.212045	-27.835815	5.879591
34014		-0.407303	-31.755943	5.828381
34015		-0.448754	-36.447609	5.500589
34016		0.457618	-41.240063	4.918908
34017		1.877294	-45.755676	3.852944
34018		3.853737	-49.790228	2.386768
34019		6.329759	-53.162479	0.799333
34020		8.710633	-55.759236	-0.710057
34021		9.889996	-56.692343	-1.653661
34022		10.216345	-56.488776	-2.023343
34023		10.300412	-56.310830	-2.499679
34024		10.449243	-55.711222	-2.841952
34025		10.483682	-54.385456	-2.949250
34026		10.328023	-52.688842	-2.841866
34027		9.989907	-50.841620	-2.554941
34028		9.388911	-48.806067	-2.119537
34029		8.483123	-46.492493	-1.537323
34030		7.306078	-43.822532	-0.808225
34031		6.031343	-40.890296	-0.002036
34032		4.767483	-37.741363	0.826474
34033		3.574732	-34.462375	1.592093
34034		2.432099	-30.996401	2.230319
34035		1.351906	-27.398478	2.624776
34036		0.329503	-23.766414	2.704272
34037		-0.602682	-20.377178	2.471169
34038		-1.416962	-17.298484	2.049528
34039		-2.171294	-14.386653	1.589248
34040		-2.941706	-11.497446	1.214221
34041		-3.669329	-8.820424	1.019174
34042		-4.266868	-6.509304	1.098669
34043		-4.708491	-4.699913	1.434438
34044		-5.164323	-3.348466	1.906899
34045		-5.854775	-2.383170	2.416383
34046		-6.809142	-1.543016	2.912289
34047		-7.805770	-0.640647	3.412723
34048		-8.582125	0.226482	3.968066
34049		-8.915467	0.846290	4.616124
34050		-8.814482	1.204324	5.327741
34051		-8.266428	1.097140	6.032201
34052		-7.400506	0.212765	6.605838
34053		-6.018997	-1.484653	6.787297
34054		-4.741079	-4.032007	6.693102
34055		-3.188452	-5.803150	6.494839
34056		-1.597912	-6.139951	6.125674
34057		-0.282936	-6.804397	5.805132
34058		0.701660	-6.928698	5.610905
34059		1.460670	-7.286709	5.406894
34060		1.912114	-7.623931	5.298470
34061		2.187723	-7.869046	5.236378
34062		2.300235	-8.071506	5.202337
34063		2.317764	-8.242955	5.191181
34064		2.290054	-8.429575	5.178347
34065		2.243346	-8.572513	5.166994
34066		2.176617	-8.694972	5.150944
34067		2.092363	-8.758402	5.153978
34068		2.032808	-8.800018	5.157019
34069		1.965673	-8.827334	5.168833
34070		1.892228	-8.853626	5.170423
34071		1.813929	-8.872154	5.184768
34072		1.737814	-8.912133	5.196030
34073		1.670226	-8.978359	5.205883
34074		1.625944	-9.062717	5.213006
34075		1.639662	-9.136336	5.210246
34076		1.694651	-9.235268	5.191425
34077		1.782306	-9.359624	5.165062
34078		1.907205	-9.512581	5.144038
34079		2.003307	-9.644431	5.122506
34080		2.113228	-9.785148	5.099615
34081		2.242322	-9.915775	5.065710
34082		2.409102	-10.044039	5.020136
34083		2.625008	-10.150608	4.961675
34084		2.864541	-10.256237	4.894003
34085		3.114497	-10.367339	4.819802
34086		3.353076	-10.494445	4.744760
34087		3.566758	-10.610189	4.671359
34088		3.762058	-10.742941	4.593979
34089		3.928238	-10.874529	4.514735
34090		4.083197	-11.041563	4.425708
34091		4.217922	-11.241564	4.319492
34092		4.338798	-11.492349	4.177485
34093		4.424189	-11.793617	4.034651
34094		4.472547	-12.199808	3.916105
34095		4.457269	-12.722029	3.804271
34096		4.434026	-13.390373	3.684332
34097		4.375689	-14.211509	3.552758
34098		4.275807	-15.224268	3.422543
34099		4.094611	-16.468820	3.297194
34100		3.813362	-17.989713	3.215233
34101		3.419222	-19.845770	3.137305
34102		3.040172	-22.283029	2.951241
34103		2.767850	-25.302272	2.648447
34104		2.722089	-28.744680	2.195794
34105		3.037369	-32.388926	1.455031
34106		4.124408	-36.228391	0.365206
34107		5.953355	-40.047005	-1.069981
34108		8.202330	-43.630014	-2.862857
34109		10.913402	-46.821975	-4.658027
34110		13.782976	-49.324344	-6.019178
34111		15.212392	-50.266420	-6.476774
34112		15.120413	-50.320506	-6.098258
34113		14.358014	-50.369255	-5.522832
34114		13.323687	-50.196144	-4.728524
34115		12.122811	-49.578613	-3.756377
34116		10.748161	-48.535729	-2.716996
34117		9.327979	-47.211734	-1.766281
34118		7.930942	-45.606204	-0.984829
34119		6.632191	-43.676208	-0.380444
34120		5.456368	-41.384555	0.079554
34121		4.438158	-38.785282	0.382398
34122		3.553436	-35.907403	0.534034
34123		2.763501	-32.854376	0.508994
34124		2.004110	-29.651584	0.323892
34125		1.292445	-26.413777	-0.020906
34126		0.641619	-23.155438	-0.523058
34127		0.043303	-19.915997	-1.156444
34128		-0.631129	-16.685506	-1.794001
34129		-1.413926	-13.660522	-2.331442
34130		-2.239732	-11.021861	-2.684734
34131		-2.968254	-8.939493	-2.772353
34132		-3.575439	-7.218079	-2.538417
34133		-4.166225	-5.705909	-1.997659
34134		-4.874735	-4.288799	-1.233928
34135		-5.823099	-3.013496	-0.355875
34136		-7.081583	-1.928107	0.569017
34137		-8.533668	-1.131823	1.520951
34138		-9.917197	-0.566863	2.502540
34139		-11.026510	-0.182644	3.485111
34140		-11.767890	0.003446	4.430062
34141		-12.016189	-0.275149	5.256606
34142		-11.674228	-1.064098	5.904666
34143		-9.850160	-2.790262	6.435588
34144		-7.269313	-4.225909	6.972667
34145		-5.069496	-6.200638	6.577366
34146		-2.908378	-6.980551	5.988681
34147		-1.671306	-7.147281	5.540068
34148		-0.354513	-7.431929	5.281902
34149		0.956429	-7.415837	4.969256
34150		1.741047	-7.557058	4.762140
34151		2.119238	-7.702648	4.689900
34152		2.210574	-7.886498	4.675163
34153		2.134188	-8.049549	4.690983
34154		2.003611	-8.178695	4.721224
34155		1.869608	-8.309540	4.743151
34156		1.774282	-8.424646	4.752937
34157		1.711519	-8.519424	4.747909
34158		1.676590	-8.568189	4.754430
34159		1.684664	-8.621783	4.742880
34160		1.691185	-8.677918	4.739884
34161		1.685303	-8.720175	4.739003
34162		1.673763	-8.778148	4.733730
34163		1.641567	-8.857774	4.731703
34164		1.604448	-8.974757	4.729983
34165		1.583916	-9.078772	4.726447
34166		1.609120	-9.185693	4.714034
34167		1.653049	-9.305596	4.688413
34168		1.728599	-9.449036	4.672895
34169		1.819016	-9.586512	4.655737
34170		1.920843	-9.727303	4.635242
34171		2.048832	-9.851177	4.609314
34172		2.199977	-9.993484	4.569293
34173		2.362081	-10.112543	4.524694
34174		2.529412	-10.222777	4.480736
34175		2.691154	-10.319594	4.441456
34176		2.839295	-10.408884	4.406654
34177		2.983061	-10.471537	4.377664
34178		3.129419	-10.520055	4.355910
34179		3.298584	-10.583134	4.319818
34180		3.492167	-10.675283	4.267688
34181		3.696148	-10.795738	4.197874
34182		3.891479	-10.967939	4.119947
34183		4.089570	-11.165087	4.027401
34184		4.290319	-11.429128	3.915964
34185		4.488355	-11.745373	3.781388
34186		4.714707	-12.139946	3.613278
34187		4.880840	-12.593047	3.399813
34188		4.950060	-13.260541	3.198511
34189		4.931361	-14.121342	3.005946
34190		4.809556	-15.224154	2.805098
34191		4.579105	-16.597825	2.646286
34192		4.318004	-18.346333	2.473686
34193		4.040792	-20.391058	2.277468
34194		3.724722	-22.890776	2.093524
34195		3.489834	-26.018526	1.801885
34196		3.423697	-29.809021	1.268076
34197		3.925802	-34.091130	0.314020
34198		5.486080	-38.512429	-1.173606
34199		7.897110	-42.649476	-3.062764
34200		11.011980	-46.405778	-5.289549
34201		14.625382	-49.671508	-7.299669
34202		17.573590	-51.654081	-8.702604
34203		18.074126	-51.947020	-8.851565
34204		17.171238	-52.006371	-8.475335
34205		16.104216	-52.066523	-8.038630
34206		14.927765	-51.551308	-7.290434
34207		13.612984	-50.449161	-6.338486
34208		12.151987	-49.008991	-5.331854
34209		10.641291	-47.343109	-4.404559
34210		9.108234	-45.394918	-3.541646
34211		7.663113	-43.142268	-2.749717
34212		6.365325	-40.597100	-2.000043
34213		5.241652	-37.843514	-1.362914
34214		4.225296	-34.867429	-0.859370
34215		3.275446	-31.725848	-0.534788
34216		2.353502	-28.450833	-0.389169
34217		1.445130	-25.166981	-0.427366
34218		0.515203	-21.887927	-0.647392
34219		-0.437732	-18.682134	-1.034468
34220		-1.515397	-15.542024	-1.413367
34221		-2.738735	-12.585969	-1.623661
34222		-3.970687	-9.882914	-1.551827
34223		-4.966879	-7.495098	-1.176122
34224		-5.631729	-5.373140	-0.579046
34225		-6.027537	-3.600041	0.105526
34226		-6.347545	-2.209211	0.748652
34227		-6.804446	-1.236676	1.266273
34228		-7.566391	-0.582088	1.641850
34229		-8.649037	-0.175672	1.917573
34230		-9.930551	0.115758	2.138792
34231		-11.204688	0.352939	2.341693
34232		-11.885099	0.333143	2.663045
34233		-11.619212	-0.131027	3.087099
34234		-10.052076	-1.528142	3.608876
34235		-8.013744	-3.401325	3.752671
34236		-5.888013	-5.366658	3.430663
34237		-4.145925	-6.923968	3.096304
34238		-2.772646	-6.904530	2.828433
34239		-1.478984	-7.534059	2.428611
34240		-0.498730	-7.574235	2.209842
34241		0.314845	-7.760707	2.031652
34242		0.732257	-7.988148	1.921488
34243		0.876065	-8.178015	1.898972
34244		0.868984	-8.410453	1.897244
34245		0.792165	-8.606718	1.911510
34246		0.672160	-8.826449	1.928702
34247		0.522822	-9.015995	1.948943
34248		0.404634	-9.187811	1.953684
34249		0.319336	-9.305194	1.953833
34250		0.262898	-9.383472	1.961654
34251		0.199642	-9.436324	1.984168
34252		0.148985	-9.488333	1.992139
34253		0.088627	-9.534546	2.004280
34254		0.019536	-9.583036	2.018722
34255		-0.064070	-9.636802	2.039274
34256		-0.150558	-9.709971	2.064924
34257		-0.217691	-9.794109	2.075718
34258		-0.264545	-9.900948	2.079908
34259		-0.292362	-10.006577	2.079357
34260		-0.294850	-10.119686	2.076403
34261		-0.279016	-10.226739	2.070896
34262		-0.228838	-10.339684	2.049197
34263		-0.148218	-10.438105	2.015501
34264		-0.018471	-10.551635	1.975283
34265		0.184021	-10.677989	1.920227
34266		0.450016	-10.810686	1.846082
34267		0.748542	-10.930278	1.758637
34268		1.041590	-11.061486	1.666563
34269		1.316746	-11.190171	1.574761
34270		1.574966	-11.331187	1.480062
34271		1.815138	-11.478788	1.376537
34272		2.048682	-11.649952	1.257661
34273		2.243822	-11.836139	1.122973
34274		2.395704	-12.063474	0.968691
34275		2.528704	-12.345973	0.812667
34276		2.653656	-12.741534	0.675129
34277		2.745429	-13.218308	0.538007
34278		2.799828	-13.808665	0.395315
34279		2.803089	-14.527380	0.251484
34280		2.753409	-15.434968	0.108527
34281		2.633130	-16.588163	-0.006033
34282		2.442460	-18.018052	-0.127573
34283		2.137935	-19.685432	-0.204752
34284		1.841585	-21.641065	-0.306218
34285		1.523360	-24.029698	-0.387515
34286		1.256260	-27.003007	-0.542321
34287		1.201016	-30.552622	-0.860969
34288		1.574948	-34.574171	-1.556562
34289		2.885800	-38.744585	-2.659963
34290		5.026971	-42.822241	-4.205622
34291		7.670510	-46.625179	-6.366501
34292		10.911179	-49.902207	-8.743490
34293		14.636792	-52.673962	-11.068995
34294		17.110562	-54.032970	-12.684642
34295		17.568964	-53.979268	-13.080559
34296		16.945525	-53.811047	-12.919108
34297		16.121168	-53.658039	-12.449274
34298		14.984508	-52.968048	-11.475370
34299		13.583688	-51.804482	-10.214899
34300		12.032069	-50.364897	-8.877068
34301		10.477803	-48.746246	-7.646790
34302		8.910237	-46.885841	-6.555611
34303		7.380758	-44.777698	-5.628393
34304		5.926050	-42.390003	-4.832835
34305		4.644105	-39.799558	-4.180237
34306		3.518765	-36.993762	-3.656640
34307		2.502251	-34.017970	-3.265047
34308		1.538311	-30.875562	-2.977913
34309		0.643597	-27.664151	-2.792293
34310		-0.170711	-24.425560	-2.711937
34311		-0.874466	-21.252970	-2.772167
34312		-1.506044	-18.086202	-2.952258
34313		-2.132224	-14.952080	-3.186582
34314		-2.787094	-11.891944	-3.407843
34315		-3.440205	-9.080273	-3.561602
34316		-4.117075	-6.610799	-3.563645
34317		-4.821413	-4.561557	-3.348547
34318		-5.581294	-2.870514	-2.905167
34319		-6.457281	-1.542024	-2.273476
34320		-7.498478	-0.502338	-1.544681
34321		-8.714979	0.274189	-0.768639
34322		-10.072334	0.828880	0.039333
34323		-11.455597	1.230252	0.863062
34324		-12.540677	1.463220	1.741670
34325		-12.884155	1.368848	2.618361
34326		-12.101849	0.723023	3.547444
34327		-10.122988	-0.942576	4.145659
34328		-7.692037	-3.145818	4.294239
34329		-5.879118	-5.473037	3.817775
34330		-4.068890	-6.544708	3.496061
34331		-2.835827	-6.896799	3.217218
34332		-1.521708	-7.642306	2.900009
34333		-0.505584	-7.669584	2.700049
34334		0.207770	-7.967949	2.525861
34335		0.575255	-8.216934	2.421771
34336		0.747114	-8.475500	2.377563
34337		0.806256	-8.711955	2.348176
34338		0.856999	-8.882702	2.325594
34339		0.892421	-9.036160	2.294796
34340		0.944792	-9.150982	2.264278
34341		1.012942	-9.236159	2.233111
34342		1.111795	-9.283959	2.207997
34343		1.201390	-9.277272	2.195574
34344		1.301698	-9.288211	2.181052
34345		1.373220	-9.278384	2.171305
34346		1.411471	-9.277822	2.167951
34347		1.406041	-9.298002	2.173183
34348		1.363898	-9.358782	2.184929
34349		1.315098	-9.431479	2.192379
34350		1.266782	-9.530694	2.196232
34351		1.238919	-9.632243	2.195031
34352		1.242571	-9.747853	2.190980
34353		1.286126	-9.853276	2.173848
34354		1.373126	-9.965785	2.140426
34355		1.496804	-10.076028	2.093844
34356		1.671324	-10.203209	2.043152
34357		1.884963	-10.327935	1.982832
34358		2.139380	-10.454351	1.907978
34359		2.420560	-10.571911	1.818760
34360		2.720590	-10.698876	1.721346
34361		3.017041	-10.833820	1.616633
34362		3.283564	-10.983127	1.516229
34363		3.523118	-11.134445	1.410234
34364		3.754237	-11.295605	1.301507
34365		3.999318	-11.466212	1.184642
34366		4.241794	-11.664868	1.061829
34367		4.490989	-11.898917	0.929461
34368		4.724688	-12.185317	0.763314
34369		4.922796	-12.514413	0.530543
34370		5.161868	-12.959950	0.311845
34371		5.348133	-13.523417	0.117342
34372		5.454637	-14.226538	-0.067999
34373		5.505468	-15.167335	-0.262887
34374		5.417545	-16.318915	-0.425866
34375		5.203618	-17.789877	-0.589615
34376		4.972022	-19.686563	-0.805484
34377		4.712034	-21.975717	-1.034365
34378		4.542032	-24.725593	-1.361088
34379		4.520193	-27.984017	-1.889042
34380		4.783109	-31.599798	-2.750740
34381		5.823143	-35.462547	-4.058620
34382		7.689166	-39.358976	-5.792693
34383		10.142056	-42.953385	-7.832024
34384		13.205822	-46.203185	-9.857135
34385		16.503456	-48.742102	-11.499283
34386		18.109157	-49.624396	-12.277055
34387		18.022292	-49.738216	-12.335984
34388		17.241867	-49.870180	-12.092060
34389		16.307569	-49.789763	-11.461436
34390		15.168638	-49.222370	-10.445669
34391		13.822005	-48.261169	-9.248520
34392		12.345841	-47.047773	-8.056892
34393		10.847859	-45.621285	-6.976532
34394		9.397932	-43.897968	-6.018358
34395		8.090695	-41.917542	-5.211819
34396		6.914237	-39.680006	-4.557756
34397		5.876861	-37.243197	-4.068038
34398		4.922116	-34.592011	-3.741581
34399		4.022021	-31.800633	-3.546336
34400		3.142373	-28.888590	-3.433619
34401		2.297780	-25.948844	-3.391616
34402		1.458594	-22.998366	-3.423140
34403		0.631795	-20.104512	-3.566523
34404		-0.218557	-17.264753	-3.774803
34405		-1.114458	-14.630012	-3.969958
34406		-2.011607	-12.337234	-4.070413
34407		-2.834466	-10.485670	-4.022733
34408		-3.618685	-8.961694	-3.760189
34409		-4.382735	-7.716235	-3.278999
34410		-5.119868	-6.687261	-2.631893
34411		-5.846309	-5.869627	-1.914759
34412		-6.637191	-5.124888	-1.205840
34413		-7.575820	-4.350346	-0.531090
34414		-8.673700	-3.537723	0.107479
34415		-9.780734	-2.789156	0.679915
34416		-10.695679	-2.183345	1.146502
34417		-11.002567	-1.982652	1.565015
34418		-10.436279	-2.467587	1.874729
34419		-8.970169	-3.587021	2.154398
34420		-6.669389	-5.443493	2.250244
34421		-4.518445	-7.272301	1.877599
34422		-3.049493	-7.880487	1.578537
34423		-2.182151	-7.854987	1.449461
34424		-1.075629	-8.477550	1.123174
34425		-0.075021	-8.350007	0.892191
34426		0.758573	-8.386116	0.696233
34427		1.236105	-8.509367	0.568129
34428		1.447143	-8.636668	0.529285
34429		1.467249	-8.779230	0.530951
34430		1.401039	-8.910224	0.546888
34431		1.310067	-9.030574	0.560027
34432		1.195547	-9.152017	0.575113
34433		1.081967	-9.260089	0.583624
34434		0.984801	-9.341300	0.598502
34435		0.891328	-9.379861	0.614692
34436		0.803087	-9.446487	0.630701
34437		0.709563	-9.504931	0.632936
34438		0.605513	-9.582115	0.631464
34439		0.522926	-9.650921	0.629954
34440		0.454577	-9.754104	0.621702
34441		0.412329	-9.859243	0.614888
34442		0.392948	-9.975743	0.601914
34443		0.405500	-10.088964	0.579845
34444		0.447213	-10.218444	0.549857
34445		0.510511	-10.344538	0.520330
34446		0.603681	-10.477348	0.480901
34447		0.739723	-10.630118	0.440805
34448		0.916337	-10.796158	0.388680
34449		1.129844	-10.961971	0.319233
34450		1.392245	-11.121483	0.232383
34451		1.707456	-11.275078	0.120628
34452		2.055954	-11.437982	-0.010151
34453		2.415208	-11.589503	-0.147003
34454		2.760457	-11.750279	-0.289502
34455		3.079415	-11.891874	-0.428208
34456		3.386869	-12.039277	-0.568005
34457		3.672996	-12.185963	-0.713924
34458		3.941831	-12.370637	-0.878481
34459		4.173049	-12.575513	-1.065459
34460		4.374314	-12.835574	-1.243109
34461		4.543411	-13.206781	-1.385001
34462		4.650242	-13.671440	-1.517893
34463		4.692157	-14.227458	-1.622853
34464		4.655477	-14.940615	-1.724202
34465		4.535010	-15.842595	-1.788728
34466		4.329054	-16.968837	-1.843193
34467		4.040971	-18.327873	-1.898889
34468		3.736167	-20.008899	-1.988608
34469		3.395592	-22.181315	-2.147716
34470		3.183550	-24.901489	-2.434769
34471		3.294386	-28.131578	-2.932175
34472		3.769738	-31.676420	-3.820680
34473		4.896818	-35.356874	-5.215527
34474		6.833610	-38.988445	-7.014578
34475		9.253884	-42.388752	-9.021413
34476		11.857064	-45.432650	-10.879980
34477		14.332299	-47.354383	-12.268476
34478		15.306474	-47.607218	-12.810446
34479		15.166982	-47.485955	-12.766810
34480		14.625603	-47.324841	-12.415814
34481		13.853024	-46.869022	-11.716512
34482		12.751978	-45.995757	-10.736645
34483		11.401240	-44.831688	-9.611824
34484		9.955585	-43.463288	-8.429294
34485		8.525577	-41.897083	-7.265737
34486		7.150820	-40.051267	-6.156803
34487		5.950101	-37.990842	-5.170255
34488		4.920797	-35.747745	-4.342993
34489		4.028653	-33.366230	-3.684275
34490		3.162494	-30.789198	-3.153107
34491		2.293153	-28.040034	-2.728218
34492		1.431192	-25.132735	-2.395499
34493		0.594998	-22.220460	-2.162814
34494		-0.269561	-19.382877	-2.028475
34495		-1.167158	-16.718791	-1.993831
34496		-2.064587	-14.246759	-1.961409
34497		-2.840753	-12.026605	-1.842262
34498		-3.398135	-9.974046	-1.560146
34499		-3.744757	-8.124133	-1.121857
34500		-3.997141	-6.482824	-0.601192
34501		-4.331206	-5.097519	-0.110260
34502		-4.914890	-3.937749	0.288744
34503		-5.786881	-3.027365	0.574484
34504		-6.884963	-2.352084	0.766462
34505		-8.077047	-1.946679	0.890737
34506		-9.237635	-1.800483	0.950766
34507		-10.281078	-1.890997	0.947226
34508		-11.160739	-2.109432	0.842053
34509		-11.521274	-2.451609	0.694632
34510		-11.007775	-3.012761	0.517602
34511		-9.144271	-4.031622	0.551787
34512		-6.552921	-5.522432	0.292259
34513		-4.489654	-7.367710	-0.109984
34514		-2.948111	-8.109629	-0.360641
34515		-1.871990	-8.056389	-0.552721
34516		-0.704679	-8.605325	-0.907136
34517		0.290490	-8.434934	-1.137680
34518		1.021824	-8.468695	-1.306556
34519		1.359893	-8.627570	-1.389447
34520		1.496314	-8.782449	-1.413435
34521		1.514027	-8.904673	-1.421508
34522		1.514169	-9.002357	-1.422870
34523		1.511689	-9.105633	-1.434496
34524		1.517528	-9.194476	-1.460755
34525		1.561124	-9.273247	-1.489206
34526		1.624088	-9.304506	-1.513795
34527		1.683804	-9.300091	-1.520434
34528		1.722392	-9.302137	-1.515184
34529		1.748220	-9.315068	-1.516554
34530		1.738868	-9.356075	-1.522642
34531		1.707661	-9.405308	-1.525764
34532		1.663445	-9.496278	-1.531597
34533		1.614318	-9.593771	-1.538640
34534		1.576648	-9.709053	-1.556652
34535		1.562967	-9.822796	-1.581538
34536		1.593290	-9.943226	-1.613337
34537		1.646863	-10.058374	-1.644724
34538		1.727975	-10.175811	-1.672480
34539		1.830269	-10.299237	-1.706364
34540		1.978957	-10.443114	-1.747586
34541		2.175858	-10.598277	-1.802990
34542		2.404940	-10.768961	-1.870973
34543		2.636049	-10.899825	-1.934624
34544		2.873663	-11.027564	-2.008595
34545		3.099789	-11.134561	-2.078637
34546		3.313798	-11.224072	-2.148540
34547		3.518586	-11.299238	-2.224256
34548		3.727995	-11.392638	-2.306013
34549		3.935991	-11.485368	-2.396174
34550		4.169680	-11.616900	-2.499689
34551		4.404708	-11.759240	-2.609966
34552		4.662149	-11.958682	-2.737942
34553		4.928286	-12.215752	-2.881350
34554		5.227103	-12.544865	-3.054350
34555		5.500998	-12.939356	-3.242621
34556		5.702824	-13.448548	-3.495442
34557		5.797023	-14.209592	-3.715089
34558		5.758529	-15.237762	-3.886968
34559		5.651816	-16.577015	-4.114357
34560		5.612916	-18.295308	-4.413805
34561		5.583834	-20.298191	-4.743419
34562		5.516274	-22.717268	-5.069475
34563		5.534444	-25.758449	-5.546891
34564		5.761974	-29.350232	-6.381063
34565		6.595243	-33.183048	-7.599309
34566		8.454924	-37.157987	-9.229030
34567		11.000503	-40.942569	-11.144185
34568		14.015626	-44.421626	-13.243974
34569		17.396471	-47.458464	-14.888825
34570		19.858120	-49.112422	-15.634411
34571		19.956067	-49.511672	-15.361002
34572		18.845307	-49.856438	-14.669291
34573		17.543902	-50.080410	-13.710674
34574		16.148766	-49.780940	-12.407239
34575		14.607165	-48.988819	-10.970745
34576		12.961139	-47.878685	-9.602666
34577		11.311192	-46.486338	-8.416471
34578		9.734927	-44.760315	-7.406528
34579		8.339957	-42.738149	-6.596545
34580		7.169687	-40.462712	-5.992498
34581		6.201087	-38.010115	-5.607607
34582		5.339431	-35.375900	-5.382959
34583		4.556243	-32.641417	-5.268571
34584		3.822043	-29.820735	-5.199644
34585		3.126368	-26.955439	-5.169116
34586		2.387417	-23.983211	-5.157405
34587		1.596011	-20.962207	-5.172629
34588		0.773428	-17.923410	-5.201825
34589		-0.047164	-15.003832	-5.166199
34590		-0.891691	-12.219164	-5.000945
34591		-1.709088	-9.700577	-4.697450
34592		-2.418411	-7.484639	-4.256802
34593		-2.952647	-5.668220	-3.707421
34594		-3.357474	-4.265507	-3.076456
34595		-3.735151	-3.322670	-2.409960
34596		-4.218351	-2.750337	-1.755743
34597		-4.850429	-2.404629	-1.139670
34598		-5.673958	-2.141377	-0.569950
34599		-6.650207	-1.925388	-0.032025
34600		-7.605380	-1.784575	0.452271
34601		-8.175333	-1.931094	0.897710
34602		-8.029807	-2.522298	1.268701
34603		-7.039903	-3.727417	1.616510
34604		-5.355696	-5.666661	1.687689
34605		-3.846378	-8.162188	1.293256
34606		-2.431317	-8.797746	1.074528
34607		-1.588040	-8.447318	0.898685
34608		-0.603405	-8.977459	0.633897
34609		0.270898	-8.634183	0.411924
34610		0.859787	-8.689411	0.263822
34611		1.230335	-8.797130	0.152548
34612		1.419634	-8.901443	0.106788
34613		1.479536	-9.047867	0.084753
34614		1.525312	-9.152812	0.070759
34615		1.559374	-9.256203	0.049499
34616		1.613382	-9.341879	0.025502
34617		1.687057	-9.407697	-0.005958
34618		1.749934	-9.442461	-0.023532
34619		1.819595	-9.452323	-0.029587
34620		1.866285	-9.469485	-0.019464
34621		1.903182	-9.493184	-0.021857
34622		1.903196	-9.551811	-0.019469
34623		1.877792	-9.599932	-0.020401
34624		1.841525	-9.686808	-0.022759
34625		1.806162	-9.764210	-0.023269
34626		1.794965	-9.863168	-0.038309
34627		1.796871	-9.960519	-0.058243
34628		1.824027	-10.081204	-0.075591
34629		1.851291	-10.203470	-0.081888
34630		1.897693	-10.327659	-0.091435
34631		1.970924	-10.446032	-0.111863
34632		2.067067	-10.568325	-0.139901
34633		2.186391	-10.689164	-0.176615
34634		2.324780	-10.797641	-0.221152
34635		2.475627	-10.879786	-0.270468
34636		2.626515	-10.967719	-0.321196
34637		2.786804	-11.059108	-0.367663
34638		2.962875	-11.166487	-0.422614
34639		3.147806	-11.261655	-0.487274
34640		3.352412	-11.362455	-0.561975
34641		3.549258	-11.479040	-0.642151
34642		3.738736	-11.643378	-0.724051
34643		3.952212	-11.839763	-0.821152
34644		4.163471	-12.088317	-0.930743
34645		4.370750	-12.387513	-1.057165
34646		4.524797	-12.744404	-1.189863
34647		4.574370	-13.142600	-1.349232
34648		4.498083	-13.681343	-1.505455
34649		4.404272	-14.442536	-1.646858
34650		4.220444	-15.425031	-1.807802
34651		4.015751	-16.630938	-1.957993
34652		3.827986	-18.116840	-2.155216
34653		3.617380	-19.926208	-2.340688
34654		3.382198	-22.131077	-2.529957
34655		3.131602	-24.887737	-2.699558
34656		2.843244	-28.301465	-2.885865
34657		2.558203	-32.594615	-3.381704
34658		2.981767	-37.568551	-4.409652
34659		4.693072	-42.646530	-5.948276
34660		7.210383	-47.172372	-7.914911
34661		10.254358	-51.127714	-10.297936
34662		13.940709	-54.336187	-12.556905
34663		17.551033	-56.616527	-14.262739
34664		19.026683	-57.309566	-15.055016
34665		18.690384	-56.942428	-14.762045
34666		18.085834	-56.641938	-14.573628
34667		17.436696	-55.968947	-14.024514
34668		16.531821	-54.650763	-12.942862
34669		15.354932	-52.985749	-11.528230
34670		13.968608	-51.123287	-10.010464
34671		12.427781	-49.111738	-8.545734
34672		10.734187	-46.866762	-7.127380
34673		9.058972	-44.405755	-5.767428
34674		7.514510	-41.713113	-4.492616
34675		6.160410	-38.863333	-3.347484
34676		4.918992	-35.843959	-2.359681
34677		3.733531	-32.685448	-1.547370
34678		2.584341	-29.396604	-0.882248
34679		1.516214	-26.107977	-0.393202
34680		0.568172	-22.848384	-0.148626
34681		-0.248084	-19.677027	-0.226218
34682		-1.050338	-16.567972	-0.574040
34683		-1.992210	-13.555550	-1.071108
34684		-3.119608	-10.654779	-1.581496
34685		-4.362154	-8.008477	-1.984127
34686		-5.568157	-5.710522	-2.136120
34687		-6.568000	-3.894829	-1.948033
34688		-7.441629	-2.521876	-1.456430
34689		-8.483261	-1.409042	-0.773138
34690		-9.921592	-0.344609	0.036614
34691		-11.522519	0.731235	1.004170
34692		-12.739429	1.784203	2.148480
34693		-13.170758	2.643055	3.451403
34694		-12.749348	3.141058	4.831080
34695		-11.634803	2.920935	6.116368
34696		-10.188001	1.740909	7.119570
34697		-8.490228	0.119762	7.760629
34698		-6.733276	-1.994995	7.665357
34699		-5.861620	-4.589889	7.747062
34700		-4.590999	-6.394229	7.530206
34701		-3.345632	-6.869437	7.238219
34702		-2.102471	-7.507198	7.020146
34703		-1.133579	-7.829603	6.819855
34704		-0.542073	-8.148798	6.665177
34705		-0.251125	-8.420869	6.588232
34706		-0.116825	-8.679643	6.544085
34707		-0.087989	-8.872033	6.523227
34708		-0.097842	-9.011936	6.516061
34709		-0.119999	-9.127509	6.511910
34710		-0.142557	-9.261610	6.511399
34711		-0.125306	-9.374842	6.506921
34712		-0.065564	-9.468840	6.486077
34713		0.070750	-9.540035	6.451063
34714		0.211762	-9.591529	6.427513
34715		0.351874	-9.605385	6.411134
34716		0.500060	-9.619466	6.396869
34717		0.619324	-9.628293	6.392307
34718		0.710197	-9.668546	6.378353
34719		0.761749	-9.723313	6.364212
34720		0.760993	-9.806200	6.352288
34721		0.723782	-9.885379	6.351066
34722		0.665623	-9.964688	6.360599
34723		0.609985	-10.041204	6.373555
34724		0.583254	-10.133548	6.379984
34725		0.595492	-10.217436	6.375155
34726		0.649109	-10.304041	6.357283
34727		0.729921	-10.372387	6.333152
34728		0.837429	-10.445136	6.300970
34729		0.970874	-10.520764	6.257598
34730		1.130003	-10.608310	6.209023
34731		1.315739	-10.698996	6.153699
34732		1.520943	-10.805344	6.086996
34733		1.719029	-10.917841	6.018003
34734		1.893442	-11.051294	5.948030
34735		2.042490	-11.205998	5.877538
34736		2.191043	-11.392106	5.800603
34737		2.336739	-11.599841	5.713056
34738		2.486447	-11.866018	5.603795
34739		2.659535	-12.170623	5.487170
34740		2.873485	-12.541800	5.357345
34741		3.095988	-12.952377	5.199819
34742		3.346826	-13.431239	5.003504
34743		3.639770	-14.067042	4.724486
34744		3.801057	-14.929164	4.441902
34745		3.957767	-16.121583	4.138281
34746		4.003384	-17.572408	3.853688
34747		3.996059	-19.374229	3.598819
34748		3.915956	-21.601509	3.325521
34749		3.817710	-24.393051	3.044306
34750		3.762500	-27.902225	2.647068
34751		3.848482	-32.046274	1.962807
34752		4.488221	-36.558336	0.852202
34753		6.125940	-41.218472	-0.693575
34754		8.608700	-45.579021	-2.621174
34755		11.673858	-49.503786	-4.748891
34756		15.227466	-52.803297	-6.539314
34757		17.492013	-54.484841	-7.498374
34758		17.657386	-54.623712	-7.396536
34759		16.801655	-54.794293	-6.954385
34760		15.913745	-55.010463	-6.456213
34761		14.927714	-54.600124	-5.595894
34762		13.671814	-53.504340	-4.350972
34763		12.259414	-52.028584	-3.016018
34764		10.686952	-50.272281	-1.719758
34765		8.990934	-48.212513	-0.499032
34766		7.312751	-45.831865	0.635283
34767		5.772088	-43.170352	1.652487
34768		4.376741	-40.234075	2.547920
34769		3.117315	-37.102307	3.286709
34770		1.961416	-33.798880	3.908608
34771		0.934940	-30.414535	4.382512
34772		0.017970	-26.995362	4.678919
34773		-0.776521	-23.705499	4.744777
34774		-1.414890	-20.523699	4.600135
34775		-1.953097	-17.460228	4.394289
34776		-2.485043	-14.509475	4.239898
34777		-3.065381	-11.661531	4.233507
34778		-3.721719	-8.828232	4.476403
34779		-4.303346	-6.165986	5.150641
34780		-4.690482	-3.802993	6.404284
34781		-5.052019	-1.830519	8.218253
34782		-5.697771	-0.196800	10.385503
34783		-6.726639	1.097618	12.657096
34784		-7.836773	2.056942	14.868366
34785		-8.450567	2.606479	16.895836
34786		-8.406444	2.719867	18.597907
34787		-8.145135	2.205035	19.673236
34788		-7.896174	0.826129	19.753906
34789		-6.768634	-1.215215	19.027284
34790		-5.988275	-3.860679	18.136446
34791		-5.540770	-5.598176	18.143195
34792		-3.990977	-6.313652	17.773568
34793		-2.528058	-7.400094	17.560085
34794		-1.431743	-7.816695	17.277905
34795		-0.765427	-8.275582	17.128832
34796		-0.353297	-8.720067	17.045557
34797		-0.210826	-9.093007	17.013216
34798		-0.285181	-9.395538	17.037128
34799		-0.470113	-9.633438	17.087089
34800		-0.689657	-9.865256	17.138595
34801		-0.930046	-10.068967	17.194773
34802		-1.130039	-10.250548	17.235325
34803		-1.303294	-10.397594	17.269486
34804		-1.451951	-10.510467	17.303552
34805		-1.559962	-10.607301	17.334194
34806		-1.629239	-10.679464	17.364223
34807		-1.659169	-10.716149	17.390497
34808		-1.689409	-10.753384	17.414653
34809		-1.734358	-10.799635	17.442430
34810		-1.805072	-10.871715	17.465490
34811		-1.880568	-10.959511	17.481718
34812		-1.942244	-11.070926	17.489279
34813		-1.994334	-11.173195	17.494193
34814		-2.038087	-11.284086	17.496740
34815		-2.066164	-11.393511	17.494514
34816		-2.072615	-11.513833	17.483588
34817		-2.047536	-11.630656	17.465428
34818		-1.998046	-11.753970	17.434335
34819		-1.915582	-11.879889	17.393948
34820		-1.787747	-12.033327	17.344454
34821		-1.643436	-12.190663	17.278353
34822		-1.499366	-12.361229	17.190457
34823		-1.375475	-12.524048	17.081635
34824		-1.252609	-12.695509	16.964031
34825		-1.139978	-12.873919	16.834431
34826		-1.043178	-13.089181	16.703801
34827		-0.936484	-13.344478	16.588798
34828		-0.848812	-13.653805	16.494812
34829		-0.803701	-14.002424	16.406587
34830		-0.802720	-14.432508	16.325105
34831		-0.858989	-14.937220	16.250483
34832		-0.977841	-15.532546	16.198365
34833		-1.169612	-16.209917	16.162616
34834		-1.421087	-17.029686	16.140293
34835		-1.746043	-17.987919	16.144268
34836		-2.116151	-19.191159	16.153997
34837		-2.574035	-20.567962	16.198904
34838		-3.095727	-22.166615	16.278122
34839		-3.665219	-24.112784	16.381345
34840		-4.345783	-26.568715	16.530166
34841		-5.129733	-29.705188	16.785721
34842		-5.989785	-33.573843	17.077044
34843		-6.822659	-37.953541	17.315967
34844		-7.364633	-42.382186	17.436212
34845		-7.652051	-46.630306	17.276961
34846		-7.654544	-50.604433	16.697604
34847		-7.405978	-54.166537	15.573124
34848		-6.640735	-57.345778	13.820231
34849		-5.646508	-59.548972	11.765097
34850		-3.448519	-60.108113	9.261081
34851		-1.022357	-59.753051	6.713481
34852		1.143732	-59.136719	4.323373
34853		2.860151	-57.976787	2.463766
34854		3.857389	-56.332027	1.377659
34855		4.185844	-54.428094	1.045839
34856		3.964097	-52.338345	1.302146
34857		3.330848	-50.074367	1.945390
34858		2.411069	-47.582050	2.847707
34859		1.374978	-44.869297	3.834720
34860		0.352440	-41.907893	4.807286
34861		-0.512450	-38.758419	5.672243
34862		-1.193321	-35.443248	6.381928
34863		-1.657146	-32.049331	6.870654
34864		-1.922441	-28.598498	7.088703
34865		-2.040800	-25.223266	6.998984
34866		-2.114580	-21.965758	6.629660
34867		-2.188071	-18.811923	6.089176
34868		-2.207706	-15.631168	5.595161
34869		-2.104225	-12.513265	5.326668
34870		-1.877240	-9.598571	5.351995
34871		-1.595647	-7.074139	5.601917
34872		-1.419164	-4.961798	5.954283
34873		-1.569184	-3.251243	6.310997
34874		-2.244860	-1.814710	6.648854
34875		-3.502868	-0.605452	6.997286
34876		-5.144075	0.405061	7.432731
34877		-6.741175	1.059532	8.048296
34878		-7.776635	1.241344	8.894495
34879		-7.980181	0.966690	9.869233
34880		-7.534148	0.209034	10.790920
34881		-6.698982	-1.513519	11.388609
34882		-5.949369	-3.572350	11.569564
34883		-5.334462	-6.103037	11.591316
34884		-3.998461	-7.572296	11.339476
34885		-2.709262	-7.728092	10.984260
34886		-1.417679	-8.348559	10.701223
34887		-0.510582	-8.462176	10.511184
34888		0.068104	-8.882246	10.346201
34889		0.358024	-9.184611	10.261735
34890		0.476223	-9.507345	10.221883
34891		0.480581	-9.770269	10.204103
34892		0.444567	-10.031274	10.205601
34893		0.409182	-10.249665	10.193244
34894		0.396007	-10.447807	10.189999
34895		0.424329	-10.600281	10.165629
34896		0.431827	-10.693572	10.167512
34897		0.451779	-10.752610	10.171560
34898		0.471470	-10.796408	10.187863
34899		0.497391	-10.828915	10.192650
34900		0.539489	-10.878153	10.190947
34901		0.571790	-10.934661	10.185986
34902		0.581326	-11.027207	10.179169
34903		0.607807	-11.114921	10.161150
34904		0.661709	-11.221644	10.131226
34905		0.742578	-11.323908	10.094324
34906		0.853160	-11.434508	10.065921
34907		1.013369	-11.545558	10.040035
34908		1.208158	-11.682000	9.992230
34909		1.440216	-11.828140	9.931269
34910		1.702543	-11.989664	9.853361
34911		1.964789	-12.141572	9.769991
34912		2.220967	-12.297909	9.678589
34913		2.474697	-12.448650	9.586606
34914		2.720355	-12.608085	9.487726
34915		2.975251	-12.759187	9.378811
34916		3.236121	-12.914844	9.261647
34917		3.484368	-13.069618	9.145133
34918		3.704379	-13.251509	9.027277
34919		3.877930	-13.454915	8.892845
34920		3.999998	-13.705547	8.716443
34921		4.095742	-14.004669	8.518839
34922		4.224288	-14.442713	8.379544
34923		4.287808	-14.980440	8.247815
34924		4.304863	-15.626721	8.124034
34925		4.242780	-16.373676	8.020550
34926		4.089914	-17.297198	7.925005
34927		3.820479	-18.414363	7.865839
34928		3.406192	-19.782649	7.824367
34929		2.830522	-21.388115	7.850694
34930		2.180830	-23.382601	7.884371
34931		1.555140	-25.942383	7.860174
34932		1.071428	-29.064672	7.760748
34933		0.797473	-32.671183	7.495640
34934		0.836333	-36.721105	6.924438
34935		1.805233	-41.022991	5.928475
34936		3.614964	-45.167908	4.502108
34937		5.960149	-49.013394	2.600911
34938		8.824136	-52.363765	0.661621
34939		11.893997	-55.009157	-1.235948
34940		13.610064	-55.957846	-2.866324
34941		14.129862	-55.790243	-3.826413
34942		14.232172	-55.621851	-4.755408
34943		14.310503	-55.268242	-5.370288
34944		14.042425	-54.335569	-5.394548
34945		13.354810	-53.044696	-4.911199
34946		12.297813	-51.550704	-4.075133
34947		10.995749	-49.878354	-3.045004
34948		9.530013	-47.930536	-1.906533
34949		8.027227	-45.715788	-0.768976
34950		6.541135	-43.198568	0.293297
34951		5.187642	-40.436573	1.195848
34952		3.973247	-37.434600	1.911590
34953		2.903670	-34.285236	2.433434
34954		1.952603	-31.012245	2.788335
34955		1.139855	-27.753891	2.945931
34956		0.440093	-24.580920	2.864965
34957		-0.205468	-21.518713	2.518393
34958		-0.899640	-18.459359	2.027662
34959		-1.720004	-15.442546	1.571348
34960		-2.659640	-12.518881	1.241317
34961		-3.624363	-9.834145	1.104072
34962		-4.456566	-7.452906	1.250289
34963		-5.118209	-5.473961	1.705670
34964		-5.808369	-3.824439	2.405786
34965		-6.680197	-2.410280	3.231971
34966		-7.729209	-1.154393	4.112164
34967		-8.721594	-0.080643	5.052436
34968		-9.314439	0.661983	6.112333
34969		-9.333207	0.965112	7.249972
34970		-8.974554	0.786641	8.294888
34971		-8.327007	-0.524303	8.965474
34972		-7.097877	-2.117918	9.209028
34973		-5.637111	-3.937833	9.094887
34974		-4.840637	-5.087924	9.584114
34975		-3.828776	-6.797975	9.583411
34976		-2.492230	-7.752751	8.972610
34977		-1.708477	-7.949161	8.807121
34978		-0.885533	-8.377891	8.694727
34979		-0.507956	-8.680132	8.576824
34980		-0.405678	-9.010700	8.542657
34981		-0.476392	-9.258144	8.549814
34982		-0.679051	-9.505730	8.591699
34983		-0.908910	-9.714462	8.637874
34984		-1.109289	-9.895671	8.671564
34985		-1.264339	-10.048669	8.692346
34986		-1.420738	-10.172819	8.712505
34987		-1.554589	-10.301322	8.726221
34988		-1.665674	-10.411190	8.739130
34989		-1.746817	-10.490708	8.742070
34990		-1.792957	-10.578455	8.742099
34991		-1.839305	-10.652186	8.749357
34992		-1.893738	-10.734577	8.756569
34993		-1.957452	-10.807963	8.765947
34994		-2.010703	-10.892168	8.774169
34995		-2.066668	-10.977212	8.783435
34996		-2.110620	-11.079972	8.783356
34997		-2.118839	-11.169284	8.775879
34998		-2.086549	-11.275614	8.756885
34999		-2.010749	-11.384395	8.726768
35000		-1.877436	-11.517179	8.676007
35001		-1.694619	-11.649600	8.606230
35002		-1.469356	-11.796509	8.523147
35003		-1.258908	-11.943423	8.447628
35004		-1.073508	-12.109908	8.379652
35005		-0.898596	-12.272766	8.312975
35006		-0.719485	-12.455761	8.244682
35007		-0.523289	-12.634894	8.164029
35008		-0.294973	-12.846069	8.067492
35009		-0.056383	-13.076297	7.964362
35010		0.192089	-13.348165	7.856946
35011		0.494823	-13.647658	7.747624
35012		0.826378	-13.993150	7.620660
35013		1.121559	-14.359982	7.467475
35014		1.261687	-14.789164	7.236869
35015		1.400417	-15.396323	7.082200
35016		1.425887	-16.176571	6.928118
35017		1.378097	-17.186876	6.778137
35018		1.254682	-18.538262	6.629265
35019		1.042510	-20.217903	6.511777
35020		0.760316	-22.262151	6.420901
35021		0.362094	-24.853458	6.352068
35022		-0.009693	-28.055843	6.253766
35023		-0.335512	-31.861913	6.096037
35024		-0.516992	-36.298301	5.722047
35025		0.094382	-41.056791	4.881733
35026		1.623727	-45.570846	3.567414
35027		3.771613	-49.719227	1.669540
35028		6.636914	-53.244742	-0.501309
35029		9.775094	-55.998134	-2.669721
35030		11.351508	-56.829139	-3.848568
35031		11.790484	-56.648385	-4.055570
35032		11.707787	-56.598766	-4.098174
35033		11.496998	-56.268128	-4.026402
35034		10.904059	-55.138779	-3.555860
35035		10.012070	-53.540891	-2.738842
35036		8.978545	-51.670407	-1.721289
35037		7.843521	-49.557802	-0.649581
35038		6.542816	-47.120815	0.429177
35039		5.176183	-44.410088	1.457714
35040		3.860176	-41.407138	2.398970
35041		2.688326	-38.160600	3.214810
35042		1.654081	-34.688896	3.913915
35043		0.752563	-31.089079	4.444317
35044		-0.040220	-27.406936	4.749709
35045		-0.750173	-23.823970	4.769509
35046		-1.413230	-20.428540	4.515980
35047		-2.135077	-17.248174	4.098078
35048		-3.102667	-14.193572	3.697127
35049		-4.272552	-11.327144	3.470598
35050		-5.414619	-8.698630	3.517495
35051		-6.261945	-6.456685	3.893670
35052		-6.732392	-4.555113	4.532841
35053		-7.057287	-2.958925	5.276889
35054		-7.551159	-1.601812	5.977780
35055		-8.237043	-0.479784	6.578489
35056		-8.884091	0.361395	7.146203
35057		-9.178515	0.726944	7.786276
35058		-9.064143	0.626712	8.510853
35059		-8.531811	-0.193140	9.302582
35060		-7.486663	-1.704166	9.787109
35061		-6.375131	-3.883020	9.717888
35062		-5.724831	-6.193880	9.548989
35063		-4.290689	-6.869910	9.253866
35064		-3.021655	-7.630722	9.012124
35065		-1.707837	-8.314366	8.732755
35066		-0.773665	-8.646756	8.545337
35067		-0.228343	-9.111295	8.429220
35068		0.005359	-9.470285	8.380919
35069		0.081472	-9.804848	8.363661
35070		0.050216	-10.102373	8.364592
35071		-0.072125	-10.331923	8.391600
35072		-0.240471	-10.552342	8.421740
35073		-0.403151	-10.728627	8.446106
35074		-0.524523	-10.886532	8.460278
35075		-0.625016	-10.971911	8.479513
35076		-0.708747	-11.065676	8.501543
35077		-0.800381	-11.133476	8.528771
35078		-0.875467	-11.202628	8.544379
35079		-0.930965	-11.262583	8.552851
35080		-0.981850	-11.340974	8.563330
35081		-1.044767	-11.422263	8.573961
35082		-1.106785	-11.530103	8.576528
35083		-1.166660	-11.641681	8.575684
35084		-1.211886	-11.775695	8.567002
35085		-1.223776	-11.891983	8.556577
35086		-1.211288	-12.001678	8.541671
35087		-1.207161	-12.113346	8.519642
35088		-1.188619	-12.243555	8.488682
35089		-1.161497	-12.371835	8.459597
35090		-1.114445	-12.497292	8.423829
35091		-1.024893	-12.617602	8.375842
35092		-0.883091	-12.741738	8.314792
35093		-0.709667	-12.881869	8.250711
35094		-0.515942	-13.057504	8.184118
35095		-0.312595	-13.215626	8.112440
35096		-0.114776	-13.364631	8.037373
35097		0.066105	-13.497497	7.963062
35098		0.236737	-13.654411	7.876721
35099		0.377231	-13.826120	7.756204
35100		0.461541	-14.041937	7.589701
35101		0.522013	-14.319150	7.416729
35102		0.608189	-14.710460	7.291818
35103		0.613908	-15.187685	7.185096
35104		0.529952	-15.794127	7.090103
35105		0.364294	-16.529496	7.018573
35106		0.130881	-17.490768	6.945754
35107		-0.178111	-18.699757	6.911390
35108		-0.521335	-20.195425	6.867821
35109		-0.945573	-21.966592	6.878267
35110		-1.452982	-24.167025	6.900674
35111		-1.996641	-27.008384	6.933151
35112		-2.492282	-30.542685	6.905179
35113		-2.834289	-34.797413	6.718021
35114		-2.641957	-39.364731	6.172539
35115		-1.682512	-43.727844	5.215244
35116		-0.118549	-47.830098	3.758865
35117		2.061938	-51.457243	1.897800
35118		4.636907	-54.555161	-0.070564
35119		6.530772	-56.186634	-1.673031
35120		7.817501	-56.314045	-2.502110
35121		8.245083	-56.314111	-2.836855
35122		8.300307	-56.285693	-2.829201
35123		7.996533	-55.732632	-2.381943
35124		7.330713	-54.688128	-1.487293
35125		6.481657	-53.377877	-0.347071
35126		5.532139	-51.847843	0.880660
35127		4.501886	-50.039591	2.046187
35128		3.408554	-47.885332	3.147420
35129		2.387725	-45.426053	4.125734
35130		1.519580	-42.669462	4.976152
35131		0.840581	-39.687839	5.656528
35132		0.288174	-36.518682	6.165561
35133		-0.182733	-33.274634	6.454809
35134		-0.606237	-29.986771	6.495876
35135		-0.989500	-26.783668	6.263305
35136		-1.427366	-23.654004	5.788230
35137		-1.952536	-20.578171	5.203161
35138		-2.531336	-17.495669	4.674649
35139		-3.131803	-14.533085	4.330605
35140		-3.783023	-11.709504	4.257447
35141		-4.467230	-9.059060	4.460325
35142		-5.149619	-6.594792	4.882456
35143		-5.822045	-4.446785	5.412291
35144		-6.565599	-2.614994	5.938847
35145		-7.356196	-1.034014	6.390739
35146		-8.003517	0.304939	6.779681
35147		-8.232833	1.124218	7.198254
35148		-8.060089	1.314563	7.697051
35149		-7.656313	0.901031	8.351480
35150		-6.922983	-0.412369	9.055233
35151		-6.044866	-2.236047	9.355902
35152		-5.812752	-4.867745	9.319997
35153		-5.242370	-6.778157	9.198486
35154		-3.890642	-7.041429	8.890538
35155		-2.710780	-8.105121	8.701926
35156		-1.546010	-8.535797	8.475402
35157		-0.767101	-8.830737	8.321771
35158		-0.293742	-9.251113	8.219629
35159		-0.039151	-9.548239	8.165279
35160		0.054431	-9.814185	8.144480
35161		0.021131	-10.029986	8.145480
35162		-0.113432	-10.229888	8.173284
35163		-0.276438	-10.394516	8.199427
35164		-0.440134	-10.553927	8.229640
35165		-0.592013	-10.673107	8.251303
35166		-0.773185	-10.792304	8.286806
35167		-0.959613	-10.905770	8.314253
35168		-1.119984	-11.006025	8.343635
35169		-1.231434	-11.072330	8.359120
35170		-1.316176	-11.153806	8.370052
35171		-1.415933	-11.230918	8.382844
35172		-1.517489	-11.330295	8.391816
35173		-1.621090	-11.424210	8.396744
35174		-1.704099	-11.533691	8.399527
35175		-1.757143	-11.625999	8.395427
35176		-1.791007	-11.737850	8.387598
35177		-1.810495	-11.837425	8.379090
35178		-1.805210	-11.945062	8.362559
35179		-1.771545	-12.040035	8.344727
35180		-1.699471	-12.147740	8.315544
35181		-1.589265	-12.246351	8.275546
35182		-1.443305	-12.354134	8.223480
35183		-1.294367	-12.464939	8.170167
35184		-1.140959	-12.604164	8.114632
35185		-0.975432	-12.741533	8.054394
35186		-0.800427	-12.878417	7.988761
35187		-0.624521	-13.016223	7.922619
35188		-0.446269	-13.179356	7.859666
35189		-0.260993	-13.363649	7.793411
35190		-0.060869	-13.595916	7.706493
35191		0.142146	-13.854275	7.595043
35192		0.298353	-14.144554	7.439797
35193		0.328767	-14.485124	7.208485
35194		0.422837	-14.977489	7.043647
35195		0.447179	-15.606921	6.889215
35196		0.413671	-16.344422	6.744519
35197		0.305271	-17.253905	6.608814
35198		0.101202	-18.413305	6.488159
35199		-0.216102	-19.822771	6.402513
35200		-0.594838	-21.527370	6.344265
35201		-1.047888	-23.575004	6.316142
35202		-1.627948	-26.083768	6.345550
35203		-2.245659	-29.123449	6.422634
35204		-2.936419	-33.084297	6.560825
35205		-3.558542	-37.872718	6.644416
35206		-3.470080	-42.884856	6.444974
35207		-2.736497	-47.494721	5.823638
35208		-1.463307	-51.785533	4.707642
35209		0.298151	-55.487302	3.183694
35210		2.578287	-58.592813	1.369758
35211		4.596418	-60.677456	-0.325578
35212		6.440239	-60.799539	-1.680333
35213		7.687336	-60.259017	-2.673610
35214		8.848361	-59.737333	-3.609330
35215		9.710312	-58.759323	-4.189193
35216		10.007549	-57.269534	-4.178919
35217		9.829040	-55.500771	-3.635106
35218		9.281055	-53.556874	-2.696995
35219		8.405271	-51.421411	-1.524012
35220		7.230564	-49.056077	-0.190482
35221		5.904823	-46.441558	1.169425
35222		4.541512	-43.509944	2.488304
35223		3.262573	-40.320140	3.688099
35224		2.142948	-36.875030	4.702443
35225		1.268348	-33.244852	5.468257
35226		0.625307	-29.415604	5.925309
35227		0.173245	-25.487223	5.975509
35228		-0.245735	-21.544043	5.571777
35229		-0.810620	-17.845728	4.818505
35230		-1.630040	-14.450163	3.925823
35231		-2.675047	-11.381558	3.134490
35232		-3.926249	-8.629974	2.622331
35233		-5.232396	-6.379034	2.509231
35234		-6.387598	-4.699239	2.802622
35235		-7.394083	-3.574793	3.363464
35236		-8.508095	-2.705681	4.005989
35237		-9.962233	-1.846037	4.656595
35238		-11.614212	-0.927619	5.321803
35239		-12.850096	-0.054699	6.071771
35240		-12.304370	0.436671	6.722819
35241		-10.463454	0.533077	7.549501
35242		-8.678259	-0.359764	8.532350
35243		-6.658246	-1.069532	9.557930
35244		-5.011743	-2.711796	10.374418
35245		-3.948867	-4.561974	11.388000
35246		-3.063594	-6.285820	11.638227
35247		-2.268570	-6.695834	11.275434
35248		-1.685650	-7.422513	11.112765
35249		-1.092228	-8.271826	10.849252
35250		-0.825162	-8.962223	10.532163
35251		-0.935213	-9.333178	10.625497
35252		-1.119851	-9.645214	10.677006
35253		-1.424009	-9.962380	10.741818
35254		-1.726122	-10.186820	10.813160
35255		-1.970014	-10.369702	10.864017
35256		-2.123903	-10.537639	10.899274
35257		-2.218726	-10.644786	10.918933
35258		-2.250211	-10.768509	10.917678
35259		-2.233589	-10.873728	10.911313
35260		-2.168864	-10.993724	10.902627
35261		-2.126526	-11.105555	10.902927
35262		-2.132196	-11.231683	10.906498
35263		-2.161736	-11.356705	10.906723
35264		-2.200728	-11.503490	10.910028
35265		-2.213670	-11.657323	10.904337
35266		-2.205363	-11.831992	10.894650
35267		-2.189608	-11.994705	10.878407
35268		-2.162465	-12.173154	10.857514
35269		-2.109517	-12.347355	10.829168
35270		-2.020377	-12.525349	10.785178
35271		-1.920583	-12.690289	10.743327
35272		-1.807971	-12.858696	10.690287
35273		-1.675703	-13.033417	10.631205
35274		-1.537873	-13.229346	10.569916
35275		-1.361686	-13.441130	10.500267
35276		-1.131669	-13.677562	10.418803
35277		-0.846341	-13.904079	10.333730
35278		-0.521955	-14.142287	10.235907
35279		-0.169355	-14.368167	10.130702
35280		0.185209	-14.587363	10.019210
35281		0.507289	-14.808429	9.907744
35282		0.740397	-15.045469	9.765086
35283		0.925661	-15.345446	9.625519
35284		1.074755	-15.760690	9.508839
35285		1.153811	-16.243169	9.397291
35286		1.167942	-16.841375	9.297504
35287		1.079643	-17.582321	9.222112
35288		0.922149	-18.528411	9.144507
35289		0.679043	-19.734374	9.077281
35290		0.369792	-21.224449	9.038233
35291		-0.016128	-22.992469	9.004382
35292		-0.458644	-25.172015	8.963510
35293		-0.981563	-27.852916	8.957330
35294		-1.473922	-31.143522	8.945014
35295		-1.999743	-35.338151	8.896711
35296		-2.168698	-40.160373	8.455230
35297		-1.289679	-44.915115	7.547083
35298		0.189877	-49.304054	6.005497
35299		2.153777	-53.101812	3.873701
35300		4.791912	-56.247038	1.387811
35301		7.364190	-58.514929	-1.025155
35302		8.966133	-59.174217	-2.546094
35303		9.553153	-58.930574	-3.060519
35304		9.628458	-58.804555	-3.305329
35305		9.212288	-58.255487	-3.046250
35306		8.212952	-57.007532	-2.096395
35307		6.905119	-55.401599	-0.695994
35308		5.461208	-53.582055	0.949741
35309		3.964900	-51.496580	2.591176
35310		2.433345	-49.064341	4.139763
35311		0.993376	-46.324337	5.501364
35312		-0.260285	-43.321964	6.647148
35313		-1.211261	-40.172589	7.544809
35314		-1.897826	-36.872328	8.218035
35315		-2.388720	-33.436131	8.638503
35316		-2.726009	-29.828588	8.749162
35317		-2.915267	-26.247157	8.473233
35318		-3.043572	-22.834470	7.786460
35319		-3.273049	-19.657679	6.795477
35320		-3.755362	-16.550012	5.721916
35321		-4.458024	-13.465265	4.824418
35322		-5.185894	-10.467973	4.257992
35323		-5.740047	-7.828887	4.098278
35324		-6.124533	-5.666325	4.330567
35325		-6.564724	-3.995077	4.807024
35326		-7.310601	-2.672977	5.366844
35327		-8.399781	-1.587633	5.901689
35328		-9.659013	-0.677099	6.419741
35329		-10.742877	-0.071600	7.019050
35330		-11.241521	-0.013201	7.817103
35331		-10.990212	-0.471952	8.827447
35332		-9.701118	-1.925367	9.971796
35333		-7.736777	-3.697503	10.618614
35334		-6.250513	-6.082679	10.330941
35335		-4.500555	-7.596783	9.914124
35336		-3.136755	-7.804329	9.628610
35337		-1.737095	-8.795601	9.290714
35338		-0.675806	-9.009575	9.073908
35339		0.044082	-9.457003	8.900003
35340		0.402840	-9.845598	8.805734
35341		0.562288	-10.161476	8.773659
35342		0.587572	-10.441754	8.766956
35343		0.556954	-10.629656	8.779191
35344		0.480471	-10.835358	8.792801
35345		0.412621	-10.977948	8.803688
35346		0.397047	-11.132830	8.789091
35347		0.372137	-11.212489	8.783309
35348		0.356118	-11.297842	8.784097
35349		0.346793	-11.357437	8.782409
35350		0.338005	-11.408849	8.785895
35351		0.322305	-11.443983	8.788305
35352		0.299067	-11.502381	8.795056
35353		0.254536	-11.568281	8.803241
35354		0.208156	-11.665187	8.805311
35355		0.159042	-11.759459	8.805219
35356		0.115556	-11.876581	8.800463
35357		0.075427	-11.994978	8.796204
35358		0.043791	-12.123778	8.790529
35359		0.036839	-12.262064	8.775661
35360		0.084024	-12.418444	8.757558
35361		0.179589	-12.578572	8.727302
35362		0.301159	-12.741092	8.687273
35363		0.445787	-12.882046	8.641222
35364		0.612532	-13.034795	8.582830
35365		0.773902	-13.191377	8.515698
35366		0.935936	-13.367755	8.432177
35367		1.098486	-13.531797	8.329276
35368		1.256073	-13.691901	8.211438
35369		1.409194	-13.855220	8.080540
35370		1.546529	-14.049115	7.938333
35371		1.685579	-14.300110	7.803832
35372		1.797446	-14.633382	7.680562
35373		1.881239	-15.013434	7.565112
35374		1.941852	-15.462103	7.456604
35375		1.944453	-16.009486	7.357498
35376		1.901031	-16.674995	7.253481
35377		1.796544	-17.457112	7.155480
35378		1.628171	-18.410563	7.072763
35379		1.394097	-19.591901	7.013732
35380		1.099363	-21.044294	6.946735
35381		0.720549	-22.767934	6.919112
35382		0.235842	-24.877015	6.898204
35383		-0.234883	-27.465433	6.857847
35384		-0.739197	-30.591033	6.842986
35385		-1.123671	-34.342014	6.696838
35386		-1.206211	-38.679012	6.296975
35387		-0.369128	-43.248306	5.471890
35388		1.169037	-47.616809	4.065696
35389		3.274452	-51.647038	2.100284
35390		6.103877	-55.075334	-0.133757
35391		9.366555	-57.877918	-2.410744
35392		11.941959	-59.352999	-4.569406
35393		13.383535	-59.132399	-6.028351
35394		14.042228	-58.709013	-7.152341
35395		14.690008	-58.316166	-8.075133
35396		14.953666	-57.408723	-8.314060
35397		14.682216	-56.094560	-7.840359
35398		13.910259	-54.611259	-6.844726
35399		12.750767	-53.057914	-5.537831
35400		11.246614	-51.290053	-4.008425
35401		9.523763	-49.275619	-2.356341
35402		7.709851	-46.962479	-0.672319
35403		6.003467	-44.427755	0.919366
35404		4.486511	-41.684446	2.347244
35405		3.198407	-38.797975	3.541957
35406		2.111768	-35.742409	4.467059
35407		1.236246	-32.610583	5.091854
35408		0.550663	-29.453059	5.374840
35409		0.030595	-26.384275	5.235275
35410		-0.465573	-23.292699	4.696402
35411		-1.107431	-20.111233	3.908171
35412		-1.957788	-16.811410	3.084086
35413		-2.937367	-13.618899	2.397067
35414		-3.912615	-10.664847	2.000681
35415		-4.760662	-8.015263	1.976412
35416		-5.493656	-5.628826	2.310379
35417		-6.219692	-3.595688	2.889814
35418		-6.969841	-1.929893	3.558636
35419		-7.624255	-0.599702	4.202177
35420		-8.092211	0.433090	4.791222
35421		-8.341935	1.171941	5.346689
35422		-8.381112	1.642557	5.899981
35423		-8.071994	1.599180	6.490363
35424		-7.440383	0.925467	7.064782
35425		-6.394816	-0.559779	7.662785
35426		-5.581777	-2.387224	7.969178
35427		-5.171586	-4.896468	8.192311
35428		-4.551635	-7.133048	8.178286
35429		-3.087634	-7.604871	7.840911
35430		-1.864258	-8.591504	7.573124
35431		-0.790645	-8.930210	7.369769
35432		-0.062584	-9.218894	7.203469
35433		0.310406	-9.589921	7.109640
35434		0.491358	-9.863059	7.073081
35435		0.563689	-10.103178	7.056628
35436		0.555688	-10.289066	7.058899
35437		0.479611	-10.441913	7.074541
35438		0.403803	-10.607211	7.087370
35439		0.375529	-10.732248	7.085136
35440		0.389472	-10.853480	7.073653
35441		0.407242	-10.925677	7.073252
35442		0.460758	-11.005771	7.061666
35443		0.511863	-11.055611	7.062067
35444		0.590807	-11.099327	7.054044
35445		0.692106	-11.123502	7.043285
35446		0.793165	-11.158194	7.035329
35447		0.865602	-11.211224	7.024751
35448		0.911884	-11.296531	7.010389
35449		0.947855	-11.390612	6.991991
35450		0.976521	-11.499823	6.973422
35451		1.007358	-11.606378	6.947168
35452		1.045274	-11.731032	6.909773
35453		1.090411	-11.857524	6.865816
35454		1.171606	-12.004564	6.820032
35455		1.303181	-12.170929	6.768881
35456		1.487623	-12.348663	6.705353
35457		1.712627	-12.520441	6.625289
35458		1.954943	-12.699367	6.535761
35459		2.194519	-12.873783	6.442406
35460		2.424829	-13.057799	6.345295
35461		2.644458	-13.247453	6.241225
35462		2.834650	-13.458368	6.136657
35463		2.991027	-13.689643	6.033382
35464		3.094840	-13.953696	5.913210
35465		3.132306	-14.242665	5.751984
35466		3.185112	-14.658513	5.599740
35467		3.199690	-15.177250	5.462122
35468		3.142958	-15.797852	5.338135
35469		3.019761	-16.549184	5.214453
35470		2.793076	-17.427489	5.111100
35471		2.477821	-18.501377	5.029908
35472		2.071690	-19.798808	4.969149
35473		1.618444	-21.327048	4.897551
35474		1.094422	-23.148768	4.858961
35475		0.522700	-25.364220	4.835174
35476		-0.098117	-28.331693	4.837242
35477		-0.831160	-32.063271	4.881766
35478		-1.324054	-36.175531	4.677523
35479		-1.188019	-40.381801	4.286712
35480		-0.012625	-44.643666	3.578991
35481		1.817707	-48.703834	2.140688
35482		4.280540	-52.451121	0.270714
35483		7.456460	-55.721125	-1.844938
35484		10.926909	-58.390590	-3.808740
35485		13.528643	-59.632868	-5.459467
35486		14.617071	-59.468803	-6.010827
35487		14.848305	-59.247599	-6.455428
35488		14.710164	-58.719134	-6.502153
35489		14.219614	-57.717656	-6.014689
35490		13.368080	-56.415280	-5.101632
35491		12.245695	-54.944665	-3.983818
35492		10.934991	-53.295776	-2.780128
35493		9.546970	-51.436540	-1.579186
35494		8.163969	-49.335800	-0.403958
35495		6.905284	-47.031041	0.657364
35496		5.780060	-44.508336	1.581781
35497		4.786012	-41.821505	2.315426
35498		3.865014	-38.964305	2.877848
35499		3.025162	-36.013362	3.277309
35500		2.271600	-32.950623	3.540636
35501		1.637023	-29.775680	3.631195
35502		1.092100	-26.405077	3.479172
35503		0.582092	-22.922573	3.034834
35504		-0.052499	-19.375978	2.376749
35505		-0.910061	-15.857558	1.614000
35506		-2.001303	-12.374897	0.896333
35507		-3.184470	-9.037241	0.365402
35508		-4.202637	-5.890359	0.170985
35509		-4.793283	-3.055788	0.379327
35510		-4.972902	-0.588561	0.901885
35511		-4.996117	1.370833	1.565525
35512		-5.179620	2.797703	2.200339
35513		-5.678162	3.850718	2.812043
35514		-6.362511	4.763855	3.514658
35515		-6.844783	5.381617	4.436604
35516		-6.713094	5.264518	5.606715
35517		-6.117630	4.323876	6.733424
35518		-5.661910	2.792593	7.425527
35519		-5.266182	0.945015	7.771841
35520		-4.628349	-1.047161	7.597092
35521		-4.252996	-3.268114	7.593851
35522		-4.141313	-5.405582	7.698741
35523		-3.549166	-7.513656	7.628721
35524		-2.556333	-7.854750	7.443053
35525		-1.569526	-8.467303	7.240729
35526		-0.777100	-8.793461	7.073245
35527		-0.130506	-9.083341	6.909700
35528		0.267170	-9.308406	6.815630
35529		0.472874	-9.476879	6.768228
35530		0.613063	-9.676205	6.721008
35531		0.704342	-9.788489	6.694273
35532		0.772302	-9.905215	6.671785
35533		0.811637	-10.027294	6.659402
35534		0.865052	-10.165465	6.648735
35535		0.941914	-10.220663	6.632776
35536		1.042534	-10.278106	6.614479
35537		1.116937	-10.309358	6.613615
35538		1.186049	-10.328314	6.623218
35539		1.275448	-10.342385	6.618361
35540		1.362201	-10.390692	6.603205
35541		1.417957	-10.466635	6.583108
35542		1.428202	-10.574281	6.571154
35543		1.406691	-10.682218	6.562381
35544		1.358252	-10.797232	6.555367
35545		1.310572	-10.911345	6.549732
35546		1.264989	-11.031394	6.545922
35547		1.245828	-11.150653	6.530275
35548		1.265354	-11.270829	6.504074
35549		1.316304	-11.376434	6.472236
35550		1.399042	-11.479593	6.436496
35551		1.526077	-11.563651	6.391981
35552		1.685990	-11.648558	6.340010
35553		1.871564	-11.718128	6.272629
35554		2.077932	-11.795742	6.197895
35555		2.298172	-11.862462	6.119456
35556		2.511146	-11.944484	6.037962
35557		2.697798	-12.047704	5.956455
35558		2.869229	-12.218619	5.873829
35559		3.041939	-12.445278	5.780019
35560		3.230215	-12.744815	5.668032
35561		3.400208	-13.094573	5.548090
35562		3.572650	-13.517783	5.404060
35563		3.724699	-14.014716	5.225510
35564		3.845968	-14.680521	4.928325
35565		3.925177	-15.541275	4.681264
35566		3.995369	-16.676146	4.396404
35567		4.002752	-18.034757	4.108010
35568		3.976850	-19.735009	3.833272
35569		3.816332	-21.788311	3.601926
35570		3.580118	-24.398039	3.375666
35571		3.334650	-27.845646	3.062707
35572		3.162525	-31.981478	2.471824
35573		3.331155	-36.396253	1.499928
35574		4.333167	-40.781393	0.056243
35575		6.281148	-44.921240	-1.802006
35576		8.940265	-48.695336	-3.990184
35577		12.202032	-51.922130	-6.122382
35578		15.277962	-54.034531	-7.773899
35579		16.463719	-54.330146	-8.548276
35580		16.325554	-54.306470	-8.704711
35581		15.957859	-54.439110	-8.890463
35582		15.450767	-54.035501	-8.663675
35583		14.600950	-52.943690	-7.846341
35584		13.456435	-51.498595	-6.646745
35585		12.166608	-49.878604	-5.326784
35586		10.691246	-47.999263	-3.981982
35587		9.135571	-45.845655	-2.698661
35588		7.652362	-43.376832	-1.514207
35589		6.388583	-40.671736	-0.511366
35590		5.345544	-37.764437	0.280338
35591		4.461671	-34.734325	0.831252
35592		3.648944	-31.582386	1.168253
35593		2.914011	-28.409791	1.254102
35594		2.253259	-25.292209	1.090021
35595		1.634851	-22.305956	0.644740
35596		0.958152	-19.367359	-0.043310
35597		0.133226	-16.535042	-0.815677
35598		-0.831787	-13.877469	-1.502461
35599		-1.813515	-11.577542	-2.007395
35600		-2.736684	-9.685421	-2.271850
35601		-3.591468	-8.225051	-2.267425
35602		-4.483545	-7.025788	-2.025056
35603		-5.570236	-5.868777	-1.596690
35604		-6.960096	-4.544811	-1.037043
35605		-8.512788	-3.141610	-0.377697
35606		-9.938866	-1.793057	0.386408
35607		-11.004374	-0.685054	1.317317
35608		-11.437709	-0.006253	2.474131
35609		-11.121879	-0.017145	3.713838
35610		-10.152804	-0.841740	4.864307
35611		-8.665428	-2.337309	5.527063
35612		-6.785921	-4.508948	5.405040
35613		-5.621254	-7.019922	5.085429
35614		-4.101994	-7.496122	4.767273
35615		-2.869890	-8.237386	4.477284
35616		-1.573450	-8.778949	4.209432
35617		-0.639283	-8.895392	4.010354
35618		-0.108641	-9.220431	3.872866
35619		0.148742	-9.467990	3.802992
35620		0.243489	-9.743321	3.771174
35621		0.199329	-9.985464	3.772663
35622		0.088367	-10.183434	3.790939
35623		-0.053325	-10.359582	3.815009
35624		-0.161096	-10.495876	3.827531
35625		-0.230133	-10.605108	3.831352
35626		-0.238197	-10.682026	3.833254
35627		-0.216296	-10.706528	3.841941
35628		-0.145497	-10.730201	3.841382
35629		-0.073664	-10.732742	3.846733
35630		0.003238	-10.730153	3.850317
35631		0.062137	-10.738636	3.856538
35632		0.067139	-10.777422	3.865758
35633		0.033034	-10.845807	3.868556
35634		-0.013853	-10.931746	3.867696
35635		-0.054873	-11.010278	3.866359
35636		-0.073584	-11.093021	3.864145
35637		-0.059322	-11.163576	3.860632
35638		-0.005899	-11.240705	3.846541
35639		0.085836	-11.308987	3.821880
35640		0.220029	-11.390782	3.784700
35641		0.396145	-11.474753	3.730074
35642		0.619232	-11.571266	3.656516
35643		0.874637	-11.660272	3.567669
35644		1.149227	-11.763368	3.468589
35645		1.437656	-11.869995	3.356981
35646		1.732074	-12.006949	3.235723
35647		2.007802	-12.156884	3.117953
35648		2.293850	-12.350944	2.999541
35649		2.573566	-12.577990	2.878602
35650		2.845958	-12.853807	2.752937
35651		3.106489	-13.156938	2.625544
35652		3.361052	-13.536588	2.488668
35653		3.630833	-13.983824	2.313466
35654		3.861460	-14.517260	2.054041
35655		3.997319	-15.180222	1.759550
35656		4.145182	-16.097633	1.511414
35657		4.224720	-17.300185	1.249324
35658		4.195298	-18.818223	1.034184
35659		4.078863	-20.763711	0.801073
35660		3.986657	-23.182520	0.504173
35661		3.857680	-26.047156	0.160417
35662		3.689862	-29.436606	-0.259380
35663		3.592151	-33.319732	-0.859922
35664		4.157300	-37.527584	-1.839174
35665		5.884368	-41.922122	-3.385975
35666		8.366465	-45.952217	-5.356484
35667		11.473275	-49.543362	-7.558687
35668		15.099842	-52.616442	-9.533064
35669		17.794913	-54.412055	-10.838467
35670		18.090446	-54.640877	-10.962980
35671		17.203554	-54.782576	-10.625117
35672		16.288899	-55.032552	-10.214535
35673		15.322446	-54.708417	-9.376391
35674		14.090858	-53.723486	-8.069449
35675		12.678794	-52.419559	-6.614677
35676		11.121978	-50.885481	-5.187025
35677		9.477096	-49.082233	-3.861673
35678		7.869717	-46.970357	-2.656709
35679		6.457900	-44.615860	-1.611612
35680		5.255274	-42.039150	-0.736557
35681		4.239723	-39.290870	-0.060789
35682		3.312008	-36.337781	0.428899
35683		2.464059	-33.248964	0.728370
35684		1.702089	-30.031576	0.870028
35685		1.032551	-26.823121	0.831192
35686		0.418066	-23.657745	0.529280
35687		-0.163696	-20.556733	-0.083813
35688		-0.814995	-17.409042	-0.891469
35689		-1.569237	-14.306948	-1.736947
35690		-2.361970	-11.362864	-2.483842
35691		-3.107093	-8.754133	-3.030633
35692		-3.780567	-6.507725	-3.314890
35693		-4.463511	-4.606349	-3.330964
35694		-5.410401	-2.893370	-3.120510
35695		-6.774277	-1.325627	-2.738331
35696		-8.482040	0.163294	-2.219479
35697		-10.206293	1.511586	-1.532617
35698		-11.544019	2.637643	-0.625929
35699		-11.934958	3.221494	0.596896
35700		-11.296150	3.160954	1.960680
35701		-9.849880	1.944862	3.247233
35702		-7.995085	0.340888	4.087587
35703		-6.625295	-2.204511	4.098793
35704		-5.852186	-4.707459	4.149608
35705		-5.001524	-6.349311	4.022536
35706		-3.829850	-7.211385	3.730857
35707		-2.733217	-8.146020	3.546960
35708		-1.700942	-8.555273	3.327328
35709		-1.029706	-8.980494	3.156719
35710		-0.673822	-9.387130	3.065239
35711		-0.484728	-9.736975	3.018231
35712		-0.389987	-10.047908	2.990257
35713		-0.322942	-10.293836	2.957131
35714		-0.272259	-10.496242	2.923574
35715		-0.208792	-10.662634	2.883205
35716		-0.105907	-10.807437	2.836262
35717		0.011217	-10.920411	2.796487
35718		0.107897	-10.989131	2.775107
35719		0.211909	-11.049240	2.739541
35720		0.282355	-11.105076	2.726767
35721		0.357334	-11.144630	2.715083
35722		0.427973	-11.189540	2.705883
35723		0.481929	-11.238533	2.699459
35724		0.497681	-11.320992	2.698429
35725		0.504237	-11.418067	2.695552
35726		0.521825	-11.526225	2.687661
35727		0.558699	-11.629679	2.673107
35728		0.629883	-11.744110	2.648762
35729		0.726323	-11.857834	2.617615
35730		0.850072	-11.989603	2.588930
35731		1.002118	-12.127268	2.553500
35732		1.167590	-12.283989	2.506675
35733		1.337533	-12.437493	2.455227
35734		1.539849	-12.607869	2.391245
35735		1.772288	-12.769267	2.311444
35736		2.024807	-12.940165	2.219012
35737		2.268376	-13.087968	2.124971
35738		2.483042	-13.254057	2.029430
35739		2.681382	-13.416393	1.933701
35740		2.881821	-13.589695	1.834552
35741		3.091087	-13.758252	1.726401
35742		3.323205	-13.968818	1.589033
35743		3.532658	-14.198594	1.424608
35744		3.724760	-14.493438	1.224533
35745		3.917901	-14.870564	1.056831
35746		4.039610	-15.342385	0.911745
35747		4.086494	-15.905748	0.782587
35748		4.059669	-16.604046	0.660585
35749		3.959927	-17.470120	0.540909
35750		3.787636	-18.529906	0.449484
35751		3.550660	-19.814058	0.337457
35752		3.251370	-21.336851	0.246703
35753		2.941085	-23.142211	0.127188
35754		2.598801	-25.352833	0.031698
35755		2.191754	-28.114824	0.006425
35756		1.871893	-31.713085	-0.244922
35757		1.720276	-36.075778	-0.828759
35758		2.422476	-40.642950	-1.879895
35759		4.273175	-45.237537	-3.406532
35760		6.831560	-49.417469	-5.592570
35761		10.096406	-53.157887	-8.119662
35762		14.133029	-56.334566	-10.688373
35763		17.952812	-58.618121	-12.768203
35764		19.291025	-59.242794	-13.527734
35765		18.811255	-59.031032	-13.033098
35766		18.122859	-58.918143	-12.439448
35767		17.406537	-58.421768	-11.411875
35768		16.377328	-57.302750	-9.929732
35769		15.041657	-55.848507	-8.276554
35770		13.522825	-54.178572	-6.635856
35771		11.951807	-52.353680	-5.105374
35772		10.330011	-50.298703	-3.639640
35773		8.771436	-48.035820	-2.244679
35774		7.327917	-45.525348	-0.943455
35775		6.041094	-42.817866	0.213276
35776		4.880159	-39.889962	1.191961
35777		3.844464	-36.809106	1.971362
35778		2.916177	-33.578442	2.545037
35779		2.082561	-30.318252	2.899257
35780		1.297820	-27.072881	2.982953
35781		0.584056	-23.933386	2.705177
35782		-0.092400	-20.797151	2.087116
35783		-0.815437	-17.668564	1.287978
35784		-1.689490	-14.556898	0.469332
35785		-2.747266	-11.653317	-0.257844
35786		-3.930514	-9.036616	-0.749549
35787		-5.049906	-6.800198	-0.884337
35788		-6.012301	-4.888442	-0.655850
35789		-6.930199	-3.219326	-0.187938
35790		-7.931328	-1.634079	0.359832
35791		-9.025113	-0.165152	0.898646
35792		-10.090634	1.068366	1.419739
35793		-10.922355	1.939071	1.958997
35794		-11.338990	2.359277	2.586798
35795		-11.084937	2.198523	3.324009
35796		-9.986953	1.448001	4.210740
35797		-7.996154	-0.242729	5.139697
35798		-6.306234	-2.293327	5.649652
35799		-5.489259	-4.995624	5.913442
35800		-4.608635	-7.102980	5.797148
35801		-3.334601	-7.655849	5.483063
35802		-2.199331	-8.674914	5.183243
35803		-1.023357	-8.903185	4.939475
35804		-0.206104	-9.155257	4.748244
35805		0.197947	-9.442779	4.657365
35806		0.359940	-9.650343	4.635199
35807		0.379721	-9.857939	4.637308
35808		0.341994	-10.044370	4.646691
35809		0.278604	-10.185824	4.654905
35810		0.212971	-10.326679	4.661238
35811		0.179282	-10.455084	4.659647
35812		0.197551	-10.582687	4.643665
35813		0.220873	-10.644540	4.636124
35814		0.271829	-10.717332	4.622647
35815		0.323446	-10.767646	4.612144
35816		0.388222	-10.808604	4.600172
35817		0.448375	-10.831198	4.595266
35818		0.486584	-10.870621	4.597023
35819		0.489959	-10.918722	4.602443
35820		0.485799	-10.999240	4.603564
35821		0.481881	-11.081102	4.600759
35822		0.485958	-11.166030	4.596976
35823		0.503608	-11.241694	4.592805
35824		0.550292	-11.327852	4.570995
35825		0.616434	-11.416332	4.538493
35826		0.690905	-11.513819	4.500355
35827		0.780530	-11.596351	4.459236
35828		0.905233	-11.686950	4.408978
35829		1.064526	-11.777294	4.352225
35830		1.272814	-11.898163	4.278804
35831		1.517437	-12.033313	4.197462
35832		1.772333	-12.186020	4.111293
35833		1.994275	-12.335782	4.028980
35834		2.195914	-12.504448	3.947392
35835		2.378231	-12.692096	3.866871
35836		2.555812	-12.908967	3.782596
35837		2.729957	-13.136549	3.692501
35838		2.918273	-13.419745	3.585014
35839		3.131601	-13.755145	3.444954
35840		3.316625	-14.145212	3.242801
35841		3.428269	-14.596314	2.977208
35842		3.589816	-15.241329	2.780708
35843		3.647824	-16.042819	2.580335
35844		3.638862	-17.075588	2.398173
35845		3.544302	-18.329122	2.230748
35846		3.332529	-19.823791	2.119225
35847		3.073711	-21.734109	1.989444
35848		2.750933	-24.237106	1.845282
35849		2.496854	-27.195227	1.625131
35850		2.434746	-30.689518	1.214403
35851		2.654676	-34.472710	0.505167
35852		3.534289	-38.387046	-0.646537
35853		5.313711	-42.301051	-2.263852
35854		7.753718	-45.947735	-4.316659
35855		10.689005	-49.198113	-6.451197
35856		13.946377	-51.904772	-8.398273
35857		16.000154	-53.076382	-9.682548
35858		16.630013	-53.105384	-10.373691
35859		16.320206	-53.071560	-10.563538
35860		15.796400	-52.991929	-10.347634
35861		15.121567	-52.563442	-9.641903
35862		14.107157	-51.744632	-8.524173
35863		12.805253	-50.667526	-7.192468
35864		11.375049	-49.383826	-5.808050
35865		9.972367	-47.878434	-4.500364
35866		8.646376	-46.080211	-3.327024
35867		7.470379	-44.001004	-2.353526
35868		6.459547	-41.640531	-1.595438
35869		5.625689	-39.061081	-1.071646
35870		4.898106	-36.276858	-0.740136
35871		4.232406	-33.378836	-0.551628
35872		3.570821	-30.408197	-0.447003
35873		2.905852	-27.480326	-0.458848
35874		2.164197	-24.587838	-0.619804
35875		1.310295	-21.737817	-0.954801
35876		0.354046	-18.889525	-1.393664
35877		-0.613800	-16.198245	-1.813889
35878		-1.616500	-13.778634	-2.146791
35879		-2.775479	-11.719715	-2.361921
35880		-4.139128	-9.945310	-2.414724
35881		-5.461502	-8.365652	-2.315057
35882		-6.457127	-6.833404	-2.094699
35883		-7.160868	-5.400561	-1.796367
35884		-7.848259	-4.067764	-1.447711
35885		-8.713885	-2.830281	-1.052702
35886		-9.716386	-1.620111	-0.591825
35887		-10.443146	-0.616734	0.039249
35888		-10.442630	-0.228230	0.873036
35889		-9.576049	-0.595947	1.945452
35890		-8.038848	-2.043219	2.928119
35891		-6.371361	-4.186528	3.499369
35892		-5.523396	-7.345460	3.266135
35893		-4.013117	-8.354307	2.973395
35894		-2.653314	-8.491269	2.617689
35895		-1.137135	-9.264542	2.270114
35896		0.131261	-9.209836	1.980005
35897		0.991372	-9.503458	1.770939
35898		1.501557	-9.750397	1.648982
35899		1.763882	-9.978776	1.590792
35900		1.880495	-10.201250	1.559041
35901		1.910325	-10.352086	1.550481
35902		1.853274	-10.517967	1.556270
35903		1.779556	-10.646045	1.562554
35904		1.718051	-10.769982	1.565516
35905		1.662129	-10.838827	1.573558
35906		1.584737	-10.905212	1.595120
35907		1.503417	-10.977817	1.611934
35908		1.435353	-11.048692	1.622921
35909		1.392504	-11.098766	1.628848
35910		1.371851	-11.168068	1.630962
35911		1.341134	-11.247459	1.636571
35912		1.318268	-11.347274	1.632885
35913		1.297914	-11.454782	1.627668
35914		1.301523	-11.579206	1.613849
35915		1.338410	-11.702775	1.591875
35916		1.430693	-11.845689	1.564017
35917		1.539684	-11.994925	1.529468
35918		1.668376	-12.160344	1.483921
35919		1.795039	-12.318629	1.439113
35920		1.935468	-12.488550	1.391023
35921		2.101842	-12.659000	1.329917
35922		2.301126	-12.845744	1.256125
35923		2.513393	-13.032101	1.170924
35924		2.744233	-13.232561	1.072870
35925		2.965139	-13.414795	0.965321
35926		3.167146	-13.598981	0.845022
35927		3.350896	-13.779778	0.714919
35928		3.527169	-13.986474	0.572684
35929		3.734240	-14.232498	0.428375
35930		3.942749	-14.530600	0.281458
35931		4.131511	-14.881415	0.129176
35932		4.302185	-15.339391	-0.032468
35933		4.428039	-15.889623	-0.189599
35934		4.496855	-16.569238	-0.345500
35935		4.519664	-17.371530	-0.498785
35936		4.522107	-18.385850	-0.672206
35937		4.411359	-19.616575	-0.788993
35938		4.224008	-21.110029	-0.920379
35939		3.955444	-22.880005	-1.024402
35940		3.663169	-25.094408	-1.148904
35941		3.387934	-27.857142	-1.341728
35942		3.236742	-31.275223	-1.743746
35943		3.500936	-35.235541	-2.580315
35944		4.610567	-39.404908	-3.941294
35945		6.864922	-43.571047	-5.837112
35946		9.855563	-47.361269	-8.223285
35947		13.439742	-50.761622	-10.763679
35948		17.565673	-53.671305	-13.102003
35949		20.901673	-55.265369	-14.934449
35950		21.813449	-55.197045	-15.749558
35951		21.327203	-54.955171	-15.867859
35952		20.631263	-54.793962	-15.650099
35953		19.752233	-54.289209	-14.825875
35954		18.451288	-53.362114	-13.500535
35955		16.790809	-52.191909	-11.913997
35956		14.920252	-50.832098	-10.241057
35957		13.026484	-49.288117	-8.593683
35958		11.163108	-47.450856	-7.021368
35959		9.456628	-45.336788	-5.620100
35960		7.927279	-42.949060	-4.443123
35961		6.618371	-40.386340	-3.538128
35962		5.458092	-37.650723	-2.870474
35963		4.438128	-34.846750	-2.408159
35964		3.531846	-31.975793	-2.138893
35965		2.752721	-29.122950	-2.087061
35966		2.063913	-26.258556	-2.273012
35967		1.370017	-23.402184	-2.652227
35968		0.534991	-20.503013	-3.107427
35969		-0.443984	-17.673724	-3.511725
35970		-1.482394	-14.970905	-3.760030
35971		-2.475425	-12.499445	-3.745522
35972		-3.386387	-10.240823	-3.392743
35973		-4.194552	-8.222590	-2.710023
35974		-4.951644	-6.409253	-1.781609
35975		-5.703972	-4.857351	-0.727694
35976		-6.499341	-3.532264	0.339789
35977		-7.305172	-2.382023	1.337246
35978		-8.059732	-1.246097	2.234255
35979		-8.718605	-0.099565	3.032320
35980		-9.258678	0.966710	3.745147
35981		-9.445190	1.615273	4.459299
35982		-9.001979	1.471001	5.176143
35983		-7.858323	0.321798	5.972415
35984		-6.295500	-1.409332	6.485403
35985		-5.499424	-4.091508	6.680695
35986		-5.007966	-6.718317	6.738779
35987		-3.951606	-8.069573	6.510704
35988		-2.875191	-8.324203	6.201727
35989		-1.585320	-9.015320	5.890489
35990		-0.514197	-9.124357	5.630522
35991		0.255114	-9.432980	5.420630
35992		0.736503	-9.680017	5.303848
35993		1.034406	-9.841841	5.245239
35994		1.181640	-10.004358	5.222591
35995		1.250783	-10.095024	5.214102
35996		1.266305	-10.203488	5.213934
35997		1.264390	-10.299313	5.220979
35998		1.289652	-10.424523	5.214900
35999		1.335242	-10.518034	5.196279
36000		1.383483	-10.600123	5.185634
36001		1.415252	-10.650520	5.176132
36002		1.433444	-10.695244	5.177744
36003		1.451437	-10.717402	5.177478
36004		1.461579	-10.751613	5.183337
36005		1.434217	-10.788837	5.197322
36006		1.362506	-10.846589	5.222308
36007		1.267411	-10.918080	5.252643
36008		1.182360	-11.019934	5.274468
36009		1.123900	-11.116219	5.290708
36010		1.116382	-11.223269	5.288386
36011		1.128009	-11.321514	5.278313
36012		1.171302	-11.428548	5.259280
36013		1.223160	-11.520111	5.236742
36014		1.303293	-11.622294	5.197654
36015		1.417876	-11.725871	5.144877
36016		1.552101	-11.838821	5.086976
36017		1.710349	-11.957854	5.023515
36018		1.897761	-12.109614	4.953478
36019		2.092178	-12.281206	4.872619
36020		2.255485	-12.468279	4.792986
36021		2.380670	-12.650761	4.717012
36022		2.499940	-12.864999	4.636310
36023		2.620209	-13.098759	4.541923
36024		2.756607	-13.357593	4.436507
36025		2.935271	-13.643512	4.307683
36026		3.173010	-13.974786	4.146562
36027		3.459375	-14.370401	3.941982
36028		3.715606	-14.868435	3.611817
36029		3.971135	-15.543178	3.285080
36030		4.216314	-16.498735	2.980528
36031		4.313917	-17.699658	2.684770
36032		4.316872	-19.198172	2.418604
36033		4.221328	-21.015289	2.152253
36034		4.024462	-23.275166	1.941361
36035		3.718007	-26.081998	1.811886
36036		3.360373	-29.715461	1.587731
36037		3.144479	-34.343355	0.969842
36038		3.630379	-39.379188	-0.170857
36039		5.334498	-44.228799	-1.885166
36040		8.024255	-48.537685	-4.093517
36041		11.482221	-52.231958	-6.539083
36042		15.564033	-55.325388	-8.744779
36043		18.580589	-57.147831	-10.089714
36044		18.914670	-57.242228	-10.136806
36045		17.860264	-57.029944	-9.537974
36046		16.867965	-56.922508	-9.015554
36047		16.113902	-56.438325	-8.405253
36048		15.245785	-55.419626	-7.614452
36049		14.198070	-54.050579	-6.761219
36050		12.989144	-52.458540	-5.913839
36051		11.671878	-50.693654	-5.087979
36052		10.297418	-48.690010	-4.247801
36053		8.988258	-46.432430	-3.414494
36054		7.765489	-43.898368	-2.614004
36055		6.677917	-41.154461	-1.921577
36056		5.679577	-38.211638	-1.362494
36057		4.788290	-35.198933	-0.931104
36058		3.993682	-32.154001	-0.641699
36059		3.311277	-29.175158	-0.522116
36060		2.660922	-26.243140	-0.590158
36061		1.962734	-23.352948	-0.870598
36062		1.139422	-20.378674	-1.339850
36063		0.179977	-17.445576	-1.864850
36064		-0.980142	-14.730598	-2.308717
36065		-2.383333	-12.363797	-2.580222
36066		-3.970723	-10.236710	-2.589140
36067		-5.381082	-8.320669	-2.318717
36068		-6.348297	-6.539190	-1.844272
36069		-7.000961	-4.901061	-1.296991
36070		-7.696457	-3.413423	-0.776976
36071		-8.607332	-2.148291	-0.335953
36072		-9.620944	-1.115494	0.029850
36073		-10.529715	-0.343810	0.368311
36074		-11.093154	0.102978	0.821464
36075		-10.949194	0.053277	1.453917
36076		-9.724181	-0.690166	2.429637
36077		-7.739991	-2.103507	3.127305
36078		-6.264827	-4.512313	3.201007
36079		-5.300658	-7.319821	3.016883
36080		-3.809487	-7.982285	2.759740
36081		-2.460444	-8.855330	2.431792
36082		-0.993042	-9.146554	2.100261
36083		0.128928	-9.236173	1.821673
36084		0.808544	-9.512994	1.644028
36085		1.191191	-9.722219	1.548093
36086		1.377683	-9.974410	1.497903
36087		1.438978	-10.188179	1.473279
36088		1.435629	-10.344800	1.462017
36089		1.383619	-10.486486	1.463002
36090		1.344411	-10.612060	1.468133
36091		1.326066	-10.724856	1.462713
36092		1.295262	-10.806589	1.460764
36093		1.254972	-10.871784	1.473285
36094		1.202144	-10.921541	1.484060
36095		1.147802	-10.960050	1.499196
36096		1.116450	-10.996373	1.509354
36097		1.083258	-11.039573	1.520088
36098		1.041461	-11.098185	1.529050
36099		0.988304	-11.163589	1.541888
36100		0.945046	-11.250217	1.547734
36101		0.922500	-11.334431	1.547376
36102		0.946718	-11.424897	1.536813
36103		1.006558	-11.503823	1.512431
36104		1.082407	-11.594521	1.478657
36105		1.165979	-11.681976	1.440173
36106		1.262008	-11.787686	1.397919
36107		1.390398	-11.897784	1.350778
36108		1.574290	-12.028240	1.291874
36109		1.791277	-12.163500	1.219922
36110		2.037453	-12.326199	1.136717
36111		2.291100	-12.486792	1.045616
36112		2.532457	-12.666668	0.947090
36113		2.758471	-12.830742	0.849948
36114		2.955764	-13.015052	0.756369
36115		3.137399	-13.217919	0.658951
36116		3.325995	-13.446878	0.551861
36117		3.515139	-13.693949	0.432341
36118		3.689824	-13.975566	0.299562
36119		3.811048	-14.284919	0.122520
36120		3.869333	-14.656132	-0.109291
36121		3.964597	-15.172711	-0.276843
36122		3.994292	-15.797919	-0.433959
36123		3.981336	-16.523550	-0.586567
36124		3.915765	-17.447235	-0.742850
36125		3.755552	-18.589464	-0.858751
36126		3.531298	-19.990736	-0.986776
36127		3.206589	-21.617025	-1.068000
36128		2.828843	-23.583871	-1.125793
36129		2.446739	-26.080050	-1.205676
36130		2.147196	-29.360325	-1.353382
36131		2.030541	-33.260718	-1.794996
36132		2.327873	-37.573808	-2.708307
36133		3.870174	-41.951149	-4.268829
36134		6.442227	-45.990422	-6.363443
36135		9.606339	-49.585068	-8.809817
36136		13.335934	-52.619007	-11.188604
36137		17.131571	-54.801119	-13.059012
36138		18.724391	-55.368164	-13.886328
36139		18.500120	-55.283192	-13.698447
36140		17.821991	-55.409145	-13.403783
36141		17.030095	-55.230706	-12.650670
36142		15.921977	-54.351999	-11.299550
36143		14.547537	-53.080643	-9.632166
36144		12.969893	-51.560564	-7.904301
36145		11.281689	-49.794629	-6.271837
36146		9.546725	-47.670315	-4.763936
36147		7.963857	-45.236537	-3.433021
36148		6.608773	-42.532485	-2.311234
36149		5.508982	-39.648508	-1.430264
36150		4.561530	-36.576998	-0.773938
36151		3.709525	-33.387439	-0.341200
36152		2.928125	-30.096435	-0.111876
36153		2.228782	-26.875156	-0.070074
36154		1.514964	-23.816844	-0.218738
36155		0.710492	-20.947789	-0.561386
36156		-0.241174	-18.163265	-1.019897
36157		-1.380031	-15.541651	-1.450425
36158		-2.662228	-13.134302	-1.722404
36159		-3.948348	-11.065599	-1.771870
36160		-5.072650	-9.262641	-1.568925
36161		-5.911689	-7.576089	-1.149052
36162		-6.607028	-5.777456	-0.587652
36163		-7.417222	-3.815679	0.022187
36164		-8.501784	-1.822241	0.646023
36165		-9.686111	-0.050202	1.330872
36166		-10.543854	1.376365	2.158894
36167		-10.590611	2.257474	3.198477
36168		-9.896657	2.588598	4.304794
36169		-8.896427	2.154849	5.304021
36170		-7.740277	0.816318	5.952495
36171		-6.774749	-1.324197	5.991246
36172		-6.221803	-3.871709	5.819139
36173		-5.742831	-5.530978	5.779125
36174		-4.596185	-6.870911	5.547111
36175		-3.337134	-7.678607	5.362303
36176		-2.084469	-8.328757	5.138402
36177		-1.230938	-8.824651	4.955133
36178		-0.747781	-9.229156	4.861501
36179		-0.536149	-9.564766	4.819923
36180		-0.505135	-9.881526	4.815045
36181		-0.608171	-10.123638	4.835145
36182		-0.774215	-10.332593	4.867139
36183		-0.974020	-10.516308	4.900833
36184		-1.166232	-10.705545	4.926965
36185		-1.362645	-10.850066	4.948540
36186		-1.552871	-11.000912	4.970781
36187		-1.725765	-11.126162	4.986228
36188		-1.876771	-11.262145	4.991210
36189		-1.993446	-11.386773	4.986908
36190		-2.056565	-11.531486	4.972668
36191		-2.096837	-11.670272	4.955822
36192		-2.121236	-11.836297	4.937576
36193		-2.140438	-12.019635	4.921183
36194		-2.125551	-12.228847	4.898328
36195		-2.064631	-12.423132	4.869194
36196		-1.957726	-12.609452	4.826625
36197		-1.805108	-12.784234	4.770041
36198		-1.616795	-12.957383	4.708672
36199		-1.412031	-13.097605	4.645322
36200		-1.190883	-13.226765	4.575108
36201		-0.947274	-13.340709	4.496730
36202		-0.690484	-13.455453	4.415618
36203		-0.423864	-13.572420	4.336123
36204		-0.157587	-13.697683	4.250234
36205		0.083114	-13.802246	4.166531
36206		0.280274	-13.908613	4.091970
36207		0.440043	-14.016154	4.019792
36208		0.580093	-14.156589	3.946920
36209		0.709587	-14.309212	3.859924
36210		0.818184	-14.496899	3.748860
36211		0.901523	-14.720115	3.586577
36212		0.978971	-15.028886	3.366880
36213		1.082074	-15.447926	3.184273
36214		1.158031	-16.030032	3.026300
36215		1.167850	-16.711623	2.882950
36216		1.105152	-17.556218	2.764174
36217		0.958179	-18.612785	2.651718
36218		0.718735	-19.931418	2.567635
36219		0.408140	-21.518479	2.514066
36220		0.035998	-23.410767	2.470420
36221		-0.445538	-25.792130	2.452700
36222		-1.038956	-28.958236	2.494851
36223		-1.630389	-32.839150	2.486798
36224		-1.990025	-37.186949	2.278195
36225		-1.734208	-41.672538	1.718980
36226		-0.494097	-45.997230	0.668761
36227		1.510463	-50.133096	-1.130060
36228		3.937462	-53.722333	-3.434182
36229		6.948680	-56.766358	-6.079438
36230		9.549171	-58.894987	-8.361985
36231		11.073009	-59.227917	-9.437738
36232		11.539152	-58.929392	-9.459968
36233		11.655803	-58.639421	-9.216852
36234		11.449533	-57.889927	-8.543823
36235		10.858169	-56.724941	-7.498015
36236		9.938533	-55.282326	-6.180262
36237		8.905015	-53.669283	-4.772720
36238		7.790316	-51.837955	-3.355255
36239		6.640737	-49.781942	-2.004028
36240		5.493197	-47.445716	-0.747286
36241		4.421364	-44.857456	0.353925
36242		3.458903	-42.034232	1.279902
36243		2.622540	-39.072764	1.999990
36244		1.865473	-35.958756	2.542197
36245		1.190437	-32.769378	2.937910
36246		0.579610	-29.546678	3.174360
36247		0.036626	-26.424279	3.161829
36248		-0.532828	-23.376504	2.817299
36249		-1.213371	-20.376531	2.202024
36250		-2.069431	-17.339710	1.507447
36251		-3.058946	-14.381072	0.867497
36252		-4.180468	-11.552704	0.383314
36253		-5.358382	-8.953478	0.157245
36254		-6.441584	-6.587061	0.261308
36255		-7.328295	-4.537708	0.663181
36256		-8.128294	-2.809874	1.256318
36257		-8.960714	-1.393879	1.927783
36258		-9.864329	-0.182525	2.620683
36259		-10.701875	0.875707	3.364785
36260		-11.264722	1.705699	4.225323
36261		-11.222685	1.977654	5.284824
36262		-10.575677	1.641880	6.437886
36263		-9.365356	0.254428	7.589005
36264		-7.890538	-1.396498	8.372813
36265		-6.756783	-3.834005	8.425586
36266		-5.820924	-6.124830	8.327169
36267		-4.552656	-7.171055	8.071680
36268		-3.312497	-8.296964	7.785712
36269		-1.791546	-8.874850	7.451742
36270		-0.549353	-9.271971	7.148873
36271		0.274214	-9.779574	6.934400
36272		0.719474	-10.160453	6.848659
36273		0.905137	-10.416812	6.823864
36274		0.951185	-10.643822	6.828581
36275		0.919040	-10.797804	6.839483
36276		0.830774	-10.961273	6.861408
36277		0.726085	-11.078693	6.891901
36278		0.631963	-11.199663	6.913608
36279		0.482869	-11.289887	6.952136
36280		0.324630	-11.397079	6.981364
36281		0.142288	-11.488217	7.018777
36282		-0.019223	-11.564064	7.047756
36283		-0.152558	-11.632675	7.073190
36284		-0.263327	-11.719342	7.092081
36285		-0.366522	-11.812312	7.101892
36286		-0.482557	-11.940234	7.111874
36287		-0.593818	-12.068738	7.121370
36288		-0.702459	-12.207779	7.133569
36289		-0.784568	-12.333016	7.140540
36290		-0.833811	-12.461939	7.137601
36291		-0.844596	-12.586866	7.124018
36292		-0.818946	-12.719726	7.104810
36293		-0.770830	-12.850800	7.083549
36294		-0.699139	-12.987707	7.059355
36295		-0.580107	-13.124741	7.021631
36296		-0.430600	-13.263804	6.973241
36297		-0.232082	-13.408079	6.906386
36298		-0.000765	-13.553939	6.822610
36299		0.240400	-13.686092	6.731841
36300		0.459897	-13.815713	6.640881
36301		0.643913	-13.930928	6.557318
36302		0.807562	-14.052193	6.476182
36303		0.941394	-14.173407	6.393109
36304		1.035700	-14.339498	6.281602
36305		1.093405	-14.543090	6.125202
36306		1.138529	-14.824394	5.957010
36307		1.177735	-15.199707	5.834803
36308		1.145767	-15.690434	5.744969
36309		1.059860	-16.285088	5.665076
36310		0.925212	-17.019952	5.590173
36311		0.730193	-17.895875	5.525272
36312		0.498451	-19.006949	5.441718
36313		0.161383	-20.327941	5.394567
36314		-0.199017	-21.904741	5.357499
36315		-0.618828	-23.771530	5.326162
36316		-1.137850	-26.008794	5.345131
36317		-1.765940	-28.904966	5.424594
36318		-2.469271	-32.720031	5.535239
36319		-2.928681	-37.148492	5.447455
36320		-2.847935	-41.834984	5.065146
36321		-1.906034	-46.364184	4.295101
36322		-0.252969	-50.768693	2.813527
36323		2.037063	-54.707711	0.883098
36324		5.039874	-58.064594	-1.343281
36325		8.255074	-60.771367	-3.605642
36326		10.507622	-61.671759	-5.473422
36327		11.960414	-61.263321	-6.687190
36328		12.787521	-60.794000	-7.663121
36329		13.494940	-60.206070	-8.231771
36330		13.726618	-59.118771	-8.147127
36331		13.368792	-57.680538	-7.437137
36332		12.489706	-56.027743	-6.283597
36333		11.265664	-54.256773	-4.907054
36334		9.760319	-52.268855	-3.383192
36335		8.123040	-50.043237	-1.808699
36336		6.439782	-47.510582	-0.261653
36337		4.878093	-44.720530	1.158477
36338		3.505882	-41.694766	2.370594
36339		2.375973	-38.566318	3.295719
36340		1.475051	-35.351571	3.897083
36341		0.776192	-32.106534	4.117395
36342		0.141562	-28.828477	3.946033
36343		-0.535960	-25.619954	3.384273
36344		-1.339992	-22.469308	2.554408
36345		-2.269240	-19.374313	1.675753
36346		-3.260545	-16.326285	0.940796
36347		-4.193393	-13.425023	0.519061
36348		-4.919055	-10.668891	0.526411
36349		-5.296068	-8.115333	0.961223
36350		-5.386616	-5.800218	1.693859
36351		-5.408113	-3.838795	2.539621
36352		-5.597659	-2.253434	3.357582
36353		-6.055894	-1.025755	4.074542
36354		-6.769846	-0.041402	4.723478
36355		-7.612251	0.692494	5.398814
36356		-8.367116	1.115402	6.174595
36357		-8.643956	1.003101	7.090234
36358		-8.347367	0.266776	8.062254
36359		-7.402049	-1.370594	8.995955
36360		-6.397851	-3.306260	9.368872
36361		-5.801987	-5.927241	9.329671
36362		-4.669570	-7.876165	9.078402
36363		-3.228793	-8.151179	8.623846
36364		-1.512730	-9.171517	8.248747
36365		-0.190891	-9.425752	7.990257
36366		0.648290	-9.869161	7.787729
36367		1.023772	-10.133708	7.720752
36368		1.154776	-10.344181	7.707721
36369		1.118193	-10.551120	7.724149
36370		0.962872	-10.723909	7.768244
36371		0.726211	-10.881181	7.829133
36372		0.491974	-11.032688	7.890636
36373		0.310370	-11.152327	7.932773
36374		0.137885	-11.264633	7.971312
36375		-0.041896	-11.339695	8.017235
36376		-0.177391	-11.428288	8.042457
36377		-0.273291	-11.491819	8.057013
36378		-0.323378	-11.550362	8.055135
36379		-0.354523	-11.605514	8.050986
36380		-0.396613	-11.676765	8.048585
36381		-0.454799	-11.750164	8.047914
36382		-0.531051	-11.833854	8.050778
36383		-0.599963	-11.920398	8.055140
36384		-0.656293	-12.018146	8.057639
36385		-0.688422	-12.103434	8.057137
36386		-0.695158	-12.194847	8.049655
36387		-0.687926	-12.288024	8.035466
36388		-0.667671	-12.393621	8.019127
36389		-0.623897	-12.500029	7.995349
36390		-0.538022	-12.614657	7.961056
36391		-0.408577	-12.717254	7.913018
36392		-0.263139	-12.833658	7.855857
36393		-0.105523	-12.950433	7.794556
36394		0.066658	-13.080665	7.732582
36395		0.237087	-13.206879	7.677890
36396		0.401272	-13.344954	7.623767
36397		0.552241	-13.491905	7.569871
36398		0.710633	-13.666946	7.506349
36399		0.876603	-13.859349	7.431733
36400		1.063283	-14.090356	7.331659
36401		1.245974	-14.353552	7.193130
36402		1.348392	-14.673268	6.956320
36403		1.461835	-15.075903	6.701894
36404		1.598954	-15.624680	6.511901
36405		1.644265	-16.271419	6.332666
36406		1.627928	-17.083301	6.164913
36407		1.517302	-18.078402	6.024588
36408		1.315241	-19.299918	5.892531
36409		1.026501	-20.738506	5.804014
36410		0.688283	-22.451841	5.725825
36411		0.275267	-24.516431	5.676795
36412		-0.260913	-27.238740	5.671414
36413		-0.747992	-30.823166	5.615851
36414		-1.096319	-34.826657	5.422497
36415		-1.135151	-39.049340	4.919677
36416		-0.273359	-43.359009	3.949634
36417		1.383439	-47.461114	2.390035
36418		3.644201	-51.260996	0.406298
36419		6.574413	-54.566121	-1.844034
36420		9.846431	-57.232708	-4.111592
36421		11.973576	-58.378361	-5.782128
36422		12.985427	-58.218519	-6.604328
36423		13.237675	-58.053304	-7.070746
36424		13.341637	-57.793059	-7.202126
36425		13.094307	-56.971574	-6.760637
36426		12.405056	-55.719693	-5.775382
36427		11.413046	-54.264700	-4.474849
36428		10.266119	-52.608290	-3.043443
36429		9.045113	-50.690768	-1.650305
36430		7.790645	-48.459561	-0.352577
36431		6.596949	-45.959419	0.770072
36432		5.500646	-43.204570	1.700954
36433		4.554629	-40.283696	2.417884
36434		3.727095	-37.220741	2.956468
36435		3.023461	-34.094083	3.292675
36436		2.388699	-30.909538	3.425233
36437		1.753045	-27.810184	3.334282
36438		1.016408	-24.821924	3.014262
36439		0.158181	-21.913869	2.513060
36440		-0.851592	-19.007368	1.988126
36441		-1.992983	-16.182824	1.560132
36442		-3.216730	-13.497875	1.297526
36443		-4.351944	-11.059753	1.210925
36444		-5.282752	-8.845163	1.259730
36445		-6.086634	-6.895972	1.366486
36446		-6.998045	-5.192528	1.464968
36447		-8.108758	-3.742852	1.524463
36448		-9.238445	-2.508453	1.583094
36449		-9.972930	-1.663805	1.728804
36450		-10.064848	-1.197510	2.038690
36451		-9.527655	-1.084789	2.553425
36452		-8.287347	-1.811255	3.208660
36453		-6.716870	-3.125493	3.673738
36454		-5.996126	-5.554857	3.699024
36455		-5.346398	-7.943171	3.490969
36456		-3.963369	-7.968415	3.172191
36457		-2.745554	-8.953332	2.951015
36458		-1.348485	-9.530219	2.651730
36459		-0.267887	-9.706749	2.404187
36460		0.486913	-10.112233	2.207671
36461		1.002277	-10.378426	2.077724
36462		1.349463	-10.623653	1.992131
36463		1.569656	-10.817189	1.927691
36464		1.668266	-10.995702	1.890645
36465		1.654860	-11.158296	1.880843
36466		1.607631	-11.284611	1.878236
36467		1.564127	-11.383545	1.876591
36468		1.497563	-11.454993	1.891040
36469		1.374909	-11.523773	1.925716
36470		1.238925	-11.584247	1.956842
36471		1.118060	-11.625252	1.985900
36472		1.043234	-11.663055	2.008872
36473		0.988352	-11.706483	2.029324
36474		0.944954	-11.770875	2.041998
36475		0.909356	-11.848467	2.040183
36476		0.877562	-11.948428	2.035066
36477		0.843164	-12.049427	2.027974
36478		0.835284	-12.168389	2.009331
36479		0.853496	-12.278163	1.979536
36480		0.916093	-12.405978	1.931593
36481		1.037402	-12.538130	1.883676
36482		1.216973	-12.693167	1.833218
36483		1.434117	-12.846669	1.767446
36484		1.689498	-13.003068	1.684751
36485		1.968668	-13.151648	1.586211
36486		2.256868	-13.310173	1.479624
36487		2.543855	-13.465438	1.362661
36488		2.821093	-13.636429	1.235470
36489		3.090818	-13.814829	1.099337
36490		3.352991	-14.026798	0.958218
36491		3.589626	-14.266420	0.817486
36492		3.791788	-14.556712	0.651495
36493		3.952655	-14.902720	0.417588
36494		4.114123	-15.364814	0.190107
36495		4.267654	-15.987402	0.006239
36496		4.358406	-16.722002	-0.156372
36497		4.387423	-17.635890	-0.301875
36498		4.349431	-18.823938	-0.419541
36499		4.211569	-20.356042	-0.499334
36500		3.954237	-22.211912	-0.556677
36501		3.694028	-24.418346	-0.683059
36502		3.521562	-27.112802	-0.921183
36503		3.386232	-30.310435	-1.257776
36504		3.474385	-34.047229	-1.904765
36505		4.264514	-38.093913	-2.984793
36506		6.235213	-42.324734	-4.512433
36507		9.189670	-46.344138	-6.503291
36508		12.895599	-49.997913	-8.598108
36509		17.047083	-53.228481	-10.243186
36510		19.695863	-54.914064	-10.835480
36511		19.792033	-55.234591	-10.413782
36512		18.387752	-55.542499	-9.355714
36513		16.831449	-55.833013	-7.923984
36514		15.359374	-55.604120	-6.039259
36515		13.803976	-54.795024	-3.968846
36516		12.117312	-53.589847	-1.993040
36517		10.423627	-52.123070	-0.297270
36518		8.800322	-50.355677	1.138992
36519		7.410314	-48.297054	2.298582
36520		6.282483	-45.936483	3.227282
36521		5.391520	-43.358872	3.907181
36522		4.646533	-40.575666	4.358323
36523		3.967405	-37.649170	4.588260
36524		3.303715	-34.599258	4.610487
36525		2.671133	-31.581740	4.405530
36526		2.034260	-28.650519	3.933708
36527		1.378013	-25.822107	3.144085
36528		0.629261	-22.888627	2.106225
36529		-0.317724	-19.879576	0.961366
36530		-1.506877	-16.954663	-0.157637
36531		-2.870886	-14.308941	-1.110209
36532		-4.291787	-11.918582	-1.742364
36533		-5.595493	-9.824616	-1.950937
36534		-6.744595	-8.011372	-1.766502
36535		-7.733748	-6.470481	-1.305051
36536		-8.530807	-5.095442	-0.694606
36537		-9.156766	-3.906860	-0.040662
36538		-9.662432	-2.888790	0.611821
36539		-10.057641	-2.022686	1.265046
36540		-10.376150	-1.258266	1.919640
36541		-10.637218	-0.570426	2.567292
36542		-10.602591	-0.168461	3.259870
36543		-10.055105	-0.273431	3.949427
36544		-8.885908	-1.334496	4.581624
36545		-7.365325	-2.927131	4.856807
36546		-6.276847	-5.455342	4.477228
36547		-5.539759	-7.812056	4.281781
36548		-4.081545	-7.960707	3.986609
36549		-2.634395	-8.940343	3.700810
36550		-1.217114	-9.379553	3.386232
36551		-0.253592	-9.557230	3.174736
36552		0.332704	-9.874993	3.047096
36553		0.664198	-10.115070	2.979621
36554		0.836189	-10.354039	2.945904
36555		0.893379	-10.545844	2.936293
36556		0.871614	-10.699906	2.945698
36557		0.800201	-10.825167	2.962619
36558		0.726940	-10.937500	2.974904
36559		0.667481	-11.028929	2.983346
36560		0.647867	-11.087283	2.991391
36561		0.627061	-11.107985	3.003519
36562		0.628414	-11.136861	3.002932
36563		0.634533	-11.152579	3.000903
36564		0.652955	-11.165398	2.999970
36565		0.677216	-11.190327	2.991039
36566		0.678805	-11.242836	2.982548
36567		0.624245	-11.320989	2.984812
36568		0.556247	-11.420677	2.985952
36569		0.470250	-11.526658	2.993377
36570		0.396392	-11.640896	2.998658
36571		0.348824	-11.751349	3.000447
36572		0.328073	-11.880402	2.990261
36573		0.325909	-12.001594	2.977652
36574		0.357577	-12.134366	2.948886
36575		0.443296	-12.254353	2.901500
36576		0.589977	-12.374693	2.835034
36577		0.784743	-12.489394	2.751489
36578		1.039979	-12.631048	2.656109
36579		1.329900	-12.778366	2.551971
36580		1.627060	-12.933246	2.438175
36581		1.909501	-13.077239	2.327261
36582		2.189372	-13.233144	2.216438
36583		2.454423	-13.392160	2.104308
36584		2.721510	-13.580225	1.983373
36585		2.976352	-13.788091	1.856097
36586		3.219860	-14.056149	1.719801
36587		3.445128	-14.372668	1.566805
36588		3.622919	-14.745048	1.369941
36589		3.716343	-15.157142	1.079105
36590		3.880141	-15.722310	0.829591
36591		4.001786	-16.457749	0.606557
36592		4.091388	-17.388428	0.377581
36593		4.135461	-18.570973	0.144099
36594		4.094583	-20.001231	-0.074565
36595		3.994157	-21.726546	-0.287073
36596		3.860074	-23.829595	-0.499936
36597		3.646006	-26.397760	-0.665862
36598		3.447907	-29.612610	-0.962924
36599		3.211410	-33.563171	-1.470334
36600		3.413643	-38.208683	-2.521875
36601		4.702106	-43.184429	-4.308138
36602		6.898248	-47.787805	-6.661582
36603		10.158188	-51.822714	-9.588007
36604		14.525694	-55.236468	-12.753107
36605		19.031557	-57.864537	-15.668022
36606		21.235772	-58.859383	-17.537101
36607		20.998342	-58.593778	-17.878633
36608		19.867569	-58.368315	-17.703013
36609		18.892820	-58.326283	-17.132172
36610		17.863947	-57.917499	-15.953317
36611		16.464805	-57.040246	-14.222546
36612		14.689793	-55.796859	-12.202152
36613		12.748018	-54.341807	-10.162537
36614		10.751955	-52.643361	-8.194743
36615		8.903107	-50.725502	-6.405309
36616		7.286948	-48.524308	-4.809041
36617		5.938855	-46.053677	-3.432657
36618		4.807543	-43.294626	-2.285204
36619		3.846944	-40.347102	-1.368593
36620		2.995937	-37.269393	-0.655551
36621		2.251052	-34.165768	-0.157998
36622		1.561300	-31.055126	0.133417
36623		0.873982	-28.023844	0.182789
36624		0.173824	-24.996571	-0.033373
36625		-0.496490	-21.889040	-0.471865
36626		-1.154985	-18.633712	-0.992990
36627		-1.862132	-15.417030	-1.502988
36628		-2.700733	-12.351581	-1.926378
36629		-3.662179	-9.517945	-2.200427
36630		-4.648618	-6.888045	-2.262450
36631		-5.535692	-4.545107	-2.113286
36632		-6.359391	-2.508171	-1.778417
36633		-7.192116	-0.827041	-1.284751
36634		-8.087055	0.524623	-0.633667
36635		-9.007970	1.586910	0.197243
36636		-9.799874	2.473353	1.243493
36637		-10.042392	2.991634	2.535316
36638		-9.604542	2.917696	3.998144
36639		-8.497006	1.631956	5.533795
36640		-7.240648	-0.115083	6.635579
36641		-6.527216	-2.951368	7.047195
36642		-6.016654	-5.648294	7.111005
36643		-5.023045	-7.474071	6.883521
36644		-3.749355	-8.069022	6.562127
36645		-2.148207	-9.020633	6.245625
36646		-0.875002	-9.283315	5.951271
36647		-0.001172	-9.660840	5.713897
36648		0.610695	-9.991284	5.558589
36649		1.045017	-10.276018	5.438349
36650		1.316441	-10.566155	5.356080
36651		1.488174	-10.766419	5.300040
36652		1.584095	-10.921321	5.266680
36653		1.632966	-11.038848	5.250260
36654		1.666944	-11.157494	5.236727
36655		1.651108	-11.230242	5.233036
36656		1.622165	-11.324439	5.239402
36657		1.573941	-11.394698	5.240689
36658		1.539602	-11.467201	5.242701
36659		1.529891	-11.524385	5.237067
36660		1.537864	-11.581027	5.232377
36661		1.541069	-11.635736	5.225982
36662		1.506926	-11.715311	5.230131
36663		1.449235	-11.803391	5.236129
36664		1.401330	-11.912652	5.234054
36665		1.389920	-12.008701	5.224807
36666		1.424508	-12.116109	5.202760
36667		1.507229	-12.243988	5.175114
36668		1.623537	-12.398018	5.137356
36669		1.739404	-12.540052	5.098473
36670		1.867321	-12.689660	5.056529
36671		2.014358	-12.817279	5.009196
36672		2.203740	-12.963903	4.942554
36673		2.410704	-13.114379	4.861168
36674		2.627427	-13.285344	4.767295
36675		2.820288	-13.447457	4.673760
36676		2.978509	-13.603278	4.585137
36677		3.113368	-13.768918	4.495908
36678		3.228354	-13.948133	4.403407
36679		3.348460	-14.142621	4.290449
36680		3.463382	-14.358542	4.147530
36681		3.557237	-14.591990	3.965002
36682		3.644147	-14.883008	3.733282
36683		3.761563	-15.261855	3.528608
36684		3.838631	-15.770473	3.368750
36685		3.856139	-16.359560	3.232448
36686		3.827476	-17.088017	3.114980
36687		3.738142	-17.983833	2.993858
36688		3.566110	-19.106424	2.904959
36689		3.297650	-20.407728	2.845316
36690		2.923349	-21.962973	2.826282
36691		2.463914	-23.892141	2.834786
36692		1.908661	-26.389252	2.861411
36693		1.411671	-29.401930	2.768480
36694		1.079065	-32.887968	2.518343
36695		0.963837	-36.715604	1.994501
36696		1.578171	-40.824397	1.002001
36697		2.960344	-44.764098	-0.468423
36698		5.054507	-48.374497	-2.349932
36699		7.761312	-51.544205	-4.391619
36700		10.852137	-54.219624	-6.345569
36701		13.024031	-55.604913	-7.814932
36702		13.857036	-55.616021	-8.598543
36703		13.701313	-55.519377	-8.928770
36704		13.395895	-55.470743	-8.966016
36705		13.003854	-54.968441	-8.456917
36706		12.324407	-53.975008	-7.416463
36707		11.324484	-52.737952	-6.106091
36708		10.030257	-51.326834	-4.663134
36709		8.560442	-49.704433	-3.200805
36710		7.047072	-47.804756	-1.752727
36711		5.642218	-45.635709	-0.402203
36712		4.406313	-43.202214	0.798219
36713		3.375417	-40.585694	1.771940
36714		2.497951	-37.789171	2.507981
36715		1.748876	-34.893933	3.008551
36716		1.090834	-31.947893	3.308418
36717		0.537471	-29.084064	3.376689
36718		0.063185	-26.259196	3.193584
36719		-0.404534	-23.398632	2.758227
36720		-0.945560	-20.398865	2.127813
36721		-1.533956	-17.422302	1.421138
36722		-2.183226	-14.602331	0.748014
36723		-2.909856	-12.046870	0.181251
36724		-3.703618	-9.694829	-0.205208
36725		-4.434988	-7.557705	-0.370622
36726		-5.033997	-5.625096	-0.335236
36727		-5.599247	-3.975805	-0.163478
36728		-6.359743	-2.601589	0.089808
36729		-7.496667	-1.499285	0.397145
36730		-9.057295	-0.530955	0.784869
36731		-10.891802	0.433627	1.280762
36732		-12.621199	1.435980	1.894893
36733		-13.579614	2.173360	2.711612
36734		-13.338132	2.304099	3.650837
36735		-11.899360	1.566843	4.652703
36736		-9.809996	-0.071082	5.290740
36737		-7.722475	-2.161230	5.635521
36738		-6.544168	-4.816568	5.590271
36739		-5.601693	-6.915190	5.517738
36740		-4.125617	-7.699713	5.177601
36741		-2.791351	-8.751869	4.892433
36742		-1.435777	-9.137702	4.600326
36743		-0.459439	-9.484904	4.359469
36744		0.074278	-9.820315	4.231972
36745		0.308865	-10.069957	4.187072
36746		0.361441	-10.330716	4.176148
36747		0.337688	-10.540155	4.177162
36748		0.282451	-10.716406	4.187991
36749		0.208342	-10.844791	4.203634
36750		0.182005	-10.968855	4.204315
36751		0.197748	-11.077173	4.188724
36752		0.215553	-11.161413	4.184121
36753		0.245348	-11.221487	4.166571
36754		0.276873	-11.283109	4.159329
36755		0.313831	-11.318110	4.151976
36756		0.356137	-11.365807	4.144411
36757		0.385901	-11.413679	4.141616
36758		0.385679	-11.488129	4.143770
36759		0.354346	-11.581640	4.145898
36760		0.308174	-11.700916	4.149854
36761		0.278694	-11.808788	4.149905
36762		0.298094	-11.912292	4.137467
36763		0.371509	-12.008508	4.105317
36764		0.487112	-12.107994	4.059686
36765		0.641697	-12.202817	4.004592
36766		0.822208	-12.301847	3.947128
36767		1.037218	-12.396943	3.879003
36768		1.296460	-12.511663	3.805014
36769		1.588158	-12.635673	3.712613
36770		1.894551	-12.782331	3.607008
36771		2.186144	-12.906741	3.496353
36772		2.462700	-13.042448	3.381745
36773		2.704988	-13.172315	3.275769
36774		2.923147	-13.331062	3.171184
36775		3.123160	-13.515744	3.066196
36776		3.334217	-13.745240	2.945503
36777		3.542314	-14.008053	2.816775
36778		3.748323	-14.337357	2.671558
36779		3.919940	-14.712908	2.491849
36780		3.992634	-15.139577	2.226718
36781		4.068693	-15.667229	1.986524
36782		4.122695	-16.360860	1.821558
36783		4.111816	-17.229349	1.632670
36784		4.031999	-18.341850	1.473126
36785		3.879395	-19.664899	1.304677
36786		3.650893	-21.232044	1.171810
36787		3.372868	-23.136076	1.057586
36788		3.010475	-25.597556	0.976261
36789		2.694050	-28.802834	0.799718
36790		2.510104	-32.580888	0.407884
36791		2.626555	-36.615207	-0.373021
36792		3.558566	-40.795327	-1.659098
36793		5.589764	-44.929788	-3.532339
36794		8.325880	-48.754314	-5.932972
36795		11.701246	-52.119895	-8.588739
36796		15.616619	-54.957510	-11.228503
36797		18.217692	-56.318123	-13.101701
36798		18.817013	-56.307103	-13.913933
36799		18.190413	-56.335947	-14.093554
36800		17.292560	-56.432185	-13.841472
36801		16.128897	-56.012201	-12.916772
36802		14.457175	-55.009637	-11.387060
36803		12.457876	-53.695587	-9.552370
36804		10.332276	-52.167838	-7.652685
36805		8.242291	-50.408411	-5.855629
36806		6.283593	-48.351888	-4.222849
36807		4.578397	-46.033224	-2.814513
36808		3.141025	-43.475687	-1.636590
36809		1.969930	-40.741468	-0.701105
36810		0.999159	-37.805018	0.005237
36811		0.210934	-34.747307	0.466326
36812		-0.417816	-31.602027	0.661274
36813		-0.892207	-28.495197	0.557482
36814		-1.302105	-25.423356	0.142471
36815		-1.761540	-22.354498	-0.548520
36816		-2.352613	-19.155087	-1.379247
36817		-3.047597	-15.911794	-2.183201
36818		-3.758901	-12.736474	-2.807213
36819		-4.402068	-9.793203	-3.152379
36820		-4.960240	-7.080747	-3.159221
36821		-5.462198	-4.633955	-2.843376
36822		-6.045429	-2.368924	-2.302032
36823		-6.843673	-0.286498	-1.630283
36824		-7.871320	1.577883	-0.881110
36825		-8.883174	3.021007	0.010168
36826		-9.526111	3.921013	1.101325
36827		-9.674489	4.269157	2.381836
36828		-9.417353	4.176690	3.739526
36829		-8.632433	3.290549	5.139965
36830		-7.453742	1.801711	6.180272
36831		-6.768581	-0.791694	6.726138
36832		-6.195299	-3.629491	6.789305
36833		-5.669498	-5.831108	6.730686
36834		-4.565753	-7.342277	6.405748
36835		-3.286407	-8.187935	6.136274
36836		-1.814733	-8.783132	5.801951
36837		-0.715454	-9.263397	5.500187
36838		0.081618	-9.739837	5.278489
36839		0.608388	-10.109230	5.132894
36840		0.933830	-10.449393	5.044415
36841		1.137753	-10.727730	4.984163
36842		1.264534	-10.942296	4.937852
36843		1.330068	-11.110163	4.908962
36844		1.408988	-11.263146	4.879470
36845		1.447952	-11.385813	4.857877
36846		1.432511	-11.514263	4.849477
36847		1.394444	-11.630554	4.836506
36848		1.341413	-11.733940	4.837606
36849		1.315487	-11.803610	4.834366
36850		1.305229	-11.868060	4.839452
36851		1.296653	-11.916413	4.843734
36852		1.270398	-11.993118	4.844546
36853		1.213670	-12.079482	4.852077
36854		1.161853	-12.179720	4.858890
36855		1.139324	-12.262042	4.858718
36856		1.155924	-12.353165	4.846261
36857		1.209838	-12.450043	4.819215
36858		1.330271	-12.577330	4.783059
36859		1.472313	-12.694643	4.745057
36860		1.633817	-12.824978	4.700582
36861		1.807049	-12.948399	4.653041
36862		2.002848	-13.084781	4.598012
36863		2.224515	-13.217999	4.533563
36864		2.467605	-13.361153	4.462366
36865		2.709155	-13.493114	4.380020
36866		2.941506	-13.648783	4.286705
36867		3.142954	-13.806518	4.192611
36868		3.320301	-13.991533	4.098996
36869		3.482873	-14.177686	4.000070
36870		3.647972	-14.400817	3.876827
36871		3.794858	-14.653316	3.726147
36872		3.918140	-14.969480	3.528440
36873		4.024363	-15.345612	3.332591
36874		4.103164	-15.855185	3.180228
36875		4.100733	-16.477856	3.046208
36876		4.040931	-17.258810	2.923712
36877		3.922164	-18.247845	2.789581
36878		3.675485	-19.512597	2.723984
36879		3.319922	-21.114377	2.689518
36880		2.855027	-23.045481	2.703095
36881		2.320228	-25.280739	2.723074
36882		1.741481	-27.862725	2.740606
36883		1.269596	-30.849559	2.663554
36884		1.000913	-34.384232	2.404659
36885		1.144419	-38.391671	1.815226
36886		2.321715	-42.668534	0.719574
36887		4.487853	-46.859553	-1.017378
36888		7.265429	-50.740969	-3.332458
36889		10.786319	-54.069860	-5.805512
36890		14.768834	-56.911200	-8.156475
36891		17.323583	-58.351420	-9.715158
36892		18.043656	-58.452365	-10.554201
36893		17.352534	-58.412218	-10.712874
36894		16.563675	-58.396737	-10.561166
36895		15.927247	-57.961594	-9.961210
36896		15.081741	-56.991687	-8.922538
36897		13.939909	-55.665933	-7.677070
36898		12.579256	-54.107912	-6.403944
36899		11.084468	-52.318634	-5.183682
36900		9.561748	-50.247328	-4.013736
36901		8.124081	-47.908714	-2.936087
36902		6.789434	-45.316155	-1.972536
36903		5.596194	-42.557287	-1.182022
36904		4.505785	-39.630752	-0.556237
36905		3.511176	-36.590737	-0.086772
36906		2.605451	-33.453074	0.256271
36907		1.841915	-30.374692	0.437561
36908		1.206007	-27.388672	0.392849
36909		0.622588	-24.457636	0.028037
36910		-0.054768	-21.412962	-0.653832
36911		-0.927859	-18.289964	-1.518367
36912		-2.057225	-15.195935	-2.350720
36913		-3.321707	-12.356818	-3.018060
36914		-4.563193	-9.789985	-3.450140
36915		-5.635698	-7.521353	-3.599666
36916		-6.540903	-5.517928	-3.469363
36917		-7.413554	-3.712040	-3.118339
36918		-8.431716	-1.894119	-2.598800
36919		-9.645047	-0.126952	-1.937706
36920		-10.882968	1.425795	-1.143427
36921		-11.797754	2.553556	-0.142565
36922		-12.103652	3.196785	1.076012
36923		-11.735926	3.333871	2.462145
36924		-10.666487	2.592684	3.961905
36925		-9.060647	1.170348	5.159863
36926		-7.682353	-1.137279	5.681459
36927		-6.805770	-3.874813	5.654214
36928		-6.126403	-5.976233	5.555262
36929		-4.924449	-7.125844	5.267847
36930		-3.629342	-8.184108	5.039848
36931		-2.187464	-8.798970	4.738778
36932		-1.151743	-9.366554	4.486353
36933		-0.490460	-9.859061	4.329255
36934		-0.095133	-10.274548	4.232332
36935		0.109288	-10.642731	4.181232
36936		0.223462	-10.959792	4.145457
36937		0.283887	-11.201310	4.121348
36938		0.297592	-11.399437	4.105181
36939		0.318597	-11.586251	4.088220
36940		0.346516	-11.763042	4.062078
36941		0.338155	-11.889491	4.049155
36942		0.349221	-12.014906	4.020831
36943		0.360457	-12.099832	4.007041
36944		0.411188	-12.156390	3.986695
36945		0.461882	-12.185790	3.976309
36946		0.504568	-12.244716	3.958229
36947		0.509615	-12.338463	3.941827
36948		0.484769	-12.458795	3.930482
36949		0.451013	-12.573914	3.920422
36950		0.438372	-12.680607	3.907134
36951		0.450442	-12.769017	3.889301
36952		0.483883	-12.865680	3.859618
36953		0.538113	-12.973601	3.820547
36954		0.609929	-13.091252	3.778187
36955		0.699092	-13.193854	3.735928
36956		0.823974	-13.300597	3.690487
36957		0.986734	-13.400074	3.640820
36958		1.191061	-13.516570	3.572585
36959		1.422217	-13.625555	3.495136
36960		1.676040	-13.739348	3.403361
36961		1.915884	-13.841159	3.313175
36962		2.138354	-13.954920	3.225246
36963		2.332599	-14.078334	3.143161
36964		2.515507	-14.227925	3.060235
36965		2.698414	-14.389125	2.974489
36966		2.880550	-14.580131	2.880281
36967		3.054275	-14.800317	2.771689
36968		3.192446	-15.075275	2.626177
36969		3.262494	-15.392362	2.427624
36970		3.326101	-15.811874	2.216255
36971		3.388250	-16.374132	2.079873
36972		3.362361	-17.043816	1.958822
36973		3.329367	-17.909161	1.808867
36974		3.211983	-18.978726	1.688016
36975		3.033340	-20.266670	1.556489
36976		2.784004	-21.773260	1.440044
36977		2.461498	-23.528965	1.327254
36978		2.089913	-25.626311	1.240444
36979		1.592915	-28.211750	1.238737
36980		1.156628	-31.506925	1.182698
36981		0.843334	-35.548977	0.911780
36982		1.028359	-40.047139	0.214452
36983		2.361621	-44.680724	-1.081334
36984		4.605585	-48.985675	-3.045761
36985		7.529031	-52.873313	-5.554866
36986		11.240499	-56.158774	-8.338854
36987		15.345361	-58.855709	-11.063437
36988		17.730930	-60.066151	-12.700409
36989		18.202340	-59.879357	-13.001021
36990		17.761582	-59.603119	-12.779068
36991		17.344614	-59.372026	-12.366974
36992		16.738032	-58.642695	-11.531688
36993		15.748151	-57.456622	-10.303614
36994		14.394003	-55.936645	-8.829181
36995		12.857059	-54.186268	-7.312316
36996		11.165100	-52.152629	-5.799603
36997		9.423663	-49.864221	-4.337438
36998		7.730643	-47.268809	-2.962307
36999		6.215624	-44.443830	-1.729845
37000		4.903035	-41.420831	-0.677674
37001		3.787518	-38.300340	0.157939
37002		2.842885	-35.072245	0.763822
37003		2.049229	-31.830121	1.111221
37004		1.345435	-28.559359	1.162543
37005		0.688542	-25.309210	0.879415
37006		0.017335	-22.024710	0.276598
37007		-0.730296	-18.721547	-0.486624
37008		-1.633172	-15.423305	-1.200773
37009		-2.660689	-12.341141	-1.732154
37010		-3.739473	-9.543914	-1.989140
37011		-4.730288	-7.071167	-1.907802
37012		-5.547853	-4.838357	-1.504991
37013		-6.242067	-2.823785	-0.886642
37014		-6.990021	-0.977872	-0.152651
37015		-7.875068	0.653640	0.644284
37016		-8.742724	2.039960	1.485426
37017		-9.372838	3.107744	2.390597
37018		-9.578111	3.771780	3.394705
37019		-9.287371	3.832647	4.441377
37020		-8.676627	3.156725	5.450058
37021		-7.683320	1.461394	6.297811
37022		-6.880956	-0.561628	6.664582
37023		-5.845257	-2.721695	7.087612
37024		-4.786397	-3.675431	7.643579
37025		-3.976071	-5.627081	8.288250
37026		-2.907437	-7.438232	8.298911
37027		-1.875080	-7.853314	7.879826
37028		-1.323223	-8.841591	7.650139
37029		-0.733072	-9.577188	7.369463
37030		-0.525363	-9.947423	7.324237
37031		-0.472351	-10.278599	7.310866
37032		-0.593597	-10.633523	7.335410
37033		-0.791149	-10.901955	7.384129
37034		-0.976975	-11.118716	7.421451
37035		-1.135581	-11.314981	7.450840
37036		-1.266627	-11.497382	7.478284
37037		-1.357478	-11.632875	7.488983
37038		-1.350077	-11.785990	7.482209
37039		-1.293910	-11.904113	7.469511
37040		-1.177283	-12.025144	7.449771
37041		-1.003612	-12.129356	7.425002
37042		-0.815309	-12.238501	7.395089
37043		-0.634458	-12.360631	7.345944
37044		-0.460990	-12.516266	7.289772
37045		-0.262981	-12.686573	7.221778
37046		-0.036770	-12.868477	7.137373
37047		0.207229	-13.039692	7.039682
37048		0.504750	-13.238817	6.934195
37049		0.851231	-13.445186	6.823051
37050		1.175376	-13.653680	6.711254
37051		1.458535	-13.856841	6.609535
37052		1.705318	-14.058856	6.519936
37053		1.928880	-14.247348	6.433891
37054		2.123443	-14.440893	6.350433
37055		2.302846	-14.637921	6.260432
37056		2.489050	-14.836718	6.158713
37057		2.624895	-15.015178	6.055717
37058		2.726105	-15.200359	5.943733
37059		2.821136	-15.401164	5.859446
37060		2.904008	-15.640883	5.790820
37061		2.976773	-15.893847	5.727112
37062		3.049983	-16.183870	5.658070
37063		3.115996	-16.514537	5.573853
37064		3.169547	-16.925361	5.479794
37065		3.200915	-17.410690	5.375378
37066		3.204027	-18.000845	5.265152
37067		3.158362	-18.680009	5.164139
37068		3.045745	-19.482947	5.089128
37069		2.869877	-20.453742	5.009598
37070		2.621665	-21.641499	4.968359
37071		2.305693	-23.030804	4.918009
37072		1.926179	-24.623404	4.878609
37073		1.516389	-26.529301	4.837706
37074		1.129791	-28.796341	4.786417
37075		0.669013	-31.573898	4.817776
37076		0.277066	-35.162635	4.680781
37077		0.168543	-39.560815	4.250212
37078		0.927432	-44.292441	3.303576
37079		2.787435	-48.854192	1.778960
37080		5.312371	-53.031432	-0.569429
37081		8.394793	-56.663902	-3.429662
37082		12.346586	-59.698686	-6.728370
37083		16.405542	-62.080615	-10.037606
37084		18.387404	-62.950245	-11.781068
37085		18.179088	-62.481330	-11.468572
37086		17.125213	-61.891095	-10.418848
37087		15.890414	-61.305422	-8.860260
37088		14.330629	-60.419253	-6.900942
37089		12.397024	-59.218658	-4.752935
37090		10.201786	-57.689616	-2.585495
37091		7.999525	-55.940671	-0.616730
37092		5.857467	-53.908843	1.141885
37093		3.873823	-51.578693	2.675660
37094		2.114670	-48.897399	3.981326
37095		0.672752	-45.956891	5.040760
37096		-0.422399	-42.798564	5.839259
37097		-1.172339	-39.536336	6.359948
37098		-1.651156	-36.179743	6.624856
37099		-1.940591	-32.818553	6.601741
37100		-2.148219	-29.485582	6.268144
37101		-2.380258	-26.293871	5.558980
37102		-2.756247	-23.150730	4.503736
37103		-3.272920	-19.945572	3.267301
37104		-3.919391	-16.669196	2.097142
37105		-4.617041	-13.590743	1.194797
37106		-5.296941	-10.831800	0.684240
37107		-5.864197	-8.456781	0.635987
37108		-6.345714	-6.407259	1.023377
37109		-6.948047	-4.636907	1.715726
37110		-7.894808	-3.019013	2.581777
37111		-9.221804	-1.572726	3.529262
37112		-10.733763	-0.328912	4.540875
37113		-12.059692	0.685957	5.607219
37114		-12.701616	1.327340	6.753908
37115		-12.514760	1.397729	7.901138
37116		-11.475376	0.403376	9.037108
37117		-9.829618	-1.261499	9.719757
37118		-8.142405	-3.942051	9.744405
37119		-7.050461	-6.730288	9.536300
37120		-5.384727	-7.178828	9.150620
37121		-3.908536	-8.495373	8.800799
37122		-2.155638	-9.091431	8.403647
37123		-0.799443	-9.499266	8.091028
37124		-0.009190	-10.021327	7.898682
37125		0.313206	-10.369860	7.833243
37126		0.382566	-10.727647	7.828817
37127		0.297958	-11.038055	7.848367
37128		0.132467	-11.318728	7.883224
37129		-0.059938	-11.549751	7.927191
37130		-0.198529	-11.761151	7.953125
37131		-0.283231	-11.944644	7.962681
37132		-0.369744	-12.081251	7.970331
37133		-0.408484	-12.202721	7.960938
37134		-0.406934	-12.281159	7.957360
37135		-0.352291	-12.324450	7.936074
37136		-0.256730	-12.343608	7.912426
37137		-0.161865	-12.354233	7.888084
37138		-0.102990	-12.387066	7.871379
37139		-0.082348	-12.425793	7.865171
37140		-0.083072	-12.485982	7.863919
37141		-0.084199	-12.556607	7.857564
37142		-0.071463	-12.646442	7.847011
37143		-0.039277	-12.732466	7.829970
37144		0.036846	-12.834959	7.798479
37145		0.158458	-12.941102	7.762003
37146		0.321244	-13.070798	7.713831
37147		0.514066	-13.202964	7.654996
37148		0.746864	-13.343695	7.581736
37149		1.003728	-13.470929	7.496868
37150		1.261267	-13.605350	7.409689
37151		1.507635	-13.739935	7.318853
37152		1.727652	-13.881078	7.232223
37153		1.916749	-14.003133	7.154418
37154		2.083898	-14.127525	7.082881
37155		2.230251	-14.254922	7.013045
37156		2.401953	-14.424557	6.919110
37157		2.591467	-14.613927	6.796707
37158		2.784809	-14.836297	6.641285
37159		2.952948	-15.072052	6.451745
37160		3.103777	-15.366265	6.232167
37161		3.271057	-15.771600	6.053126
37162		3.374798	-16.272796	5.895724
37163		3.415618	-16.841157	5.761557
37164		3.380927	-17.527855	5.649159
37165		3.254151	-18.345645	5.556257
37166		3.063450	-19.374734	5.463788
37167		2.760133	-20.579478	5.391001
37168		2.386154	-21.983914	5.341899
37169		1.942227	-23.606464	5.296231
37170		1.421630	-25.556083	5.292370
37171		0.821988	-27.919485	5.332093
37172		0.255751	-30.899260	5.357046
37173		-0.249244	-34.601305	5.320134
37174		-0.652439	-38.913240	5.041378
37175		-0.275459	-43.560185	4.386299
37176		1.150652	-48.208288	3.237383
37177		3.187321	-52.603828	1.368727
37178		5.840593	-56.466495	-1.031711
37179		9.435235	-59.700257	-3.940317
37180		13.107327	-62.246715	-6.976214
37181		15.128071	-63.372581	-9.031579
37182		15.521456	-62.923659	-9.776168
37183		15.152116	-62.202257	-9.955816
37184		14.733553	-61.445962	-9.778542
37185		14.196478	-60.394445	-9.209100
37186		13.236519	-58.985626	-8.263234
37187		11.845033	-57.245561	-7.077403
37188		10.138704	-55.227372	-5.768059
37189		8.269981	-52.950088	-4.431785
37190		6.330731	-50.396640	-3.066765
37191		4.466280	-47.591076	-1.741877
37192		2.725175	-44.528266	-0.471102
37193		1.195621	-41.286627	0.662077
37194		-0.152797	-37.859190	1.630000
37195		-1.329816	-34.324821	2.408141
37196		-2.363974	-30.662125	2.944917
37197		-3.255361	-26.964492	3.161556
37198		-4.036490	-23.289362	3.012930
37199		-4.726544	-19.817016	2.549649
37200		-5.399444	-16.514303	1.977277
37201		-6.165137	-13.352686	1.447154
37202		-7.079348	-10.259882	1.048602
37203		-7.986336	-7.314073	0.847938
37204		-8.649615	-4.578239	0.897024
37205		-9.022953	-2.180051	1.171957
37206		-9.381894	-0.136336	1.546952
37207		-10.017138	1.495036	1.934597
37208		-10.918661	2.720172	2.364772
37209		-11.754053	3.496166	2.966431
37210		-12.025636	3.712464	3.871651
37211		-11.616210	3.408906	5.028608
37212		-10.551831	2.057976	6.320729
37213		-8.981891	0.451860	7.233061
37214		-7.683275	-2.007530	7.396141
37215		-6.944800	-4.635101	7.630217
37216		-5.535510	-6.496211	7.305396
37217		-4.069770	-7.536783	6.938335
37218		-2.477915	-8.416113	6.636627
37219		-1.115853	-9.083611	6.312201
37220		-0.350319	-9.657176	6.111682
37221		-0.006266	-10.063114	6.023558
37222		0.029819	-10.437071	6.008537
37223		-0.072465	-10.770689	6.027285
37224		-0.221246	-11.047162	6.056571
37225		-0.376149	-11.287434	6.082320
37226		-0.467870	-11.512276	6.086665
37227		-0.565874	-11.700742	6.096430
37228		-0.650876	-11.871712	6.097681
37229		-0.688675	-11.993369	6.095328
37230		-0.685354	-12.087718	6.083153
37231		-0.657349	-12.165276	6.067445
37232		-0.613235	-12.242558	6.041805
37233		-0.576583	-12.324048	6.008095
37234		-0.537850	-12.398913	5.973742
37235		-0.501612	-12.460840	5.943897
37236		-0.459547	-12.533987	5.918576
37237		-0.391481	-12.599043	5.895155
37238		-0.286370	-12.678965	5.858756
37239		-0.140794	-12.759183	5.810922
37240		0.048884	-12.851776	5.752422
37241		0.271788	-12.935497	5.688010
37242		0.522196	-13.025141	5.616298
37243		0.780029	-13.100433	5.546817
37244		1.055032	-13.178518	5.472052
37245		1.336166	-13.241514	5.396659
37246		1.633466	-13.302256	5.309807
37247		1.933426	-13.350448	5.211136
37248		2.215571	-13.412762	5.111009
37249		2.476375	-13.488282	5.010557
37250		2.705668	-13.580252	4.922459
37251		2.914742	-13.702439	4.835794
37252		3.114999	-13.874456	4.742296
37253		3.315606	-14.095403	4.635626
37254		3.533444	-14.388844	4.506748
37255		3.746656	-14.721093	4.367322
37256		3.947713	-15.128797	4.199093
37257		4.055869	-15.583523	3.961474
37258		4.079618	-16.160930	3.640009
37259		4.158287	-17.001380	3.430023
37260		4.074023	-18.022942	3.237999
37261		3.912924	-19.240036	3.061082
37262		3.662968	-20.717461	2.901026
37263		3.349772	-22.476373	2.768495
37264		2.987780	-24.587645	2.665910
37265		2.593113	-27.223823	2.582675
37266		2.262036	-30.571609	2.409928
37267		1.985816	-34.487884	2.008474
37268		2.185901	-38.730754	1.178107
37269		3.432347	-43.133280	-0.272550
37270		5.700614	-47.309046	-2.328416
37271		8.885392	-51.107253	-4.999039
37272		13.244146	-54.343684	-8.093182
37273		18.278190	-57.042532	-11.227650
37274		21.386529	-58.256053	-13.352068
37275		22.110202	-58.088148	-14.174860
37276		21.578811	-57.736717	-14.398649
37277		21.025818	-57.451665	-14.302954
37278		20.400051	-56.878811	-13.652788
37279		19.472597	-55.972783	-12.601990
37280		18.065163	-54.727209	-11.247542
37281		16.313689	-53.246421	-9.831281
37282		14.316770	-51.505346	-8.368368
37283		12.260272	-49.495321	-6.918348
37284		10.225383	-47.154157	-5.462757
37285		8.308769	-44.537922	-4.052982
37286		6.576477	-41.696231	-2.726722
37287		5.080487	-38.742713	-1.550500
37288		3.793123	-35.681305	-0.548686
37289		2.688612	-32.575819	0.223745
37290		1.669002	-29.453535	0.763095
37291		0.691077	-26.423286	1.026014
37292		-0.288829	-23.448605	0.962766
37293		-1.327197	-20.474746	0.613918
37294		-2.578767	-17.430629	0.155962
37295		-4.073551	-14.465045	-0.252380
37296		-5.757385	-11.656844	-0.508632
37297		-7.406596	-9.045218	-0.564419
37298		-8.735531	-6.555904	-0.417588
37299		-9.702153	-4.247711	-0.123121
37300		-10.563617	-2.145318	0.237989
37301		-11.513201	-0.317771	0.626935
37302		-12.420688	1.236602	1.075188
37303		-12.872409	2.369303	1.673632
37304		-12.615545	2.997371	2.474556
37305		-11.739749	3.050391	3.437800
37306		-10.353443	1.809465	4.477764
37307		-8.700830	0.117234	5.253461
37308		-7.605561	-2.329112	5.445850
37309		-6.925961	-4.818717	5.571447
37310		-5.843904	-6.626863	5.390134
37311		-4.362811	-7.750236	5.058202
37312		-2.867384	-8.775371	4.799380
37313		-1.390439	-9.343844	4.480609
37314		-0.404742	-9.939758	4.247173
37315		0.189807	-10.399131	4.111652
37316		0.525923	-10.806214	4.030812
37317		0.703365	-11.144487	3.977902
37318		0.767293	-11.423646	3.959022
37319		0.704249	-11.652144	3.965126
37320		0.602302	-11.885933	3.981958
37321		0.486383	-12.097866	4.001233
37322		0.304869	-12.266520	4.032568
37323		0.107423	-12.438095	4.063278
37324		-0.093542	-12.580726	4.097943
37325		-0.247032	-12.677537	4.124378
37326		-0.332349	-12.753772	4.141590
37327		-0.390588	-12.822654	4.156001
37328		-0.449641	-12.919891	4.156383
37329		-0.524342	-13.026288	4.154818
37330		-0.601978	-13.131459	4.159773
37331		-0.670871	-13.216042	4.166550
37332		-0.709858	-13.290579	4.168522
37333		-0.718267	-13.348713	4.166099
37334		-0.694211	-13.410781	4.153863
37335		-0.645998	-13.465855	4.133672
37336		-0.582390	-13.525369	4.115575
37337		-0.496519	-13.576897	4.088737
37338		-0.376684	-13.642820	4.048995
37339		-0.223968	-13.708206	3.992342
37340		-0.020297	-13.796364	3.911075
37341		0.212582	-13.869619	3.819425
37342		0.487244	-13.949180	3.711620
37343		0.778238	-14.020674	3.599220
37344		1.074673	-14.117278	3.483610
37345		1.352608	-14.224009	3.370915
37346		1.606317	-14.360840	3.263344
37347		1.826909	-14.495225	3.164124
37348		2.053128	-14.675087	3.054770
37349		2.280202	-14.894941	2.937565
37350		2.495398	-15.171789	2.804223
37351		2.644792	-15.478555	2.627287
37352		2.718537	-15.854806	2.369969
37353		2.795709	-16.338706	2.123759
37354		2.879421	-17.032489	1.935448
37355		2.871602	-17.860733	1.754084
37356		2.800145	-18.890094	1.608509
37357		2.633571	-20.123869	1.459828
37358		2.366154	-21.584845	1.360343
37359		2.038309	-23.324597	1.271468
37360		1.648785	-25.414902	1.213737
37361		1.154044	-27.964022	1.222596
37362		0.712265	-31.123764	1.197151
37363		0.340666	-35.034595	1.022799
37364		0.293761	-39.503280	0.449220
37365		1.213955	-44.220298	-0.746818
37366		3.148242	-48.658740	-2.625087
37367		5.988921	-52.827744	-5.214932
37368		9.817698	-56.477938	-8.330989
37369		14.566542	-59.533383	-11.850252
37370		18.692400	-61.483744	-15.052254
37371		20.362780	-61.450655	-16.740254
37372		20.276857	-60.531040	-16.934192
37373		20.018379	-59.740082	-16.794988
37374		19.868521	-59.024443	-16.205937
37375		19.334146	-58.160789	-15.179577
37376		18.069289	-57.028226	-13.668820
37377		16.251135	-55.649016	-11.838113
37378		14.154421	-54.078795	-9.835578
37379		11.979802	-52.289896	-7.773812
37380		9.823019	-50.185569	-5.677881
37381		7.789094	-47.727668	-3.640861
37382		5.959812	-44.922683	-1.729636
37383		4.442723	-41.917605	-0.067118
37384		3.218704	-38.785475	1.304902
37385		2.298318	-35.630220	2.353455
37386		1.601557	-32.432082	3.081209
37387		1.046240	-29.259696	3.440421
37388		0.492555	-26.082789	3.400170
37389		-0.163393	-22.906731	2.938064
37390		-0.985363	-19.640519	2.194595
37391		-1.986061	-16.373597	1.368145
37392		-3.173924	-13.209192	0.637854
37393		-4.425489	-10.253681	0.118527
37394		-5.556374	-7.460492	-0.130832
37395		-6.461265	-4.888578	-0.156236
37396		-7.326972	-2.565548	-0.041078
37397		-8.321946	-0.582476	0.156414
37398		-9.384124	1.042738	0.457960
37399		-10.251312	2.315562	0.916959
37400		-10.622505	3.248092	1.665018
37401		-10.347962	3.742641	2.740280
37402		-9.580691	3.692226	4.032878
37403		-8.453403	2.405381	5.364631
37404		-7.419637	0.803115	6.302687
37405		-6.829500	-1.755443	6.706592
37406		-6.316771	-4.153548	6.781711
37407		-5.692092	-5.871236	6.636413
37408		-4.485335	-7.327985	6.316253
37409		-3.102078	-8.077788	6.080766
37410		-1.660889	-8.788813	5.776576
37411		-0.606931	-9.315316	5.518307
37412		0.076737	-9.740296	5.363798
37413		0.441812	-10.063396	5.285486
37414		0.590119	-10.364851	5.254532
37415		0.636129	-10.621611	5.239143
37416		0.625897	-10.837954	5.232366
37417		0.583407	-11.022577	5.227964
37418		0.510071	-11.208298	5.234432
37419		0.448518	-11.371836	5.240366
37420		0.417479	-11.511668	5.231540
37421		0.394198	-11.622421	5.227071
37422		0.394983	-11.708742	5.215645
37423		0.428995	-11.773995	5.206705
37424		0.493849	-11.831218	5.188173
37425		0.563133	-11.897458	5.165423
37426		0.600177	-11.992056	5.145702
37427		0.615199	-12.092546	5.129555
37428		0.641739	-12.200328	5.112437
37429		0.687867	-12.304399	5.087346
37430		0.779656	-12.420572	5.045572
37431		0.903056	-12.540539	4.990069
37432		1.050669	-12.674780	4.919325
37433		1.220289	-12.808554	4.838688
37434		1.417769	-12.958056	4.746250
37435		1.645866	-13.109362	4.638339
37436		1.911374	-13.283827	4.522317
37437		2.228014	-13.474448	4.403947
37438		2.572035	-13.674917	4.276221
37439		2.900066	-13.862789	4.150180
37440		3.192909	-14.050373	4.036316
37441		3.461568	-14.228377	3.924582
37442		3.703793	-14.416621	3.816865
37443		3.933773	-14.617687	3.710213
37444		4.158404	-14.859941	3.589050
37445		4.357800	-15.130982	3.438860
37446		4.535418	-15.454588	3.244929
37447		4.652758	-15.804059	3.013411
37448		4.789063	-16.300905	2.836355
37449		4.847660	-16.909992	2.680596
37450		4.854111	-17.649214	2.525170
37451		4.804322	-18.542592	2.366192
37452		4.699105	-19.649616	2.199930
37453		4.486311	-21.026474	2.077736
37454		4.178882	-22.696928	1.984654
37455		3.814157	-24.705948	1.918881
37456		3.445123	-27.128114	1.858712
37457		3.102001	-30.046682	1.726537
37458		2.938079	-33.483346	1.352772
37459		3.129295	-37.360963	0.611249
37460		4.194641	-41.472893	-0.646370
37461		6.375875	-45.587235	-2.432103
37462		9.310869	-49.432453	-4.740955
37463		13.069318	-52.888185	-7.238279
37464		17.445114	-55.851607	-9.586416
37465		20.249936	-57.381173	-11.032911
37466		20.688196	-57.547239	-11.138678
37467		19.724789	-57.688208	-10.671125
37468		18.596899	-57.883015	-10.007656
37469		17.427295	-57.595455	-8.931057
37470		16.123318	-56.747933	-7.513852
37471		14.718841	-55.547882	-6.040613
37472		13.236914	-54.071633	-4.698989
37473		11.750349	-52.310936	-3.589942
37474		10.319140	-50.193250	-2.718649
37475		9.033524	-47.764069	-2.085168
37476		7.923158	-45.044630	-1.670682
37477		7.012316	-42.142039	-1.465846
37478		6.189823	-39.064483	-1.422951
37479		5.388171	-35.888705	-1.503062
37480		4.538572	-32.635863	-1.648289
37481		3.660955	-29.457996	-1.872675
37482		2.757861	-26.413961	-2.210571
37483		1.798846	-23.496274	-2.698268
37484		0.699593	-20.551173	-3.232333
37485		-0.603733	-17.642161	-3.664993
37486		-2.107581	-14.836661	-3.917096
37487		-3.743375	-12.241316	-3.953448
37488		-5.427122	-9.778572	-3.713306
37489		-6.961107	-7.436401	-3.195631
37490		-8.201207	-5.195651	-2.467368
37491		-9.200848	-3.133004	-1.644285
37492		-10.203990	-1.278488	-0.807105
37493		-11.279152	0.311364	0.032897
37494		-12.280293	1.661587	0.890653
37495		-12.943605	2.732238	1.807239
37496		-13.011390	3.387185	2.779562
37497		-12.440029	3.455395	3.774825
37498		-11.280218	2.469225	4.745830
37499		-9.713510	0.789782	5.399231
37500		-8.189964	-1.563826	5.573581
37501		-7.286254	-4.089811	5.565562
37502		-6.577851	-6.026036	5.565735
37503		-5.182066	-7.348664	5.201438
37504		-3.827381	-8.343778	4.913110
37505		-2.304988	-8.998351	4.576828
37506		-1.153051	-9.536086	4.285683
37507		-0.452608	-9.979519	4.112625
37508		-0.099938	-10.360421	4.030893
37509		0.052078	-10.695416	3.999512
37510		0.096119	-10.992027	3.989407
37511		0.071893	-11.202040	3.996275
37512		0.013433	-11.386452	4.007076
37513		-0.042905	-11.547056	4.016829
37514		-0.079068	-11.709538	4.016507
37515		-0.155739	-11.808105	4.030936
37516		-0.173774	-11.916409	4.017484
37517		-0.186329	-11.990019	4.013600
37518		-0.170934	-12.040507	4.008243
37519		-0.137522	-12.098903	3.995846
37520		-0.105303	-12.168319	3.988214
37521		-0.089268	-12.248705	3.979632
37522		-0.083974	-12.344131	3.971377
37523		-0.080718	-12.428019	3.965493
37524		-0.071388	-12.510199	3.962997
37525		-0.032572	-12.576938	3.953896
37526		0.033308	-12.648154	3.934889
37527		0.123016	-12.723133	3.901596
37528		0.236953	-12.812727	3.857830
37529		0.374293	-12.895491	3.803145
37530		0.537521	-12.989997	3.739479
37531		0.735366	-13.073498	3.665917
37532		0.955798	-13.161930	3.581109
37533		1.202744	-13.249613	3.476502
37534		1.472965	-13.343634	3.365038
37535		1.738302	-13.424775	3.250938
37536		1.998114	-13.523291	3.147945
37537		2.245964	-13.632171	3.050859
37538		2.466434	-13.766733	2.962364
37539		2.653411	-13.913283	2.882083
37540		2.827690	-14.100705	2.796623
37541		3.013430	-14.343312	2.696939
37542		3.204451	-14.658361	2.579960
37543		3.382352	-15.017289	2.444644
37544		3.537448	-15.429888	2.258572
37545		3.631094	-15.894187	1.989895
37546		3.714646	-16.507215	1.753174
37547		3.788981	-17.345296	1.520378
37548		3.760608	-18.338584	1.320555
37549		3.677986	-19.506300	1.129845
37550		3.515220	-20.863485	0.953254
37551		3.297124	-22.469526	0.805098
37552		2.947820	-24.368281	0.708887
37553		2.501611	-26.673425	0.670825
37554		2.088748	-29.503901	0.648911
37555		1.647449	-32.833601	0.611630
37556		1.330230	-36.706967	0.340840
37557		1.795876	-41.156597	-0.450618
37558		3.510588	-45.718682	-1.868874
37559		6.186390	-49.901800	-3.983148
37560		9.591829	-53.696203	-6.572711
37561		13.746229	-56.889627	-9.414166
37562		18.153254	-59.518438	-12.146474
37563		20.519596	-60.671292	-13.738436
37564		20.655953	-60.461807	-13.796576
37565		19.945480	-60.062731	-13.457509
37566		19.372875	-59.701391	-13.050572
37567		18.780118	-59.007518	-12.372951
37568		17.862299	-57.928003	-11.412602
37569		16.600042	-56.558841	-10.257230
37570		15.081291	-54.978070	-8.991957
37571		13.461389	-53.225571	-7.698534
37572		11.815156	-51.260471	-6.383488
37573		10.220496	-49.069740	-5.089200
37574		8.663160	-46.602055	-3.834631
37575		7.204738	-43.895881	-2.703355
37576		5.822284	-40.949443	-1.722995
37577		4.567793	-37.867838	-0.926230
37578		3.448012	-34.653330	-0.306675
37579		2.478699	-31.390594	0.148771
37580		1.605938	-28.114385	0.443869
37581		0.781822	-24.944160	0.498311
37582		-0.091454	-21.816079	0.248972
37583		-1.058087	-18.673161	-0.198362
37584		-2.185729	-15.525146	-0.658512
37585		-3.391570	-12.640024	-1.035377
37586		-4.579714	-10.145169	-1.239649
37587		-5.624676	-8.014559	-1.183237
37588		-6.456922	-6.113195	-0.853173
37589		-7.123501	-4.458296	-0.326920
37590		-7.850553	-2.970973	0.306816
37591		-8.923011	-1.550341	1.003409
37592		-10.352200	-0.103783	1.810364
37593		-11.533962	1.016305	2.844300
37594		-11.811556	1.575892	4.139858
37595		-10.629678	0.867426	5.751214
37596		-8.757879	-0.345135	6.908234
37597		-7.570522	-2.677868	7.324961
37598		-6.821467	-5.311958	7.233364
37599		-5.622849	-6.997207	6.960053
37600		-4.226322	-7.652732	6.550397
37601		-2.663193	-8.751253	6.272487
37602		-1.334185	-9.164285	5.977996
37603		-0.582000	-9.621215	5.793228
37604		-0.225365	-9.924887	5.710491
37605		-0.147663	-10.215620	5.688752
37606		-0.209747	-10.521608	5.694486
37607		-0.323810	-10.774567	5.718732
37608		-0.450712	-11.000551	5.737843
37609		-0.543725	-11.192590	5.751717
37610		-0.565408	-11.385621	5.741332
37611		-0.578218	-11.516787	5.731787
37612		-0.532649	-11.671149	5.705544
37613		-0.475369	-11.763871	5.685865
37614		-0.362613	-11.836583	5.658520
37615		-0.222507	-11.884572	5.635995
37616		-0.094537	-11.939009	5.617117
37617		-0.008846	-11.999597	5.599655
37618		0.038124	-12.085362	5.588214
37619		0.061394	-12.179697	5.578742
37620		0.089147	-12.294187	5.567530
37621		0.150805	-12.384620	5.544790
37622		0.258606	-12.480624	5.510098
37623		0.399041	-12.581005	5.455874
37624		0.561828	-12.696146	5.387185
37625		0.719684	-12.801548	5.319733
37626		0.879810	-12.914859	5.248357
37627		1.038949	-13.025618	5.179794
37628		1.211903	-13.148545	5.107186
37629		1.419437	-13.293737	5.029025
37630		1.638706	-13.459277	4.947639
37631		1.851346	-13.619150	4.865021
37632		2.047523	-13.796291	4.784690
37633		2.234501	-13.979042	4.706591
37634		2.435848	-14.197459	4.614857
37635		2.648562	-14.423939	4.512009
37636		2.863670	-14.679291	4.395722
37637		3.066539	-14.981250	4.246670
37638		3.211714	-15.342288	4.031882
37639		3.287092	-15.754170	3.753304
37640		3.398894	-16.324004	3.566205
37641		3.392683	-16.989034	3.423454
37642		3.332670	-17.786909	3.283777
37643		3.207690	-18.754898	3.145107
37644		2.974394	-19.900513	3.041819
37645		2.662530	-21.245345	2.939834
37646		2.281565	-22.818308	2.861447
37647		1.828921	-24.671207	2.793334
37648		1.331630	-26.902914	2.761632
37649		0.735557	-29.625154	2.846329
37650		0.151428	-32.986085	2.876002
37651		-0.380944	-37.093799	2.782748
37652		-0.214910	-41.771174	2.237146
37653		1.172637	-46.654600	1.083208
37654		3.454404	-51.215204	-0.893528
37655		6.537598	-55.236622	-3.422817
37656		10.715287	-58.654607	-6.338303
37657		15.237980	-61.528971	-9.165700
37658		17.669430	-62.647142	-10.624985
37659		17.863217	-62.189271	-10.588472
37660		16.961545	-61.525068	-9.932200
37661		16.154031	-60.943609	-9.123975
37662		15.449865	-60.070045	-8.039377
37663		14.549150	-58.850391	-6.755579
37664		13.288532	-57.260579	-5.338078
37665		11.789902	-55.405590	-3.982652
37666		10.119920	-53.259014	-2.691723
37667		8.399920	-50.837574	-1.460827
37668		6.701817	-48.078633	-0.250298
37669		5.119193	-45.073646	0.905342
37670		3.694496	-41.872123	1.961835
37671		2.450888	-38.565973	2.865882
37672		1.351789	-35.151988	3.638885
37673		0.385472	-31.684929	4.225282
37674		-0.484678	-28.136496	4.569410
37675		-1.226982	-24.600039	4.585276
37676		-1.853848	-21.115564	4.257199
37677		-2.466686	-17.750474	3.721630
37678		-3.223203	-14.443307	3.151370
37679		-4.152704	-11.271953	2.708540
37680		-5.177025	-8.254615	2.556794
37681		-6.095889	-5.500131	2.797381
37682		-6.748653	-3.052845	3.411512
37683		-7.212049	-1.012998	4.263219
37684		-7.757705	0.640027	5.183287
37685		-8.599606	1.963412	6.044043
37686		-9.561014	2.991774	6.883158
37687		-10.116161	3.527855	7.786704
37688		-9.847538	3.403176	8.876617
37689		-8.505870	2.007729	10.015293
37690		-7.166645	0.282677	10.515858
37691		-6.495853	-2.262485	10.700355
37692		-6.033502	-4.566455	10.704228
37693		-5.101112	-6.350369	10.403506
37694		-3.812573	-7.379679	10.064637
37695		-2.540987	-8.275190	9.884212
37696		-1.547240	-8.868990	9.663581
37697		-1.008609	-9.391220	9.540142
37698		-0.807872	-9.769964	9.503881
37699		-0.866332	-10.060543	9.523611
37700		-1.070941	-10.328997	9.588996
37701		-1.305227	-10.540384	9.654403
37702		-1.517097	-10.742968	9.713391
37703		-1.672685	-10.937601	9.752477
37704		-1.801248	-11.119851	9.781737
37705		-1.920081	-11.285751	9.798684
37706		-2.043571	-11.431659	9.803788
37707		-2.179956	-11.538990	9.806233
37708		-2.290878	-11.636060	9.806718
37709		-2.390493	-11.726909	9.808472
37710		-2.519443	-11.829897	9.817205
37711		-2.669394	-11.920390	9.830436
37712		-2.834351	-12.034306	9.851871
37713		-3.009887	-12.151328	9.886608
37714		-3.143810	-12.284425	9.914031
37715		-3.200377	-12.410296	9.926208
37716		-3.158681	-12.550817	9.914530
37717		-3.042796	-12.679239	9.882857
37718		-2.878040	-12.809144	9.841382
37719		-2.689436	-12.931659	9.792922
37720		-2.477284	-13.064030	9.735906
37721		-2.256074	-13.197650	9.673009
37722		-2.031377	-13.343335	9.607824
37723		-1.806661	-13.486705	9.538938
37724		-1.581178	-13.643648	9.465812
37725		-1.378629	-13.790883	9.396288
37726		-1.201382	-13.944934	9.331281
37727		-1.036470	-14.092418	9.265419
37728		-0.875757	-14.253346	9.199108
37729		-0.712753	-14.430882	9.121848
37730		-0.544074	-14.641666	9.032043
37731		-0.335986	-14.882927	8.933396
37732		-0.059373	-15.192910	8.817637
37733		0.205799	-15.531021	8.645488
37734		0.358098	-15.917761	8.379291
37735		0.466516	-16.392016	8.129489
37736		0.544803	-17.014522	7.969377
37737		0.492126	-17.708293	7.847473
37738		0.379654	-18.531715	7.754606
37739		0.194172	-19.535292	7.666481
37740		-0.081651	-20.724136	7.631873
37741		-0.420043	-22.124532	7.594845
37742		-0.809363	-23.753960	7.562949
37743		-1.245252	-25.667816	7.542629
37744		-1.765089	-27.985926	7.570824
37745		-2.299984	-30.851431	7.636453
37746		-2.861057	-34.431622	7.738048
37747		-3.467772	-38.755609	7.768235
37748		-3.419021	-43.500588	7.466467
37749		-2.615948	-48.086106	6.679177
37750		-1.230536	-52.420268	5.318640
37751		0.661088	-56.252903	3.504137
37752		3.397284	-59.558493	1.213113
37753		6.315226	-62.308233	-1.197197
37754		8.286196	-63.286868	-2.867217
37755		9.376032	-62.904591	-3.487839
37756		9.964496	-62.381096	-3.820079
37757		10.471187	-61.727950	-3.919361
37758		10.652144	-60.614949	-3.693166
37759		10.375150	-59.112363	-3.093893
37760		9.689472	-57.303233	-2.157952
37761		8.765068	-55.314430	-1.056392
37762		7.599348	-53.086455	0.147884
37763		6.279693	-50.647409	1.386520
37764		4.846660	-47.941449	2.611314
37765		3.448415	-45.006334	3.767023
37766		2.183670	-41.840982	4.811561
37767		1.121384	-38.550489	5.690688
37768		0.251049	-35.134901	6.374412
37769		-0.469359	-31.693431	6.794776
37770		-1.100282	-28.242342	6.835116
37771		-1.705269	-24.884502	6.401125
37772		-2.338612	-21.576506	5.539829
37773		-3.050186	-18.298420	4.467384
37774		-3.880110	-15.042269	3.404460
37775		-4.794795	-11.987967	2.540181
37776		-5.713752	-9.160437	2.033020
37777		-6.479926	-6.593801	1.957366
37778		-7.104541	-4.282136	2.263402
37779		-7.798034	-2.262359	2.796725
37780		-8.757828	-0.498124	3.412234
37781		-9.857629	1.029281	4.061836
37782		-10.795745	2.303698	4.776504
37783		-11.209857	3.127159	5.657928
37784		-10.883918	3.354622	6.689874
37785		-9.934365	2.847712	7.752000
37786		-8.553479	1.366946	8.564934
37787		-7.301737	-0.466403	8.931117
37788		-6.490971	-2.973831	8.997639
37789		-5.997803	-5.136333	9.127439
37790		-5.122021	-6.882640	8.905910
37791		-3.919265	-7.934382	8.601123
37792		-2.656483	-8.844164	8.351716
37793		-1.533062	-9.412790	8.090406
37794		-0.790303	-9.991758	7.897125
37795		-0.389783	-10.479617	7.798940
37796		-0.193816	-10.868901	7.764712
37797		-0.105265	-11.210926	7.748625
37798		-0.060607	-11.488400	7.733607
37799		-0.058045	-11.716220	7.729293
37800		-0.070855	-11.916897	7.727525
37801		-0.083772	-12.086037	7.725356
37802		-0.105757	-12.239453	7.724739
37803		-0.146784	-12.329229	7.735443
37804		-0.179715	-12.412108	7.731600
37805		-0.203408	-12.467034	7.737536
37806		-0.189891	-12.509213	7.733084
37807		-0.153102	-12.543514	7.723809
37808		-0.114062	-12.585322	7.714591
37809		-0.090202	-12.638746	7.707783
37810		-0.067681	-12.710758	7.704224
37811		-0.049364	-12.776861	7.699089
37812		-0.023746	-12.857498	7.690820
37813		0.019481	-12.935889	7.669962
37814		0.081320	-13.035330	7.640513
37815		0.147065	-13.131416	7.602589
37816		0.228016	-13.255372	7.561058
37817		0.347768	-13.396990	7.509129
37818		0.537985	-13.575504	7.444361
37819		0.781357	-13.750004	7.363066
37820		1.081888	-13.947079	7.259982
37821		1.411697	-14.138833	7.140101
37822		1.767813	-14.354244	6.998755
37823		2.106171	-14.567686	6.841274
37824		2.391009	-14.789457	6.681918
37825		2.624050	-15.013230	6.518232
37826		2.806936	-15.248250	6.341853
37827		2.943225	-15.501934	6.142982
37828		3.098377	-15.838142	5.967991
37829		3.212752	-16.254160	5.812142
37830		3.278999	-16.770966	5.670250
37831		3.284423	-17.393948	5.532986
37832		3.226554	-18.129481	5.408477
37833		3.084808	-18.986377	5.310950
37834		2.891568	-20.057164	5.205162
37835		2.615580	-21.360391	5.138319
37836		2.273347	-22.912853	5.069108
37837		1.886988	-24.747615	5.009957
37838		1.482938	-26.957250	4.977915
37839		1.077497	-29.862218	4.897907
37840		0.851449	-33.545901	4.628705
37841		0.843825	-37.809469	4.034739
37842		1.539796	-42.183638	2.977758
37843		3.169624	-46.432035	1.465976
37844		5.534318	-50.411785	-0.689357
37845		8.585436	-53.923317	-3.086562
37846		12.257838	-56.989149	-5.511103
37847		15.237936	-58.900462	-7.417509
37848		16.564264	-59.145095	-8.427518
37849		16.496672	-59.060808	-8.606275
37850		16.128639	-59.109878	-8.629237
37851		15.615345	-58.807121	-8.188247
37852		14.689770	-57.897140	-7.176162
37853		13.460338	-56.629683	-5.808777
37854		12.063089	-55.170820	-4.307053
37855		10.624391	-53.538324	-2.825149
37856		9.181348	-51.647746	-1.434915
37857		7.838194	-49.495778	-0.214155
37858		6.658405	-47.084255	0.802117
37859		5.703614	-44.495964	1.576507
37860		4.908389	-41.719681	2.126080
37861		4.231427	-38.817503	2.465249
37862		3.594696	-35.799453	2.629857
37863		2.997857	-32.758450	2.605150
37864		2.394535	-29.716437	2.347162
37865		1.715059	-26.731940	1.824455
37866		0.894870	-23.671195	1.105018
37867		-0.040453	-20.545431	0.360912
37868		-1.024051	-17.453458	-0.270218
37869		-1.964316	-14.601492	-0.727060
37870		-2.827310	-11.978889	-0.958984
37871		-3.551192	-9.607553	-0.959355
37872		-4.138843	-7.467801	-0.784112
37873		-4.727255	-5.623008	-0.525700
37874		-5.542293	-4.008211	-0.250255
37875		-6.712135	-2.618051	0.016336
37876		-8.219878	-1.419690	0.303995
37877		-9.868131	-0.391713	0.660796
37878		-11.338749	0.443909	1.166369
37879		-12.056142	0.821845	1.928047
37880		-11.753710	0.643902	2.893104
37881		-10.268873	-0.558634	4.004397
37882		-8.428013	-2.164274	4.676845
37883		-6.950543	-4.360360	4.696481
37884		-6.115544	-6.789771	4.570109
37885		-4.901036	-8.126808	4.328636
37886		-3.704088	-8.666721	4.029318
37887		-2.275162	-9.608587	3.730251
37888		-1.159163	-9.818415	3.494209
37889		-0.470713	-10.225309	3.323420
37890		-0.107206	-10.561176	3.237334
37891		0.087435	-10.842212	3.191172
37892		0.191311	-11.152441	3.162574
37893		0.277118	-11.386307	3.129654
37894		0.326805	-11.587260	3.102240
37895		0.402367	-11.771268	3.064927
37896		0.491008	-11.929763	3.026129
37897		0.582728	-12.030818	2.995719
37898		0.690901	-12.084741	2.964490
37899		0.787292	-12.115680	2.942836
37900		0.861846	-12.134183	2.922836
37901		0.912208	-12.139750	2.913354
37902		0.941187	-12.160724	2.913348
37903		0.956044	-12.198011	2.912342
37904		0.945845	-12.262714	2.911238
37905		0.922300	-12.333343	2.909547
37906		0.909933	-12.416400	2.906486
37907		0.899327	-12.488760	2.903872
37908		0.914888	-12.575702	2.894948
37909		0.936624	-12.659799	2.883174
37910		0.990695	-12.755073	2.863618
37911		1.067589	-12.852116	2.837886
37912		1.201183	-12.965347	2.783947
37913		1.421082	-13.096700	2.703683
37914		1.720472	-13.257860	2.594548
37915		2.070060	-13.428856	2.457372
37916		2.440402	-13.612735	2.306161
37917		2.791716	-13.797162	2.152408
37918		3.113318	-14.008248	2.004847
37919		3.388854	-14.216621	1.865037
37920		3.622415	-14.441140	1.733106
37921		3.838679	-14.684117	1.601325
37922		4.056767	-14.967581	1.457379
37923		4.255627	-15.297208	1.277464
37924		4.413893	-15.682492	1.031612
37925		4.569373	-16.142404	0.763550
37926		4.735940	-16.764946	0.553935
37927		4.812459	-17.502159	0.357583
37928		4.842873	-18.395381	0.174319
37929		4.835426	-19.527576	-0.012521
37930		4.731006	-20.889085	-0.180727
37931		4.526561	-22.511148	-0.298959
37932		4.333327	-24.508319	-0.447663
37933		4.142977	-26.940277	-0.625016
37934		3.997168	-29.944921	-0.951158
37935		3.953105	-33.631187	-1.553034
37936		4.431857	-37.819065	-2.632886
37937		5.934489	-42.223811	-4.336295
37938		8.304150	-46.392735	-6.514678
37939		11.450366	-50.127128	-9.186592
37940		15.418211	-53.385538	-11.876052
37941		19.621765	-56.039783	-14.202041
37942		21.916745	-57.116352	-15.392570
37943		22.027355	-57.074189	-15.513644
37944		21.102322	-57.003004	-15.190670
37945		20.282822	-56.948658	-14.572829
37946		19.466719	-56.417733	-13.456852
37947		18.438393	-55.405458	-12.012314
37948		17.098860	-54.085729	-10.464015
37949		15.551624	-52.620419	-8.993485
37950		13.827531	-50.979832	-7.595015
37951		12.066133	-49.187416	-6.254532
37952		10.345037	-47.176559	-4.933875
37953		8.769134	-45.000410	-3.665911
37954		7.334330	-42.614630	-2.464197
37955		6.045002	-40.045869	-1.327469
37956		4.857521	-37.287497	-0.272116
37957		3.794555	-34.452984	0.625053
37958		2.842266	-31.583778	1.299488
37959		1.978550	-28.827707	1.712871
37960		1.156783	-26.219371	1.868654
37961		0.426479	-23.726655	1.803670
37962		-0.264111	-21.214859	1.587721
37963		-0.978228	-18.724696	1.287880
37964		-1.696269	-16.254836	0.981041
37965		-2.319673	-13.835265	0.750907
37966		-2.832584	-11.419925	0.675663
37967		-3.314846	-9.061468	0.745850
37968		-3.948799	-6.823460	0.882918
37969		-4.856105	-4.808803	0.955550
37970		-6.069059	-3.037925	0.905501
37971		-7.518744	-1.577038	0.758208
37972		-9.075514	-0.456761	0.558954
37973		-10.545380	0.260061	0.351084
37974		-11.807832	0.545707	0.161551
37975		-12.798707	0.428960	-0.013396
37976		-13.542046	0.123619	-0.229674
37977		-13.943164	-0.196090	-0.415456
37978		-13.510186	-0.770501	-0.343329
37979		-11.578103	-1.716789	0.389284
37980		-9.027092	-3.411773	1.145744
37981		-6.925161	-5.022592	1.993453
37982		-5.830276	-6.907141	2.640970
37983		-4.555355	-8.490187	2.696860
37984		-3.280700	-8.989561	2.362889
37985		-2.217043	-9.744732	2.009189
37986		-1.030772	-10.087760	1.742620
37987		0.027892	-10.345974	1.467528
37988		0.661132	-10.676526	1.291835
37989		1.074319	-10.855850	1.196772
37990		1.318871	-11.053403	1.125148
37991		1.504717	-11.247919	1.063778
37992		1.645530	-11.398466	1.019396
37993		1.753672	-11.518117	0.985196
37994		1.901863	-11.637409	0.940176
37995		2.065994	-11.745165	0.890467
37996		2.183599	-11.791883	0.870195
37997		2.296908	-11.831429	0.852637
37998		2.364819	-11.871177	0.856517
37999		2.413368	-11.906997	0.853369
38000		2.456112	-11.990091	0.839844
38001		2.476223	-12.072334	0.837472
38002		2.487445	-12.183153	0.833293
38003		2.496836	-12.283855	0.827870
38004		2.504791	-12.401386	0.819631
38005		2.513997	-12.514375	0.806645
38006		2.544591	-12.633423	0.782887
38007		2.588927	-12.748339	0.742083
38008		2.691018	-12.884280	0.683850
38009		2.821610	-13.032962	0.618961
38010		2.978143	-13.212175	0.556789
38011		3.161825	-13.376004	0.489931
38012		3.371931	-13.542144	0.415170
38013		3.583736	-13.702725	0.331017
38014		3.809944	-13.878613	0.237587
38015		4.032199	-14.029674	0.138705
38016		4.268533	-14.182503	0.032689
38017		4.477580	-14.313020	-0.064257
38018		4.665221	-14.477118	-0.164494
38019		4.801036	-14.666880	-0.250342
38020		4.898711	-14.907854	-0.336581
38021		4.946399	-15.173651	-0.419131
38022		4.984126	-15.505646	-0.516013
38023		5.050760	-15.902055	-0.648996
38024		5.094691	-16.363303	-0.853669
38025		5.077520	-16.947410	-1.119599
38026		5.182895	-17.785225	-1.327487
38027		5.186242	-18.838596	-1.537859
38028		5.156600	-20.156788	-1.759665
38029		5.061242	-21.772141	-2.001278
38030		4.866937	-23.770608	-2.239784
38031		4.632463	-26.328674	-2.515208
38032		4.399086	-29.811700	-2.999506
38033		4.253671	-33.827786	-3.798992
38034		4.613185	-37.807403	-5.019033
38035		5.741926	-41.643036	-6.754981
38036		7.463858	-45.120219	-8.668475
38037		9.689255	-48.249412	-10.537937
38038		12.171488	-50.531197	-11.983364
38039		13.478802	-51.273569	-12.980772
38040		13.469779	-51.394616	-13.522161
38041		12.788971	-51.526792	-13.729205
38042		11.780265	-51.174863	-13.294975
38043		10.332632	-50.215138	-12.256555
38044		8.467653	-48.871199	-10.866657
38045		6.575715	-47.248855	-9.345266
38046		4.881253	-45.281402	-7.914134
38047		3.442673	-42.983300	-6.798214
38048		2.235096	-40.416981	-6.081064
38049		1.257498	-37.779411	-5.728122
38050		0.574073	-35.271375	-5.591579
38051		0.223818	-32.996664	-5.565604
38052		0.126756	-30.892578	-5.521050
38053		0.151548	-28.916226	-5.483438
38054		-0.255741	-26.737431	-5.334690
38055		-1.646530	-24.297816	-5.084390
38056		-3.741689	-21.562648	-4.625829
38057		-5.598702	-18.536267	-3.889110
38058		-6.554995	-15.467540	-2.840238
38059		-6.725564	-12.615953	-1.541958
38060		-6.737726	-9.852200	-0.206318
38061		-6.916803	-7.160073	0.940867
38062		-7.236305	-4.637757	1.798367
38063		-7.592699	-2.484635	2.343350
38064		-8.066803	-0.758888	2.596387
38065		-8.876606	0.578271	2.590175
38066		-10.192782	1.721799	2.363801
38067		-11.938106	2.782797	1.946134
38068		-13.875291	3.750637	1.376639
38069		-15.778367	4.440054	0.712486
38070		-17.500933	4.735537	0.026505
38071		-18.832213	4.674204	-0.627807
38072		-19.536780	4.370380	-1.176695
38073		-19.529834	3.834506	-1.550715
38074		-19.028054	3.014176	-1.752207
38075		-18.360090	1.910487	-1.808145
38076		-17.771664	0.590624	-1.761483
38077		-17.291587	-0.764932	-1.543435
38078		-16.157486	-2.148740	-0.754809
38079		-14.005522	-3.284232	0.733023
38080		-11.678430	-4.786278	2.440907
38081		-8.585334	-6.075360	3.638906
38082		-6.199841	-8.220940	3.716497
38083		-4.333448	-9.181710	3.094549
38084		-3.102162	-9.593308	2.593870
38085		-1.605455	-10.206934	2.172273
38086		0.024460	-10.626944	1.669636
38087		1.186519	-10.975331	1.277228
38088		1.886976	-11.249425	1.071963
38089		2.299443	-11.467597	0.947552
38090		2.570634	-11.693568	0.864309
38091		2.797246	-11.878656	0.801993
38092		2.974574	-12.091107	0.743248
38093		3.101251	-12.279589	0.691169
38094		3.179374	-12.475063	0.650522
38095		3.238748	-12.630354	0.605888
38096		3.262799	-12.782729	0.578047
38097		3.270499	-12.900792	0.559559
38098		3.252393	-13.011876	0.554948
38099		3.203512	-13.113460	0.568835
38100		3.126527	-13.231596	0.593703
38101		3.029344	-13.382616	0.622479
38102		2.963004	-13.558877	0.641018
38103		2.934114	-13.726100	0.645366
38104		2.961905	-13.907953	0.643240
38105		3.049926	-14.095831	0.619598
38106		3.198090	-14.273306	0.567430
38107		3.386369	-14.423170	0.502545
38108		3.612752	-14.558340	0.426026
38109		3.850370	-14.677113	0.344018
38110		4.081107	-14.805258	0.262209
38111		4.294916	-14.924394	0.182625
38112		4.517610	-15.053155	0.097158
38113		4.723630	-15.168496	0.010844
38114		4.936068	-15.320654	-0.089826
38115		5.158426	-15.498183	-0.211237
38116		5.401682	-15.718273	-0.347955
38117		5.647825	-15.960648	-0.492070
38118		5.904934	-16.270139	-0.654206
38119		6.152901	-16.638577	-0.840922
38120		6.290599	-17.061738	-1.123062
38121		6.424942	-17.607816	-1.403202
38122		6.540731	-18.365134	-1.630132
38123		6.543073	-19.360139	-1.844450
38124		6.421730	-20.648313	-2.060728
38125		6.116985	-22.276979	-2.227917
38126		5.860599	-24.314590	-2.473856
38127		5.639663	-26.778769	-2.714475
38128		5.425284	-29.804526	-3.082601
38129		5.233595	-33.564266	-3.734406
38130		5.562958	-37.807318	-4.845819
38131		7.012559	-42.272657	-6.559946
38132		9.484614	-46.528766	-8.840840
38133		12.692760	-50.245816	-11.455415
38134		16.525563	-53.459200	-13.852768
38135		19.828844	-55.491592	-15.531669
38136		20.192719	-55.847714	-15.594629
38137		19.113850	-55.962556	-14.958172
38138		17.960806	-56.182451	-14.312574
38139		16.720930	-55.782660	-13.278677
38140		15.274489	-54.607226	-11.870337
38141		13.766521	-53.082248	-10.431639
38142		12.199532	-51.306241	-9.105912
38143		10.570775	-49.267273	-7.940078
38144		8.927460	-46.876091	-6.911568
38145		7.440946	-44.230245	-6.028969
38146		6.141866	-41.363897	-5.276739
38147		5.033427	-38.340309	-4.662229
38148		4.031230	-35.153091	-4.160447
38149		3.102967	-31.921511	-3.818090
38150		2.214542	-28.741325	-3.662097
38151		1.379360	-25.761105	-3.730425
38152		0.577134	-22.886986	-4.016627
38153		-0.286216	-20.109292	-4.414296
38154		-1.409573	-17.391233	-4.764756
38155		-2.883734	-14.829915	-4.923591
38156		-4.644840	-12.451103	-4.724960
38157		-6.443014	-10.321533	-4.020803
38158		-8.064504	-8.417093	-2.796729
38159		-9.551610	-6.734064	-1.247762
38160		-11.099371	-5.123991	0.360993
38161		-12.813739	-3.622775	1.855362
38162		-14.585460	-2.296951	3.172002
38163		-16.048120	-1.226791	4.250727
38164		-16.848631	-0.448041	5.080729
38165		-16.772316	-0.072670	5.637235
38166		-15.962662	-0.050380	5.936051
38167		-14.014025	-0.796291	6.263785
38168		-10.960365	-2.235420	6.205430
38169		-8.126150	-4.522773	5.913121
38170		-6.932718	-7.252027	5.733223
38171		-5.091254	-8.588987	5.307622
38172		-3.652929	-9.285557	4.943866
38173		-2.101634	-10.131193	4.485841
38174		-0.842789	-10.346042	4.152277
38175		0.036155	-10.800009	3.868584
38176		0.593678	-11.153070	3.686838
38177		1.014926	-11.455132	3.547673
38178		1.344005	-11.739679	3.419923
38179		1.595744	-11.939017	3.318788
38180		1.815011	-12.143620	3.230844
38181		2.021069	-12.296586	3.152631
38182		2.209832	-12.443109	3.076793
38183		2.362709	-12.570292	3.022878
38184		2.434525	-12.665740	2.997856
38185		2.443461	-12.755786	2.986399
38186		2.370127	-12.841178	3.001370
38187		2.256520	-12.914682	3.030761
38188		2.148368	-13.010044	3.054210
38189		2.031205	-13.109407	3.082665
38190		1.942539	-13.225463	3.102870
38191		1.918677	-13.369993	3.116279
38192		1.950327	-13.551692	3.116751
38193		2.024929	-13.748019	3.100178
38194		2.132990	-13.945862	3.065856
38195		2.268969	-14.128073	3.011594
38196		2.416050	-14.317575	2.944347
38197		2.549898	-14.508286	2.856722
38198		2.655704	-14.715527	2.738113
38199		2.738883	-14.909725	2.576790
38200		2.887831	-15.136534	2.428205
38201		3.056259	-15.371034	2.294787
38202		3.227168	-15.613824	2.165628
38203		3.402679	-15.870297	2.035858
38204		3.582677	-16.128588	1.897617
38205		3.761899	-16.371478	1.763768
38206		3.901363	-16.619355	1.644733
38207		4.008442	-16.891042	1.543033
38208		4.096979	-17.223542	1.447565
38209		4.170212	-17.605310	1.357029
38210		4.228793	-18.070780	1.264917
38211		4.259209	-18.622304	1.175146
38212		4.251544	-19.296907	1.101305
38213		4.184518	-20.104697	1.048949
38214		4.057387	-21.075783	0.997785
38215		3.865965	-22.277994	0.942674
38216		3.588685	-23.783155	0.912599
38217		3.218742	-25.610704	0.906383
38218		2.893437	-27.856403	0.862137
38219		2.705688	-30.731743	0.623053
38220		2.674133	-34.270391	0.103906
38221		3.069657	-38.077383	-0.810721
38222		4.375447	-42.125304	-2.264669
38223		6.524204	-46.061000	-4.209475
38224		9.311551	-49.640290	-6.627225
38225		12.714825	-52.820006	-9.201003
38226		16.434448	-55.239065	-11.589418
38227		18.272190	-56.107461	-12.919690
38228		18.236498	-55.981916	-13.043661
38229		17.402971	-55.903151	-12.705167
38230		16.258238	-55.715467	-11.863014
38231		14.719776	-55.026380	-10.464369
38232		12.896119	-53.925418	-8.703179
38233		11.012001	-52.579289	-6.871192
38234		9.159139	-50.948437	-5.118905
38235		7.400068	-48.974641	-3.588394
38236		5.807606	-46.649822	-2.363306
38237		4.480622	-44.057719	-1.536130
38238		3.418139	-41.248952	-1.063941
38239		2.575420	-38.310620	-0.902011
38240		1.842772	-35.264755	-0.948198
38241		1.189631	-32.188334	-1.134347
38242		0.567454	-29.104638	-1.376470
38243		-0.059132	-26.093908	-1.624702
38244		-0.739165	-23.100105	-1.815571
38245		-1.513653	-20.126099	-1.896139
38246		-2.390694	-17.172181	-1.824502
38247		-3.270032	-14.372120	-1.582464
38248		-4.054399	-11.776873	-1.168019
38249		-4.693261	-9.492020	-0.614473
38250		-5.230631	-7.533080	0.025158
38251		-5.765268	-5.956990	0.691155
38252		-6.438378	-4.763994	1.349719
38253		-7.329195	-3.993384	2.010685
38254		-8.445431	-3.566968	2.696926
38255		-9.743438	-3.325549	3.396655
38256		-11.120340	-3.046805	4.082897
38257		-12.126367	-2.862110	4.725536
38258		-12.409889	-2.910504	5.273181
38259		-11.592830	-3.682687	5.845008
38260		-9.890953	-5.347210	6.037958
38261		-7.797641	-7.664236	5.928021
38262		-5.840312	-9.997998	5.346030
38263		-4.056511	-9.796282	4.895607
38264		-2.618257	-10.544437	4.559938
38265		-1.252669	-11.156707	4.149150
38266		-0.269745	-11.284172	3.896148
38267		0.439546	-11.547552	3.685098
38268		0.916073	-11.858592	3.536045
38269		1.194889	-12.090900	3.442114
38270		1.360739	-12.313417	3.371416
38271		1.472933	-12.494818	3.319569
38272		1.550678	-12.691671	3.268614
38273		1.633657	-12.837464	3.220171
38274		1.723869	-12.976763	3.171395
38275		1.830161	-13.066399	3.133886
38276		1.933978	-13.137839	3.097276
38277		1.991354	-13.196541	3.087097
38278		2.015463	-13.265840	3.070203
38279		1.996575	-13.349326	3.069899
38280		1.964560	-13.470145	3.067496
38281		1.971989	-13.638950	3.070709
38282		2.034798	-13.835000	3.052460
38283		2.107732	-14.035516	3.028946
38284		2.184467	-14.264402	2.997494
38285		2.260510	-14.508205	2.962870
38286		2.340535	-14.758540	2.924090
38287		2.410274	-14.993901	2.869683
38288		2.458561	-15.266374	2.798309
38289		2.474547	-15.592890	2.720389
38290		2.495453	-15.961172	2.639861
38291		2.512186	-16.336323	2.559362
38292		2.510161	-16.714782	2.491322
38293		2.480119	-17.112311	2.434965
38294		2.432091	-17.546262	2.378017
38295		2.380896	-17.998625	2.318449
38296		2.332591	-18.444689	2.261038
38297		2.291663	-18.854301	2.206107
38298		2.280483	-19.270581	2.135513
38299		2.293676	-19.721061	2.046686
38300		2.316417	-20.206432	1.937296
38301		2.321514	-20.707208	1.825058
38302		2.284627	-21.243665	1.714327
38303		2.173235	-21.831596	1.627349
38304		1.993897	-22.521702	1.560372
38305		1.738727	-23.311591	1.515174
38306		1.367118	-24.234732	1.506167
38307		0.895320	-25.319059	1.541040
38308		0.314131	-26.665261	1.625724
38309		-0.357945	-28.274746	1.756239
38310		-1.165976	-30.206815	1.972913
38311		-2.011872	-32.512684	2.195890
38312		-2.906694	-35.309761	2.496143
38313		-3.706093	-38.813297	2.791585
38314		-3.881797	-43.251082	2.835226
38315		-3.211632	-47.652603	2.443556
38316		-1.992853	-51.740419	1.386485
38317		-0.072637	-55.314817	-0.333601
38318		2.498824	-58.324623	-2.578224
38319		5.160627	-60.792802	-5.110002
38320		6.164769	-61.628374	-6.354960
38321		5.906003	-60.973097	-6.098141
38322		5.212968	-60.408703	-5.315825
38323		4.509035	-59.589577	-4.211782
38324		3.646354	-58.067036	-2.822375
38325		2.758123	-56.220447	-1.466462
38326		1.959681	-54.220071	-0.290407
38327		1.372776	-52.073196	0.601037
38328		0.942829	-49.649462	1.200544
38329		0.649348	-47.024711	1.501540
38330		0.440560	-44.212004	1.536864
38331		0.303725	-41.292364	1.315561
38332		0.153973	-38.268058	0.876780
38333		-0.029315	-35.209546	0.253551
38334		-0.268558	-32.111956	-0.487300
38335		-0.561291	-29.030478	-1.290818
38336		-0.909437	-25.911405	-2.077669
38337		-1.307856	-22.768203	-2.715737
38338		-1.768346	-19.600275	-3.006371
38339		-2.247444	-16.563722	-2.854763
38340		-2.769684	-13.728939	-2.308302
38341		-3.389835	-11.208033	-1.501982
38342		-4.150111	-9.048926	-0.588304
38343		-5.048494	-7.331327	0.348995
38344		-6.107150	-5.952160	1.264770
38345		-7.322771	-4.823181	2.127514
38346		-8.618869	-3.823736	2.907040
38347		-9.916903	-2.957792	3.585635
38348		-11.212923	-2.216445	4.162831
38349		-12.516778	-1.697352	4.645471
38350		-13.620438	-1.733661	5.127375
38351		-14.330063	-2.301714	5.637061
38352		-14.153128	-3.295801	6.397406
38353		-12.501731	-5.014762	7.037014
38354		-10.649930	-6.925708	7.415419
38355		-7.762950	-8.190556	6.831256
38356		-5.895888	-8.499329	6.428314
38357		-4.515145	-9.431765	6.031237
38358		-3.069626	-10.035418	5.564169
38359		-1.719849	-10.195509	5.210497
38360		-0.560529	-10.514203	4.864107
38361		0.141710	-10.756525	4.642580
38362		0.509144	-10.966558	4.533884
38363		0.661281	-11.143394	4.484592
38364		0.710518	-11.310276	4.466395
38365		0.700478	-11.448519	4.465042
38366		0.672649	-11.573814	4.471075
38367		0.689550	-11.675217	4.470516
38368		0.752280	-11.759387	4.462147
38369		0.815174	-11.814509	4.457753
38370		0.877142	-11.864728	4.458919
38371		0.920631	-11.901143	4.460631
38372		0.947675	-11.931758	4.469413
38373		0.939783	-11.967308	4.488338
38374		0.912566	-12.020219	4.505010
38375		0.871795	-12.082252	4.511813
38376		0.812062	-12.163121	4.520952
38377		0.746685	-12.233141	4.533041
38378		0.702503	-12.296859	4.546213
38379		0.670830	-12.339249	4.561617
38380		0.670867	-12.381129	4.569157
38381		0.699910	-12.406432	4.572689
38382		0.741907	-12.433786	4.571922
38383		0.787082	-12.456892	4.566285
38384		0.839564	-12.483232	4.559366
38385		0.896506	-12.506463	4.546304
38386		0.953815	-12.528403	4.533568
38387		1.014609	-12.551139	4.517018
38388		1.077291	-12.576825	4.497086
38389		1.140298	-12.609283	4.473042
38390		1.213567	-12.653691	4.444933
38391		1.302132	-12.705127	4.410186
38392		1.402169	-12.773864	4.365417
38393		1.516071	-12.873187	4.317912
38394		1.651635	-12.976033	4.267466
38395		1.794574	-13.059279	4.214777
38396		1.936132	-13.132764	4.163831
38397		2.054050	-13.218644	4.114023
38398		2.130236	-13.416474	4.046890
38399		2.159844	-13.642615	3.986268
38400		2.193543	-13.867016	3.934965
38401		2.164592	-14.076704	3.904228
38402		2.194511	-14.395569	3.842669
38403		2.274219	-14.781420	3.742456
38404		2.305650	-15.241712	3.626048
38405		2.299469	-15.799862	3.487895
38406		2.348458	-16.412312	3.364908
38407		2.489558	-17.119383	3.239996
38408		2.679916	-17.922683	3.065977
38409		2.501204	-18.768713	2.538837
38410		2.635253	-19.824483	2.204847
38411		2.514411	-20.977496	1.839466
38412		2.226879	-22.245508	1.419110
38413		1.853844	-23.570594	0.895941
38414		1.326509	-24.867508	0.192763
38415		0.709065	-26.084611	-0.781066
38416		0.203218	-27.186365	-1.990130
38417		-0.032204	-28.092723	-3.181030
38418		0.153649	-28.365379	-3.847564
38419		0.564086	-28.189663	-3.896708
38420		0.643829	-27.810488	-3.484190
38421		0.339623	-27.321338	-2.840869
38422		-0.201267	-26.633457	-2.109898
38423		-0.754287	-25.699095	-1.373797
38424		-1.214395	-24.553885	-0.705544
38425		-1.595780	-23.243918	-0.211355
38426		-1.928404	-21.725125	0.014053
38427		-2.186212	-20.059108	0.029396
38428		-2.468927	-18.363946	0.010601
38429		-2.842784	-16.782613	-0.020591
38430		-3.275936	-15.404328	-0.139284
38431		-3.677807	-14.411240	-0.413341
38432		-3.924764	-13.881038	-0.826759
38433		-4.024756	-13.696196	-1.368217
38434		-4.093076	-13.668062	-1.928386
38435		-4.187528	-13.695660	-2.414023
38436		-4.455971	-13.819269	-2.818825
38437		-4.923312	-13.959497	-3.106806
38438		-4.440441	-14.026664	-3.251504
38439		-3.009290	-14.429235	-3.334305
38440		-1.883547	-14.393732	-3.654394
38441		-1.563839	-14.190688	-3.891705
38442		-1.358451	-13.878340	-4.022937
38443		-1.138832	-13.845709	-4.147918
38444		-0.915693	-14.057844	-4.266005
38445		-0.713891	-14.351401	-4.358267
38446		-0.602318	-14.650510	-4.419739
38447		-0.539319	-14.876837	-4.447285
38448		-0.439586	-15.042669	-4.446262
38449		-0.326119	-15.181008	-4.447777
38450		-0.184679	-15.260294	-4.492475
38451		-0.059156	-15.268307	-4.560585
38452		0.051644	-15.200179	-4.621997
38453		0.135331	-15.089420	-4.664361
38454		0.161449	-14.988793	-4.678058
38455		0.159384	-14.905101	-4.676960
38456		0.102694	-14.841949	-4.656607
38457		-0.007486	-14.812886	-4.620087
38458		-0.141296	-14.808434	-4.575818
38459		-0.264218	-14.813034	-4.534257
38460		-0.371097	-14.830922	-4.527412
38461		-0.470139	-14.854588	-4.535951
38462		-0.552733	-14.869908	-4.542127
38463		-0.605584	-14.868777	-4.549453
38464		-0.638018	-14.849616	-4.554577
38465		-0.653391	-14.825862	-4.555247
38466		-0.660192	-14.787721	-4.549463
38467		-0.668639	-14.734481	-4.538523
38468		-0.684801	-14.672894	-4.520188
38469		-0.718671	-14.617928	-4.496184
38470		-0.771831	-14.565797	-4.464939
38471		-0.830567	-14.514086	-4.429497
38472		-0.886902	-14.470317	-4.395612
38473		-0.937005	-14.430905	-4.366016
38474		-0.964674	-14.403538	-4.339701
38475		-0.981896	-14.393240	-4.326494
38476		-1.001971	-14.394881	-4.315532
38477		-1.022934	-14.399379	-4.303695
38478		-1.046280	-14.408814	-4.288887
38479		-1.067011	-14.429153	-4.275881
38480		-1.093956	-14.456945	-4.266867
38481		-1.128385	-14.495370	-4.257357
38482		-1.169358	-14.533603	-4.240286
38483		-1.220840	-14.574048	-4.213849
38484		-1.287940	-14.615718	-4.176774
38485		-1.367335	-14.667442	-4.128158
38486		-1.447806	-14.733847	-4.071770
38487		-1.522255	-14.827603	-4.012628
38488		-1.602754	-15.006657	-3.972458
38489		-1.677693	-15.275734	-3.922957
38490		-1.757827	-15.586412	-3.880781
38491		-1.897570	-15.981738	-3.859353
38492		-2.071646	-16.459878	-3.840347
38493		-2.280288	-17.002185	-3.837368
38494		-2.544047	-17.520964	-3.845388
38495		-2.849341	-17.956278	-3.843683
38496		-3.202222	-18.345352	-3.812316
38497		-3.578360	-18.659486	-3.748117
38498		-3.804308	-18.871385	-3.603475
38499		-3.473746	-18.853747	-3.239093
38500		-2.782564	-18.600149	-2.681635
38501		-2.133325	-18.212872	-2.097397
38502		-1.685973	-17.712034	-1.592038
38503		-1.268491	-17.091184	-1.152258
38504		-0.770535	-16.424899	-0.721368
38505		-0.374778	-15.720224	-0.223210
38506		-0.304223	-14.895201	0.438888
38507		-0.499858	-14.030716	1.306130
38508		-0.900395	-13.313511	2.349718
38509		-1.551093	-12.886298	3.484603
38510		-2.454344	-12.735144	4.618412
38511		-3.396925	-12.899311	5.645414
38512		-3.839880	-13.647245	6.251165
38513		-3.435398	-14.439125	6.604911
38514		-3.115287	-14.820209	6.864081
38515		-2.658131	-15.030440	7.128048
38516		-2.137554	-15.080288	7.220896
38517		-1.748096	-15.018788	7.082452
38518		-1.248560	-14.972740	6.930910
38519		-0.676555	-14.825006	6.761446
38520		-0.188251	-14.668504	6.622117
38521		0.125572	-14.473268	6.530526
38522		0.314973	-14.322943	6.468553
38523		0.412296	-14.213115	6.425276
38524		0.412158	-14.108849	6.402520
38525		0.296727	-14.020788	6.395574
38526		0.081660	-13.957049	6.409862
38527		-0.189577	-13.912297	6.439257
38528		-0.463129	-13.885634	6.481464
38529		-0.714449	-13.865397	6.522418
38530		-0.930861	-13.848182	6.564193
38531		-1.096684	-13.827531	6.600936
38532		-1.185256	-13.797052	6.622954
38533		-1.187380	-13.762237	6.621514
38534		-1.130767	-13.714005	6.607149
38535		-1.050929	-13.650470	6.585836
38536		-0.982848	-13.570584	6.564551
38537		-0.913062	-13.479958	6.537217
38538		-0.851440	-13.389525	6.508247
38539		-0.816126	-13.294800	6.481295
38540		-0.808350	-13.201069	6.464443
38541		-0.817908	-13.119509	6.457216
38542		-0.846828	-13.050886	6.458713
38543		-0.883431	-12.994257	6.466220
38544		-0.911105	-12.940996	6.476251
38545		-0.929998	-12.901333	6.486386
38546		-0.937347	-12.874945	6.493821
38547		-0.938841	-12.850442	6.500516
38548		-0.931828	-12.836635	6.498738
38549		-0.932812	-12.828615	6.497232
38550		-0.959056	-12.835152	6.497509
38551		-1.004002	-12.855417	6.500551
38552		-1.059358	-12.883415	6.502439
38553		-1.115371	-12.919459	6.501674
38554		-1.167450	-12.955818	6.503180
38555		-1.210361	-12.992826	6.503767
38556		-1.240048	-13.021819	6.504261
38557		-1.256286	-13.047425	6.503176
38558		-1.266600	-13.059831	6.501000
38559		-1.269478	-13.078550	6.500198
38560		-1.269199	-13.085548	6.494788
38561		-1.260255	-13.085861	6.491640
38562		-1.236378	-13.079354	6.483395
38563		-1.198172	-13.073905	6.475204
38564		-1.149173	-13.072344	6.465683
38565		-1.101145	-13.073274	6.455509
38566		-1.054118	-13.086996	6.440769
38567		-1.007858	-13.109450	6.423792
38568		-0.974244	-13.118934	6.413312
38569		-0.954045	-13.130451	6.407623
38570		-0.948537	-13.137794	6.408978
38571		-0.956257	-13.132647	6.418387
38572		-0.955150	-13.110096	6.427839
38573		-0.961409	-13.070483	6.442519
38574		-0.980451	-13.032516	6.460426
38575		-1.001773	-12.998349	6.476642
38576		-1.019736	-12.970794	6.491488
38577		-1.038934	-12.946088	6.503047
38578		-1.070550	-12.926117	6.510719
38579		-1.115789	-12.911060	6.527140
38580		-1.159438	-12.892259	6.544762
38581		-1.193314	-12.867356	6.560331
38582		-1.222670	-12.838746	6.576290
38583		-1.246726	-12.808806	6.591294
38584		-1.272632	-12.778614	6.603883
38585		-1.295349	-12.746674	6.613656
38586		-1.327381	-12.719482	6.626040
38587		-1.368463	-12.691858	6.639810
38588		-1.425424	-12.663816	6.649870
38589		-1.486407	-12.631356	6.662713
38590		-1.528090	-12.595104	6.668782
38591		-1.541919	-12.560757	6.669442
38592		-1.522530	-12.549892	6.659962
38593		-1.466265	-12.547465	6.642701
38594		-1.384600	-12.549238	6.621729
38595		-1.300686	-12.546142	6.603008
38596		-1.230683	-12.540912	6.587890
38597		-1.176180	-12.537713	6.580318
38598		-1.136325	-12.537098	6.577067
38599		-1.106296	-12.541563	6.583726
38600		-1.090758	-12.544022	6.600812
38601		-1.093522	-12.540962	6.628411
38602		-1.109105	-12.535406	6.664221
38603		-1.134121	-12.528409	6.703105
38604		-1.164583	-12.523229	6.741829
38605		-1.198544	-12.520811	6.778548
38606		-1.226357	-12.525251	6.808918
38607		-1.244258	-12.540902	6.829611
38608		-1.245946	-12.555135	6.843690
38609		-1.249343	-12.566830	6.856549
38610		-1.260334	-12.573200	6.871599
38611		-1.287012	-12.583667	6.888817
38612		-1.328225	-12.592053	6.909138
38613		-1.388592	-12.601613	6.935345
38614		-1.466257	-12.603712	6.956426
38615		-1.561693	-12.593266	6.976473
38616		-1.663827	-12.570863	6.997530
38617		-1.758601	-12.547351	7.016390
38618		-1.842144	-12.517998	7.032525
38619		-1.933358	-12.476373	7.034528
38620		-2.033767	-12.417177	7.040725
38621		-2.125914	-12.358975	7.048624
38622		-2.202175	-12.312337	7.056788
38623		-2.258871	-12.274726	7.064557
38624		-2.308879	-12.247144	7.073602
38625		-2.344609	-12.233453	7.082949
38626		-2.366051	-12.233132	7.089006
38627		-2.365988	-12.251426	7.090200
38628		-2.345192	-12.285564	7.086294
38629		-2.313009	-12.322533	7.080590
38630		-2.279244	-12.357795	7.079577
38631		-2.251583	-12.386538	7.080606
38632		-2.234438	-12.414428	7.085820
38633		-2.228723	-12.436159	7.094084
38634		-2.234383	-12.459663	7.105388
38635		-2.246215	-12.480936	7.116893
38636		-2.261514	-12.502304	7.128209
38637		-2.276596	-12.522173	7.139082
38638		-2.297375	-12.539913	7.149087
38639		-2.314656	-12.561742	7.155851
38640		-2.325935	-12.590555	7.157912
38641		-2.327191	-12.626149	7.156447
38642		-2.324746	-12.653394	7.153666
38643		-2.330820	-12.674558	7.153153
38644		-2.349968	-12.691412	7.156300
38645		-2.374265	-12.705231	7.159617
38646		-2.410932	-12.712724	7.166671
38647		-2.451571	-12.715878	7.176495
38648		-2.501534	-12.719284	7.190876
38649		-2.567532	-12.725797	7.210768
38650		-2.648536	-12.734217	7.235660
38651		-2.734564	-12.747994	7.262790
