// General information: 
//  MT Manager version: 2021.4.0 
//  XDA version: 2021.4.0 build 6323 rev 112641 built on 2021-09-28
// Device information: 
//  DeviceId: 00B43856
//  ProductCode: MTW2-3A7G6
//  Firmware Version: 4.3.4
//  Hardware Version: 1.1.0
// Device settings: 
//  Filter Profile: human(46.1)
//  Option Flags: Orientation Smoother Disabled, Position/Velocity Smoother Disabled, Continuous Zero Rotation Update Disabled, AHS Disabled, ICC Disabled
// Coordinate system: ENU
PacketCounter	Roll	Pitch	Yaw
06061	-2.693559	2.219856	-3.631593
06062	-0.694597	1.221006	-3.420956
06063	1.329677	0.555820	-3.103578
06064	3.241429	0.073145	-2.787408
06065	4.903840	-0.520237	-2.628738
06066	6.327849	-1.361170	-2.733672
06067	7.683750	-2.322739	-2.935177
06068	9.093348	-3.214856	-3.087911
06069	10.594083	-3.875931	-3.125081
06070	12.174033	-4.284866	-3.131568
06071	13.816804	-4.473152	-3.250901
06072	15.518795	-4.525744	-3.555038
06073	17.224673	-4.549680	-4.059874
06074	18.886586	-4.497910	-4.702759
06075	20.498998	-4.309439	-5.392164
06076	22.043459	-3.978377	-6.088922
06077	23.506730	-3.562799	-6.743007
06078	24.864592	-3.061344	-7.331011
06079	26.081776	-2.463484	-7.810174
06080	27.169380	-1.810113	-8.157651
06081	28.117688	-1.183007	-8.396849
06082	28.934506	-0.622397	-8.543452
06083	29.635042	-0.178407	-8.581066
06084	30.238637	0.145592	-8.503211
06085	30.706791	0.407084	-8.321185
06086	31.044038	0.659068	-8.077355
06087	31.270058	0.924623	-7.835720
06088	31.397649	1.281289	-7.605727
06089	31.436936	1.684966	-7.431205
06090	31.345650	2.039839	-7.373279
06091	31.086739	2.369444	-7.454365
06092	30.663546	2.682145	-7.614309
06093	30.139205	2.923252	-7.790379
06094	29.606099	3.091339	-7.905433
06095	29.096573	3.215619	-7.908278
06096	28.559269	3.237238	-7.780322
06097	27.981690	3.091139	-7.529972
06098	27.401651	2.820356	-7.119855
06099	26.849135	2.418860	-6.462097
06100	26.383462	1.930462	-5.422016
06101	26.018935	1.577563	-4.039747
06102	25.758389	1.797302	-2.413090
06103	25.494779	2.334083	-0.979113
06104	24.972650	2.377968	-0.409712
06105	24.494112	2.090751	-0.174907
06106	24.087806	1.784351	-0.007337
06107	23.687410	1.468637	0.142177
06108	23.355270	1.552624	0.444274
06109	23.016879	1.943457	0.985513
06110	22.409167	2.711817	1.663922
06111	21.162990	3.608486	1.914417
06112	19.553038	3.892972	1.681206
06113	17.993365	3.741093	1.331793
06114	16.649786	3.578956	0.949158
06115	15.580933	3.554069	0.523895
06116	14.741682	3.683246	0.054864
06117	14.036586	3.997828	-0.412883
06118	13.286185	4.406139	-0.864431
06119	12.387426	4.626300	-1.310327
06120	11.372986	4.568781	-1.719006
06121	10.315657	4.513346	-2.059287
06122	9.270121	4.564684	-2.307006
06123	8.301640	4.728927	-2.439707
06124	7.422232	4.996905	-2.432802
06125	6.583699	5.321367	-2.289447
06126	5.722807	5.646878	-2.043951
06127	4.827249	5.907769	-1.735002
06128	3.940925	6.049876	-1.357016
06129	3.108995	6.091675	-0.886235
06130	2.318769	6.041174	-0.331885
06131	1.560585	5.937246	0.293478
06132	0.824930	5.852025	0.964109
06133	0.108789	5.848652	1.636991
06134	-0.624126	5.930884	2.253467
06135	-1.399127	6.081056	2.761104
06136	-2.235850	6.287843	3.125387
06137	-3.140990	6.551323	3.339435
06138	-4.120697	6.873564	3.426260
06139	-5.144020	7.298472	3.407572
06140	-6.183967	7.844618	3.319623
06141	-7.235622	8.455420	3.143265
06142	-8.269254	9.096486	2.846926
06143	-9.252708	9.758120	2.468113
06144	-10.157778	10.378405	2.059830
06145	-10.965759	10.877999	1.672620
06146	-11.677195	11.234346	1.356273
06147	-12.298596	11.510469	1.126894
06148	-12.832208	11.753945	0.974950
06149	-13.288666	11.945874	0.868770
06150	-13.688703	12.060222	0.763946
06151	-14.054695	12.141102	0.597640
06152	-14.367036	12.287317	0.342884
06153	-14.607115	12.480135	-0.029449
06154	-14.736213	12.614213	-0.527726
06155	-14.681664	12.587678	-1.093463
06156	-14.351295	12.352148	-1.680664
06157	-13.684694	11.892555	-2.258396
06158	-12.681060	11.093394	-2.779150
06159	-11.413614	9.865380	-3.325243
06160	-9.928527	8.321952	-3.877705
06161	-8.262626	6.593108	-4.334670
06162	-6.462689	4.740263	-4.651193
06163	-4.587248	2.996683	-4.824482
06164	-2.610698	1.647905	-4.809404
06165	-0.576587	0.803814	-4.629815
06166	1.440514	0.337266	-4.361553
06167	3.283786	-0.012615	-4.208256
06168	4.870782	-0.566897	-4.390675
06169	6.287540	-1.374136	-4.921043
06170	7.686585	-2.215092	-5.561338
06171	9.142141	-2.820472	-6.083859
06172	10.669986	-3.139026	-6.478385
06173	12.221288	-3.328574	-6.866132
06174	13.755801	-3.496564	-7.359897
06175	15.252282	-3.611077	-7.962928
06176	16.728511	-3.646000	-8.611273
06177	18.182367	-3.625237	-9.251659
06178	19.628381	-3.512141	-9.861808
06179	21.060479	-3.229775	-10.393170
06180	22.458441	-2.822812	-10.825320
06181	23.759128	-2.382089	-11.193186
06182	24.924331	-1.905382	-11.469675
06183	25.929499	-1.332281	-11.614659
06184	26.810603	-0.710885	-11.602026
06185	27.553474	-0.148775	-11.511935
06186	28.179166	0.323865	-11.346033
06187	28.704226	0.766220	-11.079463
06188	29.138735	1.146666	-10.712271
06189	29.508965	1.443628	-10.298667
06190	29.817239	1.683228	-9.894261
06191	30.045886	1.903805	-9.560762
06192	30.180372	2.147362	-9.352721
06193	30.181307	2.433981	-9.320531
06194	30.026743	2.777422	-9.421886
06195	29.727848	3.163867	-9.519588
06196	29.322320	3.474840	-9.477761
06197	28.846826	3.656339	-9.236978
06198	28.325503	3.696102	-8.827051
06199	27.777875	3.641263	-8.337214
06200	27.241428	3.515200	-7.818831
06201	26.727337	3.272571	-7.276454
06202	26.219646	2.901746	-6.654273
06203	25.744362	2.491244	-5.858802
06204	25.332722	2.175038	-4.867718
06205	24.925350	2.052808	-3.770194
06206	24.475003	2.350056	-2.639952
06207	23.981673	3.059544	-1.405074
06208	23.218957	3.499512	-0.700072
06209	22.336009	3.552151	-0.527242
06210	21.706151	3.533583	-0.297781
06211	21.193717	3.355589	-0.050556
06212	20.715899	3.145931	0.196938
06213	20.311130	3.186141	0.582931
06214	19.899688	3.489440	1.080099
06215	19.230129	4.109816	1.618352
06216	18.159707	4.683610	1.958474
06217	16.899493	4.849779	2.087601
06218	15.605438	4.708747	2.050235
06219	14.372068	4.565921	1.867102
06220	13.247524	4.599465	1.521219
06221	12.243535	4.929706	0.986189
06222	11.315022	5.441045	0.345842
06223	10.386745	5.806494	-0.306682
06224	9.416140	5.750246	-0.835765
06225	8.404487	5.501651	-1.187582
06226	7.414777	5.389005	-1.330872
06227	6.514725	5.483502	-1.291133
06228	5.711116	5.672103	-1.102553
06229	4.952455	5.887300	-0.789795
06230	4.155545	6.058827	-0.388352
06231	3.300705	6.212328	0.059909
06232	2.405118	6.328863	0.516159
06233	1.492802	6.376732	0.969432
06234	0.600811	6.394024	1.427388
06235	-0.269999	6.406061	1.899317
06236	-1.125634	6.437594	2.392389
06237	-1.981639	6.550434	2.878058
06238	-2.856957	6.743875	3.304966
06239	-3.774712	7.001547	3.623905
06240	-4.742805	7.307435	3.808849
06241	-5.772857	7.614364	3.830103
06242	-6.843862	7.921692	3.696645
06243	-7.913840	8.311105	3.429065
06244	-8.948481	8.819849	3.075613
06245	-9.900800	9.419024	2.680440
06246	-10.739562	10.002277	2.268761
06247	-11.455786	10.453658	1.845735
06248	-12.069740	10.709309	1.413559
06249	-12.583895	10.823479	1.015204
06250	-13.002072	10.868918	0.709804
06251	-13.364491	10.926863	0.474734
06252	-13.708599	11.044570	0.262637
06253	-14.053006	11.235477	0.070226
06254	-14.385132	11.454813	-0.080931
06255	-14.691733	11.676259	-0.261496
06256	-14.941298	11.864738	-0.575836
06257	-15.079199	11.962403	-1.060936
06258	-15.004419	11.915349	-1.641034
06259	-14.634706	11.726723	-2.229796
06260	-13.934801	11.341988	-2.736592
06261	-12.964659	10.679211	-3.101775
06262	-11.770352	9.731685	-3.339156
06263	-10.355834	8.522655	-3.582354
06264	-8.747855	6.997669	-3.746654
06265	-6.973112	5.334918	-3.806335
06266	-5.054522	3.743355	-3.765825
06267	-3.030694	2.466685	-3.643548
06268	-0.921386	1.533474	-3.399746
06269	1.166653	0.929661	-3.088606
06270	3.060876	0.439639	-2.904182
06271	4.652459	-0.235492	-3.060792
06272	6.077882	-1.154796	-3.536800
06273	7.502054	-2.098624	-4.100199
06274	9.006499	-2.798726	-4.624194
06275	10.559479	-3.142088	-5.087484
06276	12.119752	-3.211688	-5.556662
06277	13.641748	-3.119224	-6.095545
06278	15.136251	-2.916841	-6.727095
06279	16.586731	-2.616588	-7.402160
06280	17.999002	-2.304814	-8.070380
06281	19.357556	-1.999974	-8.744699
06282	20.676195	-1.653564	-9.402544
06283	21.904245	-1.241141	-10.041543
06284	23.046238	-0.785796	-10.591206
06285	24.088070	-0.213001	-10.970347
06286	25.049357	0.452623	-11.136400
06287	25.886503	1.068065	-11.149569
06288	26.599621	1.573315	-10.999394
06289	27.204386	1.947537	-10.698353
06290	27.697948	2.143783	-10.296713
06291	28.089597	2.211835	-9.811052
06292	28.419541	2.204723	-9.284686
06293	28.697203	2.175149	-8.768854
06294	28.893662	2.144269	-8.343846
06295	28.974585	2.133640	-8.056147
06296	28.945087	2.118682	-7.881293
06297	28.817106	2.113159	-7.764343
06298	28.606739	2.130844	-7.606012
06299	28.316038	2.161412	-7.293829
06300	27.949491	2.107768	-6.874125
06301	27.510927	1.929993	-6.447192
06302	27.045987	1.707567	-6.030995
06303	26.579896	1.453446	-5.550020
06304	26.093735	1.091250	-4.933100
06305	25.596988	0.623188	-4.115808
06306	25.093157	0.123768	-3.151975
06307	24.553453	-0.131356	-2.248186
06308	24.035351	0.252227	-1.510534
06309	23.630327	1.185363	-0.897367
06310	22.880236	1.500245	-1.106156
06311	21.985668	1.393884	-1.737651
06312	21.364600	1.524471	-2.054363
06313	20.777602	1.638679	-2.199863
06314	20.169827	1.775429	-2.234686
06315	19.564341	2.166603	-2.170487
06316	18.833638	2.967909	-2.044721
06317	17.840713	3.909290	-1.967214
06318	16.640847	4.418505	-2.064059
06319	15.418797	4.433036	-2.236165
06320	14.268619	4.221726	-2.348725
06321	13.225865	4.056654	-2.389145
06322	12.286267	4.027118	-2.443340
06323	11.418963	4.109114	-2.589485
06324	10.617576	4.183874	-2.736010
06325	9.802597	4.153772	-2.743638
06326	8.949256	4.045504	-2.502473
06327	8.105883	3.978383	-2.004985
06328	7.303109	3.995530	-1.371813
06329	6.528739	4.074295	-0.714971
06330	5.756072	4.183692	-0.074420
06331	4.954957	4.349054	0.543464
06332	4.139494	4.587864	1.139786
06333	3.327604	4.818054	1.712069
06334	2.506977	4.893222	2.243234
06335	1.657898	4.819110	2.730712
06336	0.777795	4.749264	3.169008
06337	-0.130286	4.807436	3.547315
06338	-1.058290	5.000005	3.809034
06339	-1.995008	5.318139	3.916369
06340	-2.952816	5.694048	3.872818
06341	-3.958354	6.061819	3.695307
06342	-5.015086	6.391671	3.388263
06343	-6.082275	6.795983	2.994935
06344	-7.135849	7.241480	2.598122
06345	-8.122755	7.677993	2.271426
06346	-8.991421	8.096960	2.027297
06347	-9.711784	8.543627	1.850084
06348	-10.281426	8.990056	1.706594
06349	-10.757176	9.394961	1.553539
06350	-11.196744	9.740820	1.378665
06351	-11.625540	10.053611	1.202187
06352	-12.034103	10.384467	1.043048
06353	-12.435159	10.728700	0.878530
06354	-12.801430	11.061247	0.682048
06355	-13.112454	11.385178	0.417586
06356	-13.345991	11.626751	0.026260
06357	-13.479240	11.726385	-0.532021
06358	-13.485090	11.637173	-1.249313
06359	-13.352732	11.390660	-2.032509
06360	-13.034202	11.042771	-2.744104
06361	-12.495561	10.604212	-3.278174
06362	-11.705262	10.014148	-3.590923
06363	-10.705845	9.146630	-3.760091
06364	-9.499307	7.989550	-3.904224
06365	-8.120028	6.586702	-4.041553
06366	-6.586648	5.002500	-4.183757
06367	-4.921946	3.450104	-4.319495
06368	-3.067985	2.152556	-4.348464
06369	-1.071640	1.177537	-4.211772
06370	1.008233	0.511630	-3.904638
06371	2.979404	0.049461	-3.579397
06372	4.683763	-0.529907	-3.470000
06373	6.126489	-1.404512	-3.653598
06374	7.499491	-2.467409	-3.911353
06375	8.871268	-3.448428	-4.148144
06376	10.282757	-4.043719	-4.442941
06377	11.773496	-4.178100	-4.781150
06378	13.361176	-4.097263	-5.143561
06379	14.971003	-3.971355	-5.565287
06380	16.539302	-3.847562	-6.082818
06381	18.000114	-3.725053	-6.670078
06382	19.380795	-3.539742	-7.267875
06383	20.700459	-3.199292	-7.828622
06384	21.980543	-2.683490	-8.321614
06385	23.209452	-2.073541	-8.725193
06386	24.352342	-1.443224	-9.022573
06387	25.384243	-0.829772	-9.198306
06388	26.322698	-0.247085	-9.226763
06389	27.168220	0.300585	-9.103897
06390	27.911914	0.735357	-8.893482
06391	28.551662	1.058124	-8.607670
06392	29.122429	1.304982	-8.226550
06393	29.617104	1.537690	-7.750114
06394	30.003383	1.693211	-7.266028
06395	30.281520	1.836767	-6.792352
06396	30.481317	2.008590	-6.368571
06397	30.570534	2.214197	-6.029448
06398	30.538510	2.359279	-5.822944
06399	30.370480	2.416193	-5.747804
06400	30.088970	2.474677	-5.689463
06401	29.718455	2.632881	-5.559175
06402	29.297870	2.780822	-5.395794
06403	28.824633	2.770925	-5.215890
06404	28.309052	2.657116	-4.982354
06405	27.765619	2.514222	-4.660841
06406	27.222919	2.294750	-4.223426
06407	26.683151	1.986217	-3.637382
06408	26.147437	1.614353	-2.884302
06409	25.610082	1.352096	-1.981464
06410	25.062218	1.383913	-1.112955
06411	24.591887	1.956753	-0.295512
06412	24.051690	2.541063	0.117626
06413	23.280282	2.623518	-0.037706
06414	22.611237	2.621842	-0.240326
06415	22.084780	2.564353	-0.330415
06416	21.554461	2.472356	-0.458743
06417	21.039498	2.572703	-0.528089
06418	20.527792	3.020826	-0.436315
06419	19.796282	3.895695	-0.259494
06420	18.669873	4.675351	-0.328995
06421	17.342265	4.918826	-0.688265
06422	16.026830	4.837307	-1.182622
06423	14.803199	4.744015	-1.743799
06424	13.705557	4.781923	-2.352587
06425	12.726714	5.022166	-2.974718
06426	11.814956	5.379762	-3.593309
06427	10.915852	5.612215	-4.128357
06428	9.970525	5.553368	-4.532983
06429	9.000160	5.336125	-4.743436
06430	8.081547	5.201011	-4.745005
06431	7.264930	5.257623	-4.560696
06432	6.534600	5.423980	-4.241652
06433	5.820107	5.626745	-3.833540
06434	5.059128	5.802448	-3.357045
06435	4.239193	5.915919	-2.826948
06436	3.390295	5.956131	-2.238520
06437	2.533644	5.947525	-1.611887
06438	1.679745	5.922757	-0.970730
06439	0.815277	5.900622	-0.344140
06440	-0.064888	5.919351	0.231633
06441	-0.953122	6.035668	0.723607
06442	-1.834290	6.242973	1.121203
06443	-2.709694	6.509882	1.428741
06444	-3.585869	6.768268	1.633301
06445	-4.474112	6.994376	1.711713
06446	-5.357723	7.217474	1.675671
06447	-6.218310	7.470001	1.556394
06448	-7.038024	7.758715	1.360339
06449	-7.828925	8.084040	1.069025
06450	-8.612485	8.432287	0.678504
06451	-9.383706	8.783951	0.224575
06452	-10.116601	9.102667	-0.216829
06453	-10.781332	9.423853	-0.600003
06454	-11.358563	9.743187	-0.889528
06455	-11.866910	10.049994	-1.079580
06456	-12.306926	10.320557	-1.197371
06457	-12.694461	10.553298	-1.318015
06458	-13.013317	10.738799	-1.505545
06459	-13.251033	10.868948	-1.787132
06460	-13.390398	10.935168	-2.140726
06461	-13.425703	10.944013	-2.539517
06462	-13.335643	10.881184	-2.934315
06463	-13.099878	10.760269	-3.259180
06464	-12.664539	10.554832	-3.461386
06465	-12.012702	10.215028	-3.551988
06466	-11.139548	9.614536	-3.556702
06467	-10.076156	8.710235	-3.561947
06468	-8.815767	7.560203	-3.605743
06469	-7.374671	6.195758	-3.678282
06470	-5.771431	4.702210	-3.806312
06471	-4.039908	3.236524	-3.930789
06472	-2.162309	1.992204	-3.998824
06473	-0.159862	1.039658	-3.927815
06474	1.889610	0.323988	-3.789087
06475	3.786731	-0.347886	-3.745900
06476	5.423338	-1.187046	-3.946102
06477	6.857196	-2.128718	-4.362433
06478	8.262948	-3.064172	-4.848349
06479	9.714022	-3.873977	-5.331183
06480	11.241690	-4.339507	-5.821922
06481	12.837401	-4.412785	-6.289292
06482	14.465831	-4.296888	-6.780454
06483	16.070019	-4.119329	-7.334157
06484	17.613600	-3.868673	-7.913190
06485	19.074568	-3.548959	-8.471153
06486	20.475988	-3.154402	-8.983079
06487	21.826011	-2.676558	-9.404874
06488	23.133282	-2.143737	-9.739105
06489	24.354057	-1.589918	-9.990690
06490	25.476047	-1.023014	-10.119948
06491	26.495006	-0.391448	-10.091230
06492	27.420975	0.213399	-9.946672
06493	28.249824	0.754077	-9.706719
06494	28.973702	1.198012	-9.380261
06495	29.599521	1.578696	-8.926121
06496	30.129210	1.912177	-8.370386
06497	30.549956	2.189145	-7.786088
06498	30.881076	2.406194	-7.203045
06499	31.105798	2.580882	-6.648652
06500	31.215488	2.695639	-6.159231
06501	31.200845	2.793973	-5.763528
06502	31.062294	2.921717	-5.457997
06503	30.786742	3.031934	-5.222482
06504	30.424639	3.049974	-4.983414
06505	30.016609	2.984771	-4.675776
06506	29.589580	2.886094	-4.289471
06507	29.131013	2.788899	-3.916108
06508	28.651818	2.683731	-3.629129
06509	28.159825	2.565243	-3.355257
06510	27.669708	2.430254	-2.983842
06511	27.157775	2.279919	-2.462503
06512	26.569313	2.136317	-1.795949
06513	25.868019	2.006031	-1.018570
06514	25.134554	1.987028	-0.156305
06515	24.510762	2.404534	0.781472
06516	23.945921	3.119926	1.607428
06517	23.386699	3.427380	2.000050
06518	22.986457	3.343274	2.126039
06519	22.725259	3.134833	2.176811
06520	22.458629	2.676797	2.145204
06521	22.160401	2.237115	2.092350
06522	21.943524	2.230839	2.180591
06523	21.798991	2.966165	2.776349
06524	21.119555	4.319166	3.440239
06525	19.665070	5.269159	3.273510
06526	18.037559	5.346101	2.652546
06527	16.538622	5.144748	1.993581
06528	15.275249	5.042505	1.343868
06529	14.264617	5.135524	0.697688
06530	13.454412	5.397858	0.088125
06531	12.690322	5.683278	-0.429304
06532	11.845694	5.721495	-0.796687
06533	10.924448	5.545506	-0.984121
06534	9.988651	5.405554	-1.048694
06535	9.107744	5.421661	-1.014300
06536	8.302760	5.530569	-0.908858
06537	7.558935	5.658654	-0.713362
06538	6.824763	5.793701	-0.399025
06539	6.040285	5.919952	0.000600
06540	5.190636	5.973596	0.427247
06541	4.300206	5.973144	0.860634
06542	3.425521	5.951428	1.317964
06543	2.583427	5.947487	1.810203
06544	1.753537	5.953573	2.310805
06545	0.918297	5.977170	2.781912
06546	0.087752	6.051696	3.189167
06547	-0.724935	6.179602	3.513242
06548	-1.521575	6.307933	3.739798
06549	-2.325089	6.443870	3.857059
06550	-3.159773	6.580751	3.836400
06551	-4.022490	6.708634	3.674748
06552	-4.900945	6.856549	3.381768
06553	-5.791366	7.095973	2.972356
06554	-6.702245	7.465584	2.448400
06555	-7.635077	7.974602	1.809601
06556	-8.571087	8.579725	1.092533
06557	-9.465094	9.156925	0.413190
06558	-10.248084	9.596979	-0.105401
06559	-10.877213	9.877990	-0.436336
06560	-11.356529	10.037670	-0.595280
06561	-11.730289	10.158827	-0.595207
06562	-12.043162	10.313384	-0.485856
06563	-12.331564	10.541751	-0.304979
06564	-12.611717	10.830252	-0.113141
06565	-12.915816	11.120350	-0.009883
06566	-13.240858	11.376445	-0.085359
06567	-13.557599	11.597344	-0.365610
06568	-13.820085	11.689600	-0.838363
06569	-14.018607	11.589843	-1.467806
06570	-14.093934	11.314564	-2.146174
06571	-13.965970	10.947438	-2.730094
06572	-13.548502	10.496273	-3.116052
06573	-12.838948	9.894871	-3.297547
06574	-11.852580	9.041699	-3.369742
06575	-10.613158	7.896866	-3.481315
06576	-9.151622	6.396555	-3.650932
06577	-7.532579	4.622882	-3.892851
06578	-5.770592	2.890964	-4.167847
06579	-3.870052	1.427063	-4.320537
06580	-1.825257	0.368040	-4.251799
06581	0.261758	-0.278402	-3.956453
06582	2.210867	-0.701414	-3.644884
06583	3.860528	-1.190218	-3.607804
06584	5.291959	-1.940990	-3.956210
06585	6.691486	-2.821394	-4.457345
06586	8.175273	-3.572565	-4.847667
06587	9.730848	-3.942641	-5.033511
06588	11.336947	-3.915505	-5.118466
06589	12.926515	-3.724103	-5.258302
06590	14.482431	-3.528266	-5.581386
06591	15.966771	-3.378019	-6.077806
06592	17.404458	-3.286766	-6.658520
06593	18.809068	-3.182393	-7.241702
06594	20.214039	-3.001127	-7.752623
06595	21.580065	-2.761428	-8.196788
06596	22.869190	-2.446329	-8.543070
06597	24.031394	-2.020993	-8.771868
06598	25.078074	-1.506848	-8.866721
06599	26.000959	-0.956994	-8.819008
06600	26.800038	-0.449267	-8.637856
06601	27.459430	-0.033188	-8.351935
06602	28.004517	0.271841	-7.993465
06603	28.444394	0.516477	-7.591160
06604	28.804583	0.736650	-7.190962
06605	29.097400	0.962548	-6.847816
06606	29.317201	1.225686	-6.604437
06607	29.416352	1.498215	-6.484861
06608	29.372569	1.759124	-6.485664
06609	29.164502	2.051607	-6.585619
06610	28.798707	2.344034	-6.742193
06611	28.314316	2.599022	-6.897883
06612	27.784539	2.746780	-7.004932
06613	27.233138	2.776467	-7.001865
06614	26.678819	2.748892	-6.851200
06615	26.110199	2.709535	-6.522941
06616	25.529436	2.597888	-6.018688
06617	24.927451	2.319066	-5.353584
06618	24.355727	1.907815	-4.461665
06619	23.840436	1.642014	-3.453658
06620	23.471640	1.986989	-2.432325
06621	23.278460	2.923912	-1.382732
06622	22.762861	3.302133	-1.076753
06623	22.071462	3.114231	-1.212468
06624	21.542610	2.957954	-1.173738
06625	21.066813	2.724994	-1.013611
06626	20.638106	2.667395	-0.772154
06627	20.287540	2.963199	-0.303283
06628	19.807788	3.754633	0.312530
06629	18.904070	4.906691	0.829805
06630	17.622469	5.454604	0.953022
06631	16.281908	5.216500	0.888277
06632	15.061179	4.747058	0.751850
06633	14.040531	4.442427	0.545275
06634	13.216951	4.414549	0.268886
06635	12.478853	4.647618	-0.070988
06636	11.695723	4.875430	-0.398493
06637	10.788060	4.786510	-0.662053
06638	9.772563	4.500293	-0.845379
06639	8.732298	4.337638	-0.946523
06640	7.741230	4.373024	-0.980145
06641	6.817983	4.565915	-0.956397
06642	5.930786	4.875545	-0.855261
06643	4.990398	5.230811	-0.658373
06644	3.970687	5.553047	-0.363788
06645	2.916423	5.805183	0.005436
06646	1.886540	5.961986	0.430696
06647	0.915238	6.052446	0.918805
06648	0.000749	6.129366	1.445168
06649	-0.886309	6.246904	1.956910
06650	-1.766905	6.400391	2.408129
06651	-2.651134	6.598473	2.775946
06652	-3.535358	6.821824	3.061034
06653	-4.428356	7.046212	3.251733
06654	-5.328674	7.279487	3.337932
06655	-6.184927	7.551721	3.356095
06656	-6.968232	7.871247	3.317240
06657	-7.682382	8.251584	3.202157
06658	-8.353946	8.650571	2.987082
06659	-9.014477	9.048295	2.646808
06660	-9.677943	9.417989	2.187282
06661	-10.344299	9.734097	1.669788
06662	-10.979700	10.014889	1.202713
06663	-11.562748	10.304600	0.806401
06664	-12.100032	10.598818	0.451148
06665	-12.605280	10.887375	0.097197
06666	-13.049955	11.144136	-0.252665
06667	-13.421696	11.339464	-0.596743
06668	-13.687115	11.459467	-0.962509
06669	-13.836567	11.496547	-1.367197
06670	-13.856363	11.419634	-1.809801
06671	-13.772940	11.244209	-2.301810
06672	-13.584342	11.005027	-2.796082
06673	-13.256946	10.760378	-3.180145
06674	-12.728974	10.468957	-3.361938
06675	-11.985466	10.033175	-3.364628
06676	-11.024212	9.340200	-3.273877
06677	-9.844717	8.404764	-3.184027
06678	-8.426034	7.195942	-3.115128
06679	-6.822481	5.650547	-3.119341
06680	-5.068515	3.977182	-3.219695
06681	-3.199587	2.374201	-3.349799
06682	-1.193096	1.076189	-3.407058
06683	0.902718	0.170790	-3.348780
06684	2.923628	-0.454618	-3.320922
06685	4.657254	-1.127571	-3.537018
06686	6.126101	-1.988040	-4.084158
06687	7.500346	-2.899678	-4.796651
06688	8.906253	-3.703827	-5.469512
06689	10.365313	-4.232683	-6.035040
06690	11.922793	-4.391242	-6.514449
06691	13.551446	-4.244274	-6.931069
06692	15.225305	-3.938923	-7.360796
06693	16.842401	-3.566841	-7.886522
06694	18.353944	-3.160068	-8.483306
06695	19.765445	-2.683057	-9.058927
06696	21.122917	-2.080867	-9.511161
06697	22.438620	-1.407153	-9.815474
06698	23.696767	-0.738184	-9.989649
06699	24.851975	-0.083805	-10.045700
06700	25.879811	0.468558	-9.990282
06701	26.789164	0.897738	-9.776792
06702	27.597198	1.206916	-9.385005
06703	28.287413	1.358705	-8.825064
06704	28.899941	1.349947	-8.106085
06705	29.443136	1.203041	-7.232090
06706	29.908277	0.959665	-6.267162
06707	30.271559	0.683793	-5.300153
06708	30.527478	0.438456	-4.436131
06709	30.638540	0.245296	-3.709912
06710	30.597974	0.061107	-3.137457
06711	30.402132	-0.090247	-2.716326
06712	30.057567	-0.145291	-2.431825
06713	29.633521	-0.069794	-2.315973
06714	29.171311	0.061622	-2.333103
06715	28.651346	0.205735	-2.400195
06716	28.072717	0.330095	-2.471461
06717	27.491347	0.437271	-2.483596
06718	26.973693	0.577688	-2.358651
06719	26.513389	0.706670	-2.141164
06720	26.120235	0.708600	-1.781537
06721	25.776137	0.631667	-1.254459
06722	25.519048	0.745526	-0.553040
06723	25.230501	1.273396	0.239340
06724	24.684548	1.632985	0.725527
06725	23.957768	1.628187	0.734576
06726	23.356875	1.636271	0.560843
06727	22.916745	1.633867	0.276699
06728	22.579951	1.693163	0.090966
06729	22.236862	1.942732	0.176310
06730	21.734834	2.576707	0.560177
06731	20.842998	3.546294	0.972183
06732	19.603612	4.206097	1.061590
06733	18.290592	4.355004	0.928914
06734	17.089140	4.283255	0.822344
06735	16.052496	4.223251	0.807201
06736	15.179468	4.223222	0.875538
06737	14.438879	4.285431	0.984762
06738	13.719001	4.302555	1.047372
06739	12.947705	4.184461	1.064837
06740	12.107892	3.980376	1.066478
06741	11.229306	3.782548	1.119331
06742	10.357367	3.673665	1.252213
06743	9.508432	3.690895	1.441847
06744	8.690034	3.785339	1.660023
06745	7.886767	3.947529	1.878915
06746	7.057009	4.153755	2.061567
06747	6.173267	4.369957	2.184332
06748	5.251047	4.523220	2.269651
06749	4.313828	4.586905	2.357613
06750	3.381292	4.595028	2.490653
06751	2.452242	4.588574	2.676566
06752	1.515194	4.586791	2.898518
06753	0.572854	4.655444	3.130529
06754	-0.368259	4.821035	3.331547
06755	-1.307469	5.075551	3.469540
06756	-2.256631	5.355799	3.502437
06757	-3.236739	5.620370	3.413827
06758	-4.254421	5.888715	3.222993
06759	-5.299783	6.203595	2.972181
06760	-6.335104	6.563325	2.730189
06761	-7.307401	6.977414	2.528643
06762	-8.190492	7.416246	2.335857
06763	-8.977503	7.809178	2.113631
06764	-9.634254	8.127825	1.918266
06765	-10.157820	8.396431	1.795396
06766	-10.562510	8.619852	1.763503
06767	-10.877908	8.824599	1.818677
06768	-11.136730	9.050225	1.918225
06769	-11.394634	9.285495	2.011199
06770	-11.664638	9.511087	2.047152
06771	-11.934173	9.753172	1.991420
06772	-12.149599	9.975931	1.818073
06773	-12.281098	10.106327	1.482937
06774	-12.296871	10.074991	0.975604
06775	-12.145547	9.903935	0.358921
06776	-11.735204	9.607802	-0.257923
06777	-11.015544	9.173426	-0.789822
06778	-9.981875	8.499652	-1.212606
06779	-8.675564	7.523420	-1.587952
06780	-7.115175	6.247982	-1.986732
06781	-5.394307	4.671964	-2.391477
06782	-3.530099	2.975537	-2.754625
06783	-1.518523	1.448336	-2.964239
06784	0.647912	0.296807	-2.966702
06785	2.872007	-0.471178	-2.778470
06786	4.986144	-0.970255	-2.637253
06787	6.809043	-1.477236	-2.784879
06788	8.366198	-2.180946	-3.348254
06789	9.819461	-3.009423	-4.173218
06790	11.305411	-3.738624	-5.062126
06791	12.847686	-4.141679	-5.931431
06792	14.444622	-4.194939	-6.774489
06793	16.046978	-4.016474	-7.621828
06794	17.624598	-3.697564	-8.497442
06795	19.127845	-3.269727	-9.367228
06796	20.544290	-2.771626	-10.182312
06797	21.869198	-2.216933	-10.899139
06798	23.124451	-1.642193	-11.495591
06799	24.303823	-1.061545	-11.950624
06800	25.394021	-0.480005	-12.282070
06801	26.374370	0.106642	-12.516836
06802	27.245052	0.683415	-12.678144
06803	28.051184	1.276130	-12.691574
06804	28.780421	1.826303	-12.559588
06805	29.421450	2.288568	-12.293301
06806	29.971265	2.623806	-11.906426
06807	30.428652	2.857842	-11.417149
06808	30.790747	3.002848	-10.870139
06809	31.079827	3.051029	-10.294196
06810	31.312204	3.035410	-9.703705
06811	31.476757	2.987791	-9.135262
06812	31.542428	2.882125	-8.651281
06813	31.481682	2.791100	-8.277921
06814	31.292668	2.746743	-8.010020
06815	30.984082	2.741331	-7.788821
06816	30.599755	2.704230	-7.515579
06817	30.173320	2.591483	-7.118481
06818	29.749101	2.402906	-6.578255
06819	29.342540	2.217007	-5.966793
06820	28.965851	2.098868	-5.359413
06821	28.580011	2.040679	-4.802009
06822	28.162673	1.996782	-4.214475
06823	27.710632	1.958312	-3.468822
06824	27.228385	1.908318	-2.516936
06825	26.684798	1.970199	-1.468550
06826	26.083962	2.464531	-0.402884
06827	25.386354	3.136304	0.486831
06828	24.515575	3.389522	0.752778
06829	23.701214	3.452192	0.636020
06830	23.118242	3.462760	0.580129
06831	22.615928	3.329109	0.638928
06832	22.182168	3.207164	0.870024
06833	21.799635	3.324654	1.294717
06834	21.272541	3.778126	1.830467
06835	20.388056	4.365537	2.215573
06836	19.247592	4.691802	2.325550
06837	18.047004	4.739749	2.216143
06838	16.893007	4.728406	1.970256
06839	15.831729	4.811974	1.641429
06840	14.878122	5.034785	1.280567
06841	13.962692	5.345168	0.869844
06842	13.002703	5.580315	0.360852
06843	11.993311	5.561605	-0.180172
06844	10.980408	5.368168	-0.587983
06845	10.005262	5.206373	-0.777030
06846	9.103422	5.159455	-0.776767
06847	8.271768	5.214837	-0.683415
06848	7.478167	5.372846	-0.540612
06849	6.665734	5.615899	-0.352246
06850	5.778986	5.905819	-0.122161
06851	4.824814	6.201191	0.159051
06852	3.831401	6.406072	0.475182
06853	2.841947	6.500242	0.821737
06854	1.886073	6.522774	1.215670
06855	0.969627	6.565604	1.653272
06856	0.083403	6.661285	2.110263
06857	-0.795920	6.810759	2.542385
06858	-1.705788	6.974113	2.915909
06859	-2.659337	7.161266	3.207059
06860	-3.649383	7.424607	3.393313
06861	-4.653386	7.788965	3.480243
06862	-5.643472	8.213600	3.478927
06863	-6.591309	8.688820	3.431205
06864	-7.448428	9.167537	3.429238
06865	-8.170351	9.615737	3.505701
06866	-8.773271	9.990276	3.610523
06867	-9.272476	10.271582	3.749947
06868	-9.674198	10.481182	3.965409
06869	-10.002987	10.726202	4.259002
06870	-10.301280	11.067023	4.566499
06871	-10.613929	11.511689	4.801152
06872	-10.987123	11.970513	4.863715
06873	-11.429709	12.353148	4.673879
06874	-11.882383	12.627352	4.226003
06875	-12.279620	12.787618	3.531125
06876	-12.591456	12.782117	2.631121
06877	-12.811216	12.637785	1.595966
06878	-12.874027	12.412705	0.580990
06879	-12.690330	12.157984	-0.229939
06880	-12.223168	11.881692	-0.723366
06881	-11.476963	11.528739	-0.832072
06882	-10.471385	10.909995	-0.627130
06883	-9.255808	9.868322	-0.337851
06884	-7.789539	8.424466	-0.163751
06885	-6.144263	6.588133	-0.074448
06886	-4.382788	4.561614	-0.117584
06887	-2.511656	2.721213	-0.256331
06888	-0.521013	1.251354	-0.372432
06889	1.552020	0.255025	-0.366907
06890	3.576955	-0.358920	-0.372678
06891	5.409270	-0.846168	-0.540701
06892	6.983192	-1.522721	-0.987101
06893	8.372373	-2.462206	-1.639323
06894	9.737049	-3.456108	-2.288308
06895	11.142042	-4.232293	-2.828239
06896	12.605093	-4.671122	-3.309169
06897	14.104046	-4.791757	-3.794258
06898	15.628922	-4.684226	-4.359265
06899	17.138552	-4.456276	-5.059188
06900	18.604355	-4.159824	-5.893311
06901	20.002034	-3.782974	-6.828382
06902	21.354084	-3.326443	-7.788992
06903	22.663459	-2.740720	-8.732310
06904	23.967354	-2.010115	-9.596599
06905	25.208412	-1.121422	-10.366354
06906	26.264535	-0.246690	-11.099741
06907	27.135867	0.559086	-11.701149
06908	27.852939	1.279341	-12.050253
06909	28.419309	1.888837	-12.133099
06910	28.858487	2.332851	-11.994105
06911	29.178902	2.560182	-11.706441
06912	29.402756	2.545980	-11.331910
06913	29.562225	2.426429	-10.895864
06914	29.670432	2.377887	-10.461814
06915	29.704291	2.407256	-10.091701
06916	29.621528	2.394192	-9.834004
06917	29.376376	2.360047	-9.697126
06918	28.973216	2.370735	-9.589512
06919	28.462742	2.457256	-9.462635
06920	27.939433	2.520393	-9.324453
06921	27.428733	2.482684	-9.108399
06922	26.914456	2.407336	-8.720847
06923	26.410960	2.380196	-8.135458
06924	25.984352	2.300093	-7.344218
06925	25.664232	2.029514	-6.228959
06926	25.443848	1.563287	-4.737031
06927	25.253934	1.344289	-3.057163
06928	25.013182	1.699221	-1.497151
06929	24.603784	1.824259	-0.661878
06930	24.086186	1.598359	-0.529706
06931	23.630556	1.580318	-0.759225
06932	23.240934	1.598485	-1.019383
06933	22.827950	1.735613	-1.009138
06934	22.319194	1.978283	-0.684746
06935	21.574037	2.556602	-0.255904
06936	20.481579	3.305661	0.028706
06937	19.170431	3.654299	-0.009296
06938	17.879990	3.616728	-0.178369
06939	16.735581	3.486643	-0.370589
06940	15.744911	3.415274	-0.573347
06941	14.869140	3.518562	-0.763549
06942	14.016259	3.833407	-0.933105
06943	13.081048	4.159861	-1.105416
06944	12.046056	4.250532	-1.280076
06945	10.967056	4.142321	-1.385911
06946	9.906295	4.007673	-1.356566
06947	8.917193	3.942639	-1.186440
06948	8.037164	3.973699	-0.887510
06949	7.215387	4.102543	-0.482456
06950	6.365608	4.322481	0.000247
06951	5.437403	4.628568	0.539876
06952	4.436572	4.944816	1.090841
06953	3.419099	5.158355	1.597233
06954	2.437674	5.210729	2.051894
06955	1.509525	5.161280	2.485082
06956	0.616362	5.076603	2.899282
06957	-0.261956	5.037397	3.279006
06958	-1.121318	5.093623	3.614865
06959	-1.979584	5.246721	3.879717
06960	-2.872980	5.488894	4.045075
06961	-3.832487	5.811903	4.109824
06962	-4.857842	6.248678	4.093316
06963	-5.885493	6.826352	4.086067
06964	-6.824554	7.503540	4.148709
06965	-7.642833	8.198967	4.210897
06966	-8.336784	8.773334	4.222478
06967	-8.890703	9.147211	4.206014
06968	-9.320101	9.372520	4.192837
06969	-9.681483	9.577030	4.192851
06970	-10.015906	9.832978	4.173411
06971	-10.339303	10.149777	4.104980
06972	-10.671473	10.479453	3.974636
06973	-11.015738	10.786748	3.765563
06974	-11.328855	11.089730	3.440378
06975	-11.558011	11.359653	2.956727
06976	-11.665137	11.464444	2.267092
06977	-11.666293	11.363389	1.348400
06978	-11.509408	11.115374	0.361756
06979	-11.095706	10.804339	-0.479522
06980	-10.355339	10.401180	-1.050760
06981	-9.326578	9.751640	-1.318610
06982	-8.071937	8.737602	-1.404772
06983	-6.625899	7.391488	-1.532747
06984	-5.055464	5.685783	-1.686222
06985	-3.400973	3.802310	-1.864006
06986	-1.601387	2.074482	-1.986206
06987	0.374684	0.741964	-1.936590
06988	2.486660	-0.212056	-1.687887
06989	4.550980	-0.886427	-1.362915
06990	6.377441	-1.488759	-1.178326
06991	7.863743	-2.262680	-1.346526
06992	9.205034	-3.259939	-1.748723
06993	10.551723	-4.324340	-2.159585
06994	11.962858	-5.168763	-2.559969
06995	13.441097	-5.570613	-2.954033
06996	15.000550	-5.642816	-3.385240
06997	16.586999	-5.614376	-3.939762
06998	18.145921	-5.548938	-4.654059
06999	19.620380	-5.366522	-5.435195
07000	21.013743	-5.052953	-6.213980
07001	22.338538	-4.597439	-6.982282
07002	23.626360	-4.058965	-7.724384
07003	24.856328	-3.455231	-8.414983
07004	25.998455	-2.804412	-9.017204
07005	26.996938	-2.169536	-9.535799
07006	27.878013	-1.574267	-9.890390
07007	28.654240	-0.991251	-10.018592
07008	29.310385	-0.540184	-9.991738
07009	29.835994	-0.271413	-9.845404
07010	30.259167	-0.171601	-9.574204
07011	30.591093	-0.177104	-9.155298
07012	30.848193	-0.280080	-8.636513
07013	31.034906	-0.421017	-8.104644
07014	31.149933	-0.530037	-7.634067
07015	31.167460	-0.600052	-7.300401
07016	31.060095	-0.634691	-7.139698
07017	30.824941	-0.561182	-7.096145
07018	30.501382	-0.350175	-7.082035
07019	30.108206	-0.072923	-7.054101
07020	29.663375	0.183255	-7.012727
07021	29.172800	0.396652	-6.953894
07022	28.635551	0.544248	-6.858963
07023	28.046398	0.592385	-6.706654
07024	27.388903	0.522639	-6.484965
07025	26.695400	0.350376	-6.082666
07026	26.056702	0.170055	-5.366530
07027	25.512360	0.180791	-4.363214
07028	25.081405	0.847527	-3.110939
07029	24.570960	1.550285	-2.114324
07030	23.850657	1.444655	-2.064278
07031	23.331224	1.195599	-2.250500
07032	23.004429	0.911739	-2.377510
07033	22.700626	0.577819	-2.400189
07034	22.413108	0.621606	-2.114548
07035	22.025714	1.185752	-1.416335
07036	21.174391	2.282634	-0.661217
07037	19.786339	3.093987	-0.421857
07038	18.275631	3.135960	-0.554393
07039	16.881598	2.909341	-0.766362
07040	15.695401	2.804097	-1.013592
07041	14.724913	2.910351	-1.290081
07042	13.897151	3.224320	-1.567237
07043	13.059463	3.595392	-1.847247
07044	12.112559	3.673162	-2.089218
07045	11.074118	3.396622	-2.200549
07046	10.017895	3.029486	-2.094117
07047	9.025754	2.734542	-1.772850
07048	8.155779	2.548096	-1.304251
07049	7.405795	2.517956	-0.736662
07050	6.694897	2.670006	-0.096503
07051	5.894810	2.997376	0.551246
07052	4.956701	3.395813	1.149958
07053	3.935554	3.695302	1.659264
07054	2.911296	3.838119	2.067070
07055	1.919181	3.901712	2.383379
07056	0.962010	3.943817	2.657462
07057	0.042939	3.980163	2.946717
07058	-0.814068	4.051796	3.263615
07059	-1.586314	4.223853	3.589975
07060	-2.307772	4.454054	3.894962
07061	-3.026892	4.708880	4.130225
07062	-3.791279	5.004770	4.309685
07063	-4.560169	5.324262	4.517145
07064	-5.269294	5.705821	4.802058
07065	-5.900186	6.115900	5.093507
07066	-6.456797	6.470712	5.292054
07067	-6.950631	6.765556	5.368797
07068	-7.392881	7.134007	5.336780
07069	-7.814219	7.667177	5.234760
07070	-8.238755	8.287195	5.090823
07071	-8.657135	8.876170	4.914231
07072	-9.042846	9.335880	4.693785
07073	-9.393278	9.646481	4.369597
07074	-9.710685	9.854864	3.884342
07075	-9.986393	9.986126	3.269857
07076	-10.188997	10.028909	2.645217
07077	-10.314150	9.979837	2.068649
07078	-10.341646	9.839466	1.597956
07079	-10.209110	9.667954	1.316703
07080	-9.825156	9.494967	1.236291
07081	-9.160128	9.243307	1.296698
07082	-8.219413	8.717134	1.451756
07083	-7.044476	7.816970	1.548784
07084	-5.660147	6.587173	1.427183
07085	-4.112559	5.082253	1.150178
07086	-2.430402	3.425071	0.752397
07087	-0.609648	1.863348	0.375695
07088	1.364249	0.573957	0.166904
07089	3.442447	-0.311646	0.182402
07090	5.500895	-0.903918	0.307897
07091	7.377035	-1.459463	0.407504
07092	8.969837	-2.159675	0.331058
07093	10.359965	-3.015071	0.124941
07094	11.704820	-3.958936	-0.107297
07095	13.055217	-4.752158	-0.461526
07096	14.475904	-5.120959	-0.947448
07097	16.004865	-5.034171	-1.463787
07098	17.604105	-4.790261	-2.013855
07099	19.168031	-4.569444	-2.697474
07100	20.636248	-4.317592	-3.486570
07101	21.994974	-3.960510	-4.295069
07102	23.280197	-3.518931	-5.042795
07103	24.520339	-3.032413	-5.707731
07104	25.712797	-2.543620	-6.303869
07105	26.819159	-2.054244	-6.812071
07106	27.843402	-1.567563	-7.160805
07107	28.781652	-1.134100	-7.306320
07108	29.639166	-0.820537	-7.234266
07109	30.364952	-0.655902	-7.001370
07110	30.961663	-0.688535	-6.617313
07111	31.435154	-0.861850	-6.134803
07112	31.805656	-1.125667	-5.589128
07113	32.099396	-1.370166	-4.997979
07114	32.297356	-1.514130	-4.460249
07115	32.373937	-1.604276	-4.059751
07116	32.321305	-1.729318	-3.807866
07117	32.115754	-1.786432	-3.700752
07118	31.730508	-1.603438	-3.682328
07119	31.197189	-1.186106	-3.791229
07120	30.560637	-0.779197	-3.986440
07121	29.854779	-0.489257	-4.176120
07122	29.119144	-0.332425	-4.289104
07123	28.382271	-0.284412	-4.286504
07124	27.660510	-0.314415	-4.203072
07125	26.950071	-0.453459	-4.008721
07126	26.224184	-0.745391	-3.639332
07127	25.499808	-1.057674	-3.033439
07128	24.879575	-1.105663	-2.230559
07129	24.523737	-0.488076	-1.160695
07130	24.259397	0.176428	-0.274504
07131	23.759775	0.065979	-0.227425
07132	23.369478	-0.155243	-0.452437
07133	23.055007	-0.397564	-0.651634
07134	22.753122	-0.577923	-0.817835
07135	22.493233	-0.379222	-0.732181
07136	22.168117	0.438201	-0.249626
07137	21.302790	1.800071	0.266338
07138	19.876484	2.557369	0.182515
07139	18.368970	2.393805	-0.239316
07140	17.010346	2.025343	-0.709882
07141	15.908584	1.801561	-1.131836
07142	15.055472	1.739530	-1.504316
07143	14.366915	1.873981	-1.844855
07144	13.700130	2.171114	-2.109518
07145	12.929576	2.377502	-2.240624
07146	12.046152	2.321887	-2.177739
07147	11.123478	2.226606	-1.953096
07148	10.259652	2.220705	-1.631015
07149	9.482188	2.263871	-1.262039
07150	8.775812	2.340703	-0.861705
07151	8.087083	2.497274	-0.421789
07152	7.343701	2.755782	0.061445
07153	6.512588	3.076088	0.586136
07154	5.614626	3.315450	1.135131
07155	4.695544	3.358728	1.690547
07156	3.799890	3.264637	2.271216
07157	2.941182	3.162460	2.892801
07158	2.122772	3.145138	3.544250
07159	1.343915	3.266599	4.176835
07160	0.599675	3.525936	4.723319
07161	-0.164778	3.832973	5.123447
07162	-1.017182	4.037928	5.362673
07163	-1.944419	4.188149	5.492111
07164	-2.890688	4.414183	5.581747
07165	-3.841197	4.772477	5.650215
07166	-4.807760	5.213147	5.694639
07167	-5.753479	5.703958	5.727519
07168	-6.612604	6.257656	5.768277
07169	-7.355212	6.842274	5.825380
07170	-7.993774	7.386894	5.861910
07171	-8.524116	7.846488	5.890232
07172	-8.933630	8.203482	5.930970
07173	-9.232432	8.484501	6.000993
07174	-9.469259	8.715500	6.050602
07175	-9.682212	8.949142	6.002758
07176	-9.885286	9.202089	5.833632
07177	-10.070455	9.459547	5.574940
07178	-10.227747	9.689861	5.240597
07179	-10.372851	9.873914	4.780250
07180	-10.497110	9.960341	4.181558
07181	-10.522000	9.930677	3.535436
07182	-10.338658	9.790891	2.943392
07183	-9.883280	9.546776	2.478666
07184	-9.144728	9.086900	2.183720
07185	-8.171652	8.278991	2.014883
07186	-6.968623	7.120253	1.818515
07187	-5.564127	5.682911	1.560018
07188	-3.987559	4.105876	1.223079
07189	-2.308561	2.504654	0.789828
07190	-0.507036	1.136462	0.396799
07191	1.393825	0.060480	0.169690
07192	3.380185	-0.697872	0.145119
07193	5.348194	-1.222314	0.165952
07194	7.210633	-1.681490	0.051591
07195	8.873880	-2.332475	-0.361546
07196	10.437084	-3.217876	-0.975779
07197	11.997466	-4.063209	-1.623320
07198	13.600148	-4.611434	-2.212514
07199	15.234234	-4.790289	-2.731326
07200	16.889631	-4.669232	-3.228143
07201	18.514776	-4.364605	-3.791258
07202	20.085808	-3.971014	-4.456650
07203	21.543597	-3.553090	-5.225128
07204	22.880441	-3.143931	-6.057577
07205	24.124202	-2.680954	-6.876677
07206	25.311675	-2.122903	-7.630462
07207	26.433965	-1.466995	-8.301985
07208	27.510976	-0.737252	-8.814463
07209	28.494592	-0.004365	-9.197129
07210	29.330234	0.633759	-9.443620
07211	30.069004	1.143839	-9.440166
07212	30.698366	1.469046	-9.201651
07213	31.181345	1.601599	-8.792955
07214	31.533860	1.563217	-8.272795
07215	31.776695	1.403452	-7.702469
07216	31.913344	1.251504	-7.155179
07217	31.973349	1.218708	-6.679201
07218	31.961004	1.192791	-6.301507
07219	31.843590	1.084345	-6.027517
07220	31.603947	1.053125	-5.840233
07221	31.249709	1.153551	-5.714185
07222	30.813389	1.287423	-5.583977
07223	30.344872	1.383770	-5.366518
07224	29.834876	1.385695	-5.024997
07225	29.255491	1.292581	-4.619698
07226	28.669644	1.143773	-4.193434
07227	28.103056	0.941093	-3.728383
07228	27.574674	0.579946	-3.107187
07229	27.123408	0.128728	-2.208393
07230	26.735115	-0.139323	-1.164227
07231	26.373127	0.284837	-0.101829
07232	25.958282	1.004698	0.639037
07233	25.299803	1.179565	0.515467
07234	24.680754	1.222963	-0.026722
07235	24.170279	1.240461	-0.557983
07236	23.654499	1.162082	-0.941035
07237	23.158358	1.271628	-1.027312
07238	22.681576	1.706622	-0.733020
07239	21.976069	2.717698	-0.182731
07240	20.763132	3.809137	0.056394
07241	19.295212	4.162106	-0.146676
07242	17.898213	3.966788	-0.444182
07243	16.708885	3.685711	-0.642591
07244	15.756586	3.494424	-0.736906
07245	14.975698	3.441333	-0.805967
07246	14.258500	3.484905	-0.901010
07247	13.488932	3.518002	-1.033335
07248	12.614179	3.431729	-1.188944
07249	11.686421	3.262559	-1.279805
07250	10.755742	3.134847	-1.312709
07251	9.854997	3.101075	-1.325796
07252	8.997286	3.164786	-1.308170
07253	8.162655	3.307156	-1.251980
07254	7.312403	3.509055	-1.154538
07255	6.437139	3.734836	-1.040567
07256	5.546432	3.870758	-0.935960
07257	4.669442	3.857918	-0.855651
07258	3.826502	3.763266	-0.758637
07259	3.022415	3.670412	-0.604702
07260	2.248089	3.641345	-0.378255
07261	1.490582	3.689789	-0.111855
07262	0.737931	3.817910	0.150847
07263	-0.020274	4.023138	0.375268
07264	-0.817665	4.281403	0.548865
07265	-1.683331	4.588672	0.656608
07266	-2.607243	4.932220	0.687466
07267	-3.554637	5.339264	0.633581
07268	-4.505770	5.805190	0.535135
07269	-5.428353	6.276693	0.475907
07270	-6.227905	6.772210	0.520888
07271	-6.881892	7.194492	0.717843
07272	-7.425955	7.513050	1.018051
07273	-7.891385	7.804906	1.391789
07274	-8.292278	8.192666	1.842416
07275	-8.673119	8.663076	2.349373
07276	-9.063851	9.143919	2.860963
07277	-9.480851	9.564298	3.298356
07278	-9.912443	9.882599	3.594563
07279	-10.340415	10.155018	3.700372
07280	-10.730348	10.394767	3.556515
07281	-11.041874	10.550666	3.120195
07282	-11.249703	10.560095	2.365847
07283	-11.323820	10.383196	1.332705
07284	-11.199444	10.038955	0.173644
07285	-10.809105	9.546321	-0.910327
07286	-10.125531	8.903608	-1.747751
07287	-9.192399	8.022406	-2.280278
07288	-8.043609	6.826692	-2.601345
07289	-6.681333	5.361079	-2.866562
07290	-5.148984	3.700271	-3.087335
07291	-3.490227	2.018631	-3.359042
07292	-1.704715	0.531176	-3.574096
07293	0.236467	-0.589434	-3.622358
07294	2.289940	-1.407240	-3.437927
07295	4.318993	-1.966217	-3.163862
07296	6.202525	-2.377503	-2.969177
07297	7.856439	-2.803896	-3.007933
07298	9.345722	-3.506879	-3.328136
07299	10.798448	-4.487603	-3.748448
07300	12.298809	-5.425470	-4.158965
07301	13.885055	-5.962377	-4.493519
07302	15.580852	-6.063805	-4.775909
07303	17.312308	-5.900809	-5.108600
07304	19.030573	-5.648668	-5.569880
07305	20.684729	-5.316155	-6.164235
07306	22.239928	-4.864366	-6.805457
07307	23.698607	-4.297210	-7.387774
07308	25.064035	-3.669445	-7.887239
07309	26.329196	-2.997237	-8.291955
07310	27.511937	-2.283446	-8.580831
07311	28.561471	-1.631215	-8.823751
07312	29.472015	-1.072007	-9.021826
07313	30.265140	-0.584651	-9.072819
07314	30.957380	-0.199698	-8.940489
07315	31.533524	0.022501	-8.656597
07316	31.995928	0.088186	-8.255780
07317	32.359311	0.077312	-7.759824
07318	32.652068	0.038709	-7.206745
07319	32.859940	-0.001356	-6.705421
07320	32.943757	-0.030487	-6.350829
07321	32.892942	-0.008175	-6.108537
07322	32.697951	0.094088	-5.952169
07323	32.327828	0.258013	-5.912043
07324	31.838797	0.519482	-5.885457
07325	31.297827	0.860088	-5.800115
07326	30.754773	1.173762	-5.669279
07327	30.214301	1.408731	-5.507664
07328	29.700934	1.610073	-5.277906
07329	29.255233	1.756769	-4.926253
07330	28.855680	1.673728	-4.380951
07331	28.440749	1.249939	-3.536558
07332	28.009582	0.677712	-2.361196
07333	27.541346	0.396589	-0.997429
07334	27.068787	0.842345	0.471710
07335	26.485871	1.269474	1.475129
07336	25.801088	1.082180	1.623026
07337	25.359840	0.858586	1.486099
07338	25.047871	0.514978	1.320897
07339	24.694601	0.110335	1.281569
07340	24.315137	0.086469	1.512697
07341	23.888744	0.617150	2.212267
07342	23.118580	1.725055	3.099977
07343	21.784150	2.641182	3.347479
07344	20.273838	2.805774	3.020944
07345	18.885488	2.683371	2.543364
07346	17.710637	2.674336	2.092234
07347	16.765540	2.823048	1.716671
07348	15.983277	3.094871	1.373108
07349	15.230861	3.417991	1.010966
07350	14.361737	3.572443	0.608648
07351	13.383236	3.469287	0.279937
07352	12.372788	3.316497	0.127749
07353	11.396249	3.315811	0.107755
07354	10.493228	3.450717	0.159791
07355	9.668500	3.676897	0.261519
07356	8.860911	3.981272	0.434076
07357	8.012171	4.331846	0.675357
07358	7.100362	4.596877	0.967658
07359	6.175806	4.696250	1.321633
07360	5.286507	4.670859	1.763366
07361	4.459948	4.625337	2.290963
07362	3.674175	4.600567	2.872313
07363	2.902803	4.612655	3.482829
07364	2.125523	4.654367	4.107413
07365	1.340389	4.746385	4.724296
07366	0.553640	4.907711	5.318437
07367	-0.231043	5.131020	5.864494
07368	-1.025358	5.386555	6.316632
07369	-1.837131	5.675224	6.636682
07370	-2.695200	5.986586	6.793563
07371	-3.612332	6.345817	6.782779
07372	-4.582329	6.804427	6.650903
07373	-5.570158	7.360672	6.473874
07374	-6.516958	8.028355	6.261947
07375	-7.404929	8.746789	6.019768
07376	-8.212505	9.389491	5.766355
07377	-8.915507	9.834608	5.496709
07378	-9.506218	10.089314	5.217351
07379	-9.993656	10.258255	4.922400
07380	-10.406445	10.406623	4.594781
07381	-10.770849	10.533350	4.261607
07382	-11.093373	10.631989	3.967133
07383	-11.354480	10.749321	3.744705
07384	-11.526083	10.905495	3.557875
07385	-11.600349	11.044015	3.310901
07386	-11.552273	11.068013	2.964189
07387	-11.296104	10.936510	2.613960
07388	-10.746437	10.657863	2.319216
07389	-9.887559	10.161069	2.085586
07390	-8.748024	9.298512	1.938803
07391	-7.368333	8.052786	1.758147
07392	-5.784083	6.485732	1.504233
07393	-4.080484	4.700065	1.164632
07394	-2.288571	2.884522	0.799423
07395	-0.356807	1.406503	0.558441
07396	1.717855	0.396511	0.532932
07397	3.806982	-0.200498	0.656860
07398	5.744275	-0.658771	0.704342
07399	7.398297	-1.289813	0.488622
07400	8.822089	-2.206566	-0.046860
07401	10.176958	-3.280106	-0.642558
07402	11.583371	-4.206469	-1.182046
07403	13.098094	-4.690393	-1.649047
07404	14.701501	-4.821514	-2.095995
07405	16.313067	-4.853887	-2.665238
07406	17.878965	-4.838973	-3.399471
07407	19.348856	-4.769348	-4.185588
07408	20.740277	-4.639212	-4.916633
07409	22.079677	-4.384782	-5.568149
07410	23.397228	-3.995940	-6.179898
07411	24.697092	-3.532595	-6.762102
07412	25.969460	-3.023403	-7.285456
07413	27.154692	-2.475887	-7.704616
07414	28.239410	-1.915584	-7.962280
07415	29.212778	-1.390455	-8.036999
07416	30.061921	-1.040552	-7.971928
07417	30.797101	-0.918623	-7.767262
07418	31.430368	-0.975578	-7.432529
07419	31.965945	-1.111630	-6.990723
07420	32.431418	-1.259076	-6.483639
07421	32.850641	-1.421967	-5.999444
07422	33.217986	-1.524610	-5.562607
07423	33.484883	-1.551213	-5.237321
07424	33.584865	-1.563774	-5.102498
07425	33.495425	-1.459764	-5.133212
07426	33.222427	-1.144073	-5.204331
07427	32.774007	-0.692834	-5.195883
07428	32.191662	-0.229902	-5.077819
07429	31.496560	0.144364	-4.877911
07430	30.700121	0.485538	-4.668457
07431	29.879624	0.856542	-4.508915
07432	29.115027	1.203115	-4.445410
07433	28.418583	1.427390	-4.435368
07434	27.751008	1.483739	-4.347212
07435	27.045609	1.399531	-4.087553
07436	26.272504	1.243273	-3.602256
07437	25.469671	1.386298	-2.812719
07438	24.701027	2.215630	-1.627495
07439	23.826554	2.903698	-0.751792
07440	23.032601	2.854473	-0.473294
07441	22.622921	2.645473	-0.225861
07442	22.313819	2.141963	-0.078905
07443	21.964357	1.484552	-0.023878
07444	21.709369	1.063602	0.103290
07445	21.610922	1.145355	0.553757
07446	21.544516	2.037845	1.695684
07447	20.612283	3.395427	2.601921
07448	18.928106	3.951604	2.492436
07449	17.234694	3.770936	1.983743
07450	15.779346	3.569362	1.349263
07451	14.683519	3.646074	0.658942
07452	13.878757	4.066112	-0.038687
07453	13.184278	4.806836	-0.755194
07454	12.327036	5.459504	-1.466007
07455	11.258224	5.430251	-2.102841
07456	10.128784	4.985863	-2.489617
07457	9.103530	4.686442	-2.598523
07458	8.220277	4.630236	-2.517161
07459	7.474825	4.711768	-2.296582
07460	6.787583	4.894907	-1.958559
07461	6.022639	5.189349	-1.539848
07462	5.118267	5.536415	-1.077800
07463	4.121787	5.793465	-0.598336
07464	3.098957	5.879780	-0.121677
07465	2.109648	5.850417	0.370498
07466	1.159883	5.805148	0.921479
07467	0.266666	5.849027	1.562073
07468	-0.585478	5.967660	2.255890
07469	-1.415949	6.109436	2.939424
07470	-2.270006	6.268209	3.543945
07471	-3.172194	6.517589	4.035999
07472	-4.108190	6.925417	4.411866
07473	-5.036363	7.426332	4.724234
07474	-5.920576	7.909515	4.998324
07475	-6.747677	8.319552	5.179359
07476	-7.515020	8.642184	5.192507
07477	-8.205418	8.926346	4.998268
07478	-8.815845	9.215166	4.627094
07479	-9.344837	9.533242	4.148667
07480	-9.800796	9.875853	3.639593
07481	-10.191961	10.204686	3.186752
07482	-10.526819	10.470402	2.841416
07483	-10.818521	10.646220	2.574973
07484	-11.085455	10.758429	2.287704
07485	-11.330862	10.836096	1.888899
07486	-11.536424	10.873046	1.328923
07487	-11.705760	10.829315	0.542930
07488	-11.822073	10.670323	-0.448032
07489	-11.775455	10.397601	-1.464818
07490	-11.424117	10.046300	-2.301726
07491	-10.710841	9.663777	-2.826280
07492	-9.642653	9.130977	-2.976235
07493	-8.286839	8.266711	-2.895977
07494	-6.692839	6.970894	-2.908571
07495	-4.952472	5.252670	-3.037182
07496	-3.084222	3.387751	-3.178011
07497	-1.096579	1.677718	-3.247701
07498	0.970733	0.328680	-3.221210
07499	3.048073	-0.614146	-3.114860
07500	5.008424	-1.285997	-3.071201
07501	6.742141	-1.883021	-3.252044
07502	8.256744	-2.573505	-3.726371
07503	9.659155	-3.334816	-4.380730
07504	11.074931	-4.039809	-5.050179
07505	12.537964	-4.566202	-5.642429
07506	14.029148	-4.860340	-6.180449
07507	15.508896	-4.889043	-6.723461
07508	16.976162	-4.695700	-7.314380
07509	18.399279	-4.358305	-7.961904
07510	19.777488	-3.951264	-8.646622
07511	21.116150	-3.514883	-9.365598
07512	22.430264	-3.046665	-10.092305
07513	23.706163	-2.556630	-10.787530
07514	24.916688	-2.026516	-11.420617
07515	26.028152	-1.428712	-11.933297
07516	27.030525	-0.735738	-12.267980
07517	27.897780	-0.087071	-12.461686
07518	28.646513	0.487992	-12.494708
07519	29.302803	0.998242	-12.347337
07520	29.869314	1.405899	-12.054951
07521	30.327958	1.698875	-11.647948
07522	30.684595	1.881324	-11.149921
07523	30.952516	1.956217	-10.595939
07524	31.127773	1.954833	-10.041940
07525	31.179050	1.929923	-9.556807
07526	31.093399	1.917784	-9.195240
07527	30.870633	1.966772	-8.949141
07528	30.531570	2.030060	-8.794574
07529	30.116351	2.033464	-8.628335
07530	29.672126	2.005610	-8.334420
07531	29.210400	1.951843	-7.940757
07532	28.720413	1.815824	-7.509687
07533	28.204091	1.658325	-7.038687
07534	27.682646	1.570162	-6.486077
07535	27.149469	1.527442	-5.840154
07536	26.593940	1.452089	-5.055742
07537	26.057940	1.374468	-4.076534
07538	25.514443	1.363564	-3.036429
07539	24.959220	1.657465	-2.012228
07540	24.396457	2.176908	-1.106580
07541	23.675357	2.324321	-0.903577
07542	23.024645	2.264044	-1.173665
07543	22.578133	2.181735	-1.493041
07544	22.175328	1.916099	-1.656869
07545	21.794853	1.706303	-1.595434
07546	21.390859	1.706092	-1.351557
07547	20.834413	2.074385	-1.028549
07548	19.995546	2.735126	-0.760356
07549	18.905824	3.293746	-0.742520
07550	17.724383	3.556323	-0.939223
07551	16.572077	3.666163	-1.290390
07552	15.517190	3.770405	-1.705058
07553	14.575258	3.949013	-2.128010
07554	13.680320	4.200730	-2.600499
07555	12.785690	4.390564	-3.131024
07556	11.885001	4.331628	-3.637942
07557	11.015350	4.067992	-3.933098
07558	10.197891	3.785125	-3.935612
07559	9.463586	3.616546	-3.718910
07560	8.806562	3.550464	-3.386249
07561	8.197850	3.572460	-2.993260
07562	7.552804	3.688804	-2.582448
07563	6.804971	3.912745	-2.173529
07564	5.944555	4.208277	-1.772750
07565	5.020747	4.484078	-1.399493
07566	4.089652	4.675968	-1.064604
07567	3.180405	4.756204	-0.765971
07568	2.303194	4.802698	-0.458616
07569	1.456773	4.876422	-0.110292
07570	0.632320	5.001794	0.282243
07571	-0.171603	5.170847	0.723832
07572	-0.970533	5.345939	1.179019
07573	-1.780497	5.502706	1.623792
07574	-2.594943	5.689015	2.022279
07575	-3.401886	5.905076	2.361555
07576	-4.208983	6.130636	2.624522
07577	-5.014506	6.368663	2.805962
07578	-5.808706	6.686280	2.917802
07579	-6.588172	7.110077	2.998096
07580	-7.331964	7.619829	3.086999
07581	-8.036478	8.155045	3.196348
07582	-8.697838	8.657770	3.315544
07583	-9.295174	9.091874	3.395005
07584	-9.809363	9.495673	3.422986
07585	-10.233698	9.895685	3.377890
07586	-10.587042	10.218963	3.216674
07587	-10.886904	10.431165	2.947278
07588	-11.115221	10.555793	2.624224
07589	-11.237947	10.618567	2.306357
07590	-11.251666	10.580484	1.978948
07591	-11.185589	10.450320	1.557019
07592	-11.033330	10.252188	1.052402
07593	-10.707524	10.012348	0.609872
07594	-10.117198	9.688697	0.317200
07595	-9.245178	9.137635	0.162979
07596	-8.142430	8.224509	0.049320
07597	-6.827651	6.974650	-0.228955
07598	-5.340275	5.395378	-0.618630
07599	-3.713454	3.624445	-1.094583
07600	-1.918389	1.903346	-1.529966
07601	0.044833	0.482129	-1.791104
07602	2.152656	-0.531517	-1.783951
07603	4.227817	-1.243257	-1.615610
07604	6.076129	-1.912109	-1.506583
07605	7.609820	-2.685213	-1.594980
07606	8.943361	-3.648611	-1.868342
07607	10.222376	-4.733214	-2.219189
07608	11.552029	-5.668835	-2.608083
07609	12.989408	-6.140129	-3.027742
07610	14.538522	-6.180610	-3.476793
07611	16.143934	-6.065383	-4.005953
07612	17.741350	-5.902751	-4.685775
07613	19.266056	-5.671561	-5.460368
07614	20.718618	-5.295954	-6.249318
07615	22.107177	-4.726122	-6.993001
07616	23.455187	-3.990804	-7.655836
07617	24.740886	-3.130933	-8.216384
07618	25.900752	-2.191754	-8.713755
07619	26.875615	-1.290232	-9.180003
07620	27.647646	-0.482229	-9.573909
07621	28.264229	0.283748	-9.808444
07622	28.778939	0.958172	-9.898831
07623	29.199916	1.459019	-9.841587
07624	29.542946	1.773914	-9.631441
07625	29.807257	1.903899	-9.280326
07626	30.014346	1.925732	-8.830831
07627	30.138542	1.936217	-8.381378
07628	30.164924	1.933243	-8.008673
07629	30.076726	1.861154	-7.732687
07630	29.855663	1.830617	-7.535573
07631	29.518972	1.903542	-7.383357
07632	29.120269	2.002340	-7.246873
07633	28.725711	2.042167	-7.085272
07634	28.311335	2.037888	-6.823432
07635	27.870620	2.025051	-6.448549
07636	27.450425	2.025307	-5.926052
07637	27.127684	1.993782	-5.147075
07638	26.881520	1.757562	-4.059365
07639	26.624151	1.288025	-2.717252
07640	26.310214	0.874784	-1.307740
07641	25.920579	1.057434	0.077305
07642	25.403517	1.490517	0.997433
07643	24.750101	1.519795	1.039728
07644	24.194342	1.551531	0.619193
07645	23.743057	1.565305	0.073589
07646	23.280167	1.450578	-0.280568
07647	22.821965	1.534045	-0.318767
07648	22.339531	1.901511	-0.011666
07649	21.646827	2.748317	0.480737
07650	20.537814	3.698733	0.711075
07651	19.217651	4.128714	0.554797
07652	17.930007	4.118679	0.246486
07653	16.770018	4.055591	-0.110689
07654	15.781179	4.144636	-0.408604
07655	14.919950	4.409552	-0.643882
07656	14.076339	4.686205	-0.862284
07657	13.152323	4.721244	-1.130750
07658	12.181403	4.480003	-1.315605
07659	11.218556	4.151288	-1.302365
07660	10.328166	3.937852	-1.077685
07661	9.554599	3.851578	-0.675700
07662	8.874384	3.866836	-0.192247
07663	8.232011	4.003541	0.317188
07664	7.553202	4.242976	0.801081
07665	6.805325	4.528252	1.224790
07666	5.993396	4.758937	1.573170
07667	5.146015	4.865780	1.859130
07668	4.292422	4.911194	2.107241
07669	3.461700	4.951220	2.356321
07670	2.658175	4.991493	2.620911
07671	1.875207	5.021601	2.895357
07672	1.089528	5.053765	3.141437
07673	0.292392	5.128146	3.343221
07674	-0.526993	5.289360	3.479071
07675	-1.376686	5.529788	3.527446
07676	-2.263789	5.799381	3.462170
07677	-3.175799	6.071358	3.296422
07678	-4.105066	6.367388	3.061156
07679	-5.027962	6.706560	2.792510
07680	-5.928914	7.085521	2.513394
07681	-6.789496	7.499739	2.228702
07682	-7.589281	7.945188	1.933577
07683	-8.301288	8.413076	1.614520
07684	-8.911137	8.862237	1.321914
07685	-9.405404	9.234293	1.103350
07686	-9.783211	9.499950	0.955469
07687	-10.061943	9.663139	0.865646
07688	-10.265837	9.730656	0.825113
07689	-10.399558	9.762566	0.822619
07690	-10.449596	9.806269	0.839602
07691	-10.416647	9.839641	0.813749
07692	-10.302467	9.808187	0.655621
07693	-10.064142	9.670383	0.358024
07694	-9.612829	9.402600	0.012276
07695	-8.890767	8.973344	-0.357166
07696	-7.871474	8.286959	-0.742153
07697	-6.590585	7.224130	-1.231546
07698	-5.123038	5.835939	-1.859002
07699	-3.521282	4.266109	-2.583595
07700	-1.766225	2.739385	-3.315377
07701	0.163186	1.418885	-3.937777
07702	2.243766	0.441777	-4.380319
07703	4.330107	-0.277564	-4.693940
07704	6.209210	-1.033011	-5.040863
07705	7.779349	-1.913453	-5.543278
07706	9.152612	-2.827612	-6.144491
07707	10.500491	-3.725380	-6.717989
07708	11.897108	-4.495599	-7.275024
07709	13.351798	-4.987211	-7.854545
07710	14.868722	-5.190717	-8.446186
07711	16.414158	-5.225515	-9.049566
07712	17.944962	-5.124040	-9.641275
07713	19.405575	-4.887479	-10.176914
07714	20.784360	-4.554821	-10.620874
07715	22.099104	-4.123510	-10.980217
07716	23.386426	-3.624123	-11.257763
07717	24.644280	-3.129448	-11.478584
07718	25.841361	-2.616813	-11.683477
07719	26.960325	-2.108240	-11.806923
07720	27.973103	-1.614054	-11.842220
07721	28.886808	-1.163730	-11.735152
07722	29.691813	-0.853695	-11.536740
07723	30.401830	-0.695587	-11.257789
07724	31.050069	-0.626323	-10.834591
07725	31.634185	-0.593627	-10.288191
07726	32.110449	-0.633600	-9.700390
07727	32.478508	-0.724174	-9.126303
07728	32.737991	-0.748539	-8.558939
07729	32.857570	-0.638033	-8.030953
07730	32.808720	-0.501500	-7.655391
07731	32.604996	-0.346672	-7.470289
07732	32.294573	-0.063594	-7.389159
07733	31.912156	0.313783	-7.331993
07734	31.504594	0.684236	-7.251890
07735	31.073539	0.956816	-7.088283
07736	30.583306	1.131639	-6.858854
07737	30.034025	1.225851	-6.647979
07738	29.442071	1.221500	-6.457019
07739	28.836822	1.115492	-6.181353
07740	28.250718	0.934861	-5.701944
07741	27.679482	0.707365	-4.917492
07742	27.044060	0.512280	-3.934566
07743	26.294591	0.616536	-2.927244
07744	25.591355	1.340338	-1.759237
07745	24.765370	2.009788	-0.986453
07746	23.860996	1.993404	-0.972204
07747	23.311559	1.788227	-0.962918
07748	22.976530	1.357457	-0.787847
07749	22.611633	0.689766	-0.596418
07750	22.262691	0.209540	-0.370206
07751	22.003634	0.250995	0.045194
07752	21.704988	1.009063	0.865783
07753	20.850269	2.059539	1.588968
07754	19.457036	2.605963	1.669713
07755	17.956222	2.527828	1.370259
07756	16.549741	2.331805	0.926255
07757	15.386920	2.355952	0.407296
07758	14.476170	2.739308	-0.205075
07759	13.694424	3.461793	-0.952665
07760	12.844820	4.063294	-1.746050
07761	11.850005	4.043112	-2.377125
07762	10.759353	3.713987	-2.675254
07763	9.717078	3.483801	-2.576342
07764	8.804466	3.460185	-2.250092
07765	8.019967	3.500100	-1.813978
07766	7.316768	3.545348	-1.307745
07767	6.613096	3.687365	-0.741996
07768	5.833062	3.892964	-0.168577
07769	5.001862	4.069660	0.392887
07770	4.138290	4.139709	0.891889
07771	3.283553	4.104110	1.335398
07772	2.436141	4.016625	1.766383
07773	1.600818	3.958271	2.220760
07774	0.785620	3.973392	2.698553
07775	-0.012101	4.071615	3.151910
07776	-0.839719	4.200634	3.510804
07777	-1.719996	4.343418	3.722024
07778	-2.642825	4.559580	3.777317
07779	-3.589668	4.884029	3.709955
07780	-4.557211	5.265990	3.575111
07781	-5.510019	5.646003	3.427226
07782	-6.422662	6.033441	3.259201
07783	-7.252591	6.445194	3.057064
07784	-7.987910	6.829705	2.770264
07785	-8.621262	7.166521	2.385570
07786	-9.152073	7.472097	1.976319
07787	-9.580913	7.748881	1.643153
07788	-9.921927	8.021800	1.412686
07789	-10.205324	8.306778	1.243765
07790	-10.471865	8.556224	1.120471
07791	-10.734784	8.793223	1.027944
07792	-10.977677	9.064202	0.901154
07793	-11.156942	9.325226	0.698163
07794	-11.234065	9.480934	0.384039
07795	-11.148925	9.493115	0.019812
07796	-10.794034	9.412960	-0.307712
07797	-10.110657	9.253972	-0.593130
07798	-9.092697	8.851496	-0.846383
07799	-7.802860	8.006028	-1.123719
07800	-6.294304	6.719553	-1.578427
07801	-4.646872	5.092385	-2.199212
07802	-2.872283	3.288800	-2.936212
07803	-0.979647	1.542330	-3.640267
07804	1.071927	0.209437	-4.172491
07805	3.193979	-0.649762	-4.483925
07806	5.243184	-1.196318	-4.715985
07807	7.055499	-1.756280	-5.040378
07808	8.613195	-2.461320	-5.514839
07809	10.021970	-3.281571	-6.119128
07810	11.424899	-4.134909	-6.751140
07811	12.853426	-4.812457	-7.405818
07812	14.333676	-5.169315	-8.042518
07813	15.829515	-5.299322	-8.726499
07814	17.319175	-5.306608	-9.477199
07815	18.793202	-5.169120	-10.227552
07816	20.249809	-4.831259	-10.885475
07817	21.692669	-4.363190	-11.447223
07818	23.119626	-3.883404	-11.955217
07819	24.520926	-3.355289	-12.430947
07820	25.866985	-2.773181	-12.888072
07821	27.088926	-2.141698	-13.291808
07822	28.180718	-1.435563	-13.537039
07823	29.158524	-0.694765	-13.571395
07824	29.989206	-0.105623	-13.508596
07825	30.703480	0.290467	-13.357201
07826	31.332148	0.535103	-13.086848
07827	31.886445	0.686874	-12.683214
07828	32.352493	0.764683	-12.195538
07829	32.752269	0.753446	-11.687176
07830	33.073436	0.711130	-11.165414
07831	33.310527	0.702237	-10.630459
07832	33.409523	0.753884	-10.163359
07833	33.319662	0.842683	-9.842965
07834	33.047103	0.955837	-9.654418
07835	32.641793	1.111609	-9.513505
07836	32.157951	1.252354	-9.310428
07837	31.631500	1.311549	-8.990170
07838	31.089714	1.267744	-8.534613
07839	30.516684	1.111947	-7.982342
07840	29.895113	0.878240	-7.361775
07841	29.225174	0.572021	-6.686731
07842	28.541091	0.160497	-5.887556
07843	27.885103	-0.275369	-4.908803
07844	27.231271	-0.606499	-3.845550
07845	26.612420	-0.484075	-2.775552
07846	26.066502	0.291072	-1.640063
07847	25.300235	0.875896	-1.077483
07848	24.463986	0.921300	-1.131123
07849	23.910118	0.838584	-1.145091
07850	23.511537	0.507863	-1.086216
07851	23.125515	0.046517	-1.079410
07852	22.844093	-0.172041	-0.955725
07853	22.608709	0.187140	-0.500948
07854	21.971086	1.158257	0.180051
07855	20.607194	2.114232	0.359167
07856	18.961295	2.360088	0.065507
07857	17.326134	2.212380	-0.414318
07858	15.865042	2.213627	-0.945223
07859	14.658303	2.585978	-1.522424
07860	13.582066	3.290937	-2.188052
07861	12.524128	3.993387	-2.899846
07862	11.426218	4.172057	-3.416223
07863	10.315177	3.894536	-3.510811
07864	9.219100	3.574476	-3.208431
07865	8.222647	3.363524	-2.617063
07866	7.354340	3.203459	-1.864047
07867	6.603987	3.093907	-1.021156
07868	5.897441	3.085533	-0.098651
07869	5.115317	3.248622	0.826804
07870	4.213671	3.498558	1.679883
07871	3.234363	3.694139	2.383679
07872	2.236217	3.803706	2.897261
07873	1.276074	3.853694	3.276678
07874	0.361549	3.891410	3.594323
07875	-0.519925	3.959676	3.892364
07876	-1.371910	4.093010	4.175938
07877	-2.194740	4.302413	4.411611
07878	-3.019968	4.580026	4.580754
07879	-3.888350	4.871279	4.676893
07880	-4.782399	5.187426	4.738857
07881	-5.630631	5.513385	4.819784
07882	-6.402550	5.828716	4.869410
07883	-7.095262	6.092963	4.820292
07884	-7.708647	6.272863	4.678161
07885	-8.226343	6.463188	4.496890
07886	-8.665893	6.761013	4.315770
07887	-9.059084	7.175727	4.141199
07888	-9.445138	7.661429	3.958765
07889	-9.845592	8.170997	3.776572
07890	-10.249543	8.635897	3.652989
07891	-10.637672	9.018372	3.570080
07892	-10.983601	9.346342	3.477125
07893	-11.265474	9.624981	3.316795
07894	-11.459532	9.821884	3.095468
07895	-11.524736	9.927056	2.871705
07896	-11.367105	9.937628	2.749641
07897	-10.913040	9.850398	2.755008
07898	-10.146225	9.664244	2.845316
07899	-9.105557	9.218513	2.974892
07900	-7.844480	8.325511	3.033924
07901	-6.392066	6.976436	2.867999
07902	-4.763638	5.264565	2.532957
07903	-2.998763	3.395551	2.048063
07904	-1.118033	1.594826	1.514666
07905	0.927864	0.227010	1.132929
07906	3.072591	-0.640406	0.943612
07907	5.139859	-1.141998	0.691503
07908	7.020802	-1.630061	0.173474
07909	8.661626	-2.377362	-0.650258
07910	10.157556	-3.342678	-1.645626
07911	11.643156	-4.250894	-2.606335
07912	13.171818	-4.829930	-3.527875
07913	14.738658	-5.005683	-4.482152
07914	16.321368	-4.938093	-5.490603
07915	17.848388	-4.729965	-6.576817
07916	19.286423	-4.391788	-7.653784
07917	20.643287	-3.980512	-8.588160
07918	21.900942	-3.558768	-9.428864
07919	23.078325	-3.120593	-10.181709
07920	24.234390	-2.627233	-10.850412
07921	25.361243	-2.055756	-11.478213
07922	26.449989	-1.388996	-11.971171
07923	27.478469	-0.545264	-12.232417
07924	28.372817	0.218394	-12.364275
07925	29.121159	0.792146	-12.352876
07926	29.751116	1.203489	-12.164781
07927	30.274262	1.468072	-11.795797
07928	30.688659	1.584123	-11.282400
07929	30.979566	1.544177	-10.703591
07930	31.154814	1.446799	-10.108646
07931	31.232703	1.377306	-9.505797
07932	31.179670	1.281858	-8.948807
07933	30.970700	1.177938	-8.452416
07934	30.650277	1.104171	-7.973554
07935	30.277883	1.004299	-7.497073
07936	29.909389	0.834325	-7.018932
07937	29.568795	0.597737	-6.528089
07938	29.254307	0.363999	-6.042549
07939	28.955276	0.142457	-5.583532
07940	28.650431	-0.078522	-5.134539
07941	28.317481	-0.278374	-4.693214
07942	27.984359	-0.353480	-4.183387
07943	27.660680	-0.322034	-3.511511
07944	27.370653	-0.161379	-2.546728
07945	27.096645	0.324442	-1.223205
07946	26.672205	0.839133	0.072548
07947	26.031327	0.884206	0.797085
07948	25.381972	0.828565	1.103213
07949	24.831441	0.868968	1.155754
07950	24.287604	0.849452	1.020478
07951	23.756632	1.080778	1.080148
07952	23.124802	1.570031	1.454934
07953	22.193449	2.240656	1.910112
07954	20.924593	2.630430	2.095561
07955	19.501247	2.489113	2.027128
07956	18.119224	2.228807	1.875857
07957	16.909019	2.122345	1.702328
07958	15.861716	2.176189	1.500757
07959	14.923131	2.364098	1.294246
07960	14.009077	2.732279	1.064580
07961	13.070870	3.245915	0.792054
07962	12.070600	3.659676	0.455727
07963	10.990894	3.856138	0.048389
07964	9.861355	3.897853	-0.295363
07965	8.786306	3.885804	-0.415517
07966	7.845376	3.956762	-0.308878
07967	7.043356	4.111892	-0.020019
07968	6.285260	4.252715	0.408417
07969	5.495605	4.351038	0.915977
07970	4.654255	4.411664	1.491378
07971	3.786408	4.461707	2.087459
07972	2.917660	4.526231	2.658777
07973	2.073358	4.582189	3.190005
07974	1.243374	4.590565	3.692819
07975	0.432123	4.558379	4.182209
07976	-0.358254	4.529194	4.639207
07977	-1.111252	4.567197	5.026051
07978	-1.830398	4.727223	5.326105
07979	-2.558903	4.961692	5.526545
07980	-3.340969	5.242245	5.603993
07981	-4.157091	5.575078	5.580823
07982	-4.981492	5.934889	5.461780
07983	-5.807016	6.275316	5.216905
07984	-6.635925	6.567248	4.850293
07985	-7.433363	6.877643	4.424704
07986	-8.159830	7.314633	4.009620
07987	-8.795561	7.880257	3.649520
07988	-9.361536	8.455390	3.364895
07989	-9.851228	8.931935	3.197074
07990	-10.251390	9.317175	3.154432
07991	-10.574785	9.647112	3.155001
07992	-10.845900	9.875982	3.111548
07993	-11.070096	10.014759	2.980632
07994	-11.231820	10.131048	2.787780
07995	-11.308432	10.232514	2.589831
07996	-11.318336	10.264531	2.365432
07997	-11.252763	10.191140	2.104477
07998	-11.029739	10.019321	1.911243
07999	-10.539059	9.759771	1.865057
08000	-9.731221	9.326466	1.926597
08001	-8.640269	8.536690	2.014182
08002	-7.330494	7.325806	1.881132
08003	-5.875778	5.757253	1.499222
08004	-4.257127	4.041446	0.940647
08005	-2.482453	2.338078	0.344142
08006	-0.549390	0.895122	-0.140396
08007	1.523023	-0.161332	-0.406535
08008	3.592657	-0.965430	-0.539334
08009	5.443583	-1.749881	-0.746146
08010	7.017274	-2.557801	-1.179196
08011	8.425743	-3.372777	-1.802959
08012	9.820983	-4.249543	-2.447630
08013	11.249757	-5.050643	-3.077764
08014	12.743950	-5.537361	-3.696104
08015	14.298129	-5.692059	-4.318046
08016	15.873079	-5.617707	-4.984060
08017	17.421857	-5.400774	-5.710508
08018	18.907269	-5.075561	-6.491674
08019	20.338759	-4.653830	-7.291266
08020	21.723627	-4.129051	-8.049007
08021	23.051143	-3.553996	-8.741653
08022	24.293390	-2.934572	-9.364888
08023	25.418390	-2.289613	-9.890436
08024	26.404152	-1.576005	-10.291904
08025	27.260917	-0.813608	-10.579908
08026	27.980129	-0.113770	-10.775060
08027	28.582697	0.517556	-10.839534
08028	29.084342	1.040014	-10.749531
08029	29.491914	1.440893	-10.486257
08030	29.821266	1.697020	-10.066696
08031	30.068956	1.784380	-9.565075
08032	30.205240	1.737788	-9.041876
08033	30.206394	1.631711	-8.537326
08034	30.056122	1.536773	-8.089129
08035	29.774994	1.491246	-7.729058
08036	29.409386	1.491788	-7.447657
08037	28.975344	1.517189	-7.224627
08038	28.468670	1.511939	-7.031760
08039	27.905455	1.467286	-6.799896
08040	27.304518	1.355725	-6.386650
08041	26.648086	1.077360	-5.642458
08042	25.964844	0.643797	-4.466298
08043	25.275208	0.158697	-2.950377
08044	24.538180	-0.276371	-1.478046
08045	23.864427	-0.197556	-0.299528
08046	23.517440	0.704995	0.848383
08047	22.945690	1.160449	1.038659
08048	22.228040	1.037441	0.525335
08049	21.739221	1.052479	0.227251
08050	21.241801	0.911780	0.093201
08051	20.723107	0.906310	0.069400
08052	20.299400	1.281743	0.335685
08053	19.774982	2.240086	0.886244
08054	18.731552	3.440040	1.200615
08055	17.324871	3.881404	0.992162
08056	15.918131	3.620521	0.651314
08057	14.643067	3.223389	0.386633
08058	13.541037	2.979673	0.170855
08059	12.608659	2.930376	-0.054115
08060	11.783871	3.083926	-0.319259
08061	10.967818	3.291152	-0.564855
08062	10.040210	3.308469	-0.737647
08063	9.038153	3.181632	-0.698007
08064	8.037393	3.099058	-0.436410
08065	7.117300	3.130715	-0.046353
08066	6.279699	3.245570	0.400314
08067	5.497175	3.417433	0.892053
08068	4.707711	3.625432	1.436656
08069	3.880809	3.789931	2.053121
08070	3.021851	3.863762	2.722810
08071	2.163513	3.827662	3.418923
08072	1.327195	3.735601	4.107422
08073	0.528068	3.704839	4.759479
08074	-0.243258	3.809619	5.344237
08075	-1.011581	4.022380	5.797722
08076	-1.798711	4.322185	6.056745
08077	-2.598461	4.721412	6.104696
08078	-3.438649	5.158819	5.987531
08079	-4.337453	5.549557	5.787364
08080	-5.262631	5.913013	5.603392
08081	-6.163831	6.290873	5.472249
08082	-7.046044	6.741055	5.306151
08083	-7.906169	7.262608	5.028935
08084	-8.732385	7.790998	4.640890
08085	-9.479378	8.263064	4.199845
08086	-10.133556	8.615673	3.752870
08087	-10.704476	8.859258	3.306696
08088	-11.209953	9.056295	2.869460
08089	-11.648510	9.222520	2.480348
08090	-12.021525	9.346852	2.156363
08091	-12.326652	9.471303	1.884279
08092	-12.552402	9.635952	1.653592
08093	-12.679457	9.800226	1.460296
08094	-12.707865	9.888873	1.276769
08095	-12.629337	9.841416	1.081620
08096	-12.432201	9.661280	0.856105
08097	-12.074395	9.366662	0.621359
08098	-11.489092	8.928291	0.411922
08099	-10.681939	8.266249	0.208604
08100	-9.664684	7.380784	-0.027285
08101	-8.439599	6.245479	-0.336421
08102	-6.993682	4.862968	-0.716288
08103	-5.331143	3.338155	-1.147966
08104	-3.501286	1.822472	-1.595052
08105	-1.513945	0.489855	-1.947404
08106	0.605991	-0.563193	-2.098524
08107	2.717768	-1.366645	-2.113424
08108	4.638696	-2.054616	-2.189207
08109	6.295875	-2.742618	-2.475298
08110	7.833057	-3.545180	-2.918735
08111	9.369402	-4.496134	-3.368078
08112	10.936312	-5.352717	-3.743152
08113	12.540756	-5.853942	-4.048980
08114	14.203833	-5.996508	-4.378824
08115	15.901776	-5.933361	-4.772389
08116	17.570697	-5.832244	-5.291635
08117	19.143443	-5.732274	-5.897950
08118	20.635107	-5.600227	-6.498478
08119	22.064535	-5.405655	-7.056634
08120	23.462132	-5.072718	-7.563297
08121	24.837980	-4.618096	-7.994400
08122	26.167109	-4.040701	-8.343718
08123	27.406294	-3.325805	-8.594012
08124	28.502899	-2.525428	-8.760146
08125	29.443079	-1.714439	-8.816361
08126	30.248885	-0.952981	-8.738807
08127	30.924035	-0.294295	-8.526018
08128	31.473002	0.229969	-8.181159
08129	31.908266	0.666150	-7.758661
08130	32.204663	1.036463	-7.383581
08131	32.364824	1.332752	-7.084698
08132	32.393014	1.585199	-6.822320
08133	32.273263	1.912372	-6.552201
08134	31.970446	2.210301	-6.276993
08135	31.543618	2.338593	-5.970229
08136	31.071277	2.304803	-5.593505
08137	30.553151	2.169234	-5.126069
08138	29.978734	2.070597	-4.639226
08139	29.360430	1.966199	-4.205768
08140	28.731420	1.738664	-3.778517
08141	28.124931	1.359037	-3.230377
08142	27.541484	0.905711	-2.460338
08143	26.980012	0.477874	-1.436934
08144	26.394844	0.127102	-0.254626
08145	25.766847	-0.087048	0.891670
08146	25.221415	0.273881	2.046658
08147	24.698807	1.142176	3.121108
08148	23.951917	1.644012	3.475271
08149	23.274457	1.772621	3.433919
08150	22.847041	1.837820	3.471670
08151	22.452155	1.665438	3.419286
08152	22.037020	1.474537	3.262014
08153	21.719855	1.675443	3.260725
08154	21.502030	2.563552	3.671821
08155	20.909000	4.209639	4.355110
08156	19.503671	5.377701	4.367447
08157	17.888293	5.367660	3.933047
08158	16.354135	4.971010	3.425559
08159	15.050678	4.741157	2.872254
08160	14.063507	4.763014	2.261091
08161	13.329373	4.984924	1.673529
08162	12.638367	5.096714	1.223558
08163	11.805931	4.894072	0.987353
08164	10.851830	4.609179	0.984841
08165	9.897719	4.467939	1.142307
08166	9.037352	4.506190	1.365181
08167	8.269364	4.602671	1.628080
08168	7.515766	4.739411	1.975679
08169	6.703123	4.966278	2.416430
08170	5.810639	5.218232	2.911006
08171	4.891686	5.379180	3.400344
08172	3.983907	5.416955	3.833696
08173	3.129427	5.404234	4.216880
08174	2.330919	5.420306	4.576065
08175	1.569578	5.481320	4.927223
08176	0.819980	5.567536	5.252492
08177	0.088810	5.669714	5.525984
08178	-0.639225	5.778709	5.723081
08179	-1.365335	5.888769	5.834565
08180	-2.098052	6.009878	5.866173
08181	-2.833343	6.107919	5.827421
08182	-3.584615	6.196138	5.716882
08183	-4.347258	6.327653	5.519284
08184	-5.120900	6.542594	5.221658
08185	-5.897642	6.860275	4.810536
08186	-6.664577	7.286012	4.281672
08187	-7.405018	7.726755	3.700359
08188	-8.100499	8.080161	3.122996
08189	-8.747800	8.335967	2.607720
08190	-9.341417	8.576050	2.198866
08191	-9.862438	8.867108	1.948186
08192	-10.302119	9.171482	1.859494
08193	-10.665326	9.401144	1.885462
08194	-10.962364	9.526155	1.981783
08195	-11.169847	9.619950	2.106204
08196	-11.264765	9.731705	2.235717
08197	-11.261109	9.803117	2.333771
08198	-11.155452	9.746791	2.396189
08199	-10.920832	9.547725	2.452771
08200	-10.516747	9.241918	2.489028
08201	-9.903130	8.816053	2.486319
08202	-9.051755	8.183017	2.430766
08203	-7.969427	7.292868	2.218610
08204	-6.678619	6.136193	1.794529
08205	-5.184113	4.740784	1.235009
08206	-3.514276	3.214351	0.589763
08207	-1.692090	1.717573	-0.049997
08208	0.319539	0.447128	-0.527756
08209	2.440031	-0.523039	-0.821996
08210	4.460697	-1.330868	-1.075730
08211	6.227819	-2.126156	-1.421671
08212	7.771632	-3.005506	-1.904070
08213	9.214828	-3.968827	-2.468468
08214	10.667104	-4.897778	-3.062427
08215	12.162851	-5.560487	-3.714177
08216	13.742034	-5.778924	-4.416293
08217	15.396449	-5.679562	-5.129037
08218	17.068315	-5.489796	-5.851889
08219	18.666823	-5.301952	-6.604609
08220	20.189647	-5.083734	-7.365082
08221	21.627508	-4.769039	-8.122396
08222	23.001121	-4.343469	-8.812015
08223	24.326205	-3.842207	-9.384403
08224	25.596480	-3.242448	-9.798321
08225	26.752921	-2.573290	-10.096501
08226	27.758697	-1.899933	-10.322414
08227	28.626154	-1.226991	-10.467757
08228	29.394930	-0.566641	-10.485598
08229	30.069438	0.035747	-10.360295
08230	30.654295	0.548454	-10.095715
08231	31.117602	0.961378	-9.733021
08232	31.424526	1.340931	-9.325188
08233	31.566413	1.800985	-8.868739
08234	31.540436	2.252683	-8.388586
08235	31.350141	2.529355	-7.934269
08236	30.990864	2.639351	-7.504115
08237	30.517295	2.630754	-7.032659
08238	30.023369	2.586327	-6.549357
08239	29.555970	2.492094	-6.108334
08240	29.078500	2.325949	-5.705191
08241	28.556433	2.018377	-5.274252
08242	27.972163	1.548281	-4.656373
08243	27.340300	0.907730	-3.725852
08244	26.700748	0.209754	-2.462437
08245	26.081378	-0.429996	-1.014198
08246	25.426926	-1.029619	0.287403
08247	24.784650	-1.308776	1.178260
08248	24.437854	-0.561817	1.854930
08249	23.975546	0.456992	1.965875
08250	22.967331	0.932353	1.214931
08251	22.050951	1.317551	0.541244
08252	21.338743	1.674048	0.056499
08253	20.736035	1.853886	-0.443322
08254	20.239552	2.011489	-0.912839
08255	19.788579	2.422468	-1.245255
08256	19.282187	3.277302	-1.310686
08257	18.484403	4.416333	-1.236362
08258	17.310495	5.118244	-1.363461
08259	16.043743	5.097394	-1.594956
08260	14.810215	4.797612	-1.836124
08261	13.721034	4.641145	-2.065806
08262	12.813999	4.660064	-2.338375
08263	12.072743	4.761802	-2.640618
08264	11.390620	4.805585	-2.855067
08265	10.672362	4.591184	-2.862230
08266	9.912229	4.261498	-2.614265
08267	9.156004	3.989657	-2.189370
08268	8.428617	3.779267	-1.683118
08269	7.746820	3.653881	-1.099438
08270	7.080890	3.621888	-0.442147
08271	6.417029	3.693304	0.261123
08272	5.710631	3.826421	0.946507
08273	4.945159	3.908953	1.529173
08274	4.138409	3.903506	1.946857
08275	3.324872	3.895646	2.194303
08276	2.502742	3.992438	2.284524
08277	1.643634	4.188835	2.240151
08278	0.752017	4.467992	2.048878
08279	-0.133291	4.825006	1.727074
08280	-0.984502	5.221979	1.326163
08281	-1.787385	5.559034	0.930966
08282	-2.575161	5.768260	0.598820
08283	-3.344438	5.884163	0.353025
08284	-4.096072	5.988266	0.207151
08285	-4.816439	6.142185	0.140795
08286	-5.505795	6.358402	0.117352
08287	-6.157100	6.601997	0.108352
08288	-6.772970	6.856638	0.090551
08289	-7.356803	7.106147	0.053700
08290	-7.902663	7.358632	-0.005506
08291	-8.411470	7.623790	-0.095376
08292	-8.890365	7.894958	-0.232428
08293	-9.324828	8.126221	-0.390601
08294	-9.708660	8.301113	-0.549138
08295	-10.033828	8.449982	-0.675636
08296	-10.276831	8.600652	-0.716967
08297	-10.421828	8.730165	-0.655306
08298	-10.471862	8.795736	-0.526753
08299	-10.441347	8.763958	-0.392495
08300	-10.314820	8.627196	-0.308702
08301	-10.037844	8.372973	-0.285158
08302	-9.554867	7.953117	-0.337569
08303	-8.854857	7.311919	-0.487536
08304	-7.915250	6.393429	-0.698728
08305	-6.737044	5.197231	-1.000563
08306	-5.356466	3.709717	-1.421640
08307	-3.807797	2.043542	-1.926808
08308	-2.061498	0.438036	-2.395665
08309	-0.082372	-0.894526	-2.764121
08310	2.077508	-1.984797	-2.952665
08311	4.226041	-2.910497	-3.025266
08312	6.182684	-3.659454	-3.093212
08313	7.872021	-4.323470	-3.309292
08314	9.428187	-5.123202	-3.716162
08315	11.019874	-5.975553	-4.146723
08316	12.680356	-6.522274	-4.535918
08317	14.409483	-6.386849	-4.927318
08318	16.176786	-5.856958	-5.347588
08319	17.914523	-5.336538	-5.918857
08320	19.573251	-4.927393	-6.628438
08321	21.130588	-4.581497	-7.413485
08322	22.600392	-4.156238	-8.245837
08323	24.003242	-3.577503	-9.002003
08324	25.347760	-2.884047	-9.555537
08325	26.607649	-2.166095	-9.889532
08326	27.732996	-1.529818	-10.049678
08327	28.714076	-1.016136	-10.056106
08328	29.595494	-0.576341	-9.883823
08329	30.406084	-0.187187	-9.520915
08330	31.131269	0.108752	-8.989967
08331	31.753599	0.301334	-8.315523
08332	32.259807	0.395720	-7.548499
08333	32.647360	0.458896	-6.707080
08334	32.929270	0.484884	-5.818772
08335	33.087187	0.480907	-4.960443
08336	33.116204	0.424008	-4.189191
08337	32.991788	0.299860	-3.552766
08338	32.712724	0.140100	-3.086729
08339	32.312592	0.076087	-2.771766
08340	31.814968	0.160943	-2.602973
08341	31.232647	0.316769	-2.591706
08342	30.563616	0.421858	-2.617084
08343	29.837230	0.422890	-2.491421
08344	29.093402	0.324716	-2.072808
08345	28.353653	0.173659	-1.358371
08346	27.620886	-0.054083	-0.448853
08347	26.901491	-0.347994	0.523764
08348	26.220083	-0.531752	1.422623
08349	25.638731	-0.247997	2.198951
08350	25.229075	0.717632	2.989896
08351	24.576715	1.400580	3.058570
08352	23.712503	1.391068	2.497281
08353	23.109656	1.320039	2.146174
08354	22.663089	1.096910	2.012562
08355	22.273055	0.826842	1.940153
08356	21.949665	0.891625	2.030974
08357	21.572353	1.607703	2.435688
08358	20.801637	2.843232	2.924184
08359	19.538026	3.756084	2.897214
08360	18.140240	3.912009	2.504086
08361	16.809964	3.732857	1.998060
08362	15.635648	3.583198	1.453458
08363	14.694250	3.624793	0.892479
08364	13.944208	3.882485	0.339196
08365	13.243523	4.207864	-0.194034
08366	12.439877	4.227419	-0.617227
08367	11.531776	3.945301	-0.797427
08368	10.599889	3.684847	-0.716979
08369	9.723342	3.572299	-0.483120
08370	8.919899	3.552617	-0.197810
08371	8.192245	3.616905	0.124718
08372	7.489815	3.800852	0.507486
08373	6.765139	4.093621	0.983848
08374	5.981962	4.368797	1.504938
08375	5.159018	4.427928	1.989218
08376	4.335317	4.255064	2.409133
08377	3.543018	4.008711	2.798333
08378	2.783996	3.852341	3.202659
08379	2.056205	3.851341	3.606104
08380	1.343777	4.008797	3.949550
08381	0.630507	4.263635	4.183926
08382	-0.126594	4.544808	4.286430
08383	-0.946121	4.792159	4.246020
08384	-1.811381	5.032183	4.082911
08385	-2.686340	5.301260	3.826067
08386	-3.565490	5.596832	3.505505
08387	-4.441375	5.916139	3.164973
08388	-5.324112	6.257691	2.835783
08389	-6.186299	6.601458	2.567127
08390	-6.996334	6.981200	2.383852
08391	-7.741973	7.359006	2.296172
08392	-8.417669	7.707970	2.280683
08393	-9.009147	8.043507	2.305611
08394	-9.533014	8.357343	2.324998
08395	-9.993046	8.618134	2.312784
08396	-10.384779	8.788375	2.279348
08397	-10.691900	8.878288	2.253084
08398	-10.902697	8.942339	2.232751
08399	-11.010555	9.014659	2.185135
08400	-11.001951	9.061340	2.094530
08401	-10.872596	9.034350	1.938162
08402	-10.577884	8.888371	1.739291
08403	-10.056898	8.560221	1.551504
08404	-9.278397	7.986782	1.335523
08405	-8.247473	7.108605	1.023003
08406	-6.969716	5.916113	0.609661
08407	-5.475609	4.479125	0.098348
08408	-3.821627	2.903337	-0.511643
08409	-2.004898	1.471589	-1.110432
08410	0.005435	0.343038	-1.600182
08411	2.161331	-0.468143	-1.918801
08412	4.319043	-1.048317	-2.113956
08413	6.240243	-1.649430	-2.396520
08414	7.834614	-2.360043	-2.974627
08415	9.287527	-3.128823	-3.767094
08416	10.800050	-3.940021	-4.507343
08417	12.374138	-4.608362	-5.117001
08418	14.004054	-4.872891	-5.595870
08419	15.655750	-4.825989	-6.016458
08420	17.306210	-4.649312	-6.510769
08421	18.926552	-4.404596	-7.071221
08422	20.459589	-4.128977	-7.659114
08423	21.882368	-3.862584	-8.232497
08424	23.231512	-3.530578	-8.721662
08425	24.509830	-3.095835	-9.070036
08426	25.736407	-2.603393	-9.234841
08427	26.882019	-2.091741	-9.248523
08428	27.908889	-1.600959	-9.159578
08429	28.794786	-1.158386	-8.973129
08430	29.553307	-0.780072	-8.664561
08431	30.195208	-0.493668	-8.228060
08432	30.738207	-0.312786	-7.678852
08433	31.180957	-0.183104	-7.055082
08434	31.517679	-0.057235	-6.454120
08435	31.741804	0.106641	-5.944307
08436	31.829110	0.336584	-5.532977
08437	31.744945	0.605819	-5.209176
08438	31.475864	0.907831	-4.991017
08439	31.043449	1.222185	-4.831751
08440	30.519618	1.532690	-4.697675
08441	29.972297	1.745057	-4.564392
08442	29.418811	1.839938	-4.371624
08443	28.869443	1.846163	-4.130208
08444	28.332906	1.775117	-3.845664
08445	27.805419	1.642418	-3.484933
08446	27.309308	1.421504	-2.974745
08447	26.866596	1.081168	-2.255044
08448	26.482850	0.720176	-1.248586
08449	26.105594	0.471043	-0.054448
08450	25.754525	0.703113	1.241372
08451	25.356598	1.348729	2.421509
08452	24.766417	1.634526	2.817869
08453	24.202616	1.564860	2.717160
08454	23.827561	1.530035	2.560919
08455	23.494332	1.321969	2.384545
08456	23.134921	1.243004	2.274005
08457	22.817212	1.635267	2.502123
08458	22.355962	2.605841	3.031688
08459	21.347790	3.877462	3.353134
08460	19.915525	4.479572	3.104514
08461	18.471517	4.393897	2.655371
08462	17.132943	4.178721	2.191346
08463	15.979880	4.109795	1.732319
08464	15.019663	4.185137	1.278900
08465	14.201703	4.339081	0.860655
08466	13.416307	4.390424	0.526666
08467	12.582123	4.264146	0.310187
08468	11.699136	4.098610	0.225222
08469	10.820288	4.006761	0.259854
08470	10.001401	4.021872	0.437842
08471	9.248657	4.117079	0.754352
08472	8.508506	4.276198	1.179462
08473	7.740647	4.518424	1.708632
08474	6.908977	4.763458	2.300179
08475	6.030852	4.935178	2.917452
08476	5.121300	5.006167	3.525126
08477	4.205898	5.033762	4.112890
08478	3.312007	5.070424	4.697391
08479	2.455633	5.111042	5.286226
08480	1.627002	5.166661	5.858100
08481	0.813833	5.252034	6.351828
08482	-0.018648	5.359910	6.719152
08483	-0.881788	5.486971	6.924876
08484	-1.781992	5.653363	6.942600
08485	-2.695340	5.847174	6.763393
08486	-3.626514	6.050034	6.387906
08487	-4.539582	6.320355	5.854601
08488	-5.419955	6.663704	5.238039
08489	-6.243290	7.069961	4.601708
08490	-7.018863	7.523383	3.970786
08491	-7.764935	7.929841	3.434666
08492	-8.437843	8.260524	3.120572
08493	-8.963212	8.623265	3.109885
08494	-9.338692	9.070511	3.321095
08495	-9.601696	9.510041	3.597770
08496	-9.807220	9.865203	3.805381
08497	-9.989935	10.128160	3.881772
08498	-10.148653	10.337148	3.833688
08499	-10.255388	10.507272	3.685217
08500	-10.274310	10.605216	3.442296
08501	-10.193671	10.588798	3.092576
08502	-9.988700	10.463394	2.656441
08503	-9.591213	10.237260	2.201768
08504	-8.925147	9.834418	1.800248
08505	-7.969881	9.148540	1.485045
08506	-6.704363	8.189704	1.220055
08507	-5.170290	6.994115	1.058282
08508	-3.466872	5.534355	0.865125
08509	-1.650825	3.939070	0.577227
08510	0.315518	2.432191	0.279710
08511	2.453604	1.232577	0.082394
08512	4.653987	0.416501	-0.010787
08513	6.638681	-0.295521	-0.226544
08514	8.274319	-1.141633	-0.830184
08515	9.720864	-2.146630	-1.697557
08516	11.185942	-3.218879	-2.476376
08517	12.706482	-4.125923	-3.054207
08518	14.299906	-4.618104	-3.543642
08519	15.995136	-4.726386	-4.027636
08520	17.751544	-4.638458	-4.600314
08521	19.433898	-4.494940	-5.330542
08522	20.987763	-4.348919	-6.145774
08523	22.407277	-4.153933	-6.946051
08524	23.730003	-3.847053	-7.652134
08525	24.993407	-3.453313	-8.258686
08526	26.220988	-3.075961	-8.780085
08527	27.405207	-2.691498	-9.210624
08528	28.535510	-2.230056	-9.510062
08529	29.574882	-1.674436	-9.632009
08530	30.488307	-1.167918	-9.597974
08531	31.276069	-0.782320	-9.415528
08532	31.961455	-0.499585	-9.065747
08533	32.545588	-0.288535	-8.558144
08534	33.020232	-0.186500	-7.985486
08535	33.358894	-0.155251	-7.481221
08536	33.525472	-0.046367	-7.086188
08537	33.503847	0.208018	-6.812271
08538	33.268421	0.512771	-6.720703
08539	32.843076	0.835172	-6.792715
08540	32.290563	1.184995	-6.904347
08541	31.685005	1.487153	-6.966639
08542	31.074962	1.661044	-6.941015
08543	30.476437	1.723681	-6.822926
08544	29.890446	1.726404	-6.668000
08545	29.330335	1.673260	-6.512643
08546	28.815041	1.551572	-6.359414
08547	28.335998	1.314736	-6.145651
08548	27.848740	0.967712	-5.725549
08549	27.381799	0.622226	-4.954546
08550	26.937912	0.491088	-3.873348
08551	26.499392	0.957833	-2.555508
08552	25.943999	1.660004	-1.370439
08553	25.183842	1.793834	-1.031052
08554	24.568314	1.734385	-1.106122
08555	24.219152	1.707119	-1.152236
08556	23.943457	1.433124	-1.123603
08557	23.662897	1.194176	-0.923237
08558	23.403783	1.276140	-0.423456
08559	23.085039	1.788427	0.422952
08560	22.334268	2.624821	1.241543
08561	21.130378	3.155185	1.549136
08562	19.835261	3.209956	1.537209
08563	18.613492	3.155758	1.440339
08564	17.497493	3.238412	1.288660
08565	16.523300	3.550509	1.036604
08566	15.664469	4.080972	0.701758
08567	14.857678	4.686722	0.323445
08568	14.025865	4.934885	-0.001435
08569	13.150026	4.760090	-0.219925
08570	12.283069	4.540166	-0.251107
08571	11.518644	4.486148	-0.022443
08572	10.861451	4.552568	0.409701
08573	10.273963	4.622222	1.025634
08574	9.653630	4.703802	1.766913
08575	8.935202	4.811483	2.592984
08576	8.101594	4.920059	3.430493
08577	7.186890	5.033187	4.188372
08578	6.225199	5.161080	4.817278
08579	5.258345	5.276181	5.337981
08580	4.296766	5.360715	5.792918
08581	3.334849	5.440620	6.226118
08582	2.365587	5.565126	6.648229
08583	1.388056	5.770511	7.021571
08584	0.385831	6.042428	7.267598
08585	-0.638936	6.376086	7.326964
08586	-1.687482	6.743441	7.193785
08587	-2.750974	7.112623	6.905638
08588	-3.792624	7.524463	6.491824
08589	-4.773428	8.013990	5.981468
08590	-5.684743	8.586244	5.415851
08591	-6.520295	9.241030	4.833413
08592	-7.276944	9.889743	4.329453
08593	-7.925671	10.420224	3.968515
08594	-8.467981	10.765451	3.705901
08595	-8.916443	10.944831	3.476885
08596	-9.296440	11.030255	3.263089
08597	-9.623973	11.077986	3.021862
08598	-9.917854	11.119058	2.700118
08599	-10.184881	11.148505	2.263218
08600	-10.417984	11.149334	1.707804
08601	-10.605158	11.117770	1.011547
08602	-10.733884	11.036306	0.157909
08603	-10.779493	10.866468	-0.782060
08604	-10.675381	10.681588	-1.655961
08605	-10.329965	10.492733	-2.304333
08606	-9.685924	10.158536	-2.662516
08607	-8.730524	9.527067	-2.737080
08608	-7.486502	8.550600	-2.716994
08609	-6.018103	7.244614	-2.677077
08610	-4.407876	5.579078	-2.696124
08611	-2.720856	3.715153	-2.783758
08612	-0.882816	2.027217	-2.805773
08613	1.118996	0.641024	-2.645003
08614	3.264985	-0.355335	-2.253157
08615	5.382254	-1.011950	-1.745104
08616	7.202802	-1.642140	-1.402457
08617	8.617987	-2.572698	-1.490665
08618	9.879102	-3.691837	-1.822852
08619	11.198828	-4.804528	-2.102037
08620	12.599405	-5.729302	-2.313830
08621	14.084195	-6.205122	-2.549804
08622	15.669941	-6.256531	-2.824740
08623	17.282113	-6.162135	-3.246651
08624	18.851455	-6.067833	-3.895743
08625	20.333840	-5.947505	-4.692950
08626	21.744725	-5.684027	-5.517983
08627	23.122009	-5.206288	-6.243024
08628	24.458641	-4.595183	-6.894817
08629	25.750851	-3.916446	-7.500396
08630	26.970280	-3.208772	-8.049483
08631	28.066725	-2.497326	-8.525296
08632	29.039314	-1.778492	-8.878599
08633	29.895397	-1.086208	-9.068952
08634	30.622469	-0.482335	-9.089822
08635	31.217964	-0.037721	-8.939895
08636	31.707194	0.249711	-8.610870
08637	32.109483	0.454294	-8.090790
08638	32.436899	0.600575	-7.445798
08639	32.686826	0.708285	-6.747100
08640	32.837726	0.828853	-6.061960
08641	32.847294	0.895711	-5.483460
08642	32.710419	0.865414	-5.051588
08643	32.459698	0.872686	-4.769102
08644	32.156426	0.957779	-4.630277
08645	31.858548	1.100743	-4.600823
08646	31.610316	1.289212	-4.622906
08647	31.384709	1.430840	-4.576792
08648	31.121542	1.451308	-4.362603
08649	30.790124	1.360539	-3.957751
08650	30.367106	1.184685	-3.376229
08651	29.842503	0.891023	-2.612259
08652	29.266462	0.517373	-1.644537
08653	28.658267	0.181799	-0.549706
08654	28.042677	0.247721	0.561038
08655	27.592761	0.997094	1.760611
08656	27.004898	1.445158	2.276752
08657	26.225182	1.333713	2.048804
08658	25.688198	1.181062	1.881824
08659	25.253522	0.868708	1.929795
08660	24.826136	0.677066	2.134521
08661	24.423207	0.814315	2.586210
08662	23.916897	1.444969	3.297491
08663	22.951563	2.439484	3.808904
08664	21.575770	3.084181	3.720619
08665	20.155747	3.189567	3.336476
08666	18.816166	3.163995	2.859756
08667	17.638897	3.233777	2.380664
08668	16.617363	3.447379	1.932891
08669	15.688103	3.809019	1.494532
08670	14.713223	4.219104	0.996102
08671	13.634365	4.393205	0.446181
08672	12.494386	4.303677	-0.000798
08673	11.371613	4.167038	-0.233392
08674	10.314968	4.122361	-0.248649
08675	9.354867	4.210527	-0.094783
08676	8.467994	4.395391	0.187708
08677	7.615794	4.639127	0.600236
08678	6.736931	4.930179	1.086809
08679	5.814578	5.212143	1.595146
08680	4.871250	5.421239	2.109948
08681	3.955364	5.506340	2.635139
08682	3.092293	5.474145	3.182431
08683	2.279252	5.367105	3.748091
08684	1.490803	5.266255	4.309425
08685	0.715248	5.234580	4.816052
08686	-0.089222	5.298260	5.207454
08687	-0.934904	5.476940	5.430615
08688	-1.828762	5.765087	5.448527
08689	-2.766299	6.130857	5.240957
08690	-3.750551	6.535457	4.835285
08691	-4.751337	6.950561	4.302641
08692	-5.750670	7.344768	3.724090
08693	-6.699171	7.719608	3.137551
08694	-7.575086	8.058826	2.567877
08695	-8.344711	8.334819	2.032451
08696	-9.003365	8.541264	1.563887
08697	-9.550307	8.737423	1.227642
08698	-10.013411	8.990981	1.035372
08699	-10.407043	9.286405	0.960788
08700	-10.753595	9.568712	0.944515
08701	-11.064722	9.818976	0.933268
08702	-11.335871	10.025249	0.881002
08703	-11.539932	10.179602	0.732535
08704	-11.651982	10.274293	0.451019
08705	-11.653064	10.288670	0.041855
08706	-11.512291	10.182873	-0.423252
08707	-11.158021	9.933324	-0.847061
08708	-10.516050	9.532951	-1.168750
08709	-9.579472	8.908089	-1.425673
08710	-8.383191	7.940438	-1.695946
08711	-7.004014	6.598452	-2.056161
08712	-5.474876	4.920422	-2.502354
08713	-3.818371	3.140833	-3.024707
08714	-1.998066	1.534157	-3.423422
08715	-0.017867	0.373653	-3.617353
08716	2.050838	-0.344579	-3.540033
08717	4.030216	-0.816624	-3.322058
08718	5.727992	-1.404612	-3.249197
08719	7.133261	-2.172589	-3.531994
08720	8.445752	-3.016766	-4.079675
08721	9.789275	-3.825024	-4.675990
08722	11.208539	-4.414336	-5.208794
08723	12.710773	-4.627901	-5.716486
08724	14.296062	-4.598842	-6.195121
08725	15.910746	-4.478028	-6.711847
08726	17.478666	-4.280858	-7.308469
08727	18.950317	-4.042331	-7.901227
08728	20.365799	-3.665298	-8.422920
08729	21.757603	-3.155752	-8.816923
08730	23.125816	-2.646094	-9.076322
08731	24.442398	-2.150218	-9.221808
08732	25.643680	-1.689615	-9.315199
08733	26.732645	-1.301505	-9.294976
08734	27.737409	-0.979520	-9.085560
08735	28.648562	-0.699796	-8.685868
08736	29.442383	-0.556173	-8.166159
08737	30.130268	-0.558320	-7.567915
08738	30.707157	-0.680311	-6.925106
08739	31.190645	-0.832177	-6.246662
08740	31.582763	-0.951234	-5.555144
08741	31.861410	-1.099575	-4.945283
08742	32.005899	-1.312734	-4.424971
08743	31.998329	-1.468447	-4.006690
08744	31.798195	-1.492576	-3.707925
08745	31.425206	-1.386199	-3.507259
08746	30.926709	-1.203414	-3.389284
08747	30.310394	-0.966302	-3.317020
08748	29.562394	-0.681688	-3.273255
08749	28.711642	-0.349125	-3.266110
08750	27.855422	0.024588	-3.262249
08751	27.086648	0.332494	-3.201888
08752	26.458296	0.447666	-2.945361
08753	25.989806	0.329396	-2.377111
08754	25.627387	0.116271	-1.553135
08755	25.305404	0.221197	-0.558429
08756	24.938233	0.922072	0.556628
08757	24.254544	1.313223	0.938271
08758	23.437420	1.242380	0.583720
08759	22.848260	1.288095	0.188156
08760	22.379908	1.236963	-0.077590
08761	21.939809	1.285441	-0.141257
08762	21.516753	1.648401	0.111724
08763	20.951914	2.459635	0.563006
08764	19.942061	3.447974	0.789993
08765	18.590539	3.843519	0.627184
08766	17.247995	3.658129	0.436797
08767	16.037182	3.334652	0.338885
08768	14.980513	3.110194	0.282224
08769	14.095605	3.036564	0.236706
08770	13.338500	3.191507	0.198456
08771	12.629062	3.485501	0.214616
08772	11.820127	3.666006	0.228759
08773	10.885359	3.686415	0.210010
08774	9.892947	3.671290	0.249589
08775	8.933804	3.738580	0.409994
08776	8.045149	3.877366	0.700455
08777	7.230750	4.030402	1.151045
08778	6.418446	4.174279	1.732064
08779	5.574540	4.309424	2.404597
08780	4.690904	4.463452	3.123650
08781	3.800812	4.623491	3.838093
08782	2.917872	4.782285	4.510784
08783	2.035373	4.928695	5.109704
08784	1.140528	5.085438	5.625136
08785	0.249355	5.285007	6.065961
08786	-0.640892	5.537515	6.416437
08787	-1.520973	5.848216	6.659351
08788	-2.421912	6.159412	6.760084
08789	-3.361307	6.454618	6.685622
08790	-4.332498	6.778400	6.454339
08791	-5.298403	7.180562	6.130116
08792	-6.220970	7.676986	5.774407
08793	-7.059961	8.199152	5.413723
08794	-7.799510	8.698410	5.042826
08795	-8.427099	9.124661	4.674092
08796	-8.962125	9.445704	4.341285
08797	-9.426187	9.674232	4.056889
08798	-9.850099	9.844398	3.809714
08799	-10.242433	9.991853	3.592335
08800	-10.589891	10.164774	3.396312
08801	-10.892250	10.379924	3.202685
08802	-11.136092	10.632762	2.989142
08803	-11.296652	10.883738	2.681693
08804	-11.343843	11.016268	2.229183
08805	-11.266500	10.955039	1.644592
08806	-11.044495	10.722063	1.002048
08807	-10.613173	10.325283	0.443073
08808	-9.880568	9.773063	0.091505
08809	-8.844210	8.997250	-0.094471
08810	-7.537232	7.970869	-0.202560
08811	-6.024093	6.600954	-0.270432
08812	-4.407460	4.850959	-0.449497
08813	-2.722594	2.978576	-0.679195
08814	-0.861915	1.460076	-0.783313
08815	1.158151	0.392756	-0.660160
08816	3.230136	-0.275551	-0.335783
08817	5.120248	-0.822027	-0.022127
08818	6.669254	-1.531400	-0.069139
08819	7.993789	-2.434757	-0.519089
08820	9.307836	-3.424340	-1.119128
08821	10.674167	-4.278301	-1.686541
08822	12.124760	-4.763584	-2.220797
08823	13.652141	-4.891186	-2.793581
08824	15.257729	-4.875270	-3.434020
08825	16.866523	-4.789466	-4.192597
08826	18.384895	-4.628152	-5.042378
08827	19.808642	-4.386128	-5.903078
08828	21.198086	-3.967398	-6.665748
08829	22.549902	-3.379840	-7.322113
08830	23.840864	-2.748760	-7.872680
08831	25.032821	-2.162403	-8.312374
08832	26.090656	-1.644688	-8.642040
08833	27.030536	-1.128245	-8.807969
08834	27.874117	-0.623078	-8.783603
08835	28.614929	-0.209262	-8.597684
08836	29.255728	0.058665	-8.284573
08837	29.808205	0.211277	-7.818824
08838	30.294934	0.228724	-7.254251
08839	30.701822	0.128288	-6.638968
08840	31.035165	0.019713	-6.020914
08841	31.284979	0.020948	-5.504023
08842	31.423232	0.207095	-5.149463
08843	31.414485	0.436394	-5.016282
08844	31.232499	0.638419	-5.125139
08845	30.914338	0.903763	-5.358743
08846	30.506208	1.283306	-5.505606
08847	30.048173	1.714036	-5.541746
08848	29.530180	1.978437	-5.494026
08849	28.937953	2.047202	-5.318205
08850	28.305991	2.079206	-4.974082
08851	27.711598	2.140783	-4.485846
08852	27.182679	2.122774	-3.825939
08853	26.741673	1.969494	-2.854133
08854	26.356631	1.724296	-1.608560
08855	25.993509	1.651054	-0.286856
08856	25.675827	2.035293	1.009545
08857	25.246976	2.210536	1.655422
08858	24.757332	1.989210	1.746023
08859	24.407867	1.786998	1.739800
08860	24.109025	1.474926	1.803582
08861	23.792660	1.360336	2.053613
08862	23.449132	1.610919	2.552127
08863	22.930526	2.283337	3.164013
08864	21.977040	3.324838	3.517913
08865	20.635258	3.956094	3.297573
08866	19.259067	4.042419	2.793420
08867	18.024382	3.969714	2.228718
08868	16.952962	3.948889	1.692236
08869	16.050642	4.072072	1.233992
08870	15.217457	4.360960	0.860295
08871	14.327855	4.658824	0.517269
08872	13.328091	4.661585	0.192138
08873	12.265155	4.430490	-0.056876
08874	11.200832	4.311850	-0.184218
08875	10.211722	4.441087	-0.225233
08876	9.305685	4.725776	-0.203248
08877	8.443210	5.044784	-0.098662
08878	7.549595	5.363775	0.092560
08879	6.602906	5.635471	0.381176
08880	5.635845	5.859374	0.771911
08881	4.703123	6.003489	1.252588
08882	3.827853	6.021418	1.816054
08883	3.014737	5.949660	2.428096
08884	2.237675	5.866743	3.049095
08885	1.496900	5.856995	3.627066
08886	0.768281	5.940149	4.123240
08887	0.027343	6.092269	4.516267
08888	-0.751457	6.281351	4.799082
08889	-1.561437	6.490322	4.959587
08890	-2.388541	6.728240	4.997533
08891	-3.205137	7.004722	4.927052
08892	-4.022918	7.308612	4.752888
08893	-4.842437	7.657756	4.483716
08894	-5.654276	8.077534	4.125859
08895	-6.425103	8.536295	3.691942
08896	-7.137249	8.974246	3.185168
08897	-7.796290	9.287421	2.647208
08898	-8.389424	9.507998	2.111615
08899	-8.899445	9.697566	1.587420
08900	-9.324761	9.857813	1.120881
08901	-9.656035	9.951599	0.759044
08902	-9.902707	9.988084	0.498594
08903	-10.060941	9.974615	0.313547
08904	-10.134602	9.897343	0.167280
08905	-10.123141	9.776966	0.037231
08906	-10.024548	9.639020	-0.090397
08907	-9.839849	9.486701	-0.220323
08908	-9.534663	9.283697	-0.322122
08909	-9.027345	8.962927	-0.318669
08910	-8.260287	8.453222	-0.203814
08911	-7.220704	7.690732	-0.091570
08912	-5.929995	6.593213	-0.056844
08913	-4.457306	5.133035	-0.177621
08914	-2.854521	3.406275	-0.486186
08915	-1.099968	1.703906	-0.874791
08916	0.846550	0.220406	-1.172365
08917	2.954718	-0.896230	-1.283333
08918	5.034461	-1.781560	-1.326147
08919	6.815174	-2.729219	-1.568013
08920	8.282666	-3.727667	-2.095088
08921	9.632762	-4.692696	-2.763364
08922	10.990796	-5.620129	-3.471235
08923	12.387447	-6.374852	-4.211904
08924	13.862441	-6.730414	-5.006585
08925	15.421753	-6.719850	-5.809167
08926	17.023879	-6.483164	-6.669493
08927	18.587862	-6.087279	-7.588728
08928	20.061449	-5.545992	-8.459033
08929	21.439204	-4.835452	-9.246472
08930	22.740195	-3.970050	-9.923162
08931	23.988981	-3.094514	-10.487410
08932	25.153895	-2.278282	-10.952166
08933	26.197124	-1.481099	-11.308399
08934	27.143267	-0.729964	-11.510971
08935	27.997613	-0.108896	-11.556072
08936	28.778828	0.388584	-11.419566
08937	29.494065	0.724592	-11.105723
08938	30.150991	0.933055	-10.583403
08939	30.742728	1.015452	-9.892315
08940	31.273414	1.008885	-9.053429
08941	31.739918	0.935901	-8.130128
08942	32.131525	0.824304	-7.191826
08943	32.437987	0.695638	-6.312807
08944	32.649314	0.613747	-5.535006
08945	32.725456	0.602509	-4.900796
08946	32.640765	0.646853	-4.436612
08947	32.393022	0.701046	-4.164444
08948	32.019542	0.763513	-4.007942
08949	31.585428	0.872770	-3.862590
08950	31.131774	1.044263	-3.700532
08951	30.661476	1.208255	-3.541444
08952	30.183760	1.349263	-3.350722
08953	29.714476	1.493498	-3.060886
08954	29.207998	1.582706	-2.657935
08955	28.652399	1.528931	-2.114503
08956	28.096746	1.374375	-1.311386
08957	27.565730	1.243878	-0.225673
08958	27.058701	1.503234	1.039382
08959	26.503810	2.109590	2.257181
08960	25.819732	2.376962	2.881583
08961	25.259924	2.296915	3.119518
08962	24.890850	2.045107	3.230094
08963	24.544774	1.537748	3.272218
08964	24.193012	1.174571	3.394479
08965	23.881936	1.257230	3.746309
08966	23.491003	1.815317	4.426403
08967	22.576015	2.736042	4.970272
08968	21.122320	3.338207	4.823587
08969	19.580794	3.457572	4.271636
08970	18.166904	3.428001	3.555758
08971	16.973478	3.510283	2.790563
08972	16.007255	3.747803	2.029037
08973	15.181430	4.177019	1.303667
08974	14.318070	4.757073	0.581886
08975	13.290958	5.106920	-0.169854
08976	12.143879	5.057696	-0.858055
08977	10.988898	4.936559	-1.353611
08978	9.894608	4.950930	-1.637406
08979	8.917288	5.098924	-1.733688
08980	8.041275	5.320445	-1.687871
08981	7.228621	5.547954	-1.513043
08982	6.403447	5.737245	-1.219598
08983	5.546513	5.849110	-0.811997
08984	4.679239	5.840299	-0.310862
08985	3.850317	5.736360	0.266108
08986	3.079275	5.593697	0.927991
08987	2.362752	5.436974	1.671700
08988	1.672966	5.322030	2.458303
08989	0.998705	5.307503	3.232306
08990	0.303277	5.414547	3.930747
08991	-0.448650	5.598830	4.498931
08992	-1.284814	5.811570	4.891088
08993	-2.193641	6.072291	5.079201
08994	-3.160134	6.408969	5.076099
08995	-4.150742	6.818545	4.935577
08996	-5.135298	7.319130	4.700012
08997	-6.092388	7.905358	4.386130
08998	-7.008144	8.574101	3.972257
08999	-7.834234	9.238902	3.510889
09000	-8.534191	9.768454	3.068351
09001	-9.103918	10.090055	2.652368
09002	-9.555204	10.250760	2.282321
09003	-9.909156	10.356033	1.967670
09004	-10.195990	10.437794	1.686879
09005	-10.431468	10.496837	1.399671
09006	-10.601720	10.563828	1.078558
09007	-10.686686	10.620240	0.691729
09008	-10.669107	10.608209	0.208807
09009	-10.547456	10.475373	-0.370406
09010	-10.273529	10.210719	-0.938018
09011	-9.747094	9.826326	-1.338686
09012	-8.914919	9.290896	-1.529179
09013	-7.814358	8.498094	-1.567691
09014	-6.454114	7.403109	-1.593819
09015	-4.876336	5.965607	-1.631591
09016	-3.151327	4.260253	-1.797699
09017	-1.325147	2.444350	-2.079581
09018	0.694140	0.895031	-2.297209
09019	2.899515	-0.232694	-2.332149
09020	5.131958	-0.928158	-2.281683
09021	7.130446	-1.514336	-2.376247
09022	8.795619	-2.248328	-2.799429
09023	10.252676	-3.170249	-3.465232
09024	11.684715	-4.190106	-4.151043
09025	13.138553	-5.054810	-4.807370
09026	14.653672	-5.498349	-5.463316
09027	16.226469	-5.515759	-6.123082
09028	17.810076	-5.339193	-6.859609
09029	19.338898	-5.133257	-7.768255
09030	20.763689	-4.898795	-8.794512
09031	22.086400	-4.575143	-9.803968
09032	23.346048	-4.060850	-10.719542
09033	24.560810	-3.355455	-11.503043
09034	25.710717	-2.575658	-12.179308
09035	26.771250	-1.789409	-12.762943
09036	27.719730	-0.985332	-13.190048
09037	28.521905	-0.170107	-13.428040
09038	29.186200	0.528640	-13.471620
09039	29.735906	1.015879	-13.333888
09040	30.188014	1.283263	-13.015712
09041	30.566127	1.350455	-12.532691
09042	30.887909	1.287680	-11.910057
09043	31.160224	1.168710	-11.214063
09044	31.362623	1.027152	-10.521123
09045	31.461023	0.876805	-9.908875
09046	31.414001	0.757721	-9.418922
09047	31.214036	0.732087	-9.058231
09048	30.874006	0.781569	-8.837902
09049	30.451664	0.849353	-8.705251
09050	30.002950	0.904074	-8.525591
09051	29.560237	0.970714	-8.242587
09052	29.099417	1.000929	-7.876744
09053	28.596280	0.998959	-7.433892
09054	28.104697	1.001112	-6.884142
09055	27.672274	0.970268	-6.198061
09056	27.279149	0.860699	-5.363050
09057	26.912351	0.679004	-4.343220
09058	26.554647	0.476826	-3.123016
09059	26.189567	0.625130	-1.776916
09060	25.659215	1.012919	-0.559993
09061	24.972376	1.097827	0.007493
09062	24.376505	1.025853	0.077165
09063	23.937489	0.926946	-0.147147
09064	23.548664	0.691132	-0.427241
09065	23.168069	0.603644	-0.515188
09066	22.785696	0.800709	-0.262069
09067	22.238510	1.443755	0.258853
09068	21.225534	2.336688	0.537094
09069	19.866619	2.796202	0.272763
09070	18.492448	2.850120	-0.249487
09071	17.238269	2.865385	-0.805486
09072	16.144440	2.997240	-1.289670
09073	15.228647	3.275375	-1.625802
09074	14.408198	3.686795	-1.828283
09075	13.541949	3.987603	-2.010791
09076	12.566498	3.926518	-2.212289
09077	11.549860	3.659709	-2.321036
09078	10.561008	3.477725	-2.238618
09079	9.669613	3.471854	-1.967267
09080	8.874266	3.539403	-1.535418
09081	8.130474	3.626174	-0.971482
09082	7.361992	3.771394	-0.300818
09083	6.525760	3.987867	0.445417
09084	5.610190	4.231435	1.200277
09085	4.660610	4.434408	1.926696
09086	3.731100	4.538276	2.619292
09087	2.844350	4.567056	3.285475
09088	1.991906	4.580739	3.931077
09089	1.176314	4.606288	4.551908
09090	0.384382	4.653537	5.115652
09091	-0.397847	4.723555	5.570700
09092	-1.182811	4.854865	5.902539
09093	-1.968641	5.054349	6.105957
09094	-2.760330	5.308040	6.180450
09095	-3.562750	5.617055	6.140721
09096	-4.385632	5.977074	6.035233
09097	-5.219256	6.373316	5.894393
09098	-6.038947	6.831037	5.736436
09099	-6.830468	7.353895	5.549899
09100	-7.580444	7.906886	5.350934
09101	-8.256631	8.454560	5.156389
09102	-8.845912	8.936434	4.974498
09103	-9.348801	9.317441	4.800296
09104	-9.786177	9.590498	4.591685
09105	-10.173480	9.785008	4.317892
09106	-10.504004	9.932304	4.012685
09107	-10.756078	10.028129	3.721974
09108	-10.900701	10.068672	3.463744
09109	-10.909521	10.054456	3.228603
09110	-10.777230	9.982646	2.948727
09111	-10.481883	9.823202	2.637720
09112	-9.951237	9.522261	2.399530
09113	-9.168272	9.013640	2.220404
09114	-8.126489	8.238099	2.033035
09115	-6.833938	7.148767	1.776461
09116	-5.330507	5.726515	1.475977
09117	-3.697289	4.098660	1.027313
09118	-1.954043	2.440503	0.484675
09119	-0.047014	1.068495	0.017710
09120	2.005532	0.069344	-0.275324
09121	4.075808	-0.567537	-0.446601
09122	5.943645	-1.200082	-0.729857
09123	7.506590	-1.991424	-1.294298
09124	8.934553	-2.819696	-2.009192
09125	10.362919	-3.624586	-2.663216
09126	11.841733	-4.298965	-3.210860
09127	13.359382	-4.679411	-3.708418
09128	14.921553	-4.740009	-4.185271
09129	16.464269	-4.635599	-4.714429
09130	17.933720	-4.422138	-5.332080
09131	19.313642	-4.127039	-5.921876
09132	20.612385	-3.785957	-6.426682
09133	21.853178	-3.376153	-6.866186
09134	23.061728	-2.893897	-7.235212
09135	24.257827	-2.351605	-7.510538
09136	25.413790	-1.794262	-7.697363
09137	26.479587	-1.260494	-7.801263
09138	27.427383	-0.769852	-7.767436
09139	28.268448	-0.314177	-7.530449
09140	28.995871	-0.015397	-7.112313
09141	29.634448	0.130182	-6.536398
09142	30.181553	0.123571	-5.846422
09143	30.617206	0.027478	-5.140834
09144	30.934446	-0.088990	-4.496230
09145	31.107766	-0.169970	-3.949301
09146	31.113744	-0.185298	-3.505932
09147	30.935024	-0.148493	-3.196557
09148	30.555122	-0.116354	-2.981035
09149	30.047461	-0.015979	-2.833613
09150	29.470153	0.150017	-2.736928
09151	28.813122	0.358236	-2.676372
09152	28.076209	0.563709	-2.672106
09153	27.312980	0.696758	-2.689878
09154	26.567229	0.729246	-2.626501
09155	25.880364	0.601691	-2.365299
09156	25.267496	0.276466	-1.859059
09157	24.755390	-0.079333	-1.079520
09158	24.340774	-0.146464	-0.117411
09159	24.082345	0.557307	1.054203
09160	23.667292	1.189275	1.604235
09161	23.019385	1.083858	1.268986
09162	22.495312	1.038013	0.862760
09163	22.050194	0.922645	0.522463
09164	21.642877	1.052134	0.266106
09165	21.293818	1.723602	0.438330
09166	20.738730	2.926000	0.968402
09167	19.533583	4.446482	1.236852
09168	17.895452	5.039148	0.916877
09169	16.291030	4.730773	0.449110
09170	14.917740	4.258000	0.049254
09171	13.866292	3.885877	-0.253748
09172	13.090181	3.708232	-0.549768
09173	12.478588	3.742386	-0.806286
09174	11.860912	3.838880	-0.951028
09175	11.117174	3.838356	-0.999170
09176	10.239102	3.828209	-1.051155
09177	9.296728	3.872736	-1.129839
09178	8.356868	3.963459	-1.206494
09179	7.450673	4.115153	-1.233170
09180	6.574616	4.331895	-1.169245
09181	5.674825	4.581244	-0.987578
09182	4.724144	4.821211	-0.705029
09183	3.766526	4.967359	-0.336728
09184	2.852421	4.978820	0.102993
09185	2.003781	4.886238	0.618929
09186	1.208692	4.765793	1.208901
09187	0.447276	4.705412	1.830530
09188	-0.291908	4.726800	2.415442
09189	-1.013717	4.803936	2.881540
09190	-1.748134	4.908623	3.192041
09191	-2.503808	5.035856	3.345343
09192	-3.289685	5.189452	3.366239
09193	-4.093176	5.371068	3.327220
09194	-4.905723	5.642095	3.252185
09195	-5.727851	6.005083	3.145249
09196	-6.561351	6.411650	2.999892
09197	-7.392298	6.860081	2.738197
09198	-8.203927	7.351588	2.286612
09199	-8.961529	7.835057	1.707153
09200	-9.610015	8.259030	1.135445
09201	-10.134733	8.594997	0.657837
09202	-10.553303	8.817767	0.288008
09203	-10.868502	8.919054	0.031420
09204	-11.078739	8.947082	-0.106265
09205	-11.189959	8.932204	-0.150139
09206	-11.222167	8.890877	-0.194755
09207	-11.180278	8.828236	-0.302171
09208	-11.019766	8.732113	-0.436738
09209	-10.649157	8.580739	-0.497881
09210	-9.987472	8.312330	-0.459944
09211	-9.032086	7.838185	-0.422358
09212	-7.806047	6.996453	-0.493504
09213	-6.385328	5.705146	-0.729608
09214	-4.795222	4.144732	-1.123500
09215	-3.025169	2.601061	-1.600130
09216	-1.093156	1.214573	-2.096853
09217	0.944781	0.098418	-2.539915
09218	3.011747	-0.704305	-2.876467
09219	4.908712	-1.404046	-3.254640
09220	6.523991	-2.116187	-3.892203
09221	7.961002	-2.797857	-4.796434
09222	9.372595	-3.482083	-5.805058
09223	10.818529	-4.097098	-6.763813
09224	12.317726	-4.446943	-7.612476
09225	13.862087	-4.458068	-8.334478
09226	15.412044	-4.216716	-8.973103
09227	16.911903	-3.765069	-9.583083
09228	18.314084	-3.180354	-10.142701
09229	19.630917	-2.560111	-10.585404
09230	20.895672	-1.948090	-10.915928
09231	22.132730	-1.388803	-11.136023
09232	23.335684	-0.905210	-11.235009
09233	24.457846	-0.469841	-11.219248
09234	25.483560	-0.105605	-11.108642
09235	26.427617	0.198111	-10.825531
09236	27.308851	0.476572	-10.329654
09237	28.121254	0.668347	-9.649332
09238	28.862899	0.698427	-8.846737
09239	29.553730	0.588094	-7.962767
09240	30.161719	0.389743	-7.042175
09241	30.667926	0.147130	-6.145663
09242	31.067775	-0.059720	-5.309175
09243	31.341789	-0.139360	-4.536020
09244	31.436287	-0.169475	-3.890124
09245	31.335524	-0.168410	-3.419962
09246	31.053116	-0.063830	-3.114643
09247	30.617895	0.149402	-2.904656
09248	30.076791	0.459171	-2.757469
09249	29.482056	0.810237	-2.649647
09250	28.838589	1.112919	-2.543135
09251	28.175497	1.314254	-2.403736
09252	27.529008	1.419558	-2.199850
09253	26.913414	1.397437	-1.919271
09254	26.344919	1.113146	-1.458419
09255	25.819668	0.629102	-0.760188
09256	25.337275	0.275288	0.023811
09257	24.897867	0.527149	0.797095
09258	24.563012	1.376825	1.595083
09259	23.902981	1.753355	1.558431
09260	23.136057	1.687471	0.939380
09261	22.624223	1.664024	0.506267
09262	22.155250	1.499747	0.222499
09263	21.676834	1.511233	0.117917
09264	21.269079	1.959899	0.334503
09265	20.753496	2.867038	0.767914
09266	19.728558	3.873605	0.891344
09267	18.297422	4.208233	0.524895
09268	16.874400	4.032701	0.126715
09269	15.623764	3.779101	-0.126973
09270	14.586597	3.592401	-0.315624
09271	13.752922	3.503683	-0.492433
09272	13.031250	3.555834	-0.652809
09273	12.286449	3.713361	-0.811541
09274	11.448648	3.797335	-0.935963
09275	10.530584	3.734175	-1.016711
09276	9.573303	3.619914	-1.063317
09277	8.639787	3.571889	-1.048789
09278	7.749571	3.632740	-0.948504
09279	6.902586	3.772412	-0.765111
09280	6.073596	3.965275	-0.492405
09281	5.238991	4.185691	-0.146297
09282	4.391074	4.318032	0.264957
09283	3.549815	4.285670	0.715222
09284	2.739460	4.149414	1.197729
09285	1.972750	4.023235	1.702614
09286	1.235126	3.973640	2.220401
09287	0.521201	4.021659	2.723728
09288	-0.179879	4.175414	3.173916
09289	-0.879851	4.415801	3.537163
09290	-1.595755	4.684209	3.797348
09291	-2.331393	4.934409	3.957550
09292	-3.076810	5.166957	4.038410
09293	-3.821884	5.407690	4.079210
09294	-4.594436	5.671750	4.084758
09295	-5.385668	5.999063	4.058364
09296	-6.190635	6.452077	3.970796
09297	-6.988986	7.012280	3.823044
09298	-7.768915	7.604547	3.606821
09299	-8.506120	8.133811	3.354531
09300	-9.193644	8.559571	3.068374
09301	-9.813490	8.898497	2.753977
09302	-10.344413	9.159049	2.457146
09303	-10.787537	9.359770	2.196499
09304	-11.151038	9.498222	1.974618
09305	-11.433023	9.567930	1.799905
09306	-11.637062	9.590625	1.672817
09307	-11.761165	9.598686	1.607891
09308	-11.810988	9.587737	1.596551
09309	-11.751019	9.565664	1.640389
09310	-11.504268	9.471064	1.772731
09311	-11.019858	9.242249	1.979559
09312	-10.277129	8.778540	2.159763
09313	-9.286973	7.938771	2.162315
09314	-8.061817	6.683859	1.895351
09315	-6.629627	5.168588	1.359160
09316	-5.004586	3.559505	0.632661
09317	-3.219493	2.043596	-0.108675
09318	-1.272743	0.834272	-0.700330
09319	0.762095	-0.039571	-1.041926
09320	2.758796	-0.699832	-1.250082
09321	4.549859	-1.373741	-1.507465
09322	6.104132	-2.072594	-1.945496
09323	7.543930	-2.774862	-2.482621
09324	8.985705	-3.520764	-2.934001
09325	10.449174	-4.183923	-3.245474
09326	11.956755	-4.539439	-3.464928
09327	13.521729	-4.570715	-3.637968
09328	15.080113	-4.462167	-3.845078
09329	16.582697	-4.309660	-4.136067
09330	18.032919	-4.177891	-4.451785
09331	19.437135	-4.095898	-4.753962
09332	20.822127	-4.002676	-5.029676
09333	22.207942	-3.867594	-5.256525
09334	23.578307	-3.678789	-5.428521
09335	24.893754	-3.450511	-5.547536
09336	26.134815	-3.136686	-5.572196
09337	27.243313	-2.702270	-5.494229
09338	28.184423	-2.293896	-5.383620
09339	28.980821	-1.918298	-5.164732
09340	29.640300	-1.598192	-4.821222
09341	30.177638	-1.395255	-4.374291
09342	30.597191	-1.332451	-3.893742
09343	30.917227	-1.335029	-3.430093
09344	31.135762	-1.276372	-3.042143
09345	31.229284	-1.110741	-2.808161
09346	31.180765	-0.867469	-2.762297
09347	30.986503	-0.575793	-2.883053
09348	30.651600	-0.210020	-3.126237
09349	30.208957	0.249520	-3.406892
09350	29.723729	0.731031	-3.681325
09351	29.257885	1.177219	-3.909447
09352	28.796009	1.501446	-4.055865
09353	28.340396	1.658841	-4.088074
09354	27.917683	1.674252	-3.971524
09355	27.520394	1.532230	-3.679714
09356	27.112090	1.212561	-3.164859
09357	26.647145	0.797305	-2.375512
09358	26.096666	0.478155	-1.383170
09359	25.435238	0.426830	-0.380647
09360	24.789607	0.925563	0.667838
09361	24.130178	1.544756	1.406308
09362	23.343855	1.649561	1.348731
09363	22.735121	1.590250	1.089083
09364	22.311318	1.479762	1.043689
09365	21.835183	1.186447	1.164761
09366	21.326422	1.047229	1.409610
09367	20.871959	1.236768	1.843152
09368	20.378958	1.787972	2.485025
09369	19.538729	2.497684	2.967201
09370	18.367181	2.992246	3.041191
09371	17.087870	3.142525	2.860922
09372	15.825999	3.146483	2.533866
09373	14.693872	3.206975	2.126028
09374	13.713095	3.480393	1.620754
09375	12.821391	3.981662	0.988226
09376	11.919981	4.413281	0.311533
09377	10.944490	4.465134	-0.307512
09378	9.935045	4.236464	-0.693390
09379	8.983417	4.065550	-0.819039
09380	8.135114	4.031563	-0.726064
09381	7.378757	4.064023	-0.465986
09382	6.652521	4.157063	-0.085229
09383	5.896051	4.321329	0.391782
09384	5.072240	4.479891	0.928022
09385	4.206393	4.559960	1.476662
09386	3.328777	4.543544	2.005596
09387	2.472974	4.479553	2.529647
09388	1.642206	4.432426	3.068512
09389	0.841701	4.426000	3.630600
09390	0.065134	4.478904	4.196407
09391	-0.697381	4.589224	4.701215
09392	-1.462048	4.765462	5.079605
09393	-2.240615	4.984625	5.311179
09394	-3.054508	5.217249	5.379925
09395	-3.883015	5.459758	5.311625
09396	-4.701936	5.698406	5.132597
09397	-5.490768	5.926485	4.876059
09398	-6.255989	6.184898	4.547572
09399	-6.998998	6.551932	4.154742
09400	-7.721306	7.027216	3.754006
09401	-8.399375	7.548853	3.374788
09402	-9.018404	8.049308	3.007255
09403	-9.546643	8.455924	2.703459
09404	-9.967314	8.752417	2.489104
09405	-10.302118	8.989363	2.309491
09406	-10.573611	9.178984	2.129550
09407	-10.797178	9.350068	1.952118
09408	-10.965745	9.525177	1.804606
09409	-11.069576	9.686277	1.682623
09410	-11.093555	9.793811	1.534672
09411	-11.010686	9.803484	1.362551
09412	-10.750186	9.740377	1.228455
09413	-10.253421	9.609357	1.186840
09414	-9.490873	9.344286	1.232989
09415	-8.474631	8.805289	1.368280
09416	-7.237338	7.875768	1.430433
09417	-5.853754	6.603296	1.308230
09418	-4.345410	5.118880	1.014053
09419	-2.705057	3.610666	0.634831
09420	-0.891876	2.223452	0.316049
09421	1.077596	1.119218	0.134719
09422	3.096577	0.275703	0.003571
09423	4.951326	-0.574251	-0.260009
09424	6.533572	-1.577311	-0.747343
09425	7.933809	-2.534115	-1.368364
09426	9.297958	-3.376976	-2.036593
09427	10.664079	-4.099831	-2.789329
09428	12.076273	-4.591388	-3.605244
09429	13.561494	-4.781745	-4.408008
09430	15.085063	-4.783455	-5.183253
09431	16.572985	-4.720084	-5.980140
09432	17.996816	-4.570094	-6.785830
09433	19.356798	-4.352539	-7.525717
09434	20.658252	-4.065284	-8.192764
09435	21.929510	-3.682129	-8.751419
09436	23.189427	-3.245031	-9.222878
09437	24.415998	-2.758283	-9.656124
09438	25.591105	-2.208935	-10.035577
09439	26.686386	-1.570184	-10.313177
09440	27.672746	-0.845229	-10.441948
09441	28.517515	-0.212831	-10.455613
09442	29.223303	0.205653	-10.346007
09443	29.822152	0.491398	-10.044025
09444	30.331943	0.675299	-9.567823
09445	30.764131	0.781518	-8.982948
09446	31.105101	0.829248	-8.392144
09447	31.320281	0.891704	-7.878259
09448	31.372378	1.046497	-7.453464
09449	31.246599	1.234830	-7.137716
09450	30.948056	1.425979	-6.922636
09451	30.526608	1.605099	-6.747599
09452	30.069421	1.746205	-6.535706
09453	29.625423	1.844785	-6.293693
09454	29.182022	1.902257	-6.041379
09455	28.724432	1.914019	-5.764988
09456	28.229525	1.789647	-5.436128
09457	27.711693	1.538683	-5.010457
09458	27.170435	1.177752	-4.434077
09459	26.574038	0.679506	-3.702080
09460	25.939222	0.188702	-2.809782
09461	25.328019	-0.088554	-1.818795
09462	24.822445	0.261651	-0.797581
09463	24.297919	1.049684	-0.015674
09464	23.546598	1.388467	-0.085865
09465	22.857670	1.399222	-0.542235
09466	22.362149	1.374522	-0.922800
09467	21.881831	1.177236	-1.229008
09468	21.377266	1.097027	-1.446648
09469	20.961720	1.428476	-1.366859
09470	20.497487	2.340531	-0.991713
09471	19.531131	3.492419	-0.771703
09472	18.101344	3.962164	-1.111033
09473	16.614581	3.767413	-1.635835
09474	15.224522	3.462974	-2.129390
09475	14.033492	3.288147	-2.546014
09476	13.077747	3.249941	-2.888526
09477	12.296401	3.369129	-3.156062
09478	11.537705	3.559410	-3.374333
09479	10.682388	3.567787	-3.512633
09480	9.720660	3.466457	-3.538608
09481	8.742173	3.471064	-3.413766
09482	7.799574	3.605326	-3.158199
09483	6.902149	3.762859	-2.821355
09484	6.009777	3.901976	-2.427325
09485	5.110351	4.024246	-1.944902
09486	4.202903	4.118403	-1.354592
09487	3.309082	4.123825	-0.681067
09488	2.438431	4.020414	0.043190
09489	1.601841	3.882442	0.794563
09490	0.785010	3.802529	1.548925
09491	-0.023122	3.840277	2.257442
09492	-0.828194	4.027533	2.871810
09493	-1.629116	4.348447	3.349613
09494	-2.435621	4.724938	3.660267
09495	-3.242143	5.078824	3.808340
09496	-4.037357	5.353333	3.834817
09497	-4.786267	5.563022	3.801088
09498	-5.490552	5.767305	3.760179
09499	-6.153580	6.017298	3.732110
09500	-6.806436	6.366301	3.660009
09501	-7.471101	6.798195	3.525779
09502	-8.143014	7.253859	3.367430
09503	-8.783005	7.742218	3.206776
09504	-9.367014	8.238919	3.065256
09505	-9.871260	8.685776	2.962436
09506	-10.297127	9.077976	2.861295
09507	-10.656490	9.411446	2.736148
09508	-10.956053	9.651981	2.601008
09509	-11.202707	9.791709	2.460069
09510	-11.382677	9.887462	2.324811
09511	-11.463668	9.971741	2.219286
09512	-11.420347	10.011863	2.124030
09513	-11.250610	9.962294	1.996197
09514	-10.917589	9.810148	1.878534
09515	-10.350945	9.544863	1.857352
09516	-9.506906	9.106308	1.964432
09517	-8.409510	8.385751	2.129778
09518	-7.094941	7.276550	2.184040
09519	-5.632876	5.793779	2.066840
09520	-4.037806	4.108880	1.751768
09521	-2.283511	2.448426	1.367974
09522	-0.345423	1.003075	1.040868
09523	1.732215	-0.063991	0.861265
09524	3.776153	-0.871955	0.730033
09525	5.551168	-1.780401	0.418653
09526	7.033289	-2.816328	-0.149366
09527	8.404081	-3.822978	-0.812769
09528	9.788660	-4.731635	-1.467268
09529	11.228856	-5.375529	-2.138865
09530	12.774658	-5.591685	-2.780171
09531	14.380396	-5.493484	-3.410833
09532	15.974606	-5.285535	-4.115639
09533	17.478985	-5.076363	-4.897417
09534	18.867016	-4.839290	-5.676575
09535	20.178637	-4.526565	-6.358829
09536	21.446631	-4.114510	-6.925053
09537	22.701475	-3.672457	-7.375298
09538	23.958104	-3.269717	-7.740247
09539	25.197755	-2.851390	-8.036320
09540	26.399545	-2.384104	-8.206293
09541	27.478353	-1.900907	-8.262532
09542	28.456965	-1.409620	-8.107459
09543	29.318977	-1.060792	-7.772082
09544	30.055392	-0.872856	-7.281653
09545	30.685826	-0.827732	-6.688434
09546	31.235491	-0.913154	-6.023145
09547	31.706101	-1.056101	-5.326205
09548	32.101881	-1.155211	-4.662254
09549	32.378842	-1.181983	-4.102574
09550	32.515242	-1.089942	-3.657519
09551	32.479525	-0.964126	-3.380423
09552	32.284634	-0.796202	-3.288678
09553	31.942374	-0.526768	-3.279964
09554	31.481962	-0.159265	-3.270421
09555	30.954414	0.231981	-3.261373
09556	30.366508	0.604229	-3.237739
09557	29.732804	0.978316	-3.212676
09558	29.097977	1.325006	-3.200704
09559	28.498205	1.576749	-3.145988
09560	27.917312	1.666931	-2.943705
09561	27.302461	1.519458	-2.534581
09562	26.653883	1.248074	-1.865355
09563	26.022721	1.113411	-0.955607
09564	25.478521	1.493016	0.195563
09565	24.921698	2.063969	1.256963
09566	24.311933	2.142351	1.675265
09567	23.865588	1.958089	1.760593
09568	23.539784	1.654108	1.763379
09569	23.168367	1.216930	1.731834
09570	22.800666	1.191873	1.850397
09571	22.454268	1.763470	2.398394
09572	21.839254	2.865226	3.230336
09573	20.546952	3.767570	3.432470
09574	18.959792	3.813611	2.971934
09575	17.451408	3.561682	2.337202
09576	16.129826	3.437569	1.679420
09577	15.068700	3.493721	1.058733
09578	14.221416	3.705444	0.518139
09579	13.447719	4.092117	0.029555
09580	12.593104	4.493842	-0.436451
09581	11.625413	4.636805	-0.856529
09582	10.579160	4.590955	-1.217536
09583	9.552085	4.537731	-1.442359
09584	8.595055	4.594301	-1.530372
09585	7.731317	4.714912	-1.462985
09586	6.938764	4.874541	-1.214420
09587	6.160205	5.034908	-0.799095
09588	5.348727	5.142600	-0.264938
09589	4.515058	5.166499	0.354551
09590	3.690547	5.151940	1.037090
09591	2.901309	5.157514	1.760798
09592	2.142097	5.167570	2.529350
09593	1.392378	5.165674	3.301841
09594	0.633450	5.169737	4.029571
09595	-0.134661	5.217147	4.675257
09596	-0.907944	5.327635	5.217177
09597	-1.696796	5.488533	5.634018
09598	-2.507223	5.689204	5.893876
09599	-3.338436	5.918661	5.989898
09600	-4.186285	6.203014	5.929038
09601	-5.051278	6.566397	5.717753
09602	-5.943491	7.007445	5.364559
09603	-6.853098	7.522059	4.871072
09604	-7.747471	8.080195	4.255089
09605	-8.572133	8.612091	3.609298
09606	-9.289255	9.037840	2.979294
09607	-9.869465	9.327871	2.406715
09608	-10.308148	9.487404	1.932620
09609	-10.614495	9.549707	1.572965
09610	-10.808737	9.560547	1.310562
09611	-10.921316	9.554867	1.112409
09612	-10.964974	9.538410	0.950506
09613	-10.949680	9.517198	0.788738
09614	-10.857322	9.482061	0.598472
09615	-10.657806	9.396081	0.369481
09616	-10.274995	9.228484	0.138853
09617	-9.655703	8.904248	-0.066858
09618	-8.765756	8.314329	-0.261232
09619	-7.620582	7.370868	-0.508332
09620	-6.254805	6.099006	-0.874934
09621	-4.712609	4.586720	-1.359732
09622	-3.021223	2.992634	-1.916450
09623	-1.161449	1.539795	-2.429040
09624	0.864729	0.371793	-2.783627
09625	2.958387	-0.493814	-2.974953
09626	4.899980	-1.315005	-3.167726
09627	6.544826	-2.203405	-3.527886
09628	7.970658	-3.085327	-4.055185
09629	9.342829	-3.979827	-4.628331
09630	10.746777	-4.827338	-5.169150
09631	12.187453	-5.422097	-5.712166
09632	13.680303	-5.653385	-6.255843
09633	15.227995	-5.631775	-6.779203
09634	16.780805	-5.451556	-7.283110
09635	18.275534	-5.180595	-7.750808
09636	19.707681	-4.826985	-8.205892
09637	21.101105	-4.430429	-8.636942
09638	22.467409	-3.967096	-9.014903
09639	23.798682	-3.454511	-9.324459
09640	25.048628	-2.972982	-9.605174
09641	26.192517	-2.500027	-9.833416
09642	27.250542	-2.001061	-9.931500
09643	28.240540	-1.492000	-9.816026
09644	29.139195	-1.043960	-9.508557
09645	29.931733	-0.753186	-9.063943
09646	30.637143	-0.605572	-8.471449
09647	31.258028	-0.602364	-7.794760
09648	31.779130	-0.662512	-7.066222
09649	32.197854	-0.732753	-6.323942
09650	32.500602	-0.769008	-5.628246
09651	32.661353	-0.717148	-5.022234
09652	32.673128	-0.616389	-4.546167
09653	32.524724	-0.514376	-4.287638
09654	32.232122	-0.332156	-4.221202
09655	31.847595	-0.065070	-4.230990
09656	31.412111	0.206387	-4.252839
09657	30.943772	0.432345	-4.221830
09658	30.448295	0.604211	-4.130989
09659	29.938029	0.718961	-3.989042
09660	29.445908	0.746120	-3.779844
09661	28.980540	0.690985	-3.509153
09662	28.505960	0.537780	-3.184540
09663	27.974206	0.295017	-2.777292
09664	27.364161	0.061735	-2.205335
09665	26.694078	-0.043361	-1.491154
09666	26.037505	0.156310	-0.699310
09667	25.451117	0.834660	0.102994
09668	24.791899	1.500725	0.616104
09669	24.080752	1.664157	0.651774
09670	23.526534	1.608473	0.573660
09671	23.054822	1.411653	0.508521
09672	22.500555	1.128074	0.369271
09673	21.971191	1.127565	0.304942
09674	21.539886	1.612649	0.542367
09675	20.926370	2.542889	1.009183
09676	19.775352	3.367783	1.117284
09677	18.331841	3.590328	0.784719
09678	16.884910	3.487548	0.330404
09679	15.555917	3.398597	-0.114143
09680	14.411388	3.434273	-0.531784
09681	13.459654	3.644253	-0.946378
09682	12.637791	4.048357	-1.362078
09683	11.844914	4.441229	-1.733446
09684	10.982339	4.548639	-2.025339
09685	10.083769	4.436615	-2.179764
09686	9.197749	4.346634	-2.199483
09687	8.376971	4.312811	-2.051934
09688	7.624411	4.316980	-1.744224
09689	6.920511	4.354293	-1.288860
09690	6.230517	4.431269	-0.696643
09691	5.512652	4.508535	-0.008967
09692	4.731516	4.532909	0.700373
09693	3.923691	4.581725	1.395782
09694	3.108290	4.692342	2.064847
09695	2.304262	4.848491	2.703155
09696	1.507135	5.038975	3.302198
09697	0.706947	5.270501	3.826453
09698	-0.113758	5.522071	4.242201
09699	-0.961523	5.740226	4.521311
09700	-1.835861	5.915786	4.657627
09701	-2.724785	6.091750	4.660122
09702	-3.627504	6.302206	4.541007
09703	-4.541076	6.567509	4.310168
09704	-5.479584	6.899438	3.988699
09705	-6.436707	7.328871	3.581015
09706	-7.391563	7.857475	3.099634
09707	-8.308993	8.414472	2.611957
09708	-9.154596	8.912277	2.188816
09709	-9.897510	9.282519	1.854938
09710	-10.520696	9.551451	1.630198
09711	-11.020697	9.766656	1.535147
09712	-11.440506	9.975357	1.518146
09713	-11.830111	10.192297	1.521412
09714	-12.205717	10.428887	1.526096
09715	-12.557927	10.683063	1.535317
09716	-12.854537	10.956365	1.530676
09717	-13.054351	11.207606	1.468160
09718	-13.134128	11.334081	1.273773
09719	-13.081564	11.278487	0.913197
09720	-12.841068	11.067612	0.476865
09721	-12.347722	10.699315	0.105331
09722	-11.563755	10.131143	-0.143870
09723	-10.516575	9.275445	-0.348189
09724	-9.246633	8.077290	-0.574774
09725	-7.790289	6.549592	-0.841598
09726	-6.173950	4.772394	-1.153274
09727	-4.442651	3.032256	-1.489754
09728	-2.571679	1.585146	-1.705396
09729	-0.578116	0.556175	-1.721969
09730	1.445353	-0.096044	-1.558180
09731	3.255846	-0.667447	-1.466688
09732	4.749298	-1.373320	-1.676894
09733	6.096453	-2.205930	-2.133143
09734	7.451252	-3.100930	-2.626120
09735	8.859414	-3.852518	-3.044624
09736	10.360869	-4.305050	-3.356417
09737	11.930170	-4.501714	-3.646861
09738	13.539318	-4.602173	-4.043504
09739	15.132365	-4.675407	-4.570022
09740	16.668576	-4.683185	-5.144000
09741	18.153539	-4.569415	-5.648555
09742	19.613438	-4.348466	-6.047528
09743	21.044523	-4.087001	-6.364121
09744	22.416612	-3.838201	-6.638136
09745	23.688132	-3.600547	-6.889485
09746	24.842346	-3.311348	-7.085197
09747	25.891827	-2.994814	-7.166121
09748	26.826834	-2.660190	-7.114685
09749	27.652587	-2.366200	-6.952729
09750	28.362398	-2.153076	-6.664989
09751	28.983686	-2.036401	-6.260538
09752	29.510645	-2.007860	-5.789358
09753	29.951621	-1.986855	-5.299004
09754	30.311791	-1.942894	-4.858100
09755	30.557321	-1.878671	-4.525557
09756	30.648419	-1.897084	-4.340896
09757	30.584141	-1.898781	-4.271940
09758	30.365564	-1.736626	-4.228186
09759	30.013234	-1.425932	-4.224588
09760	29.551394	-1.137082	-4.266795
09761	29.002868	-0.959974	-4.295912
09762	28.398369	-0.800152	-4.325500
09763	27.820185	-0.606379	-4.387751
09764	27.320455	-0.487548	-4.378451
09765	26.888016	-0.569089	-4.093526
09766	26.458523	-0.872243	-3.586155
09767	26.017352	-1.237205	-2.991060
09768	25.568389	-1.199662	-2.433406
09769	25.222188	-0.297112	-1.697744
09770	24.676487	0.632030	-1.201548
09771	23.674271	0.686195	-1.605321
09772	22.886800	0.663347	-1.994793
09773	22.357013	0.651475	-2.118522
09774	21.870549	0.547104	-2.107693
09775	21.436931	0.710250	-1.885108
09776	20.981007	1.311404	-1.413366
09777	20.241091	2.346880	-0.856361
09778	19.025408	3.048368	-0.652666
09779	17.659844	3.004225	-0.680734
09780	16.396712	2.636925	-0.641754
09781	15.317721	2.290986	-0.530799
09782	14.428928	2.096437	-0.419599
09783	13.687212	2.101215	-0.373126
09784	12.988885	2.301552	-0.379907
09785	12.212984	2.482175	-0.382352
09786	11.284186	2.437852	-0.359611
09787	10.268320	2.259601	-0.245486
09788	9.240627	2.145491	-0.057367
09789	8.243735	2.168748	0.145969
09790	7.297501	2.327557	0.341768
09791	6.409547	2.617979	0.574716
09792	5.516014	3.008987	0.878840
09793	4.579172	3.422536	1.248710
09794	3.600507	3.697326	1.637020
09795	2.637047	3.743351	2.051593
09796	1.707759	3.649940	2.530600
09797	0.840883	3.545653	3.076129
09798	0.021693	3.549064	3.651536
09799	-0.762377	3.664963	4.193047
09800	-1.541708	3.874983	4.631348
09801	-2.338618	4.139715	4.940651
09802	-3.192641	4.413555	5.116793
09803	-4.104068	4.681547	5.155497
09804	-5.029307	5.029292	5.071441
09805	-5.909593	5.482053	4.914937
09806	-6.735931	5.951850	4.752644
09807	-7.498021	6.360373	4.628436
09808	-8.197285	6.727672	4.505484
09809	-8.833649	7.097993	4.343140
09810	-9.411468	7.436670	4.129108
09811	-9.931121	7.747936	3.885891
09812	-10.391368	8.068859	3.637819
09813	-10.796316	8.359478	3.390670
09814	-11.158466	8.567805	3.109779
09815	-11.481256	8.696056	2.808183
09816	-11.740099	8.783436	2.513327
09817	-11.898058	8.835555	2.222844
09818	-11.939015	8.838158	1.903703
09819	-11.807339	8.791057	1.594085
09820	-11.421761	8.698271	1.367786
09821	-10.724433	8.538026	1.209963
09822	-9.736765	8.151248	1.057549
09823	-8.507031	7.345224	0.833981
09824	-7.070447	6.115226	0.470949
09825	-5.476089	4.619317	0.022998
09826	-3.743246	3.004800	-0.447691
09827	-1.881727	1.511366	-0.815432
09828	0.131166	0.416778	-0.997835
09829	2.219984	-0.235323	-0.998247
09830	4.223904	-0.607299	-1.035681
09831	5.986087	-1.002631	-1.339918
09832	7.500426	-1.610189	-2.002026
09833	8.912522	-2.370222	-2.883294
09834	10.354418	-3.145297	-3.764753
09835	11.824266	-3.753823	-4.579859
09836	13.319868	-4.011923	-5.328775
09837	14.827633	-3.928390	-6.042009
09838	16.326162	-3.625312	-6.763818
09839	17.782853	-3.186822	-7.444650
09840	19.171007	-2.713340	-7.985032
09841	20.474384	-2.329643	-8.400906
09842	21.724749	-2.046444	-8.724061
09843	22.941483	-1.796544	-8.982692
09844	24.127275	-1.499350	-9.201244
09845	25.270075	-1.218542	-9.388897
09846	26.348621	-0.895165	-9.488166
09847	27.337519	-0.477731	-9.438261
09848	28.210823	-0.113982	-9.285114
09849	28.988396	0.181034	-8.984898
09850	29.666513	0.375821	-8.571015
09851	30.250996	0.451515	-8.098474
09852	30.745087	0.407199	-7.599989
09853	31.174895	0.303512	-7.093069
09854	31.529247	0.193303	-6.628519
09855	31.748551	0.140360	-6.247978
09856	31.803636	0.134813	-5.959705
09857	31.685084	0.159478	-5.792283
09858	31.427585	0.342164	-5.735221
09859	31.061935	0.661852	-5.726530
09860	30.618379	0.970179	-5.725880
09861	30.146888	1.174241	-5.680488
09862	29.689209	1.299372	-5.559756
09863	29.266422	1.408719	-5.405561
09864	28.871575	1.540996	-5.258508
09865	28.478276	1.683126	-5.143475
09866	28.049095	1.765333	-5.014101
09867	27.601698	1.727604	-4.683874
09868	27.164674	1.600353	-4.013510
09869	26.744781	1.669281	-3.006180
09870	26.265062	2.161504	-1.763223
09871	25.658893	2.594793	-0.805222
09872	24.985794	2.615179	-0.530835
09873	24.429202	2.503142	-0.594469
09874	24.005381	2.319548	-0.656325
09875	23.597331	2.127402	-0.526541
09876	23.198847	2.175762	-0.111590
09877	22.782493	2.559040	0.628452
09878	22.054887	3.168221	1.383496
09879	20.918155	3.506653	1.689498
09880	19.676996	3.431885	1.665531
09881	18.518083	3.215259	1.536070
09882	17.476333	3.072919	1.367986
09883	16.580213	3.081825	1.163333
09884	15.805606	3.315363	0.910405
09885	15.033846	3.756341	0.572669
09886	14.149913	4.148675	0.106310
09887	13.159056	4.195329	-0.425374
09888	12.115183	4.057103	-0.877622
09889	11.077252	4.039583	-1.210287
09890	10.094124	4.208682	-1.437904
09891	9.197591	4.507156	-1.575911
09892	8.347053	4.846896	-1.623478
09893	7.492881	5.162963	-1.572465
09894	6.607760	5.370486	-1.393304
09895	5.707565	5.438141	-1.097076
09896	4.811026	5.391807	-0.709232
09897	3.943643	5.290928	-0.244904
09898	3.103570	5.218488	0.275140
09899	2.304284	5.238540	0.823743
09900	1.547085	5.354578	1.362349
09901	0.799404	5.532290	1.835227
09902	0.017767	5.718707	2.207778
09903	-0.814873	5.913985	2.462477
09904	-1.698245	6.155344	2.596101
09905	-2.602519	6.462057	2.616363
09906	-3.503900	6.833899	2.539407
09907	-4.386660	7.225701	2.359023
09908	-5.257506	7.622090	2.043809
09909	-6.111921	8.041148	1.591378
09910	-6.930317	8.502869	1.040978
09911	-7.679116	8.973569	0.476895
09912	-8.344059	9.374006	-0.038814
09913	-8.926417	9.690019	-0.501262
09914	-9.425277	9.948695	-0.893203
09915	-9.862763	10.175275	-1.206135
09916	-10.255093	10.397945	-1.477728
09917	-10.603434	10.584172	-1.744600
09918	-10.909185	10.671713	-2.045910
09919	-11.160892	10.674695	-2.392566
09920	-11.343952	10.616319	-2.774218
09921	-11.446548	10.511689	-3.176489
09922	-11.466427	10.341421	-3.583044
09923	-11.346107	10.099650	-3.912852
09924	-10.981169	9.779150	-4.039038
09925	-10.348321	9.341479	-4.048337
09926	-9.477760	8.666527	-4.050540
09927	-8.384549	7.715617	-4.078471
09928	-7.051650	6.488846	-4.174815
09929	-5.542610	4.903772	-4.407369
09930	-3.914171	3.081525	-4.780878
09931	-2.148789	1.317094	-5.138060
09932	-0.185946	-0.090951	-5.351456
09933	1.918330	-1.096441	-5.401890
09934	3.996693	-1.780384	-5.432517
09935	5.804352	-2.379405	-5.618679
09936	7.293379	-3.079806	-6.051170
09937	8.633216	-3.944992	-6.656971
09938	9.993639	-4.923652	-7.259444
09939	11.416774	-5.826683	-7.777894
09940	12.890200	-6.373240	-8.268995
09941	14.459897	-6.490781	-8.800146
09942	16.128063	-6.382883	-9.427420
09943	17.819189	-6.175400	-10.166208
09944	19.456795	-5.850668	-10.931024
09945	21.026797	-5.327608	-11.632077
09946	22.537260	-4.652711	-12.268402
09947	23.986528	-3.902734	-12.840988
09948	25.354292	-3.174745	-13.334617
09949	26.590045	-2.523512	-13.747597
09950	27.652370	-1.913645	-14.045406
09951	28.592185	-1.342299	-14.144451
09952	29.437147	-0.836811	-13.998217
09953	30.195576	-0.444984	-13.619502
09954	30.851737	-0.223871	-13.073023
09955	31.410187	-0.139010	-12.371831
09956	31.862561	-0.106794	-11.535581
09957	32.224714	-0.090610	-10.659222
09958	32.447098	-0.035860	-9.823646
09959	32.522293	0.002187	-9.083682
09960	32.444758	-0.024101	-8.497779
09961	32.244817	-0.042929	-8.102003
09962	31.960261	0.039058	-7.784595
09963	31.635641	0.174258	-7.448779
09964	31.267019	0.250108	-7.063878
09965	30.801870	0.189825	-6.595660
09966	30.234638	0.046661	-6.062129
09967	29.590259	-0.151897	-5.465531
09968	28.894082	-0.425638	-4.812014
09969	28.213047	-0.756059	-4.079255
09970	27.575620	-1.090415	-3.219116
09971	26.939964	-1.406101	-2.291651
09972	26.324815	-1.480983	-1.401017
09973	25.845777	-0.775752	-0.451017
09974	25.275781	0.296841	0.214749
09975	24.372291	0.784263	0.075140
09976	23.557187	0.944536	-0.197518
09977	22.929608	0.934761	-0.261668
09978	22.339834	0.666237	-0.294438
09979	21.842142	0.435210	-0.219281
09980	21.462233	0.565161	0.057783
09981	21.054484	1.275594	0.636820
09982	20.160662	2.293247	1.125760
09983	18.823502	2.641838	1.107307
09984	17.408934	2.322342	0.907465
09985	16.038558	1.923257	0.678318
09986	14.814500	1.737946	0.401861
09987	13.796422	1.832946	0.028913
09988	12.942315	2.284717	-0.429449
09989	12.143682	2.911779	-0.930620
09990	11.234723	3.223603	-1.371165
09991	10.201178	3.175506	-1.674933
09992	9.118966	3.055210	-1.759284
09993	8.106114	3.027182	-1.605698
09994	7.218269	3.060066	-1.250241
09995	6.465289	3.099113	-0.711520
09996	5.776086	3.179438	0.002328
09997	5.076471	3.309056	0.826337
09998	4.324992	3.445696	1.674858
09999	3.530361	3.556886	2.484704
10000	2.723852	3.673350	3.237344
10001	1.923966	3.810308	3.929832
10002	1.126151	3.966952	4.543969
10003	0.329559	4.175251	5.073058
10004	-0.457700	4.462730	5.509468
10005	-1.249480	4.780384	5.826286
10006	-2.070001	5.064317	6.021099
10007	-2.928281	5.309390	6.093312
10008	-3.806604	5.581042	6.057310
10009	-4.664087	5.928358	5.941532
10010	-5.491784	6.351253	5.754954
10011	-6.313109	6.779056	5.472599
10012	-7.147124	7.191118	5.069017
10013	-7.958970	7.579761	4.580952
10014	-8.720869	7.965788	4.068833
10015	-9.424827	8.365494	3.594293
10016	-10.076400	8.760290	3.201281
10017	-10.668957	9.100194	2.931941
10018	-11.192957	9.364710	2.781328
10019	-11.656587	9.599339	2.702518
10020	-12.056197	9.809569	2.660857
10021	-12.370674	10.005612	2.630755
10022	-12.586688	10.165353	2.572860
10023	-12.700861	10.236594	2.435580
10024	-12.680276	10.239893	2.240705
10025	-12.451285	10.183403	2.098852
10026	-11.974544	10.026865	2.032460
10027	-11.263494	9.685493	1.997570
10028	-10.326399	9.002293	1.915119
10029	-9.191687	7.908840	1.717989
10030	-7.877170	6.461623	1.381059
10031	-6.375299	4.793299	0.950754
10032	-4.699477	3.098622	0.468510
10033	-2.894753	1.590529	0.016942
10034	-0.981943	0.459610	-0.346410
10035	1.002807	-0.254865	-0.578353
10036	2.945978	-0.684255	-0.748019
10037	4.665271	-1.111641	-1.029114
10038	6.120387	-1.725601	-1.573556
10039	7.452470	-2.529652	-2.269212
10040	8.795295	-3.399896	-2.879250
10041	10.172430	-4.109439	-3.368660
10042	11.621917	-4.487121	-3.777618
10043	13.165194	-4.601643	-4.158179
10044	14.753322	-4.646096	-4.620498
10045	16.309659	-4.677310	-5.192646
10046	17.819973	-4.626129	-5.790544
10047	19.305028	-4.451122	-6.334797
10048	20.767556	-4.185714	-6.785478
10049	22.193177	-3.838429	-7.116868
10050	23.575252	-3.469490	-7.334602
10051	24.910557	-3.172353	-7.407493
10052	26.160092	-2.932023	-7.295386
10053	27.296066	-2.746429	-7.033137
10054	28.330308	-2.670383	-6.670478
10055	29.298446	-2.719289	-6.191364
10056	30.153907	-2.883040	-5.581981
10057	30.877187	-3.145623	-4.833924
10058	31.477913	-3.497295	-3.981258
10059	31.977098	-3.876264	-3.103086
10060	32.395264	-4.185046	-2.278798
10061	32.725786	-4.440851	-1.602522
10062	32.937953	-4.647319	-1.133435
10063	33.014004	-4.690107	-0.751755
10064	32.879468	-4.602643	-0.367784
10065	32.516778	-4.523821	-0.032797
10066	32.010237	-4.506320	0.264073
10067	31.418777	-4.484436	0.510890
10068	30.724137	-4.426388	0.600041
10069	29.952540	-4.235674	0.502379
10070	29.162901	-3.760948	0.270062
10071	28.442223	-3.032209	-0.019987
10072	27.901190	-2.194050	-0.213420
10073	27.564917	-1.453175	-0.205875
10074	27.361235	-0.882089	0.072777
10075	27.086209	-0.146015	0.691563
10076	26.384071	0.795922	1.258903
10077	25.439217	1.228626	1.473784
10078	24.576029	1.309217	1.431137
10079	23.926191	1.392578	1.164108
10080	23.424878	1.330924	0.662768
10081	22.998579	1.321675	0.275072
10082	22.615006	1.580197	0.254815
10083	22.113265	2.372288	0.650144
10084	21.202272	3.350811	1.123766
10085	19.961183	3.667167	1.324751
10086	18.682338	3.389369	1.386653
10087	17.512666	3.064237	1.381763
10088	16.511042	2.940200	1.372497
10089	15.637031	3.030938	1.391146
10090	14.818465	3.250233	1.431450
10091	14.001796	3.429277	1.426302
10092	13.155063	3.396518	1.363740
10093	12.284706	3.242374	1.339750
10094	11.412942	3.142674	1.429285
10095	10.580262	3.118241	1.667601
10096	9.798120	3.158364	1.973274
10097	9.088150	3.317020	2.324399
10098	8.379209	3.602406	2.687777
10099	7.635236	3.926803	3.035524
10100	6.858149	4.179477	3.361372
10101	6.054814	4.296255	3.633093
10102	5.227714	4.335135	3.841503
10103	4.392702	4.389236	4.018231
10104	3.564489	4.487392	4.189366
10105	2.759761	4.631210	4.361029
10106	1.966722	4.789985	4.516857
10107	1.179065	4.947538	4.653592
10108	0.367007	5.091522	4.765913
10109	-0.471326	5.260505	4.854134
10110	-1.337320	5.486639	4.895840
10111	-2.230505	5.769385	4.864637
10112	-3.159955	6.097686	4.752295
10113	-4.127271	6.473244	4.579586
10114	-5.108794	6.937485	4.366632
10115	-6.050685	7.511170	4.114135
10116	-6.909624	8.144617	3.825151
10117	-7.664662	8.746979	3.492632
10118	-8.328583	9.235319	3.149186
10119	-8.889328	9.617669	2.852310
10120	-9.361969	9.934998	2.605228
10121	-9.760619	10.189287	2.414606
10122	-10.097502	10.371153	2.309942
10123	-10.381264	10.509564	2.289502
10124	-10.612415	10.662066	2.295543
10125	-10.780024	10.811597	2.263173
10126	-10.882888	10.879448	2.088128
10127	-10.890347	10.793534	1.724265
10128	-10.727397	10.543800	1.225298
10129	-10.318084	10.171956	0.666299
10130	-9.619827	9.666562	0.124382
10131	-8.658956	8.934941	-0.370415
10132	-7.445160	7.923919	-0.884584
10133	-6.028665	6.586223	-1.442913
10134	-4.472904	4.903415	-2.046918
10135	-2.833343	3.073395	-2.661516
10136	-1.026889	1.461439	-3.118666
10137	0.974918	0.259067	-3.343843
10138	3.096813	-0.550600	-3.363505
10139	5.133469	-1.144656	-3.340232
10140	6.870171	-1.754092	-3.477374
10141	8.290737	-2.496545	-3.895434
10142	9.608967	-3.346791	-4.455615
10143	10.987636	-4.244739	-4.941843
10144	12.440907	-5.018627	-5.293653
10145	13.935122	-5.473181	-5.590403
10146	15.476943	-5.645705	-5.909537
10147	17.053661	-5.704294	-6.320958
10148	18.604879	-5.691402	-6.845570
10149	20.083594	-5.548270	-7.367709
10150	21.514140	-5.233423	-7.809030
10151	22.919177	-4.807752	-8.121038
10152	24.311153	-4.315434	-8.313822
10153	25.649073	-3.810802	-8.486109
10154	26.901887	-3.387343	-8.683017
10155	28.037401	-3.039639	-8.862335
10156	29.078680	-2.679080	-8.942652
10157	30.034810	-2.317576	-8.853703
10158	30.880590	-2.053639	-8.613293
10159	31.618591	-1.923732	-8.234386
10160	32.266512	-1.892665	-7.722752
10161	32.820205	-1.926826	-7.114940
10162	33.277460	-1.989038	-6.466315
10163	33.634931	-2.081878	-5.870377
10164	33.884825	-2.203839	-5.390573
10165	34.007434	-2.289915	-5.033528
10166	33.984371	-2.247405	-4.820032
10167	33.806425	-1.968558	-4.812013
10168	33.482804	-1.445572	-4.999325
10169	33.032316	-0.806038	-5.274341
10170	32.479065	-0.201263	-5.501899
10171	31.884015	0.311120	-5.611017
10172	31.323669	0.748934	-5.595070
10173	30.842867	1.093204	-5.519203
10174	30.432936	1.282387	-5.441118
10175	30.062914	1.270410	-5.297499
10176	29.690454	1.051365	-4.978809
10177	29.284778	0.729425	-4.422404
10178	28.785204	0.473812	-3.628370
10179	28.144932	0.555971	-2.661117
10180	27.447694	1.270084	-1.456314
10181	26.659795	2.037696	-0.480978
10182	25.763230	2.053565	-0.328965
10183	25.167411	1.829145	-0.358114
10184	24.864898	1.501699	-0.080820
10185	24.525684	0.908153	0.316650
10186	24.147309	0.404655	0.743039
10187	23.820164	0.348974	1.310597
10188	23.551227	0.911820	2.325259
10189	22.791442	1.643244	3.177931
10190	21.477456	1.976629	3.279430
10191	20.042685	1.960845	2.954120
10192	18.672713	1.963271	2.484934
10193	17.491800	2.187418	1.933925
10194	16.503804	2.713127	1.265362
10195	15.614509	3.514599	0.410000
10196	14.665947	4.252569	-0.644618
10197	13.604750	4.457601	-1.708635
10198	12.464677	4.213957	-2.497037
10199	11.335048	3.920706	-2.863433
10200	10.312322	3.771392	-2.865953
10201	9.413340	3.677213	-2.669722
10202	8.600212	3.606562	-2.371206
10203	7.818003	3.668054	-1.977929
10204	7.003931	3.912395	-1.476559
10205	6.125266	4.230373	-0.898205
10206	5.182406	4.491797	-0.297173
10207	4.210124	4.647313	0.301607
10208	3.249436	4.684300	0.922644
10209	2.330311	4.645669	1.601196
10210	1.456455	4.621583	2.354982
10211	0.622400	4.653916	3.149597
10212	-0.203608	4.756122	3.919375
10213	-1.036066	4.935784	4.597827
10214	-1.899281	5.214568	5.109258
10215	-2.817578	5.587049	5.381975
10216	-3.801042	6.008058	5.388129
10217	-4.801707	6.428572	5.168329
10218	-5.759316	6.873301	4.809580
10219	-6.644272	7.387704	4.355747
10220	-7.462786	7.973912	3.847157
10221	-8.217712	8.540887	3.324951
10222	-8.904653	8.990950	2.834321
10223	-9.494660	9.300309	2.443322
10224	-9.970889	9.543330	2.182223
10225	-10.347685	9.782296	1.998247
10226	-10.668949	10.019310	1.838212
10227	-10.956508	10.249595	1.645642
10228	-11.199055	10.484840	1.399133
10229	-11.357648	10.636227	1.092873
10230	-11.406877	10.624804	0.710273
10231	-11.318370	10.477442	0.262605
10232	-11.045080	10.250967	-0.165162
10233	-10.503793	9.941905	-0.452849
10234	-9.651915	9.485417	-0.560212
10235	-8.525069	8.733792	-0.556312
10236	-7.170530	7.606412	-0.562474
10237	-5.636275	6.140727	-0.600013
10238	-3.960911	4.429769	-0.725357
10239	-2.206202	2.630767	-0.953312
10240	-0.302139	1.138082	-1.141427
10241	1.757186	0.117407	-1.154538
10242	3.854144	-0.481030	-1.026643
10243	5.765027	-0.984411	-1.013461
10244	7.397260	-1.633432	-1.341926
10245	8.854430	-2.501080	-1.999833
10246	10.292727	-3.466616	-2.787045
10247	11.769324	-4.283725	-3.549325
10248	13.321809	-4.751770	-4.264378
10249	14.938437	-4.915720	-4.991824
10250	16.582263	-4.913535	-5.784353
10251	18.167668	-4.804917	-6.696970
10252	19.661153	-4.593163	-7.634123
10253	21.064413	-4.315438	-8.503852
10254	22.406529	-3.915822	-9.289712
10255	23.713257	-3.417843	-9.978156
10256	24.996013	-2.853142	-10.571100
10257	26.218738	-2.235536	-11.093845
10258	27.352315	-1.615983	-11.493202
10259	28.356020	-0.987516	-11.743364
10260	29.222198	-0.380692	-11.818687
10261	29.961602	0.118362	-11.734372
10262	30.578722	0.490359	-11.473912
10263	31.094157	0.717248	-11.053976
10264	31.515951	0.806229	-10.544237
10265	31.871539	0.841092	-10.003448
10266	32.155059	0.933638	-9.525156
10267	32.333714	1.078688	-9.193179
10268	32.374712	1.232563	-8.993438
10269	32.228512	1.398951	-8.883639
10270	31.903927	1.658097	-8.792860
10271	31.448274	1.975651	-8.637486
10272	30.944582	2.237470	-8.426759
10273	30.459690	2.377757	-8.125852
10274	29.986687	2.412789	-7.687117
10275	29.517095	2.340614	-7.126407
10276	29.084778	2.133226	-6.414143
10277	28.707471	1.775450	-5.534609
10278	28.345465	1.286748	-4.500707
10279	27.961624	0.753694	-3.296308
10280	27.516221	0.344566	-1.953261
10281	27.039683	0.426592	-0.544463
10282	26.520382	0.901162	0.666404
10283	25.876585	1.110358	1.182657
10284	25.329018	1.176343	1.211851
10285	24.958298	1.271623	1.089116
10286	24.584621	1.138616	0.964189
10287	24.160919	0.978667	0.936453
10288	23.754642	1.038854	1.093675
10289	23.330467	1.437754	1.516312
10290	22.578387	2.160770	1.890060
10291	21.369156	2.737925	1.752432
10292	19.982139	2.907216	1.226837
10293	18.634691	2.894499	0.563435
10294	17.421152	2.954352	-0.135475
10295	16.387372	3.211206	-0.811335
10296	15.478884	3.675109	-1.488999
10297	14.578630	4.238547	-2.208354
10298	13.605568	4.627203	-2.942001
10299	12.575705	4.662019	-3.581657
10300	11.542681	4.518360	-4.004151
10301	10.579955	4.408391	-4.154448
10302	9.730835	4.409114	-4.049194
10303	8.998394	4.430223	-3.735480
10304	8.319770	4.445308	-3.251308
10305	7.631948	4.461030	-2.645875
10306	6.891837	4.490134	-1.968863
10307	6.114331	4.512155	-1.265869
10308	5.318907	4.520954	-0.566602
10309	4.536512	4.516480	0.130782
10310	3.758756	4.498756	0.818238
10311	2.983534	4.493527	1.500422
10312	2.211843	4.539589	2.170051
10313	1.455919	4.641078	2.799458
10314	0.703300	4.775661	3.362347
10315	-0.065336	4.938374	3.814564
10316	-0.878703	5.145626	4.131364
10317	-1.733591	5.407561	4.319344
10318	-2.631091	5.703711	4.396217
10319	-3.567456	6.016280	4.358441
10320	-4.555833	6.384017	4.177974
10321	-5.587326	6.881664	3.827949
10322	-6.632425	7.534253	3.317960
10323	-7.637132	8.230083	2.720789
10324	-8.551322	8.822042	2.111901
10325	-9.338545	9.240454	1.551214
10326	-9.972591	9.534756	1.082393
10327	-10.442704	9.735095	0.727143
10328	-10.777398	9.849535	0.479355
10329	-11.018275	9.859367	0.333756
10330	-11.209041	9.815165	0.276527
10331	-11.362136	9.816208	0.295532
10332	-11.462740	9.865886	0.388212
10333	-11.494026	9.936127	0.494484
10334	-11.382453	9.953891	0.649924
10335	-11.081427	9.858660	0.811140
10336	-10.550559	9.637392	0.841505
10337	-9.747833	9.114734	0.706788
10338	-8.691308	8.163105	0.324858
10339	-7.411597	6.882155	-0.287279
10340	-5.904535	5.371079	-1.035499
10341	-4.221612	3.714041	-1.840988
10342	-2.372602	2.096790	-2.535455
10343	-0.375488	0.774007	-3.072489
10344	1.731031	-0.193122	-3.416614
10345	3.816497	-0.879350	-3.649432
10346	5.685395	-1.525608	-3.945831
10347	7.261973	-2.212275	-4.409686
10348	8.680332	-2.978419	-5.012923
10349	10.081289	-3.843958	-5.620609
10350	11.532007	-4.647835	-6.205466
10351	13.040563	-5.175355	-6.762511
10352	14.598377	-5.429150	-7.296610
10353	16.155828	-5.501879	-7.826769
10354	17.688769	-5.442233	-8.335595
10355	19.187566	-5.231538	-8.793590
10356	20.647966	-4.864894	-9.210488
10357	22.058965	-4.363670	-9.619633
10358	23.410479	-3.790585	-10.025398
10359	24.698158	-3.157859	-10.402822
10360	25.923485	-2.473000	-10.714641
10361	27.007972	-1.779823	-11.007047
10362	27.962703	-1.080837	-11.205790
10363	28.787703	-0.384730	-11.256248
10364	29.499336	0.241920	-11.117142
10365	30.104209	0.741818	-10.786253
10366	30.582915	1.042038	-10.323876
10367	30.956895	1.195041	-9.766143
10368	31.251643	1.271996	-9.150753
10369	31.468525	1.368486	-8.533094
10370	31.612703	1.548174	-7.954813
10371	31.661525	1.749915	-7.496907
10372	31.581351	1.948238	-7.206031
10373	31.400109	2.204511	-7.038040
10374	31.149819	2.468067	-6.891548
10375	30.860789	2.634117	-6.682822
10376	30.541843	2.654275	-6.332756
10377	30.174779	2.543793	-5.795512
10378	29.745911	2.332563	-5.123795
10379	29.270772	2.046671	-4.401435
10380	28.758058	1.707187	-3.679073
10381	28.211489	1.348141	-2.962197
10382	27.658979	1.005228	-2.181239
10383	27.110205	0.760755	-1.310718
10384	26.569833	0.927536	-0.378644
10385	26.080653	1.730145	0.657291
10386	25.403137	2.412992	1.188725
10387	24.582787	2.548544	0.934468
10388	23.980258	2.556798	0.595341
10389	23.503906	2.384391	0.350647
10390	23.056958	2.087233	0.239859
10391	22.710803	2.028183	0.393959
10392	22.353346	2.307029	0.804466
10393	21.660772	2.943724	1.272498
10394	20.482056	3.552580	1.384832
10395	19.087029	3.689158	1.161353
10396	17.682106	3.498875	0.785907
10397	16.420241	3.310160	0.395678
10398	15.344668	3.288419	-0.003526
10399	14.425481	3.509312	-0.413965
10400	13.552526	3.912767	-0.880516
10401	12.645595	4.164930	-1.363378
10402	11.688760	4.047574	-1.714091
10403	10.717211	3.760852	-1.866960
10404	9.787179	3.558676	-1.818534
10405	8.948930	3.481929	-1.586269
10406	8.173958	3.493064	-1.216239
10407	7.444200	3.602005	-0.710608
10408	6.702479	3.814666	-0.076239
10409	5.899315	4.078186	0.660792
10410	5.001308	4.301456	1.427610
10411	4.060884	4.449476	2.188437
10412	3.141481	4.566416	2.938276
10413	2.284960	4.677976	3.662808
10414	1.483165	4.780535	4.361645
10415	0.723812	4.864533	5.027613
10416	-0.019361	4.923491	5.643870
10417	-0.754477	4.977716	6.204563
10418	-1.500553	5.079974	6.694083
10419	-2.277008	5.275977	7.085082
10420	-3.107952	5.532600	7.366078
10421	-3.991554	5.825645	7.523777
10422	-4.913947	6.220041	7.545371
10423	-5.847079	6.782054	7.435045
10424	-6.765257	7.491697	7.228071
10425	-7.633943	8.257890	6.946993
10426	-8.434743	8.962821	6.604832
10427	-9.137880	9.459089	6.258511
10428	-9.701189	9.731371	5.952227
10429	-10.124215	9.871949	5.686848
10430	-10.447899	9.977377	5.425804
10431	-10.705897	10.059347	5.154756
10432	-10.903506	10.111373	4.893207
10433	-11.031252	10.141035	4.624826
10434	-11.075944	10.165359	4.340194
10435	-11.020444	10.176682	4.021422
10436	-10.856163	10.131266	3.613713
10437	-10.543823	9.971176	3.146242
10438	-9.996969	9.663842	2.719172
10439	-9.179122	9.171995	2.366369
10440	-8.118496	8.407069	2.033344
10441	-6.836215	7.320121	1.639483
10442	-5.347034	5.936027	1.192310
10443	-3.703952	4.353664	0.631084
10444	-1.936672	2.693326	-0.025310
10445	0.008471	1.242845	-0.621653
10446	2.122701	0.065207	-1.046876
10447	4.281963	-0.821069	-1.347154
10448	6.289179	-1.599571	-1.676701
10449	7.995641	-2.408515	-2.167202
10450	9.502888	-3.202425	-2.757768
10451	10.957649	-4.017423	-3.341387
10452	12.432862	-4.844300	-3.936301
10453	13.942747	-5.516030	-4.516168
10454	15.519030	-5.907095	-5.045324
10455	17.102871	-6.111861	-5.618624
10456	18.659645	-6.179873	-6.310294
10457	20.189783	-6.014524	-7.042039
10458	21.674084	-5.609069	-7.696345
10459	23.107415	-5.054128	-8.258228
10460	24.500568	-4.423039	-8.737762
10461	25.854318	-3.787526	-9.140773
10462	27.127726	-3.189156	-9.484364
10463	28.286600	-2.602919	-9.768585
10464	29.309002	-2.003148	-9.974001
10465	30.193301	-1.477572	-10.107040
10466	30.961381	-1.042459	-10.110659
10467	31.634189	-0.680535	-9.929628
10468	32.202123	-0.423246	-9.606330
10469	32.658748	-0.304924	-9.222968
10470	33.024780	-0.238237	-8.800067
10471	33.276958	-0.188209	-8.393677
10472	33.369300	-0.097256	-8.026545
10473	33.287155	0.043654	-7.673875
10474	33.000747	0.084800	-7.402788
10475	32.550432	0.137187	-7.217636
10476	32.034059	0.336455	-7.038795
10477	31.519419	0.576872	-6.860486
10478	31.072416	0.781391	-6.696691
10479	30.697133	0.928253	-6.512388
10480	30.368819	0.977016	-6.255105
10481	30.111844	0.934258	-5.868902
10482	29.894307	0.812061	-5.394792
10483	29.612171	0.595639	-4.864394
10484	29.235332	0.287506	-4.177741
10485	28.789581	0.054009	-3.248817
10486	28.333229	0.120490	-2.109023
10487	27.851460	0.445702	-0.910016
10488	27.252017	0.645579	-0.036436
10489	26.621208	0.679978	0.314117
10490	26.144983	0.723194	0.343077
10491	25.751640	0.642546	0.200810
10492	25.319796	0.498388	0.098185
10493	24.881769	0.533238	0.251884
10494	24.410616	0.836486	0.740902
10495	23.675854	1.428849	1.340633
10496	22.499822	1.934089	1.523655
10497	21.154537	2.069223	1.312749
10498	19.864865	2.054342	0.959283
10499	18.700722	2.106889	0.554796
10500	17.673518	2.321794	0.160282
10501	16.773425	2.717165	-0.184907
10502	15.913065	3.280905	-0.499563
10503	14.985837	3.777322	-0.857609
10504	13.961634	3.895445	-1.287445
10505	12.925802	3.737212	-1.654803
10506	11.927413	3.597625	-1.845897
10507	11.022438	3.576040	-1.806312
10508	10.208424	3.617620	-1.555810
10509	9.466340	3.707516	-1.149125
10510	8.746761	3.823321	-0.635031
10511	7.995778	3.962951	-0.107410
10512	7.185393	4.112861	0.365424
10513	6.330356	4.230841	0.783501
10514	5.466007	4.304536	1.203053
10515	4.612064	4.328796	1.672451
10516	3.765238	4.330237	2.188720
10517	2.929272	4.324168	2.728616
10518	2.098796	4.330769	3.270333
10519	1.262775	4.357863	3.780564
10520	0.403985	4.437817	4.221707
10521	-0.485836	4.580472	4.559445
10522	-1.398182	4.798151	4.765971
10523	-2.333277	5.096053	4.810365
10524	-3.320470	5.423723	4.686697
10525	-4.364144	5.775737	4.426758
10526	-5.433396	6.220937	4.066539
10527	-6.462058	6.810311	3.651854
10528	-7.401016	7.513719	3.223622
10529	-8.224062	8.231162	2.821221
10530	-8.924555	8.852940	2.490476
10531	-9.509064	9.309213	2.262215
10532	-9.996365	9.602554	2.119320
10533	-10.405750	9.802138	2.027039
10534	-10.754563	9.972586	1.950261
10535	-11.075122	10.106971	1.851884
10536	-11.359442	10.246979	1.711871
10537	-11.574919	10.411615	1.529820
10538	-11.692057	10.566804	1.247147
10539	-11.681555	10.615977	0.879844
10540	-11.475464	10.504582	0.453286
10541	-11.003934	10.200916	0.018909
10542	-10.238881	9.709847	-0.422917
10543	-9.180502	8.954315	-0.838874
10544	-7.877711	7.828459	-1.275849
10545	-6.386172	6.376614	-1.765580
10546	-4.757865	4.622412	-2.298956
10547	-3.054039	2.702833	-2.833461
10548	-1.235354	0.998294	-3.236734
10549	0.749517	-0.243271	-3.402769
10550	2.862647	-1.066763	-3.287047
10551	4.930393	-1.611069	-3.009678
10552	6.739204	-2.117865	-2.813777
10553	8.215822	-2.787941	-2.950834
10554	9.537409	-3.688680	-3.371108
10555	10.874954	-4.647166	-3.813806
10556	12.290641	-5.429537	-4.155144
10557	13.776556	-5.900946	-4.403238
10558	15.297488	-6.142126	-4.686560
10559	16.824552	-6.257655	-5.091272
10560	18.369707	-6.248509	-5.632175
10561	19.902889	-6.112132	-6.272619
10562	21.418612	-5.852295	-6.973265
10563	22.915546	-5.434497	-7.652279
10564	24.384093	-4.865515	-8.279331
10565	25.773851	-4.273454	-8.864842
10566	27.027852	-3.638968	-9.358008
10567	28.101499	-2.959493	-9.745776
10568	29.025977	-2.275818	-9.977056
10569	29.827970	-1.628928	-10.041912
10570	30.513508	-1.064673	-9.933496
10571	31.077359	-0.646666	-9.685547
10572	31.532420	-0.399530	-9.296999
10573	31.911961	-0.220312	-8.796165
10574	32.247958	-0.057603	-8.243155
10575	32.539958	0.152256	-7.695557
10576	32.758648	0.426998	-7.233620
10577	32.865010	0.757322	-6.921442
10578	32.814329	1.119542	-6.797378
10579	32.624386	1.505694	-6.817024
10580	32.357279	1.879509	-6.786476
10581	32.049802	2.149667	-6.549572
10582	31.705103	2.207665	-6.102689
10583	31.304312	2.050591	-5.511641
10584	30.845335	1.794506	-4.837880
10585	30.345062	1.472018	-4.126914
10586	29.835206	1.104296	-3.383737
10587	29.321122	0.683996	-2.587857
10588	28.769439	0.250104	-1.671923
10589	28.150573	-0.089873	-0.674932
10590	27.465512	0.002947	0.288242
10591	26.804781	0.823028	1.314546
10592	25.999656	1.666355	1.962842
10593	25.063555	1.891361	1.880321
10594	24.401671	1.910573	1.847084
10595	23.935920	1.739973	2.005538
10596	23.472453	1.386796	2.117088
10597	23.096182	1.202423	2.277993
10598	22.819688	1.407300	2.683067
10599	22.362155	2.113047	3.393251
10600	21.237882	3.009617	3.773899
10601	19.700193	3.315712	3.600126
10602	18.115780	3.041591	3.219765
10603	16.695732	2.705043	2.808238
10604	15.537798	2.614668	2.332168
10605	14.619450	2.905618	1.746959
10606	13.814179	3.497158	1.043017
10607	12.978480	4.050847	0.303844
10608	12.029979	4.159862	-0.303575
10609	10.999674	3.967770	-0.659247
10610	9.970915	3.843716	-0.769341
10611	9.023972	3.834642	-0.676391
10612	8.171721	3.896512	-0.428247
10613	7.408441	4.025326	-0.026602
10614	6.680751	4.229860	0.513521
10615	5.919834	4.479846	1.151566
10616	5.103582	4.721730	1.834693
10617	4.273170	4.863246	2.529486
10618	3.467128	4.865814	3.216615
10619	2.699491	4.798321	3.894227
10620	1.953526	4.767922	4.570199
10621	1.221967	4.831811	5.229291
10622	0.497581	4.990802	5.849538
10623	-0.221071	5.203444	6.397720
10624	-0.947656	5.424909	6.849661
10625	-1.690181	5.638732	7.177751
10626	-2.475934	5.851315	7.371217
10627	-3.307719	6.082599	7.425238
10628	-4.198639	6.398148	7.307089
10629	-5.165328	6.853462	6.997628
10630	-6.208815	7.452979	6.520420
10631	-7.276435	8.068903	5.968466
10632	-8.287475	8.668148	5.405466
10633	-9.202499	9.211663	4.829573
10634	-9.989797	9.633224	4.252873
10635	-10.636212	9.940867	3.752504
10636	-11.137431	10.171739	3.423421
10637	-11.499686	10.356214	3.298348
10638	-11.751802	10.485115	3.307814
10639	-11.929328	10.539378	3.371268
10640	-12.060379	10.556050	3.433351
10641	-12.166381	10.578935	3.439559
10642	-12.213352	10.635629	3.362233
10643	-12.108770	10.682551	3.261535
10644	-11.753802	10.643545	3.152520
10645	-11.117541	10.393801	3.009705
10646	-10.210331	9.773742	2.828279
10647	-9.048198	8.778440	2.569790
10648	-7.620872	7.489894	2.168489
10649	-5.996931	5.834730	1.675152
10650	-4.211027	4.026266	1.106796
10651	-2.286137	2.319306	0.583732
10652	-0.238240	0.964180	0.161241
10653	1.902524	0.051173	-0.105478
10654	3.988389	-0.553494	-0.336450
10655	5.833273	-1.139256	-0.706973
10656	7.423186	-1.842757	-1.303513
10657	8.871898	-2.678723	-2.057545
10658	10.310090	-3.510518	-2.838045
10659	11.807097	-4.163084	-3.559335
10660	13.381222	-4.542140	-4.201187
10661	14.991249	-4.738076	-4.812409
10662	16.605912	-4.808866	-5.447996
10663	18.206144	-4.699598	-6.069444
10664	19.755033	-4.422959	-6.627697
10665	21.232657	-4.055622	-7.151729
10666	22.660479	-3.624871	-7.647643
10667	24.021031	-3.141508	-8.122055
10668	25.305148	-2.626294	-8.571913
10669	26.504334	-2.079301	-8.929226
10670	27.589245	-1.472043	-9.204929
10671	28.541470	-0.890501	-9.409979
10672	29.364055	-0.373290	-9.531154
10673	30.091491	0.050102	-9.510836
10674	30.705528	0.317504	-9.356077
10675	31.186415	0.457558	-9.064198
10676	31.552034	0.519637	-8.655350
10677	31.811430	0.531711	-8.184977
10678	31.962714	0.523993	-7.674702
10679	31.982655	0.487318	-7.168717
10680	31.829558	0.405912	-6.753969
10681	31.512063	0.352911	-6.486720
10682	31.103611	0.411796	-6.349769
10683	30.678470	0.588483	-6.313722
10684	30.287046	0.877084	-6.323726
10685	29.920733	1.150203	-6.289373
10686	29.533466	1.248899	-6.108143
10687	29.122740	1.076050	-5.686618
10688	28.691048	0.641562	-5.050682
10689	28.226283	0.055045	-4.241959
10690	27.687968	-0.578358	-3.290996
10691	27.032870	-1.132051	-2.340552
10692	26.365009	-0.994969	-1.460155
10693	25.928258	0.029374	-0.637806
10694	25.301615	0.613740	-0.770444
10695	24.498810	0.675635	-1.560778
10696	23.929214	0.798548	-2.076047
10697	23.399240	0.700586	-2.260176
10698	22.811029	0.519939	-2.251341
10699	22.288907	0.625339	-2.065669
10700	21.829516	1.202659	-1.590331
10701	21.083714	2.108406	-1.074568
10702	19.857061	2.745170	-1.079173
10703	18.477818	2.854264	-1.434667
10704	17.128424	2.759155	-1.848222
10705	15.894863	2.697188	-2.239805
10706	14.847841	2.721787	-2.619263
10707	13.985514	2.875147	-3.009756
10708	13.207487	3.164823	-3.406980
10709	12.383505	3.327903	-3.770680
10710	11.466364	3.213485	-4.023557
10711	10.537489	3.019863	-4.091885
10712	9.650136	2.944831	-4.028033
10713	8.827803	2.996457	-3.893810
10714	8.054633	3.122218	-3.679651
10715	7.301625	3.310870	-3.380306
10716	6.536207	3.592758	-2.997715
10717	5.757067	3.901462	-2.570146
10718	4.964810	4.045083	-2.125955
10719	4.181482	3.969052	-1.668292
10720	3.423508	3.800606	-1.164983
10721	2.691284	3.688891	-0.600967
10722	1.959761	3.694164	0.009972
10723	1.210339	3.828617	0.622076
10724	0.421918	4.078467	1.156777
10725	-0.397407	4.416156	1.592301
10726	-1.240579	4.786204	1.924689
10727	-2.089840	5.147632	2.164359
10728	-2.934348	5.510501	2.325780
10729	-3.761852	5.852258	2.416155
10730	-4.562681	6.173179	2.455143
10731	-5.333777	6.529768	2.459441
10732	-6.082422	6.960648	2.429096
10733	-6.791381	7.449617	2.380774
10734	-7.460137	7.934060	2.305046
10735	-8.084270	8.377782	2.196649
10736	-8.646080	8.795260	2.077029
10737	-9.116787	9.159018	1.981440
10738	-9.523236	9.421386	1.887900
10739	-9.871052	9.598079	1.783898
10740	-10.143777	9.712275	1.700968
10741	-10.305936	9.795443	1.653989
10742	-10.365300	9.821784	1.587088
10743	-10.328401	9.774420	1.459116
10744	-10.190137	9.643381	1.222321
10745	-9.899027	9.398267	0.893090
10746	-9.380086	8.996721	0.527854
10747	-8.602526	8.394441	0.159952
10748	-7.566733	7.512360	-0.220303
10749	-6.296750	6.288826	-0.694764
10750	-4.820631	4.758436	-1.227342
10751	-3.186592	3.040889	-1.849351
10752	-1.431499	1.290388	-2.488339
10753	0.488856	-0.112624	-3.001622
10754	2.573401	-1.106798	-3.258301
10755	4.689269	-1.756316	-3.300140
10756	6.644793	-2.283881	-3.299507
10757	8.291153	-2.872388	-3.497914
10758	9.722653	-3.622844	-3.967676
10759	11.114065	-4.558644	-4.534759
10760	12.553722	-5.469490	-5.056471
10761	14.081862	-6.014279	-5.469436
10762	15.713084	-6.162451	-5.773954
10763	17.374180	-6.102652	-6.121753
10764	19.022244	-5.942624	-6.598634
10765	20.595610	-5.676895	-7.190735
10766	22.099856	-5.278023	-7.813937
10767	23.555304	-4.790489	-8.390497
10768	24.974184	-4.273528	-8.877907
10769	26.334218	-3.711063	-9.256545
10770	27.607698	-3.100311	-9.499542
10771	28.748313	-2.516387	-9.647839
10772	29.740313	-2.021186	-9.698654
10773	30.596005	-1.614788	-9.606866
10774	31.368813	-1.316628	-9.345673
10775	32.068777	-1.138748	-8.942803
10776	32.704164	-1.042888	-8.392065
10777	33.265408	-1.018312	-7.729700
10778	33.743406	-1.089517	-7.027642
10779	34.095036	-1.188963	-6.359126
10780	34.308638	-1.211553	-5.763708
10781	34.368571	-1.123046	-5.270845
10782	34.257789	-1.006223	-4.940498
10783	33.983090	-0.798987	-4.800481
10784	33.584214	-0.469660	-4.763085
10785	33.090900	-0.064368	-4.740563
10786	32.563472	0.346443	-4.648263
10787	32.052724	0.741209	-4.448138
10788	31.550681	1.078997	-4.166834
10789	31.049298	1.294723	-3.843450
10790	30.550397	1.325827	-3.485239
10791	30.017440	1.125848	-3.055802
10792	29.439889	0.731247	-2.468904
10793	28.875079	0.301739	-1.592504
10794	28.328731	0.210755	-0.456108
10795	27.839375	0.876436	0.971685
10796	27.264797	1.534454	2.185808
10797	26.483190	1.534773	2.462820
10798	25.949310	1.355977	2.562777
10799	25.544882	0.979460	2.679355
10800	25.115192	0.501776	2.785860
10801	24.769075	0.438283	3.068212
10802	24.478445	0.831470	3.748934
10803	23.856797	1.624998	4.577246
10804	22.516530	2.334165	4.720981
10805	20.907578	2.406757	4.331820
10806	19.381213	2.163047	3.837081
10807	18.069744	1.998913	3.301094
10808	17.011536	2.046471	2.716438
10809	16.155977	2.280176	2.114121
10810	15.400707	2.728069	1.539973
10811	14.603747	3.317640	1.043541
10812	13.630775	3.743320	0.565042
10813	12.531145	3.796487	0.123682
10814	11.404232	3.725198	-0.220761
10815	10.322443	3.735652	-0.443809
10816	9.323819	3.853132	-0.513818
10817	8.432208	4.062585	-0.416842
10818	7.596595	4.358181	-0.182756
10819	6.742611	4.671162	0.141458
10820	5.842931	4.897749	0.520180
10821	4.952191	4.966161	0.988217
10822	4.112674	4.894412	1.576098
10823	3.345054	4.728316	2.295710
10824	2.622789	4.546940	3.101995
10825	1.928428	4.428877	3.946074
10826	1.235394	4.431366	4.767957
10827	0.520048	4.542160	5.518247
10828	-0.255136	4.711846	6.158592
10829	-1.100141	4.921187	6.655580
10830	-2.005285	5.181772	7.007837
10831	-2.951526	5.504847	7.212400
10832	-3.936069	5.894538	7.275171
10833	-4.964313	6.351341	7.209638
10834	-6.035975	6.909514	7.021595
10835	-7.119597	7.606762	6.699470
10836	-8.176406	8.411134	6.263541
10837	-9.142203	9.131177	5.817974
10838	-9.952174	9.671606	5.433051
10839	-10.579131	10.012930	5.097306
10840	-11.038706	10.183216	4.832231
10841	-11.348479	10.261555	4.677901
10842	-11.536266	10.303669	4.652614
10843	-11.646073	10.343764	4.712089
10844	-11.737692	10.374256	4.772876
10845	-11.839103	10.387731	4.745574
10846	-11.921872	10.429158	4.578514
10847	-11.911095	10.472558	4.306781
10848	-11.686198	10.427781	4.017051
10849	-11.184783	10.246823	3.720435
10850	-10.375187	9.823654	3.413420
10851	-9.311818	8.989964	3.074733
10852	-8.008340	7.778504	2.563168
10853	-6.491537	6.240843	1.949899
10854	-4.809154	4.433347	1.300456
10855	-3.017255	2.544559	0.708494
10856	-1.070312	0.989984	0.310051
10857	1.013706	-0.141495	0.182358
10858	3.152885	-0.918931	0.273576
10859	5.127571	-1.579208	0.421258
10860	6.772427	-2.299072	0.385700
10861	8.174459	-3.137695	0.117099
10862	9.551071	-4.098400	-0.206306
10863	10.992121	-5.021558	-0.512240
10864	12.511269	-5.641763	-0.818154
10865	14.121296	-5.868049	-1.113973
10866	15.787902	-5.890315	-1.475679
10867	17.440574	-5.863182	-2.000743
10868	19.046396	-5.734202	-2.650378
10869	20.603874	-5.442583	-3.299424
10870	22.131649	-5.002474	-3.886514
10871	23.623618	-4.454785	-4.428228
10872	25.063261	-3.794932	-4.927732
10873	26.425474	-3.088789	-5.384580
10874	27.663331	-2.359109	-5.751376
10875	28.731827	-1.640679	-6.030504
10876	29.667613	-1.006823	-6.189093
10877	30.475815	-0.442102	-6.196235
10878	31.164794	0.022297	-6.055666
10879	31.717486	0.331187	-5.802308
10880	32.173049	0.559167	-5.396742
10881	32.521764	0.751816	-4.913071
10882	32.713585	0.870112	-4.450104
10883	32.753282	0.988262	-3.945556
10884	32.626538	1.140885	-3.433352
10885	32.297760	1.241711	-2.995798
10886	31.813058	1.352235	-2.686111
10887	31.257433	1.543559	-2.591278
10888	30.685857	1.859551	-2.710061
10889	30.117621	2.209539	-2.931194
10890	29.521881	2.450829	-3.094790
10891	28.910122	2.471892	-2.985538
10892	28.327679	2.174570	-2.410424
10893	27.778006	1.518879	-1.399761
10894	27.250549	0.619811	-0.133769
10895	26.725347	-0.097524	1.106419
10896	26.354810	0.150422	2.406613
10897	26.102053	0.936068	3.356056
10898	25.466071	1.015142	3.037192
10899	24.855529	0.987982	2.366258
10900	24.369299	0.977458	1.887832
10901	23.873538	0.843785	1.578177
10902	23.456126	0.913875	1.463318
10903	23.132709	1.377777	1.635424
10904	22.546099	2.485761	2.068545
10905	21.244283	3.769343	2.044199
10906	19.665343	4.228798	1.552879
10907	18.158649	4.088772	0.966133
10908	16.842554	3.887240	0.422616
10909	15.807118	3.819978	-0.056818
10910	14.990503	3.948443	-0.507339
10911	14.250392	4.276839	-0.968521
10912	13.393233	4.516275	-1.422776
10913	12.385670	4.312177	-1.747323
10914	11.308991	3.927613	-1.807561
10915	10.287402	3.703887	-1.664353
10916	9.368495	3.666151	-1.437034
10917	8.550157	3.713600	-1.174575
10918	7.792903	3.849084	-0.841620
10919	7.032423	4.105728	-0.422244
10920	6.219023	4.451197	0.052183
10921	5.343219	4.681058	0.500773
10922	4.438851	4.670306	0.905968
10923	3.560987	4.530408	1.319828
10924	2.739784	4.424540	1.788679
10925	1.975883	4.455752	2.311659
10926	1.223429	4.633104	2.813188
10927	0.456333	4.929755	3.210785
10928	-0.351915	5.286689	3.471440
10929	-1.207011	5.618800	3.604626
10930	-2.091279	5.913117	3.643216
10931	-2.959082	6.203691	3.642766
10932	-3.782043	6.523825	3.642033
10933	-4.541043	6.881869	3.667309
10934	-5.232968	7.289939	3.693145
10935	-5.865280	7.739418	3.681363
10936	-6.457727	8.169658	3.640931
10937	-7.008527	8.569659	3.596762
10938	-7.507666	8.966659	3.566705
10939	-7.977349	9.382822	3.518507
10940	-8.420553	9.799967	3.418464
10941	-8.845603	10.146794	3.269311
10942	-9.238556	10.374226	3.071320
10943	-9.578845	10.498514	2.838739
10944	-9.828202	10.567967	2.592577
10945	-9.972514	10.583843	2.330947
10946	-10.012313	10.492104	2.018484
10947	-9.968660	10.289183	1.586492
10948	-9.786281	9.977677	1.096268
10949	-9.356987	9.564525	0.712535
10950	-8.622808	9.066415	0.494701
10951	-7.585103	8.421950	0.388622
10952	-6.257343	7.462233	0.291497
10953	-4.723234	6.027606	0.163922
10954	-3.069681	4.277293	-0.147860
10955	-1.318125	2.460385	-0.581705
10956	0.610521	0.936933	-0.945410
10957	2.713529	-0.137691	-1.121497
10958	4.836836	-0.807341	-1.217262
10959	6.726784	-1.402947	-1.502833
10960	8.315480	-2.105201	-2.104792
10961	9.743537	-2.908328	-2.901656
10962	11.162599	-3.771659	-3.697769
10963	12.640575	-4.541703	-4.356856
10964	14.192063	-5.009172	-4.925972
10965	15.809703	-5.141953	-5.483788
10966	17.446533	-5.063002	-6.091262
10967	19.028768	-4.829652	-6.757131
10968	20.521413	-4.487927	-7.368847
10969	21.923403	-4.059342	-7.859865
10970	23.263993	-3.578375	-8.266902
10971	24.532321	-3.149557	-8.640915
10972	25.749782	-2.765293	-8.966290
10973	26.910057	-2.443040	-9.238509
10974	27.992017	-2.128949	-9.447326
10975	29.005454	-1.739352	-9.497023
10976	29.919063	-1.323520	-9.397364
10977	30.728033	-0.968473	-9.115609
10978	31.430740	-0.730014	-8.667145
10979	32.019630	-0.646481	-8.112692
10980	32.480589	-0.690145	-7.509687
10981	32.850468	-0.771959	-6.892336
10982	33.142612	-0.826179	-6.311997
10983	33.329093	-0.805635	-5.846692
10984	33.391534	-0.731365	-5.534703
10985	33.332624	-0.598726	-5.366729
10986	33.159901	-0.361050	-5.349140
10987	32.887499	-0.014786	-5.436347
10988	32.552467	0.398552	-5.468522
10989	32.182286	0.813073	-5.377559
10990	31.814855	1.184383	-5.192239
10991	31.459497	1.429223	-4.951240
10992	31.120874	1.529829	-4.653182
10993	30.815178	1.519458	-4.257554
10994	30.488277	1.304220	-3.760193
10995	30.107783	0.869145	-3.098953
10996	29.655512	0.403962	-2.226622
10997	29.065570	0.052135	-1.277459
10998	28.250914	-0.040597	-0.450737
10999	27.441100	0.586006	0.488811
11000	26.609987	1.580959	1.298296
11001	25.491338	2.029204	1.162130
11002	24.544725	2.094154	0.744057
11003	23.920825	1.975255	0.720666
11004	23.331240	1.545636	1.011386
11005	22.810451	1.058063	1.408115
11006	22.352915	0.789227	1.827715
11007	21.950366	0.884341	2.475886
11008	21.352874	1.245003	3.251226
11009	20.285874	1.667486	3.674129
11010	18.911847	1.927809	3.689218
11011	17.461763	1.976416	3.499142
11012	16.094551	2.009734	3.199056
11013	14.900426	2.238247	2.764638
11014	13.844876	2.863403	2.127940
11015	12.798554	3.798280	1.182638
11016	11.669508	4.463977	0.057601
11017	10.502813	4.524808	-0.898049
11018	9.346269	4.329420	-1.390760
11019	8.247442	4.212650	-1.436313
11020	7.240709	4.178217	-1.221472
11021	6.329320	4.133430	-0.839142
11022	5.489191	4.125888	-0.325753
11023	4.691123	4.230272	0.311793
11024	3.867922	4.402779	1.029442
11025	2.998657	4.525710	1.755143
11026	2.095732	4.515158	2.446812
11027	1.204012	4.396229	3.116496
11028	0.329686	4.261089	3.785488
11029	-0.515019	4.210829	4.462179
11030	-1.321054	4.311934	5.130101
11031	-2.076597	4.587068	5.740343
11032	-2.837759	4.989112	6.236033
11033	-3.662199	5.424181	6.580445
11034	-4.535589	5.920054	6.825836
11035	-5.390343	6.415798	7.071415
11036	-6.162100	6.865381	7.293002
11037	-6.823103	7.217854	7.397303
11038	-7.379480	7.499497	7.314426
11039	-7.806018	7.792874	7.090699
11040	-8.097347	8.139974	6.807170
11041	-8.283037	8.484641	6.501314
11042	-8.394783	8.750973	6.189970
11043	-8.460011	8.875898	5.897788
11044	-8.479219	8.871045	5.654469
11045	-8.465503	8.772109	5.419128
11046	-8.400081	8.640992	5.133520
11047	-8.286567	8.499551	4.719362
11048	-8.107663	8.342855	4.158006
11049	-7.768684	8.132363	3.566935
11050	-7.160324	7.806003	3.008371
11051	-6.231763	7.284392	2.477206
11052	-4.938677	6.534053	1.973801
11053	-3.437781	5.432176	1.370037
11054	-1.852240	3.990444	0.602681
11055	-0.143430	2.440718	-0.186236
11056	1.726952	0.920523	-0.789712
11057	3.717785	-0.384197	-1.108131
11058	5.728050	-1.362819	-1.186330
11059	7.581885	-2.231067	-1.202696
11060	9.168251	-3.196521	-1.316723
11061	10.557639	-4.206214	-1.488377
11062	11.875660	-5.227748	-1.654510
11063	13.168813	-6.119728	-1.893190
11064	14.492228	-6.646508	-2.279910
11065	15.890388	-6.715451	-2.825272
11066	17.360708	-6.512345	-3.525072
11067	18.843295	-6.220953	-4.339455
11068	20.266111	-5.887155	-5.183172
11069	21.592480	-5.501710	-5.980430
11070	22.842296	-5.013274	-6.707760
11071	24.042910	-4.492827	-7.341322
11072	25.226992	-4.026325	-7.891802
11073	26.403799	-3.558911	-8.365947
11074	27.548936	-3.042780	-8.769554
11075	28.618389	-2.526897	-9.093313
11076	29.614136	-2.023437	-9.279863
11077	30.519400	-1.552238	-9.285764
11078	31.336970	-1.149184	-9.127894
11079	32.048578	-0.862836	-8.857752
11080	32.650985	-0.668427	-8.497361
11081	33.146354	-0.579175	-8.100582
11082	33.522056	-0.497457	-7.697235
11083	33.768698	-0.359348	-7.325290
11084	33.867425	-0.152151	-7.043051
11085	33.805386	0.129667	-6.852924
11086	33.565454	0.431955	-6.779541
11087	33.162323	0.748961	-6.787867
11088	32.611077	1.094085	-6.800400
11089	31.960083	1.440671	-6.749389
11090	31.283058	1.777569	-6.645639
11091	30.652920	2.088284	-6.508082
11092	30.042630	2.285995	-6.344727
11093	29.402620	2.311259	-6.135508
11094	28.719931	2.136306	-5.835953
11095	28.037970	1.746844	-5.341848
11096	27.409685	1.277761	-4.511847
11097	26.817468	1.029989	-3.332380
11098	26.317322	1.444626	-1.807217
11099	25.846652	2.063651	-0.503771
11100	25.132642	1.989585	-0.322575
11101	24.568054	1.670558	-0.444477
11102	24.110434	1.327109	-0.482003
11103	23.662236	1.048708	-0.417677
11104	23.295967	1.212936	-0.094005
11105	22.896308	1.783843	0.581282
11106	22.092805	2.828208	1.296141
11107	20.646349	3.707892	1.357141
11108	18.977376	3.717191	0.928803
11109	17.445448	3.377716	0.426430
11110	16.185534	3.121665	-0.052708
11111	15.250540	3.001105	-0.482407
11112	14.541067	3.046416	-0.892807
11113	13.913969	3.352723	-1.261883
11114	13.194869	3.783407	-1.555968
11115	12.314189	4.022060	-1.755790
11116	11.322998	4.025114	-1.867021
11117	10.308348	3.983619	-1.909422
11118	9.328099	3.984253	-1.853231
11119	8.414306	4.080458	-1.694419
11120	7.556591	4.317977	-1.445628
11121	6.693490	4.670669	-1.126055
11122	5.770725	4.994747	-0.748436
11123	4.801092	5.124159	-0.336979
11124	3.846614	5.120511	0.105742
11125	2.964405	5.015509	0.594493
11126	2.159957	4.817590	1.144540
11127	1.406247	4.619509	1.724658
11128	0.657489	4.534441	2.266912
11129	-0.096927	4.619066	2.716852
11130	-0.891798	4.848483	3.040012
11131	-1.752135	5.118374	3.204503
11132	-2.681638	5.398565	3.199796
11133	-3.616735	5.705667	3.056342
11134	-4.504147	6.054867	2.813838
11135	-5.294526	6.459686	2.512741
11136	-5.988956	6.882319	2.186124
11137	-6.605133	7.219346	1.890776
11138	-7.161669	7.464869	1.656981
11139	-7.643386	7.689247	1.520629
11140	-8.058859	7.938257	1.500718
11141	-8.409647	8.226780	1.571097
11142	-8.732311	8.516170	1.658922
11143	-9.039824	8.796004	1.683207
11144	-9.334514	9.072708	1.596708
11145	-9.591715	9.328035	1.408693
11146	-9.783523	9.510515	1.131709
11147	-9.894397	9.583740	0.768594
11148	-9.928066	9.570466	0.332884
11149	-9.869250	9.488487	-0.127571
11150	-9.640527	9.341470	-0.478901
11151	-9.159452	9.147363	-0.628408
11152	-8.397612	8.820979	-0.575943
11153	-7.370958	8.213502	-0.378437
11154	-6.096866	7.250605	-0.204411
11155	-4.660837	5.909247	-0.141897
11156	-3.114805	4.282860	-0.247267
11157	-1.437877	2.598367	-0.460830
11158	0.407251	1.122712	-0.648265
11159	2.398540	0.028931	-0.727310
11160	4.403531	-0.782119	-0.748581
11161	6.198901	-1.612354	-0.916602
11162	7.708754	-2.520324	-1.400319
11163	9.025710	-3.459888	-2.160524
11164	10.308317	-4.428031	-3.034062
11165	11.624180	-5.307970	-3.953248
11166	13.023910	-5.880539	-4.902035
11167	14.516826	-6.088066	-5.852887
11168	16.078070	-6.032717	-6.791421
11169	17.625734	-5.788587	-7.707246
11170	19.084311	-5.404125	-8.577498
11171	20.428190	-4.913649	-9.358466
11172	21.692161	-4.296423	-10.035922
11173	22.900227	-3.573553	-10.628644
11174	24.055208	-2.819853	-11.173404
11175	25.171229	-2.051883	-11.674218
11176	26.237916	-1.274835	-12.082484
11177	27.245224	-0.494193	-12.379285
11178	28.168336	0.194728	-12.541716
11179	28.982403	0.720532	-12.552892
11180	29.693565	1.102805	-12.348509
11181	30.309666	1.338964	-11.922488
11182	30.804321	1.395071	-11.339804
11183	31.184108	1.285761	-10.646647
11184	31.451606	1.096401	-9.899062
11185	31.608744	0.917714	-9.153915
11186	31.644251	0.860989	-8.471179
11187	31.539532	0.859508	-7.893620
11188	31.294927	0.759481	-7.468155
11189	30.941612	0.636743	-7.150043
11190	30.537519	0.654017	-6.873353
11191	30.145009	0.769893	-6.636870
11192	29.797777	0.883889	-6.419544
11193	29.508166	0.969363	-6.179431
11194	29.248795	1.023940	-5.930692
11195	28.971997	1.063420	-5.668441
11196	28.624861	1.048501	-5.390948
11197	28.218025	0.905598	-4.997868
11198	27.815305	0.685010	-4.269361
11199	27.380373	0.552339	-3.211776
11200	26.883277	0.907161	-1.999604
11201	26.357366	1.488567	-0.965471
11202	25.649541	1.612338	-0.804553
11203	25.020416	1.536018	-1.157648
11204	24.590815	1.469672	-1.502263
11205	24.184244	1.326021	-1.648524
11206	23.754518	1.373710	-1.481640
11207	23.229660	1.707887	-1.015832
11208	22.366314	2.383140	-0.514340
11209	21.074892	2.934067	-0.390190
11210	19.636552	3.000597	-0.593464
11211	18.286045	2.850910	-0.883956
11212	17.106941	2.734777	-1.165471
11213	16.127172	2.687326	-1.403596
11214	15.303387	2.759380	-1.596108
11215	14.544643	3.018306	-1.760602
11216	13.705403	3.345143	-1.942569
11217	12.711671	3.487911	-2.149118
11218	11.625380	3.451936	-2.292535
11219	10.552366	3.434691	-2.290026
11220	9.528146	3.512035	-2.173231
11221	8.560169	3.657411	-1.985083
11222	7.621015	3.865347	-1.739989
11223	6.669996	4.128093	-1.435959
11224	5.682005	4.419502	-1.063529
11225	4.666929	4.630055	-0.633469
11226	3.656251	4.648852	-0.157091
11227	2.682405	4.510705	0.383270
11228	1.745534	4.331817	0.988729
11229	0.841138	4.209785	1.642001
11230	-0.049114	4.184734	2.294165
11231	-0.947082	4.258475	2.885269
11232	-1.884177	4.429223	3.373985
11233	-2.870159	4.695273	3.747615
11234	-3.897838	5.073695	3.996186
11235	-4.921773	5.589121	4.119844
11236	-5.902560	6.198855	4.135976
11237	-6.768878	6.874982	4.099597
11238	-7.493770	7.544355	4.061590
11239	-8.072411	8.117971	4.049514
11240	-8.537053	8.569264	4.048096
11241	-8.942565	8.937381	4.034443
11242	-9.333833	9.271558	4.022104
11243	-9.722133	9.613657	4.008149
11244	-10.117155	10.002571	3.907368
11245	-10.509609	10.415176	3.683479
11246	-10.890974	10.796634	3.322588
11247	-11.239588	11.125649	2.797641
11248	-11.514625	11.335064	2.071730
11249	-11.680724	11.313704	1.135996
11250	-11.726616	11.103295	0.034473
11251	-11.587543	10.770137	-1.067056
11252	-11.146661	10.365616	-1.948326
11253	-10.363197	9.899776	-2.466784
11254	-9.308716	9.202053	-2.640817
11255	-8.028770	8.219129	-2.643909
11256	-6.553287	6.877651	-2.512200
11257	-4.926487	5.197468	-2.370163
11258	-3.214686	3.306005	-2.317829
11259	-1.408191	1.580877	-2.262906
11260	0.538663	0.274478	-2.094680
11261	2.545735	-0.600827	-1.791127
11262	4.450255	-1.155752	-1.498143
11263	6.065734	-1.677648	-1.471213
11264	7.413547	-2.399248	-1.867721
11265	8.662039	-3.340563	-2.563320
11266	9.950281	-4.316681	-3.332404
11267	11.315127	-5.067697	-4.049255
11268	12.765534	-5.459858	-4.689199
11269	14.266979	-5.559170	-5.286031
11270	15.778667	-5.453689	-5.926540
11271	17.251514	-5.172725	-6.648526
11272	18.655390	-4.736890	-7.381881
11273	19.982496	-4.182007	-8.064349
11274	21.248104	-3.528484	-8.694297
11275	22.457155	-2.818732	-9.283000
11276	23.607485	-2.102652	-9.834575
11277	24.676450	-1.419775	-10.350873
11278	25.667620	-0.745422	-10.780154
11279	26.599249	-0.015783	-11.040717
11280	27.444885	0.684829	-11.138920
11281	28.189123	1.223452	-11.089701
11282	28.843999	1.592877	-10.845274
11283	29.411265	1.777073	-10.397620
11284	29.892802	1.770589	-9.791528
11285	30.299713	1.648831	-9.087914
11286	30.637155	1.536004	-8.349973
11287	30.888201	1.471050	-7.657290
11288	31.028739	1.405093	-7.041453
11289	31.037483	1.262047	-6.526107
11290	30.914007	1.114486	-6.097774
11291	30.688397	1.112714	-5.681336
11292	30.393130	1.243666	-5.320205
11293	30.061629	1.367210	-4.976228
11294	29.676481	1.416784	-4.531532
11295	29.178885	1.364491	-3.926237
11296	28.553138	1.142795	-3.145119
11297	27.864498	0.726841	-2.181854
11298	27.187732	0.248039	-1.092129
11299	26.550686	-0.012660	-0.038267
11300	26.157148	0.605291	1.042749
11301	25.871070	1.477017	1.726412
11302	24.963177	1.619914	1.181843
11303	24.136116	1.718191	0.545328
11304	23.498823	1.857263	0.232351
11305	22.860819	2.002520	0.050852
11306	22.281775	2.359335	0.079966
11307	21.605671	3.046084	0.247676
11308	20.567689	4.020442	0.286672
11309	19.155542	4.702529	-0.052090
11310	17.672738	4.736334	-0.547660
11311	16.333428	4.467216	-1.001628
11312	15.208581	4.166253	-1.366323
11313	14.309574	3.937161	-1.599968
11314	13.557796	3.869074	-1.717074
11315	12.818960	3.987358	-1.732444
11316	11.945653	4.211037	-1.714239
11317	10.921983	4.371264	-1.679504
11318	9.806899	4.365787	-1.625562
11319	8.702450	4.300789	-1.537631
11320	7.672871	4.320752	-1.385786
11321	6.715779	4.445601	-1.166483
11322	5.802085	4.661738	-0.872204
11323	4.906646	4.950035	-0.508095
11324	4.005478	5.188316	-0.097565
11325	3.133214	5.199033	0.364078
11326	2.309680	4.962504	0.886034
11327	1.543467	4.665569	1.465625
11328	0.814752	4.480220	2.069870
11329	0.098546	4.444729	2.634542
11330	-0.641407	4.546130	3.083947
11331	-1.426800	4.777030	3.370285
11332	-2.284688	5.102231	3.486426
11333	-3.212514	5.463276	3.444636
11334	-4.195170	5.850908	3.280579
11335	-5.188997	6.259694	3.043782
11336	-6.151414	6.692857	2.762830
11337	-7.025418	7.139390	2.456451
11338	-7.799200	7.563310	2.126983
11339	-8.456262	7.966266	1.788851
11340	-9.022548	8.305464	1.480438
11341	-9.536033	8.557867	1.256841
11342	-10.019443	8.804237	1.136261
11343	-10.480490	9.093869	1.115741
11344	-10.920022	9.440695	1.186683
11345	-11.329398	9.827450	1.323235
11346	-11.696283	10.183482	1.485035
11347	-12.011838	10.444198	1.610916
11348	-12.248880	10.622447	1.634838
11349	-12.391890	10.728136	1.521163
11350	-12.445720	10.712215	1.248305
11351	-12.429520	10.540297	0.824338
11352	-12.323255	10.206321	0.316783
11353	-12.034567	9.766832	-0.128143
11354	-11.481851	9.225166	-0.395910
11355	-10.667374	8.521571	-0.523561
11356	-9.600481	7.581005	-0.622832
11357	-8.323737	6.333195	-0.757450
11358	-6.854622	4.757648	-0.959785
11359	-5.231697	3.082352	-1.268813
11360	-3.456062	1.530152	-1.589617
11361	-1.540566	0.336113	-1.824310
11362	0.460814	-0.524428	-1.888160
11363	2.378372	-1.217146	-1.891826
11364	4.068650	-1.913780	-2.061350
11365	5.549070	-2.648537	-2.500249
11366	6.965088	-3.473491	-3.124898
11367	8.408038	-4.340091	-3.757124
11368	9.925762	-5.058187	-4.281590
11369	11.516420	-5.444029	-4.777768
11370	13.173758	-5.506745	-5.250914
11371	14.854872	-5.332540	-5.745541
11372	16.484559	-5.042467	-6.277154
11373	18.030458	-4.741291	-6.790238
11374	19.512196	-4.384597	-7.301995
11375	20.940302	-3.951610	-7.789029
11376	22.321334	-3.484215	-8.219582
11377	23.624328	-3.011940	-8.577761
11378	24.852344	-2.506012	-8.837542
11379	25.987703	-1.904136	-8.985741
11380	27.017353	-1.301473	-9.018224
11381	27.947155	-0.759915	-8.926986
11382	28.796632	-0.316634	-8.673261
11383	29.544492	0.049707	-8.253263
11384	30.186687	0.353198	-7.726005
11385	30.713110	0.595994	-7.172543
11386	31.122847	0.803565	-6.631959
11387	31.405716	0.968240	-6.123601
11388	31.513800	1.101062	-5.684557
11389	31.423046	1.264845	-5.338742
11390	31.164304	1.471027	-5.066648
11391	30.798820	1.671279	-4.844283
11392	30.351834	1.845549	-4.639540
11393	29.814715	1.973673	-4.421743
11394	29.201501	2.012143	-4.155294
11395	28.536754	1.866477	-3.780958
11396	27.859382	1.461005	-3.172104
11397	27.180094	0.792535	-2.212125
11398	26.498364	-0.034483	-0.930323
11399	25.803234	-0.799248	0.463974
11400	25.086343	-1.153674	1.642210
11401	24.597741	-0.576133	2.679647
11402	24.174911	0.226797	3.320117
11403	23.367685	0.291291	2.884278
11404	22.720064	0.272667	2.433611
11405	22.211106	0.257596	2.272916
11406	21.686380	0.106131	2.139427
11407	21.225855	0.226374	2.004735
11408	20.792404	0.861827	2.024466
11409	20.221384	2.187780	2.364332
11410	19.099543	3.773815	2.553875
11411	17.511378	4.307385	2.147085
11412	15.946982	3.950655	1.640088
11413	14.618571	3.495785	1.248824
11414	13.599075	3.226330	0.932858
11415	12.860858	3.119059	0.611397
11416	12.239471	3.087936	0.327920
11417	11.559577	3.019582	0.250899
11418	10.763109	2.909829	0.473768
11419	9.889101	2.863329	0.946166
11420	8.966603	2.902425	1.474538
11421	8.032611	2.997344	1.941350
11422	7.073225	3.183563	2.328603
11423	6.075741	3.511972	2.670806
11424	5.027883	3.944008	3.032541
11425	4.003923	4.335591	3.455050
11426	3.052078	4.527919	3.940619
11427	2.185656	4.465366	4.464453
11428	1.374153	4.322290	5.016933
11429	0.592245	4.319261	5.597658
11430	-0.197458	4.535416	6.158317
11431	-1.018550	4.931504	6.629187
11432	-1.890751	5.431394	6.955638
11433	-2.801792	5.944651	7.127214
11434	-3.738598	6.397361	7.164809
11435	-4.700604	6.759014	7.104743
11436	-5.675091	7.087635	6.997951
11437	-6.597698	7.550872	6.888223
11438	-7.435596	8.119454	6.834590
11439	-8.166608	8.676133	6.804544
11440	-8.802775	9.150406	6.697120
11441	-9.377344	9.479849	6.450925
11442	-9.920540	9.687701	6.050639
11443	-10.427160	9.814526	5.515074
11444	-10.885973	9.886029	4.915898
11445	-11.270354	9.933229	4.349162
11446	-11.560762	10.006784	3.889571
11447	-11.753667	10.111281	3.583356
11448	-11.841922	10.218440	3.400682
11449	-11.824281	10.288383	3.230290
11450	-11.697707	10.294115	2.943558
11451	-11.442924	10.180622	2.546112
11452	-10.978890	9.907463	2.165339
11453	-10.248399	9.478796	1.887053
11454	-9.253382	8.861027	1.734100
11455	-8.021204	7.968166	1.627435
11456	-6.583836	6.753991	1.542213
11457	-5.007646	5.241848	1.456052
11458	-3.349651	3.617829	1.316279
11459	-1.569456	2.175583	1.256177
11460	0.336431	1.010048	1.360898
11461	2.317418	0.170610	1.629860
11462	4.238979	-0.519744	1.899917
11463	5.916395	-1.366497	1.917279
11464	7.361438	-2.381303	1.609926
11465	8.734649	-3.361858	1.174988
11466	10.156415	-4.246152	0.761923
11467	11.640047	-4.960939	0.274883
11468	13.244854	-5.383072	-0.303695
11469	14.927088	-5.648938	-0.961255
11470	16.594383	-5.801160	-1.747749
11471	18.196717	-5.765035	-2.574581
11472	19.701564	-5.604965	-3.335812
11473	21.103306	-5.350079	-4.025542
11474	22.425974	-4.990456	-4.644744
11475	23.680780	-4.600795	-5.225497
11476	24.870215	-4.221431	-5.821340
11477	25.992467	-3.769050	-6.382377
11478	27.038026	-3.220130	-6.844400
11479	28.005852	-2.640011	-7.157027
11480	28.902469	-2.116033	-7.319054
11481	29.671741	-1.763430	-7.415975
11482	30.330976	-1.511078	-7.386253
11483	30.896139	-1.291029	-7.206984
11484	31.344273	-1.102155	-6.921701
11485	31.674102	-0.994491	-6.617110
11486	31.880922	-0.894832	-6.320180
11487	31.987579	-0.751788	-6.036494
11488	31.978859	-0.556215	-5.830795
11489	31.848945	-0.229325	-5.783174
11490	31.613614	0.326386	-5.907442
11491	31.301203	0.992138	-6.167326
11492	30.962517	1.621358	-6.437868
11493	30.613305	2.120106	-6.566437
11494	30.273488	2.441224	-6.506228
11495	29.925185	2.573941	-6.319075
11496	29.546501	2.543737	-6.068436
11497	29.116899	2.365212	-5.736289
11498	28.627286	2.070436	-5.273661
11499	28.099479	1.718823	-4.624676
11500	27.540800	1.400801	-3.771217
11501	26.917905	1.187168	-2.746611
11502	26.162290	1.227133	-1.707796
11503	25.411802	1.824432	-0.584730
11504	24.644361	2.466933	0.312325
11505	23.739106	2.459245	0.345913
11506	23.092238	2.248385	0.263557
11507	22.700159	1.920327	0.442130
11508	22.281394	1.399221	0.691346
11509	21.848517	1.081614	1.016494
11510	21.455172	1.304666	1.614646
11511	20.799908	2.001156	2.319903
11512	19.625722	2.800413	2.654225
11513	18.159065	3.146690	2.480940
11514	16.643831	3.126976	2.014201
11515	15.234387	3.125277	1.470841
11516	13.993089	3.343710	0.931828
11517	12.901383	3.830650	0.355934
11518	11.856741	4.400208	-0.342061
11519	10.763847	4.584908	-1.080254
11520	9.609684	4.258842	-1.611015
11521	8.491970	3.816777	-1.710001
11522	7.472711	3.586999	-1.425296
11523	6.548061	3.572414	-0.931648
11524	5.653071	3.668263	-0.351952
11525	4.749134	3.858187	0.287610
11526	3.806788	4.173688	0.962160
11527	2.841936	4.573167	1.657343
11528	1.869331	4.883230	2.325338
11529	0.932971	4.958507	2.950347
11530	0.054586	4.811920	3.559018
11531	-0.756165	4.625472	4.180616
11532	-1.480957	4.543691	4.846906
11533	-2.113490	4.611984	5.513533
11534	-2.712376	4.810774	6.105929
11535	-3.362988	5.067174	6.549853
11536	-4.113054	5.325897	6.820163
11537	-4.914573	5.648522	6.952273
11538	-5.723378	6.065357	6.994009
11539	-6.478846	6.482539	6.943458
11540	-7.159119	6.897187	6.776832
11541	-7.769406	7.293852	6.469638
11542	-8.317064	7.681460	6.054084
11543	-8.798174	8.079303	5.591094
11544	-9.208721	8.461717	5.121768
11545	-9.560760	8.796679	4.640702
11546	-9.892171	9.035661	4.142297
11547	-10.202434	9.186681	3.683663
11548	-10.469183	9.355028	3.299755
11549	-10.686354	9.553646	2.983345
11550	-10.851855	9.732089	2.698646
11551	-10.955731	9.868344	2.420045
11552	-10.934714	9.950059	2.203478
11553	-10.669864	9.964229	2.126460
11554	-10.080783	9.895034	2.115808
11555	-9.169827	9.585193	2.117594
11556	-7.982432	8.818929	2.099205
11557	-6.607901	7.551923	1.880370
11558	-5.091986	5.897169	1.460419
11559	-3.421149	4.094678	0.903612
11560	-1.616640	2.334546	0.312824
11561	0.309921	0.923893	-0.147627
11562	2.308669	0.007646	-0.352698
11563	4.266040	-0.545446	-0.406601
11564	6.022788	-1.129365	-0.603569
11565	7.510952	-1.885115	-1.138750
11566	8.856214	-2.748723	-1.936981
11567	10.176005	-3.598532	-2.816246
11568	11.535816	-4.262830	-3.684822
11569	12.959710	-4.604871	-4.537318
11570	14.472547	-4.667534	-5.395625
11571	16.009861	-4.587349	-6.311974
11572	17.507813	-4.404046	-7.293568
11573	18.940576	-4.091022	-8.203159
11574	20.332584	-3.704369	-8.953458
11575	21.682672	-3.328370	-9.592790
11576	23.009201	-3.005976	-10.174116
11577	24.302590	-2.659807	-10.708837
11578	25.522394	-2.254366	-11.199130
11579	26.629899	-1.821844	-11.572481
11580	27.638537	-1.328445	-11.697648
11581	28.553978	-0.787965	-11.537968
11582	29.342995	-0.408505	-11.212284
11583	29.999497	-0.256161	-10.821416
11584	30.556286	-0.310341	-10.359034
11585	31.025830	-0.479008	-9.816055
11586	31.451693	-0.669839	-9.215425
11587	31.795271	-0.833680	-8.695613
11588	32.028296	-0.909022	-8.271518
11589	32.139852	-0.891596	-7.931073
11590	32.081214	-0.824602	-7.673682
11591	31.831839	-0.659130	-7.489666
11592	31.396843	-0.376613	-7.327888
11593	30.819542	-0.042840	-7.172176
11594	30.183554	0.271935	-7.001687
11595	29.544942	0.519211	-6.754114
11596	28.901406	0.665882	-6.423372
11597	28.246352	0.681707	-6.034229
11598	27.551700	0.540308	-5.629920
11599	26.820316	0.209103	-5.161040
11600	26.118477	-0.163510	-4.537042
11601	25.481650	-0.356981	-3.746224
11602	24.950077	0.031761	-2.794539
11603	24.611173	0.940009	-1.582175
11604	24.135055	1.353462	-1.045538
11605	23.568495	1.153468	-1.143213
11606	23.182797	0.858731	-1.184186
11607	22.819977	0.403992	-1.094396
11608	22.506405	0.346921	-0.804582
11609	22.199251	0.897453	-0.064926
11610	21.505612	1.920514	0.832805
11611	20.176658	2.709482	1.126372
11612	18.646838	2.636560	0.935499
11613	17.194332	2.193236	0.658345
11614	15.918752	1.856056	0.374233
11615	14.885359	1.736226	0.043232
11616	14.061653	1.820718	-0.361316
11617	13.320246	2.150240	-0.843538
11618	12.499597	2.592629	-1.372427
11619	11.589711	2.840758	-1.852798
11620	10.626972	2.883344	-2.226043
11621	9.659672	2.914209	-2.537645
11622	8.710878	2.993204	-2.806425
11623	7.804543	3.103230	-2.996922
11624	6.925209	3.276986	-3.097464
11625	6.058397	3.532690	-3.079741
11626	5.147248	3.828056	-2.937744
11627	4.188517	4.031376	-2.695804
11628	3.215685	4.065486	-2.386542
11629	2.278139	4.005444	-2.013206
11630	1.394323	3.952468	-1.562194
11631	0.569317	3.954988	-1.042570
11632	-0.220401	3.995590	-0.485662
11633	-1.000101	4.050454	0.056871
11634	-1.791068	4.116791	0.554765
11635	-2.596498	4.196195	0.993232
11636	-3.405029	4.318725	1.360996
11637	-4.192625	4.478062	1.681479
11638	-4.960343	4.664609	1.997862
11639	-5.694816	4.880283	2.328619
11640	-6.388493	5.148860	2.628165
11641	-7.038225	5.437789	2.844248
11642	-7.656681	5.716487	2.965686
11643	-8.223407	6.067762	3.040203
11644	-8.723312	6.537947	3.109745
11645	-9.172744	7.069985	3.148161
11646	-9.576073	7.582234	3.149245
11647	-9.931204	8.009080	3.152242
11648	-10.235368	8.312483	3.176418
11649	-10.486614	8.526057	3.189629
11650	-10.672489	8.701882	3.153492
11651	-10.781800	8.853814	3.015570
11652	-10.811331	8.959082	2.754041
11653	-10.702857	8.996681	2.434376
11654	-10.355584	8.976747	2.129693
11655	-9.714300	8.833662	1.858070
11656	-8.788495	8.374935	1.631179
11657	-7.644314	7.442288	1.350580
11658	-6.316185	6.078149	0.867855
11659	-4.847355	4.424087	0.235769
11660	-3.216627	2.732155	-0.441411
11661	-1.418119	1.222352	-1.008405
11662	0.526455	0.076109	-1.348849
11663	2.527126	-0.728980	-1.461534
11664	4.441531	-1.395026	-1.513919
11665	6.140302	-2.086183	-1.663462
11666	7.625379	-2.813467	-1.981172
11667	8.992245	-3.595148	-2.432101
11668	10.346193	-4.378667	-2.940433
11669	11.720199	-5.011869	-3.457863
11670	13.148625	-5.324493	-3.976171
11671	14.616543	-5.388612	-4.507438
11672	16.096532	-5.324139	-5.088773
11673	17.545626	-5.124092	-5.695566
11674	18.942464	-4.836621	-6.262184
11675	20.275334	-4.516789	-6.789485
11676	21.573679	-4.145405	-7.271139
11677	22.861178	-3.728856	-7.700019
11678	24.117643	-3.242834	-8.092699
11679	25.292024	-2.658806	-8.436283
11680	26.401530	-1.977147	-8.640463
11681	27.398868	-1.345028	-8.747643
11682	28.288631	-0.849796	-8.755329
11683	29.059790	-0.473777	-8.629918
11684	29.730167	-0.173813	-8.354581
11685	30.286670	0.007917	-7.977213
11686	30.732898	0.052546	-7.542817
11687	31.101769	0.028913	-7.063102
11688	31.402480	0.004856	-6.554014
11689	31.601666	0.047008	-6.058575
11690	31.668310	0.157470	-5.626392
11691	31.559384	0.228311	-5.305771
11692	31.280888	0.318758	-5.088895
11693	30.853228	0.586522	-4.891426
11694	30.286420	0.953449	-4.674389
11695	29.629060	1.250899	-4.462986
11696	28.979493	1.479415	-4.227055
11697	28.372151	1.661410	-3.975914
11698	27.788508	1.700738	-3.672803
11699	27.211714	1.497635	-3.258564
11700	26.677735	1.097770	-2.665584
11701	26.224898	0.741906	-1.893182
11702	25.728024	0.660451	-1.090503
11703	25.242294	1.209076	-0.245500
11704	24.885269	2.090080	0.619087
11705	23.987708	2.273835	0.331619
11706	23.218925	2.293531	-0.191353
11707	22.747518	2.353382	-0.377792
11708	22.298881	2.255925	-0.381331
11709	21.866310	2.305505	-0.187775
11710	21.402058	2.661354	0.148279
11711	20.766854	3.377946	0.597195
11712	19.837047	4.167875	0.977296
11713	18.675087	4.481808	1.114825
11714	17.486394	4.261416	1.107124
11715	16.398798	3.921329	1.057433
11716	15.458358	3.713196	1.014500
11717	14.631837	3.687205	0.919351
11718	13.809327	3.846840	0.688434
11719	12.951463	3.985803	0.423892
11720	12.082299	3.986343	0.288808
11721	11.227174	3.907153	0.342643
11722	10.364488	3.787481	0.497265
11723	9.487843	3.706818	0.651226
11724	8.615837	3.740926	0.779074
11725	7.758768	3.986624	0.879618
11726	6.867702	4.444253	0.957917
11727	5.911026	5.019267	1.015941
11728	4.888336	5.469361	1.028408
11729	3.875088	5.611098	1.023391
11730	2.936660	5.536974	1.060484
11731	2.091996	5.397127	1.190894
11732	1.325157	5.269021	1.424661
11733	0.625825	5.201134	1.736387
11734	-0.022419	5.220799	2.100610
11735	-0.649761	5.286474	2.489309
11736	-1.297480	5.390331	2.866288
11737	-1.988787	5.533459	3.181365
11738	-2.726101	5.718259	3.400817
11739	-3.482451	5.952834	3.537865
11740	-4.225690	6.248479	3.615829
11741	-4.906208	6.609320	3.664134
11742	-5.523923	7.009612	3.673213
11743	-6.099281	7.443346	3.612493
11744	-6.651046	7.904061	3.450445
11745	-7.178238	8.376038	3.193594
11746	-7.679515	8.839760	2.853065
11747	-8.160161	9.231144	2.426022
11748	-8.622143	9.519223	1.929197
11749	-9.035076	9.707390	1.429388
11750	-9.352794	9.849914	0.995884
11751	-9.560455	9.950244	0.646334
11752	-9.669908	9.990539	0.359167
11753	-9.705509	9.957097	0.099042
11754	-9.667695	9.878424	-0.134840
11755	-9.490335	9.776858	-0.287970
11756	-9.095248	9.594093	-0.321026
11757	-8.451299	9.215017	-0.243509
11758	-7.555922	8.554941	-0.153726
11759	-6.446649	7.573119	-0.170335
11760	-5.124771	6.315493	-0.302128
11761	-3.638840	4.853409	-0.562604
11762	-2.010380	3.309387	-0.878859
11763	-0.217368	1.916869	-1.129710
11764	1.758676	0.819059	-1.223632
11765	3.818201	0.004603	-1.176715
11766	5.781247	-0.746372	-1.141403
11767	7.463873	-1.588212	-1.350715
11768	8.912064	-2.501599	-1.840681
11769	10.302955	-3.456966	-2.419351
11770	11.727058	-4.359203	-2.973431
11771	13.235452	-4.992998	-3.472806
11772	14.814124	-5.288020	-3.940791
11773	16.429825	-5.409832	-4.475095
11774	18.058425	-5.413954	-5.114482
11775	19.626282	-5.318997	-5.845317
11776	21.089586	-5.173043	-6.622728
11777	22.461355	-4.939389	-7.405486
11778	23.783736	-4.596933	-8.134497
11779	25.072215	-4.192658	-8.793390
11780	26.320106	-3.728671	-9.387626
11781	27.485226	-3.218271	-9.912071
11782	28.542401	-2.660389	-10.340511
11783	29.490656	-2.098519	-10.635526
11784	30.312433	-1.624965	-10.772797
11785	31.007048	-1.295619	-10.755638
11786	31.596032	-1.070773	-10.573261
11787	32.055755	-0.937511	-10.254417
11788	32.388369	-0.863255	-9.862294
11789	32.597820	-0.794903	-9.444922
11790	32.687846	-0.637656	-9.028398
11791	32.632871	-0.500217	-8.719203
11792	32.427640	-0.417367	-8.561614
11793	32.098724	-0.254806	-8.535547
11794	31.680285	0.013673	-8.562486
11795	31.228071	0.324991	-8.598487
11796	30.781758	0.621747	-8.595233
11797	30.328672	0.854540	-8.521991
11798	29.817292	0.977159	-8.372029
11799	29.252626	0.961647	-8.129711
11800	28.675774	0.834342	-7.785867
11801	28.117774	0.593179	-7.315009
11802	27.571535	0.215836	-6.607642
11803	27.023617	-0.196244	-5.611278
11804	26.441235	-0.394287	-4.480359
11805	25.869685	0.049277	-3.278465
11806	25.266819	0.859258	-2.174744
11807	24.453355	1.160154	-1.859285
11808	23.778036	1.128258	-1.906458
11809	23.363469	0.938187	-1.831952
11810	22.973726	0.464017	-1.679314
11811	22.603409	0.079763	-1.436605
11812	22.342938	0.159714	-0.917310
11813	22.047970	0.854445	-0.047350
11814	21.226342	1.916490	0.700429
11815	19.888316	2.498627	0.789594
11816	18.437290	2.427415	0.519163
11817	17.049992	2.219610	0.094435
11818	15.854018	2.221979	-0.386488
11819	14.910259	2.484410	-0.902848
11820	14.123728	2.967023	-1.466442
11821	13.321348	3.447130	-2.121896
11822	12.392211	3.496853	-2.780809
11823	11.396352	3.200595	-3.210899
11824	10.414432	2.972287	-3.350330
11825	9.532432	2.913641	-3.238500
11826	8.740281	2.951655	-2.967905
11827	7.990090	3.073218	-2.587291
11828	7.200630	3.329724	-2.133046
11829	6.315551	3.686488	-1.623802
11830	5.328977	4.049101	-1.125409
11831	4.304596	4.241262	-0.661485
11832	3.293232	4.254939	-0.216186
11833	2.337045	4.228900	0.265817
11834	1.425653	4.265210	0.787181
11835	0.550178	4.376650	1.316952
11836	-0.294715	4.567717	1.822013
11837	-1.132501	4.805299	2.253249
11838	-1.996282	5.049129	2.595765
11839	-2.886579	5.323179	2.846047
11840	-3.793383	5.663431	2.999897
11841	-4.683254	6.073280	3.061415
11842	-5.526072	6.546602	3.066731
11843	-6.293452	7.031116	3.058708
11844	-6.989034	7.483174	3.053323
11845	-7.605174	7.901771	3.053355
11846	-8.172854	8.284954	3.039685
11847	-8.704161	8.645847	3.020136
11848	-9.223459	8.988243	2.996007
11849	-9.734946	9.319261	2.930699
11850	-10.231354	9.626445	2.779433
11851	-10.695013	9.887911	2.508637
11852	-11.103672	10.100779	2.123216
11853	-11.430042	10.250953	1.654624
11854	-11.656397	10.306820	1.122674
11855	-11.770127	10.269133	0.547297
11856	-11.760946	10.163851	-0.037926
11857	-11.603518	10.004198	-0.560160
11858	-11.236451	9.811270	-0.885018
11859	-10.619786	9.581228	-0.956135
11860	-9.756486	9.210361	-0.813069
11861	-8.664286	8.528802	-0.592162
11862	-7.372392	7.493594	-0.402633
11863	-5.914028	6.154588	-0.288680
11864	-4.333208	4.577792	-0.279055
11865	-2.648292	2.974339	-0.303700
11866	-0.797491	1.637027	-0.209738
11867	1.181395	0.724303	0.016902
11868	3.167011	0.148778	0.254819
11869	4.975408	-0.377792	0.302080
11870	6.539137	-1.076068	0.046089
11871	7.919235	-1.983998	-0.486507
11872	9.266183	-3.006361	-1.134452
11873	10.672669	-3.938740	-1.763879
11874	12.173348	-4.591153	-2.353121
11875	13.747259	-4.976094	-2.942313
11876	15.358413	-5.180866	-3.588069
11877	16.955267	-5.201239	-4.308668
11878	18.501511	-5.026376	-4.982180
11879	19.972517	-4.707528	-5.542515
11880	21.385172	-4.301140	-6.037496
11881	22.777200	-3.847151	-6.481248
11882	24.120658	-3.413437	-7.004252
11883	25.390538	-2.985040	-7.575875
11884	26.556664	-2.498827	-8.121639
11885	27.641920	-1.907999	-8.516200
11886	28.629803	-1.286996	-8.712076
11887	29.508529	-0.742745	-8.731949
11888	30.250607	-0.363957	-8.632564
11889	30.878238	-0.140014	-8.399175
11890	31.412628	-0.014008	-8.036382
11891	31.872660	0.080407	-7.584869
11892	32.271164	0.204906	-7.117277
11893	32.588393	0.419574	-6.706294
11894	32.790926	0.636291	-6.409251
11895	32.843631	0.801873	-6.251846
11896	32.744246	1.049262	-6.206768
11897	32.513255	1.476568	-6.211777
11898	32.158490	1.961932	-6.245072
11899	31.734924	2.347585	-6.245245
11900	31.280248	2.606645	-6.141281
11901	30.800941	2.737551	-5.902268
11902	30.293788	2.732628	-5.568274
11903	29.766177	2.583499	-5.163404
11904	29.209787	2.315306	-4.644034
11905	28.632489	1.912798	-3.916708
11906	28.036933	1.410174	-2.890252
11907	27.403258	1.040655	-1.732241
11908	26.748534	1.265231	-0.577712
11909	26.195697	2.023212	0.633172
11910	25.452329	2.275654	0.997400
11911	24.728854	2.057683	0.736488
11912	24.270242	1.878144	0.628040
11913	23.829407	1.527994	0.674661
11914	23.401777	1.332877	0.800148
11915	23.074436	1.562515	1.140014
11916	22.692598	2.230557	1.709359
11917	21.867323	3.235230	2.134041
11918	20.506075	3.892984	1.913144
11919	18.992563	3.903298	1.358483
11920	17.552331	3.695360	0.785887
11921	16.317509	3.569258	0.256807
11922	15.312763	3.642684	-0.264586
11923	14.471409	3.996523	-0.827111
11924	13.639291	4.507627	-1.431651
11925	12.717695	4.793397	-1.977544
11926	11.698636	4.752347	-2.325672
11927	10.649287	4.665973	-2.483872
11928	9.655340	4.689534	-2.496214
11929	8.740904	4.802790	-2.408248
11930	7.869583	4.974505	-2.217422
11931	7.005461	5.236159	-1.899195
11932	6.094982	5.557110	-1.459902
11933	5.160412	5.813550	-0.905333
11934	4.247590	5.896047	-0.277635
11935	3.398601	5.834611	0.416147
11936	2.586645	5.740834	1.147868
11937	1.784277	5.706904	1.886004
11938	0.978832	5.768264	2.585493
11939	0.167349	5.916094	3.183186
11940	-0.671687	6.131690	3.643141
11941	-1.532594	6.397005	3.974258
11942	-2.423644	6.680463	4.188831
11943	-3.341675	6.987446	4.286036
11944	-4.281790	7.334401	4.280432
11945	-5.212506	7.767174	4.197443
11946	-6.103075	8.312280	4.032490
11947	-6.932437	8.934903	3.761592
11948	-7.706241	9.554696	3.374277
11949	-8.415696	10.069173	2.903187
11950	-9.053150	10.447447	2.395348
11951	-9.592287	10.692869	1.904779
11952	-10.034609	10.810903	1.485182
11953	-10.370693	10.846198	1.183997
11954	-10.600566	10.835906	0.993355
11955	-10.735948	10.809434	0.861462
11956	-10.787124	10.769690	0.735811
11957	-10.765390	10.715043	0.557013
11958	-10.670199	10.652087	0.285613
11959	-10.447087	10.544223	-0.023698
11960	-9.982259	10.311475	-0.247918
11961	-9.235667	9.899515	-0.396032
11962	-8.234282	9.266996	-0.535612
11963	-6.997336	8.353423	-0.774978
11964	-5.555518	7.045848	-1.054951
11965	-3.969006	5.418802	-1.422060
11966	-2.278650	3.572007	-1.832913
11967	-0.438821	1.894468	-2.152381
11968	1.598640	0.575132	-2.256573
11969	3.733530	-0.363768	-2.182914
11970	5.754559	-1.141162	-2.093392
11971	7.465269	-1.939785	-2.196791
11972	8.916636	-2.791077	-2.547802
11973	10.286741	-3.751775	-2.997716
11974	11.663167	-4.762952	-3.452536
11975	13.081556	-5.603757	-3.892568
11976	14.548325	-6.111781	-4.334160
11977	16.055529	-6.317360	-4.805519
11978	17.597720	-6.295225	-5.282268
11979	19.119998	-6.118603	-5.771830
11980	20.581412	-5.818269	-6.298046
11981	21.984384	-5.410714	-6.823861
11982	23.376501	-4.879092	-7.292094
11983	24.736093	-4.296653	-7.778738
11984	26.039706	-3.656857	-8.273422
11985	27.252562	-2.952758	-8.746477
11986	28.314943	-2.163409	-9.146187
11987	29.237062	-1.358363	-9.416231
11988	30.039345	-0.593650	-9.490040
11989	30.737280	0.046347	-9.364200
11990	31.344078	0.486478	-9.062755
11991	31.859287	0.731348	-8.604705
11992	32.291780	0.867060	-7.999510
11993	32.666087	0.976019	-7.276745
11994	32.969492	1.116251	-6.511923
11995	33.174964	1.336466	-5.779268
11996	33.247093	1.562624	-5.171520
11997	33.150828	1.761582	-4.748689
11998	32.908498	1.996419	-4.519594
11999	32.547221	2.206024	-4.382186
12000	32.115459	2.313342	-4.215556
12001	31.660280	2.353473	-3.942442
12002	31.180736	2.322424	-3.543805
12003	30.644565	2.175377	-3.038461
12004	30.042574	1.899818	-2.452024
12005	29.385075	1.541561	-1.759798
12006	28.691971	1.157651	-0.914409
12007	27.974081	0.793637	0.115060
12008	27.232818	0.490676	1.192142
12009	26.548782	0.546579	2.169231
12010	26.067824	1.343742	3.143044
12011	25.468221	2.053340	3.654618
12012	24.679464	2.105034	3.507419
12013	24.101376	2.077665	3.366231
12014	23.609569	1.872724	3.232667
12015	23.146438	1.605145	3.055803
12016	22.773372	1.650796	2.950325
12017	22.413492	2.160031	3.047929
12018	21.784261	3.344056	3.405947
12019	20.487797	4.648638	3.358664
12020	18.847647	5.090041	2.753122
12021	17.263689	4.965193	1.991045
12022	15.907369	4.805741	1.257906
12023	14.859382	4.796209	0.622724
12024	14.071588	5.037496	0.112700
12025	13.381865	5.477642	-0.290364
12026	12.584027	5.700237	-0.563141
12027	11.641845	5.509010	-0.677007
12028	10.660232	5.183804	-0.569303
12029	9.746318	5.003374	-0.294221
12030	8.928237	4.967325	0.077022
12031	8.180172	4.999145	0.516816
12032	7.435740	5.096583	1.027163
12033	6.633254	5.265459	1.619812
12034	5.750553	5.437236	2.284862
12035	4.827322	5.517178	3.001856
12036	3.923317	5.501527	3.745772
12037	3.074107	5.477106	4.490614
12038	2.254172	5.491739	5.194387
12039	1.455368	5.576618	5.822125
12040	0.657896	5.764650	6.331193
12041	-0.145966	6.050679	6.694528
12042	-0.993644	6.392353	6.907235
12043	-1.898936	6.721785	6.975222
12044	-2.828012	7.062464	6.936468
12045	-3.743219	7.436350	6.852210
12046	-4.669461	7.843626	6.725278
12047	-5.620497	8.345263	6.555255
12048	-6.605310	8.915193	6.265540
12049	-7.556049	9.546954	5.881831
12050	-8.430936	10.140060	5.436173
12051	-9.197105	10.578202	4.976937
12052	-9.848270	10.850440	4.534759
12053	-10.384520	10.989985	4.115581
12054	-10.814642	11.055245	3.722514
12055	-11.160268	11.092096	3.350733
12056	-11.455391	11.108770	3.014849
12057	-11.722415	11.114470	2.693590
12058	-11.945057	11.132804	2.359240
12059	-12.091968	11.140534	1.991829
12060	-12.137852	11.097304	1.554628
12061	-12.032877	10.965958	1.092037
12062	-11.695360	10.745021	0.694868
12063	-11.064459	10.415131	0.389304
12064	-10.146724	9.906371	0.140101
12065	-8.960562	9.167799	-0.104043
12066	-7.514232	8.097898	-0.294472
12067	-5.886256	6.653649	-0.493916
12068	-4.144578	5.025740	-0.740403
12069	-2.252985	3.518492	-0.911747
12070	-0.195315	2.336230	-0.960535
12071	1.947284	1.511540	-0.901975
12072	3.984206	0.882168	-0.912620
12073	5.741332	0.194085	-1.161720
12074	7.251187	-0.584862	-1.679599
12075	8.678211	-1.448546	-2.304737
12076	10.143997	-2.319303	-2.897707
12077	11.670267	-3.064958	-3.424377
12078	13.256908	-3.577352	-3.911973
12079	14.873075	-3.874773	-4.461344
12080	16.498729	-3.980253	-5.115696
12081	18.106873	-3.841648	-5.821527
12082	19.651425	-3.527465	-6.444784
12083	21.102252	-3.171765	-6.997616
12084	22.458970	-2.794746	-7.516286
12085	23.738930	-2.423004	-8.009798
12086	24.949906	-2.048719	-8.439115
12087	26.102452	-1.622889	-8.754893
12088	27.207566	-1.093608	-8.938929
12089	28.243408	-0.566475	-8.997743
12090	29.183191	-0.139363	-8.966160
12091	30.028503	0.209567	-8.805072
12092	30.793357	0.496465	-8.525555
12093	31.449220	0.692789	-8.171055
12094	32.005693	0.835894	-7.783507
12095	32.444720	1.007937	-7.362490
12096	32.738923	1.181467	-6.946945
12097	32.869343	1.252481	-6.597083
12098	32.824305	1.230568	-6.363482
12099	32.607344	1.236294	-6.209385
12100	32.232634	1.323930	-6.060456
12101	31.756248	1.436875	-5.921158
12102	31.212339	1.490259	-5.752775
12103	30.607255	1.511413	-5.533861
12104	29.931592	1.449094	-5.260942
12105	29.212240	1.207695	-4.899085
12106	28.494985	0.784965	-4.357858
12107	27.822327	0.213490	-3.552994
12108	27.193569	-0.417004	-2.390631
12109	26.560163	-0.939792	-1.218625
12110	25.986831	-0.846749	-0.363316
12111	25.756167	-0.077198	0.437517
12112	25.325717	0.348981	0.442198
12113	24.584472	0.363255	-0.396179
12114	24.063761	0.587088	-0.986133
12115	23.543444	0.702715	-1.349970
12116	22.984466	0.889767	-1.665503
12117	22.526710	1.395130	-1.832883
12118	21.982187	2.263781	-1.797130
12119	21.045584	3.399800	-1.798573
12120	19.671572	4.019342	-2.227594
12121	18.248529	3.927862	-2.809173
12122	16.947760	3.593832	-3.317343
12123	15.840146	3.352656	-3.742183
12124	14.930726	3.257586	-4.086630
12125	14.175485	3.374479	-4.352519
12126	13.451534	3.627054	-4.453394
12127	12.619812	3.826604	-4.415404
12128	11.672589	3.902304	-4.282781
12129	10.688929	3.904633	-4.072758
12130	9.690911	3.905605	-3.830161
12131	8.712550	3.918719	-3.536605
12132	7.732324	3.976709	-3.168829
12133	6.744590	4.099620	-2.724882
12134	5.733342	4.246742	-2.211053
12135	4.706991	4.311347	-1.644254
12136	3.669053	4.267226	-1.059964
12137	2.625328	4.188953	-0.484621
12138	1.567714	4.181326	0.051942
12139	0.512290	4.300022	0.525081
12140	-0.535114	4.560975	0.879856
12141	-1.559513	4.917850	1.077518
12142	-2.583142	5.305169	1.105230
12143	-3.604840	5.649719	0.975465
12144	-4.619925	5.932650	0.710056
12145	-5.576961	6.230717	0.367738
12146	-6.423649	6.615945	0.011917
12147	-7.117622	7.054911	-0.317593
12148	-7.678369	7.451842	-0.639786
12149	-8.150002	7.743959	-0.984563
12150	-8.601620	7.905180	-1.353144
12151	-9.075003	7.970421	-1.714494
12152	-9.584666	8.046245	-2.018842
12153	-10.110120	8.227054	-2.231143
12154	-10.635608	8.560668	-2.379013
12155	-11.132904	9.007327	-2.537720
12156	-11.591608	9.433301	-2.786068
12157	-11.970806	9.754674	-3.173465
12158	-12.238931	9.932169	-3.696692
12159	-12.372393	9.968639	-4.301191
12160	-12.357020	9.882783	-4.913902
12161	-12.204345	9.675195	-5.466138
12162	-11.882590	9.418177	-5.823167
12163	-11.340819	9.160403	-5.892196
12164	-10.563219	8.838112	-5.732705
12165	-9.572082	8.242950	-5.443162
12166	-8.385008	7.263927	-5.148388
12167	-6.993461	5.981869	-4.900988
12168	-5.438079	4.440199	-4.711394
12169	-3.767378	2.858520	-4.599034
12170	-1.939079	1.507508	-4.469061
12171	0.041069	0.500151	-4.240860
12172	2.078153	-0.156829	-3.940423
12173	3.947177	-0.670395	-3.835206
12174	5.540383	-1.295978	-4.190574
12175	6.975135	-2.078699	-4.917535
12176	8.426799	-2.944390	-5.732935
12177	9.953809	-3.741083	-6.413708
12178	11.544497	-4.368760	-6.896152
12179	13.177146	-4.719502	-7.300958
12180	14.837817	-4.825774	-7.741048
12181	16.474374	-4.759131	-8.275384
12182	18.041987	-4.579134	-8.846798
12183	19.512669	-4.343703	-9.324764
12184	20.899161	-4.055325	-9.665094
12185	22.218368	-3.717591	-9.886513
12186	23.497509	-3.330987	-10.031784
12187	24.726893	-2.913055	-10.123821
12188	25.895286	-2.460377	-10.165464
12189	26.993063	-1.920752	-10.090218
12190	28.013426	-1.298903	-9.831139
12191	28.890678	-0.786997	-9.469874
12192	29.634294	-0.457005	-9.027146
12193	30.267811	-0.246246	-8.474973
12194	30.806057	-0.104603	-7.843366
12195	31.261051	0.012967	-7.237727
12196	31.630386	0.154832	-6.717896
12197	31.865263	0.397252	-6.267703
12198	31.925545	0.696444	-5.871079
12199	31.792604	0.937279	-5.554360
12200	31.482627	1.075846	-5.291663
12201	31.057964	1.074639	-5.022593
12202	30.595637	0.955579	-4.725288
12203	30.128987	0.807401	-4.418084
12204	29.651058	0.664473	-4.165060
12205	29.172544	0.516117	-3.977114
12206	28.734033	0.334286	-3.811879
12207	28.362288	0.123704	-3.569461
12208	28.052069	-0.110086	-3.122040
12209	27.734862	-0.395708	-2.336466
12210	27.373152	-0.614841	-1.280668
12211	26.935695	-0.525453	-0.165693
12212	26.439021	0.154232	0.886775
12213	25.730168	0.771225	1.265760
12214	24.898938	0.886795	0.939035
12215	24.281635	0.966526	0.487745
12216	23.822991	0.930582	0.132307
12217	23.356919	0.841633	-0.113385
12218	22.922735	0.983698	-0.086602
12219	22.467709	1.555667	0.308338
12220	21.624297	2.473546	0.716565
12221	20.340231	3.040056	0.675569
12222	18.948532	3.017758	0.366600
12223	17.616093	2.808850	0.015025
12224	16.386469	2.673278	-0.348127
12225	15.303738	2.698551	-0.714143
12226	14.335877	2.927417	-1.102717
12227	13.451118	3.334374	-1.489836
12228	12.543441	3.687301	-1.861042
12229	11.548631	3.718998	-2.195727
12230	10.485883	3.554379	-2.458858
12231	9.442408	3.441579	-2.575897
12232	8.485632	3.458822	-2.493743
12233	7.626511	3.559389	-2.208385
12234	6.810818	3.691519	-1.759506
12235	5.981768	3.824360	-1.185634
12236	5.099031	3.903894	-0.545979
12237	4.181055	3.894008	0.113995
12238	3.269402	3.835562	0.803255
12239	2.403575	3.791911	1.543657
12240	1.572863	3.794945	2.308635
12241	0.747379	3.840905	3.040174
12242	-0.082429	3.953835	3.688869
12243	-0.915392	4.151283	4.228127
12244	-1.759849	4.442700	4.628220
12245	-2.609223	4.791569	4.874731
12246	-3.456852	5.140755	4.958457
12247	-4.272175	5.487142	4.899498
12248	-5.046347	5.847880	4.760901
12249	-5.785596	6.229302	4.605663
12250	-6.494660	6.654162	4.470683
12251	-7.183350	7.111597	4.357822
12252	-7.857833	7.583528	4.246589
12253	-8.481244	8.049667	4.164902
12254	-9.016405	8.525637	4.190223
12255	-9.460191	9.022526	4.335979
12256	-9.842749	9.464635	4.525769
12257	-10.189771	9.793606	4.689086
12258	-10.514886	10.036667	4.774359
12259	-10.819869	10.224952	4.769897
12260	-11.084277	10.369179	4.673239
