// General information: 
//  MT Manager version: 2021.4.0 
//  XDA version: 2021.4.0 build 6323 rev 112641 built on 2021-09-28
// Device information: 
//  DeviceId: 00B43859
//  ProductCode: MTW2-3A7G6
//  Firmware Version: 4.3.4
//  Hardware Version: 1.1.0
// Device settings: 
//  Filter Profile: human(46.1)
//  Option Flags: Orientation Smoother Disabled, Position/Velocity Smoother Disabled, Continuous Zero Rotation Update Disabled, AHS Disabled, ICC Disabled
// Coordinate system: ENU
PacketCounter	Roll	Pitch	Yaw
55847	-41.924425	14.408582	-24.623057
55848	-42.687072	15.331348	-24.869499
55849	-43.104846	16.220973	-24.827270
55850	-43.215402	16.606473	-24.868599
55851	-42.909158	16.434751	-24.870609
55852	-42.309124	15.779370	-24.857391
55853	-41.457297	14.846729	-24.869696
55854	-40.223453	14.037282	-24.631773
55855	-38.475578	13.458039	-24.008412
55856	-36.284192	12.929152	-23.140194
55857	-33.740204	12.263371	-22.174737
55858	-30.947491	11.410156	-21.242791
55859	-27.947197	10.376541	-20.409496
55860	-24.815993	9.247034	-19.694362
55861	-21.663760	7.997741	-19.145077
55862	-18.583820	6.546673	-18.744210
55863	-15.478961	4.903908	-18.364458
55864	-12.213888	3.234401	-17.903447
55865	-8.743688	1.698024	-17.366254
55866	-5.260113	0.175785	-16.807012
55867	-1.849257	-1.407512	-16.213041
55868	1.439707	-3.133692	-15.545587
55869	4.555197	-4.951159	-14.731560
55870	7.465198	-6.674959	-13.715119
55871	10.091061	-8.311252	-12.292686
55872	12.182656	-9.810472	-10.401992
55873	13.609091	-11.175660	-8.719519
55874	14.681994	-12.391923	-7.779495
55875	15.572468	-13.308801	-7.366411
55876	16.153888	-13.828154	-7.240422
55877	16.333982	-13.904758	-7.072768
55878	16.098619	-13.530450	-6.818241
55879	15.485778	-12.824569	-6.633333
55880	14.571857	-11.925210	-6.514368
55881	13.690553	-10.719068	-6.111585
55882	13.228217	-9.570766	-5.584933
55883	13.066476	-8.809374	-5.443402
55884	12.618535	-8.666800	-5.069141
55885	11.427531	-8.670600	-4.226001
55886	10.167678	-8.155251	-3.025572
55887	9.032195	-7.237532	-2.128182
55888	7.888478	-6.254640	-1.594340
55889	6.765042	-5.317725	-1.075662
55890	5.808761	-4.546890	-0.575334
55891	5.151515	-3.883775	-0.346581
55892	4.851617	-3.166537	-0.225544
55893	4.661948	-2.474775	-0.099747
55894	4.354958	-1.983600	0.006889
55895	3.907755	-1.718507	-0.016086
55896	3.478177	-1.535082	-0.110455
55897	3.171328	-1.283655	-0.120603
55898	2.987764	-0.940779	-0.055676
55899	2.846634	-0.562534	0.032055
55900	2.732436	-0.215193	0.173927
55901	2.618514	0.130058	0.430448
55902	2.508747	0.448076	0.721138
55903	2.400749	0.751553	0.962398
55904	2.278254	1.033596	1.063475
55905	2.097452	1.274185	1.006963
55906	1.900696	1.470401	0.835704
55907	1.709363	1.656120	0.597475
55908	1.553912	1.819474	0.342577
55909	1.398647	1.968024	0.162039
55910	1.234529	2.104485	0.063884
55911	1.032028	2.235169	0.071518
55912	0.821121	2.378555	0.208283
55913	0.580385	2.544590	0.407271
55914	0.312766	2.713472	0.603525
55915	0.003040	2.910023	0.695102
55916	-0.338509	3.124622	0.646099
55917	-0.731553	3.376877	0.496324
55918	-1.176428	3.672319	0.276352
55919	-1.694366	4.023522	0.043547
55920	-2.262305	4.418884	-0.219113
55921	-2.894968	4.852716	-0.490489
55922	-3.579834	5.315961	-0.779128
55923	-4.323373	5.786561	-1.028976
55924	-5.111247	6.273185	-1.254517
55925	-5.952246	6.773109	-1.465716
55926	-6.829917	7.281342	-1.681594
55927	-7.768277	7.820003	-1.923020
55928	-8.752381	8.381257	-2.176861
55929	-9.818005	8.979022	-2.474446
55930	-10.951451	9.593305	-2.828075
55931	-12.157641	10.202643	-3.197826
55932	-13.418361	10.827811	-3.553229
55933	-14.753865	11.504412	-3.883699
55934	-16.159995	12.224638	-4.244990
55935	-17.571788	12.990524	-4.584201
55936	-19.003612	13.835245	-4.964853
55937	-20.597094	14.655099	-5.702211
55938	-22.509481	15.233646	-7.028157
55939	-24.737125	15.371186	-8.931347
55940	-27.158975	15.106988	-11.100176
55941	-29.651288	14.710608	-13.275137
55942	-32.068028	14.499562	-15.311387
55943	-34.271199	14.566799	-17.115484
55944	-36.295678	14.813826	-18.938829
55945	-38.230664	14.982839	-20.913774
55946	-39.960200	14.898726	-22.779930
55947	-41.230900	14.752261	-24.225470
55948	-42.184650	14.675749	-25.334416
55949	-43.048528	14.633649	-26.141966
55950	-43.680061	14.745067	-26.549694
55951	-43.994738	14.637658	-26.871412
55952	-43.903444	14.168255	-27.151757
55953	-43.412565	13.313313	-27.416481
55954	-42.581722	12.278717	-27.662093
55955	-41.353974	11.370002	-27.649811
55956	-39.711375	10.761797	-27.197983
55957	-37.620154	10.459081	-26.337962
55958	-35.154655	10.319868	-25.247072
55959	-32.398746	10.129623	-24.110379
55960	-29.430373	9.770495	-23.042979
55961	-26.288719	9.221731	-22.070814
55962	-23.080022	8.430681	-21.165366
55963	-19.835624	7.380852	-20.252485
55964	-16.628109	6.087233	-19.324935
55965	-13.399868	4.650377	-18.414077
55966	-10.160634	3.134439	-17.593499
55967	-6.986203	1.539258	-16.924932
55968	-3.910963	-0.135008	-16.390491
55969	-0.935262	-1.922232	-15.919631
55970	1.946520	-3.673849	-15.395553
55971	4.678771	-5.281060	-14.738513
55972	7.212506	-6.735061	-13.742397
55973	9.474195	-8.063310	-12.186754
55974	11.335310	-9.306965	-10.260021
55975	12.679312	-10.506159	-8.567559
55976	13.575068	-11.533830	-7.568017
55977	14.202269	-12.270822	-7.225773
55978	14.615712	-12.636380	-7.140650
55979	14.762647	-12.583068	-7.013017
55980	14.543358	-12.238291	-6.759980
55981	13.981395	-11.626678	-6.396497
55982	13.182375	-10.691878	-5.823160
55983	12.508442	-9.485794	-5.130976
55984	12.074052	-8.368215	-4.823375
55985	11.606282	-7.686451	-4.955036
55986	10.703826	-7.564213	-4.800971
55987	9.551311	-7.286172	-4.238590
55988	8.431019	-6.568932	-3.766618
55989	7.329706	-5.588499	-3.611447
55990	6.172802	-4.681612	-3.538104
55991	5.135410	-3.920769	-3.291648
55992	4.427100	-3.220565	-2.910321
55993	4.066175	-2.462742	-2.349478
55994	3.877185	-1.708041	-1.675089
55995	3.626033	-1.160132	-1.123599
55996	3.249773	-0.817092	-0.908824
55997	2.819302	-0.565798	-0.891616
55998	2.510222	-0.284770	-0.911775
55999	2.297280	0.068408	-0.967938
56000	2.113948	0.425504	-1.077958
56001	1.950000	0.810817	-1.160162
56002	1.813705	1.189710	-1.085830
56003	1.669865	1.549991	-0.860499
56004	1.522390	1.875873	-0.614452
56005	1.327115	2.179322	-0.430631
56006	1.116599	2.448332	-0.331169
56007	0.893264	2.678781	-0.328459
56008	0.676952	2.857914	-0.436958
56009	0.480119	3.020351	-0.626541
56010	0.301266	3.164679	-0.844068
56011	0.084501	3.319098	-1.069759
56012	-0.155668	3.474339	-1.247949
56013	-0.421369	3.653676	-1.362368
56014	-0.689951	3.848618	-1.374587
56015	-0.988742	4.070238	-1.326899
56016	-1.334730	4.284310	-1.331579
56017	-1.727798	4.511231	-1.439436
56018	-2.167741	4.727895	-1.688997
56019	-2.687320	4.981408	-2.103909
56020	-3.278740	5.262051	-2.632042
56021	-3.954114	5.575427	-3.226576
56022	-4.668684	5.927330	-3.759790
56023	-5.447120	6.315712	-4.173773
56024	-6.282615	6.744183	-4.485076
56025	-7.191537	7.222608	-4.694627
56026	-8.163128	7.747854	-4.847268
56027	-9.216724	8.308925	-5.018129
56028	-10.325530	8.892875	-5.229185
56029	-11.505325	9.505116	-5.499467
56030	-12.743872	10.153726	-5.825238
56031	-14.070611	10.834733	-6.220927
56032	-15.449273	11.547594	-6.645513
56033	-16.865143	12.268712	-7.077244
56034	-18.317486	12.995286	-7.593287
56035	-19.881445	13.681909	-8.326555
56036	-21.690254	14.255425	-9.384808
56037	-23.874276	14.531854	-10.940352
56038	-26.314830	14.453446	-12.864970
56039	-28.774627	14.212081	-14.809485
56040	-31.143511	14.051728	-16.625818
56041	-33.354918	14.045737	-18.326225
56042	-35.417728	14.245650	-19.832212
56043	-37.414733	14.548895	-21.464754
56044	-39.350368	14.775594	-23.301735
56045	-40.922474	14.881950	-24.983868
56046	-41.984833	15.056086	-26.250482
56047	-42.824828	15.243403	-27.218825
56048	-43.608487	15.397245	-27.798325
56049	-44.114736	15.483291	-28.079876
56050	-44.215636	15.324864	-28.261615
56051	-43.857674	14.787515	-28.362063
56052	-43.201234	13.843196	-28.494800
56053	-42.249732	12.755106	-28.606483
56054	-40.925047	11.876025	-28.437185
56055	-39.175338	11.332098	-27.882962
56056	-37.104030	11.009770	-27.073234
56057	-34.762597	10.735083	-26.128335
56058	-32.196924	10.418904	-25.113485
56059	-29.453319	9.980805	-24.074205
56060	-26.605822	9.432253	-23.005441
56061	-23.713159	8.740993	-21.873349
56062	-20.732554	7.940227	-20.568284
56063	-17.677612	6.983443	-19.101484
56064	-14.615234	5.913780	-17.542316
56065	-11.500424	4.741785	-15.969771
56066	-8.420293	3.421900	-14.403869
56067	-5.418427	1.933487	-12.813250
56068	-2.625924	0.263776	-11.363973
56069	-0.101284	-1.458474	-10.214647
56070	2.176556	-3.088616	-9.383186
56071	4.258123	-4.607417	-8.660692
56072	6.117609	-5.954963	-7.764451
56073	7.644485	-7.029621	-6.628789
56074	8.730242	-7.896506	-5.510722
56075	9.399957	-8.585668	-4.642814
56076	9.754402	-9.065567	-3.989503
56077	9.830682	-9.275535	-3.526138
56078	9.683771	-9.234159	-3.219472
56079	9.345984	-9.003144	-2.943403
56080	8.933939	-8.444147	-2.460246
56081	8.576577	-7.470822	-1.591471
56082	8.294640	-6.401019	-1.062057
56083	7.957937	-5.753067	-1.277303
56084	7.372250	-5.721737	-1.305746
56085	6.535952	-5.483651	-0.980717
56086	5.516027	-4.868126	-0.944255
56087	4.432469	-4.034330	-1.223589
56088	3.482931	-3.237951	-1.545741
56089	2.846932	-2.481691	-1.632171
56090	2.667578	-1.710100	-1.269058
56091	2.627143	-0.982579	-0.607093
56092	2.435205	-0.408461	0.053363
56093	2.086189	0.012726	0.475091
56094	1.682724	0.285569	0.587601
56095	1.347267	0.514543	0.466020
56096	1.115570	0.718752	0.150641
56097	0.935641	0.930395	-0.256662
56098	0.787099	1.125382	-0.609833
56099	0.629658	1.302935	-0.851470
56100	0.484026	1.467869	-0.986907
56101	0.340183	1.626754	-1.032437
56102	0.224424	1.787004	-1.005202
56103	0.094960	1.933658	-0.883109
56104	-0.041066	2.069413	-0.692021
56105	-0.184406	2.214601	-0.449730
56106	-0.298144	2.347836	-0.127447
56107	-0.422267	2.479456	0.149413
56108	-0.561620	2.605083	0.314336
56109	-0.757363	2.722566	0.363498
56110	-0.965088	2.832897	0.335301
56111	-1.182856	2.967766	0.368071
56112	-1.395469	3.136671	0.544441
56113	-1.647045	3.353747	0.819778
56114	-1.914898	3.609871	1.141251
56115	-2.225163	3.908399	1.428485
56116	-2.603428	4.228244	1.566913
56117	-3.071549	4.561355	1.508441
56118	-3.599397	4.899479	1.306849
56119	-4.196701	5.277070	1.041702
56120	-4.841652	5.682634	0.796084
56121	-5.534910	6.127863	0.602119
56122	-6.269865	6.609223	0.477208
56123	-7.069191	7.135570	0.366264
56124	-7.920132	7.685869	0.208786
56125	-8.835948	8.246764	0.007769
56126	-9.811139	8.809116	-0.250166
56127	-10.878227	9.393045	-0.563564
56128	-12.034563	9.982289	-0.951641
56129	-13.262857	10.594681	-1.408287
56130	-14.586800	11.231406	-1.950374
56131	-15.992691	11.904805	-2.554849
56132	-17.466447	12.623527	-3.165483
56133	-18.997677	13.418214	-3.800654
56134	-20.617328	14.244292	-4.612414
56135	-22.422913	14.967680	-5.815821
56136	-24.456580	15.397843	-7.475845
56137	-26.683392	15.444514	-9.472099
56138	-29.062004	15.197502	-11.599095
56139	-31.459538	14.955664	-13.649099
56140	-33.724049	14.929370	-15.468589
56141	-35.764949	15.121976	-17.136966
56142	-37.689707	15.377542	-18.891868
56143	-39.509853	15.501814	-20.663084
56144	-41.007514	15.507694	-22.180631
56145	-42.098453	15.526213	-23.300892
56146	-43.060567	15.581518	-24.217391
56147	-43.880058	15.773683	-24.865918
56148	-44.429322	15.871845	-25.468220
56149	-44.545775	15.616231	-26.049144
56150	-44.285159	14.824830	-26.571746
56151	-43.754500	13.590460	-27.064368
56152	-42.939903	12.278681	-27.380854
56153	-41.739593	11.204966	-27.328989
56154	-40.161460	10.429138	-26.922606
56155	-38.212086	9.898081	-26.242844
56156	-35.927272	9.498008	-25.427282
56157	-33.301747	9.129733	-24.554398
56158	-30.391218	8.731295	-23.618791
56159	-27.302797	8.223055	-22.558033
56160	-24.117901	7.581398	-21.327047
56161	-20.787551	6.853841	-19.865895
56162	-17.383546	5.944806	-18.283134
56163	-13.951560	4.847281	-16.701178
56164	-10.505517	3.590230	-15.217005
56165	-7.135149	2.073703	-13.825198
56166	-3.939220	0.301479	-12.621188
56167	-0.986449	-1.615216	-11.834079
56168	1.747496	-3.514535	-11.527242
56169	4.373159	-5.244463	-11.498735
56170	6.938941	-6.770460	-11.213151
56171	9.277656	-8.083533	-10.215668
56172	11.121070	-9.277610	-8.773035
56173	12.431744	-10.380275	-7.645575
56174	13.352098	-11.272384	-6.933722
56175	13.962724	-11.868231	-6.535480
56176	14.308793	-12.152101	-6.465587
56177	14.441471	-12.109305	-6.579662
56178	14.323497	-11.747114	-6.730224
56179	13.892148	-11.083607	-6.823541
56180	13.202284	-10.134308	-6.642880
56181	12.548329	-8.874899	-6.201067
56182	12.063054	-7.648655	-6.013760
56183	11.476026	-6.900179	-6.260166
56184	10.442852	-6.890728	-6.121603
56185	9.231986	-6.755134	-5.346222
56186	8.119895	-6.126338	-4.485272
56187	7.054560	-5.220676	-3.914215
56188	5.986794	-4.259989	-3.526980
56189	4.997850	-3.400508	-3.170154
56190	4.308200	-2.660405	-2.886324
56191	3.996610	-1.928793	-2.607949
56192	3.882998	-1.281980	-2.188858
56193	3.730088	-0.803464	-1.708761
56194	3.453128	-0.464782	-1.366540
56195	3.066277	-0.169634	-1.254438
56196	2.730612	0.132930	-1.330335
56197	2.484263	0.457027	-1.494167
56198	2.332391	0.775155	-1.692801
56199	2.249395	1.098457	-1.831095
56200	2.234478	1.428292	-1.803638
56201	2.197723	1.769833	-1.647875
56202	2.109612	2.077639	-1.490573
56203	1.944151	2.360039	-1.432690
56204	1.755556	2.599503	-1.494357
56205	1.542157	2.812566	-1.682189
56206	1.359836	2.991770	-1.946280
56207	1.197756	3.170126	-2.189617
56208	1.042679	3.333984	-2.405237
56209	0.841077	3.506459	-2.611271
56210	0.620985	3.694144	-2.777220
56211	0.376921	3.919036	-2.895808
56212	0.102778	4.156771	-3.003363
56213	-0.248730	4.403229	-3.149722
56214	-0.651371	4.676472	-3.333271
56215	-1.115592	4.979351	-3.570379
56216	-1.616700	5.291007	-3.857523
56217	-2.181562	5.633292	-4.189612
56218	-2.813382	5.996309	-4.563546
56219	-3.529642	6.403021	-4.977442
56220	-4.315183	6.818744	-5.427579
56221	-5.184035	7.238104	-5.910306
56222	-6.091474	7.650667	-6.374571
56223	-7.055201	8.078937	-6.780343
56224	-8.067875	8.532175	-7.102233
56225	-9.158255	9.021018	-7.364941
56226	-10.296900	9.545345	-7.595880
56227	-11.487429	10.119359	-7.800367
56228	-12.742330	10.734289	-8.013901
56229	-14.081170	11.384850	-8.272793
56230	-15.479394	12.068734	-8.577004
56231	-16.945385	12.781183	-8.998008
56232	-18.506779	13.472430	-9.681637
56233	-20.196899	14.080484	-10.634145
56234	-22.114060	14.488560	-11.910139
56235	-24.316735	14.612378	-13.487769
56236	-26.780031	14.425260	-15.311895
56237	-29.342008	14.116655	-17.087076
56238	-31.791838	14.032703	-18.518905
56239	-33.954858	14.297723	-19.733723
56240	-35.826926	14.869249	-20.702044
56241	-37.593561	15.571367	-21.651107
56242	-39.373375	16.233190	-22.976666
56243	-40.924140	16.800367	-24.416214
56244	-42.086876	17.334935	-25.477664
56245	-42.987596	17.819871	-26.275530
56246	-43.723771	18.175296	-26.590481
56247	-44.153096	18.299546	-26.652088
56248	-44.242548	17.988177	-26.785106
56249	-43.942175	17.178365	-26.947376
56250	-43.407407	15.945356	-27.214129
56251	-42.624275	14.628133	-27.446767
56252	-41.510937	13.575352	-27.383450
56253	-40.057980	12.825273	-26.934472
56254	-38.327989	12.276567	-26.206029
56255	-36.342016	11.790523	-25.372169
56256	-34.146788	11.210306	-24.522475
56257	-31.741569	10.479081	-23.707395
56258	-29.241740	9.524128	-23.028129
56259	-26.757512	8.305651	-22.476253
56260	-24.217848	7.010970	-21.989210
56261	-21.507376	5.712277	-21.442327
56262	-18.509334	4.502120	-20.618671
56263	-15.191751	3.418023	-19.465866
56264	-11.781544	2.361652	-18.179265
56265	-8.540564	1.247813	-16.961704
56266	-5.594767	-0.037619	-15.759867
56267	-2.835018	-1.430607	-14.438752
56268	-0.180391	-2.760083	-13.073907
56269	2.314736	-3.997307	-11.739423
56270	4.567615	-5.226502	-10.422021
56271	6.621294	-6.434459	-9.065253
56272	8.443960	-7.576996	-7.724610
56273	9.874890	-8.564758	-6.549313
56274	10.834103	-9.319875	-5.698670
56275	11.437212	-9.901208	-5.282774
56276	11.835516	-10.321168	-5.192306
56277	12.055773	-10.469725	-5.210880
56278	12.037369	-10.278570	-5.214970
56279	11.737788	-9.741876	-5.094985
56280	11.182786	-8.867836	-4.710816
56281	10.682087	-7.692289	-4.160530
56282	10.269299	-6.732872	-4.062895
56283	9.693951	-6.337603	-4.208345
56284	8.712160	-6.447829	-3.863464
56285	7.634569	-6.202667	-3.086442
56286	6.616273	-5.513414	-2.318218
56287	5.653439	-4.559131	-1.725055
56288	4.685866	-3.655373	-1.396762
56289	3.827219	-2.906211	-1.133349
56290	3.282236	-2.215590	-0.896289
56291	2.986255	-1.501628	-0.678329
56292	2.776753	-0.835980	-0.524402
56293	2.463127	-0.335411	-0.569260
56294	2.034878	-0.013133	-0.841672
56295	1.604599	0.273524	-1.145613
56296	1.288196	0.591882	-1.364646
56297	1.057998	0.967582	-1.477950
56298	0.863852	1.330462	-1.362106
56299	0.644034	1.663092	-1.029697
56300	0.393955	1.950130	-0.570844
56301	0.147506	2.220644	-0.090576
56302	-0.087483	2.412805	0.265858
56303	-0.321870	2.559911	0.479022
56304	-0.538878	2.654678	0.616702
56305	-0.761646	2.730189	0.721477
56306	-0.965664	2.781880	0.851963
56307	-1.152367	2.863310	1.008543
56308	-1.291967	2.968678	1.240489
56309	-1.438115	3.088896	1.489476
56310	-1.599328	3.286473	1.500324
56311	-1.801508	3.428400	1.793345
56312	-2.014885	3.575092	2.004384
56313	-2.291980	3.779952	2.110250
56314	-2.562117	4.002960	2.195067
56315	-2.891343	4.288485	2.163478
56316	-3.305395	4.604715	2.028990
56317	-3.828576	4.940436	1.797685
56318	-4.411349	5.317847	1.549141
56319	-5.085697	5.741516	1.293919
56320	-5.821598	6.214370	1.075944
56321	-6.640514	6.743607	0.886256
56322	-7.537052	7.298358	0.685091
56323	-8.511754	7.879306	0.456812
56324	-9.529067	8.457222	0.191196
56325	-10.599432	9.057193	-0.100861
56326	-11.716762	9.688778	-0.422068
56327	-12.893179	10.362418	-0.807287
56328	-14.134468	11.074976	-1.267525
56329	-15.511980	11.787267	-1.844319
56330	-16.996016	12.457824	-2.542835
56331	-18.502300	13.150987	-3.188538
56332	-20.079335	13.946932	-3.905038
56333	-21.916252	14.663454	-5.023178
56334	-24.114586	14.939575	-6.759784
56335	-26.471982	14.758622	-8.763183
56336	-28.878539	14.339252	-10.700761
56337	-31.308443	13.974598	-12.500205
56338	-33.633263	13.914518	-14.106515
56339	-35.761742	14.142101	-15.482484
56340	-37.754296	14.517781	-16.869020
56341	-39.721117	14.841087	-18.398449
56342	-41.492018	15.087513	-19.798011
56343	-42.834934	15.396651	-20.863520
56344	-44.004921	15.674223	-21.768278
56345	-45.053971	15.944577	-22.514524
56346	-45.803440	16.068805	-23.119019
56347	-46.127997	15.717819	-23.768578
56348	-46.013606	14.799038	-24.404793
56349	-45.588349	13.401683	-25.127246
56350	-44.837347	11.907062	-25.860982
56351	-43.644487	10.684513	-26.305222
56352	-42.057900	9.779566	-26.409199
56353	-40.140518	9.047161	-26.271494
56354	-37.945773	8.393226	-25.978337
56355	-35.491739	7.741803	-25.656008
56356	-32.790413	7.071255	-25.327649
56357	-29.859953	6.392129	-24.884727
56358	-26.804077	5.638709	-24.303351
56359	-23.659035	4.822041	-23.556584
56360	-20.382198	4.043367	-22.547203
56361	-16.914286	3.344193	-21.217532
56362	-13.302996	2.659764	-19.638208
56363	-9.702987	1.790557	-17.879214
56364	-6.301995	0.627540	-16.172317
56365	-3.184559	-0.852641	-14.714374
56366	-0.276354	-2.488654	-13.502611
56367	2.468546	-4.147764	-12.524766
56368	5.041138	-5.733128	-11.660976
56369	7.416781	-7.186303	-10.612088
56370	9.416774	-8.441001	-9.340334
56371	10.937919	-9.566279	-8.115785
56372	11.999074	-10.582242	-7.243229
56373	12.684339	-11.362292	-6.726650
56374	13.062917	-11.850915	-6.354409
56375	13.179183	-11.976554	-6.005742
56376	12.967581	-11.711687	-5.575596
56377	12.358725	-10.993604	-5.031323
56378	11.574428	-9.813776	-4.388744
56379	11.015225	-8.484185	-3.917656
56380	10.631535	-7.505651	-4.271512
56381	10.109481	-7.293143	-4.583084
56382	9.106703	-7.295558	-4.388445
56383	8.019605	-6.744151	-3.967731
56384	6.925125	-5.855921	-3.730270
56385	5.830187	-4.914355	-3.588855
56386	4.814348	-4.075136	-3.310008
56387	4.010504	-3.378959	-2.854404
56388	3.551446	-2.729650	-2.370271
56389	3.343677	-2.076757	-1.812311
56390	3.220335	-1.538535	-1.195955
56391	2.989468	-1.143896	-0.666198
56392	2.705720	-0.783051	-0.244209
56393	2.443614	-0.398754	0.039246
56394	2.206749	-0.013204	0.029279
56395	1.931545	0.319131	-0.249713
56396	1.662016	0.580331	-0.631240
56397	1.447052	0.835827	-0.922271
56398	1.280394	1.103288	-1.105999
56399	1.105478	1.380272	-1.220232
56400	0.924314	1.632231	-1.291710
56401	0.727768	1.884175	-1.312908
56402	0.544881	2.123001	-1.300778
56403	0.385013	2.371280	-1.280338
56404	0.262935	2.614648	-1.234749
56405	0.125773	2.859875	-1.153071
56406	-0.052234	3.069101	-1.107493
56407	-0.278518	3.273446	-1.115820
56408	-0.521727	3.493884	-1.094413
56409	-0.803945	3.730936	-1.022729
56410	-1.103009	3.975368	-0.983569
56411	-1.438114	4.246928	-0.991756
56412	-1.823693	4.526712	-1.084826
56413	-2.283496	4.835648	-1.223011
56414	-2.800052	5.163020	-1.394477
56415	-3.394659	5.525291	-1.624261
56416	-4.065078	5.921656	-1.890823
56417	-4.806713	6.372511	-2.187757
56418	-5.608920	6.850417	-2.488655
56419	-6.482555	7.364819	-2.783264
56420	-7.427503	7.886597	-3.077513
56421	-8.452173	8.411917	-3.392107
56422	-9.526707	8.961654	-3.689247
56423	-10.668347	9.558698	-3.981265
56424	-11.874968	10.179873	-4.274999
56425	-13.147896	10.841013	-4.603900
56426	-14.479892	11.511415	-5.005763
56427	-15.891666	12.187580	-5.420866
56428	-17.386800	12.849486	-5.912565
56429	-18.853182	13.548845	-6.383064
56430	-20.398730	14.237835	-6.967925
56431	-22.164928	14.869765	-7.892429
56432	-24.256547	15.228764	-9.198336
56433	-26.658696	15.150976	-10.975695
56434	-29.222809	14.701491	-12.937064
56435	-31.745525	14.237169	-14.754924
56436	-34.069980	14.026903	-16.431864
56437	-36.127256	14.151432	-17.795554
56438	-38.017417	14.499077	-19.046982
56439	-39.854820	14.855445	-20.453011
56440	-41.460098	15.152626	-21.795675
56441	-42.579555	15.498528	-22.721257
56442	-43.517039	15.842676	-23.396078
56443	-44.356072	16.203208	-23.793237
56444	-44.899462	16.533455	-23.949419
56445	-45.047967	16.582824	-24.101489
56446	-44.747934	16.224658	-24.221360
56447	-44.146675	15.372332	-24.405248
56448	-43.286246	14.263096	-24.589792
56449	-42.027445	13.299515	-24.499189
56450	-40.355219	12.568769	-24.056420
56451	-38.346736	11.941340	-23.417754
56452	-36.105442	11.261635	-22.766694
56453	-33.693584	10.419019	-22.231998
56454	-31.138460	9.437878	-21.840273
56455	-28.426319	8.370375	-21.504578
56456	-25.625625	7.195247	-21.146563
56457	-22.743889	5.923824	-20.703689
56458	-19.720028	4.653969	-20.152220
56459	-16.507646	3.445465	-19.483207
56460	-13.156576	2.308105	-18.670551
56461	-9.747493	1.201861	-17.633120
56462	-6.437178	-0.006920	-16.682841
56463	-3.288378	-1.443910	-15.825483
56464	-0.300467	-2.999741	-14.811109
56465	2.469036	-4.538143	-13.563306
56466	4.884357	-5.957320	-12.011813
56467	6.871582	-7.246556	-10.193714
56468	8.380896	-8.355338	-8.342546
56469	9.355477	-9.363623	-6.935676
56470	9.896780	-10.175485	-6.134609
56471	10.114268	-10.667762	-5.764285
56472	10.114228	-10.780390	-5.679272
56473	9.914587	-10.532442	-5.734577
56474	9.518320	-9.817485	-5.833761
56475	8.935786	-8.659856	-5.792781
56476	8.486877	-7.320004	-5.592170
56477	7.998945	-6.479711	-5.926978
56478	7.362943	-6.458235	-5.982425
56479	6.433531	-6.563795	-5.192777
56480	5.457434	-6.006063	-4.202798
56481	4.400266	-5.069161	-3.383897
56482	3.324360	-4.159294	-2.913125
56483	2.403424	-3.424599	-2.743147
56484	1.916855	-2.725430	-2.538680
56485	1.785808	-1.954071	-2.084725
56486	1.655900	-1.258998	-1.651816
56487	1.346058	-0.716542	-1.490988
56488	0.944135	-0.328323	-1.507705
56489	0.570826	0.010136	-1.572887
56490	0.315663	0.349553	-1.647353
56491	0.144386	0.712240	-1.665057
56492	-0.008679	1.041627	-1.561896
56493	-0.208779	1.325743	-1.345379
56494	-0.405554	1.582931	-1.077177
56495	-0.572045	1.862892	-0.772728
56496	-0.719667	2.119712	-0.507223
56497	-0.908953	2.325229	-0.391379
56498	-1.126244	2.463580	-0.411237
56499	-1.353996	2.595751	-0.529882
56500	-1.563969	2.748096	-0.662611
56501	-1.784225	2.924069	-0.791967
56502	-2.010550	3.077250	-0.883605
56503	-2.263709	3.217519	-0.916394
56504	-2.524773	3.349505	-0.907705
56505	-2.814270	3.501311	-0.873000
56506	-3.115607	3.655706	-0.796479
56507	-3.439099	3.821198	-0.652242
56508	-3.757159	3.986971	-0.440245
56509	-4.105938	4.200582	-0.252242
56510	-4.499691	4.464378	-0.162452
56511	-4.957389	4.776350	-0.214274
56512	-5.465664	5.098970	-0.407495
56513	-6.038796	5.447076	-0.701853
56514	-6.661905	5.825118	-1.017772
56515	-7.373298	6.249747	-1.292014
56516	-8.155155	6.719642	-1.514501
56517	-9.011455	7.235431	-1.692232
56518	-9.912185	7.784209	-1.869654
56519	-10.899533	8.358111	-2.096603
56520	-11.960897	8.961835	-2.362902
56521	-13.091609	9.601974	-2.665890
56522	-14.273936	10.258832	-3.024601
56523	-15.497226	10.936929	-3.416251
56524	-16.797038	11.626398	-3.899835
56525	-18.151376	12.343724	-4.428567
56526	-19.564088	13.093944	-4.997923
56527	-21.162621	13.800051	-5.856874
56528	-23.081111	14.264335	-7.259085
56529	-25.257733	14.362020	-9.049162
56530	-27.543460	14.147324	-11.013037
56531	-29.840678	13.817742	-12.907295
56532	-32.061337	13.655197	-14.645559
56533	-34.122401	13.761180	-16.213396
56534	-36.040440	14.095100	-17.671626
56535	-37.895434	14.492547	-19.270534
56536	-39.705450	14.753902	-20.982934
56537	-41.229761	14.872110	-22.542054
56538	-42.338089	14.929682	-23.734831
56539	-43.260754	14.915547	-24.645432
56540	-44.079837	14.969447	-25.179882
56541	-44.582886	15.047544	-25.492223
56542	-44.746373	14.722687	-25.917298
56543	-44.513166	13.805206	-26.418824
56544	-44.015586	12.443733	-27.050768
56545	-43.213577	11.098525	-27.604775
56546	-42.026592	10.135289	-27.719127
56547	-40.398794	9.629728	-27.329590
56548	-38.402693	9.398208	-26.625534
56549	-36.145367	9.182801	-25.807683
56550	-33.713719	8.825349	-25.011436
56551	-31.109369	8.293552	-24.259494
56552	-28.383849	7.596314	-23.548804
56553	-25.589011	6.735807	-22.871742
56554	-22.689976	5.803322	-22.152322
56555	-19.573293	4.880809	-21.264894
56556	-16.368694	3.820931	-20.246861
56557	-13.130543	2.705733	-19.136073
56558	-9.909116	1.518340	-17.974922
56559	-6.765589	0.223206	-16.841804
56560	-3.742224	-1.156034	-15.713056
56561	-0.890080	-2.628973	-14.562111
56562	1.755587	-4.106392	-13.462490
56563	4.214130	-5.514673	-12.415071
56564	6.517728	-6.814382	-11.350054
56565	8.601324	-7.951921	-10.207266
56566	10.347862	-8.919296	-9.032655
56567	11.688708	-9.768789	-8.148832
56568	12.714451	-10.468988	-7.654521
56569	13.483627	-10.935329	-7.519372
56570	14.006790	-11.106146	-7.632701
56571	14.267212	-10.923966	-7.783527
56572	14.204748	-10.440961	-7.899111
56573	13.795840	-9.701808	-7.929166
56574	13.152478	-8.688184	-7.664799
56575	12.661940	-7.538936	-7.088702
56576	12.385384	-6.652436	-6.736022
56577	11.819470	-6.401526	-6.388643
56578	10.664166	-6.665988	-5.176139
56579	9.502897	-6.389291	-3.381096
56580	8.421899	-5.650247	-1.854255
56581	7.346370	-4.758390	-0.758155
56582	6.280475	-3.872569	0.038118
56583	5.311486	-3.062010	0.537021
56584	4.580254	-2.344973	0.633267
56585	4.154047	-1.651158	0.596681
56586	3.867260	-1.005167	0.474863
56587	3.483925	-0.462359	0.241689
56588	2.966247	-0.103307	-0.109677
56589	2.466670	0.203659	-0.476283
56590	2.144582	0.541882	-0.657351
56591	1.966797	0.942199	-0.479840
56592	1.855759	1.388920	-0.018282
56593	1.683309	1.811177	0.650967
56594	1.484362	2.167998	1.377005
56595	1.244214	2.474932	1.999052
56596	0.987859	2.729846	2.446411
56597	0.706542	2.952326	2.652128
56598	0.419355	3.120275	2.668517
56599	0.113730	3.245684	2.587279
56600	-0.160930	3.349892	2.488014
56601	-0.401050	3.473039	2.485191
56602	-0.619676	3.596723	2.616639
56603	-0.850834	3.766200	2.850478
56604	-1.075046	3.949134	3.157799
56605	-1.301437	4.166903	3.469821
56606	-1.554523	4.399706	3.688964
56607	-1.862037	4.657936	3.767926
56608	-2.222478	4.914813	3.678350
56609	-2.653386	5.188862	3.460509
56610	-3.137961	5.487200	3.190760
56611	-3.686929	5.826934	2.905099
56612	-4.284036	6.213664	2.645705
56613	-4.954720	6.662132	2.395011
56614	-5.687308	7.156012	2.130353
56615	-6.506637	7.687261	1.779098
56616	-7.396693	8.242113	1.356598
56617	-8.373012	8.833747	0.873682
56618	-9.408065	9.443954	0.379246
56619	-10.498189	10.098091	-0.096196
56620	-11.637551	10.804083	-0.542876
56621	-12.833020	11.555846	-0.957598
56622	-14.095610	12.342779	-1.387203
56623	-15.408847	13.184087	-1.840736
56624	-16.811702	14.014891	-2.394406
56625	-18.292753	14.831899	-3.132387
56626	-19.868942	15.591965	-4.076082
56627	-21.754431	16.110813	-5.477184
56628	-24.005770	16.222288	-7.395446
56629	-26.470624	15.946112	-9.476566
56630	-29.023359	15.506847	-11.511272
56631	-31.502240	15.210694	-13.405595
56632	-33.757951	15.252929	-15.132280
56633	-35.771351	15.568532	-16.697856
56634	-37.724216	16.000515	-18.410734
56635	-39.628931	16.312712	-20.317573
56636	-41.266285	16.458411	-22.115585
56637	-42.456484	16.540527	-23.546135
56638	-43.441842	16.589425	-24.713688
56639	-44.308095	16.665071	-25.437140
56640	-44.878558	16.767261	-25.810864
56641	-45.059403	16.553199	-26.210190
56642	-44.828715	15.799018	-26.639718
56643	-44.309866	14.541921	-27.165722
56644	-43.509641	13.145292	-27.668738
56645	-42.358273	11.958891	-27.894235
56646	-40.851788	11.081547	-27.728750
56647	-38.997501	10.465895	-27.256807
56648	-36.857025	9.939436	-26.652827
56649	-34.468958	9.322387	-26.069162
56650	-31.894890	8.539233	-25.621569
56651	-29.143824	7.636004	-25.198324
56652	-26.262958	6.643415	-24.641996
56653	-23.229482	5.624774	-23.849126
56654	-20.009076	4.656813	-22.753572
56655	-16.607698	3.696591	-21.337666
56656	-13.093605	2.724734	-19.709475
56657	-9.568500	1.659673	-18.031277
56658	-6.176216	0.400374	-16.421914
56659	-2.985878	-1.154067	-14.927598
56660	-0.064747	-2.954172	-13.608131
56661	2.622799	-4.824157	-12.469547
56662	5.158934	-6.528689	-11.382654
56663	7.418112	-7.991234	-10.062810
56664	9.154069	-9.207276	-8.700615
56665	10.417432	-10.264913	-7.782489
56666	11.395460	-11.081258	-7.378583
56667	12.060974	-11.621509	-7.296430
56668	12.450686	-11.896767	-7.313511
56669	12.551488	-11.850452	-7.233082
56670	12.304559	-11.233602	-7.084352
56671	11.640105	-10.081833	-6.809949
56672	11.063030	-8.656963	-6.267380
56673	10.633498	-7.584762	-6.490449
56674	10.115309	-7.404054	-6.822115
56675	9.140696	-7.483909	-6.372852
56676	8.050401	-6.873822	-5.622827
56677	6.855964	-5.949191	-5.160452
56678	5.646266	-5.043126	-4.953073
56679	4.501770	-4.241423	-4.865917
56680	3.603361	-3.543755	-4.635789
56681	3.062768	-2.791001	-4.173255
56682	2.693069	-2.048847	-3.573641
56683	2.300249	-1.476289	-3.050120
56684	1.849431	-1.107925	-2.721014
56685	1.395271	-0.811537	-2.508048
56686	1.037612	-0.521391	-2.325115
56687	0.750932	-0.235248	-2.175150
56688	0.520844	0.072261	-1.997445
56689	0.330411	0.424353	-1.688299
56690	0.197775	0.776753	-1.203967
56691	0.067024	1.127514	-0.611061
56692	-0.124359	1.440863	-0.069770
56693	-0.383587	1.713043	0.298104
56694	-0.662059	1.952941	0.493419
56695	-0.943819	2.185771	0.536180
56696	-1.210220	2.387548	0.508302
56697	-1.474081	2.563565	0.489219
56698	-1.728864	2.706915	0.547836
56699	-1.980206	2.876699	0.691621
56700	-2.223952	3.045383	0.894038
56701	-2.484308	3.221153	1.167872
56702	-2.752782	3.398675	1.441890
56703	-3.036422	3.601038	1.726334
56704	-3.309645	3.846415	1.988503
56705	-3.614048	4.131849	2.166755
56706	-3.955898	4.445927	2.236212
56707	-4.371466	4.795545	2.180742
56708	-4.858365	5.162700	1.986133
56709	-5.430267	5.553447	1.695080
56710	-6.080688	5.971637	1.353251
56711	-6.801655	6.428112	1.032620
56712	-7.601425	6.911672	0.704856
56713	-8.475301	7.435300	0.369104
56714	-9.407161	7.986990	0.039395
56715	-10.409867	8.580344	-0.274392
56716	-11.452677	9.224683	-0.571336
56717	-12.562365	9.898896	-0.900454
56718	-13.739115	10.599357	-1.306863
56719	-15.027566	11.308440	-1.860879
56720	-16.394170	12.008573	-2.585413
56721	-17.798084	12.696041	-3.314294
56722	-19.276915	13.365218	-4.126141
56723	-20.845170	14.020302	-5.100829
56724	-22.701530	14.477078	-6.459946
56725	-24.947102	14.549960	-8.321708
56726	-27.500366	14.123176	-10.543802
56727	-30.145392	13.407708	-12.749720
56728	-32.691444	12.777610	-14.748909
56729	-34.979550	12.448421	-16.477684
56730	-36.965574	12.494949	-17.926049
56731	-38.787254	12.742995	-19.400917
56732	-40.554574	13.020056	-20.927173
56733	-42.004265	13.322727	-22.184542
56734	-43.022767	13.817844	-23.041375
56735	-43.872831	14.384156	-23.648801
56736	-44.587426	15.031457	-23.973063
56737	-44.986046	15.489348	-24.184380
56738	-45.026497	15.450469	-24.477225
56739	-44.656994	14.831058	-24.806350
56740	-44.019992	13.730743	-25.259795
56741	-43.105588	12.452512	-25.760629
56742	-41.841917	11.313160	-26.085785
56743	-40.232511	10.355807	-26.138506
56744	-38.368059	9.466788	-26.020108
56745	-36.249465	8.594905	-25.810768
56746	-33.907293	7.727220	-25.585721
56747	-31.357148	6.832743	-25.364619
56748	-28.641228	5.937254	-25.119801
56749	-25.790673	5.047685	-24.777787
56750	-22.832364	4.164365	-24.274609
56751	-19.673417	3.348138	-23.488347
56752	-16.309206	2.535283	-22.290144
56753	-12.841815	1.681672	-20.777802
56754	-9.327037	0.759425	-19.166901
56755	-5.850526	-0.324623	-17.636140
56756	-2.603902	-1.621111	-16.283738
56757	0.316054	-3.131136	-15.202308
56758	3.014988	-4.669392	-14.436910
56759	5.550685	-6.100637	-13.905906
56760	7.898502	-7.351364	-13.341687
56761	9.963376	-8.414688	-12.587219
56762	11.665342	-9.337130	-11.675018
56763	12.954848	-10.150946	-10.859744
56764	13.816086	-10.833156	-10.302265
56765	14.320342	-11.279575	-9.997755
56766	14.521223	-11.389379	-9.827419
56767	14.390569	-11.141697	-9.669394
56768	13.918677	-10.588518	-9.511147
56769	13.163585	-9.684861	-9.204420
56770	12.406976	-8.511929	-8.757015
56771	11.874762	-7.455024	-8.409595
56772	11.404284	-6.846496	-8.389772
56773	10.529794	-6.891240	-7.993087
56774	9.341809	-6.867896	-7.079082
56775	8.229884	-6.345447	-6.042304
56776	7.231748	-5.493824	-5.201492
56777	6.276859	-4.542909	-4.690449
56778	5.345921	-3.747718	-4.441826
56779	4.611202	-3.070603	-4.375093
56780	4.153290	-2.462427	-4.333232
56781	3.898397	-1.848532	-4.111763
56782	3.648381	-1.309355	-3.872937
56783	3.236830	-0.922632	-3.834087
56784	2.756966	-0.665976	-3.911620
56785	2.358279	-0.412521	-3.915681
56786	2.064969	-0.122769	-3.939296
56787	1.828214	0.197529	-3.954165
56788	1.643437	0.464822	-3.836279
56789	1.488285	0.709258	-3.509520
56790	1.346020	0.950417	-3.070259
56791	1.180315	1.208513	-2.670475
56792	1.004625	1.440286	-2.393985
56793	0.823887	1.652862	-2.210895
56794	0.647768	1.841755	-2.053023
56795	0.442819	2.019586	-1.949617
56796	0.224845	2.174912	-1.876751
56797	0.000198	2.335363	-1.728013
56798	-0.219684	2.484234	-1.532237
56799	-0.453363	2.640617	-1.329378
56800	-0.677849	2.790246	-1.047666
56801	-0.905806	2.982483	-0.712279
56802	-1.157138	3.180697	-0.387750
56803	-1.440592	3.403345	-0.108015
56804	-1.736266	3.653054	0.090367
56805	-2.105230	3.942168	0.125932
56806	-2.553586	4.274984	0.016645
56807	-3.109603	4.644670	-0.211710
56808	-3.741374	5.043383	-0.509361
56809	-4.432630	5.495280	-0.823284
56810	-5.207464	5.972099	-1.154212
56811	-6.065284	6.492736	-1.454223
56812	-6.994573	7.046624	-1.719500
56813	-7.980540	7.633196	-1.984075
56814	-9.011714	8.229043	-2.275362
56815	-10.112030	8.852129	-2.611793
56816	-11.273541	9.512228	-2.990579
56817	-12.509457	10.220077	-3.439249
56818	-13.824233	10.954255	-4.001082
56819	-15.244083	11.702203	-4.696446
56820	-16.803044	12.411844	-5.474973
56821	-18.436163	13.107497	-6.344290
56822	-20.064043	13.839822	-7.264910
56823	-21.893620	14.513120	-8.603831
56824	-24.146068	14.783258	-10.607819
56825	-26.683995	14.483937	-12.945830
56826	-29.307457	13.877941	-15.162166
56827	-31.843542	13.362749	-16.994566
56828	-34.128189	13.283998	-18.431699
56829	-36.109031	13.723533	-19.426699
56830	-37.956455	14.502008	-20.267769
56831	-39.621872	15.457493	-20.998750
56832	-40.808640	16.610835	-21.313357
56833	-41.628283	17.881513	-21.394675
56834	-42.334001	19.081052	-21.516172
56835	-42.854984	19.992294	-21.691069
56836	-43.190929	20.353237	-22.068180
56837	-43.273085	20.035375	-22.496709
56838	-43.201644	19.075769	-23.035543
56839	-42.873249	17.748159	-23.620587
56840	-42.117847	16.328825	-24.013191
56841	-40.815937	14.903895	-24.094561
56842	-39.005938	13.504137	-23.905950
56843	-36.770044	12.134928	-23.575405
56844	-34.231837	10.816226	-23.249665
56845	-31.504034	9.557769	-22.967844
56846	-28.674569	8.363185	-22.680490
56847	-25.778737	7.198013	-22.294927
56848	-22.851655	5.996705	-21.727100
56849	-19.838328	4.763839	-20.910962
56850	-16.679209	3.542416	-19.899698
56851	-13.318341	2.356254	-18.760045
56852	-9.830668	1.158864	-17.621522
56853	-6.323011	-0.202355	-16.551632
56854	-2.902944	-1.805821	-15.653751
56855	0.387016	-3.569011	-14.999545
56856	3.493343	-5.335183	-14.593802
56857	6.357165	-6.883913	-14.308938
56858	9.008917	-8.148754	-13.769851
56859	11.399700	-9.288893	-12.930486
56860	13.370712	-10.400323	-12.165550
56861	14.925680	-11.453783	-11.477169
56862	16.118759	-12.316483	-11.007126
56863	16.953358	-12.870504	-10.790389
56864	17.415540	-13.113194	-10.595109
56865	17.490020	-13.008763	-10.347024
56866	17.197158	-12.596633	-10.124107
56867	16.566145	-11.965886	-10.003521
56868	15.692414	-11.081237	-9.997048
56869	14.796052	-9.953957	-9.804176
56870	14.192613	-8.869555	-9.417353
56871	13.799349	-8.123172	-9.011246
56872	13.232981	-7.859855	-8.334487
56873	12.077757	-7.740384	-7.266814
56874	10.734821	-7.183595	-6.009943
56875	9.429335	-6.385131	-4.896760
56876	8.207462	-5.511837	-4.002998
56877	7.079126	-4.646603	-3.355850
56878	6.198285	-3.842025	-2.744297
56879	5.630139	-2.997651	-2.012868
56880	5.195383	-2.136982	-1.240225
56881	4.658389	-1.358470	-0.863739
56882	4.023537	-0.899154	-0.898138
56883	3.368244	-0.669725	-1.158128
56884	2.875789	-0.429847	-1.408285
56885	2.556224	-0.114773	-1.464801
56886	2.314368	0.272250	-1.324077
56887	2.035796	0.702554	-1.041130
56888	1.746221	1.121544	-0.536330
56889	1.481766	1.536684	0.093013
56890	1.205666	1.911550	0.609324
56891	0.892081	2.222961	0.845648
56892	0.610312	2.473030	0.826935
56893	0.355402	2.689201	0.637731
56894	0.120393	2.861226	0.365863
56895	-0.105148	3.009965	0.102978
56896	-0.311393	3.137380	-0.031899
56897	-0.534640	3.276522	-0.037047
56898	-0.748790	3.437727	0.096661
56899	-0.972389	3.591161	0.388922
56900	-1.180599	3.737037	0.801843
56901	-1.389912	3.890581	1.236442
56902	-1.607796	4.057631	1.587667
56903	-1.865623	4.280304	1.778409
56904	-2.170322	4.532052	1.796859
56905	-2.542224	4.809296	1.672814
56906	-2.953556	5.123812	1.507625
56907	-3.427957	5.500132	1.366457
56908	-3.977934	5.930115	1.245014
56909	-4.623579	6.424592	1.101728
56910	-5.365277	6.954372	0.864262
56911	-6.196916	7.515084	0.570528
56912	-7.110895	8.098337	0.249855
56913	-8.093217	8.714198	-0.067889
56914	-9.123444	9.366343	-0.377850
56915	-10.200877	10.063129	-0.692755
56916	-11.344064	10.796159	-1.084741
56917	-12.575156	11.559417	-1.566851
56918	-13.938277	12.325810	-2.259419
56919	-15.401542	13.080880	-3.093886
56920	-16.920229	13.800671	-3.976687
56921	-18.479401	14.479002	-4.865800
56922	-20.168783	15.095457	-5.962279
56923	-22.178401	15.484633	-7.487054
56924	-24.498821	15.519004	-9.388539
56925	-26.996861	15.272917	-11.431712
56926	-29.549871	14.962974	-13.402002
56927	-31.976582	14.879765	-15.155905
56928	-34.186376	15.113124	-16.766914
56929	-36.205607	15.557913	-18.296154
56930	-38.182704	16.006843	-20.003998
56931	-40.014717	16.260425	-21.776699
56932	-41.426392	16.345612	-23.238112
56933	-42.447043	16.405716	-24.411123
56934	-43.379898	16.400184	-25.346438
56935	-44.159718	16.477120	-25.873955
56936	-44.640554	16.481308	-26.325207
56937	-44.708659	16.076481	-26.855918
56938	-44.375214	15.172926	-27.395917
56939	-43.733144	13.912660	-27.985285
56940	-42.790009	12.650236	-28.496396
56941	-41.440029	11.685743	-28.653793
56942	-39.744536	11.009163	-28.424254
56943	-37.739599	10.507562	-27.992863
56944	-35.476575	10.039883	-27.510706
56945	-32.981034	9.509236	-27.029198
56946	-30.291790	8.873322	-26.522331
56947	-27.436693	8.155958	-25.913807
56948	-24.487176	7.346938	-25.199668
56949	-21.464154	6.441629	-24.383138
56950	-18.356738	5.494800	-23.454898
56951	-15.126387	4.526868	-22.367058
56952	-11.802370	3.517439	-21.093629
56953	-8.475903	2.426090	-19.699721
56954	-5.264909	1.178216	-18.349839
56955	-2.193190	-0.319118	-17.071307
56956	0.754465	-1.996930	-15.812948
56957	3.557845	-3.666882	-14.620828
56958	6.129351	-5.182847	-13.469692
56959	8.426528	-6.530796	-12.204083
56960	10.461518	-7.756196	-10.766784
56961	12.078596	-8.907514	-9.741443
56962	13.289469	-9.904947	-9.324926
56963	14.208776	-10.601621	-9.390484
56964	14.909807	-10.932881	-9.623540
56965	15.309597	-10.966997	-9.724251
56966	15.299311	-10.636025	-9.534537
56967	14.719324	-9.937918	-8.981306
56968	13.897632	-8.725378	-8.003622
56969	13.290050	-7.500990	-7.250417
56970	12.887974	-6.788706	-7.113052
56971	12.219260	-6.850186	-6.685148
56972	11.120765	-6.871601	-5.584775
56973	9.977190	-6.281523	-4.440922
56974	8.876006	-5.385176	-3.572900
56975	7.809813	-4.476458	-2.932936
56976	6.794097	-3.717522	-2.434083
56977	6.036611	-3.060648	-2.015567
56978	5.588022	-2.419978	-1.575831
56979	5.282655	-1.777009	-1.136887
56980	4.953589	-1.225326	-0.883363
56981	4.489448	-0.813257	-0.959061
56982	4.038238	-0.520315	-1.174560
56983	3.731718	-0.227041	-1.343158
56984	3.562701	0.100434	-1.453761
56985	3.432085	0.478329	-1.525056
56986	3.281047	0.857814	-1.505238
56987	3.097016	1.194401	-1.329437
56988	2.904054	1.480659	-1.129423
56989	2.692658	1.739844	-1.048285
56990	2.483431	1.971750	-1.136127
56991	2.268168	2.172913	-1.392695
56992	2.050492	2.341714	-1.785386
56993	1.812908	2.503310	-2.239863
56994	1.604384	2.661763	-2.645777
56995	1.392735	2.832333	-2.961310
56996	1.191350	3.016872	-3.096368
56997	0.987453	3.202161	-2.989084
56998	0.770549	3.391924	-2.771439
56999	0.509881	3.595012	-2.545979
57000	0.219120	3.791417	-2.331615
57001	-0.119305	4.009066	-2.244826
57002	-0.494514	4.239746	-2.294112
57003	-0.924140	4.485796	-2.449697
57004	-1.406859	4.762430	-2.653841
57005	-1.948931	5.088378	-2.808283
57006	-2.527326	5.465921	-2.923924
57007	-3.162180	5.884913	-3.005619
57008	-3.845010	6.339872	-3.081388
57009	-4.611380	6.830229	-3.204366
57010	-5.443890	7.336790	-3.376141
57011	-6.354513	7.856046	-3.589494
57012	-7.301629	8.386397	-3.809033
57013	-8.292052	8.943497	-4.032437
57014	-9.332300	9.526462	-4.272086
57015	-10.443448	10.146908	-4.552969
57016	-11.636022	10.790098	-4.924271
57017	-12.920416	11.445561	-5.401673
57018	-14.285122	12.091232	-5.914597
57019	-15.723395	12.763814	-6.431466
57020	-17.208026	13.460888	-6.935310
57021	-18.738385	14.198314	-7.528665
57022	-20.386870	14.922562	-8.395818
57023	-22.340486	15.412538	-9.692363
57024	-24.666988	15.500663	-11.436450
57025	-27.246185	15.200418	-13.419834
57026	-29.888032	14.790697	-15.334895
57027	-32.360872	14.588122	-17.066599
57028	-34.526310	14.700525	-18.577496
57029	-36.435886	15.016430	-19.910242
57030	-38.314117	15.351265	-21.364763
57031	-39.996565	15.597876	-22.791937
57032	-41.267370	15.853263	-23.833556
57033	-42.177655	16.188081	-24.497482
57034	-43.002565	16.495745	-24.850339
57035	-43.622642	16.847337	-24.663597
57036	-43.846141	17.123251	-24.290275
57037	-43.617196	16.978898	-23.919019
57038	-43.038031	16.264908	-23.668577
57039	-42.187981	15.138874	-23.609314
57040	-41.033302	14.012623	-23.510713
57041	-39.476023	13.147153	-23.065330
57042	-37.527246	12.539259	-22.239097
57043	-35.247407	12.002778	-21.187688
57044	-32.754188	11.363513	-20.111732
57045	-30.119877	10.493567	-19.180466
57046	-27.413955	9.375722	-18.465312
57047	-24.638845	8.068344	-17.906956
57048	-21.810778	6.644693	-17.441428
57049	-18.930276	5.068144	-17.011008
57050	-15.940979	3.408408	-16.544260
57051	-12.721887	1.833695	-15.969024
57052	-9.334568	0.442731	-15.302223
57053	-5.924374	-0.853913	-14.623626
57054	-2.638714	-2.160014	-13.850799
57055	0.436227	-3.606584	-12.914524
57056	3.271889	-5.075012	-11.840976
57057	5.884520	-6.459659	-10.605974
57058	8.245183	-7.744658	-9.144436
57059	10.205721	-8.902481	-7.560257
57060	11.622425	-9.918383	-6.169483
57061	12.594477	-10.816382	-5.278716
57062	13.261240	-11.514169	-4.909887
57063	13.677680	-11.939710	-4.865430
57064	13.873500	-12.032803	-4.908238
57065	13.808368	-11.771808	-4.950179
57066	13.499555	-11.207527	-4.973917
57067	12.954026	-10.437897	-4.965259
57068	12.386161	-9.358402	-4.741963
57069	12.024749	-8.217754	-4.485925
57070	11.868013	-7.340140	-4.564547
57071	11.528690	-7.048725	-4.481707
57072	10.570713	-7.039768	-3.842368
57073	9.504152	-6.541167	-2.781382
57074	8.468819	-5.661439	-2.097922
57075	7.372157	-4.749563	-1.868886
57076	6.287564	-3.933443	-1.822337
57077	5.355865	-3.264969	-1.773042
57078	4.811967	-2.566652	-1.634915
57079	4.573728	-1.775216	-1.320906
57080	4.340263	-1.018384	-0.946873
57081	3.931816	-0.486326	-0.626827
57082	3.442343	-0.153675	-0.451281
57083	3.000205	0.127742	-0.339372
57084	2.701168	0.470825	-0.224586
57085	2.473452	0.860222	-0.169848
57086	2.291845	1.236511	-0.169824
57087	2.151069	1.598681	-0.144127
57088	2.034948	1.947260	-0.047601
57089	1.887147	2.288426	0.063854
57090	1.713611	2.570323	0.124293
57091	1.508443	2.836497	0.126291
57092	1.310733	3.098431	0.124560
57093	1.094028	3.339169	0.114515
57094	0.870128	3.531245	0.056211
57095	0.645487	3.711741	-0.038066
57096	0.440607	3.884404	-0.159769
57097	0.230160	4.056962	-0.313004
57098	0.015164	4.212344	-0.467490
57099	-0.216049	4.381041	-0.602112
57100	-0.455150	4.570569	-0.716716
57101	-0.724227	4.783227	-0.806709
57102	-1.021926	5.001773	-0.888847
57103	-1.356728	5.232244	-0.971365
57104	-1.737122	5.449105	-1.095528
57105	-2.156975	5.689651	-1.270588
57106	-2.618405	5.960325	-1.512004
57107	-3.145865	6.268352	-1.775575
57108	-3.720808	6.615290	-2.035750
57109	-4.363542	7.000791	-2.268773
57110	-5.063429	7.416627	-2.467694
57111	-5.831104	7.871050	-2.648655
57112	-6.664359	8.355532	-2.830866
57113	-7.577276	8.855233	-3.069506
57114	-8.558078	9.356465	-3.356198
57115	-9.600355	9.878746	-3.686473
57116	-10.721854	10.415785	-4.018607
57117	-11.923397	10.997083	-4.370735
57118	-13.190667	11.609490	-4.740900
57119	-14.535169	12.253491	-5.158203
57120	-15.956876	12.924998	-5.638342
57121	-17.461811	13.615891	-6.182554
57122	-19.027901	14.315189	-6.852344
57123	-20.697677	14.954749	-7.787838
57124	-22.648115	15.384704	-9.116776
57125	-24.979606	15.420624	-10.880613
57126	-27.496689	15.152470	-12.766362
57127	-30.019233	14.736641	-14.547030
57128	-32.383559	14.480575	-16.019827
57129	-34.489868	14.553134	-17.252981
57130	-36.394950	14.928722	-18.293335
57131	-38.249495	15.415174	-19.382745
57132	-40.089045	15.878640	-20.710478
57133	-41.630113	16.274227	-21.938842
57134	-42.748237	16.711521	-22.789480
57135	-43.633126	17.131297	-23.415764
57136	-44.414758	17.587805	-23.798717
57137	-44.919503	18.066935	-23.985125
57138	-45.053610	18.299155	-24.219293
57139	-44.755522	17.985064	-24.452025
57140	-44.267132	17.058141	-24.847833
57141	-43.600545	15.837667	-25.310488
57142	-42.646882	14.744942	-25.554078
57143	-41.328659	13.905340	-25.419381
57144	-39.704308	13.228787	-25.009282
57145	-37.834560	12.523530	-24.490679
57146	-35.813437	11.677159	-24.018869
57147	-33.665288	10.651541	-23.655399
57148	-31.432121	9.469622	-23.345619
57149	-29.109394	8.170732	-22.999556
57150	-26.693542	6.802704	-22.518386
57151	-24.042353	5.486872	-21.828568
57152	-21.017600	4.377409	-20.827131
57153	-17.720484	3.372098	-19.526173
57154	-14.341980	2.466999	-18.052226
57155	-10.941659	1.555804	-16.478485
57156	-7.652101	0.466604	-14.838221
57157	-4.526819	-0.839334	-13.133011
57158	-1.640502	-2.354765	-11.530001
57159	1.001391	-3.965274	-10.183862
57160	3.398193	-5.551379	-9.167948
57161	5.568949	-7.018798	-8.224252
57162	7.474790	-8.251922	-7.119540
57163	9.052964	-9.271194	-6.006982
57164	10.214874	-10.141670	-5.173539
57165	11.004517	-10.824852	-4.562260
57166	11.448092	-11.207529	-4.206748
57167	11.599801	-11.253785	-4.078162
57168	11.503377	-11.004952	-4.101452
57169	11.166789	-10.361879	-4.157145
57170	10.621639	-9.324998	-3.976343
57171	10.213571	-8.040156	-3.625252
57172	9.910069	-7.118581	-3.809468
57173	9.523444	-6.860483	-4.030394
57174	8.705970	-6.911889	-3.604430
57175	7.760761	-6.436218	-2.743207
57176	6.772077	-5.615877	-2.012149
57177	5.786456	-4.724100	-1.468854
57178	4.862388	-3.942416	-1.066180
57179	4.217434	-3.234212	-0.795990
57180	3.917511	-2.495313	-0.587695
57181	3.757681	-1.757843	-0.386244
57182	3.528031	-1.177796	-0.384249
57183	3.186391	-0.759730	-0.648751
57184	2.851938	-0.445463	-0.950474
57185	2.620820	-0.113240	-1.175028
57186	2.471023	0.240593	-1.283136
57187	2.303147	0.616290	-1.255619
57188	2.114361	0.985818	-1.142555
57189	1.918393	1.321493	-1.010940
57190	1.729006	1.594460	-0.965952
57191	1.537298	1.813556	-1.052666
57192	1.356305	1.970021	-1.258310
57193	1.161209	2.099511	-1.526275
57194	0.969783	2.232208	-1.693872
57195	0.762310	2.381518	-1.735837
57196	0.564591	2.535254	-1.698608
57197	0.357118	2.696222	-1.606200
57198	0.137537	2.849844	-1.528987
57199	-0.107334	3.021904	-1.476027
57200	-0.365146	3.187438	-1.390499
57201	-0.671308	3.350813	-1.239565
57202	-1.009486	3.540315	-1.090083
57203	-1.372052	3.784366	-0.947422
57204	-1.761657	4.060740	-0.797074
57205	-2.224611	4.358145	-0.631490
57206	-2.744781	4.676606	-0.537125
57207	-3.312936	5.025755	-0.528573
57208	-3.918107	5.398371	-0.591534
57209	-4.588972	5.825424	-0.706950
57210	-5.316849	6.285390	-0.867018
57211	-6.100367	6.766947	-1.034110
57212	-6.916937	7.264204	-1.190355
57213	-7.778892	7.795984	-1.320871
57214	-8.702241	8.353732	-1.421325
57215	-9.673055	8.960391	-1.489631
57216	-10.688006	9.596708	-1.578641
57217	-11.776967	10.248841	-1.716937
57218	-12.921311	10.914672	-1.910691
57219	-14.138017	11.593296	-2.162886
57220	-15.413445	12.293924	-2.469925
57221	-16.735519	12.999656	-2.827270
57222	-18.110546	13.704192	-3.302152
57223	-19.617720	14.393756	-4.063625
57224	-21.395228	14.945138	-5.252798
57225	-23.580317	15.167481	-6.962635
57226	-26.049680	15.047732	-9.045925
57227	-28.586154	14.689200	-11.170086
57228	-31.056601	14.362584	-13.190404
57229	-33.369345	14.249754	-15.050578
57230	-35.472193	14.406125	-16.656327
57231	-37.375439	14.722798	-18.139078
57232	-39.154042	15.046063	-19.696490
57233	-40.630742	15.274203	-21.178952
57234	-41.646841	15.463981	-22.258997
57235	-42.315700	15.727370	-22.986469
57236	-42.862278	15.961054	-23.408498
57237	-43.284809	16.242625	-23.349214
57238	-43.408186	16.598729	-23.078644
57239	-43.097908	16.768127	-22.817726
57240	-42.477009	16.421135	-22.681237
57241	-41.629386	15.583366	-22.761596
57242	-40.570116	14.578298	-22.873135
57243	-39.211306	13.675448	-22.757057
57244	-37.508474	12.979546	-22.323150
57245	-35.444851	12.429633	-21.617203
57246	-33.082072	11.879729	-20.838155
57247	-30.531683	11.134880	-20.153310
57248	-27.890046	10.158977	-19.622168
57249	-25.181915	8.996444	-19.204707
57250	-22.454338	7.732334	-18.770717
57251	-19.677107	6.413309	-18.194125
57252	-16.732956	5.111668	-17.443623
57253	-13.597232	3.800909	-16.562011
57254	-10.402175	2.465752	-15.635835
57255	-7.154778	1.126421	-14.683067
57256	-3.923861	-0.276252	-13.773097
57257	-0.803913	-1.826082	-12.921470
57258	2.122283	-3.472755	-11.996399
57259	4.815501	-5.057955	-11.055788
57260	7.162484	-6.442293	-10.140286
57261	9.157440	-7.606669	-9.156044
57262	10.812502	-8.592574	-8.286984
57263	12.094050	-9.423801	-7.837214
57264	13.036348	-10.038591	-7.707802
57265	13.634365	-10.386290	-7.760778
57266	13.910109	-10.442840	-7.800731
57267	13.890627	-10.225628	-7.720077
57268	13.571613	-9.801246	-7.494515
57269	12.993601	-9.148446	-7.039582
57270	12.354488	-8.206665	-6.165080
57271	11.941678	-7.131816	-5.196844
57272	11.660552	-6.344418	-4.706528
57273	11.061930	-6.171883	-4.332637
57274	9.964762	-6.187167	-3.569443
57275	8.898889	-5.663933	-2.657744
57276	7.872255	-4.743038	-2.296965
57277	6.796181	-3.779764	-2.357100
57278	5.741514	-2.997384	-2.503973
57279	4.960681	-2.314398	-2.548394
57280	4.618619	-1.553542	-2.285658
57281	4.434373	-0.733040	-1.808489
57282	4.120301	-0.079593	-1.501007
57283	3.649771	0.300499	-1.504558
57284	3.172041	0.509534	-1.594717
57285	2.791426	0.749995	-1.663034
57286	2.544385	1.064372	-1.648299
57287	2.351963	1.386166	-1.640388
57288	2.175659	1.691175	-1.611598
57289	1.980017	1.952696	-1.451089
57290	1.805441	2.183767	-1.198115
57291	1.644673	2.402806	-0.935550
57292	1.484253	2.585662	-0.692760
57293	1.299420	2.742173	-0.409210
57294	1.099467	2.885192	-0.128170
57295	0.885376	3.031832	0.084284
57296	0.705883	3.184267	0.287781
57297	0.537798	3.346599	0.493831
57298	0.350712	3.474804	0.717522
57299	0.131264	3.587809	0.965491
57300	-0.094425	3.718409	1.231447
57301	-0.342600	3.891282	1.516615
57302	-0.618608	4.077624	1.789232
57303	-0.935234	4.292591	1.973688
57304	-1.285524	4.548224	2.068971
57305	-1.681126	4.843119	2.074959
57306	-2.135125	5.152945	1.987133
57307	-2.638310	5.485440	1.846329
57308	-3.165975	5.840448	1.658847
57309	-3.743566	6.232745	1.469290
57310	-4.366739	6.663349	1.289590
57311	-5.044283	7.139384	1.101406
57312	-5.766647	7.625798	0.893506
57313	-6.545449	8.118523	0.643030
57314	-7.380962	8.623434	0.362654
57315	-8.289134	9.171401	0.082841
57316	-9.264850	9.751005	-0.181619
57317	-10.310419	10.388056	-0.454593
57318	-11.436462	11.068653	-0.810320
57319	-12.660738	11.789508	-1.274581
57320	-14.000624	12.541176	-1.863353
57321	-15.470872	13.313169	-2.580308
57322	-16.986846	14.117731	-3.330868
57323	-18.531889	14.967299	-4.106878
57324	-20.273537	15.759407	-5.234649
57325	-22.428865	16.217212	-6.996728
57326	-24.974045	16.103545	-9.319911
57327	-27.629286	15.622994	-11.809782
57328	-30.195651	15.107691	-14.094912
57329	-32.585038	14.785304	-16.109742
57330	-34.771129	14.774710	-17.888132
57331	-36.804864	14.988086	-19.555511
57332	-38.778030	15.211131	-21.364373
57333	-40.513026	15.292058	-23.096462
57334	-41.754773	15.371384	-24.320880
57335	-42.605308	15.608498	-25.180994
57336	-43.402239	15.864439	-25.789301
57337	-44.056516	16.257854	-25.955088
57338	-44.411934	16.611793	-25.989417
57339	-44.351940	16.581238	-26.070386
57340	-43.917915	16.019775	-26.186860
57341	-43.199726	15.045539	-26.402719
57342	-42.209200	13.992806	-26.591442
57343	-40.826731	13.145637	-26.492816
57344	-39.068820	12.520659	-26.031425
57345	-36.941739	11.994532	-25.323853
57346	-34.504375	11.464879	-24.494247
57347	-31.807857	10.815069	-23.625713
57348	-28.952273	9.996814	-22.849819
57349	-26.031624	8.985639	-22.236629
57350	-23.163569	7.767823	-21.800747
57351	-20.325727	6.390461	-21.429543
57352	-17.350719	5.041517	-20.913301
57353	-14.082778	3.825983	-20.168692
57354	-10.710187	2.612231	-19.359482
57355	-7.370481	1.340757	-18.543372
57356	-4.124165	-0.097901	-17.705050
57357	-0.969861	-1.668536	-16.835732
57358	2.047503	-3.230239	-15.958063
57359	4.843872	-4.764158	-15.120102
57360	7.383439	-6.215904	-14.208122
57361	9.694429	-7.543979	-12.987132
57362	11.735408	-8.748990	-11.469978
57363	13.277702	-9.881816	-10.209076
57364	14.407764	-10.883176	-9.326208
57365	15.262111	-11.694376	-8.716654
57366	15.816740	-12.212215	-8.452939
57367	15.993549	-12.297598	-8.202481
57368	15.732292	-11.939018	-7.796342
57369	15.059975	-11.309778	-7.359766
57370	14.185988	-10.405097	-6.957023
57371	13.534212	-9.276614	-6.468622
57372	13.327031	-8.348956	-6.310969
57373	13.369460	-7.777262	-6.437942
57374	12.879541	-7.665648	-6.214545
57375	11.796789	-7.391470	-5.664329
57376	10.627722	-6.759979	-4.970386
57377	9.507708	-5.842685	-4.350747
57378	8.337300	-4.955747	-3.908093
57379	7.142369	-4.255547	-3.574008
57380	6.209095	-3.697781	-3.250968
57381	5.652207	-3.067443	-2.845065
57382	5.356696	-2.256414	-2.370283
57383	5.020655	-1.470507	-1.996062
57384	4.520826	-0.964670	-2.025690
57385	3.972371	-0.674712	-2.385003
57386	3.502536	-0.448104	-2.791594
57387	3.139142	-0.144954	-3.150104
57388	2.845214	0.186696	-3.491074
57389	2.586082	0.524319	-3.757859
57390	2.364823	0.835293	-3.814789
57391	2.170262	1.152479	-3.634627
57392	1.979818	1.452338	-3.371950
57393	1.759172	1.719859	-3.203084
57394	1.530471	1.941757	-3.140833
57395	1.287059	2.143406	-3.146499
57396	1.051031	2.333364	-3.195066
57397	0.810643	2.521867	-3.268771
57398	0.569882	2.705516	-3.345169
57399	0.306523	2.899132	-3.371755
57400	0.037627	3.103598	-3.270365
57401	-0.261527	3.324231	-3.091217
57402	-0.579576	3.552317	-2.863866
57403	-0.925260	3.767181	-2.535482
57404	-1.282825	3.974781	-2.228286
57405	-1.651563	4.225168	-2.001235
57406	-2.032851	4.509182	-1.838648
57407	-2.454801	4.853110	-1.711260
57408	-2.916853	5.245457	-1.585155
57409	-3.469855	5.652116	-1.548019
57410	-4.091092	6.068343	-1.604020
57411	-4.768691	6.523688	-1.707708
57412	-5.513456	6.998465	-1.833616
57413	-6.340787	7.515285	-1.923617
57414	-7.209929	8.066266	-1.987254
57415	-8.136649	8.659939	-2.083150
57416	-9.156162	9.276267	-2.246881
57417	-10.268878	9.913932	-2.467686
57418	-11.448167	10.553536	-2.744991
57419	-12.682331	11.202564	-3.062670
57420	-13.958321	11.886490	-3.380544
57421	-15.345928	12.582213	-3.793741
57422	-16.788447	13.319875	-4.292353
57423	-18.308440	14.118402	-4.936080
57424	-20.053621	14.886949	-5.997155
57425	-22.099864	15.410222	-7.538257
57426	-24.463936	15.494312	-9.524730
57427	-27.106795	15.105921	-11.872693
57428	-29.911607	14.395842	-14.344995
57429	-32.634175	13.709841	-16.577936
57430	-35.092685	13.273734	-18.521131
57431	-37.175821	13.112984	-20.168158
57432	-39.044093	13.134729	-21.701119
57433	-40.773226	13.123323	-23.286893
57434	-42.118678	13.125813	-24.534902
57435	-42.965740	13.464560	-25.215066
57436	-43.605375	14.007634	-25.634794
57437	-44.163984	14.522176	-25.739920
57438	-44.491500	15.078299	-25.405183
57439	-44.389210	15.536518	-24.967322
57440	-43.895422	15.577764	-24.556178
57441	-43.141568	15.022887	-24.384812
57442	-42.205493	14.074525	-24.502201
57443	-40.976248	13.110782	-24.610328
57444	-39.396524	12.334792	-24.466743
57445	-37.457265	11.725261	-24.025843
57446	-35.209634	11.180984	-23.395099
57447	-32.705180	10.560508	-22.713073
57448	-30.057373	9.752079	-22.093735
57449	-27.310457	8.740589	-21.586336
57450	-24.541795	7.565258	-21.218945
57451	-21.799298	6.224564	-20.997392
57452	-19.082895	4.741322	-20.889719
57453	-16.187856	3.251143	-20.749798
57454	-12.966434	1.893215	-20.410475
57455	-9.557229	0.633903	-19.920925
57456	-6.137888	-0.506680	-19.418471
57457	-2.806784	-1.669362	-18.877647
57458	0.342088	-2.988034	-18.097484
57459	3.265768	-4.361492	-16.997720
57460	5.952240	-5.710439	-15.672942
57461	8.384628	-6.965351	-14.055130
57462	10.448491	-8.044938	-12.114721
57463	12.064102	-9.015334	-10.358807
57464	13.254546	-9.877201	-9.273783
57465	14.070593	-10.592544	-8.625180
57466	14.606489	-11.072024	-8.266740
57467	14.883447	-11.213694	-7.980453
57468	14.856301	-10.972168	-7.629971
57469	14.472032	-10.436062	-7.188539
57470	13.816462	-9.635939	-6.672093
57471	13.143443	-8.619409	-6.001028
57472	12.806897	-7.659482	-5.466951
57473	12.650930	-6.994117	-5.409659
57474	12.092802	-6.803001	-5.277957
57475	11.000741	-6.597660	-4.747722
57476	9.874715	-5.956881	-4.065662
57477	8.794527	-4.994136	-3.726186
57478	7.672540	-4.099457	-3.608643
57479	6.552088	-3.366366	-3.486514
57480	5.695822	-2.687114	-3.207001
57481	5.172524	-1.932125	-2.700994
57482	4.795958	-1.094064	-2.147073
57483	4.368351	-0.374240	-1.820176
57484	3.832812	0.044084	-1.861226
57485	3.292983	0.257120	-2.042308
57486	2.873256	0.455734	-2.159437
57487	2.559767	0.761730	-2.207600
57488	2.289063	1.114191	-2.262773
57489	2.016493	1.469535	-2.329130
57490	1.783622	1.783960	-2.221358
57491	1.638351	2.115337	-1.874490
57492	1.539593	2.443233	-1.339240
57493	1.388431	2.739986	-0.795713
57494	1.183531	3.013357	-0.382677
57495	0.962994	3.265221	-0.051631
57496	0.740218	3.474277	0.129844
57497	0.473846	3.629183	0.145115
57498	0.216140	3.772910	0.077476
57499	-0.029911	3.954300	0.031621
57500	-0.256233	4.158086	0.087019
57501	-0.486500	4.363583	0.305717
57502	-0.727795	4.577253	0.589048
57503	-0.995443	4.830034	0.881678
57504	-1.275622	5.107654	1.113939
57505	-1.609372	5.386085	1.254982
57506	-1.993182	5.660963	1.236948
57507	-2.443642	5.953183	1.086555
57508	-2.940770	6.287528	0.871519
57509	-3.515183	6.671604	0.613922
57510	-4.163755	7.082304	0.349710
57511	-4.864425	7.536463	0.099046
57512	-5.616171	8.029263	-0.138163
57513	-6.440230	8.560969	-0.332751
57514	-7.334349	9.126134	-0.511274
57515	-8.299986	9.714495	-0.708762
57516	-9.329411	10.312369	-0.960474
57517	-10.412328	10.941453	-1.249373
57518	-11.579400	11.596848	-1.601467
57519	-12.841626	12.276570	-2.058756
57520	-14.172775	12.990540	-2.617204
57521	-15.614144	13.700514	-3.306160
57522	-17.125952	14.421042	-4.125125
57523	-18.697098	15.160798	-5.056060
57524	-20.464236	15.850081	-6.301828
57525	-22.586164	16.276882	-7.994247
57526	-25.032385	16.245911	-10.099739
57527	-27.666451	15.823368	-12.432134
57528	-30.368974	15.263209	-14.684092
57529	-32.940963	14.874434	-16.779468
57530	-35.244116	14.815894	-18.640342
57531	-37.293609	15.008150	-20.260871
57532	-39.230480	15.269276	-21.901050
57533	-40.932126	15.410528	-23.441301
57534	-42.174745	15.595140	-24.533750
57535	-43.083734	15.936959	-25.240028
57536	-43.885564	16.391254	-25.656048
57537	-44.429575	16.986943	-25.718474
57538	-44.627876	17.447402	-25.769938
57539	-44.368839	17.473033	-25.849564
57540	-43.821625	16.899313	-25.991298
57541	-43.099890	15.919060	-26.241211
57542	-42.135483	14.946596	-26.366966
57543	-40.790413	14.195031	-26.153438
57544	-39.060033	13.650207	-25.603024
57545	-36.978607	13.146312	-24.843103
57546	-34.664212	12.526330	-24.105000
57547	-32.190114	11.695225	-23.536842
57548	-29.617275	10.703921	-23.137623
57549	-26.984403	9.530864	-22.828244
57550	-24.289194	8.221067	-22.496802
57551	-21.369926	6.881301	-22.003277
57552	-18.236279	5.529503	-21.327174
57553	-14.932862	4.243364	-20.545514
57554	-11.532356	3.019720	-19.696852
57555	-8.154063	1.743137	-18.786025
57556	-4.967743	0.286597	-17.843935
57557	-2.024838	-1.428432	-16.927163
57558	0.750194	-3.190577	-16.039286
57559	3.420651	-4.829567	-15.123896
57560	5.881181	-6.309174	-13.923016
57561	7.980029	-7.642516	-12.250405
57562	9.670171	-8.830785	-10.290591
57563	10.914852	-9.947915	-8.595712
57564	11.744166	-10.960720	-7.294849
57565	12.246130	-11.715547	-6.324657
57566	12.508208	-12.084550	-5.715498
57567	12.564706	-12.051150	-5.387703
57568	12.401839	-11.486177	-5.262989
57569	11.843242	-10.535105	-5.295689
57570	11.300189	-9.251586	-5.284876
57571	10.980653	-8.193902	-5.663066
57572	10.712134	-7.641217	-6.242550
57573	10.039786	-7.666388	-6.153589
57574	9.039048	-7.448638	-5.426844
57575	8.047470	-6.716202	-4.509518
57576	7.098643	-5.766615	-3.667050
57577	6.117232	-4.879459	-3.041018
57578	5.215718	-4.115415	-2.546053
57579	4.598519	-3.404547	-2.054480
57580	4.248609	-2.673991	-1.559481
57581	3.950200	-1.972010	-1.255658
57582	3.549007	-1.428726	-1.398186
57583	3.091774	-1.065304	-1.864861
57584	2.756847	-0.767525	-2.293324
57585	2.562935	-0.432338	-2.587171
57586	2.442284	-0.051043	-2.728507
57587	2.315960	0.362523	-2.674114
57588	2.172295	0.740713	-2.390531
57589	2.023186	1.071638	-1.974973
57590	1.859282	1.352985	-1.628459
57591	1.647521	1.587407	-1.528747
57592	1.410912	1.744673	-1.696978
57593	1.169389	1.880160	-2.062818
57594	0.950752	2.005913	-2.478115
57595	0.734223	2.134797	-2.861123
57596	0.514652	2.272045	-3.144169
57597	0.265340	2.445304	-3.336536
57598	0.009071	2.630693	-3.405176
57599	-0.268816	2.833139	-3.308540
57600	-0.584282	3.044867	-3.139562
57601	-0.934631	3.281724	-2.940900
57602	-1.324805	3.516068	-2.717717
57603	-1.753215	3.781948	-2.559734
57604	-2.230270	4.084505	-2.493539
57605	-2.777813	4.428996	-2.511290
57606	-3.368388	4.807430	-2.581646
57607	-4.005602	5.219455	-2.665950
57608	-4.694267	5.639543	-2.763198
57609	-5.433526	6.084575	-2.882350
57610	-6.215145	6.550064	-3.023391
57611	-7.054532	7.038573	-3.196604
57612	-7.945577	7.525701	-3.402332
57613	-8.880916	8.024792	-3.613116
57614	-9.840286	8.538354	-3.790328
57615	-10.859698	9.087526	-3.913622
57616	-11.938395	9.683989	-3.995156
57617	-13.086592	10.307045	-4.117893
57618	-14.298664	10.945991	-4.323087
57619	-15.594341	11.601808	-4.644512
57620	-16.971170	12.274455	-5.060216
57621	-18.422462	12.967654	-5.570093
57622	-19.932086	13.687678	-6.159771
57623	-21.502506	14.427388	-6.905687
57624	-23.267960	15.059798	-7.982314
57625	-25.366382	15.332412	-9.534538
57626	-27.710496	15.202964	-11.398264
57627	-30.158167	14.852841	-13.251968
57628	-32.565927	14.585001	-14.994877
57629	-34.750549	14.569781	-16.586252
57630	-36.724350	14.815261	-17.934959
57631	-38.576053	15.148962	-19.329865
57632	-40.341333	15.376752	-20.826333
57633	-41.787226	15.483184	-22.062867
57634	-42.839393	15.648135	-22.917603
57635	-43.710060	15.848681	-23.597414
57636	-44.537653	16.106678	-24.058157
57637	-45.142292	16.328753	-24.427230
57638	-45.394244	16.268742	-24.863555
57639	-45.244365	15.693348	-25.311898
57640	-44.866996	14.585557	-25.816195
57641	-44.221538	13.301867	-26.231823
57642	-43.223656	12.195831	-26.372089
57643	-41.859890	11.326041	-26.190418
57644	-40.193217	10.636798	-25.758058
57645	-38.219260	10.050490	-25.157964
57646	-35.983704	9.461988	-24.498416
57647	-33.501555	8.817230	-23.847227
57648	-30.858472	8.072216	-23.184832
57649	-28.084767	7.195723	-22.421240
57650	-25.169365	6.269400	-21.498544
57651	-22.033599	5.348832	-20.368701
57652	-18.727197	4.410277	-19.055266
57653	-15.341269	3.434644	-17.612890
57654	-11.940357	2.473142	-16.187179
57655	-8.619308	1.370354	-14.923587
57656	-5.454187	0.072671	-13.792607
57657	-2.448988	-1.397074	-12.698118
57658	0.396989	-2.903900	-11.639100
57659	3.110104	-4.342688	-10.679542
57660	5.690188	-5.695817	-9.599763
57661	8.040442	-6.908449	-8.168230
57662	10.003554	-7.981112	-6.487099
57663	11.550868	-8.963678	-5.110967
57664	12.736595	-9.798141	-4.455819
57665	13.646852	-10.400752	-4.442937
57666	14.357901	-10.726432	-4.861028
57667	14.868785	-10.759566	-5.406844
57668	15.109679	-10.479596	-5.820341
57669	14.980429	-9.873734	-5.989098
57670	14.437011	-8.993935	-5.798731
57671	13.799858	-7.833268	-5.320035
57672	13.404825	-6.749578	-4.929549
57673	13.018925	-6.075507	-4.917541
57674	12.155884	-6.066650	-4.467723
57675	11.008759	-5.906159	-3.340390
57676	9.865305	-5.251713	-2.289565
57677	8.759698	-4.372776	-1.576908
57678	7.635746	-3.485403	-1.067615
57679	6.547976	-2.708694	-0.679644
57680	5.746099	-1.994977	-0.406739
57681	5.264926	-1.251352	-0.170816
57682	4.945198	-0.492349	-0.004696
57683	4.539401	0.068446	-0.096747
57684	4.003807	0.404253	-0.406670
57685	3.468500	0.648424	-0.710333
57686	3.073030	0.939393	-0.874851
57687	2.793093	1.326466	-0.922467
57688	2.583742	1.759785	-0.904076
57689	2.381991	2.210774	-0.782174
57690	2.195066	2.605298	-0.535742
57691	1.995284	2.924028	-0.271891
57692	1.756306	3.157753	-0.129467
57693	1.471221	3.354924	-0.151623
57694	1.206229	3.540097	-0.264329
57695	0.954186	3.725907	-0.384470
57696	0.717712	3.906418	-0.507098
57697	0.480270	4.079877	-0.553174
57698	0.264815	4.266280	-0.519013
57699	0.043952	4.485511	-0.415926
57700	-0.195395	4.693075	-0.209634
57701	-0.473997	4.889423	0.046053
57702	-0.768364	5.097618	0.271699
57703	-1.081001	5.324898	0.435782
57704	-1.411039	5.548235	0.511567
57705	-1.790846	5.809403	0.459952
57706	-2.221508	6.091945	0.294126
57707	-2.718382	6.399381	0.079445
57708	-3.256072	6.746037	-0.140017
57709	-3.845810	7.135256	-0.370384
57710	-4.507815	7.538705	-0.576285
57711	-5.257636	7.983461	-0.795093
57712	-6.076906	8.468552	-1.031245
57713	-6.966122	8.979351	-1.298041
57714	-7.911548	9.501853	-1.582770
57715	-8.923838	10.041646	-1.889030
57716	-9.987930	10.601550	-2.195656
57717	-11.130152	11.188426	-2.521224
57718	-12.331920	11.802766	-2.869140
57719	-13.595259	12.439800	-3.259225
57720	-14.933092	13.099137	-3.731446
57721	-16.327374	13.815242	-4.286470
57722	-17.801267	14.542917	-4.950967
57723	-19.378947	15.244239	-5.843841
57724	-21.092233	15.837613	-7.019553
57725	-23.192624	16.097424	-8.684088
57726	-25.790798	15.826225	-10.925222
57727	-28.654498	15.120730	-13.348565
57728	-31.494713	14.337079	-15.574564
57729	-34.046709	13.831004	-17.467224
57730	-36.228909	13.703174	-19.064773
57731	-38.161249	13.823316	-20.466129
57732	-40.017551	14.024619	-21.909459
57733	-41.590240	14.214885	-23.148230
57734	-42.671077	14.612609	-23.863514
57735	-43.433611	15.269248	-24.290364
57736	-44.106784	15.944037	-24.472111
57737	-44.608016	16.595273	-24.283610
57738	-44.823388	17.091663	-24.065612
57739	-44.579264	17.265149	-23.826140
57740	-43.998186	16.909891	-23.684590
57741	-43.212869	16.101201	-23.742038
57742	-42.185275	15.166150	-23.811260
57743	-40.804082	14.316595	-23.697663
57744	-39.081273	13.542222	-23.381045
57745	-37.037723	12.711631	-22.934551
57746	-34.741809	11.764846	-22.443351
57747	-32.244301	10.656517	-22.004916
57748	-29.640760	9.398511	-21.696944
57749	-26.989433	8.008840	-21.528985
57750	-24.334649	6.528257	-21.481618
57751	-21.632522	5.003356	-21.491872
57752	-18.789709	3.529037	-21.446106
57753	-15.642247	2.233888	-21.203224
57754	-12.188839	1.125683	-20.646650
57755	-8.658665	0.098157	-19.896670
57756	-5.198033	-0.881618	-19.103328
57757	-1.864647	-1.990694	-18.273729
57758	1.288274	-3.234407	-17.322177
57759	4.208997	-4.549778	-16.234754
57760	6.849964	-5.843192	-15.093406
57761	9.211933	-7.040040	-13.913255
57762	11.331816	-8.152959	-12.595251
57763	13.054790	-9.219671	-11.550175
57764	14.338666	-10.170524	-11.010155
57765	15.302187	-10.940409	-10.742519
57766	15.999868	-11.498625	-10.542300
57767	16.371004	-11.801876	-10.244221
57768	16.356521	-11.781572	-9.712158
57769	15.955845	-11.418644	-9.059463
57770	15.206664	-10.818637	-8.495524
57771	14.314560	-9.913500	-7.986104
57772	13.653320	-8.962014	-7.522352
57773	13.364519	-8.215445	-7.338508
57774	13.170838	-7.803826	-7.223725
57775	12.479203	-7.657469	-6.710900
57776	11.389844	-7.275846	-5.919026
57777	10.209567	-6.652609	-5.083408
57778	9.091864	-5.878720	-4.329684
57779	8.001002	-5.134980	-3.668153
57780	6.970755	-4.480482	-3.050814
57781	6.154496	-3.879197	-2.429039
57782	5.576572	-3.239602	-1.833013
57783	5.163759	-2.521513	-1.359146
57784	4.775423	-1.876909	-1.093924
57785	4.334923	-1.418039	-1.086078
57786	3.890120	-1.119657	-1.236378
57787	3.528969	-0.863806	-1.417814
57788	3.264767	-0.551454	-1.578800
57789	3.031123	-0.164404	-1.736071
57790	2.784602	0.187855	-1.924420
57791	2.550687	0.526148	-2.016838
57792	2.361760	0.854350	-1.933062
57793	2.193918	1.180323	-1.766493
57794	2.013822	1.464760	-1.645533
57795	1.802842	1.704444	-1.603952
57796	1.600591	1.918871	-1.579698
57797	1.412021	2.131436	-1.576166
57798	1.251014	2.325944	-1.587427
57799	1.089449	2.529980	-1.642383
57800	0.901618	2.719733	-1.689232
57801	0.675211	2.914261	-1.666717
57802	0.415801	3.110167	-1.598938
57803	0.113116	3.335360	-1.510807
57804	-0.187962	3.591864	-1.367255
57805	-0.520584	3.866702	-1.222812
57806	-0.896452	4.138379	-1.084928
57807	-1.322481	4.453149	-0.983837
57808	-1.811829	4.802184	-0.899852
57809	-2.367936	5.220465	-0.834412
57810	-3.002448	5.684988	-0.896239
57811	-3.725444	6.177122	-1.087544
57812	-4.516275	6.678908	-1.376600
57813	-5.376180	7.184632	-1.726475
57814	-6.277663	7.692336	-2.095045
57815	-7.230003	8.206833	-2.462501
57816	-8.231661	8.729485	-2.821265
57817	-9.286584	9.288640	-3.173640
57818	-10.400497	9.890049	-3.528017
57819	-11.610974	10.525719	-3.945748
57820	-12.897970	11.167365	-4.444218
57821	-14.254844	11.820941	-5.041984
57822	-15.710365	12.457458	-5.692970
57823	-17.282730	13.093472	-6.449302
57824	-18.864079	13.780031	-7.193233
57825	-20.590750	14.481370	-8.130976
57826	-22.642842	15.036689	-9.600120
57827	-25.059819	15.103575	-11.558907
57828	-27.692788	14.649838	-13.782976
57829	-30.431847	13.881706	-16.041075
57830	-33.085808	13.183162	-18.008069
57831	-35.450940	12.825966	-19.668246
57832	-37.474063	12.908088	-20.910956
57833	-39.285383	13.274408	-21.948101
57834	-40.877151	13.715992	-22.932166
57835	-41.964647	14.327147	-23.485415
57836	-42.635582	15.269305	-23.680366
57837	-43.178121	16.217623	-23.822657
57838	-43.622284	17.135484	-23.737090
57839	-43.787933	17.899650	-23.590259
57840	-43.597945	18.276220	-23.543163
57841	-43.074304	18.056870	-23.611678
57842	-42.389403	17.266849	-23.896321
57843	-41.495020	16.182585	-24.267031
57844	-40.284752	15.094031	-24.474912
57845	-38.683621	14.067417	-24.425165
57846	-36.729041	13.090663	-24.192385
57847	-34.452114	12.139629	-23.865654
57848	-31.963526	11.158783	-23.563489
57849	-29.348216	10.098678	-23.388017
57850	-26.732714	8.949829	-23.334953
57851	-24.142168	7.672241	-23.350014
57852	-21.570225	6.259542	-23.409113
57853	-18.843211	4.821460	-23.426117
57854	-15.779091	3.528528	-23.281143
57855	-12.399528	2.371804	-22.959761
57856	-8.918601	1.310224	-22.556119
57857	-5.494358	0.248803	-22.169573
57858	-2.205309	-0.947140	-21.700305
57859	0.966552	-2.269170	-21.041048
57860	3.975201	-3.552757	-20.166388
57861	6.744497	-4.724137	-19.148598
57862	9.233750	-5.751147	-17.932426
57863	11.382282	-6.699305	-16.460734
57864	13.125520	-7.707789	-15.088342
57865	14.475565	-8.545806	-14.203883
57866	15.415821	-9.104309	-13.607196
57867	16.025393	-9.444242	-13.240866
57868	16.348608	-9.568282	-13.018155
57869	16.358924	-9.411846	-12.786040
57870	16.001700	-8.996707	-12.453433
57871	15.320701	-8.282215	-11.976665
57872	14.421197	-7.335731	-11.307006
57873	13.752384	-6.293367	-10.339559
57874	13.239959	-5.436400	-9.857585
57875	12.438604	-5.126582	-9.665693
57876	11.188388	-5.116435	-8.977607
57877	9.967546	-4.524281	-8.026547
57878	8.685000	-3.671747	-7.523179
57879	7.345319	-2.882896	-7.260428
57880	6.137045	-2.172820	-6.982693
57881	5.256715	-1.457704	-6.601750
57882	4.815288	-0.619230	-5.983954
57883	4.520168	0.262752	-5.368725
57884	4.125143	0.949498	-5.052782
57885	3.588581	1.311666	-5.023786
57886	3.011010	1.483174	-5.083293
57887	2.508264	1.658191	-5.192329
57888	2.158410	1.927867	-5.268012
57889	1.915617	2.272583	-5.268361
57890	1.745713	2.647523	-5.095779
57891	1.587869	3.018822	-4.650124
57892	1.435288	3.362216	-4.044935
57893	1.250659	3.665687	-3.503723
57894	1.059643	3.932626	-3.087496
57895	0.859987	4.174180	-2.812498
57896	0.636480	4.370617	-2.750577
57897	0.379795	4.518630	-2.852388
57898	0.129489	4.638027	-3.013840
57899	-0.135511	4.758843	-3.197545
57900	-0.397690	4.852198	-3.293104
57901	-0.655236	4.954877	-3.297538
57902	-0.909494	5.043664	-3.175908
57903	-1.178771	5.143595	-2.967526
57904	-1.453102	5.274018	-2.770548
57905	-1.746697	5.439088	-2.604336
57906	-2.063848	5.629209	-2.528591
57907	-2.439500	5.838787	-2.563811
57908	-2.870841	6.065114	-2.728755
57909	-3.364431	6.335655	-3.000435
57910	-3.935363	6.646455	-3.338297
57911	-4.583184	7.010934	-3.708410
57912	-5.299402	7.408762	-4.075558
57913	-6.096175	7.852450	-4.413471
57914	-6.969514	8.338082	-4.711768
57915	-7.938541	8.855838	-4.986394
57916	-8.977447	9.406587	-5.257620
57917	-10.086213	9.990913	-5.552663
57918	-11.254430	10.617166	-5.906338
57919	-12.528035	11.278570	-6.387285
57920	-13.913719	11.954307	-6.998572
57921	-15.422754	12.629849	-7.761594
57922	-16.993009	13.292149	-8.578482
57923	-18.622745	13.904689	-9.566621
57924	-20.448091	14.373976	-10.844517
57925	-22.756341	14.482779	-12.692587
57926	-25.391354	14.242297	-14.838737
57927	-28.027563	13.867225	-16.847662
57928	-30.474881	13.629960	-18.513182
57929	-32.667365	13.728481	-19.864382
57930	-34.640131	14.181480	-21.051718
57931	-36.472019	14.847625	-22.168633
57932	-38.297556	15.537684	-23.514075
57933	-39.940693	16.115092	-24.927821
57934	-41.137424	16.595988	-25.953202
57935	-41.924037	17.039352	-26.660854
57936	-42.667830	17.331041	-27.205290
57937	-43.348250	17.630247	-27.392545
57938	-43.780960	17.921227	-27.530553
57939	-43.860089	17.846867	-27.756491
57940	-43.631444	17.203673	-28.057189
57941	-43.196306	16.081484	-28.485152
57942	-42.531837	14.890191	-28.898767
57943	-41.549940	13.893598	-29.027119
57944	-40.263297	13.148729	-28.822812
57945	-38.679143	12.567163	-28.395799
57946	-36.853771	12.054445	-27.872009
57947	-34.831941	11.484159	-27.311053
57948	-32.682033	10.795964	-26.771606
57949	-30.438407	9.973286	-26.233996
57950	-28.123529	9.027333	-25.624500
57951	-25.668463	7.965879	-24.911056
57952	-23.054774	6.815278	-24.074308
57953	-20.237954	5.692630	-23.047836
57954	-17.180622	4.702914	-21.741272
57955	-13.955839	3.836017	-20.233165
57956	-10.747893	3.034853	-18.664315
57957	-7.742956	2.053711	-17.187154
57958	-4.989022	0.773278	-15.822850
57959	-2.380093	-0.703797	-14.495415
57960	0.105234	-2.215966	-13.257025
57961	2.465880	-3.635804	-12.160547
57962	4.698105	-4.874573	-11.079718
57963	6.707093	-5.905436	-9.872252
57964	8.384679	-6.760666	-8.607871
57965	9.655234	-7.581826	-7.713130
57966	10.556268	-8.274910	-7.391128
57967	11.237885	-8.685606	-7.419370
57968	11.734175	-8.780665	-7.571530
57969	11.974071	-8.572233	-7.723322
57970	11.757613	-8.023685	-7.675973
57971	11.084988	-6.939936	-7.232630
57972	10.399217	-5.659121	-6.488026
57973	9.674314	-4.789909	-6.393415
57974	8.778799	-4.776849	-6.244217
57975	7.762467	-4.776846	-5.319445
57976	6.816003	-4.125034	-4.238761
57977	5.882620	-3.149991	-3.323507
57978	4.911345	-2.139730	-2.633920
57979	3.970412	-1.182945	-2.294769
57980	3.199689	-0.288461	-2.154921
57981	2.606313	0.542125	-2.097627
57982	2.122561	1.237405	-2.265403
57983	1.619286	1.699863	-2.621684
57984	1.144737	1.986463	-2.939735
57985	0.758667	2.252162	-3.036295
57986	0.472236	2.587893	-2.916301
57987	0.234239	3.010980	-2.610933
57988	0.029856	3.428048	-2.173433
57989	-0.169462	3.799589	-1.702733
57990	-0.364127	4.085762	-1.269411
57991	-0.554813	4.347000	-0.899827
57992	-0.737817	4.583428	-0.631938
57993	-0.953558	4.781471	-0.535786
57994	-1.195253	4.901128	-0.583724
57995	-1.459873	4.987636	-0.724015
57996	-1.699973	5.076421	-0.838078
57997	-1.922678	5.196621	-0.856342
57998	-2.154711	5.314815	-0.771708
57999	-2.412065	5.441092	-0.591910
58000	-2.672616	5.570050	-0.360127
58001	-2.942916	5.727996	-0.141808
58002	-3.228553	5.896075	0.023672
58003	-3.555342	6.076504	0.091168
58004	-3.906941	6.245065	0.062509
58005	-4.294414	6.419195	-0.068452
58006	-4.710619	6.603273	-0.260476
58007	-5.182207	6.813980	-0.489228
58008	-5.687915	7.057117	-0.722469
58009	-6.226727	7.359768	-0.946873
58010	-6.809092	7.709153	-1.176083
58011	-7.466587	8.092118	-1.414826
58012	-8.179724	8.514333	-1.649219
58013	-8.964682	8.975723	-1.868861
58014	-9.803065	9.473680	-2.067663
58015	-10.716022	10.006305	-2.294852
58016	-11.706395	10.567332	-2.574357
58017	-12.781765	11.167339	-2.898261
58018	-13.940167	11.786484	-3.242790
58019	-15.179673	12.421594	-3.616625
58020	-16.444967	13.106678	-3.974803
58021	-17.790400	13.817188	-4.399849
58022	-19.250472	14.526376	-5.046009
58023	-20.869918	15.167673	-5.985070
58024	-22.807728	15.615368	-7.389942
58025	-25.164066	15.661535	-9.310213
58026	-27.773439	15.312310	-11.425081
58027	-30.417245	14.790143	-13.508988
58028	-32.895028	14.401884	-15.448539
58029	-35.058640	14.272121	-17.087981
58030	-36.982060	14.389781	-18.536690
58031	-38.807758	14.579630	-20.093196
58032	-40.513786	14.690176	-21.737446
58033	-41.837923	14.780092	-23.108501
58034	-42.774897	14.964330	-24.075280
58035	-43.601210	15.132883	-24.817074
58036	-44.412178	15.295821	-25.110006
58037	-44.940327	15.514540	-25.110342
58038	-45.036332	15.555078	-25.129744
58039	-44.689702	15.152312	-25.144715
58040	-44.067145	14.311859	-25.248578
58041	-43.200402	13.312597	-25.337282
58042	-42.062794	12.482339	-25.197255
58043	-40.567137	11.942731	-24.722057
58044	-38.733428	11.651475	-23.910826
58045	-36.596569	11.387825	-22.998803
58046	-34.287138	10.901681	-22.235713
58047	-31.841884	10.120382	-21.724950
58048	-29.316914	9.063811	-21.376621
58049	-26.718117	7.790566	-21.055721
58050	-24.022193	6.418214	-20.632902
58051	-21.104866	5.070897	-20.005295
58052	-17.943886	3.812140	-19.230321
58053	-14.638103	2.592607	-18.475969
58054	-11.350628	1.388888	-17.868802
58055	-8.137298	0.132663	-17.338846
58056	-5.003102	-1.168152	-16.758286
58057	-1.946966	-2.481345	-16.040924
58058	0.984564	-3.748152	-15.164511
58059	3.740913	-4.928268	-14.015802
58060	6.300658	-5.964528	-12.384068
58061	8.549235	-6.901394	-10.349434
58062	10.330813	-7.717709	-8.316040
58063	11.563629	-8.445424	-6.879154
58064	12.295370	-9.102835	-6.345075
58065	12.706892	-9.597891	-6.405589
58066	12.930166	-9.733116	-6.649231
58067	12.910703	-9.472286	-6.776054
58068	12.526032	-8.812765	-6.552948
58069	11.897788	-7.652319	-5.899567
58070	11.385272	-6.492362	-5.354566
58071	10.956391	-5.837896	-5.502967
58072	10.442314	-5.910928	-5.448657
58073	9.600886	-5.929408	-4.783823
58074	8.801469	-5.262199	-3.954412
58075	7.986707	-4.300199	-3.493168
58076	7.110268	-3.418997	-3.525448
58077	6.193242	-2.702741	-3.804571
58078	5.516231	-2.067928	-3.963803
58079	5.172394	-1.393066	-3.780108
58080	4.931406	-0.709700	-3.400526
58081	4.578874	-0.123770	-3.140028
58082	4.118388	0.298378	-3.131299
58083	3.691480	0.592525	-3.181733
58084	3.397638	0.872049	-3.206344
58085	3.171997	1.191060	-3.266326
58086	2.956787	1.501126	-3.374488
58087	2.726631	1.803282	-3.492989
58088	2.514624	2.098916	-3.495805
58089	2.337108	2.407758	-3.382937
58090	2.191740	2.698319	-3.207823
58091	2.019273	2.972714	-3.072733
58092	1.798842	3.213977	-3.016510
58093	1.518610	3.454346	-3.043016
58094	1.227721	3.678951	-3.125224
58095	0.935235	3.890936	-3.241966
58096	0.646377	4.085413	-3.381626
58097	0.341309	4.280260	-3.530184
58098	0.033280	4.476100	-3.662739
58099	-0.291222	4.695268	-3.759238
58100	-0.621558	4.920648	-3.811488
58101	-0.973823	5.158629	-3.810016
58102	-1.344583	5.401458	-3.802292
58103	-1.749534	5.663282	-3.814630
58104	-2.208685	5.919470	-3.916772
58105	-2.722726	6.178574	-4.130696
58106	-3.266839	6.444915	-4.416522
58107	-3.868564	6.732138	-4.776873
58108	-4.525762	7.052470	-5.189259
58109	-5.245900	7.413927	-5.613765
58110	-6.026511	7.789237	-6.021515
58111	-6.884775	8.175254	-6.396157
58112	-7.809203	8.598549	-6.723296
58113	-8.826822	9.074074	-6.969257
58114	-9.931057	9.601026	-7.181975
58115	-11.131080	10.169986	-7.430330
58116	-12.400653	10.754243	-7.740078
58117	-13.749879	11.360569	-8.127834
58118	-15.194010	11.974340	-8.615372
58119	-16.706499	12.630027	-9.181724
58120	-18.310635	13.273222	-9.877234
58121	-19.997279	13.881560	-10.782577
58122	-21.801424	14.392299	-11.865126
58123	-23.919579	14.697804	-13.246793
58124	-26.403328	14.696320	-14.949089
58125	-29.102818	14.349064	-16.921428
58126	-31.713016	13.944748	-18.737151
58127	-34.069082	13.749668	-20.273838
58128	-36.128258	13.856321	-21.646831
58129	-38.043480	14.104890	-22.965696
58130	-39.990097	14.344131	-24.583480
58131	-41.669542	14.524059	-26.273407
58132	-42.789571	14.699442	-27.502161
58133	-43.570606	14.815788	-28.425050
58134	-44.325999	14.764087	-29.016205
58135	-44.876573	14.719263	-29.028733
58136	-45.035347	14.767623	-28.847115
58137	-44.695498	14.705754	-28.609025
58138	-44.002492	14.208256	-28.429384
58139	-43.083477	13.262205	-28.415844
58140	-41.961243	12.153822	-28.473630
58141	-40.508800	11.224857	-28.323996
58142	-38.688805	10.609502	-27.844481
58143	-36.530804	10.209155	-27.043144
58144	-34.099034	9.887678	-26.047744
58145	-31.484507	9.440113	-25.002608
58146	-28.772942	8.829348	-24.063982
58147	-26.004070	8.045063	-23.289981
58148	-23.274238	7.036170	-22.615241
58149	-20.621413	5.792115	-21.970544
58150	-17.940335	4.464013	-21.181396
58151	-15.060990	3.204558	-20.166751
58152	-12.007330	2.067682	-19.023358
58153	-8.897720	1.032774	-17.902323
58154	-5.914407	-0.055833	-16.937499
58155	-3.143953	-1.334426	-16.117826
58156	-0.556241	-2.739589	-15.341804
58157	1.920975	-4.076908	-14.556135
58158	4.266610	-5.265305	-13.800244
58159	6.461398	-6.288223	-12.951802
58160	8.454281	-7.115793	-11.880950
58161	10.132566	-7.760635	-10.611719
58162	11.418263	-8.336543	-9.464859
58163	12.307622	-8.801088	-8.810181
58164	12.860112	-9.037112	-8.629628
58165	13.155781	-9.005534	-8.794945
58166	13.249015	-8.701922	-9.201919
58167	13.155467	-8.155010	-9.667489
58168	12.868816	-7.462232	-10.035395
58169	12.432232	-6.605783	-10.149653
58170	11.968083	-5.652281	-9.738133
58171	11.556446	-4.857859	-9.007861
58172	11.053897	-4.504331	-8.127600
58173	10.057640	-4.649739	-6.736571
58174	8.834505	-4.562674	-4.784490
58175	7.747998	-3.960878	-2.754983
58176	6.783628	-3.128639	-1.086760
58177	5.900335	-2.242962	-0.008320
58178	5.149850	-1.397534	0.762573
58179	4.552096	-0.653928	1.276696
58180	4.104371	0.080000	1.358253
58181	3.680467	0.717252	1.131745
58182	3.201047	1.148477	0.607585
58183	2.704422	1.419503	0.034503
58184	2.325893	1.670927	-0.277583
58185	2.072043	1.994800	-0.307855
58186	1.879671	2.404557	-0.031718
58187	1.686408	2.852445	0.612021
58188	1.474621	3.230522	1.455624
58189	1.190881	3.546678	2.174345
58190	0.857078	3.824123	2.576282
58191	0.556756	4.078271	2.669475
58192	0.274082	4.246958	2.532994
58193	-0.035684	4.374261	2.244270
58194	-0.323721	4.481308	1.948643
58195	-0.595147	4.602159	1.709899
58196	-0.851407	4.730925	1.561525
58197	-1.094082	4.864028	1.512000
58198	-1.329620	4.983698	1.526174
58199	-1.576870	5.119848	1.563738
58200	-1.836506	5.267290	1.605629
58201	-2.129627	5.434177	1.611759
58202	-2.448364	5.620506	1.565307
58203	-2.807727	5.836455	1.456798
58204	-3.220908	6.086244	1.283089
58205	-3.716325	6.383276	1.061609
58206	-4.288015	6.729826	0.789222
58207	-4.940891	7.125864	0.456141
58208	-5.668397	7.553615	0.095106
58209	-6.495041	8.019474	-0.279646
58210	-7.417172	8.529966	-0.649136
58211	-8.422178	9.091760	-1.011810
58212	-9.493967	9.691064	-1.377552
58213	-10.616615	10.359065	-1.725367
58214	-11.807004	11.102106	-2.086268
58215	-13.079770	11.908475	-2.465104
58216	-14.441030	12.769226	-2.884818
58217	-15.895250	13.672158	-3.394107
58218	-17.402676	14.634084	-3.991363
58219	-19.056909	15.598876	-4.856486
58220	-20.958077	16.415219	-6.239746
58221	-23.190721	16.849933	-8.097526
58222	-25.818507	16.672502	-10.467143
58223	-28.755518	15.976434	-12.984186
58224	-31.779463	15.113539	-15.333212
58225	-34.534296	14.441938	-17.489772
58226	-36.865566	14.182642	-19.279731
58227	-38.963106	14.226037	-20.901011
58228	-41.004114	14.414644	-22.618159
58229	-42.691251	14.791510	-24.056375
58230	-43.876390	15.452648	-24.942535
58231	-44.756045	16.179474	-25.602755
58232	-45.458100	16.716276	-25.966166
58233	-45.895592	16.988167	-25.855465
58234	-45.977254	17.054386	-25.608151
58235	-45.599692	16.825871	-25.368621
58236	-44.909600	16.175634	-25.285712
58237	-43.995553	15.193377	-25.428593
58238	-42.874490	14.097405	-25.683089
58239	-41.450039	13.110613	-25.859837
58240	-39.705136	12.263927	-25.831630
58241	-37.654656	11.449979	-25.587270
58242	-35.375415	10.570770	-25.219906
58243	-32.922769	9.576540	-24.878028
58244	-30.398989	8.458425	-24.664990
58245	-27.867290	7.191340	-24.598444
58246	-25.304746	5.868790	-24.553917
58247	-22.595512	4.627279	-24.339645
58248	-19.683810	3.545090	-23.840221
58249	-16.586179	2.626555	-23.002288
58250	-13.395348	1.836983	-21.887756
58251	-10.181834	1.036434	-20.617636
58252	-7.064318	0.078504	-19.240533
58253	-4.130267	-1.094320	-17.754175
58254	-1.434960	-2.373553	-16.164223
58255	1.091173	-3.668343	-14.484745
58256	3.475990	-4.921262	-12.605502
58257	5.592278	-6.121921	-10.447253
58258	7.219666	-7.213269	-8.342842
58259	8.376931	-8.131696	-6.630014
58260	9.183344	-8.909522	-5.525267
58261	9.749262	-9.564942	-5.021979
58262	10.135835	-9.974112	-4.869810
58263	10.345768	-10.035641	-4.914984
58264	10.321565	-9.810252	-5.015514
58265	10.060383	-9.197953	-4.895864
58266	9.617644	-8.098866	-4.513777
58267	9.255398	-6.796244	-4.195579
58268	8.789833	-5.951606	-4.741558
58269	8.157528	-5.868529	-5.142007
58270	7.362626	-5.805737	-4.938825
58271	6.499819	-5.242846	-4.657817
58272	5.568393	-4.388821	-4.469731
58273	4.659932	-3.484994	-4.324957
58274	3.899922	-2.764556	-4.258232
58275	3.540049	-2.006100	-3.866883
58276	3.429420	-1.251524	-3.103253
58277	3.255509	-0.599284	-2.410011
58278	2.967638	-0.106807	-2.119244
58279	2.581666	0.192392	-2.188881
58280	2.251179	0.396427	-2.426409
58281	2.064821	0.621567	-2.729191
58282	2.007722	0.924047	-3.010413
58283	1.969257	1.276910	-3.207643
58284	1.905747	1.588579	-3.228665
58285	1.808173	1.864466	-3.091408
58286	1.689475	2.132071	-2.911525
58287	1.531950	2.386868	-2.802378
58288	1.342220	2.590520	-2.842949
58289	1.126781	2.763578	-3.028411
58290	0.914505	2.904654	-3.301271
58291	0.695002	3.054348	-3.602126
58292	0.473091	3.195572	-3.893620
58293	0.219812	3.326041	-4.149961
58294	-0.042104	3.452169	-4.393733
58295	-0.324553	3.603102	-4.587816
58296	-0.624198	3.786787	-4.732473
58297	-0.969657	4.012256	-4.839157
58298	-1.354643	4.246796	-4.917064
58299	-1.778102	4.507661	-4.988718
58300	-2.249477	4.780751	-5.075124
58301	-2.783828	5.087956	-5.206630
58302	-3.357962	5.424067	-5.349164
58303	-3.976678	5.789593	-5.473082
58304	-4.633913	6.170377	-5.569063
58305	-5.342564	6.568763	-5.646214
58306	-6.092239	6.989997	-5.746363
58307	-6.896827	7.440021	-5.885183
58308	-7.754877	7.901287	-6.061127
58309	-8.666284	8.369894	-6.243377
58310	-9.616156	8.863073	-6.404675
58311	-10.617504	9.415234	-6.531261
58312	-11.688930	10.011932	-6.626045
58313	-12.819775	10.636141	-6.750192
58314	-14.010504	11.271505	-6.928872
58315	-15.262511	11.925220	-7.195056
58316	-16.591649	12.575504	-7.528920
58317	-17.969783	13.251352	-7.942839
58318	-19.419561	13.926112	-8.501482
58319	-20.991592	14.579755	-9.301381
58320	-22.770455	15.115505	-10.371327
58321	-24.832761	15.389820	-11.797523
58322	-27.151391	15.380184	-13.571812
58323	-29.581076	15.174532	-15.438296
58324	-31.946110	15.066532	-17.211237
58325	-34.084305	15.215784	-18.832653
58326	-35.982200	15.608406	-20.170643
58327	-37.721420	16.102835	-21.476054
58328	-39.360802	16.486312	-22.922267
58329	-40.696396	16.651126	-24.196986
58330	-41.653618	16.799810	-25.115633
58331	-42.432783	16.924833	-25.815877
58332	-43.157747	17.083620	-26.207628
58333	-43.713700	17.233186	-26.386369
58334	-43.993855	17.150503	-26.611802
58335	-43.903207	16.601271	-26.864153
58336	-43.559036	15.569774	-27.170386
58337	-42.925891	14.335192	-27.437432
58338	-41.929212	13.237560	-27.429059
58339	-40.523250	12.386521	-27.016630
58340	-38.782411	11.756730	-26.294642
58341	-36.754561	11.243858	-25.405788
58342	-34.523500	10.725377	-24.482657
58343	-32.135078	10.106144	-23.570510
58344	-29.645083	9.378602	-22.617190
58345	-27.089184	8.519698	-21.633043
58346	-24.505607	7.519919	-20.637048
58347	-21.799787	6.427015	-19.641257
58348	-18.894682	5.295387	-18.600629
58349	-15.767316	4.150647	-17.478468
58350	-12.596546	2.958503	-16.435130
58351	-9.497263	1.695324	-15.601312
58352	-6.521619	0.314946	-14.931221
58353	-3.663097	-1.192279	-14.203494
58354	-0.925160	-2.691215	-13.273072
58355	1.687391	-4.069290	-12.216165
58356	4.130918	-5.345770	-10.927663
58357	6.330277	-6.513491	-9.222273
58358	8.213694	-7.559336	-7.108122
58359	9.708943	-8.546540	-5.060692
58360	10.781524	-9.425349	-3.633762
58361	11.538138	-10.153960	-2.855002
58362	12.066149	-10.613193	-2.726608
58363	12.403102	-10.709401	-3.042625
58364	12.546642	-10.429220	-3.454239
58365	12.410306	-9.862275	-3.797679
58366	12.016977	-9.024071	-3.964764
58367	11.477371	-7.923461	-3.914851
58368	11.134463	-6.681559	-3.749123
58369	10.769757	-5.739883	-3.943540
58370	9.981637	-5.539847	-3.898826
58371	8.904301	-5.542781	-3.021261
58372	7.935190	-5.019798	-1.848136
58373	6.973545	-4.201306	-0.970031
58374	5.984624	-3.228135	-0.269594
58375	5.002078	-2.305791	0.277799
58376	4.210004	-1.457943	0.491114
58377	3.747468	-0.594267	0.660245
58378	3.428492	0.168676	0.806306
58379	3.024526	0.767217	0.705867
58380	2.521333	1.192401	0.378537
58381	2.037652	1.544918	0.045006
58382	1.714322	1.924612	-0.166533
58383	1.494128	2.361859	-0.206204
58384	1.295032	2.840338	-0.118704
58385	1.073528	3.271041	0.074465
58386	0.843806	3.623362	0.316081
58387	0.612313	3.947355	0.543853
58388	0.390716	4.242121	0.697525
58389	0.141476	4.496672	0.728549
58390	-0.126781	4.689493	0.631179
58391	-0.392920	4.859339	0.498785
58392	-0.647451	5.007155	0.381986
58393	-0.911876	5.148456	0.305878
58394	-1.160384	5.270427	0.320067
58395	-1.408432	5.389329	0.415949
58396	-1.657493	5.503324	0.585861
58397	-1.925640	5.631102	0.771213
58398	-2.197206	5.775296	0.963069
58399	-2.506711	5.954236	1.099834
58400	-2.846642	6.132613	1.153482
58401	-3.216360	6.336328	1.112963
58402	-3.624155	6.554992	0.969371
58403	-4.104539	6.794641	0.739159
58404	-4.630273	7.049896	0.467342
58405	-5.214835	7.323397	0.178772
58406	-5.826063	7.620943	-0.078953
58407	-6.495508	7.975508	-0.323452
58408	-7.226786	8.372754	-0.543125
58409	-8.010375	8.830954	-0.746111
58410	-8.846042	9.312819	-0.947879
58411	-9.739487	9.822642	-1.157849
58412	-10.696701	10.369038	-1.391269
58413	-11.756590	10.954737	-1.682616
58414	-12.889971	11.583581	-2.025975
58415	-14.102074	12.236068	-2.419055
58416	-15.388237	12.912328	-2.874348
58417	-16.733657	13.632030	-3.360547
58418	-18.164477	14.386437	-3.864588
58419	-19.718269	15.135892	-4.555314
58420	-21.401725	15.847224	-5.509376
58421	-23.307244	16.376226	-6.819153
58422	-25.508500	16.532816	-8.564868
58423	-28.041642	16.224458	-10.620447
58424	-30.751617	15.713836	-12.747452
58425	-33.327345	15.348287	-14.770121
58426	-35.587500	15.270647	-16.606278
58427	-37.574224	15.385749	-18.294770
58428	-39.506153	15.502120	-20.142830
58429	-41.240375	15.501261	-22.069344
58430	-42.554808	15.393383	-23.615146
58431	-43.475501	15.308512	-24.738235
58432	-44.309675	15.171408	-25.598663
58433	-44.967188	15.126920	-25.849622
58434	-45.289555	15.177193	-25.785407
58435	-45.179140	15.036079	-25.689286
58436	-44.678697	14.445458	-25.648292
58437	-43.908867	13.411534	-25.804035
58438	-42.902124	12.288106	-26.036335
58439	-41.577897	11.395258	-26.070554
58440	-39.910491	10.810714	-25.775494
58441	-37.888096	10.460093	-25.142860
58442	-35.606901	10.163338	-24.346654
58443	-33.136675	9.722050	-23.534134
58444	-30.531986	9.039716	-22.836391
58445	-27.827904	8.105783	-22.338715
58446	-25.082403	6.943284	-22.010442
58447	-22.259513	5.622722	-21.750803
58448	-19.293713	4.249406	-21.416561
58449	-16.105808	2.920316	-20.861093
58450	-12.761877	1.730209	-20.135522
58451	-9.366579	0.721417	-19.377718
58452	-6.080073	-0.267709	-18.667813
58453	-2.975166	-1.429688	-17.758846
58454	-0.032795	-2.729272	-16.457891
58455	2.736841	-4.011099	-14.921664
58456	5.247905	-5.282559	-13.345441
58457	7.511430	-6.540937	-11.686211
58458	9.465920	-7.682860	-9.846310
58459	10.927648	-8.633988	-8.071860
58460	11.831060	-9.456975	-6.898904
58461	12.369834	-10.125612	-6.472074
58462	12.685433	-10.525263	-6.474853
58463	12.809729	-10.559475	-6.588143
58464	12.713210	-10.227723	-6.615352
58465	12.332341	-9.636180	-6.470005
58466	11.823835	-8.677694	-5.991079
58467	11.452151	-7.567934	-5.360697
58468	11.344647	-6.726477	-5.212671
58469	11.220570	-6.546844	-5.243584
58470	10.472943	-6.789470	-4.725766
58471	9.507394	-6.491418	-3.746752
58472	8.539140	-5.725802	-3.056660
58473	7.548778	-4.827322	-2.751308
58474	6.553621	-3.977319	-2.517355
58475	5.647119	-3.248189	-2.189278
58476	5.056261	-2.536373	-1.654992
58477	4.710487	-1.817655	-0.960773
58478	4.406846	-1.129333	-0.327657
58479	3.960796	-0.574921	-0.185291
58480	3.418563	-0.242665	-0.121730
58481	2.889448	-0.036817	-0.285975
58482	2.541941	0.182106	-0.300939
58483	2.318395	0.436866	-0.160852
58484	2.093532	0.704150	0.021893
58485	1.832134	1.005019	0.280544
58486	1.582006	1.290735	0.667828
58487	1.398297	1.584920	1.124516
58488	1.229363	1.859971	1.545436
58489	1.019746	2.102915	1.808086
58490	0.814447	2.309359	1.948603
58491	0.605822	2.520262	2.000465
58492	0.372957	2.724720	1.984946
58493	0.089729	2.888306	1.999657
58494	-0.206486	3.038437	2.061742
58495	-0.494817	3.216745	2.124357
58496	-0.752525	3.406350	2.236923
58497	-1.024688	3.624222	2.317599
58498	-1.313901	3.861658	2.362142
58499	-1.650309	4.129072	2.329746
58500	-2.039626	4.408829	2.202033
58501	-2.493688	4.715017	2.030288
58502	-2.999592	5.044039	1.826693
58503	-3.561173	5.421885	1.619381
58504	-4.179644	5.845834	1.396125
58505	-4.875866	6.318999	1.146345
58506	-5.630449	6.828657	0.870298
58507	-6.448980	7.370587	0.567089
58508	-7.338153	7.927902	0.245222
58509	-8.296902	8.514449	-0.056542
58510	-9.309219	9.124467	-0.338245
58511	-10.362711	9.770286	-0.588736
58512	-11.455087	10.463697	-0.838765
58513	-12.590380	11.196270	-1.105005
58514	-13.804461	11.959112	-1.442522
58515	-15.103978	12.761839	-1.858103
58516	-16.490817	13.565203	-2.395150
58517	-17.908765	14.392495	-2.998142
58518	-19.391737	15.270474	-3.784195
58519	-21.111142	16.092398	-5.017497
58520	-23.309616	16.481253	-6.999873
58521	-26.008807	16.113877	-9.624073
58522	-28.970680	15.219907	-12.392622
58523	-31.888956	14.254849	-14.925364
58524	-34.517050	13.579470	-17.094459
58525	-36.734601	13.349956	-18.765010
58526	-38.726765	13.445953	-20.185100
58527	-40.606439	13.643345	-21.566789
58528	-42.111912	13.982586	-22.565305
58529	-43.158125	14.630799	-23.055453
58530	-44.040669	15.434797	-23.346287
58531	-44.681564	16.364093	-23.347350
58532	-45.038639	17.134654	-23.175598
58533	-45.035803	17.510348	-23.051767
58534	-44.677341	17.393286	-22.918704
58535	-44.087346	16.832431	-22.883739
58536	-43.291989	16.087801	-22.884170
58537	-42.174228	15.405038	-22.695688
58538	-40.699737	14.814935	-22.273856
58539	-38.860150	14.211179	-21.695986
58540	-36.712407	13.524688	-21.075402
58541	-34.310452	12.646634	-20.500938
58542	-31.768190	11.546130	-20.049739
58543	-29.203419	10.221991	-19.759047
58544	-26.721023	8.691163	-19.660345
58545	-24.294077	7.025392	-19.692094
58546	-21.825647	5.299693	-19.787680
58547	-19.149785	3.638713	-19.901842
58548	-16.110081	2.219991	-19.972139
58549	-12.818128	0.987258	-19.930914
58550	-9.588441	-0.195680	-19.801124
58551	-6.449366	-1.360112	-19.521935
58552	-3.382984	-2.582918	-18.990288
58553	-0.340219	-3.723786	-18.099722
58554	2.520338	-4.839879	-16.918236
58555	5.122548	-5.983858	-15.468633
58556	7.463201	-7.062341	-13.704253
58557	9.412808	-8.074098	-11.736882
58558	10.905127	-9.051637	-9.994192
58559	11.992808	-9.957439	-8.939600
58560	12.793142	-10.669836	-8.512977
58561	13.379035	-11.119252	-8.456516
58562	13.746947	-11.269465	-8.485573
58563	13.795703	-11.161815	-8.378436
58564	13.521741	-10.702384	-8.067100
58565	12.830317	-9.908423	-7.627092
58566	12.055071	-8.687495	-7.080555
58567	11.500331	-7.456507	-6.839616
58568	10.962820	-6.646773	-7.047479
58569	10.033360	-6.646179	-6.766779
58570	8.884586	-6.703550	-5.747810
58571	7.819600	-6.234118	-4.593443
58572	6.805815	-5.486866	-3.739656
58573	5.857504	-4.616965	-3.052925
58574	4.967949	-3.821513	-2.440471
58575	4.259526	-3.120039	-2.065485
58576	3.836857	-2.462518	-1.934098
58577	3.639148	-1.845791	-1.847540
58578	3.474998	-1.333676	-1.751643
58579	3.151536	-0.936592	-1.757906
58580	2.692023	-0.638012	-1.949823
58581	2.273282	-0.347510	-2.150356
58582	1.984079	-0.050684	-2.232840
58583	1.774998	0.257582	-2.142918
58584	1.627835	0.552495	-1.779716
58585	1.473688	0.837092	-1.211924
58586	1.318545	1.112247	-0.599216
58587	1.156642	1.381935	-0.038506
58588	0.989706	1.611374	0.437817
58589	0.790854	1.813591	0.787291
58590	0.570760	2.009353	0.982024
58591	0.316971	2.194378	1.041124
58592	0.073564	2.350450	1.031628
58593	-0.144598	2.487703	1.056586
58594	-0.344178	2.609711	1.137244
58595	-0.551243	2.759942	1.278949
58596	-0.784060	2.964370	1.461828
58597	-1.058455	3.202362	1.664752
58598	-1.366164	3.458243	1.815085
58599	-1.729783	3.720424	1.886425
58600	-2.140876	3.997621	1.903951
58601	-2.620403	4.322275	1.861032
58602	-3.147657	4.682405	1.786103
58603	-3.710506	5.081262	1.686449
58604	-4.321047	5.512194	1.532915
58605	-4.981877	5.974884	1.326114
58606	-5.686023	6.466613	1.075839
58607	-6.446231	6.977983	0.759096
58608	-7.243617	7.488045	0.403125
58609	-8.089715	8.012109	0.027737
58610	-8.994096	8.552632	-0.322615
58611	-9.955566	9.148366	-0.634859
58612	-10.980248	9.792614	-0.934202
58613	-12.056183	10.467634	-1.249438
58614	-13.195284	11.181780	-1.600234
58615	-14.423996	11.926366	-2.024780
58616	-15.734681	12.699931	-2.510710
58617	-17.140227	13.507898	-3.079131
58618	-18.610377	14.359795	-3.721948
58619	-20.147547	15.263480	-4.487178
58620	-21.880165	16.144050	-5.604659
58621	-24.008316	16.706458	-7.363312
58622	-26.466785	16.702637	-9.608630
58623	-29.104503	16.193760	-12.005422
58624	-31.871610	15.497563	-14.357965
58625	-34.523733	14.967227	-16.496721
58626	-36.912406	14.726214	-18.372646
58627	-39.056304	14.663846	-20.197575
58628	-41.057269	14.602163	-22.006139
58629	-42.733997	14.468015	-23.470989
58630	-43.926063	14.521119	-24.352075
58631	-44.801453	14.763533	-24.943299
58632	-45.588173	15.053445	-25.359212
58633	-46.105981	15.451711	-25.413939
58634	-46.314709	15.651475	-25.445799
58635	-46.080031	15.471841	-25.492976
58636	-45.466276	14.860524	-25.552517
58637	-44.551889	13.969003	-25.644893
58638	-43.366419	13.094287	-25.623082
58639	-41.835440	12.404162	-25.314679
58640	-39.950680	11.921927	-24.700512
58641	-37.712645	11.556071	-23.869840
58642	-35.211294	11.155833	-22.966956
58643	-32.499705	10.583046	-22.148124
58644	-29.653188	9.812206	-21.509936
58645	-26.731639	8.818279	-21.046215
58646	-23.871430	7.554302	-20.777297
58647	-21.016565	6.071080	-20.546160
58648	-17.951556	4.565126	-20.126653
58649	-14.645151	3.156727	-19.555277
58650	-11.308185	1.836459	-19.021959
58651	-8.035696	0.498840	-18.531100
58652	-4.868926	-0.925303	-17.892947
58653	-1.841776	-2.365770	-17.160862
58654	1.015645	-3.750758	-16.450690
58655	3.776745	-5.112610	-15.616118
58656	6.447912	-6.463281	-14.459189
58657	8.843515	-7.749529	-12.937260
58658	10.763104	-8.907382	-11.326254
58659	12.225222	-9.926788	-10.062706
58660	13.315126	-10.797379	-9.343164
58661	14.157410	-11.476693	-9.034828
58662	14.761664	-11.891410	-8.915167
58663	15.077198	-11.954739	-8.786870
58664	15.037677	-11.672135	-8.510084
58665	14.605796	-11.082946	-8.092239
58666	13.857629	-10.186612	-7.498353
58667	13.193264	-8.974476	-6.840718
58668	12.795233	-7.879970	-6.700011
58669	12.406024	-7.270222	-6.988225
58670	11.498529	-7.267523	-6.877332
58671	10.320811	-7.018179	-6.113388
58672	9.187282	-6.337439	-5.391851
58673	8.115258	-5.423069	-4.929683
58674	7.010110	-4.482103	-4.606164
58675	5.892955	-3.691274	-4.376910
58676	5.079278	-2.977223	-4.259111
58677	4.652740	-2.221165	-4.054954
58678	4.426430	-1.472360	-3.704639
58679	4.133336	-0.872660	-3.482788
58680	3.674265	-0.473633	-3.563125
58681	3.160020	-0.204796	-3.764949
58682	2.746296	0.083214	-3.929254
58683	2.448790	0.440359	-4.036491
58684	2.243918	0.806713	-4.035514
58685	2.076196	1.152116	-3.841661
58686	1.884401	1.457082	-3.481009
58687	1.652617	1.733291	-3.055593
58688	1.410170	1.961101	-2.685156
58689	1.165249	2.180553	-2.408865
58690	0.939068	2.390929	-2.215059
58691	0.700322	2.596476	-2.096713
58692	0.455222	2.791994	-2.051575
58693	0.215639	2.986555	-2.039959
58694	-0.015460	3.162864	-2.026349
58695	-0.255180	3.316659	-1.943248
58696	-0.490795	3.484483	-1.814240
58697	-0.749902	3.695420	-1.666503
58698	-1.021040	3.906258	-1.430594
58699	-1.318638	4.119626	-1.162406
58700	-1.622861	4.352106	-0.938429
58701	-1.969434	4.619444	-0.779916
58702	-2.365188	4.912360	-0.732534
58703	-2.831983	5.241220	-0.790382
58704	-3.366867	5.578150	-0.922661
58705	-3.961667	5.957109	-1.142991
58706	-4.590235	6.377701	-1.386865
58707	-5.299764	6.843503	-1.644285
58708	-6.085404	7.331961	-1.874990
58709	-6.911025	7.868253	-2.050682
58710	-7.784042	8.440498	-2.185480
58711	-8.726452	9.073264	-2.319016
58712	-9.767035	9.731630	-2.510683
58713	-10.887343	10.424668	-2.772991
58714	-12.057768	11.144500	-3.091147
58715	-13.291236	11.892613	-3.444201
58716	-14.602735	12.669816	-3.832256
58717	-16.000308	13.502617	-4.253750
58718	-17.421753	14.391089	-4.695295
58719	-18.914934	15.300326	-5.297810
58720	-20.628455	16.185778	-6.311890
58721	-22.833029	16.715721	-8.052532
58722	-25.571826	16.522895	-10.536303
58723	-28.531831	15.749466	-13.237917
58724	-31.422218	14.853352	-15.772583
58725	-34.050877	14.120067	-18.034875
58726	-36.367021	13.664421	-19.997206
58727	-38.490329	13.353862	-21.913381
58728	-40.514629	13.041677	-23.929627
58729	-42.153279	12.697445	-25.628647
58730	-43.257930	12.576714	-26.742591
58731	-44.124837	12.666430	-27.597330
58732	-44.897935	12.861303	-28.085446
58733	-45.395364	13.162148	-28.025779
58734	-45.508842	13.363248	-27.784314
58735	-45.127111	13.272003	-27.425981
58736	-44.346308	12.806320	-27.055336
58737	-43.267783	12.100195	-26.794466
58738	-41.948212	11.414551	-26.532034
58739	-40.318523	10.956510	-26.099108
58740	-38.376869	10.721886	-25.386875
58741	-36.120859	10.595196	-24.393452
58742	-33.639477	10.399685	-23.263085
58743	-30.998298	9.970536	-22.200713
58744	-28.276949	9.257864	-21.374557
58745	-25.548904	8.229797	-20.820465
58746	-22.882296	6.896499	-20.495936
58747	-20.232826	5.342200	-20.302249
58748	-17.481260	3.706178	-20.118731
58749	-14.468983	2.168832	-19.939203
58750	-11.252088	0.791617	-19.801759
58751	-7.997916	-0.459161	-19.776616
58752	-4.838547	-1.660408	-19.723950
58753	-1.786072	-2.924682	-19.407246
58754	1.139909	-4.174225	-18.712278
58755	3.920353	-5.318578	-17.686241
58756	6.503706	-6.401753	-16.360021
58757	8.886141	-7.449696	-14.716620
58758	10.935521	-8.422792	-12.861448
58759	12.560414	-9.277733	-11.181665
58760	13.707440	-10.026815	-10.200663
58761	14.510666	-10.670605	-9.983718
58762	15.110723	-11.102209	-10.215136
58763	15.490958	-11.211473	-10.477982
58764	15.593066	-10.996986	-10.464282
58765	15.330119	-10.549929	-10.069361
58766	14.759454	-9.782184	-9.318030
58767	14.108144	-8.782359	-8.363220
58768	13.728486	-7.895216	-7.700292
58769	13.487809	-7.401486	-7.438886
58770	12.878314	-7.434227	-6.812153
58771	11.831523	-7.410331	-5.631878
58772	10.748139	-6.911861	-4.422626
58773	9.719062	-6.140571	-3.594676
58774	8.763738	-5.291216	-3.005395
58775	7.766799	-4.448356	-2.647102
58776	6.856107	-3.687552	-2.360337
58777	6.133007	-3.004329	-2.112797
58778	5.586567	-2.342911	-1.953978
58779	5.146396	-1.690648	-1.883465
58780	4.730961	-1.166211	-2.012760
58781	4.253101	-0.822244	-2.355843
58782	3.817114	-0.623076	-2.679312
58783	3.516657	-0.375437	-2.800806
58784	3.348859	-0.001412	-2.751342
58785	3.211461	0.407710	-2.606489
58786	3.072089	0.781301	-2.319099
58787	2.929841	1.151928	-1.828765
58788	2.779047	1.498082	-1.315687
58789	2.579909	1.784484	-1.016130
58790	2.349596	2.016367	-0.966053
58791	2.102069	2.242955	-1.099920
58792	1.863469	2.457303	-1.381044
58793	1.620447	2.650594	-1.687832
58794	1.387230	2.807409	-1.821080
58795	1.135288	2.960618	-1.792734
58796	0.872003	3.123223	-1.644041
58797	0.589003	3.288080	-1.284777
58798	0.293901	3.484185	-0.885578
58799	-0.048865	3.724106	-0.506765
58800	-0.417696	3.988764	-0.235345
58801	-0.848814	4.277703	-0.116097
58802	-1.329949	4.598728	-0.153986
58803	-1.886429	4.962324	-0.290086
58804	-2.502645	5.372724	-0.455655
58805	-3.172445	5.822776	-0.634793
58806	-3.887496	6.311659	-0.823119
58807	-4.648715	6.841883	-1.003115
58808	-5.472875	7.401486	-1.192106
58809	-6.361065	8.003781	-1.386672
58810	-7.307408	8.618823	-1.612843
58811	-8.306740	9.242235	-1.866063
58812	-9.356259	9.886263	-2.137801
58813	-10.467134	10.574912	-2.410014
58814	-11.656237	11.301207	-2.708189
58815	-12.916850	12.064827	-3.024816
58816	-14.235731	12.873452	-3.406496
58817	-15.648746	13.699100	-3.874325
58818	-17.129625	14.556141	-4.452837
58819	-18.673393	15.455470	-5.191346
58820	-20.420498	16.325482	-6.325465
58821	-22.617730	16.825158	-8.094204
58822	-25.261418	16.681957	-10.481447
58823	-28.163943	16.005999	-13.094588
58824	-31.133555	15.153242	-15.599186
58825	-33.883126	14.461477	-17.895101
58826	-36.250480	14.108130	-19.900659
58827	-38.328143	13.959376	-21.714864
58828	-40.230071	13.870497	-23.509210
58829	-41.697654	13.810649	-24.943555
58830	-42.637436	14.013980	-25.717986
58831	-43.303016	14.414716	-26.206547
58832	-43.901635	14.817076	-26.484228
58833	-44.307680	15.329942	-26.230070
58834	-44.376791	15.943979	-25.782926
58835	-43.998421	16.367772	-25.319822
58836	-43.302888	16.292903	-24.922078
58837	-42.371029	15.753378	-24.695655
58838	-41.242872	15.013385	-24.568906
58839	-39.803368	14.340925	-24.282760
58840	-38.095329	13.755989	-23.733579
58841	-36.094157	13.248320	-22.944621
58842	-33.827186	12.723717	-22.011369
58843	-31.364926	12.004313	-21.059619
58844	-28.792304	11.039707	-20.286917
58845	-26.161945	9.824513	-19.757521
58846	-23.554325	8.377107	-19.443693
58847	-20.954409	6.729081	-19.287652
58848	-18.248731	4.988610	-19.161672
58849	-15.288721	3.351193	-18.898476
58850	-12.128581	1.922808	-18.527804
58851	-8.934126	0.665235	-18.131529
58852	-5.872736	-0.558800	-17.700934
58853	-2.977722	-1.928145	-16.989809
58854	-0.238717	-3.309485	-15.919659
58855	2.336141	-4.626915	-14.508981
58856	4.684695	-5.891800	-12.804897
58857	6.736716	-7.071322	-10.912289
58858	8.391554	-8.077897	-9.040024
58859	9.632774	-8.898753	-7.491501
58860	10.482473	-9.602344	-6.569595
58861	11.054357	-10.174000	-6.214069
58862	11.385319	-10.493263	-6.238881
58863	11.522117	-10.447996	-6.469694
58864	11.447739	-10.087763	-6.712551
58865	11.168259	-9.381788	-6.791728
58866	10.749860	-8.318297	-6.522439
58867	10.492064	-7.064046	-6.147399
58868	10.226175	-6.250022	-6.364415
58869	9.557365	-6.243521	-6.400385
58870	8.526518	-6.326511	-5.627957
58871	7.569650	-5.701000	-4.601185
58872	6.565201	-4.745703	-4.075720
58873	5.460450	-3.792495	-3.977289
58874	4.437445	-3.021867	-4.028027
58875	3.780242	-2.283021	-4.076590
58876	3.593434	-1.412646	-3.716699
58877	3.448242	-0.618652	-3.213936
58878	3.127518	-0.004967	-2.979944
58879	2.611536	0.355034	-3.077625
58880	2.040935	0.569991	-3.368986
58881	1.609971	0.810019	-3.694111
58882	1.372857	1.122688	-3.929238
58883	1.241838	1.481840	-3.986177
58884	1.116122	1.849325	-3.854345
58885	0.925515	2.175595	-3.604776
58886	0.717349	2.454162	-3.326074
58887	0.515182	2.686888	-3.074626
58888	0.329133	2.881324	-2.892367
58889	0.132629	3.067735	-2.771644
58890	-0.077836	3.239056	-2.678730
58891	-0.320887	3.400888	-2.615280
58892	-0.568034	3.552523	-2.504046
58893	-0.817471	3.706748	-2.347795
58894	-1.048137	3.877464	-2.150594
58895	-1.296312	4.060461	-1.878517
58896	-1.572544	4.238986	-1.529806
58897	-1.863845	4.433415	-1.126315
58898	-2.179152	4.650985	-0.790638
58899	-2.523589	4.908651	-0.528653
58900	-2.905124	5.205778	-0.375863
58901	-3.365430	5.520661	-0.367012
58902	-3.883239	5.834049	-0.485366
58903	-4.453621	6.168703	-0.698423
58904	-5.082901	6.526866	-0.961410
58905	-5.767082	6.935979	-1.212034
58906	-6.504550	7.387911	-1.439456
58907	-7.296982	7.878762	-1.637683
58908	-8.136077	8.386849	-1.820756
58909	-9.021646	8.936672	-1.990742
58910	-9.986753	9.513771	-2.179084
58911	-11.041639	10.115024	-2.407201
58912	-12.152784	10.739051	-2.666438
58913	-13.298023	11.402575	-2.907613
58914	-14.514474	12.097851	-3.168522
58915	-15.803580	12.810136	-3.473427
58916	-17.129504	13.544403	-3.810709
58917	-18.500548	14.303193	-4.217564
58918	-19.979160	15.069911	-4.817831
58919	-21.653964	15.781531	-5.803645
58920	-23.632754	16.230795	-7.300783
58921	-25.985695	16.168388	-9.339471
58922	-28.668257	15.621917	-11.673751
58923	-31.484554	14.930687	-14.023371
58924	-34.164895	14.456152	-16.178812
58925	-36.462900	14.319154	-17.996435
58926	-38.459305	14.427244	-19.651075
58927	-40.345593	14.528365	-21.435147
58928	-42.045245	14.523576	-23.198810
58929	-43.295066	14.538104	-24.486009
58930	-44.216328	14.784630	-25.360711
58931	-44.996863	15.095446	-25.874129
58932	-45.563815	15.510108	-25.860418
58933	-45.755041	15.765773	-25.743622
58934	-45.542863	15.561423	-25.709738
58935	-44.967952	14.827959	-25.772763
58936	-44.185855	13.770071	-25.984138
58937	-43.166615	12.748823	-26.132173
58938	-41.856557	11.999440	-25.973791
58939	-40.211651	11.539267	-25.429671
58940	-38.276836	11.265714	-24.670047
58941	-36.077210	10.985970	-23.834307
58942	-33.708017	10.518125	-23.065099
58943	-31.184815	9.792138	-22.448135
58944	-28.563920	8.826789	-21.941599
58945	-25.834079	7.689402	-21.439100
58946	-22.950983	6.484380	-20.882126
58947	-19.837894	5.261394	-20.211821
58948	-16.532850	4.041256	-19.402118
58949	-13.081061	2.907613	-18.514723
58950	-9.652462	1.807287	-17.609208
58951	-6.398237	0.662982	-16.839818
58952	-3.416104	-0.649197	-16.123950
58953	-0.616171	-2.085614	-15.325646
58954	2.064003	-3.499925	-14.408424
58955	4.622596	-4.846508	-13.325352
58956	7.007786	-6.105046	-11.990572
58957	9.171940	-7.238544	-10.329070
58958	10.934166	-8.242319	-8.410561
58959	12.216243	-9.173966	-6.611411
58960	13.028054	-10.008692	-5.436558
58961	13.530592	-10.637612	-4.997926
58962	13.816921	-10.924977	-5.066272
58963	13.853811	-10.825217	-5.307832
58964	13.610156	-10.405445	-5.447773
58965	13.061452	-9.778074	-5.375632
58966	12.466660	-8.794964	-4.991005
58967	12.105608	-7.717221	-4.601534
58968	11.943188	-6.919850	-4.830001
58969	11.733910	-6.742954	-4.904323
58970	10.956904	-6.734248	-4.519515
58971	9.999933	-6.163667	-3.870151
58972	9.008294	-5.220866	-3.562018
58973	7.877654	-4.287887	-3.647060
58974	6.692994	-3.462304	-3.805142
58975	5.621871	-2.805568	-3.954516
58976	4.931415	-2.178166	-3.985869
58977	4.612467	-1.389408	-3.739420
58978	4.347402	-0.532435	-3.343205
58979	3.844937	0.114374	-3.098812
58980	3.237285	0.501282	-3.097723
58981	2.713496	0.780028	-3.058122
58982	2.322605	1.097215	-2.966211
58983	2.010835	1.498871	-2.925179
58984	1.707396	1.889049	-2.958584
58985	1.406987	2.250915	-3.007256
58986	1.138340	2.592028	-2.953016
58987	0.896981	2.925004	-2.822339
58988	0.694256	3.218822	-2.684233
58989	0.487485	3.488177	-2.580334
58990	0.249557	3.725383	-2.475036
58991	-0.014967	3.947267	-2.356794
58992	-0.265628	4.137603	-2.290353
58993	-0.492135	4.311130	-2.268987
58994	-0.696006	4.457224	-2.242589
58995	-0.900072	4.608436	-2.216008
58996	-1.096663	4.779593	-2.140091
58997	-1.302616	4.984385	-2.010232
58998	-1.500566	5.203838	-1.816924
58999	-1.734765	5.412982	-1.605077
59000	-2.011757	5.589504	-1.456815
59001	-2.341113	5.767487	-1.395158
59002	-2.704102	5.948241	-1.474319
59003	-3.093401	6.161334	-1.649209
59004	-3.541916	6.384859	-1.914395
59005	-4.062798	6.651507	-2.243269
59006	-4.651597	6.945849	-2.584728
59007	-5.323872	7.278835	-2.953097
59008	-6.045492	7.644272	-3.279442
59009	-6.849570	8.049195	-3.602814
59010	-7.740412	8.488622	-3.905765
59011	-8.722320	8.985681	-4.167924
59012	-9.770277	9.516611	-4.417198
59013	-10.893510	10.070676	-4.690905
59014	-12.066987	10.649682	-4.996638
59015	-13.315020	11.245024	-5.340854
59016	-14.647310	11.857404	-5.713046
59017	-16.046747	12.501008	-6.089700
59018	-17.492079	13.203386	-6.478899
59019	-18.986400	13.979730	-6.910094
59020	-20.584481	14.783324	-7.546705
59021	-22.337740	15.522325	-8.467111
59022	-24.378175	16.006327	-9.795119
59023	-26.772953	16.093245	-11.600126
59024	-29.427603	15.856692	-13.673597
59025	-32.087998	15.581157	-15.707064
59026	-34.555704	15.546787	-17.543664
59027	-36.725290	15.787124	-19.145442
59028	-38.720945	16.145533	-20.783973
59029	-40.669095	16.314976	-22.628851
59030	-42.351494	16.287076	-24.254495
59031	-43.484946	16.383853	-25.427696
59032	-44.395251	16.602989	-26.334537
59033	-45.159680	16.956257	-26.839938
59034	-45.723622	17.126573	-27.169180
59035	-45.975570	16.848296	-27.510573
59036	-45.813747	16.141154	-27.758902
59037	-45.324241	15.085170	-27.980653
59038	-44.517017	14.006635	-28.099780
59039	-43.273285	13.206858	-27.859824
59040	-41.593819	12.745521	-27.233836
59041	-39.507114	12.480704	-26.326061
59042	-37.096097	12.295612	-25.243938
59043	-34.431088	12.043998	-24.123331
59044	-31.612462	11.622568	-23.125498
59045	-28.730242	10.950921	-22.320085
59046	-25.890412	9.955979	-21.708128
59047	-23.102943	8.654130	-21.257360
59048	-20.239264	7.204777	-20.807103
59049	-17.152076	5.733246	-20.199659
59050	-13.891908	4.342897	-19.529122
59051	-10.576158	3.066106	-18.940968
59052	-7.381542	1.757154	-18.468781
59053	-4.374135	0.352229	-17.989502
59054	-1.537097	-1.065589	-17.485670
59055	1.229696	-2.424368	-16.903543
59056	3.990680	-3.710180	-16.087447
59057	6.668899	-4.964139	-14.866515
59058	9.008516	-6.106002	-13.145487
59059	10.870052	-7.129464	-11.126358
59060	12.282852	-8.090652	-9.433242
59061	13.296751	-9.002880	-8.577262
59062	14.034092	-9.712735	-8.420437
59063	14.569332	-10.079088	-8.706861
59064	14.878775	-10.135370	-9.087944
59065	14.904189	-9.934489	-9.272183
59066	14.618102	-9.484993	-9.144213
59067	14.032681	-8.875896	-8.703465
59068	13.365558	-8.009458	-7.963490
59069	12.917241	-7.066137	-7.061123
59070	12.721683	-6.378123	-6.649254
59071	12.565259	-6.233737	-6.195519
59072	11.844216	-6.356865	-5.423623
59073	10.852935	-6.017091	-4.309715
59074	9.877571	-5.254603	-3.483516
59075	8.874296	-4.321595	-3.038449
59076	7.834825	-3.445203	-2.836434
59077	6.861306	-2.683919	-2.653577
59078	6.138564	-2.024408	-2.415293
59079	5.666978	-1.390764	-2.108604
59080	5.343877	-0.763699	-1.747823
59081	4.955538	-0.257034	-1.481994
59082	4.459106	0.081976	-1.406152
59083	3.960219	0.310060	-1.393656
59084	3.570679	0.535638	-1.294693
59085	3.267890	0.837191	-1.108357
59086	2.982175	1.138585	-0.946870
59087	2.704295	1.440267	-0.787761
59088	2.477150	1.724565	-0.559141
59089	2.289675	1.993757	-0.234533
59090	2.120715	2.230070	0.121484
59091	1.901153	2.422465	0.426200
59092	1.652631	2.605331	0.655535
59093	1.398258	2.808270	0.811447
59094	1.180275	2.987724	0.968381
59095	0.984899	3.151883	1.116185
59096	0.770235	3.307295	1.251733
59097	0.535347	3.508986	1.423319
59098	0.292409	3.733878	1.658235
59099	0.017430	3.962025	1.908958
59100	-0.279684	4.199286	2.114856
59101	-0.615081	4.469915	2.214869
59102	-0.993107	4.779157	2.201490
59103	-1.455962	5.128592	2.053361
59104	-1.984382	5.498747	1.810226
59105	-2.577665	5.912959	1.513475
59106	-3.229628	6.374059	1.187928
59107	-3.966847	6.876682	0.866996
59108	-4.782440	7.387582	0.565908
59109	-5.657593	7.935309	0.291774
59110	-6.592213	8.511969	0.020309
59111	-7.595202	9.125416	-0.263419
59112	-8.663952	9.764764	-0.578989
59113	-9.802454	10.440514	-0.935319
59114	-11.002746	11.151054	-1.351290
59115	-12.279659	11.912029	-1.842453
59116	-13.659904	12.716351	-2.450565
59117	-15.150012	13.555503	-3.171076
59118	-16.710197	14.388987	-3.990063
59119	-18.282771	15.208374	-4.833335
59120	-19.977405	16.008944	-5.874017
59121	-22.061653	16.551431	-7.569117
59122	-24.630000	16.467796	-9.889258
59123	-27.519991	15.742699	-12.436837
59124	-30.471328	14.775395	-14.859366
59125	-33.284860	13.865644	-17.121553
59126	-35.778955	13.265437	-19.141680
59127	-37.959237	12.937279	-20.933309
59128	-39.991952	12.757800	-22.762373
59129	-41.739692	12.680741	-24.450064
59130	-42.960951	12.854191	-25.559954
59131	-43.810224	13.318087	-26.229581
59132	-44.534981	13.913801	-26.672090
59133	-44.981256	14.628513	-26.635606
59134	-45.024630	15.177934	-26.430874
59135	-44.607350	15.270682	-26.239833
59136	-43.872948	14.768201	-26.234282
59137	-42.951795	13.843862	-26.560042
59138	-41.763268	12.935617	-26.956336
59139	-40.243958	12.216876	-27.079937
59140	-38.441293	11.599697	-26.918944
59141	-36.361218	10.978634	-26.603038
59142	-34.072896	10.258341	-26.204759
59143	-31.620091	9.404823	-25.808012
59144	-29.077069	8.413114	-25.479975
59145	-26.486677	7.291891	-25.253695
59146	-23.850593	6.016107	-25.129191
59147	-21.083880	4.618158	-25.052384
59148	-18.088762	3.263027	-24.831930
59149	-14.786221	2.064352	-24.342399
59150	-11.277847	1.033524	-23.582401
59151	-7.774082	0.048571	-22.750347
59152	-4.435736	-1.066858	-21.940984
59153	-1.272645	-2.406571	-21.037486
59154	1.687945	-3.824713	-20.011441
59155	4.450354	-5.174070	-18.903666
59156	7.006913	-6.400562	-17.568542
59157	9.323718	-7.540398	-15.819462
59158	11.295132	-8.646782	-13.754128
59159	12.810111	-9.696756	-11.861840
59160	13.831215	-10.594133	-10.574948
59161	14.474129	-11.363931	-9.950008
59162	14.840677	-11.909998	-9.712629
59163	14.931037	-12.066193	-9.403711
59164	14.666750	-11.819869	-8.890592
59165	14.046197	-11.177813	-8.261603
59166	13.142741	-10.198534	-7.668093
59167	12.421727	-9.108466	-7.420357
59168	11.963096	-8.377134	-7.749486
59169	11.620391	-8.062236	-7.904195
59170	10.938104	-7.830522	-7.503484
59171	9.949999	-7.199065	-6.996069
59172	8.889733	-6.329288	-6.608836
59173	7.860231	-5.485160	-6.353199
59174	6.821808	-4.717663	-6.145138
59175	5.919834	-3.998481	-6.053073
59176	5.290706	-3.308043	-5.931968
59177	4.887986	-2.554914	-5.624927
59178	4.513038	-1.791800	-5.196654
59179	4.005620	-1.156182	-4.952763
59180	3.456213	-0.681843	-5.036607
59181	2.948578	-0.337638	-5.281112
59182	2.549927	0.001676	-5.512219
59183	2.201175	0.371304	-5.748898
59184	1.873062	0.751672	-5.972950
59185	1.538274	1.114766	-6.105427
59186	1.231355	1.453732	-6.069821
59187	0.936400	1.771731	-5.895256
59188	0.652344	2.073925	-5.680268
59189	0.361270	2.366304	-5.480950
59190	0.074131	2.642809	-5.292738
59191	-0.232810	2.904319	-5.191920
59192	-0.551773	3.115991	-5.200307
59193	-0.880679	3.303505	-5.297726
59194	-1.175456	3.493885	-5.403456
59195	-1.453596	3.705153	-5.453604
59196	-1.736776	3.911595	-5.413713
59197	-2.058092	4.131204	-5.271255
59198	-2.398247	4.368322	-5.050738
59199	-2.751059	4.631748	-4.798576
59200	-3.089635	4.917252	-4.556036
59201	-3.445808	5.211881	-4.369515
59202	-3.819144	5.519979	-4.224026
59203	-4.262739	5.838726	-4.195567
59204	-4.800967	6.158709	-4.335128
59205	-5.390266	6.502133	-4.560798
59206	-6.020701	6.873854	-4.858090
59207	-6.717855	7.268672	-5.169846
59208	-7.482744	7.684028	-5.428486
59209	-8.317115	8.137236	-5.614507
59210	-9.192694	8.621250	-5.729431
59211	-10.132801	9.132515	-5.812759
59212	-11.127713	9.672833	-5.911653
59213	-12.209925	10.240367	-6.068308
59214	-13.380437	10.819975	-6.321569
59215	-14.653794	11.380092	-6.694129
59216	-15.987782	11.952260	-7.156393
59217	-17.390816	12.551536	-7.705674
59218	-18.912875	13.172055	-8.451079
59219	-20.586773	13.775419	-9.448583
59220	-22.473330	14.260692	-10.664757
59221	-24.607898	14.591376	-12.105555
59222	-26.925794	14.812645	-13.771513
59223	-29.271727	14.958459	-15.484895
59224	-31.505811	15.189195	-17.019581
59225	-33.511587	15.647809	-18.312135
59226	-35.302640	16.319662	-19.420607
59227	-36.958674	17.021141	-20.633221
59228	-38.529047	17.564310	-22.028492
59229	-39.729308	17.913623	-23.138477
59230	-40.487828	18.184256	-23.807762
59231	-41.043995	18.389482	-24.205824
59232	-41.644784	18.616655	-24.325750
59233	-42.132474	18.934024	-24.336787
59234	-42.346682	19.120774	-24.470998
59235	-42.209329	18.856878	-24.630552
59236	-41.868279	18.077016	-24.846350
59237	-41.318162	17.012582	-25.044708
59238	-40.513413	15.961318	-24.989846
59239	-39.354824	15.063275	-24.563812
59240	-37.826145	14.329764	-23.808326
59241	-35.900599	13.690242	-22.854236
59242	-33.664323	13.005777	-21.877658
59243	-31.194502	12.173497	-21.006774
59244	-28.593577	11.191337	-20.265153
59245	-25.910009	10.048935	-19.559691
59246	-23.220990	8.718722	-18.877728
59247	-20.416884	7.275850	-18.093379
59248	-17.388513	5.835308	-17.188746
59249	-14.100940	4.445778	-16.197506
59250	-10.692432	3.073017	-15.106264
59251	-7.369064	1.626398	-14.117645
59252	-4.185586	0.045117	-13.362635
59253	-1.130735	-1.648423	-12.855217
59254	1.821729	-3.293776	-12.400180
59255	4.614820	-4.802727	-11.882122
59256	7.162971	-6.158127	-11.234328
59257	9.438617	-7.342818	-10.266407
59258	11.364454	-8.329865	-9.057983
59259	12.829735	-9.170752	-8.132531
59260	13.920642	-9.837104	-7.710937
59261	14.739423	-10.297084	-7.687747
59262	15.287580	-10.541152	-7.891901
59263	15.539960	-10.483082	-8.046738
59264	15.439069	-10.128454	-8.025648
59265	14.998767	-9.510405	-7.729523
59266	14.351995	-8.625565	-7.065165
59267	13.843306	-7.632775	-6.261245
59268	13.525733	-6.918524	-5.954532
59269	13.179087	-6.706571	-5.657779
59270	12.358416	-6.601062	-4.899729
59271	11.299207	-6.009195	-3.932222
59272	10.134782	-5.175240	-3.391423
59273	8.988237	-4.291901	-3.297146
59274	7.900741	-3.470250	-3.396694
59275	7.067763	-2.717087	-3.277626
59276	6.545195	-1.949183	-2.917719
59277	6.076295	-1.173252	-2.516151
59278	5.538247	-0.490622	-2.306755
59279	4.943185	-0.020930	-2.383381
59280	4.417786	0.297122	-2.579195
59281	4.010976	0.586558	-2.762409
59282	3.738310	0.908793	-2.858901
59283	3.509223	1.269474	-2.860454
59284	3.284567	1.634850	-2.768946
59285	3.042583	1.978038	-2.575329
59286	2.816866	2.287956	-2.339310
59287	2.574291	2.543550	-2.153903
59288	2.306249	2.750410	-2.066935
59289	2.003669	2.941851	-2.069657
59290	1.703895	3.128530	-2.137124
59291	1.401214	3.300343	-2.215522
59292	1.107006	3.456140	-2.267206
59293	0.800144	3.609873	-2.294859
59294	0.496860	3.765429	-2.257144
59295	0.178647	3.944743	-2.123208
59296	-0.146511	4.135152	-1.929795
59297	-0.477073	4.347278	-1.660437
59298	-0.816078	4.560627	-1.391286
59299	-1.180940	4.802144	-1.181381
59300	-1.578682	5.043828	-1.054991
59301	-2.019065	5.299001	-1.007071
59302	-2.483352	5.572123	-1.021202
59303	-2.962486	5.901486	-1.051295
59304	-3.482002	6.257678	-1.090466
59305	-4.053921	6.654128	-1.136459
59306	-4.680521	7.070698	-1.212553
59307	-5.378870	7.517329	-1.359927
59308	-6.143890	7.963534	-1.593110
59309	-6.977416	8.411266	-1.864101
59310	-7.884149	8.874271	-2.142059
59311	-8.871820	9.376531	-2.420222
59312	-9.920821	9.919564	-2.695887
59313	-11.034631	10.506566	-2.986031
59314	-12.237314	11.133264	-3.306638
59315	-13.524943	11.800801	-3.669749
59316	-14.893912	12.497100	-4.056424
59317	-16.324418	13.235012	-4.517147
59318	-17.797206	14.006260	-5.069260
59319	-19.378496	14.801521	-5.866536
59320	-21.168998	15.494516	-6.981547
59321	-23.273391	15.866743	-8.533256
59322	-25.657663	15.866783	-10.475364
59323	-28.196992	15.581742	-12.606795
59324	-30.758822	15.228380	-14.728716
59325	-33.161763	15.006931	-16.770282
59326	-35.326909	14.957204	-18.646732
59327	-37.326331	14.970434	-20.538579
59328	-39.234884	14.908197	-22.592955
59329	-40.770911	14.723758	-24.433096
59330	-41.820880	14.558219	-25.746289
59331	-42.619307	14.492782	-26.734244
59332	-43.356042	14.469201	-27.315109
59333	-43.844808	14.617803	-27.368297
59334	-43.934183	14.771201	-27.255147
59335	-43.572430	14.580001	-27.093221
59336	-42.870706	13.863230	-27.059404
59337	-41.899166	12.831363	-27.194915
59338	-40.654840	11.878968	-27.255571
59339	-39.099203	11.216267	-26.984005
59340	-37.268654	10.822827	-26.376585
59341	-35.137603	10.614589	-25.529052
59342	-32.819703	10.364689	-24.609296
59343	-30.367700	9.890611	-23.763359
59344	-27.822232	9.147376	-23.044837
59345	-25.217065	8.136867	-22.440111
59346	-22.606168	6.924811	-21.936616
59347	-19.926779	5.576347	-21.427534
59348	-17.078197	4.194825	-20.819504
59349	-14.010809	2.859467	-20.156031
59350	-10.847364	1.619158	-19.573985
59351	-7.683733	0.487839	-19.142838
59352	-4.646204	-0.665557	-18.807674
59353	-1.746118	-1.905094	-18.392333
59354	1.059058	-3.178377	-17.741464
59355	3.766457	-4.430159	-16.839566
59356	6.318476	-5.575520	-15.678538
59357	8.628273	-6.606991	-14.143409
59358	10.609254	-7.526160	-12.231907
59359	12.288706	-8.411090	-10.311359
59360	13.562967	-9.281667	-9.024206
59361	14.448638	-10.062568	-8.485338
59362	15.047618	-10.545056	-8.550118
59363	15.432976	-10.675156	-8.875740
59364	15.610595	-10.522511	-9.072575
59365	15.482721	-10.112510	-9.007605
59366	15.026343	-9.408241	-8.618844
59367	14.400100	-8.403168	-7.890212
59368	14.029634	-7.412925	-7.272952
59369	13.834839	-6.738837	-7.226750
59370	13.261146	-6.648553	-7.015712
59371	12.185835	-6.589373	-6.208864
59372	11.112024	-5.986273	-5.227163
59373	9.982347	-5.090964	-4.676546
59374	8.789973	-4.228770	-4.313017
59375	7.552097	-3.486720	-3.914840
59376	6.521842	-2.834361	-3.414235
59377	5.871413	-2.107506	-2.859434
59378	5.484949	-1.274615	-2.360907
59379	5.099056	-0.536908	-2.084319
59380	4.581490	-0.124602	-2.136082
59381	4.017279	0.109900	-2.355508
59382	3.565680	0.336571	-2.460831
59383	3.245257	0.669109	-2.423083
59384	2.991798	1.059974	-2.377170
59385	2.739428	1.457587	-2.348709
59386	2.512493	1.829736	-2.221325
59387	2.305161	2.192850	-1.975196
59388	2.131680	2.518772	-1.704982
59389	1.937934	2.797725	-1.516264
59390	1.683500	3.007974	-1.449115
59391	1.388224	3.185622	-1.459121
59392	1.111945	3.341955	-1.502209
59393	0.860379	3.500605	-1.589166
59394	0.633574	3.644015	-1.639793
59395	0.407831	3.806293	-1.582677
59396	0.184684	3.970955	-1.388409
59397	-0.055462	4.145437	-1.106261
59398	-0.305666	4.333395	-0.786337
59399	-0.579198	4.537792	-0.482230
59400	-0.850994	4.738302	-0.227016
59401	-1.156746	4.963849	-0.062017
59402	-1.511098	5.197943	0.008475
59403	-1.926754	5.460518	0.002736
59404	-2.386479	5.738275	-0.062379
59405	-2.915859	6.057640	-0.160361
59406	-3.493324	6.428377	-0.260129
59407	-4.137538	6.857231	-0.402812
59408	-4.829187	7.324120	-0.581024
59409	-5.587815	7.812690	-0.797115
59410	-6.399797	8.321621	-1.048990
59411	-7.299416	8.854602	-1.341479
59412	-8.274497	9.402577	-1.660453
59413	-9.317303	9.970838	-2.008943
59414	-10.392579	10.568902	-2.360965
59415	-11.534218	11.184010	-2.722424
59416	-12.753684	11.826943	-3.114813
59417	-14.042915	12.494519	-3.538982
59418	-15.401552	13.161701	-4.018269
59419	-16.800013	13.858962	-4.565040
59420	-18.232108	14.605917	-5.168669
59421	-19.816251	15.368983	-6.001445
59422	-21.710898	15.977683	-7.301361
59423	-24.023209	16.138451	-9.243054
59424	-26.571488	15.854819	-11.556221
59425	-29.235990	15.283848	-13.935407
59426	-31.845110	14.764838	-16.094049
59427	-34.192594	14.569152	-17.875654
59428	-36.216256	14.743895	-19.279813
59429	-38.006847	15.124730	-20.495176
59430	-39.674621	15.485268	-21.662698
59431	-40.988911	15.782997	-22.498915
59432	-41.840259	16.293691	-22.826907
59433	-42.432588	16.918620	-22.888395
59434	-42.976328	17.615994	-22.698541
59435	-43.320182	18.408100	-22.284800
59436	-43.346409	19.068005	-22.001320
59437	-42.993054	19.242609	-21.837760
59438	-42.401508	18.831639	-21.802115
59439	-41.616790	18.034117	-21.848931
59440	-40.582040	17.186050	-21.754106
59441	-39.192676	16.402746	-21.365511
59442	-37.432823	15.667444	-20.718972
59443	-35.312774	14.905862	-19.942552
59444	-32.976588	13.991958	-19.211246
59445	-30.514599	12.874035	-18.619768
59446	-27.994776	11.610392	-18.215321
59447	-25.456011	10.210969	-17.978610
59448	-22.901970	8.701179	-17.872959
59449	-20.225309	7.115785	-17.855837
59450	-17.328112	5.499139	-17.864448
59451	-14.201051	3.854256	-17.773107
59452	-10.966596	2.290691	-17.633437
59453	-7.691564	0.812949	-17.547628
59454	-4.451133	-0.618424	-17.601100
59455	-1.310161	-1.990639	-17.778002
59456	1.676651	-3.314314	-17.829516
59457	4.510049	-4.527456	-17.582841
59458	7.173938	-5.623088	-16.840253
59459	9.595435	-6.641181	-15.540542
59460	11.586245	-7.540773	-13.965706
59461	13.061257	-8.347671	-12.577676
59462	14.055103	-9.077959	-11.753109
59463	14.717105	-9.670580	-11.441302
59464	15.116817	-9.996835	-11.397309
59465	15.255025	-9.937729	-11.250241
59466	15.041586	-9.542827	-10.909462
59467	14.472553	-8.844680	-10.372342
59468	13.730096	-7.904326	-9.573374
59469	13.230084	-6.942743	-8.783549
59470	12.903755	-6.295631	-8.630386
59471	12.374980	-6.188836	-8.458590
59472	11.349250	-6.086373	-7.845095
59473	10.278121	-5.374078	-6.987525
59474	9.141685	-4.432322	-6.498648
59475	7.983030	-3.551085	-6.304502
59476	6.866038	-2.776732	-6.234324
59477	6.015530	-2.062275	-6.019239
59478	5.508957	-1.262572	-5.598426
59479	5.059995	-0.423156	-5.201717
59480	4.544587	0.242651	-5.095806
59481	3.974181	0.647257	-5.192094
59482	3.418603	0.866950	-5.357982
59483	2.953395	1.071051	-5.422377
59484	2.613770	1.333540	-5.325014
59485	2.345400	1.653925	-5.173774
59486	2.142504	1.977302	-4.938121
59487	1.955716	2.288820	-4.519708
59488	1.779576	2.577719	-3.933681
59489	1.568243	2.805922	-3.278641
59490	1.345185	3.009091	-2.722824
59491	1.130138	3.233718	-2.284608
59492	0.925263	3.440943	-2.001772
59493	0.683666	3.610856	-1.879711
59494	0.432166	3.750372	-1.851191
59495	0.171539	3.898193	-1.842149
59496	-0.075345	4.063784	-1.781079
59497	-0.323613	4.266378	-1.630566
59498	-0.585807	4.488729	-1.407097
59499	-0.885739	4.734391	-1.158613
59500	-1.222928	4.974920	-0.953510
59501	-1.594680	5.238480	-0.850544
59502	-1.999710	5.511266	-0.874495
59503	-2.462975	5.801098	-1.013884
59504	-2.964168	6.099596	-1.235907
59505	-3.512022	6.436780	-1.490170
59506	-4.099344	6.814204	-1.777860
59507	-4.744562	7.230768	-2.041655
59508	-5.449367	7.705862	-2.311574
59509	-6.244810	8.196989	-2.609664
59510	-7.103399	8.703899	-2.946280
59511	-8.043432	9.227020	-3.327171
59512	-9.044221	9.772502	-3.720021
59513	-10.136280	10.363818	-4.123111
59514	-11.302133	11.003398	-4.518859
59515	-12.542140	11.691225	-4.917329
59516	-13.858014	12.414654	-5.352044
59517	-15.238664	13.193453	-5.815552
59518	-16.692609	14.010723	-6.337521
59519	-18.241855	14.833618	-7.065666
59520	-19.969446	15.560352	-8.185613
59521	-22.057451	15.972650	-9.890875
59522	-24.650403	15.787788	-12.186009
59523	-27.531798	15.117236	-14.665673
59524	-30.407998	14.340866	-16.998720
59525	-33.046414	13.800571	-19.033030
59526	-35.316647	13.671817	-20.730769
59527	-37.319263	13.809458	-22.216643
59528	-39.256707	14.004903	-23.858499
59529	-40.965108	14.158638	-25.595964
59530	-42.199781	14.318950	-26.923271
59531	-42.994554	14.570757	-27.777133
59532	-43.673066	14.761400	-28.430310
59533	-44.252928	14.891163	-28.490124
59534	-44.585716	15.139944	-28.109746
59535	-44.472131	15.409750	-27.677332
59536	-43.993691	15.309217	-27.351173
59537	-43.276801	14.688887	-27.224162
59538	-42.358920	13.777009	-27.262062
59539	-41.185787	12.871130	-27.232520
59540	-39.725343	12.130909	-26.992559
59541	-37.993240	11.504066	-26.526334
59542	-35.988892	10.930008	-25.888301
59543	-33.685299	10.306224	-25.146569
59544	-31.179302	9.482195	-24.459204
59545	-28.517585	8.443695	-23.956866
59546	-25.785209	7.241845	-23.672496
59547	-23.048845	5.871252	-23.502031
59548	-20.263991	4.418561	-23.274670
59549	-17.264671	3.042528	-22.836773
59550	-14.041963	1.780359	-22.166154
59551	-10.721985	0.607090	-21.421214
59552	-7.383755	-0.462883	-20.716866
59553	-4.138667	-1.563451	-20.070126
59554	-1.067494	-2.753169	-19.326544
59555	1.807603	-4.026250	-18.336432
59556	4.451118	-5.300407	-17.200492
59557	6.867602	-6.520710	-15.799282
59558	9.010228	-7.603868	-13.920970
59559	10.763056	-8.539924	-11.868978
59560	12.021524	-9.367692	-10.373239
59561	12.950298	-10.085064	-9.642840
59562	13.644379	-10.603193	-9.434125
59563	14.081199	-10.831514	-9.585862
59564	14.245002	-10.756410	-9.749212
59565	14.131011	-10.392043	-9.679137
59566	13.704375	-9.858125	-9.287795
59567	13.068347	-9.109152	-8.581771
59568	12.509095	-8.218270	-7.609080
59569	12.214586	-7.488443	-6.856842
59570	12.018149	-7.162251	-6.246587
59571	11.399782	-7.217308	-5.223990
59572	10.412956	-6.968874	-3.956748
59573	9.423404	-6.283877	-2.872981
59574	8.509081	-5.372504	-2.321535
59575	7.588877	-4.490142	-2.157127
59576	6.682717	-3.701673	-2.176676
59577	5.919209	-3.031550	-2.210759
59578	5.385803	-2.370669	-2.141750
59579	4.968626	-1.663562	-1.961937
59580	4.517336	-1.006717	-1.806880
59581	3.968868	-0.508509	-1.906175
59582	3.412524	-0.160231	-2.193044
59583	2.953298	0.151238	-2.408859
59584	2.640227	0.522938	-2.487447
59585	2.419432	0.947041	-2.433486
59586	2.243727	1.371021	-2.290541
59587	2.044909	1.795622	-2.018115
59588	1.831314	2.200495	-1.658038
59589	1.581602	2.570508	-1.375760
59590	1.294025	2.868523	-1.288570
59591	0.991438	3.118327	-1.306921
59592	0.708396	3.343817	-1.315018
59593	0.415728	3.562245	-1.311030
59594	0.137949	3.762505	-1.268482
59595	-0.128176	3.955962	-1.118716
59596	-0.370825	4.151838	-0.837165
59597	-0.625452	4.360663	-0.487032
59598	-0.889136	4.575870	-0.107815
59599	-1.180498	4.811983	0.236437
59600	-1.492836	5.060266	0.490080
59601	-1.839050	5.299966	0.631644
59602	-2.215858	5.538368	0.642475
59603	-2.642617	5.802922	0.533910
59604	-3.098231	6.086071	0.354127
59605	-3.588793	6.390738	0.165217
59606	-4.110516	6.726859	-0.036474
59607	-4.671501	7.094840	-0.245392
59608	-5.266747	7.500063	-0.487490
59609	-5.921016	7.939165	-0.771795
59610	-6.648191	8.373515	-1.067624
59611	-7.425624	8.816592	-1.340947
59612	-8.252099	9.279316	-1.586753
59613	-9.158846	9.782698	-1.818195
59614	-10.152566	10.329000	-2.072776
59615	-11.229326	10.913446	-2.397974
59616	-12.388338	11.509863	-2.819092
59617	-13.632791	12.140053	-3.354602
59618	-14.967599	12.814367	-3.986537
59619	-16.434128	13.513395	-4.716913
59620	-17.993011	14.224062	-5.530065
59621	-19.598461	14.941218	-6.414522
59622	-21.404047	15.540769	-7.543182
59623	-23.591931	15.784549	-9.182886
59624	-26.058290	15.618752	-11.157711
59625	-28.621771	15.192561	-13.163354
59626	-31.202919	14.727562	-15.040855
59627	-33.616468	14.492971	-16.725603
59628	-35.773047	14.574191	-18.195785
59629	-37.731274	14.808602	-19.562331
59630	-39.643401	15.027478	-21.131662
59631	-41.334301	15.139697	-22.715027
59632	-42.591746	15.236936	-23.902442
59633	-43.524519	15.313259	-24.791140
59634	-44.425334	15.337756	-25.496680
59635	-45.133089	15.538056	-25.705956
59636	-45.463652	15.772148	-25.746964
59637	-45.366066	15.615301	-25.825729
59638	-44.906790	14.875044	-25.995544
59639	-44.212791	13.680274	-26.354624
59640	-43.289549	12.451015	-26.732975
59641	-42.025137	11.509556	-26.838776
59642	-40.410092	10.910064	-26.591441
59643	-38.488592	10.467320	-26.120239
59644	-36.328793	9.984892	-25.603699
59645	-33.954103	9.317883	-25.112891
59646	-31.409097	8.447237	-24.637622
59647	-28.702916	7.427034	-24.162896
59648	-25.893389	6.282797	-23.742592
59649	-22.932914	5.081058	-23.354143
59650	-19.752378	3.951541	-22.886855
59651	-16.366722	2.925951	-22.194343
59652	-12.884546	2.022695	-21.289315
59653	-9.409426	1.161311	-20.182571
59654	-6.068755	0.163422	-18.869638
59655	-2.887592	-1.046662	-17.214253
59656	0.070645	-2.353560	-15.401650
59657	2.741074	-3.697061	-13.619625
59658	5.128461	-5.083744	-11.894599
59659	7.293820	-6.414561	-10.158932
59660	9.120947	-7.545564	-8.463446
59661	10.492767	-8.462482	-7.095523
59662	11.440190	-9.241274	-6.359831
59663	12.074049	-9.851936	-6.159204
59664	12.468569	-10.172972	-6.301772
59665	12.652312	-10.129500	-6.605255
59666	12.616357	-9.804909	-6.868239
59667	12.330604	-9.192107	-6.957059
59668	11.848461	-8.242337	-6.652724
59669	11.513558	-7.080478	-6.164904
59670	11.290093	-6.241113	-6.232512
59671	10.920880	-6.041582	-6.258892
59672	10.111923	-6.109136	-5.649897
59673	9.225283	-5.636265	-4.743257
59674	8.253187	-4.824504	-4.175374
59675	7.235379	-3.940142	-3.958828
59676	6.217706	-3.093990	-3.965773
59677	5.339674	-2.370883	-4.069882
59678	4.830199	-1.657559	-4.066188
59679	4.575821	-0.902326	-3.793860
59680	4.300684	-0.215846	-3.436542
59681	3.860609	0.319413	-3.324857
59682	3.343957	0.688865	-3.390897
59683	2.878130	0.979362	-3.480957
59684	2.545292	1.297974	-3.535280
59685	2.304563	1.658255	-3.572319
59686	2.117601	2.035606	-3.583417
59687	1.915652	2.386823	-3.567360
59688	1.711677	2.669820	-3.481488
59689	1.514875	2.919099	-3.360134
59690	1.327245	3.133984	-3.287309
59691	1.121094	3.333954	-3.312526
59692	0.899981	3.519754	-3.360719
59693	0.676310	3.717879	-3.377630
59694	0.478277	3.901964	-3.358202
59695	0.269806	4.081604	-3.334564
59696	0.057977	4.264810	-3.300527
59697	-0.176502	4.458222	-3.281335
59698	-0.430168	4.641608	-3.284813
59699	-0.718021	4.836780	-3.311009
59700	-1.026828	5.035939	-3.342866
59701	-1.372211	5.239876	-3.408840
59702	-1.742201	5.447643	-3.514874
59703	-2.168897	5.653321	-3.612314
59704	-2.645064	5.856641	-3.739194
59705	-3.169916	6.100927	-3.901897
59706	-3.723130	6.385712	-4.089359
59707	-4.339613	6.694696	-4.283765
59708	-4.989915	7.049920	-4.461069
59709	-5.693079	7.452837	-4.606808
59710	-6.460076	7.898894	-4.711850
59711	-7.312974	8.392542	-4.796227
59712	-8.234244	8.909140	-4.938061
59713	-9.236455	9.430988	-5.151430
59714	-10.304431	9.963767	-5.455296
59715	-11.465335	10.499362	-5.805863
59716	-12.693366	11.051776	-6.173680
59717	-13.999497	11.623276	-6.553264
59718	-15.374658	12.207118	-6.916627
59719	-16.780701	12.853542	-7.266973
59720	-18.209729	13.590756	-7.584493
59721	-19.765377	14.374111	-8.142847
59722	-21.509905	15.082110	-8.998811
59723	-23.576170	15.487630	-10.298760
59724	-26.098913	15.408263	-12.159715
59725	-28.929774	14.896643	-14.388489
59726	-31.784130	14.249550	-16.557848
59727	-34.414656	13.754009	-18.487443
59728	-36.716842	13.529615	-20.189672
59729	-38.763428	13.503702	-21.735658
59730	-40.728185	13.513051	-23.418156
59731	-42.398772	13.483688	-24.959665
59732	-43.525380	13.665696	-25.854948
59733	-44.302565	14.166991	-26.395526
59734	-44.932413	14.741999	-26.689862
59735	-45.390342	15.214406	-26.471485
59736	-45.566455	15.602155	-26.035371
59737	-45.335565	15.770435	-25.574347
59738	-44.742249	15.548214	-25.120889
59739	-43.868791	14.952203	-24.792523
59740	-42.756016	14.210943	-24.534615
59741	-41.344084	13.542145	-24.142840
59742	-39.618826	13.037207	-23.544345
59743	-37.562406	12.664127	-22.733295
59744	-35.226421	12.319782	-21.764552
59745	-32.661519	11.830008	-20.764005
59746	-29.949220	11.102033	-19.887793
59747	-27.159629	10.099986	-19.248836
59748	-24.361750	8.868598	-18.776931
59749	-21.540970	7.450242	-18.388618
59750	-18.636543	5.935077	-17.967733
59751	-15.484113	4.474636	-17.367134
59752	-12.111722	3.124169	-16.613561
59753	-8.684458	1.878732	-15.833196
59754	-5.351524	0.666213	-15.121991
59755	-2.165661	-0.666010	-14.548654
59756	0.863434	-2.117580	-14.050937
59757	3.792069	-3.527207	-13.573104
59758	6.569804	-4.832659	-13.023599
59759	9.159807	-6.007370	-12.231860
59760	11.416587	-7.067301	-11.171471
59761	13.229138	-8.104071	-10.017149
59762	14.533637	-9.118629	-9.188354
59763	15.479987	-9.958658	-8.685900
59764	16.130382	-10.569450	-8.328442
59765	16.447857	-10.931554	-7.917859
59766	16.370684	-10.967598	-7.235746
59767	15.848224	-10.647265	-6.367634
59768	14.976636	-10.055845	-5.468250
59769	14.119771	-9.084313	-4.459968
59770	13.577581	-8.073004	-3.904368
59771	13.315628	-7.324037	-4.177401
59772	13.119229	-6.987411	-4.623395
59773	12.440367	-6.549673	-4.938730
59774	11.410355	-5.782132	-5.269930
59775	10.260856	-4.835733	-5.672459
59776	9.047902	-3.926572	-6.057990
59777	7.803899	-3.211861	-6.263962
59778	6.840379	-2.643804	-6.256163
59779	6.309470	-2.057747	-5.780832
59780	6.083511	-1.298931	-4.903703
59781	5.769805	-0.558558	-4.105810
59782	5.291919	-0.040274	-3.653529
59783	4.777368	0.268834	-3.524197
59784	4.372215	0.522359	-3.595044
59785	4.086490	0.848114	-3.776617
59786	3.839818	1.187363	-4.101697
59787	3.588828	1.520756	-4.490908
59788	3.374569	1.837768	-4.710381
59789	3.176496	2.156171	-4.761507
59790	2.985375	2.466641	-4.706081
59791	2.772649	2.791140	-4.670361
59792	2.542746	3.088472	-4.691153
59793	2.285350	3.336244	-4.783269
59794	2.014391	3.525118	-4.937692
59795	1.719740	3.685367	-5.143465
59796	1.444921	3.844249	-5.355537
59797	1.173756	4.022533	-5.580424
59798	0.896048	4.174580	-5.833460
59799	0.598831	4.295365	-6.092998
59800	0.301979	4.406853	-6.311952
59801	0.001917	4.547596	-6.450118
59802	-0.289313	4.714969	-6.491488
59803	-0.609677	4.909452	-6.483958
59804	-0.951180	5.098246	-6.505983
59805	-1.315956	5.292110	-6.592545
59806	-1.701661	5.496249	-6.752807
59807	-2.124406	5.727118	-6.968201
59808	-2.584094	5.967306	-7.211357
59809	-3.099889	6.234446	-7.487761
59810	-3.676667	6.522951	-7.811870
59811	-4.335489	6.835658	-8.179059
59812	-5.046439	7.174023	-8.543362
59813	-5.814248	7.541902	-8.881394
59814	-6.639768	7.918258	-9.180998
59815	-7.507642	8.327018	-9.396456
59816	-8.406182	8.794844	-9.464057
59817	-9.373393	9.314195	-9.453703
59818	-10.402122	9.852630	-9.435237
59819	-11.483509	10.420137	-9.467262
59820	-12.636844	10.994561	-9.599334
59821	-13.887335	11.579961	-9.829970
59822	-15.254110	12.156824	-10.169526
59823	-16.725178	12.731331	-10.635245
59824	-18.302528	13.260529	-11.262698
59825	-19.993056	13.730382	-12.088807
59826	-21.845558	14.151184	-13.112584
59827	-23.925632	14.479624	-14.349995
59828	-26.214769	14.654211	-15.738415
59829	-28.626230	14.646697	-17.199180
59830	-31.018411	14.641841	-18.534211
59831	-33.193966	14.860135	-19.559715
59832	-35.095155	15.387721	-20.551739
59833	-36.787983	16.085005	-21.468511
59834	-38.476639	16.783517	-22.613456
59835	-40.030564	17.427124	-23.986413
59836	-41.204804	17.985305	-25.084284
59837	-41.997800	18.447899	-25.730589
59838	-42.681956	18.780847	-26.068855
59839	-43.113843	19.148355	-25.748598
59840	-43.181860	19.589085	-25.136182
59841	-42.884472	19.812697	-24.613104
59842	-42.262300	19.499001	-24.259471
59843	-41.477444	18.545243	-24.205304
59844	-40.533141	17.303201	-24.263291
59845	-39.269418	16.196894	-24.060713
59846	-37.623602	15.368072	-23.460029
59847	-35.602402	14.710955	-22.551660
59848	-33.343350	14.017254	-21.612443
59849	-30.963081	13.079085	-20.840571
59850	-28.570417	11.821478	-20.346994
59851	-26.124044	10.325108	-20.062516
59852	-23.610212	8.691604	-19.844598
59853	-20.983201	7.003807	-19.527736
59854	-18.166335	5.342812	-19.002290
59855	-15.088733	3.808983	-18.236142
59856	-11.819733	2.445205	-17.192807
59857	-8.486157	1.179228	-15.816137
59858	-5.238696	-0.131883	-14.163784
59859	-2.169346	-1.646912	-12.246236
59860	0.670572	-3.311095	-10.061655
59861	3.226225	-4.998798	-7.737602
59862	5.366892	-6.505405	-5.530131
59863	7.054815	-7.710840	-3.829612
59864	8.358931	-8.763709	-3.108750
59865	9.395648	-9.686218	-3.336518
59866	10.243717	-10.314679	-4.061057
59867	10.894894	-10.507809	-4.949237
59868	11.343590	-10.320869	-5.725571
59869	11.513170	-9.909303	-6.224400
59870	11.309905	-9.265719	-6.388289
59871	10.780607	-8.360820	-6.191370
59872	10.394577	-7.413201	-5.481247
59873	10.064555	-6.791850	-5.037688
59874	9.521189	-6.700417	-4.371235
59875	8.649439	-6.626280	-3.310052
59876	7.708575	-6.026394	-2.371923
59877	6.694938	-5.181257	-1.949498
59878	5.689189	-4.364345	-1.973439
59879	4.760468	-3.683696	-2.264929
59880	4.151245	-3.035628	-2.447852
59881	3.829843	-2.326146	-2.323649
59882	3.525524	-1.621366	-2.093676
59883	3.074165	-1.070041	-1.990625
59884	2.578548	-0.694567	-2.020452
59885	2.121551	-0.406156	-2.080803
59886	1.786756	-0.143793	-2.107423
59887	1.535316	0.142421	-2.124910
59888	1.318831	0.444208	-2.145356
59889	1.100056	0.737623	-2.130714
59890	0.908229	1.006126	-2.066371
59891	0.734162	1.247879	-2.005144
59892	0.562619	1.428536	-1.983451
59893	0.371691	1.577566	-2.037480
59894	0.179961	1.722340	-2.161988
59895	-0.001867	1.895260	-2.285383
59896	-0.156752	2.085397	-2.383407
59897	-0.329572	2.282973	-2.448124
59898	-0.536304	2.470377	-2.501785
59899	-0.782622	2.671401	-2.543193
59900	-1.042268	2.872920	-2.565063
59901	-1.325541	3.086603	-2.557592
59902	-1.604874	3.314455	-2.478841
59903	-1.880390	3.586366	-2.293578
59904	-2.151034	3.888474	-2.053019
59905	-2.475387	4.195161	-1.879855
59906	-2.873175	4.485911	-1.865641
59907	-3.332554	4.781626	-2.006526
59908	-3.830254	5.096278	-2.232163
59909	-4.395375	5.434489	-2.436795
59910	-5.005222	5.801055	-2.559796
59911	-5.641180	6.224589	-2.546647
59912	-6.307186	6.710347	-2.385936
59913	-7.060266	7.256745	-2.187029
59914	-7.888767	7.844400	-2.041569
59915	-8.810091	8.452242	-2.015414
59916	-9.840243	9.059741	-2.150201
59917	-10.987696	9.675492	-2.422653
59918	-12.217991	10.324079	-2.725447
59919	-13.523291	11.019909	-3.024904
59920	-14.890318	11.758630	-3.313798
59921	-16.323215	12.539118	-3.589174
59922	-17.783076	13.381869	-3.822434
59923	-19.277774	14.318159	-4.081370
59924	-20.873625	15.251911	-4.549731
59925	-22.624366	16.060726	-5.325713
59926	-24.665324	16.579972	-6.560142
59927	-27.007859	16.705585	-8.347407
59928	-29.518291	16.504817	-10.418154
59929	-32.027108	16.192924	-12.503143
59930	-34.389733	16.005854	-14.471002
59931	-36.517169	15.987472	-16.253152
59932	-38.549328	16.020015	-18.079920
59933	-40.518375	15.938268	-20.047058
59934	-42.135466	15.728858	-21.818338
59935	-43.262858	15.541032	-23.127389
59936	-44.231830	15.472049	-24.149391
59937	-45.050551	15.522649	-24.727517
59938	-45.614703	15.515134	-24.919738
59939	-45.772072	15.282531	-24.976825
59940	-45.406781	14.720736	-24.919877
59941	-44.621230	13.802031	-24.887748
59942	-43.525460	12.794180	-24.898405
59943	-42.072409	12.015406	-24.716546
59944	-40.236229	11.604604	-24.182876
59945	-38.037769	11.506332	-23.296560
59946	-35.588770	11.508108	-22.246790
59947	-32.969131	11.362600	-21.245316
59948	-30.260721	10.927985	-20.439699
59949	-27.505676	10.151917	-19.846673
59950	-24.764094	9.062907	-19.394859
59951	-21.984058	7.728980	-18.962169
59952	-19.056026	6.283351	-18.482418
59953	-15.936100	4.786114	-18.007967
59954	-12.749967	3.273452	-17.609431
59955	-9.519725	1.809252	-17.229541
59956	-6.338513	0.350937	-16.795248
59957	-3.243778	-1.114975	-16.303806
59958	-0.264713	-2.619062	-15.562362
59959	2.577724	-4.105599	-14.462408
59960	5.250299	-5.565856	-13.109433
59961	7.709549	-6.962921	-11.345381
59962	9.745621	-8.257265	-9.241076
59963	11.203840	-9.401811	-7.327277
59964	12.131971	-10.399906	-6.138858
59965	12.771315	-11.187923	-5.521077
59966	13.197136	-11.711400	-5.257830
59967	13.393713	-11.957370	-5.061194
59968	13.316501	-11.833408	-4.725348
59969	12.933070	-11.311896	-4.326256
59970	12.309709	-10.450483	-3.983231
59971	11.794044	-9.278294	-3.661257
59972	11.650653	-8.264953	-3.932898
59973	11.757388	-7.770235	-4.385133
59974	11.359524	-7.869997	-4.182887
59975	10.345613	-7.733084	-3.293629
59976	9.321236	-6.965495	-2.387943
59977	8.303305	-5.995967	-1.918033
59978	7.293855	-5.148052	-1.728795
59979	6.345078	-4.405407	-1.563402
59980	5.625106	-3.798874	-1.463180
59981	5.200140	-3.134867	-1.384739
59982	4.945931	-2.409233	-1.242436
59983	4.608019	-1.790815	-1.083779
59984	4.136443	-1.357807	-1.080779
59985	3.621085	-1.015118	-1.258695
59986	3.213909	-0.695077	-1.388894
59987	2.935128	-0.336164	-1.435912
59988	2.705755	0.034550	-1.447862
59989	2.453671	0.376348	-1.416358
59990	2.212391	0.715049	-1.251404
59991	1.988608	1.048599	-0.963758
59992	1.791601	1.368009	-0.736311
59993	1.565726	1.656206	-0.589578
59994	1.299163	1.835981	-0.404506
59995	1.028439	2.056610	-0.377797
59996	0.784653	2.257766	-0.345568
59997	0.558036	2.413720	-0.313439
59998	0.355582	2.572625	-0.205098
59999	0.131590	2.752384	-0.013292
60000	-0.104254	2.953670	0.235240
60001	-0.367687	3.171291	0.531477
60002	-0.649821	3.401640	0.850109
60003	-0.970352	3.654699	1.155441
60004	-1.315562	3.919760	1.406428
60005	-1.713480	4.211998	1.575832
60006	-2.149181	4.533512	1.647065
60007	-2.637042	4.890313	1.631913
60008	-3.173841	5.292554	1.570293
60009	-3.770935	5.761074	1.479000
60010	-4.438636	6.267155	1.350063
60011	-5.191014	6.789483	1.143436
60012	-5.991001	7.332519	0.882363
60013	-6.860362	7.895600	0.567465
60014	-7.776402	8.482763	0.270849
60015	-8.744446	9.096464	0.015050
60016	-9.758451	9.743893	-0.219394
60017	-10.823090	10.423925	-0.462438
60018	-11.946804	11.141466	-0.752444
60019	-13.161002	11.893416	-1.170323
60020	-14.489238	12.655069	-1.772986
60021	-15.922291	13.403274	-2.548856
60022	-17.399562	14.149348	-3.343762
60023	-18.967929	14.935755	-4.228823
60024	-20.757349	15.682345	-5.427296
60025	-22.929197	16.130836	-7.152913
60026	-25.356138	16.124738	-9.242119
60027	-27.916184	15.752947	-11.426025
60028	-30.549418	15.224852	-13.513337
60029	-33.055109	14.840644	-15.365302
60030	-35.281334	14.790258	-16.905082
60031	-37.231260	14.995796	-18.188064
60032	-39.045396	15.316001	-19.506985
60033	-40.583971	15.603752	-20.735736
60034	-41.609703	15.944841	-21.427434
60035	-42.294557	16.393840	-21.751586
60036	-42.914960	16.884860	-21.931307
60037	-43.406759	17.469808	-21.732348
60038	-43.709406	18.071363	-21.436734
60039	-43.638121	18.469470	-21.242309
60040	-43.246602	18.348402	-21.150070
60041	-42.640901	17.625225	-21.180862
60042	-41.868067	16.534368	-21.289346
60043	-40.839153	15.382393	-21.323397
60044	-39.503662	14.300436	-21.218490
60045	-37.865945	13.237790	-20.978579
60046	-35.953616	12.148121	-20.678319
60047	-33.788389	10.973661	-20.399520
60048	-31.426659	9.710517	-20.138801
60049	-28.883479	8.401962	-19.862773
60050	-26.238554	7.069481	-19.602089
60051	-23.492973	5.680115	-19.339467
60052	-20.578097	4.288427	-19.045692
60053	-17.397723	2.958649	-18.663910
60054	-14.075605	1.625883	-18.120876
60055	-10.708089	0.338632	-17.370009
60056	-7.323134	-0.864417	-16.512065
60057	-3.963382	-2.080883	-15.592353
60058	-0.755072	-3.386261	-14.660644
60059	2.242260	-4.790116	-13.737161
60060	5.024067	-6.208964	-12.769281
60061	7.625109	-7.541367	-11.642534
60062	9.973619	-8.694499	-10.305549
60063	11.939314	-9.660349	-8.903457
60064	13.382644	-10.533742	-7.841968
60065	14.399568	-11.378320	-7.395631
60066	15.156583	-12.062340	-7.406960
60067	15.670462	-12.376954	-7.560964
60068	15.803231	-12.236630	-7.499136
60069	15.516160	-11.607058	-7.223606
60070	14.787793	-10.604117	-6.853737
60071	14.106807	-9.240473	-6.535815
60072	13.807085	-7.994148	-6.688990
60073	13.519908	-7.230001	-7.136221
60074	12.522069	-7.291810	-6.839803
60075	11.162852	-7.333077	-5.663515
60076	9.948415	-6.663275	-4.572910
60077	8.828270	-5.663257	-3.869973
60078	7.683301	-4.784246	-3.326227
60079	6.585428	-4.030598	-2.771257
60080	5.809643	-3.336885	-2.358214
60081	5.369834	-2.605807	-2.125836
60082	5.160931	-1.834894	-1.931540
60083	4.873061	-1.218047	-1.903379
60084	4.369692	-0.811963	-2.196710
60085	3.795913	-0.517560	-2.670748
60086	3.331347	-0.214318	-3.143205
60087	3.008866	0.166927	-3.543837
60088	2.799531	0.564948	-3.820272
60089	2.641912	0.987296	-3.880772
60090	2.502413	1.386627	-3.659487
60091	2.343686	1.732385	-3.296228
60092	2.134541	1.987899	-2.990125
60093	1.872827	2.183818	-2.803986
60094	1.622430	2.364354	-2.714595
60095	1.372718	2.545828	-2.759887
60096	1.140038	2.695939	-2.845364
60097	0.904727	2.816986	-2.907535
60098	0.685075	2.918021	-2.883917
60099	0.471276	3.030300	-2.716082
60100	0.243139	3.163819	-2.511787
60101	-0.006826	3.342094	-2.301461
60102	-0.272162	3.510904	-2.055441
60103	-0.567314	3.677239	-1.818211
60104	-0.877460	3.861212	-1.659690
60105	-1.208229	4.097064	-1.576342
60106	-1.580829	4.365749	-1.563994
60107	-2.030371	4.660051	-1.590150
60108	-2.536651	5.006788	-1.659031
60109	-3.108829	5.401215	-1.748583
60110	-3.742018	5.829416	-1.845671
60111	-4.450917	6.307489	-1.955678
60112	-5.219734	6.822813	-2.089516
60113	-6.061193	7.355023	-2.279786
60114	-6.950566	7.898598	-2.504341
60115	-7.908755	8.459004	-2.744437
60116	-8.919933	9.031697	-2.979222
60117	-9.968241	9.633419	-3.190576
60118	-11.052777	10.254754	-3.401534
60119	-12.196245	10.892614	-3.643569
60120	-13.425893	11.537685	-3.971201
60121	-14.737685	12.199671	-4.425729
60122	-16.128320	12.837873	-4.978356
60123	-17.575358	13.464999	-5.616518
60124	-19.098630	14.094902	-6.414445
60125	-20.858244	14.616966	-7.637402
60126	-23.077274	14.733077	-9.528105
60127	-25.617771	14.361270	-11.889452
60128	-28.310755	13.606374	-14.421952
60129	-30.971686	12.797605	-16.835349
60130	-33.379339	12.337765	-18.829353
60131	-35.439942	12.299006	-20.390110
60132	-37.239987	12.573661	-21.593115
60133	-38.822686	12.898837	-22.650658
60134	-40.118620	13.200242	-23.480070
60135	-40.979495	13.753872	-23.868296
60136	-41.505204	14.595816	-23.998680
60137	-41.923876	15.402790	-24.024529
60138	-42.326918	16.147852	-23.724744
60139	-42.543159	16.888514	-23.244534
60140	-42.469565	17.537149	-22.811063
60141	-42.090729	17.852962	-22.496208
60142	-41.505121	17.711898	-22.356743
60143	-40.696913	17.244002	-22.293318
60144	-39.663247	16.669242	-22.117587
60145	-38.348924	16.121612	-21.730230
60146	-36.760022	15.653980	-21.111390
60147	-34.868338	15.212378	-20.308278
60148	-32.753816	14.652924	-19.488015
60149	-30.483469	13.848621	-18.762786
60150	-28.128069	12.788472	-18.160650
60151	-25.733114	11.518170	-17.696719
60152	-23.344612	10.056434	-17.325284
60153	-20.880986	8.450808	-16.959664
60154	-18.259967	6.799907	-16.616735
60155	-15.412699	5.225695	-16.273645
60156	-12.371118	3.751448	-15.900277
60157	-9.252101	2.301301	-15.501369
60158	-6.212357	0.813041	-15.101129
60159	-3.238245	-0.713248	-14.611062
60160	-0.278503	-2.183265	-13.958581
60161	2.590764	-3.558971	-13.205376
60162	5.260260	-4.810672	-12.335934
60163	7.665734	-5.909859	-11.310548
60164	9.704604	-6.816181	-10.237471
60165	11.381038	-7.582313	-9.378933
60166	12.642347	-8.284305	-9.003680
60167	13.575696	-8.857073	-8.997245
60168	14.284217	-9.155312	-9.144726
60169	14.729654	-9.112821	-9.226301
60170	14.762296	-8.680959	-9.086947
60171	14.124312	-7.880431	-8.786528
60172	13.249267	-6.722618	-7.990480
60173	12.558205	-5.695489	-7.245369
60174	11.887304	-5.309906	-6.834868
60175	10.940249	-5.691206	-5.710235
60176	9.845578	-5.748696	-3.854474
60177	8.803428	-5.160131	-2.059180
60178	7.921754	-4.234740	-0.652305
60179	7.044709	-3.307981	0.228365
60180	6.165499	-2.435883	0.746626
60181	5.397780	-1.671650	0.971409
60182	4.809591	-1.032523	0.874171
60183	4.357520	-0.464516	0.616761
60184	3.906083	-0.009793	0.347915
60185	3.418067	0.345725	0.084808
60186	3.033489	0.637210	0.057712
60187	2.785044	0.950632	0.341411
60188	2.593886	1.292986	0.949680
60189	2.390939	1.645471	1.703742
60190	2.187832	1.956377	2.421404
60191	1.949044	2.246586	2.943915
60192	1.694771	2.508816	3.155724
60193	1.432079	2.686033	3.120063
60194	1.176452	2.786873	2.936805
60195	0.914840	2.891560	2.659415
60196	0.667964	3.007816	2.428471
60197	0.433727	3.153926	2.292692
60198	0.206080	3.272515	2.241009
60199	-0.020473	3.397784	2.229534
60200	-0.248285	3.534389	2.209124
60201	-0.501894	3.704158	2.151396
60202	-0.795923	3.885030	2.081040
60203	-1.139480	4.097955	1.995854
60204	-1.515545	4.332047	1.932188
60205	-1.941001	4.608584	1.887838
60206	-2.414584	4.931615	1.831443
60207	-2.960518	5.312576	1.710552
60208	-3.558604	5.726698	1.492417
60209	-4.226462	6.172908	1.171960
60210	-4.951144	6.660816	0.786547
60211	-5.758775	7.183857	0.341401
60212	-6.654342	7.753503	-0.145386
60213	-7.629339	8.347704	-0.663531
60214	-8.667672	8.963779	-1.177554
60215	-9.765010	9.612195	-1.662593
60216	-10.902878	10.314707	-2.081414
60217	-12.078375	11.102733	-2.429606
60218	-13.315918	11.968186	-2.755126
60219	-14.641477	12.882186	-3.132182
60220	-16.053728	13.830571	-3.612832
60221	-17.553299	14.783134	-4.164728
60222	-19.173894	15.665108	-4.923993
60223	-20.954492	16.432955	-6.025152
60224	-23.084234	16.891605	-7.611949
60225	-25.655653	16.809985	-9.730436
60226	-28.441572	16.303992	-12.023999
60227	-31.131115	15.780137	-14.170201
60228	-33.543470	15.551144	-16.033320
60229	-35.622058	15.648502	-17.645121
60230	-37.585480	15.891361	-19.385996
60231	-39.576153	16.048380	-21.505124
60232	-41.363576	16.026492	-23.679914
60233	-42.610816	15.963430	-25.344061
60234	-43.515194	15.878608	-26.667489
60235	-44.374464	15.680257	-27.672229
60236	-45.056541	15.626605	-28.080235
60237	-45.414269	15.540018	-28.343793
60238	-45.383884	15.086402	-28.593200
60239	-44.974839	14.052655	-28.946032
60240	-44.306947	12.691286	-29.531871
60241	-43.329532	11.476678	-30.116700
60242	-42.032782	10.682185	-30.398023
60243	-40.458814	10.274151	-30.267320
60244	-38.614912	10.145346	-29.800049
60245	-36.553269	10.008904	-29.205929
60246	-34.344492	9.665958	-28.655753
60247	-31.955720	9.081786	-28.163690
60248	-29.416476	8.300111	-27.645027
60249	-26.705452	7.387017	-26.947555
60250	-23.790440	6.429810	-26.042923
60251	-20.654177	5.467004	-24.953741
60252	-17.405586	4.507841	-23.705489
60253	-14.044936	3.596311	-22.406535
60254	-10.708808	2.636407	-21.151523
60255	-7.473600	1.479513	-19.857324
60256	-4.434242	0.026926	-18.547413
60257	-1.642094	-1.604926	-17.492370
60258	0.964830	-3.190279	-16.750366
60259	3.474775	-4.700056	-16.044665
60260	5.855173	-6.105026	-14.954274
60261	7.979885	-7.372523	-13.480534
60262	9.638151	-8.421265	-12.027318
60263	10.748496	-9.321759	-10.891726
60264	11.409313	-10.078463	-10.186313
60265	11.767051	-10.635459	-9.819119
60266	11.874573	-10.900990	-9.609768
60267	11.764435	-10.751314	-9.355210
60268	11.353037	-10.344291	-8.896135
60269	10.755801	-9.574660	-8.013438
60270	10.276833	-8.636897	-6.919331
60271	10.039417	-7.926073	-6.245243
60272	9.932418	-7.686675	-5.860433
60273	9.327042	-7.738211	-5.202006
60274	8.485883	-7.269683	-4.292883
60275	7.607347	-6.353723	-3.662217
60276	6.645546	-5.300637	-3.556087
60277	5.595648	-4.335792	-3.694907
60278	4.578124	-3.640779	-3.699482
60279	3.867055	-2.992280	-3.229312
60280	3.422635	-2.287784	-2.317259
60281	2.950574	-1.545660	-1.549515
60282	2.396704	-0.998118	-1.089209
60283	1.862465	-0.711895	-0.874796
60284	1.479391	-0.550247	-0.681575
60285	1.251934	-0.326560	-0.380115
60286	1.071446	-0.073677	-0.132783
60287	0.849281	0.163328	0.051460
60288	0.604442	0.380390	0.196561
60289	0.398100	0.575274	0.425253
60290	0.266312	0.744245	0.701716
60291	0.152186	0.895781	0.950442
60292	0.094484	1.038956	1.109443
60293	0.082754	1.211039	1.275233
60294	0.080480	1.385954	1.499682
60295	0.005810	1.534825	1.740082
60296	-0.089684	1.649993	1.961436
60297	-0.197752	1.792105	2.189466
60298	-0.340732	1.972004	2.402097
60299	-0.545021	2.186787	2.555008
60300	-0.781651	2.411290	2.633768
60301	-1.061896	2.655792	2.620836
60302	-1.373722	2.917762	2.544340
60303	-1.748296	3.228058	2.441426
60304	-2.191864	3.571942	2.335517
60305	-2.694401	3.967230	2.225831
60306	-3.240191	4.402275	2.103545
60307	-3.859911	4.872412	1.907712
60308	-4.532427	5.360175	1.684019
60309	-5.275240	5.879488	1.455078
60310	-6.060028	6.419825	1.221838
60311	-6.878566	6.986051	0.995903
60312	-7.739118	7.569780	0.747360
60313	-8.657353	8.184213	0.478952
60314	-9.617419	8.825841	0.182929
60315	-10.644173	9.492595	-0.188799
60316	-11.746726	10.176842	-0.687026
60317	-12.957187	10.874955	-1.352718
60318	-14.300620	11.580912	-2.124443
60319	-15.760754	12.277242	-2.947275
60320	-17.256186	12.966647	-3.649111
60321	-18.725152	13.726792	-4.213108
60322	-20.235223	14.565519	-4.859175
60323	-21.924923	15.372330	-5.821691
60324	-23.991695	15.867780	-7.284590
60325	-26.382648	15.949549	-9.112481
60326	-28.882899	15.827080	-10.977249
60327	-31.353925	15.688243	-12.782214
60328	-33.665761	15.736204	-14.496469
60329	-35.779193	15.934393	-16.196599
60330	-37.790845	16.108956	-18.100922
60331	-39.695596	16.047974	-20.182097
60332	-41.245551	15.835185	-22.055584
60333	-42.257193	15.652306	-23.453720
60334	-42.960286	15.470356	-24.609215
60335	-43.602239	15.043762	-25.516164
60336	-44.180054	14.553903	-25.787570
60337	-44.492529	14.196383	-25.768533
60338	-44.393702	13.895039	-25.785998
60339	-43.802269	13.482045	-25.675937
60340	-42.915464	12.700818	-25.452850
60341	-41.727863	11.709674	-25.237322
60342	-40.266269	10.825240	-24.969904
60343	-38.478948	10.282055	-24.481474
60344	-36.422883	10.085444	-23.705020
60345	-34.035933	10.152680	-22.646046
60346	-31.352754	10.270385	-21.439127
60347	-28.477282	10.182384	-20.284084
60348	-25.488787	9.792052	-19.279857
60349	-22.478238	9.033674	-18.395974
60350	-19.557817	7.888595	-17.505143
60351	-16.708556	6.474420	-16.648293
60352	-13.853353	4.969455	-15.881072
60353	-10.936299	3.514288	-15.188099
60354	-7.975759	2.172866	-14.589878
60355	-5.011631	0.865193	-14.156640
60356	-2.100319	-0.455129	-13.826431
60357	0.799655	-1.807836	-13.398042
60358	3.609509	-3.184523	-12.781977
60359	6.255489	-4.479767	-12.031744
60360	8.677814	-5.616196	-11.090384
60361	10.754223	-6.623637	-9.934825
60362	12.409621	-7.588042	-8.954092
60363	13.626037	-8.469532	-8.559721
60364	14.489428	-9.106024	-8.530810
60365	15.071987	-9.441507	-8.540200
60366	15.406646	-9.518303	-8.419949
60367	15.468893	-9.334509	-8.078334
60368	15.199130	-8.873415	-7.563364
60369	14.558074	-8.131487	-6.823498
60370	13.855110	-7.079980	-5.974624
60371	13.310988	-6.149945	-5.401785
60372	12.821772	-5.646968	-5.084838
60373	12.083046	-5.646150	-4.372308
60374	11.063157	-5.471881	-3.292280
60375	9.993823	-4.823971	-2.165336
60376	9.014756	-3.913580	-1.187554
60377	8.115781	-2.945742	-0.438262
60378	7.273198	-2.040697	-0.010228
60379	6.616335	-1.156927	0.231935
60380	6.137490	-0.293125	0.386126
60381	5.676991	0.515519	0.329840
60382	5.168226	1.187287	0.031759
60383	4.630081	1.679948	-0.450202
60384	4.184403	2.082339	-0.885716
60385	3.893663	2.490546	-1.081009
60386	3.700922	2.946307	-1.057595
60387	3.495563	3.436209	-0.905542
60388	3.272253	3.876754	-0.714796
60389	3.024876	4.246228	-0.618897
60390	2.775222	4.561196	-0.723832
60391	2.503297	4.824116	-0.999369
60392	2.249328	5.017378	-1.374930
60393	2.003734	5.145596	-1.802135
60394	1.771483	5.231903	-2.186279
60395	1.539559	5.315937	-2.511420
60396	1.330216	5.385866	-2.782375
60397	1.136750	5.444029	-3.021000
60398	0.961529	5.481563	-3.249132
60399	0.770776	5.536458	-3.487135
60400	0.555306	5.579426	-3.738498
60401	0.312783	5.630551	-4.006156
60402	0.040579	5.701810	-4.285707
60403	-0.290125	5.818142	-4.597091
60404	-0.681133	5.966242	-4.960062
60405	-1.139833	6.145083	-5.330341
60406	-1.640286	6.354903	-5.705806
60407	-2.189393	6.613216	-6.067444
60408	-2.795628	6.897066	-6.411899
60409	-3.456667	7.221871	-6.695680
60410	-4.164715	7.580809	-6.920729
60411	-4.933197	7.985002	-7.152360
60412	-5.738495	8.401339	-7.378648
60413	-6.605314	8.838633	-7.639035
60414	-7.519577	9.296458	-7.919350
60415	-8.486665	9.774512	-8.191886
60416	-9.508811	10.280478	-8.473637
60417	-10.590644	10.823440	-8.718567
60418	-11.725262	11.418048	-8.922311
60419	-12.942474	12.086235	-9.124053
60420	-14.244939	12.821557	-9.343028
60421	-15.637749	13.576735	-9.673615
60422	-17.103699	14.365008	-10.160031
60423	-18.721584	15.109366	-10.929536
60424	-20.601313	15.707109	-12.128545
60425	-22.802334	16.004944	-13.713246
60426	-25.322358	15.912542	-15.608301
60427	-27.992992	15.529072	-17.676710
60428	-30.592626	15.117846	-19.494395
60429	-32.891032	15.022710	-20.930183
60430	-34.819912	15.377526	-22.009945
60431	-36.590367	15.917312	-22.949667
60432	-38.417491	16.398119	-24.197481
60433	-40.011995	16.847694	-25.615206
60434	-41.180383	17.376150	-26.691492
60435	-41.865148	18.031982	-27.305394
60436	-42.369540	18.488839	-27.591026
60437	-42.679547	18.751830	-27.195085
60438	-42.628603	19.114122	-26.302697
60439	-42.145501	19.624668	-25.299366
60440	-41.461136	19.911440	-24.500177
60441	-40.753401	19.615730	-24.014919
60442	-40.017980	18.822576	-23.786196
60443	-39.129556	17.815893	-23.610746
60444	-38.020356	16.779861	-23.235013
60445	-36.584348	15.850824	-22.436907
60446	-34.841401	15.030980	-21.313728
60447	-32.851884	14.114802	-20.196694
60448	-30.704449	12.961141	-19.380497
60449	-28.472530	11.509614	-19.005853
60450	-26.203370	9.787319	-18.966602
60451	-23.865361	7.923759	-19.012968
60452	-21.407280	6.067784	-18.919087
60453	-18.712344	4.280815	-18.569511
60454	-15.789052	2.636975	-17.968107
60455	-12.716666	1.231718	-17.221058
60456	-9.603069	0.079817	-16.377413
60457	-6.535084	-0.991494	-15.320671
60458	-3.605404	-2.119616	-13.971814
60459	-0.857598	-3.380161	-12.404464
60460	1.733408	-4.716663	-10.729898
60461	4.165774	-6.048764	-9.019750
60462	6.332390	-7.283053	-7.348663
60463	8.100965	-8.317521	-5.859438
60464	9.407690	-9.116401	-4.841163
60465	10.399184	-9.803200	-4.449404
60466	11.109123	-10.373815	-4.574688
60467	11.569292	-10.687131	-4.892793
60468	11.813920	-10.624195	-5.142688
60469	11.824483	-10.242772	-5.266970
60470	11.571346	-9.598870	-5.287800
60471	11.149526	-8.600687	-5.008288
60472	10.844194	-7.544558	-4.807687
60473	10.663231	-6.890904	-4.905691
60474	10.305893	-6.830902	-4.698040
60475	9.471132	-6.891610	-3.794066
60476	8.545228	-6.363299	-2.572011
60477	7.595311	-5.448464	-1.639095
60478	6.605202	-4.470396	-1.067599
60479	5.562553	-3.570750	-0.793823
60480	4.622311	-2.790956	-0.640041
60481	3.983373	-2.006624	-0.462260
60482	3.585151	-1.167300	-0.273962
60483	3.234064	-0.401956	-0.192061
60484	2.805647	0.103132	-0.291562
60485	2.289288	0.406677	-0.473312
60486	1.819346	0.650520	-0.539121
60487	1.455846	0.949220	-0.393495
60488	1.197615	1.317406	-0.156827
60489	0.992528	1.735168	0.112005
60490	0.804271	2.186874	0.261626
60491	0.602692	2.509911	0.813710
60492	0.413870	2.791063	1.200835
60493	0.209171	3.014505	1.488166
60494	0.004698	3.173478	1.673637
60495	-0.199202	3.313982	1.765632
60496	-0.358654	3.443073	1.835470
60497	-0.521543	3.573960	1.896652
60498	-0.701421	3.682293	1.978290
60499	-0.871918	3.817329	2.115382
60500	-1.014621	3.993557	2.301300
60501	-1.177656	4.207028	2.507444
60502	-1.355992	4.430545	2.708279
60503	-1.569916	4.655116	2.832801
60504	-1.810820	4.863788	2.870142
60505	-2.095300	5.090317	2.835066
60506	-2.433736	5.353640	2.676453
60507	-2.849587	5.623989	2.419151
60508	-3.301713	5.916003	2.116398
60509	-3.813370	6.241859	1.797817
60510	-4.374647	6.612140	1.488593
60511	-4.994215	7.027333	1.208829
60512	-5.664141	7.481461	0.931191
60513	-6.382365	7.974473	0.674662
60514	-7.158188	8.474734	0.427568
60515	-7.995919	8.996185	0.172531
60516	-8.896229	9.535637	-0.085077
60517	-9.851825	10.110965	-0.344612
60518	-10.877576	10.705539	-0.621570
60519	-11.972758	11.326676	-0.934493
60520	-13.152866	11.978466	-1.337909
60521	-14.449011	12.646686	-1.888785
60522	-15.834900	13.305256	-2.570700
60523	-17.272439	13.964319	-3.287221
60524	-18.772123	14.609017	-4.045539
60525	-20.377008	15.253784	-5.011711
60526	-22.203209	15.751632	-6.332518
60527	-24.349788	15.913891	-8.076144
60528	-26.751829	15.679763	-10.144977
60529	-29.321592	15.140014	-12.297052
60530	-31.899003	14.585985	-14.291931
60531	-34.224907	14.304571	-16.071264
60532	-36.231108	14.399599	-17.507474
60533	-37.996089	14.743941	-18.833480
60534	-39.666425	15.110095	-20.287110
60535	-41.048726	15.389020	-21.591036
60536	-42.040015	15.681295	-22.424365
60537	-42.807420	16.069056	-23.018953
60538	-43.532378	16.481837	-23.340788
60539	-44.069670	16.966256	-23.256500
60540	-44.340790	17.319279	-23.173093
60541	-44.233845	17.259464	-23.172396
60542	-43.869980	16.594557	-23.337595
60543	-43.300515	15.542546	-23.627261
60544	-42.446739	14.557512	-23.804036
60545	-41.233252	13.802485	-23.693521
60546	-39.744408	13.195602	-23.313751
60547	-37.954517	12.670941	-22.799373
60548	-35.911054	12.115264	-22.268483
60549	-33.667256	11.414821	-21.797542
60550	-31.265188	10.559136	-21.401330
60551	-28.715093	9.583065	-21.009026
60552	-26.047047	8.481235	-20.551273
60553	-23.199747	7.264367	-19.963096
60554	-20.190309	5.980515	-19.274451
60555	-17.049911	4.731257	-18.479876
60556	-13.785118	3.588266	-17.556809
60557	-10.469645	2.489484	-16.574039
60558	-7.260039	1.317387	-15.608371
60559	-4.204462	-0.011451	-14.636164
60560	-1.291285	-1.456233	-13.627806
60561	1.520460	-2.940659	-12.512615
60562	4.156943	-4.391416	-11.195113
60563	6.571419	-5.676420	-9.652581
60564	8.630620	-6.760881	-8.045334
60565	10.281329	-7.728997	-6.664654
60566	11.477007	-8.632379	-5.898760
60567	12.303321	-9.324633	-5.743248
60568	12.866224	-9.672458	-5.992488
60569	13.232073	-9.669624	-6.408933
60570	13.348112	-9.411102	-6.714175
60571	13.105170	-8.821875	-6.724767
60572	12.502675	-7.888358	-6.427364
60573	12.003850	-6.841240	-6.026893
60574	11.658977	-6.125937	-6.109717
60575	11.303520	-5.904007	-6.108561
60576	10.625999	-5.796398	-5.679453
60577	9.733842	-5.252262	-5.123784
60578	8.755047	-4.394783	-4.768804
60579	7.711265	-3.461229	-4.678246
60580	6.571893	-2.664158	-4.777659
60581	5.546799	-1.989333	-4.885205
60582	4.856841	-1.310107	-4.721147
60583	4.404788	-0.529367	-4.324834
60584	3.955871	0.229042	-4.014648
60585	3.394196	0.789534	-4.008585
60586	2.805858	1.121585	-4.191200
60587	2.302962	1.389543	-4.301068
60588	1.933126	1.725509	-4.278552
60589	1.624218	2.121571	-4.203184
60590	1.328298	2.529845	-4.142257
60591	1.029524	2.914132	-4.051711
60592	0.767300	3.279853	-3.891802
60593	0.503470	3.613136	-3.698816
60594	0.218575	3.885498	-3.528706
60595	-0.105967	4.111387	-3.424888
60596	-0.425501	4.306236	-3.376966
60597	-0.721181	4.487336	-3.329462
60598	-0.981971	4.663125	-3.279419
60599	-1.267967	4.831996	-3.221229
60600	-1.551133	5.008589	-3.102207
60601	-1.820816	5.211045	-2.884811
60602	-2.077535	5.436938	-2.557453
60603	-2.357376	5.671464	-2.158679
60604	-2.669513	5.892987	-1.796179
60605	-2.998724	6.134276	-1.492513
60606	-3.324487	6.383879	-1.242758
60607	-3.675008	6.660928	-1.075782
60608	-4.067609	6.925844	-1.037351
60609	-4.512703	7.191637	-1.132495
60610	-4.996156	7.464801	-1.321544
60611	-5.525855	7.772487	-1.572717
60612	-6.110435	8.103498	-1.856414
60613	-6.740741	8.465810	-2.156866
60614	-7.399241	8.846662	-2.421091
60615	-8.096650	9.284829	-2.646790
60616	-8.866290	9.757812	-2.823480
60617	-9.737990	10.269939	-2.964433
60618	-10.700842	10.823418	-3.123408
60619	-11.759346	11.400744	-3.335497
60620	-12.921038	11.985244	-3.640281
60621	-14.204533	12.583503	-4.058721
60622	-15.584778	13.198902	-4.575251
60623	-17.053626	13.804294	-5.210563
60624	-18.605417	14.396445	-5.988640
60625	-20.258348	14.972341	-6.971361
60626	-22.081180	15.451748	-8.194715
60627	-24.200513	15.674622	-9.730762
60628	-26.605022	15.563249	-11.586913
60629	-29.171440	15.178027	-13.591783
60630	-31.751717	14.720568	-15.549291
60631	-34.137060	14.474119	-17.314934
60632	-36.255020	14.525579	-18.843379
60633	-38.159658	14.761692	-20.295002
60634	-40.022728	14.995117	-21.964825
60635	-41.688566	15.116873	-23.668811
60636	-42.912776	15.215693	-24.909076
60637	-43.803061	15.394229	-25.808141
60638	-44.668066	15.594400	-26.463824
60639	-45.378065	15.912232	-26.594542
60640	-45.848720	16.179133	-26.623502
60641	-45.907219	16.146707	-26.747798
60642	-45.552345	15.590737	-26.900237
60643	-44.906563	14.592080	-27.106747
60644	-44.036342	13.526795	-27.231912
60645	-42.839769	12.725720	-27.054491
60646	-41.309218	12.268532	-26.473800
60647	-39.436383	12.061143	-25.635002
60648	-37.304268	11.888326	-24.792377
60649	-34.981843	11.517891	-24.094738
60650	-32.518013	10.887952	-23.562348
60651	-29.951557	9.999975	-23.078965
60652	-27.346784	8.928495	-22.508922
60653	-24.632873	7.762374	-21.813021
60654	-21.727834	6.592116	-20.993668
60655	-18.632275	5.419897	-20.105536
60656	-15.435288	4.281011	-19.166215
60657	-12.179072	3.167929	-18.131256
60658	-8.976327	1.978595	-17.052521
60659	-5.877971	0.664131	-15.964759
60660	-2.883605	-0.769175	-14.804804
60661	-0.004398	-2.284405	-13.523680
60662	2.687302	-3.825669	-12.168666
60663	5.156101	-5.359020	-10.604849
60664	7.288340	-6.780885	-8.779635
60665	8.936960	-7.989794	-6.979385
60666	10.039799	-9.042475	-5.735958
60667	10.796632	-9.956500	-5.176591
60668	11.349537	-10.558842	-5.032548
60669	11.693641	-10.759363	-5.131585
60670	11.827610	-10.602199	-5.266176
60671	11.697479	-9.988615	-5.385636
60672	11.220509	-8.959124	-5.460472
60673	10.804040	-7.656277	-5.468653
60674	10.573137	-6.669667	-5.858306
60675	10.308700	-6.327399	-6.206220
60676	9.559395	-6.489253	-5.707999
60677	8.573256	-6.206174	-4.588989
60678	7.541799	-5.427687	-3.470075
60679	6.537165	-4.334639	-2.559700
60680	5.435365	-3.325228	-1.952979
60681	4.386975	-2.524972	-1.676117
60682	3.690393	-1.776754	-1.545933
60683	3.315786	-1.011860	-1.307722
60684	3.072579	-0.290003	-1.158155
60685	2.694832	0.249180	-1.380102
60686	2.174757	0.580356	-1.770470
60687	1.679941	0.842750	-2.068353
60688	1.309428	1.162160	-2.143088
60689	1.031934	1.528517	-2.073151
60690	0.828942	1.927441	-1.938109
60691	0.653665	2.296134	-1.666753
60692	0.507954	2.626606	-1.238966
60693	0.342882	2.907833	-0.694412
60694	0.117497	3.077225	-0.152291
60695	-0.128165	3.207525	0.248332
60696	-0.317278	3.352851	0.503291
60697	-0.475619	3.514304	0.683871
60698	-0.648338	3.659124	0.819076
60699	-0.838286	3.801438	0.934378
60700	-0.984019	3.979758	1.105229
60701	-1.135589	4.181327	1.325722
60702	-1.292986	4.405355	1.576859
60703	-1.490904	4.646670	1.802573
60704	-1.728558	4.882836	1.956555
60705	-2.009750	5.125407	1.977567
60706	-2.324753	5.359895	1.868380
60707	-2.690705	5.613205	1.656980
60708	-3.103881	5.911540	1.401366
60709	-3.590066	6.250878	1.125849
60710	-4.139599	6.618121	0.833306
60711	-4.757417	7.013509	0.521057
60712	-5.432111	7.437972	0.215118
60713	-6.183160	7.910457	-0.069616
60714	-6.996372	8.417147	-0.309713
60715	-7.866863	8.963359	-0.512352
60716	-8.793305	9.538203	-0.706861
60717	-9.796924	10.147426	-0.909979
60718	-10.868895	10.795825	-1.132939
60719	-12.014274	11.487953	-1.391227
60720	-13.221387	12.215372	-1.698440
60721	-14.509146	12.956617	-2.082979
60722	-15.872954	13.736111	-2.542996
60723	-17.308727	14.561047	-3.076659
60724	-18.831389	15.432415	-3.762015
60725	-20.539451	16.267098	-4.805806
60726	-22.581717	16.808184	-6.329848
60727	-24.931940	16.897379	-8.278130
60728	-27.438962	16.669031	-10.390720
60729	-29.991898	16.326056	-12.431453
60730	-32.455744	16.090038	-14.353435
60731	-34.689059	16.049630	-16.057953
60732	-36.748574	16.164467	-17.617347
60733	-38.729171	16.293833	-19.301919
60734	-40.517266	16.344191	-21.011069
60735	-41.863699	16.389012	-22.308211
60736	-42.868041	16.581320	-23.128630
60737	-43.736346	16.934176	-23.603852
60738	-44.418447	17.423590	-23.666673
60739	-44.751429	17.665912	-23.683828
60740	-44.686749	17.348738	-23.728454
60741	-44.359744	16.450380	-23.867015
60742	-43.909962	15.310660	-24.152395
60743	-43.136326	14.418591	-24.232828
60744	-42.005366	13.917235	-23.885260
60745	-40.577477	13.628696	-23.247148
60746	-38.946033	13.345091	-22.530595
60747	-37.131441	12.909718	-21.829182
60748	-35.158195	12.253913	-21.168911
60749	-33.022032	11.398869	-20.526999
60750	-30.697194	10.437948	-19.853278
60751	-28.184629	9.376580	-19.140940
60752	-25.552341	8.211873	-18.447470
60753	-22.716939	7.038937	-17.756726
60754	-19.660480	5.899340	-16.963094
60755	-16.445372	4.797597	-16.089405
60756	-13.267035	3.669133	-15.203534
60757	-10.229745	2.472299	-14.388805
60758	-7.372102	1.185487	-13.602001
60759	-4.664583	-0.162610	-12.715769
60760	-2.127759	-1.558381	-11.689553
60761	0.265608	-2.963166	-10.570829
60762	2.531387	-4.323951	-9.282067
60763	4.669245	-5.560656	-7.699607
60764	6.513147	-6.621861	-5.921760
60765	7.842448	-7.500042	-4.267473
60766	8.599652	-8.211548	-3.064485
60767	8.946407	-8.770322	-2.494621
60768	9.058809	-9.072212	-2.473019
60769	9.051363	-8.995418	-2.723601
60770	8.925052	-8.532383	-2.996236
60771	8.715996	-7.524836	-3.006044
60772	8.586190	-6.367280	-3.132708
60773	8.479154	-5.693764	-3.942939
60774	8.144493	-5.807142	-4.454100
60775	7.364454	-5.859193	-4.122497
60776	6.512745	-5.243370	-3.417823
60777	5.558473	-4.389904	-2.798973
60778	4.643776	-3.627991	-2.333569
60779	3.860507	-2.908710	-1.929965
60780	3.366474	-2.177609	-1.521503
60781	3.086977	-1.358654	-1.162597
60782	2.809741	-0.627790	-0.950523
60783	2.422776	-0.113007	-0.975313
60784	1.995902	0.262831	-1.178188
60785	1.580452	0.580145	-1.467014
60786	1.258264	0.890003	-1.741343
60787	1.012260	1.227605	-1.972901
60788	0.837919	1.573361	-2.082519
60789	0.738045	1.928247	-2.011024
60790	0.666722	2.282027	-1.784662
60791	0.558258	2.604185	-1.528382
60792	0.437213	2.861849	-1.319078
60793	0.309521	3.066808	-1.213888
60794	0.164625	3.240633	-1.271370
60795	-0.003110	3.403188	-1.437056
60796	-0.152399	3.561628	-1.640474
60797	-0.298715	3.716987	-1.819910
60798	-0.455689	3.861455	-1.956158
60799	-0.647337	4.007948	-2.057259
60800	-0.845508	4.167754	-2.123817
60801	-1.051610	4.355430	-2.160872
60802	-1.281892	4.536957	-2.200684
60803	-1.561995	4.718089	-2.268099
60804	-1.858921	4.919543	-2.370454
60805	-2.197894	5.156082	-2.525118
60806	-2.581918	5.406159	-2.747173
60807	-3.018749	5.667330	-3.004739
60808	-3.497251	5.950566	-3.289728
60809	-4.029802	6.269920	-3.516735
60810	-4.601765	6.626094	-3.642430
60811	-5.220033	7.028886	-3.683233
60812	-5.883990	7.457087	-3.690725
60813	-6.631493	7.902135	-3.742022
60814	-7.453152	8.354262	-3.864858
60815	-8.352094	8.816177	-4.047499
60816	-9.300272	9.300776	-4.271249
60817	-10.286952	9.828045	-4.506316
60818	-11.325503	10.377389	-4.747417
60819	-12.431686	10.972765	-4.982429
60820	-13.612306	11.608438	-5.198992
60821	-14.876998	12.278080	-5.446179
60822	-16.234792	12.963017	-5.781535
60823	-17.674093	13.641757	-6.243238
60824	-19.133758	14.336002	-6.770266
60825	-20.734376	14.980617	-7.526444
60826	-22.538971	15.515342	-8.645816
60827	-24.576748	15.774957	-10.019305
60828	-26.812387	15.766776	-11.614790
60829	-29.204847	15.543531	-13.302143
60830	-31.594471	15.351359	-14.858247
60831	-33.776000	15.422779	-16.274523
60832	-35.645223	15.792890	-17.408708
60833	-37.351761	16.288780	-18.487092
60834	-39.099290	16.721956	-19.768722
60835	-40.632660	17.087697	-21.089535
60836	-41.832410	17.377288	-22.057418
60837	-42.721457	17.658761	-22.661523
60838	-43.504180	17.972550	-22.923615
60839	-44.011465	18.343090	-22.776371
60840	-44.206668	18.440316	-22.722234
60841	-44.015640	17.970358	-22.800743
60842	-43.640908	16.859700	-23.094348
60843	-43.071682	15.484225	-23.493207
60844	-42.199977	14.271240	-23.655005
60845	-40.955305	13.368613	-23.415465
60846	-39.415236	12.685536	-22.915936
60847	-37.650241	12.030510	-22.333345
60848	-35.757148	11.243570	-21.825198
60849	-33.737756	10.246351	-21.459378
60850	-31.596629	9.061188	-21.184489
60851	-29.286127	7.763225	-20.913431
60852	-26.798768	6.432767	-20.564332
60853	-24.085318	5.110747	-20.058329
60854	-21.185574	3.848163	-19.404000
60855	-18.053449	2.742955	-18.505269
60856	-14.758073	1.776788	-17.372745
60857	-11.484995	0.830787	-16.163586
60858	-8.371074	-0.176658	-15.007526
60859	-5.431722	-1.371925	-13.855959
60860	-2.643418	-2.738585	-12.540416
60861	-0.022734	-4.212215	-11.073248
60862	2.360008	-5.686826	-9.696427
60863	4.502423	-7.132667	-8.422340
60864	6.427790	-8.460406	-7.080190
60865	8.079617	-9.597222	-5.685547
60866	9.359902	-10.477377	-4.536318
60867	10.306424	-11.147443	-3.957749
60868	10.995707	-11.616776	-4.006724
60869	11.497640	-11.819814	-4.478684
60870	11.839559	-11.657979	-5.170932
60871	12.010509	-11.122094	-5.946489
60872	11.940118	-10.392036	-6.703967
60873	11.662206	-9.392444	-7.193078
60874	11.442796	-8.278580	-7.244215
60875	11.383761	-7.482133	-7.420039
60876	11.224555	-7.330320	-7.332509
60877	10.485624	-7.535110	-6.290108
60878	9.441290	-7.293473	-4.694687
60879	8.335385	-6.661654	-3.161045
60880	7.278251	-5.816188	-1.788635
60881	6.258480	-4.870400	-0.721304
60882	5.294351	-4.004243	-0.028237
60883	4.533267	-3.272442	0.389744
60884	4.097178	-2.547909	0.701550
60885	3.792668	-1.837816	0.826029
60886	3.411093	-1.220981	0.610802
60887	2.856806	-0.819232	0.076103
60888	2.259690	-0.535422	-0.508341
60889	1.792690	-0.248950	-0.811082
60890	1.464401	0.101310	-0.914857
60891	1.203525	0.549672	-1.040826
60892	0.986636	0.990856	-0.568587
60893	0.772130	1.425019	0.053665
60894	0.554760	1.832758	0.757160
60895	0.318688	2.184843	1.389560
60896	0.051823	2.472926	1.763741
60897	-0.217081	2.699281	1.905731
60898	-0.455577	2.887120	1.889561
60899	-0.680077	3.057543	1.800209
60900	-0.902916	3.196611	1.740542
60901	-1.133318	3.365966	1.791210
60902	-1.352117	3.573768	2.023649
60903	-1.584597	3.802296	2.356619
60904	-1.830575	4.025729	2.724581
60905	-2.096936	4.262182	3.053764
60906	-2.373289	4.494800	3.307131
60907	-2.682506	4.737284	3.441911
60908	-3.028181	4.978529	3.411901
60909	-3.427176	5.249521	3.272097
60910	-3.880000	5.547175	3.063119
60911	-4.396432	5.895415	2.830916
60912	-4.973881	6.289598	2.601172
60913	-5.600262	6.731431	2.387825
60914	-6.280461	7.209489	2.189436
60915	-7.040805	7.730332	2.008044
60916	-7.885421	8.287166	1.809464
60917	-8.798394	8.884002	1.595413
60918	-9.772688	9.497106	1.362178
60919	-10.795606	10.144591	1.133274
60920	-11.864991	10.839478	0.909482
60921	-13.012634	11.575064	0.650328
60922	-14.231416	12.329271	0.320083
60923	-15.506854	13.097555	-0.083361
60924	-16.855813	13.877380	-0.569609
60925	-18.266706	14.692212	-1.119969
60926	-19.786066	15.527699	-1.861398
60927	-21.495016	16.298987	-2.993552
60928	-23.654287	16.625279	-4.787772
60929	-26.241007	16.284961	-7.194835
60930	-29.045637	15.474418	-9.713723
60931	-31.874615	14.542161	-12.099303
60932	-34.475240	13.857113	-14.222273
60933	-36.691137	13.565357	-15.965231
60934	-38.658107	13.542179	-17.613346
60935	-40.522888	13.536429	-19.436049
60936	-42.116460	13.488658	-21.158951
60937	-43.230519	13.548088	-22.307045
60938	-44.079563	13.807307	-23.163973
60939	-44.857685	14.031427	-23.813784
60940	-45.521242	14.292593	-23.959562
60941	-45.874701	14.488832	-23.928533
60942	-45.806185	14.392574	-23.923207
60943	-45.342681	13.819868	-24.028048
60944	-44.597511	12.891311	-24.292661
60945	-43.551213	11.951814	-24.552753
60946	-42.165786	11.274332	-24.615257
60947	-40.529698	10.779096	-24.399259
60948	-38.687976	10.415560	-23.968133
60949	-36.606394	10.093769	-23.360937
60950	-34.342557	9.644106	-22.664098
60951	-31.923421	8.981098	-21.994234
60952	-29.419242	8.090520	-21.448042
60953	-26.893124	6.949622	-21.001993
60954	-24.338338	5.624277	-20.582841
60955	-21.632138	4.231996	-20.082335
60956	-18.688454	2.922988	-19.431450
60957	-15.476712	1.767909	-18.585852
60958	-12.188998	0.692411	-17.659875
60959	-8.978652	-0.369538	-16.763889
60960	-5.938734	-1.536430	-15.877326
60961	-3.048884	-2.829712	-14.924702
60962	-0.290089	-4.135253	-13.773176
60963	2.306812	-5.410241	-12.434902
60964	4.709272	-6.639144	-10.953933
60965	6.903324	-7.794364	-9.228387
60966	8.758926	-8.846178	-7.293364
60967	10.138921	-9.718143	-5.414649
60968	11.054014	-10.397349	-4.047270
60969	11.630493	-10.908185	-3.464761
60970	12.013488	-11.186527	-3.525172
60971	12.243022	-11.131811	-3.973997
60972	12.324815	-10.668530	-4.565477
60973	12.183920	-9.885632	-5.217703
60974	11.877166	-8.742858	-5.666019
60975	11.637517	-7.460945	-5.907550
60976	11.532138	-6.528663	-6.323340
60977	11.155346	-6.295169	-6.536121
60978	10.138725	-6.498045	-5.818938
60979	9.028393	-6.161228	-4.426420
60980	7.959892	-5.346584	-3.206501
60981	6.920936	-4.381135	-2.245507
60982	5.876935	-3.487114	-1.588168
60983	4.990441	-2.655295	-1.085005
60984	4.482676	-1.778922	-0.661548
60985	4.170987	-0.925429	-0.354314
60986	3.845091	-0.202091	-0.421168
60987	3.345521	0.246065	-0.912529
60988	2.794303	0.540090	-1.565140
60989	2.390989	0.820739	-2.070914
60990	2.148982	1.132610	-2.325961
60991	1.938690	1.519628	-2.276863
60992	1.688473	1.936388	-1.897380
60993	1.379221	2.316142	-1.331683
60994	1.070766	2.622197	-0.714626
60995	0.773054	2.858832	-0.131170
60996	0.508083	3.046965	0.313124
60997	0.247010	3.202863	0.626469
60998	-0.008170	3.346566	0.806358
60999	-0.262443	3.487848	0.906602
61000	-0.479203	3.634163	1.046342
61001	-0.700678	3.791074	1.286878
61002	-0.928205	3.953387	1.620893
61003	-1.163172	4.139720	2.005483
61004	-1.395540	4.325467	2.378079
61005	-1.641611	4.510648	2.716095
61006	-1.918824	4.708060	2.965434
61007	-2.236588	4.927934	3.105552
61008	-2.582599	5.159484	3.125326
61009	-2.971415	5.414345	3.062431
61010	-3.399597	5.687908	2.938195
61011	-3.872939	6.004730	2.792177
61012	-4.388221	6.373128	2.635263
61013	-4.963251	6.785651	2.438979
61014	-5.609869	7.215965	2.168554
61015	-6.316607	7.676514	1.833541
61016	-7.078169	8.162077	1.481364
61017	-7.897094	8.695328	1.171127
61018	-8.765649	9.259849	0.925177
61019	-9.682659	9.880423	0.717993
61020	-10.642633	10.564338	0.504720
61021	-11.686477	11.295496	0.230553
61022	-12.809930	12.053547	-0.121423
61023	-13.998226	12.844179	-0.532496
61024	-15.242057	13.669782	-0.958552
61025	-16.558542	14.535720	-1.402104
61026	-17.912795	15.471407	-1.849069
61027	-19.367358	16.449223	-2.502464
61028	-21.064056	17.368952	-3.626699
61029	-23.209696	17.846652	-5.549622
61030	-25.817304	17.606654	-8.116062
61031	-28.656709	16.887377	-10.803937
61032	-31.536688	16.087160	-13.411805
61033	-34.150465	15.532410	-15.783110
61034	-36.394136	15.291827	-17.877147
61035	-38.495034	15.104813	-20.092181
61036	-40.478341	14.785119	-22.489053
61037	-42.017754	14.449059	-24.515699
61038	-43.083827	14.296502	-25.876723
61039	-43.941743	14.218327	-26.968640
61040	-44.697592	14.023601	-27.535403
61041	-45.142231	13.925944	-27.402236
61042	-45.207301	13.891913	-27.068080
61043	-44.845592	13.705521	-26.644579
61044	-44.193663	13.126938	-26.365316
61045	-43.260056	12.261087	-26.347741
61046	-42.029910	11.453990	-26.327027
61047	-40.438934	10.918316	-26.018959
61048	-38.525962	10.667111	-25.386850
61049	-36.309545	10.618178	-24.490675
61050	-33.891323	10.560864	-23.460613
61051	-31.356941	10.245458	-22.554468
61052	-28.754423	9.581844	-21.941823
61053	-26.083300	8.571070	-21.609142
61054	-23.384281	7.275591	-21.404475
61055	-20.613007	5.785367	-21.163580
61056	-17.754691	4.209820	-20.843518
61057	-14.757297	2.731838	-20.474367
61058	-11.673111	1.435272	-20.142380
61059	-8.609201	0.296636	-19.805967
61060	-5.666741	-0.818213	-19.310798
61061	-2.851661	-1.969207	-18.523898
61062	-0.188591	-3.116952	-17.384083
61063	2.340690	-4.264002	-15.941771
61064	4.781083	-5.428366	-14.184820
61065	7.068859	-6.549944	-11.965641
61066	8.930370	-7.557680	-9.467552
61067	10.200839	-8.397748	-7.265655
61068	10.997304	-9.129614	-5.944476
61069	11.505107	-9.749519	-5.562615
61070	11.851697	-10.099953	-5.709137
61071	12.050182	-10.060013	-6.012696
61072	12.009909	-9.686484	-6.234808
61073	11.677560	-8.935836	-6.140713
61074	11.085363	-7.816099	-5.684097
61075	10.593877	-6.562316	-5.071965
61076	10.116248	-5.713056	-5.074681
61077	9.328276	-5.642589	-4.916793
61078	8.246692	-5.755334	-3.915882
61079	7.312919	-5.165802	-2.614232
61080	6.386873	-4.229015	-1.681309
61081	5.461873	-3.195078	-1.157490
61082	4.526916	-2.288007	-0.917579
61083	3.761865	-1.512719	-0.821672
61084	3.341778	-0.747321	-0.802652
61085	3.148124	0.037435	-0.663080
61086	2.929853	0.654662	-0.497074
61087	2.523874	1.120369	-0.574300
61088	2.054012	1.531343	-0.768256
61089	1.670481	1.934334	-0.939631
61090	1.434390	2.352710	-0.980131
61091	1.262312	2.809529	-0.840511
61092	1.061002	3.252054	-0.620916
61093	0.789188	3.643849	-0.441140
61094	0.486729	3.987409	-0.336641
61095	0.196154	4.307116	-0.323728
61096	-0.061368	4.591719	-0.366268
61097	-0.337144	4.852639	-0.474995
61098	-0.625333	5.071565	-0.621753
61099	-0.911443	5.259648	-0.775674
61100	-1.165321	5.448723	-0.900032
61101	-1.419240	5.629757	-1.019638
61102	-1.664107	5.798158	-1.133008
61103	-1.923599	5.954919	-1.230593
61104	-2.170987	6.110376	-1.246466
61105	-2.443844	6.259475	-1.197500
61106	-2.730401	6.421791	-1.109001
61107	-3.035414	6.611185	-0.987164
61108	-3.369588	6.834280	-0.889490
61109	-3.746302	7.080171	-0.861309
61110	-4.169526	7.327734	-0.942204
61111	-4.640999	7.596708	-1.123688
61112	-5.163666	7.890466	-1.394483
61113	-5.777010	8.222301	-1.709839
61114	-6.459452	8.583156	-2.046934
61115	-7.194222	8.971886	-2.409401
61116	-7.960733	9.386712	-2.755218
61117	-8.778171	9.832820	-3.065629
61118	-9.648367	10.333562	-3.332758
61119	-10.591304	10.888357	-3.598721
61120	-11.606487	11.470134	-3.884862
61121	-12.712182	12.090121	-4.224804
61122	-13.912319	12.742105	-4.610250
61123	-15.210805	13.420255	-5.052351
61124	-16.575622	14.118660	-5.547976
61125	-18.001899	14.829757	-6.087549
61126	-19.579468	15.460758	-6.882083
61127	-21.344489	15.967950	-7.975797
61128	-23.516949	16.127066	-9.607957
61129	-26.083848	15.860759	-11.721725
61130	-28.776315	15.353149	-13.868005
61131	-31.350593	14.884896	-15.829706
61132	-33.664458	14.714997	-17.609180
61133	-35.670082	14.850039	-19.150131
61134	-37.542507	15.155166	-20.679899
61135	-39.382809	15.416673	-22.424861
61136	-40.999270	15.562519	-24.189473
61137	-42.223587	15.661784	-25.567645
61138	-43.108434	15.836545	-26.599174
61139	-43.840631	15.980765	-27.272789
61140	-44.424461	16.141135	-27.381762
61141	-44.707357	16.253215	-27.345128
61142	-44.605839	16.185213	-27.305533
61143	-44.124526	15.719827	-27.349507
61144	-43.401809	14.867605	-27.577668
61145	-42.419723	13.930772	-27.759069
61146	-41.141426	13.169728	-27.672457
61147	-39.558367	12.626543	-27.239803
61148	-37.727435	12.192396	-26.564959
61149	-35.661653	11.733469	-25.802631
61150	-33.435114	11.104383	-25.103092
61151	-31.022801	10.285725	-24.477227
61152	-28.461953	9.322265	-23.853950
61153	-25.801897	8.228817	-23.145108
61154	-23.049709	7.066101	-22.303986
61155	-20.149272	5.891704	-21.307056
61156	-17.117943	4.766534	-20.140945
61157	-13.993280	3.669420	-18.888146
61158	-10.846633	2.547688	-17.611895
61159	-7.717114	1.297419	-16.360806
61160	-4.737926	-0.153103	-15.147916
61161	-1.961858	-1.756854	-13.868877
61162	0.619812	-3.353732	-12.585925
61163	3.006002	-4.876596	-11.292515
61164	5.133922	-6.256898	-9.931085
61165	6.905003	-7.418990	-8.533212
61166	8.284581	-8.335375	-7.240749
61167	9.284895	-9.072616	-6.317274
61168	9.930058	-9.640793	-5.701779
61169	10.278498	-9.942255	-5.281045
61170	10.364063	-9.906191	-5.087322
61171	10.252664	-9.549386	-5.087985
61172	9.932393	-9.004128	-5.134969
61173	9.568467	-8.127144	-4.862478
61174	9.385917	-7.158581	-4.405443
61175	9.355648	-6.438529	-4.289731
61176	9.179175	-6.296938	-4.044069
61177	8.481269	-6.360181	-3.149839
61178	7.658512	-5.893433	-2.001713
61179	6.741552	-5.023042	-1.350276
61180	5.719783	-4.064942	-1.138645
61181	4.627588	-3.294165	-1.337337
61182	3.784766	-2.582311	-1.667672
61183	3.387439	-1.803236	-1.555764
61184	3.183937	-1.001764	-1.114939
61185	2.830150	-0.320646	-0.845901
61186	2.316248	0.095957	-0.684916
61187	1.824299	0.377424	-0.533985
61188	1.490960	0.703486	-0.344319
61189	1.255506	1.092986	-0.176397
61190	1.025159	1.483897	-0.118695
61191	0.787707	1.826914	-0.014218
61192	0.599415	2.122907	0.211220
61193	0.422412	2.387188	0.513784
61194	0.227323	2.595649	0.845876
61195	0.024919	2.783940	1.199973
61196	-0.181571	2.966812	1.435898
61197	-0.428859	3.132146	1.572064
61198	-0.673582	3.292593	1.682625
61199	-0.906422	3.457144	1.840835
61200	-1.131719	3.606451	2.031573
61201	-1.367797	3.761318	2.277880
61202	-1.611687	3.935677	2.537188
61203	-1.877578	4.158961	2.819288
61204	-2.181154	4.410006	3.057707
61205	-2.529693	4.697360	3.205122
61206	-2.908546	5.005194	3.244897
61207	-3.352507	5.339150	3.154732
61208	-3.863118	5.695316	2.966678
61209	-4.426514	6.094752	2.740522
61210	-5.028442	6.519244	2.501128
61211	-5.694469	6.977985	2.201786
61212	-6.416933	7.455249	1.821979
61213	-7.218514	7.960934	1.398325
61214	-8.097301	8.491360	0.944286
61215	-9.043566	9.046629	0.493030
61216	-10.026253	9.640902	0.070371
61217	-11.080486	10.288239	-0.365291
61218	-12.225158	10.993961	-0.840907
61219	-13.457206	11.730280	-1.335495
61220	-14.773505	12.457101	-1.870402
61221	-16.162311	13.185737	-2.466838
61222	-17.607053	13.917138	-3.115828
61223	-19.160163	14.622602	-3.899197
61224	-20.877461	15.249750	-4.974493
61225	-22.879190	15.631225	-6.496780
61226	-25.108306	15.693016	-8.327320
61227	-27.455227	15.478241	-10.191884
61228	-29.909969	15.149813	-12.027067
61229	-32.311487	15.003763	-13.735788
61230	-34.473321	15.185113	-15.276665
61231	-36.364996	15.579105	-16.642832
61232	-38.184970	15.994050	-18.169946
61233	-39.902429	16.283398	-19.866862
61234	-41.287334	16.446948	-21.314398
61235	-42.300303	16.499614	-22.357354
61236	-43.213418	16.444273	-23.184879
61237	-43.998345	16.447165	-23.531920
61238	-44.527780	16.497304	-23.651862
61239	-44.708225	16.295950	-23.909681
61240	-44.490216	15.585419	-24.271111
61241	-43.985581	14.347944	-24.774320
61242	-43.242614	12.949553	-25.292046
61243	-42.176819	11.747765	-25.600404
61244	-40.838843	10.834344	-25.589402
61245	-39.246700	10.172517	-25.301352
61246	-37.402022	9.676899	-24.845396
61247	-35.322265	9.155451	-24.333838
61248	-33.047018	8.472777	-23.866967
61249	-30.581992	7.593598	-23.475279
61250	-27.970552	6.588797	-23.036254
61251	-25.224554	5.467213	-22.490130
61252	-22.341378	4.311837	-21.854718
61253	-19.277708	3.184535	-21.101702
61254	-16.009145	2.192678	-20.111789
61255	-12.587425	1.337531	-18.954734
61256	-9.221899	0.524457	-17.844156
61257	-6.001857	-0.415521	-16.779019
61258	-2.945263	-1.584426	-15.556315
61259	-0.037136	-2.871824	-14.158432
61260	2.687890	-4.115825	-12.791701
61261	5.199747	-5.316805	-11.442897
61262	7.464297	-6.445298	-9.955306
61263	9.420699	-7.467965	-8.333761
61264	10.866643	-8.331989	-6.943587
61265	11.727558	-9.007232	-6.090963
61266	12.162572	-9.512381	-5.821835
61267	12.324420	-9.772243	-5.964329
61268	12.307536	-9.652322	-6.176105
61269	12.067362	-9.180502	-6.234436
61270	11.687390	-8.249176	-5.944099
61271	11.462892	-7.055324	-5.442383
61272	11.520675	-6.154230	-5.513525
61273	11.620403	-5.912540	-5.829203
61274	11.103217	-6.207974	-5.471553
61275	10.313245	-6.090185	-4.527667
61276	9.498188	-5.379191	-3.736474
61277	8.575465	-4.391865	-3.396528
61278	7.527542	-3.469362	-3.311279
61279	6.442483	-2.779591	-3.408445
61280	5.715103	-2.158188	-3.371718
61281	5.429848	-1.463883	-2.868235
61282	5.292136	-0.681337	-2.136593
61283	4.920332	0.049637	-1.763019
61284	4.317451	0.554076	-1.823020
61285	3.693509	0.882061	-2.131352
61286	3.227912	1.168644	-2.469103
61287	2.917013	1.509583	-2.758654
61288	2.669223	1.883188	-2.990473
61289	2.399246	2.272059	-3.109801
61290	2.101502	2.642668	-3.097938
61291	1.782051	2.972636	-3.043635
61292	1.486029	3.233293	-3.032403
61293	1.229353	3.467690	-3.071109
61294	1.001066	3.693191	-3.127523
61295	0.753436	3.907093	-3.230308
61296	0.495460	4.080071	-3.364770
61297	0.224514	4.223504	-3.536354
61298	-0.042049	4.345925	-3.722929
61299	-0.322849	4.473056	-3.894252
61300	-0.596774	4.612318	-4.009071
61301	-0.883449	4.762698	-4.048294
61302	-1.163785	4.916012	-3.987939
61303	-1.477735	5.063878	-3.892161
61304	-1.803112	5.211750	-3.824383
61305	-2.151663	5.383927	-3.788475
61306	-2.515555	5.578453	-3.817469
61307	-2.934152	5.780567	-3.908288
61308	-3.397571	6.000401	-4.034471
61309	-3.911228	6.266596	-4.199161
61310	-4.488733	6.554086	-4.339882
61311	-5.134385	6.898109	-4.475104
61312	-5.813346	7.298955	-4.601697
61313	-6.579262	7.718905	-4.747292
61314	-7.403713	8.189783	-4.919442
61315	-8.314875	8.705500	-5.106300
61316	-9.319353	9.250606	-5.331443
61317	-10.398725	9.815889	-5.581829
61318	-11.535730	10.395899	-5.855887
61319	-12.760727	10.999488	-6.152874
61320	-14.073258	11.630978	-6.501197
61321	-15.470641	12.292119	-6.934403
61322	-16.910510	12.983853	-7.442574
61323	-18.384746	13.697253	-8.037652
61324	-19.964087	14.386324	-8.867867
61325	-21.743846	14.979948	-9.982926
61326	-23.919644	15.223674	-11.577443
61327	-26.503229	14.953714	-13.640356
61328	-29.255972	14.346105	-15.800074
61329	-31.875519	13.816163	-17.698987
61330	-34.207666	13.614383	-19.348510
61331	-36.217548	13.714698	-20.722864
61332	-38.089246	13.946361	-22.029661
61333	-39.820942	14.159460	-23.419346
61334	-41.183691	14.370306	-24.490215
61335	-42.109267	14.770239	-25.011130
61336	-42.850548	15.365878	-25.281317
61337	-43.460594	15.979366	-25.160149
61338	-43.870293	16.555494	-24.643948
61339	-43.941671	16.931254	-24.089469
61340	-43.634689	16.917725	-23.539422
61341	-43.070291	16.341946	-23.165571
61342	-42.376989	15.379009	-23.020056
61343	-41.447937	14.406161	-22.837918
61344	-40.213622	13.620159	-22.428805
61345	-38.677021	12.971902	-21.798219
61346	-36.892738	12.360720	-21.020139
61347	-34.880733	11.643089	-20.223382
61348	-32.745174	10.679514	-19.570579
61349	-30.537401	9.433925	-19.168898
61350	-28.273475	7.981552	-18.959530
61351	-25.928117	6.404160	-18.879072
61352	-23.465763	4.798451	-18.814443
61353	-20.778111	3.280950	-18.648185
61354	-17.805126	1.996540	-18.295295
61355	-14.616919	0.963822	-17.837397
61356	-11.430277	0.061387	-17.414538
61357	-8.390146	-0.868756	-17.030141
61358	-5.545337	-1.880690	-16.511003
61359	-2.834769	-2.885994	-15.714693
61360	-0.232862	-3.800228	-14.670301
61361	2.205012	-4.690681	-13.377934
61362	4.410849	-5.608071	-11.776545
61363	6.355538	-6.505008	-9.916214
61364	7.969732	-7.284145	-7.999681
61365	9.119360	-7.880103	-6.421646
61366	9.809048	-8.338683	-5.464767
61367	10.190542	-8.709614	-5.229544
61368	10.412041	-8.907958	-5.478460
61369	10.507713	-8.788877	-5.941831
61370	10.418850	-8.375326	-6.354807
61371	10.163437	-7.509420	-6.291815
61372	9.919417	-6.237798	-5.837297
61373	9.664928	-5.178996	-5.834403
61374	9.092054	-5.007907	-6.064819
61375	8.038120	-5.340241	-5.468294
61376	7.090178	-4.986581	-4.261256
61377	6.120662	-4.238522	-3.389915
61378	5.151249	-3.340926	-2.788480
61379	4.239804	-2.454387	-2.338328
61380	3.528924	-1.685956	-2.012054
61381	3.153733	-0.933536	-1.764999
61382	2.983240	-0.222850	-1.381805
61383	2.738788	0.327452	-0.974114
61384	2.340907	0.696468	-0.708758
61385	1.859404	1.008587	-0.602738
61386	1.445600	1.329054	-0.621362
61387	1.143238	1.654482	-0.738260
61388	0.965615	1.988176	-0.789720
61389	0.834891	2.329999	-0.687485
61390	0.671870	2.641688	-0.463487
61391	0.458077	2.937738	-0.242930
61392	0.245451	3.209507	-0.093554
61393	0.037848	3.446470	-0.032325
61394	-0.179931	3.638573	-0.112866
61395	-0.428591	3.808112	-0.320209
61396	-0.675776	3.964276	-0.555860
61397	-0.923191	4.121493	-0.780648
61398	-1.155712	4.264446	-0.942945
61399	-1.404725	4.389988	-1.045722
61400	-1.657804	4.493734	-1.056490
61401	-1.930780	4.601162	-0.994498
61402	-2.214110	4.714266	-0.871144
61403	-2.517760	4.862994	-0.779789
61404	-2.842379	5.037776	-0.746010
61405	-3.213916	5.252278	-0.798671
61406	-3.641992	5.502189	-0.924513
61407	-4.135831	5.791344	-1.092182
61408	-4.685353	6.092703	-1.288410
61409	-5.282186	6.430750	-1.476964
61410	-5.926126	6.813612	-1.668481
61411	-6.642294	7.250006	-1.868749
61412	-7.432571	7.710768	-2.147703
61413	-8.301753	8.185579	-2.534661
61414	-9.232622	8.657420	-3.013329
61415	-10.229186	9.157330	-3.501794
61416	-11.294028	9.693050	-3.963076
61417	-12.405735	10.287520	-4.349204
61418	-13.560043	10.931550	-4.682736
61419	-14.786927	11.620180	-4.997328
61420	-16.086793	12.351852	-5.336068
61421	-17.496309	13.095160	-5.736026
61422	-18.993826	13.820764	-6.244849
61423	-20.509023	14.554601	-6.792898
61424	-22.152034	15.294794	-7.618614
61425	-24.075512	15.868308	-8.909347
61426	-26.265877	16.060205	-10.615589
61427	-28.621472	15.843844	-12.535245
61428	-31.077111	15.503168	-14.547142
61429	-33.452929	15.334321	-16.519336
61430	-35.626157	15.434015	-18.343485
61431	-37.596087	15.684673	-20.205339
61432	-39.485490	15.842769	-22.220870
61433	-41.132192	15.787049	-24.236711
61434	-42.335896	15.515716	-25.811618
61435	-43.138760	15.232757	-26.998336
61436	-43.861351	14.878090	-27.941551
61437	-44.453474	14.560763	-28.230512
61438	-44.825253	14.378218	-28.288538
61439	-44.850519	14.191070	-28.330597
61440	-44.484185	13.729092	-28.380356
61441	-43.763058	12.825011	-28.506493
61442	-42.756797	11.776344	-28.612290
61443	-41.430290	10.941281	-28.427714
61444	-39.761982	10.514216	-27.804692
61445	-37.770488	10.454450	-26.783794
61446	-35.486720	10.598723	-25.610024
61447	-32.973839	10.663129	-24.485231
61448	-30.319775	10.462472	-23.499798
61449	-27.528241	9.940225	-22.612468
61450	-24.693069	9.090580	-21.737726
61451	-21.827172	7.959261	-20.771927
61452	-18.878285	6.649424	-19.679981
61453	-15.797071	5.235269	-18.579442
61454	-12.678689	3.774830	-17.672710
61455	-9.554541	2.343262	-17.074926
61456	-6.469074	0.907834	-16.733112
61457	-3.412537	-0.564531	-16.448599
61458	-0.388995	-2.049691	-15.996927
61459	2.582521	-3.501611	-15.379865
61460	5.455798	-4.844791	-14.582573
61461	8.196359	-6.039287	-13.418821
61462	10.628667	-7.057996	-11.844931
61463	12.673001	-7.954234	-10.191637
61464	14.217573	-8.812356	-9.218303
61465	15.356760	-9.562855	-9.063832
61466	16.193576	-10.034198	-9.370598
61467	16.760126	-10.134487	-9.764308
61468	16.970992	-9.900837	-9.747874
61469	16.691605	-9.328049	-9.351780
61470	15.957484	-8.579404	-8.774188
61471	15.122914	-7.622575	-7.962144
61472	14.683962	-6.804225	-7.280046
61473	14.698650	-6.347040	-6.937070
61474	14.511881	-6.503140	-6.284682
