// General information: 
//  MT Manager version: 2021.4.0 
//  XDA version: 2021.4.0 build 6323 rev 112641 built on 2021-09-28
// Device information: 
//  DeviceId: 00B43856
//  ProductCode: MTW2-3A7G6
//  Firmware Version: 4.3.4
//  Hardware Version: 1.1.0
// Device settings: 
//  Filter Profile: human(46.1)
//  Option Flags: Orientation Smoother Disabled, Position/Velocity Smoother Disabled, Continuous Zero Rotation Update Disabled, AHS Disabled, ICC Disabled
// Coordinate system: ENU
PacketCounter	Roll	Pitch	Yaw
03896	5.375973	7.586527	12.663055
03897	4.729384	7.091626	12.624077
03898	4.056945	6.579346	12.609918
03899	3.373129	6.068656	12.632570
03900	2.667797	5.533541	12.638777
03901	1.940053	5.003615	12.603130
03902	1.231673	4.465088	12.525469
03903	0.568635	3.924405	12.420537
03904	-0.066353	3.398237	12.290058
03905	-0.683913	2.876651	12.183245
03906	-1.289758	2.368948	12.148217
03907	-1.897210	1.890394	12.195391
03908	-2.530140	1.450329	12.285004
03909	-3.183751	1.035020	12.391282
03910	-3.859758	0.636779	12.502069
03911	-4.554520	0.261986	12.603089
03912	-5.269387	-0.092081	12.699370
03913	-5.990418	-0.419458	12.794221
03914	-6.716817	-0.730821	12.882248
03915	-7.465850	-1.046289	12.962197
03916	-8.247988	-1.349259	13.066352
03917	-9.058760	-1.618541	13.178578
03918	-9.908247	-1.863652	13.273776
03919	-10.774963	-2.087776	13.335404
03920	-11.659690	-2.321764	13.354597
03921	-12.534768	-2.544081	13.362354
03922	-13.359565	-2.734871	13.392103
03923	-14.109529	-2.885887	13.414948
03924	-14.778122	-3.019792	13.388018
03925	-15.355002	-3.155967	13.299920
03926	-15.828055	-3.311407	13.129712
03927	-16.199578	-3.501146	12.864535
03928	-16.475552	-3.751603	12.509925
03929	-16.666888	-4.033033	12.087621
03930	-16.769152	-4.327118	11.618482
03931	-16.770182	-4.601771	11.109355
03932	-16.656840	-4.799234	10.559382
03933	-16.414865	-4.869976	9.977834
03934	-16.022514	-4.851222	9.325217
03935	-15.507465	-4.749561	8.613095
03936	-14.871908	-4.545199	7.917488
03937	-14.062721	-4.316871	7.298117
03938	-13.032358	-3.985123	6.854045
03939	-11.776003	-3.491927	6.665611
03940	-10.302836	-2.836446	6.636639
03941	-8.655314	-1.987166	6.593114
03942	-6.786216	-1.036282	6.676106
03943	-4.752030	-0.158132	7.017717
03944	-2.698927	0.508272	7.461499
03945	-0.768850	1.001349	7.721587
03946	0.876202	1.502751	7.569135
03947	2.197102	2.193186	7.041685
03948	3.267265	3.188537	6.425713
03949	4.202533	4.419762	5.878407
03950	5.105962	5.726834	5.508596
03951	6.040233	7.001498	5.320324
03952	7.022452	8.207299	5.222921
03953	8.008416	9.337067	5.146591
03954	8.985668	10.392899	5.020217
03955	9.971678	11.324148	4.819199
03956	10.940814	12.082230	4.546944
03957	11.886980	12.701619	4.323928
03958	12.863506	13.203525	4.297775
03959	13.911354	13.597905	4.555435
03960	15.009234	13.872295	5.089115
03961	16.105029	14.050149	5.857899
03962	17.183821	14.204835	6.804041
03963	18.221455	14.369107	7.886786
03964	19.146460	14.616751	9.022756
03965	19.896821	14.994916	10.143300
03966	20.532547	15.223837	11.132363
03967	21.047989	15.084142	11.898572
03968	21.281485	14.859778	12.223352
03969	21.073423	15.017064	11.816683
03970	20.425923	15.412595	10.698050
03971	19.465295	15.797688	9.262126
03972	18.426974	15.923594	8.093139
03973	17.444347	15.777322	7.386827
03974	16.508324	15.504673	6.992050
03975	15.587023	15.286269	6.672779
03976	14.626122	15.402962	6.217381
03977	13.634815	15.884167	5.472353
03978	12.810534	16.224318	4.630093
03979	12.449450	16.391561	4.562501
03980	12.625690	16.152428	5.399666
03981	13.204799	15.610989	6.886192
03982	13.825268	15.065477	8.709072
03983	14.356213	14.390734	10.707589
03984	14.919883	13.434996	12.598725
03985	15.345552	12.701875	13.756506
03986	15.274755	13.088472	14.043105
03987	15.021696	13.472221	13.252614
03988	14.464588	13.920914	12.037106
03989	13.933136	13.808958	11.300497
03990	13.217477	13.467530	10.860538
03991	11.940595	13.415916	9.974520
03992	10.876740	13.045965	9.474454
03993	10.198580	12.247119	9.467874
03994	9.807312	11.458802	9.991337
03995	9.718041	10.595024	10.829765
03996	9.530301	9.890331	11.400181
03997	9.092540	9.428539	11.628012
03998	8.565061	9.046766	11.697318
03999	8.070115	8.604068	11.742270
04000	7.482369	8.133759	11.726203
04001	6.796875	7.638345	11.662286
04002	6.067915	7.113704	11.569177
04003	5.340372	6.610294	11.447875
04004	4.614087	6.098754	11.312718
04005	3.859396	5.547405	11.193613
04006	3.078336	4.971476	11.109190
04007	2.308773	4.374765	11.044008
04008	1.561135	3.763314	10.959406
04009	0.864931	3.154388	10.821241
04010	0.191411	2.581896	10.600831
04011	-0.443115	2.032003	10.339772
04012	-1.076437	1.476783	10.040748
04013	-1.711399	0.924065	9.777079
04014	-2.371305	0.408299	9.596297
04015	-3.045310	-0.085729	9.477209
04016	-3.735533	-0.581555	9.374877
04017	-4.410349	-1.075520	9.284494
04018	-5.067907	-1.588027	9.244824
04019	-5.708940	-2.097859	9.290501
04020	-6.356758	-2.589460	9.409935
04021	-7.005773	-3.039903	9.576316
04022	-7.664639	-3.444714	9.758121
04023	-8.327484	-3.803003	9.931106
04024	-8.996714	-4.108011	10.096006
04025	-9.683174	-4.377338	10.273875
04026	-10.382817	-4.598366	10.466481
04027	-11.101798	-4.795533	10.643701
04028	-11.818256	-4.984858	10.813654
04029	-12.499461	-5.167143	10.981550
04030	-13.146390	-5.335516	11.143582
04031	-13.758807	-5.461780	11.301320
04032	-14.338138	-5.522906	11.433462
04033	-14.878012	-5.543073	11.513698
04034	-15.364977	-5.595673	11.511125
04035	-15.795373	-5.702649	11.400757
04036	-16.149682	-5.861720	11.217038
04037	-16.396347	-6.031615	11.006063
04038	-16.491418	-6.162609	10.770859
04039	-16.406004	-6.213316	10.443104
04040	-16.105665	-6.146005	9.956966
04041	-15.563194	-6.030536	9.302295
04042	-14.794532	-5.889233	8.554085
04043	-13.859710	-5.613020	7.844526
04044	-12.748688	-5.251004	7.210230
04045	-11.450663	-4.764226	6.786953
04046	-9.964462	-4.064915	6.660293
04047	-8.304795	-3.226069	6.753728
04048	-6.483673	-2.321520	7.014371
04049	-4.531845	-1.400151	7.398166
04050	-2.559062	-0.532440	7.813648
04051	-0.689598	0.247900	8.047429
04052	0.970378	1.033965	7.833794
04053	2.325537	1.933923	7.158364
04054	3.421297	3.035867	6.330220
04055	4.358664	4.335885	5.452602
04056	5.257722	5.713115	4.602366
04057	6.167673	7.077658	3.881684
04058	7.105814	8.354880	3.283888
04059	8.035193	9.489036	2.768652
04060	8.930318	10.497878	2.296379
04061	9.786297	11.385818	1.868067
04062	10.629091	12.201067	1.509031
04063	11.457835	12.925384	1.280457
04064	12.299421	13.506450	1.230026
04065	13.210685	13.928803	1.457053
04066	14.242864	14.270194	2.021052
04067	15.326654	14.552577	2.901050
04068	16.408148	14.813135	4.028929
04069	17.437937	15.125192	5.324572
04070	18.325470	15.579693	6.669704
04071	19.053403	16.125390	7.946641
04072	19.638256	16.481760	8.992747
04073	20.090209	16.393922	9.871842
04074	20.319815	16.194749	10.491234
04075	20.130269	16.357752	10.503893
04076	19.505577	16.729422	9.823571
04077	18.542568	17.047372	8.666640
04078	17.413694	17.215316	7.461569
04079	16.280794	17.325805	6.542507
04080	15.197862	17.454284	5.927030
04081	14.135801	17.626461	5.402991
04082	13.090537	17.894567	4.770150
04083	12.150208	18.176185	3.972790
04084	11.474676	18.401799	3.444281
04085	11.224509	18.553487	3.618402
04086	11.393595	18.549154	4.440804
04087	11.795630	18.306169	5.700697
04088	12.141648	18.012338	7.229585
04089	12.430131	17.608879	9.089750
04090	12.676505	16.863309	11.015057
04091	12.595675	16.062218	12.296868
04092	11.946569	15.685900	12.653827
04093	11.174140	15.588386	12.369753
04094	10.635540	15.500872	12.136955
04095	10.332335	15.564556	12.574229
04096	10.385392	15.256023	13.344079
04097	10.238632	14.740983	13.666079
04098	9.517690	14.401719	13.146798
04099	8.720472	14.022411	12.665117
04100	8.035423	13.563380	12.400228
04101	7.428406	13.081907	12.244845
04102	6.852111	12.555459	12.140139
04103	6.266323	12.047086	12.000008
04104	5.677621	11.532794	11.862398
04105	5.110731	11.014355	11.777999
04106	4.522347	10.479286	11.751708
04107	3.910232	9.928128	11.726320
04108	3.286312	9.333106	11.687906
04109	2.711244	8.690766	11.685427
04110	2.135865	8.072157	11.648288
04111	1.509489	7.505392	11.536314
04112	0.831732	6.942920	11.374733
04113	0.155532	6.370115	11.165152
04114	-0.527741	5.776002	10.887221
04115	-1.171443	5.154939	10.611975
04116	-1.801699	4.537224	10.342967
04117	-2.443619	3.956753	10.078125
04118	-3.115281	3.430572	9.872144
04119	-3.785496	2.933495	9.732549
04120	-4.460293	2.447014	9.636089
04121	-5.145702	1.979228	9.564098
04122	-5.854675	1.512059	9.495991
04123	-6.576316	1.060990	9.404739
04124	-7.312487	0.627550	9.281340
04125	-8.064455	0.194065	9.128849
04126	-8.856042	-0.234600	8.964598
04127	-9.694124	-0.636757	8.797593
04128	-10.579199	-1.006905	8.668383
04129	-11.495665	-1.333386	8.590498
04130	-12.444072	-1.636019	8.543062
04131	-13.401793	-1.926167	8.487855
04132	-14.334007	-2.229586	8.408962
04133	-15.195176	-2.532885	8.317174
04134	-15.974906	-2.823281	8.209000
04135	-16.652840	-3.093189	8.069888
04136	-17.216699	-3.392857	7.877074
04137	-17.670845	-3.745397	7.626622
04138	-18.039997	-4.130705	7.346932
04139	-18.339976	-4.528128	7.076359
04140	-18.569137	-4.908088	6.835899
04141	-18.728013	-5.283429	6.618577
04142	-18.813523	-5.591395	6.404310
04143	-18.791619	-5.812489	6.211255
04144	-18.633401	-5.905255	6.000070
04145	-18.311781	-5.835169	5.650013
04146	-17.762867	-5.654370	5.104546
04147	-16.931691	-5.501008	4.350163
04148	-15.871684	-5.359533	3.410002
04149	-14.666513	-5.043903	2.593418
04150	-13.279538	-4.598383	2.127179
04151	-11.711242	-4.049082	2.084325
04152	-9.999201	-3.296049	2.380747
04153	-8.145902	-2.447816	2.891778
04154	-6.216356	-1.470093	3.585452
04155	-4.286669	-0.545417	4.396703
04156	-2.397486	0.119650	4.844182
04157	-0.836872	0.769502	4.582614
04158	0.329598	1.642815	3.896589
04159	1.294104	2.755821	3.261132
04160	2.223884	3.995355	2.746965
04161	3.187577	5.238327	2.369662
04162	4.185279	6.427193	2.120726
04163	5.167921	7.540548	1.887146
04164	6.124041	8.578057	1.654156
04165	7.051928	9.505792	1.446789
04166	7.999967	10.327099	1.257553
04167	8.958508	11.072789	1.111933
04168	9.904077	11.748704	1.057676
04169	10.869364	12.327687	1.212176
04170	11.913725	12.762554	1.653476
04171	13.063846	13.051598	2.397662
04172	14.304711	13.241539	3.441854
04173	15.567672	13.355755	4.723793
04174	16.801937	13.458110	6.143514
04175	17.862319	13.688194	7.548088
04176	18.641130	14.186055	8.795451
04177	19.149023	14.841760	9.720495
04178	19.502493	15.177065	10.226861
04179	19.691950	15.135395	10.305102
04180	19.492563	15.355656	9.702417
04181	18.886207	15.834840	8.433274
04182	18.049675	16.199194	6.897988
04183	17.164012	16.339793	5.581967
04184	16.353735	16.312317	4.740302
04185	15.600610	16.298095	4.266908
04186	14.859534	16.432987	3.954202
04187	14.046616	16.783296	3.520018
04188	13.177470	17.224370	2.687427
04189	12.430935	17.674156	1.807319
04190	12.052643	18.131223	1.612260
04191	12.131362	18.211774	2.224461
04192	12.566274	17.831404	3.482979
04193	13.079427	17.216700	5.054523
04194	13.384967	16.858257	6.776234
04195	13.634292	16.225565	8.610473
04196	13.875562	15.239444	10.305815
04197	13.787584	14.686589	11.394645
04198	13.351356	14.586003	11.730634
04199	13.081754	14.293699	11.646157
04200	12.802110	14.238024	11.661746
04201	12.549433	14.158583	11.956220
04202	12.427518	13.667926	12.256256
04203	11.822690	13.217064	11.899549
04204	10.831240	12.948844	11.178805
04205	9.877916	12.531374	10.603817
04206	9.042857	11.995275	10.251484
04207	8.412120	11.432056	10.229261
04208	7.976837	10.738234	10.448041
04209	7.549149	10.066484	10.650880
04210	7.071669	9.481002	10.816768
04211	6.565429	8.983979	10.915266
04212	6.013203	8.537329	10.932692
04213	5.374322	8.135037	10.866747
04214	4.695193	7.686635	10.725907
04215	4.015023	7.170483	10.548885
04216	3.305630	6.588451	10.317825
04217	2.580876	6.003152	10.087232
04218	1.811931	5.428008	9.848375
04219	1.031271	4.832561	9.595812
04220	0.288031	4.245312	9.349446
04221	-0.396268	3.661530	9.136993
04222	-1.054587	3.084960	8.945595
04223	-1.694877	2.542984	8.783386
04224	-2.312874	2.012422	8.660966
04225	-2.922803	1.479340	8.535223
04226	-3.548154	0.946323	8.413911
04227	-4.181449	0.445326	8.327116
04228	-4.816457	-0.020257	8.289793
04229	-5.440884	-0.451465	8.294788
04230	-6.070037	-0.864970	8.315367
04231	-6.701238	-1.238665	8.353267
04232	-7.337205	-1.596179	8.400767
04233	-7.978848	-1.945888	8.437041
04234	-8.641459	-2.278413	8.471843
04235	-9.329688	-2.588619	8.501791
04236	-10.063336	-2.887958	8.514980
04237	-10.849197	-3.176913	8.513146
04238	-11.696562	-3.462372	8.515392
04239	-12.582412	-3.733605	8.541185
04240	-13.480695	-3.992561	8.601771
04241	-14.341798	-4.222696	8.674756
04242	-15.149678	-4.467595	8.697252
04243	-15.889666	-4.707936	8.650519
04244	-16.548288	-4.973438	8.548193
04245	-17.104682	-5.260813	8.418087
04246	-17.569560	-5.571386	8.279686
04247	-17.945788	-5.919432	8.134432
04248	-18.225005	-6.276594	7.976635
04249	-18.408187	-6.608786	7.805129
04250	-18.493073	-6.901600	7.645532
04251	-18.450987	-7.094578	7.485714
04252	-18.257452	-7.127351	7.225774
04253	-17.875714	-7.013619	6.832617
04254	-17.275048	-6.870455	6.302943
04255	-16.468889	-6.724189	5.695058
04256	-15.458577	-6.496174	5.081318
04257	-14.244825	-6.156576	4.570006
04258	-12.850669	-5.695791	4.236886
04259	-11.291229	-5.032319	4.079415
04260	-9.553018	-4.173961	4.059003
04261	-7.636513	-3.222550	4.197169
04262	-5.609997	-2.286635	4.523556
04263	-3.635638	-1.434955	4.796748
04264	-1.849924	-0.622932	4.602708
04265	-0.413549	0.259315	3.908632
04266	0.721401	1.322802	3.079519
04267	1.683119	2.584339	2.388871
04268	2.613502	3.982292	1.912481
04269	3.546168	5.387791	1.571376
04270	4.518811	6.736302	1.292367
04271	5.509913	7.978809	0.983485
04272	6.477462	9.111541	0.666446
04273	7.405398	10.136709	0.349534
04274	8.311681	11.064941	0.085505
04275	9.173811	11.917783	-0.070408
04276	10.012146	12.666351	-0.049738
04277	10.891271	13.287315	0.223274
04278	11.858888	13.758935	0.768087
04279	12.930189	14.065756	1.560074
04280	14.132597	14.283368	2.607107
04281	15.348945	14.463959	3.829769
04282	16.537970	14.636337	5.186113
04283	17.636304	14.837059	6.651453
04284	18.561595	15.123789	8.124821
04285	19.284116	15.387764	9.426973
04286	19.843966	15.339414	10.404380
04287	20.270297	14.902687	11.046355
04288	20.325442	14.603510	11.022594
04289	19.801597	14.804258	10.126483
04290	18.851778	15.179647	8.586069
04291	17.714273	15.402938	6.890873
04292	16.613111	15.450776	5.519111
04293	15.591236	15.515896	4.516103
04294	14.608590	15.668799	3.716022
04295	13.586598	16.119266	2.808774
04296	12.525978	16.885708	1.461618
04297	11.660517	17.537756	-0.033550
04298	11.295653	18.184599	-0.646985
04299	11.517943	18.392636	-0.334348
04300	12.035024	18.271930	0.598539
04301	12.608364	17.975663	1.872696
04302	13.067388	17.762195	3.253890
04303	13.305255	17.693278	4.585792
04304	13.585823	16.930693	6.048788
04305	13.986321	16.036113	7.978618
04306	14.411687	15.165223	9.640021
04307	14.506227	15.003116	10.365884
04308	14.352659	15.185099	10.374988
04309	13.998592	15.215791	10.144312
04310	13.551990	14.879564	10.115924
04311	12.940460	14.301430	9.871438
04312	11.919180	13.958020	9.180939
04313	10.914762	13.595304	8.632885
04314	10.058645	12.958847	8.384647
04315	9.456800	12.202816	8.474165
04316	9.112608	11.398029	8.841410
04317	8.726858	10.734219	9.114726
04318	8.184592	10.225827	9.249000
04319	7.622209	9.760168	9.320693
04320	7.106897	9.226784	9.354327
04321	6.575533	8.675477	9.369945
04322	6.008730	8.126079	9.363412
04323	5.402807	7.589354	9.296032
04324	4.778278	7.053529	9.183212
04325	4.134292	6.524924	9.027232
04326	3.425346	6.017019	8.815046
04327	2.689547	5.499384	8.575887
04328	1.957744	4.961009	8.358554
04329	1.251684	4.390174	8.158193
04330	0.577065	3.794255	7.962249
04331	-0.063641	3.179752	7.763190
04332	-0.685100	2.567984	7.582057
04333	-1.305301	1.997832	7.441267
04334	-1.943053	1.463617	7.354144
04335	-2.597344	0.979859	7.336311
04336	-3.272242	0.525452	7.364300
04337	-3.953778	0.080490	7.404164
04338	-4.629330	-0.360637	7.455385
04339	-5.278959	-0.797568	7.520397
04340	-5.914699	-1.238881	7.608708
04341	-6.549084	-1.665407	7.732617
04342	-7.204061	-2.054144	7.892538
04343	-7.877315	-2.390620	8.065841
04344	-8.563568	-2.686836	8.240683
04345	-9.259213	-2.956726	8.400677
04346	-9.971726	-3.227865	8.520831
04347	-10.714537	-3.467378	8.592816
04348	-11.476710	-3.663916	8.623884
04349	-12.220664	-3.835153	8.641260
04350	-12.924856	-4.008727	8.653552
04351	-13.576018	-4.174298	8.641757
04352	-14.174484	-4.328587	8.579903
04353	-14.715492	-4.462006	8.441913
04354	-15.176809	-4.630451	8.226704
04355	-15.539505	-4.890718	7.950673
04356	-15.806169	-5.209849	7.641359
04357	-15.968469	-5.510291	7.333135
04358	-15.998670	-5.745414	7.034723
04359	-15.862939	-5.871729	6.704164
04360	-15.525123	-5.865913	6.214956
04361	-14.972081	-5.741353	5.541932
04362	-14.223753	-5.542323	4.825324
04363	-13.283197	-5.268998	4.200603
04364	-12.127221	-4.850671	3.771200
04365	-10.757274	-4.255251	3.602763
04366	-9.222539	-3.437763	3.637606
04367	-7.558212	-2.502961	3.711594
04368	-5.746799	-1.518847	3.855342
04369	-3.830816	-0.520259	4.240529
04370	-1.908123	0.363598	4.734737
04371	-0.064030	1.088325	4.890714
04372	1.492242	1.874257	4.406788
04373	2.686164	2.912774	3.525078
04374	3.653619	4.164771	2.607914
04375	4.534548	5.574399	1.769014
04376	5.413599	6.996306	1.066102
04377	6.334444	8.317155	0.495559
04378	7.260968	9.519421	-0.009764
04379	8.129788	10.628300	-0.482295
04380	8.932932	11.640564	-0.914653
04381	9.701573	12.536946	-1.307412
04382	10.456528	13.348427	-1.600999
04383	11.243973	14.045022	-1.717610
04384	12.128208	14.561087	-1.564947
04385	13.136705	14.843188	-1.085305
04386	14.292235	14.953434	-0.275949
04387	15.546827	15.010512	0.835983
04388	16.797595	15.097858	2.167166
04389	17.982352	15.265979	3.635590
04390	19.043484	15.514263	5.147904
04391	19.895732	15.859984	6.537682
04392	20.477728	16.293882	7.614916
04393	20.812029	16.598235	8.224395
04394	20.971297	16.535633	8.388517
04395	20.818046	16.534334	7.973759
04396	20.225253	16.856473	6.958615
04397	19.298149	17.265454	5.506990
04398	18.235383	17.537510	3.961436
04399	17.181178	17.676144	2.664321
04400	16.165069	17.770565	1.660023
04401	15.185927	17.980224	0.868851
04402	14.189651	18.491269	0.134489
04403	13.226146	18.914743	-0.811118
04404	12.452107	19.245363	-1.745491
04405	12.075054	19.676470	-2.253165
04406	12.113223	19.923955	-2.312058
04407	12.396106	20.011085	-1.921237
04408	12.800684	19.961022	-1.055084
04409	13.234238	19.753189	0.128504
04410	13.688807	19.420275	1.543144
04411	14.007921	19.060412	2.987739
04412	14.044313	18.825807	4.269126
04413	14.228138	18.411968	5.873517
04414	14.902882	17.893250	8.073194
04415	15.805373	17.059297	9.864777
04416	16.292921	16.475722	10.836631
04417	16.399050	16.404006	11.244821
04418	16.106001	16.342516	10.853602
04419	15.544385	16.280933	10.078676
04420	14.653248	15.949103	9.295724
04421	13.351102	15.762470	8.425588
04422	11.818628	15.637845	7.471961
04423	10.692406	15.203077	6.888118
04424	10.095054	14.469936	6.761617
04425	9.589356	13.722718	7.033001
04426	9.025825	13.020835	7.397269
04427	8.469609	12.340013	7.684178
04428	7.897151	11.713606	7.896094
04429	7.418040	11.112365	8.102127
04430	6.938767	10.444307	8.248838
04431	6.384249	9.764621	8.340761
04432	5.777940	9.124319	8.313743
04433	5.130477	8.536834	8.153389
04434	4.459358	8.007066	7.917943
04435	3.797811	7.509155	7.616178
04436	3.113449	6.994434	7.276893
04437	2.377461	6.464882	6.889721
04438	1.606928	5.903925	6.510520
04439	0.867841	5.302898	6.202953
04440	0.170475	4.649431	5.934360
04441	-0.493497	4.003180	5.641408
04442	-1.152542	3.397173	5.320479
04443	-1.794150	2.814342	5.018481
04444	-2.438115	2.239609	4.710025
04445	-3.075922	1.697923	4.402023
04446	-3.695927	1.164152	4.140718
04447	-4.284204	0.622091	3.927088
04448	-4.846262	0.049816	3.728985
04449	-5.394419	-0.491897	3.549436
04450	-5.940291	-1.023275	3.403990
04451	-6.483225	-1.528521	3.303340
04452	-7.036106	-2.019093	3.253718
04453	-7.604209	-2.501306	3.225643
04454	-8.201345	-2.977987	3.170487
04455	-8.831774	-3.455489	3.034923
04456	-9.510454	-3.929292	2.838358
04457	-10.223197	-4.367401	2.645346
04458	-10.960832	-4.766144	2.525695
04459	-11.698119	-5.142254	2.497825
04460	-12.422993	-5.512660	2.556491
04461	-13.110279	-5.848717	2.702674
04462	-13.772499	-6.141171	2.918308
04463	-14.400977	-6.370142	3.175899
04464	-15.001887	-6.556438	3.437963
04465	-15.553619	-6.719311	3.704092
04466	-16.038107	-6.860449	3.935872
04467	-16.441875	-6.961498	4.075284
04468	-16.735819	-7.029459	4.130446
04469	-16.859887	-7.085926	4.155451
04470	-16.763417	-7.093302	4.078195
04471	-16.416467	-6.982480	3.747447
04472	-15.780162	-6.830546	3.171878
04473	-14.864777	-6.638971	2.509282
04474	-13.708615	-6.372756	1.905950
04475	-12.378038	-5.945553	1.459406
04476	-10.910801	-5.295035	1.230805
04477	-9.330708	-4.450511	1.231899
04478	-7.621792	-3.474275	1.397374
04479	-5.778073	-2.411793	1.710638
04480	-3.851002	-1.359990	2.167804
04481	-1.920543	-0.579442	2.449424
04482	-0.119241	0.152603	2.180312
04483	1.217022	1.166453	1.331583
04484	2.204185	2.452778	0.376485
04485	3.027647	3.907806	-0.519404
04486	3.841176	5.423338	-1.324990
04487	4.714840	6.862799	-1.995743
04488	5.597124	8.202547	-2.585312
04489	6.400444	9.437012	-3.186891
04490	7.134693	10.553521	-3.789898
04491	7.827655	11.537556	-4.325275
04492	8.478350	12.384244	-4.771234
04493	9.101363	13.104511	-5.044411
04494	9.757695	13.648951	-5.030446
04495	10.541047	13.995374	-4.665281
04496	11.557069	14.245320	-3.850016
04497	12.707444	14.394366	-2.640941
04498	13.971789	14.450218	-1.115066
04499	15.272311	14.500458	0.625626
04500	16.536201	14.544589	2.491891
04501	17.705917	14.540100	4.409493
04502	18.669489	14.553888	6.270431
04503	19.336945	14.709855	7.940361
04504	19.771993	14.747605	9.255652
04505	19.989738	14.554792	9.921617
04506	19.712893	14.626173	9.624279
04507	18.881873	15.095997	8.389049
04508	17.693199	15.562575	6.484731
04509	16.429646	15.902829	4.541692
04510	15.247952	16.270600	3.069084
04511	14.186039	16.571703	2.048496
04512	13.249012	16.880954	1.369835
04513	12.405979	17.332810	0.778594
04514	11.747929	17.545802	0.083217
04515	11.427489	17.752142	-0.303386
04516	11.521357	17.989863	-0.149911
04517	11.928734	18.144336	0.530489
04518	12.535592	18.140162	1.745111
04519	13.198663	17.855545	3.291940
04520	13.701895	17.649743	4.998424
04521	14.031718	17.258653	6.810955
04522	14.220136	16.279640	8.434452
04523	14.192570	15.537660	9.894363
04524	13.900285	15.070083	10.484139
04525	13.663982	14.838109	10.368671
04526	13.443493	15.081345	10.284937
04527	13.231268	15.326370	10.474305
04528	13.149137	15.025482	10.623998
04529	12.745162	14.564327	10.374145
04530	11.852808	14.253146	9.669226
04531	10.903361	13.840561	9.016321
04532	9.949192	13.321637	8.611500
04533	9.151514	12.718590	8.560101
04534	8.631147	11.965398	8.773171
04535	8.218370	11.160989	9.042989
04536	7.775519	10.397399	9.325514
04537	7.324437	9.743910	9.579618
04538	6.849718	9.181940	9.701500
04539	6.311224	8.671730	9.709955
04540	5.716112	8.161901	9.641781
04541	5.099936	7.619547	9.515461
04542	4.414775	7.073656	9.340135
04543	3.673043	6.558217	9.122621
04544	2.888886	6.055353	8.845904
04545	2.101573	5.514985	8.523556
04546	1.334557	4.926418	8.198849
04547	0.599473	4.333198	7.880245
04548	-0.115276	3.735175	7.522555
04549	-0.800419	3.145243	7.146463
04550	-1.445961	2.539917	6.764982
04551	-2.064653	1.975468	6.410160
04552	-2.700911	1.478670	6.108737
04553	-3.349871	1.045372	5.864700
04554	-4.002749	0.624213	5.627297
04555	-4.638264	0.197746	5.392918
04556	-5.243903	-0.272367	5.186756
04557	-5.813554	-0.756289	5.003144
04558	-6.370709	-1.234286	4.858472
04559	-6.916323	-1.684577	4.791392
04560	-7.470756	-2.130969	4.806030
04561	-8.033695	-2.560704	4.874141
04562	-8.604420	-2.981690	4.973284
04563	-9.187869	-3.388120	5.074143
04564	-9.807475	-3.769489	5.147408
04565	-10.475581	-4.128202	5.183304
04566	-11.198039	-4.458636	5.216321
04567	-11.939867	-4.754330	5.262586
04568	-12.673425	-5.045066	5.349376
04569	-13.376454	-5.331642	5.497135
04570	-14.059368	-5.579660	5.651171
04571	-14.703304	-5.765855	5.759209
04572	-15.295145	-5.870804	5.807163
04573	-15.813068	-5.919532	5.816721
04574	-16.227246	-6.006013	5.791366
04575	-16.517189	-6.171939	5.723654
04576	-16.687997	-6.391836	5.609809
04577	-16.723481	-6.659018	5.420804
04578	-16.608895	-6.922165	5.151672
04579	-16.323741	-7.072282	4.727250
04580	-15.861251	-7.054409	4.073823
04581	-15.196874	-6.934164	3.292731
04582	-14.315299	-6.767876	2.488904
04583	-13.244252	-6.527739	1.755350
04584	-11.988516	-6.091054	1.195417
04585	-10.581534	-5.462051	0.828360
04586	-9.029249	-4.693924	0.567155
04587	-7.344357	-3.807438	0.433076
04588	-5.523906	-2.782222	0.566532
04589	-3.623990	-1.729533	1.031822
04590	-1.752342	-0.926267	1.438859
04591	0.032140	-0.327808	1.351373
04592	1.437355	0.453826	0.670621
04593	2.489192	1.504520	-0.259879
04594	3.317180	2.814499	-1.231957
04595	4.057043	4.276954	-2.170774
04596	4.788963	5.722164	-2.957918
04597	5.477823	7.115901	-3.585949
04598	6.132013	8.425576	-4.110824
04599	6.770440	9.603868	-4.534083
04600	7.408982	10.650313	-4.848883
04601	8.058147	11.561638	-5.045013
04602	8.731590	12.324712	-5.105688
04603	9.494307	12.766793	-4.975425
04604	10.342387	12.951582	-4.590944
04605	11.307969	13.032140	-3.855942
04606	12.417254	13.146082	-2.697513
04607	13.619802	13.272007	-1.201016
04608	14.868657	13.352226	0.480798
04609	16.090815	13.475371	2.274771
04610	17.191466	13.664523	4.095157
04611	18.161965	13.828556	5.891981
04612	18.979853	13.921746	7.553847
04613	19.567520	14.152474	8.941182
04614	19.891521	14.585000	9.901324
04615	20.045548	14.747889	10.269159
04616	19.969818	14.741745	9.959746
04617	19.444510	15.103220	8.904618
04618	18.483500	15.721342	7.149177
04619	17.307876	16.303775	5.098586
04620	16.089428	16.884172	3.335757
04621	14.961873	17.317048	2.134648
04622	13.957724	17.495710	1.373378
04623	13.074102	17.629597	0.868531
04624	12.320770	17.727556	0.374535
04625	11.742909	17.737055	-0.093126
04626	11.481610	17.991601	-0.170307
04627	11.605581	18.297949	0.246264
04628	12.014460	18.584608	1.211274
04629	12.476646	18.656632	2.572236
04630	12.867971	18.384051	4.110925
04631	13.120639	18.057204	5.899090
04632	13.255013	17.328567	7.704686
04633	13.263149	16.324765	9.363104
04634	13.036571	15.362651	10.406989
04635	12.592022	14.979578	10.649948
04636	12.348611	14.844934	10.896629
04637	12.388455	14.993590	11.804255
04638	12.557046	14.762770	12.429933
04639	12.586609	14.333888	12.525824
04640	12.097512	13.948059	11.997136
04641	11.298310	13.616710	11.121577
04642	10.346092	13.303826	10.273545
04643	9.274263	13.004710	9.541643
04644	8.320046	12.546644	9.019020
04645	7.571040	11.932573	8.689716
04646	7.013538	11.292380	8.634466
04647	6.532713	10.633202	8.794526
04648	6.037148	10.057846	9.025606
04649	5.510606	9.560020	9.136005
04650	4.937447	9.082667	9.193183
04651	4.395575	8.582891	9.226662
04652	3.823514	8.027089	9.173893
04653	3.149100	7.486918	9.022231
04654	2.384734	6.970989	8.743870
04655	1.590630	6.446926	8.407276
04656	0.796817	5.864023	8.041304
04657	0.021787	5.240807	7.638193
04658	-0.736531	4.586964	7.199148
04659	-1.473034	3.947051	6.738890
04660	-2.180000	3.321406	6.353876
04661	-2.848913	2.718655	5.995955
04662	-3.496786	2.135840	5.650586
04663	-4.118248	1.565177	5.355014
04664	-4.746861	1.005830	5.108640
04665	-5.377752	0.480284	4.927429
04666	-6.012902	-0.049285	4.807913
04667	-6.641427	-0.565130	4.717532
04668	-7.264295	-1.081011	4.670519
04669	-7.867543	-1.601698	4.683456
04670	-8.472219	-2.116539	4.753919
04671	-9.072663	-2.611751	4.861378
04672	-9.695910	-3.079467	4.978326
04673	-10.358659	-3.496505	5.073701
04674	-11.084688	-3.856066	5.154596
04675	-11.869246	-4.147800	5.253428
04676	-12.689462	-4.393696	5.392492
04677	-13.491046	-4.650689	5.590176
04678	-14.260343	-4.912032	5.831788
04679	-15.003774	-5.092208	6.072732
04680	-15.719171	-5.191099	6.245570
04681	-16.370912	-5.227191	6.329456
04682	-16.925386	-5.229565	6.361233
04683	-17.356298	-5.239245	6.340634
04684	-17.655497	-5.331433	6.263650
04685	-17.818976	-5.544369	6.135618
04686	-17.841141	-5.806230	5.964819
04687	-17.696875	-6.005732	5.722855
04688	-17.353824	-6.043913	5.336024
04689	-16.772476	-5.921412	4.714286
04690	-15.939371	-5.748553	3.896390
04691	-14.870135	-5.606465	2.959593
04692	-13.641337	-5.386777	1.939165
04693	-12.305765	-4.895830	1.159197
04694	-10.773738	-4.188252	0.823581
04695	-9.061956	-3.318512	0.888515
04696	-7.186712	-2.362002	1.161793
04697	-5.212058	-1.321079	1.475649
04698	-3.220765	-0.254618	1.737289
04699	-1.291746	0.560791	1.747918
04700	0.450519	1.341705	1.253569
04701	1.741412	2.310255	0.288322
04702	2.756994	3.447546	-0.703800
04703	3.674115	4.737736	-1.583626
04704	4.587471	6.138414	-2.376746
04705	5.531528	7.507030	-2.990881
04706	6.493655	8.783793	-3.466178
04707	7.424612	9.948978	-3.867346
04708	8.305202	11.002082	-4.184907
04709	9.164378	11.951270	-4.389326
04710	9.984236	12.810533	-4.511216
04711	10.774521	13.596011	-4.544295
04712	11.568423	14.264743	-4.437320
04713	12.451434	14.702077	-4.109744
04714	13.505490	14.967736	-3.458719
04715	14.659181	15.152450	-2.484590
04716	15.846169	15.306568	-1.213266
04717	17.035239	15.469122	0.299545
04718	18.171402	15.611550	1.956598
04719	19.154888	15.751281	3.624762
04720	19.892092	15.999344	5.148658
04721	20.396764	16.214200	6.375967
04722	20.753457	16.070469	7.258813
04723	20.872198	15.794508	7.595121
04724	20.460422	15.984659	7.135272
04725	19.608635	16.460217	5.968483
04726	18.513414	16.799068	4.429575
04727	17.388898	16.931355	3.110473
04728	16.376727	16.947616	2.316228
04729	15.502180	16.909132	1.923220
04730	14.719271	17.021647	1.794922
04731	14.006451	17.247731	1.628045
04732	13.375524	17.455168	1.151157
04733	13.002153	17.711609	0.782233
04734	12.971950	17.891318	0.882303
04735	13.279483	17.890251	1.536507
04736	13.840544	17.658992	2.756288
04737	14.462415	17.223197	4.306229
04738	14.917528	16.964270	6.002637
04739	15.164339	16.499026	7.656968
04740	15.278589	15.524372	9.095306
04741	15.217131	14.822290	10.243270
04742	14.953584	14.300306	10.580135
04743	14.661589	14.354658	10.545137
04744	14.382954	14.661983	10.518210
04745	14.158145	14.678670	10.675949
04746	13.998851	14.256858	10.868955
04747	13.403235	13.885450	10.497982
04748	12.471885	13.666124	9.752918
04749	11.565209	13.323335	9.150082
04750	10.678339	12.873608	8.832212
04751	9.982509	12.222871	8.901033
04752	9.496319	11.427945	9.187881
04753	9.013504	10.741184	9.440611
04754	8.451770	10.204486	9.657025
04755	7.873670	9.748119	9.856180
04756	7.322460	9.305386	9.981611
04757	6.761305	8.876550	10.062009
04758	6.177138	8.395883	10.150468
04759	5.580106	7.864344	10.244298
04760	4.970749	7.311479	10.331055
04761	4.351540	6.775695	10.410988
04762	3.674461	6.273752	10.418922
04763	2.931055	5.805864	10.340262
04764	2.167233	5.313092	10.209930
04765	1.414465	4.790372	10.001197
04766	0.681139	4.248448	9.733248
04767	-0.022090	3.685680	9.439083
04768	-0.712074	3.129396	9.124944
04769	-1.375807	2.567755	8.818347
04770	-2.032138	2.008041	8.566741
04771	-2.678601	1.465320	8.388465
04772	-3.328509	0.939762	8.249973
04773	-3.972727	0.451957	8.125821
04774	-4.611317	-0.027131	8.032649
04775	-5.241718	-0.484869	7.980779
04776	-5.883892	-0.939911	7.964954
04777	-6.545595	-1.365381	7.979769
04778	-7.230583	-1.788898	8.052511
04779	-7.937078	-2.194547	8.162928
04780	-8.677663	-2.592195	8.268908
04781	-9.450935	-2.991148	8.344388
04782	-10.272292	-3.382356	8.384172
04783	-11.133705	-3.725558	8.411745
04784	-12.021724	-4.021327	8.445994
04785	-12.901721	-4.307265	8.513324
04786	-13.743636	-4.590179	8.619874
04787	-14.535485	-4.834438	8.719736
04788	-15.271373	-5.022342	8.751030
04789	-15.923539	-5.152531	8.688071
04790	-16.483064	-5.234168	8.564942
04791	-16.928820	-5.301433	8.443745
04792	-17.254802	-5.421008	8.386322
04793	-17.463708	-5.575668	8.398998
04794	-17.541117	-5.747460	8.428278
04795	-17.471716	-5.917832	8.422829
04796	-17.247820	-5.999472	8.274611
04797	-16.850612	-5.935061	7.883938
04798	-16.237923	-5.761899	7.243147
04799	-15.397841	-5.613884	6.373118
04800	-14.358827	-5.469063	5.306188
04801	-13.229647	-5.143910	4.269920
04802	-11.966239	-4.615586	3.600800
04803	-10.519031	-3.932458	3.420711
04804	-8.875550	-3.085197	3.590984
04805	-7.078650	-2.190463	3.831862
04806	-5.208176	-1.178132	4.047534
04807	-3.301199	-0.230747	4.379543
04808	-1.395523	0.498046	4.611817
04809	0.248002	1.245313	4.427219
04810	1.550053	2.171848	3.866343
04811	2.600778	3.280794	3.209661
04812	3.528686	4.593665	2.481389
04813	4.460218	5.991846	1.831665
04814	5.399985	7.361876	1.361314
04815	6.340985	8.647714	1.029859
04816	7.270331	9.823038	0.786392
04817	8.177228	10.895269	0.556416
04818	9.055816	11.870367	0.291530
04819	9.904396	12.748566	0.002400
04820	10.752439	13.482795	-0.200998
04821	11.704117	13.969324	-0.138009
04822	12.782996	14.183364	0.261353
04823	14.013766	14.251036	0.999704
04824	15.334516	14.336701	2.079854
04825	16.622950	14.510854	3.392010
04826	17.805974	14.850772	4.819108
04827	18.828113	15.352328	6.267906
04828	19.715937	15.753253	7.522291
04829	20.409951	15.808305	8.449958
04830	20.821823	15.629276	9.040874
04831	20.818299	15.696429	9.003019
04832	20.307670	16.116831	8.207620
04833	19.425177	16.610640	6.837360
04834	18.391061	16.914368	5.386691
04835	17.399512	16.997132	4.247618
04836	16.510472	17.012300	3.470405
04837	15.660523	17.129547	2.881366
04838	14.797120	17.556470	2.323741
04839	13.845250	18.282390	1.476776
04840	12.925328	18.935446	0.281316
04841	12.386784	19.410662	-0.396453
04842	12.399776	19.518859	-0.168872
04843	12.807141	19.260902	0.837028
04844	13.349051	18.705725	2.259211
04845	13.767529	18.114302	3.773657
04846	13.986443	17.787231	5.370364
04847	14.109424	17.088299	6.867909
04848	14.215899	16.158717	8.354448
04849	14.218578	15.522652	9.787597
04850	14.235415	14.933640	10.772239
04851	14.226272	14.723028	11.334697
04852	14.205920	14.757732	11.737835
04853	14.014048	14.659110	11.782603
04854	13.612869	14.373480	11.504911
04855	12.850600	14.009363	10.853007
04856	11.777435	13.755460	9.876309
04857	10.553558	13.522618	8.905613
04858	9.403613	13.106906	8.246203
04859	8.604343	12.437968	7.987513
04860	8.056486	11.639701	8.039139
04861	7.569011	10.807017	8.176540
04862	7.033721	10.111611	8.364966
04863	6.458456	9.591986	8.464998
04864	5.886234	9.102242	8.475692
04865	5.317402	8.584576	8.503430
04866	4.736778	8.014679	8.546566
04867	4.098019	7.430711	8.498366
04868	3.389380	6.914719	8.334709
04869	2.660489	6.422667	8.123270
04870	1.919747	5.906098	7.894311
04871	1.214876	5.345403	7.712689
04872	0.542673	4.734693	7.593767
04873	-0.125394	4.128866	7.466342
04874	-0.791343	3.544402	7.322857
04875	-1.434150	3.009086	7.174965
04876	-2.062656	2.511185	7.018481
04877	-2.674024	2.037338	6.854504
04878	-3.276637	1.553764	6.684273
04879	-3.864091	1.062739	6.537208
04880	-4.449876	0.573425	6.426739
04881	-5.033259	0.106829	6.347519
04882	-5.610031	-0.363025	6.313605
04883	-6.182850	-0.820522	6.338795
04884	-6.766114	-1.274809	6.421875
04885	-7.358016	-1.708394	6.579991
04886	-7.983808	-2.126883	6.803131
04887	-8.652148	-2.529372	7.048056
04888	-9.376846	-2.910989	7.298298
04889	-10.147306	-3.268375	7.559165
04890	-10.967420	-3.590907	7.843032
04891	-11.824064	-3.885528	8.143893
04892	-12.693241	-4.117346	8.466382
04893	-13.541076	-4.257265	8.795794
04894	-14.360520	-4.336856	9.059829
04895	-15.118863	-4.415318	9.196868
04896	-15.784428	-4.516347	9.228446
04897	-16.335854	-4.595423	9.199640
04898	-16.767562	-4.696178	9.153304
04899	-17.083032	-4.891122	9.092186
04900	-17.275952	-5.212968	9.013895
04901	-17.353127	-5.566830	8.834644
04902	-17.293329	-5.871661	8.509013
04903	-17.083248	-6.059079	8.045410
04904	-16.690558	-6.115623	7.394160
04905	-16.090341	-6.058566	6.538725
04906	-15.299557	-5.914847	5.627227
04907	-14.300611	-5.726894	4.788152
04908	-13.090257	-5.418020	4.130468
04909	-11.701321	-4.921700	3.714266
04910	-10.152047	-4.201046	3.504688
04911	-8.456469	-3.320057	3.395728
04912	-6.609268	-2.327929	3.406909
04913	-4.629264	-1.282406	3.702963
04914	-2.620894	-0.355902	4.206617
04915	-0.698596	0.360312	4.543073
04916	0.966381	1.094845	4.344093
04917	2.263763	2.084602	3.667457
04918	3.247644	3.320774	2.861177
04919	4.083510	4.733543	2.157769
04920	4.921001	6.218681	1.588480
04921	5.809864	7.639385	1.201626
04922	6.744626	8.926191	0.952370
04923	7.651375	10.082860	0.744352
04924	8.525018	11.124064	0.585642
04925	9.371857	12.027830	0.470499
04926	10.210158	12.809020	0.402287
04927	11.028827	13.473258	0.435572
04928	11.867566	13.979993	0.633175
04929	12.830646	14.309097	1.117330
04930	13.963676	14.540094	1.959915
04931	15.138855	14.677425	3.061382
04932	16.345382	14.825864	4.384680
04933	17.542166	15.039346	5.883057
04934	18.635956	15.344831	7.450074
04935	19.567013	15.693035	8.964035
04936	20.295903	15.906264	10.134054
04937	20.807546	15.734993	10.878693
04938	21.063141	15.415434	11.188817
04939	20.927070	15.450339	10.820725
04940	20.336841	15.831814	9.706185
04941	19.431439	16.253570	8.192659
04942	18.391278	16.526119	6.771900
04943	17.381712	16.539819	5.711468
04944	16.468058	16.409381	4.985274
04945	15.610576	16.345974	4.462403
04946	14.723537	16.604717	3.962517
04947	13.843132	17.245515	3.376899
04948	12.986098	17.810134	2.443868
04949	12.503146	18.229737	1.927792
04950	12.528662	18.392654	2.325338
04951	12.879594	18.055932	3.417121
04952	13.389952	17.311922	4.946384
04953	13.772800	16.737847	6.619384
04954	13.966832	16.183977	8.286530
04955	14.146558	15.363027	9.907350
04956	14.186363	14.778704	11.243505
04957	13.966798	14.232095	11.782720
04958	13.798024	14.034243	11.805904
04959	13.512011	14.346144	11.556681
04960	13.153367	14.424324	11.289974
04961	12.785644	14.062335	11.075104
04962	12.050862	13.605706	10.545953
04963	10.987801	13.363860	9.679737
04964	9.918249	12.970774	8.949273
04965	8.960292	12.433261	8.579633
04966	8.238401	11.799394	8.630276
04967	7.724479	11.048564	8.945212
04968	7.211537	10.307670	9.241067
04969	6.626953	9.691282	9.421598
04970	6.015327	9.211665	9.490972
04971	5.451893	8.713450	9.477183
04972	4.875205	8.198880	9.398062
04973	4.248310	7.705347	9.254960
04974	3.581080	7.206656	9.056278
04975	2.903831	6.691198	8.836679
04976	2.209307	6.152628	8.592965
04977	1.486276	5.619902	8.317297
04978	0.741157	5.067128	8.016031
04979	0.015635	4.487630	7.712289
04980	-0.690195	3.898341	7.422977
04981	-1.366293	3.294005	7.148128
04982	-2.027502	2.699594	6.899601
04983	-2.660869	2.110925	6.678346
04984	-3.278373	1.510421	6.518734
04985	-3.887216	0.925607	6.409424
04986	-4.512183	0.370802	6.373799
04987	-5.136880	-0.154703	6.417165
04988	-5.758943	-0.660047	6.538205
04989	-6.361134	-1.140922	6.706608
04990	-6.959100	-1.601924	6.912404
04991	-7.549567	-2.042914	7.125279
04992	-8.155555	-2.460599	7.356064
04993	-8.757601	-2.849353	7.597060
04994	-9.361533	-3.211430	7.834706
04995	-9.972365	-3.545484	8.045986
04996	-10.599684	-3.847242	8.205755
04997	-11.254518	-4.104384	8.325175
04998	-11.944384	-4.319529	8.442955
04999	-12.647326	-4.513392	8.572868
05000	-13.374711	-4.712708	8.706120
05001	-14.110181	-4.915247	8.817127
05002	-14.834187	-5.116321	8.876809
05003	-15.522129	-5.288014	8.850734
05004	-16.143510	-5.433685	8.759456
05005	-16.675404	-5.583116	8.682601
05006	-17.117889	-5.778515	8.655945
05007	-17.482029	-6.026700	8.669813
05008	-17.729546	-6.258712	8.692494
05009	-17.825880	-6.478435	8.667483
05010	-17.702994	-6.619274	8.554764
05011	-17.321961	-6.612594	8.220299
05012	-16.684722	-6.438005	7.596425
05013	-15.815545	-6.172941	6.753835
05014	-14.736877	-5.893832	5.751229
05015	-13.494774	-5.587721	4.713642
05016	-12.127165	-5.134739	3.836323
05017	-10.656125	-4.509959	3.281942
05018	-9.060420	-3.724164	3.030770
05019	-7.348616	-2.818934	3.009122
05020	-5.535635	-1.817564	3.147317
05021	-3.640373	-0.915291	3.382885
05022	-1.834533	-0.188743	3.359747
05023	-0.317082	0.584485	2.710769
05024	0.848554	1.603012	1.615730
05025	1.768990	2.814806	0.589279
05026	2.587710	4.133874	-0.259832
05027	3.419170	5.466067	-0.897211
05028	4.307892	6.740148	-1.274600
05029	5.229409	7.900114	-1.445907
05030	6.161292	8.918238	-1.482986
05031	7.077376	9.786976	-1.416639
05032	7.988754	10.542390	-1.259832
05033	8.864128	11.234109	-1.044181
05034	9.730153	11.863523	-0.751716
05035	10.671529	12.365518	-0.274995
05036	11.734632	12.720538	0.474970
05037	12.908860	12.978004	1.504169
05038	14.161736	13.193274	2.791886
05039	15.444936	13.361811	4.288668
05040	16.720767	13.476958	5.904363
05041	17.902101	13.585006	7.523455
05042	18.883356	13.803172	9.042262
05043	19.604600	14.174929	10.364200
05044	20.082293	14.555257	11.336098
05045	20.385895	14.632253	11.801462
05046	20.444532	14.612725	11.614601
05047	20.026929	14.965152	10.624864
05048	19.178554	15.531714	8.958651
05049	18.130826	16.010756	7.077139
05050	17.055375	16.301918	5.531706
05051	16.052868	16.411997	4.500682
05052	15.106784	16.412068	3.814519
05053	14.236352	16.528171	3.363959
05054	13.384264	16.856210	2.905315
05055	12.574674	17.216441	2.149789
05056	12.011886	17.625187	1.479089
05057	11.885351	18.101129	1.427905
05058	12.157550	18.338679	2.068038
05059	12.632826	18.283318	3.298694
05060	13.155064	17.853358	4.861485
05061	13.576963	17.356296	6.532553
05062	13.810191	16.898161	8.258551
05063	13.986467	15.908986	9.879775
05064	14.006571	15.133900	11.286272
05065	13.782830	14.630547	11.969629
05066	13.390889	14.450452	11.838196
05067	13.038052	14.484716	11.529824
05068	12.719039	14.758849	11.715879
05069	12.451114	14.711631	11.833454
05070	12.100417	14.376400	11.732827
05071	11.347273	14.004057	11.166400
05072	10.422652	13.666985	10.385091
05073	9.522904	13.297402	9.858801
05074	8.707775	12.857918	9.628910
05075	8.065070	12.305666	9.552809
05076	7.528366	11.697600	9.520832
05077	6.999639	11.161482	9.512495
05078	6.475165	10.665031	9.556617
05079	5.963454	10.198758	9.578435
05080	5.437026	9.723462	9.550865
05081	4.878647	9.230327	9.495723
05082	4.273573	8.765040	9.373680
05083	3.620483	8.316265	9.188203
05084	2.913370	7.872433	8.953786
05085	2.191267	7.404587	8.693534
05086	1.468304	6.876908	8.422178
05087	0.772007	6.306176	8.160487
05088	0.095425	5.721976	7.903019
05089	-0.544356	5.111764	7.627353
05090	-1.171014	4.491801	7.342274
05091	-1.766186	3.881119	7.080802
05092	-2.348844	3.283464	6.858917
05093	-2.934018	2.719488	6.655568
05094	-3.518934	2.162834	6.493958
05095	-4.083130	1.596480	6.386868
05096	-4.645431	1.004406	6.306621
05097	-5.216800	0.458102	6.266239
05098	-5.783564	-0.087086	6.288274
05099	-6.335269	-0.617049	6.391823
05100	-6.889751	-1.125179	6.572780
05101	-7.435425	-1.601675	6.823503
05102	-7.982864	-2.062714	7.111230
05103	-8.542608	-2.471742	7.417379
05104	-9.108270	-2.848383	7.717868
05105	-9.711557	-3.199429	7.990071
05106	-10.384333	-3.523493	8.229336
05107	-11.123416	-3.814271	8.473577
05108	-11.912216	-4.093372	8.726962
05109	-12.720899	-4.345959	9.013256
05110	-13.530956	-4.570401	9.333826
05111	-14.310459	-4.753035	9.650694
05112	-15.063062	-4.874001	9.923328
05113	-15.763799	-4.934872	10.137219
05114	-16.392929	-4.976747	10.297288
05115	-16.929054	-5.032916	10.368128
05116	-17.348455	-5.165651	10.315539
05117	-17.638872	-5.406223	10.141171
05118	-17.791563	-5.722359	9.872123
05119	-17.768931	-5.984001	9.585961
05120	-17.533342	-6.063304	9.252270
05121	-17.068542	-5.954298	8.717505
05122	-16.368742	-5.742285	7.941035
05123	-15.416196	-5.504832	7.000230
05124	-14.208878	-5.187573	6.030681
05125	-12.815845	-4.751320	5.109306
05126	-11.294727	-4.193014	4.299960
05127	-9.673219	-3.481554	3.717249
05128	-7.915002	-2.612489	3.433654
05129	-6.086525	-1.640774	3.397751
05130	-4.279497	-0.781008	3.413224
05131	-2.561145	-0.083670	3.144791
05132	-1.110865	0.722710	2.458467
05133	0.014410	1.695889	1.529927
05134	0.912824	2.834926	0.709424
05135	1.669397	4.100122	0.042007
05136	2.422705	5.383010	-0.474910
05137	3.227903	6.623861	-0.802322
05138	4.101336	7.778618	-0.915951
05139	5.029042	8.796639	-0.857660
05140	5.985672	9.667984	-0.657056
05141	6.964002	10.387650	-0.331883
05142	7.952958	10.991532	0.102791
05143	8.924969	11.459187	0.587705
05144	9.905487	11.797235	1.175718
05145	10.952188	12.028617	1.952962
05146	12.056762	12.183290	2.940301
05147	13.209239	12.320052	4.126277
05148	14.379554	12.445921	5.483319
05149	15.536440	12.543885	6.906305
05150	16.640888	12.637172	8.332625
05151	17.608933	12.779749	9.686949
05152	18.346535	13.070613	10.852432
05153	18.855893	13.455254	11.696973
05154	19.191782	13.603149	12.143435
05155	19.374500	13.426327	12.188664
05156	19.198444	13.466400	11.571109
05157	18.560022	13.928897	10.226893
05158	17.646240	14.462904	8.446426
05159	16.629561	14.856101	6.672002
05160	15.616051	15.055755	5.296020
05161	14.655829	15.079956	4.292103
05162	13.759623	15.113554	3.580077
05163	12.902895	15.411036	3.044679
05164	12.090322	15.848802	2.369880
05165	11.497913	16.223282	1.649519
05166	11.247549	16.703868	1.326146
05167	11.341289	17.064759	1.598448
05168	11.683619	17.076897	2.453774
05169	12.137446	16.774211	3.757550
05170	12.566577	16.276332	5.239362
05171	12.835492	15.897990	6.762327
05172	13.004428	15.273099	8.338662
05173	13.185817	14.344819	9.949117
05174	13.136137	13.831161	11.113378
05175	12.833803	13.620138	11.383648
05176	12.567245	13.638422	11.261938
05177	12.297189	13.798272	11.258576
05178	12.020253	13.789091	11.336146
05179	11.757838	13.464056	11.402346
05180	11.152880	13.076638	11.145732
05181	10.269882	12.811496	10.563287
05182	9.364076	12.471153	10.065087
05183	8.578852	12.015528	9.861270
05184	8.002264	11.492326	9.911890
05185	7.563355	10.914285	10.108906
05186	7.130059	10.346285	10.272007
05187	6.652125	9.874012	10.357826
05188	6.169546	9.454193	10.363530
05189	5.690653	9.028088	10.281711
05190	5.177375	8.607004	10.163028
05191	4.635761	8.137344	10.007554
05192	4.032658	7.694017	9.799665
05193	3.364454	7.324509	9.530807
05194	2.666888	6.923556	9.207137
05195	1.962003	6.456010	8.840837
05196	1.280841	5.906953	8.523225
05197	0.642054	5.300837	8.268990
05198	0.017954	4.671845	8.021665
05199	-0.601305	4.097961	7.787384
05200	-1.195867	3.526486	7.609297
05201	-1.773943	2.956149	7.491579
05202	-2.362887	2.398693	7.416877
05203	-2.950258	1.853306	7.361882
05204	-3.522845	1.297255	7.333667
05205	-4.068413	0.750486	7.331011
05206	-4.607874	0.216574	7.348088
05207	-5.150319	-0.280148	7.369871
05208	-5.690486	-0.738689	7.415437
05209	-6.221692	-1.187918	7.485198
05210	-6.741253	-1.623872	7.587138
05211	-7.252986	-2.035907	7.708507
05212	-7.778828	-2.438730	7.834269
05213	-8.325210	-2.813691	7.946718
05214	-8.916604	-3.143983	8.014928
05215	-9.556465	-3.454548	8.034142
05216	-10.244155	-3.770254	8.017461
05217	-10.978708	-4.093913	7.990188
05218	-11.749997	-4.418907	7.974512
05219	-12.541135	-4.712426	8.006141
05220	-13.339549	-4.988303	8.102403
05221	-14.129286	-5.220253	8.264427
05222	-14.900546	-5.406114	8.476597
05223	-15.626872	-5.550824	8.705779
05224	-16.284246	-5.656214	8.935202
05225	-16.851188	-5.761949	9.135885
05226	-17.304580	-5.910576	9.262411
05227	-17.614619	-6.083512	9.303509
05228	-17.753506	-6.271021	9.270961
05229	-17.698830	-6.380675	9.152034
05230	-17.432122	-6.349569	8.865226
05231	-16.925963	-6.212796	8.321748
05232	-16.170759	-6.069406	7.524783
05233	-15.201096	-5.876624	6.613106
05234	-14.039407	-5.558514	5.756652
05235	-12.684956	-5.096696	5.085789
05236	-11.150762	-4.470917	4.641524
05237	-9.442924	-3.666951	4.374192
05238	-7.557197	-2.740213	4.271160
05239	-5.581681	-1.726931	4.347074
05240	-3.638461	-0.763178	4.472901
05241	-1.784267	-0.031298	4.180381
05242	-0.203776	0.731723	3.262248
05243	0.990406	1.721534	2.060450
05244	1.968472	2.960305	1.027911
05245	2.843400	4.330843	0.185501
05246	3.726098	5.718221	-0.460190
05247	4.633281	7.060589	-0.916828
05248	5.527675	8.340705	-1.314314
05249	6.380284	9.489298	-1.700901
05250	7.220318	10.519963	-2.029042
05251	8.032673	11.460553	-2.262354
05252	8.845664	12.253469	-2.358565
05253	9.696151	12.808914	-2.222088
05254	10.664702	13.164281	-1.745282
05255	11.806294	13.397360	-0.860646
05256	13.084345	13.556480	0.372116
05257	14.434984	13.695468	1.857919
05258	15.792657	13.861939	3.518001
05259	17.062785	14.063234	5.231724
05260	18.172748	14.323066	6.931195
05261	19.050708	14.721679	8.521523
05262	19.635433	15.190417	9.725974
05263	19.999356	15.307159	10.428538
05264	20.154553	15.142491	10.538589
05265	19.849555	15.289993	9.805003
05266	19.069508	15.768338	8.293340
05267	18.047008	16.226137	6.410879
05268	16.962177	16.575430	4.721219
05269	15.910243	16.844390	3.526159
05270	14.899627	16.989008	2.665705
05271	13.941195	17.147035	2.020581
05272	13.020042	17.483386	1.450454
05273	12.176061	17.778907	0.700384
05274	11.595888	18.069653	0.122787
05275	11.451249	18.398629	0.134504
05276	11.653870	18.562664	0.715548
05277	12.023883	18.544083	1.809186
05278	12.466425	18.227611	3.336720
05279	12.927127	17.614168	5.094560
05280	13.291858	17.037099	7.081366
05281	13.559464	16.237746	9.152788
05282	13.567143	15.483236	10.953221
05283	13.305044	14.633669	12.045888
05284	12.604904	14.297550	11.854362
05285	11.871844	14.228874	10.954936
05286	11.348470	14.474596	10.927765
05287	11.095469	14.578635	11.381500
05288	11.060232	14.145404	11.573139
05289	10.648957	13.795372	11.072999
05290	9.732303	13.555259	9.924708
05291	8.883943	13.169280	8.953675
05292	8.113546	12.674691	8.339735
05293	7.356115	12.220743	7.973944
05294	6.650893	11.693140	7.705589
05295	6.019289	11.112882	7.536620
05296	5.429606	10.576148	7.482122
05297	4.891378	10.097630	7.545589
05298	4.354347	9.607244	7.621147
05299	3.790461	9.090255	7.620143
05300	3.191186	8.566665	7.556467
05301	2.613196	8.059891	7.484102
05302	2.026053	7.538700	7.415243
05303	1.407631	7.004908	7.342819
05304	0.772526	6.449626	7.261984
05305	0.142696	5.871590	7.167205
05306	-0.479836	5.296636	7.106259
05307	-1.077913	4.731315	7.052874
05308	-1.678561	4.185909	6.982163
05309	-2.280788	3.650045	6.871880
05310	-2.873139	3.108095	6.799786
05311	-3.438380	2.562100	6.780461
05312	-3.988925	2.019821	6.790343
05313	-4.529505	1.503415	6.808871
05314	-5.065389	1.010720	6.838377
05315	-5.605806	0.561851	6.888793
05316	-6.151945	0.121176	6.963304
05317	-6.702212	-0.304929	7.078023
05318	-7.256115	-0.696318	7.257254
05319	-7.807937	-1.051730	7.497191
05320	-8.365050	-1.393738	7.797845
05321	-8.930899	-1.719710	8.144298
05322	-9.517949	-2.031491	8.497905
05323	-10.139233	-2.308057	8.818774
05324	-10.815013	-2.549315	9.086769
05325	-11.540670	-2.750186	9.329339
05326	-12.304738	-2.942962	9.559982
05327	-13.078299	-3.140423	9.784933
05328	-13.856768	-3.314353	10.006967
05329	-14.623510	-3.446471	10.185145
05330	-15.367510	-3.555941	10.240297
05331	-16.043291	-3.666317	10.144405
05332	-16.619796	-3.799505	9.916111
05333	-17.082386	-3.987654	9.601721
05334	-17.409466	-4.248156	9.276785
05335	-17.598970	-4.565531	8.973054
05336	-17.643228	-4.904728	8.685145
05337	-17.527110	-5.175744	8.384477
05338	-17.239013	-5.288535	7.929133
05339	-16.754183	-5.170696	7.263812
05340	-16.032148	-4.952440	6.508952
05341	-15.050851	-4.732267	5.787014
05342	-13.846662	-4.420269	5.153170
05343	-12.476692	-3.948617	4.632987
05344	-10.965697	-3.290830	4.257221
05345	-9.316494	-2.541165	4.034756
05346	-7.557969	-1.640085	3.959666
05347	-5.692247	-0.648376	4.151358
05348	-3.779334	0.260656	4.635195
05349	-1.937455	0.858020	4.909561
05350	-0.275158	1.407159	4.566966
05351	1.000459	2.154610	3.746222
05352	1.996689	3.129163	2.922780
05353	2.850169	4.295095	2.199928
05354	3.647494	5.595376	1.578317
05355	4.448386	6.895711	1.149907
05356	5.282800	8.103503	0.889213
05357	6.130802	9.165173	0.746420
05358	6.982429	10.100387	0.676626
05359	7.836953	10.940646	0.634590
05360	8.661452	11.716813	0.598858
05361	9.493139	12.354940	0.640536
05362	10.392080	12.765360	0.878066
05363	11.375679	12.987214	1.417418
05364	12.504705	13.101802	2.322984
05365	13.762321	13.172072	3.613424
05366	15.047537	13.215640	5.142801
05367	16.268826	13.271100	6.725891
05368	17.344093	13.428236	8.255735
05369	18.210299	13.692637	9.667050
05370	18.885058	13.983897	10.867454
05371	19.373094	14.106254	11.671417
05372	19.689950	13.967221	12.030464
05373	19.656517	13.990375	11.706245
05374	19.097693	14.426501	10.550811
05375	18.168146	14.930151	8.817127
05376	17.088227	15.261792	7.035351
05377	16.010427	15.417357	5.683017
05378	14.952835	15.497062	4.704432
05379	13.955435	15.677484	3.993704
05380	12.993091	16.091000	3.348547
05381	12.108596	16.473988	2.465278
05382	11.436070	16.886275	1.623064
05383	11.219675	17.417896	1.401754
05384	11.474412	17.709146	1.875183
05385	12.009367	17.650484	2.960811
05386	12.652432	17.300254	4.551796
05387	13.149034	17.089356	6.466266
05388	13.600454	16.438594	8.496901
05389	14.013621	15.119844	10.326565
05390	14.010197	14.242401	11.566110
05391	13.620437	13.909451	11.914704
05392	13.241742	13.841338	11.580808
05393	12.810430	14.093854	11.047534
05394	12.416968	14.224421	10.993236
05395	12.159703	13.784654	11.088060
05396	11.483709	13.411762	10.624934
05397	10.518960	13.206257	9.774372
05398	9.613406	12.771787	9.159647
05399	8.888277	12.222592	8.976657
05400	8.413904	11.572717	9.135692
05401	8.039234	10.880272	9.347907
05402	7.622846	10.256531	9.455478
05403	7.146962	9.735028	9.529438
05404	6.666073	9.261914	9.592955
05405	6.164688	8.811502	9.542458
05406	5.593114	8.376812	9.413729
05407	4.981713	7.902161	9.281566
05408	4.359829	7.397711	9.161321
05409	3.719246	6.916999	9.019938
05410	3.037910	6.441661	8.845528
05411	2.346447	5.951796	8.638187
05412	1.645083	5.435957	8.466569
05413	0.983022	4.879567	8.395493
05414	0.368138	4.301744	8.351432
05415	-0.215976	3.737567	8.292465
05416	-0.800390	3.190231	8.216292
05417	-1.375045	2.655306	8.157374
05418	-1.964331	2.153266	8.103505
05419	-2.554601	1.661697	8.043585
05420	-3.136122	1.143192	7.992418
05421	-3.703923	0.624202	7.967167
05422	-4.263215	0.116916	7.971291
05423	-4.807792	-0.363765	7.996121
05424	-5.346972	-0.813979	8.047981
05425	-5.885109	-1.223432	8.139531
05426	-6.422848	-1.618326	8.286251
05427	-6.971512	-1.973182	8.466226
05428	-7.536811	-2.305234	8.637413
05429	-8.121943	-2.606491	8.767883
05430	-8.751465	-2.884255	8.845257
05431	-9.439321	-3.155512	8.883059
05432	-10.183663	-3.428982	8.891492
05433	-10.979884	-3.688590	8.908979
05434	-11.802383	-3.932388	8.980229
05435	-12.625073	-4.166258	9.107873
05436	-13.442249	-4.370270	9.226737
05437	-14.225342	-4.545053	9.279361
05438	-14.941380	-4.694548	9.262497
05439	-15.568162	-4.855689	9.176033
05440	-16.092738	-5.055011	9.020936
05441	-16.487608	-5.300397	8.831572
05442	-16.718573	-5.588414	8.648071
05443	-16.767195	-5.852757	8.474484
05444	-16.633349	-5.990756	8.204076
05445	-16.289057	-5.959381	7.725298
05446	-15.709534	-5.862031	7.010704
05447	-14.916750	-5.741944	6.123893
05448	-13.940308	-5.526206	5.214461
05449	-12.804748	-5.164141	4.435979
05450	-11.498411	-4.638790	3.936752
05451	-10.046080	-3.934137	3.779647
05452	-8.416448	-3.111459	3.954404
05453	-6.629914	-2.222240	4.386964
05454	-4.766369	-1.290484	4.947917
05455	-3.004309	-0.448141	5.353571
05456	-1.351177	0.229039	5.148394
05457	-0.017404	0.962375	4.255156
05458	1.036019	1.909643	3.260887
05459	1.933426	3.039848	2.482662
05460	2.780806	4.219826	1.839222
05461	3.647960	5.384660	1.346808
05462	4.512332	6.545607	0.951433
05463	5.329434	7.672500	0.536817
05464	6.103668	8.730458	0.115529
05465	6.851961	9.693682	-0.260670
05466	7.610993	10.575000	-0.520156
05467	8.407201	11.293415	-0.593522
05468	9.300675	11.775585	-0.399307
05469	10.289850	12.041064	0.121522
05470	11.409200	12.182243	1.001025
05471	12.663406	12.291185	2.239803
05472	13.974067	12.408347	3.753864
05473	15.226936	12.591061	5.402388
05474	16.292810	12.898730	7.024569
05475	17.143104	13.314995	8.525644
05476	17.763661	13.815971	9.796806
05477	18.158376	14.277508	10.607242
05478	18.388906	14.433527	10.854772
05479	18.402214	14.477841	10.502482
05480	17.954049	14.884033	9.358699
05481	17.118499	15.513207	7.609803
05482	16.126080	16.020471	5.727047
05483	15.128372	16.345988	4.214511
05484	14.165092	16.546327	3.180147
05485	13.244088	16.687622	2.455752
05486	12.377615	16.995062	1.971584
05487	11.553773	17.362321	1.455308
05488	10.858167	17.525132	0.794504
05489	10.469746	17.716890	0.444201
05490	10.468321	17.920288	0.628728
05491	10.797253	17.978131	1.371390
05492	11.294659	17.845362	2.636609
05493	11.810303	17.525763	4.244726
05494	12.229362	17.259898	6.123330
05495	12.623954	16.507479	8.098180
05496	12.922358	15.513299	10.046473
05497	12.953491	14.667391	11.385784
05498	12.632683	14.265544	11.614358
05499	12.320458	14.400512	11.363420
05500	12.030220	14.685579	11.196370
05501	11.686238	14.728599	11.032191
05502	11.392554	14.325953	10.864486
05503	10.758146	13.908640	10.300033
05504	9.825979	13.721288	9.417935
05505	8.899985	13.364613	8.774855
05506	8.125266	12.811555	8.528357
05507	7.571292	12.150151	8.579234
05508	7.122326	11.440896	8.748890
05509	6.633183	10.840480	8.856728
05510	6.093974	10.354753	8.955653
05511	5.583881	9.912472	9.048473
05512	5.090263	9.453934	9.043980
05513	4.557144	8.989838	8.968974
05514	3.967781	8.501170	8.830196
05515	3.340505	8.005457	8.643633
05516	2.679208	7.520365	8.449271
05517	1.990039	7.019065	8.228711
05518	1.273275	6.490405	7.975924
05519	0.575321	5.922529	7.749148
05520	-0.082516	5.304104	7.554543
05521	-0.698086	4.682853	7.397059
05522	-1.307907	4.066502	7.242481
05523	-1.918816	3.473220	7.057983
05524	-2.531672	2.916289	6.859235
05525	-3.129571	2.365895	6.673249
05526	-3.727121	1.817461	6.486353
05527	-4.320809	1.301762	6.313529
05528	-4.906266	0.780575	6.180076
05529	-5.482881	0.266750	6.087484
05530	-6.049873	-0.243028	6.056914
05531	-6.594816	-0.760471	6.089169
05532	-7.142682	-1.249337	6.185607
05533	-7.684566	-1.713690	6.351304
05534	-8.229731	-2.152430	6.569869
05535	-8.777054	-2.559899	6.788488
05536	-9.337503	-2.941410	6.973068
05537	-9.914181	-3.299625	7.096723
05538	-10.527830	-3.626277	7.160893
05539	-11.177044	-3.905798	7.213204
05540	-11.851223	-4.130292	7.286969
05541	-12.542014	-4.335299	7.372382
05542	-13.262527	-4.507204	7.449948
05543	-13.975603	-4.656398	7.498277
05544	-14.650691	-4.775669	7.501281
05545	-15.278523	-4.869955	7.460319
05546	-15.830321	-4.946757	7.416685
05547	-16.285656	-5.033505	7.402609
05548	-16.643993	-5.140024	7.412478
05549	-16.880033	-5.274348	7.445623
05550	-16.932578	-5.413437	7.520517
05551	-16.765966	-5.479332	7.544774
05552	-16.345790	-5.387242	7.339187
05553	-15.668083	-5.226804	6.853332
05554	-14.791806	-5.023336	6.140491
05555	-13.769936	-4.760735	5.329874
05556	-12.596852	-4.411381	4.549708
05557	-11.282259	-3.914412	3.980715
05558	-9.847303	-3.239822	3.711521
05559	-8.318404	-2.450068	3.667181
05560	-6.689238	-1.571669	3.753426
05561	-4.975714	-0.654540	3.955031
05562	-3.226556	0.132310	4.197876
05563	-1.587830	0.830354	4.084232
05564	-0.247055	1.667912	3.386065
05565	0.788482	2.674273	2.525230
05566	1.659807	3.827062	1.795356
05567	2.489047	5.049480	1.167056
05568	3.357744	6.276046	0.732946
05569	4.261854	7.422377	0.535423
05570	5.188837	8.455451	0.477066
05571	6.112267	9.382724	0.491861
05572	7.013939	10.242531	0.500441
05573	7.878742	11.060219	0.437539
05574	8.724549	11.808688	0.355801
05575	9.623814	12.282198	0.408388
05576	10.636038	12.474345	0.756919
05577	11.811611	12.551029	1.494030
05578	13.092986	12.617201	2.590471
05579	14.407385	12.704779	3.947543
05580	15.694815	12.840796	5.440223
05581	16.861763	13.098643	6.958762
05582	17.857523	13.489526	8.437803
05583	18.624118	13.945193	9.739216
05584	19.193065	14.297087	10.624487
05585	19.599365	14.305787	11.014925
05586	19.733224	14.271994	10.811451
05587	19.375393	14.635826	9.826666
05588	18.613983	15.210958	8.202903
05589	17.655079	15.719473	6.404383
05590	16.680082	16.068566	4.972682
05591	15.805498	16.265035	4.059564
05592	14.998274	16.444985	3.512700
05593	14.254356	16.773951	3.224964
05594	13.515509	17.263807	2.836000
05595	12.812484	17.615263	2.028232
05596	12.403971	18.015745	1.562989
05597	12.428262	18.263437	1.787403
05598	12.840294	18.180831	2.664900
05599	13.402174	17.870963	4.023536
05600	13.906031	17.482890	5.704828
05601	14.309965	16.986323	7.634603
05602	14.641523	15.924179	9.522761
05603	14.666585	14.968493	11.019578
05604	14.177256	14.118036	11.356551
05605	13.515840	13.956056	11.012732
05606	12.938954	14.166317	10.524019
05607	12.509350	14.354889	10.643284
05608	12.394584	13.966432	11.111132
05609	12.129486	13.462524	11.160447
05610	11.321862	13.259139	10.385256
05611	10.378466	12.964933	9.600436
05612	9.586006	12.470423	9.233561
05613	8.967192	11.882441	9.171989
05614	8.446485	11.199782	9.264231
05615	7.933710	10.552052	9.360652
05616	7.383173	9.977751	9.457928
05617	6.833066	9.491382	9.578661
05618	6.302945	9.050686	9.684203
05619	5.770126	8.620920	9.713533
05620	5.208087	8.151962	9.656122
05621	4.624152	7.652563	9.543122
05622	4.023037	7.133555	9.366433
05623	3.389891	6.632999	9.106718
05624	2.701001	6.162713	8.768704
05625	1.988139	5.682648	8.419823
05626	1.255671	5.163407	8.073123
05627	0.553317	4.614079	7.782541
05628	-0.100400	4.065810	7.559861
05629	-0.728355	3.519633	7.348630
05630	-1.351969	2.980007	7.161061
05631	-1.954967	2.482653	7.042650
05632	-2.547009	1.952440	6.967841
05633	-3.129644	1.440733	6.922875
05634	-3.718253	0.979973	6.903344
05635	-4.302538	0.566281	6.932216
05636	-4.876280	0.141676	7.013269
05637	-5.450758	-0.285656	7.152877
05638	-6.034946	-0.704943	7.344165
05639	-6.613593	-1.103541	7.578791
05640	-7.193195	-1.476975	7.859876
05641	-7.772555	-1.825677	8.165551
05642	-8.362356	-2.160278	8.452511
05643	-8.968814	-2.474191	8.689567
05644	-9.608590	-2.774364	8.859716
05645	-10.288658	-3.066239	8.959240
05646	-11.009327	-3.358601	8.997185
05647	-11.750933	-3.641496	8.999606
05648	-12.494027	-3.893199	9.011614
05649	-13.229788	-4.083245	9.033542
05650	-13.951719	-4.210703	9.033309
05651	-14.627457	-4.309102	8.980400
05652	-15.240288	-4.359390	8.886132
05653	-15.775102	-4.387426	8.769026
05654	-16.206826	-4.478498	8.643847
05655	-16.503290	-4.614605	8.540679
05656	-16.647916	-4.757682	8.491014
05657	-16.621661	-4.877293	8.465868
05658	-16.406337	-4.912655	8.362795
05659	-16.008592	-4.816842	8.082230
05660	-15.421489	-4.614608	7.697710
05661	-14.634114	-4.371050	7.254077
05662	-13.638861	-4.068001	6.786984
05663	-12.458768	-3.625647	6.331828
05664	-11.084378	-3.040225	5.907185
05665	-9.539983	-2.328640	5.521040
05666	-7.835800	-1.532214	5.150253
05667	-5.979244	-0.676969	4.963428
05668	-4.041159	0.165934	5.001245
05669	-2.180417	0.824873	4.926732
05670	-0.468826	1.346365	4.370489
05671	0.978658	2.031014	3.290814
05672	2.078738	2.997499	2.054892
05673	2.968054	4.195195	0.963757
05674	3.782317	5.515557	0.061041
05675	4.599861	6.835543	-0.583106
05676	5.455291	8.093007	-0.998254
05677	6.344758	9.204680	-1.261666
05678	7.218619	10.201386	-1.478884
05679	8.063180	11.134641	-1.689407
05680	8.876941	11.991141	-1.873515
05681	9.716397	12.664069	-1.949240
05682	10.639217	13.047611	-1.809524
05683	11.684147	13.217952	-1.338919
05684	12.861691	13.268822	-0.481601
05685	14.147998	13.260923	0.732000
05686	15.490230	13.254764	2.206865
05687	16.802620	13.298228	3.813974
05688	17.975275	13.481111	5.447143
05689	18.947147	13.816434	7.036710
05690	19.703853	14.213344	8.498725
05691	20.229957	14.582014	9.642241
05692	20.568917	14.699186	10.322834
05693	20.720216	14.497473	10.470480
05694	20.425352	14.585572	9.839978
05695	19.584889	15.110026	8.366359
05696	18.430682	15.642492	6.404436
05697	17.220196	16.037688	4.598822
05698	16.135908	16.326015	3.359676
05699	15.227217	16.461596	2.627505
05700	14.352838	16.730510	2.153814
05701	13.490975	17.250249	1.677320
05702	12.623263	17.677557	0.702413
05703	12.048191	18.098928	-0.023272
05704	11.961620	18.391909	0.027443
05705	12.253946	18.435717	0.756235
05706	12.749760	18.305485	2.059053
05707	13.264992	17.971552	3.674605
05708	13.628791	17.529024	5.303174
05709	13.812674	16.942672	6.969560
05710	13.937272	16.015324	8.759771
05711	13.981739	15.064029	10.414887
05712	13.817791	14.279898	11.226731
05713	13.476962	14.097311	11.500284
05714	13.238790	14.154572	11.907509
05715	12.986798	14.052197	12.221492
05716	12.650313	13.793293	12.236633
05717	12.023375	13.439421	11.821686
05718	11.037790	13.257789	10.908482
05719	9.964283	13.083730	10.035479
05720	8.982160	12.691671	9.467880
05721	8.189199	12.110695	9.144820
05722	7.551133	11.453463	9.058231
05723	6.965537	10.840119	9.091451
05724	6.390975	10.295217	9.220627
05725	5.846156	9.797940	9.408837
05726	5.305748	9.289343	9.527588
05727	4.756394	8.753777	9.607196
05728	4.180818	8.202355	9.659358
05729	3.572318	7.662537	9.617563
05730	2.919659	7.145528	9.477355
05731	2.242193	6.634993	9.266439
05732	1.547204	6.117156	9.009342
05733	0.868733	5.561940	8.748781
05734	0.209729	4.980932	8.510940
05735	-0.417086	4.406361	8.305911
05736	-1.034175	3.838888	8.126256
05737	-1.644922	3.321791	7.964005
05738	-2.241934	2.808405	7.832936
05739	-2.821054	2.308023	7.731760
05740	-3.395161	1.811599	7.655661
05741	-3.953303	1.299420	7.609201
05742	-4.507368	0.768861	7.581698
05743	-5.060409	0.256302	7.553196
05744	-5.608187	-0.232187	7.557944
05745	-6.145549	-0.698140	7.593690
05746	-6.685269	-1.158752	7.658596
05747	-7.226778	-1.612759	7.764096
05748	-7.778099	-2.052079	7.918778
05749	-8.342279	-2.457280	8.086000
05750	-8.944724	-2.830481	8.225864
05751	-9.600401	-3.174524	8.323054
05752	-10.327724	-3.481579	8.389763
05753	-11.097298	-3.768722	8.458961
05754	-11.892178	-4.028350	8.570031
05755	-12.697565	-4.245423	8.734397
05756	-13.517344	-4.392628	8.938585
05757	-14.330735	-4.468978	9.148182
05758	-15.116813	-4.485887	9.328987
05759	-15.851465	-4.448335	9.472966
05760	-16.516074	-4.425624	9.547328
05761	-17.073743	-4.511544	9.541195
05762	-17.500336	-4.720595	9.469693
05763	-17.766275	-4.998970	9.362388
05764	-17.852373	-5.242011	9.224222
05765	-17.754918	-5.368451	8.974828
05766	-17.441785	-5.321305	8.504089
05767	-16.884724	-5.162183	7.794222
05768	-16.085998	-5.021819	6.836430
05769	-15.097464	-4.862815	5.699312
05770	-14.005401	-4.556522	4.615101
05771	-12.767393	-4.103575	3.867497
05772	-11.343877	-3.483936	3.551248
05773	-9.720132	-2.682060	3.589350
05774	-7.888561	-1.856706	3.845368
05775	-5.933570	-1.015773	4.188448
05776	-4.002164	-0.141263	4.459345
05777	-2.238954	0.639377	4.372239
05778	-0.700498	1.413178	3.671721
05779	0.491998	2.294384	2.579868
05780	1.483813	3.296310	1.547036
05781	2.407581	4.404571	0.703976
05782	3.334964	5.571798	0.030133
05783	4.285191	6.721550	-0.436770
05784	5.231175	7.851646	-0.789361
05785	6.131193	8.916087	-1.142603
05786	6.997832	9.885389	-1.502945
05787	7.841894	10.760445	-1.866488
05788	8.657360	11.589779	-2.161860
05789	9.460146	12.300927	-2.284241
05790	10.336605	12.769134	-2.141807
05791	11.342193	13.011557	-1.640956
05792	12.474257	13.128033	-0.786005
05793	13.690466	13.183081	0.369923
05794	14.932345	13.254542	1.766142
05795	16.130238	13.351131	3.302600
05796	17.215263	13.506650	4.906382
05797	18.080878	13.782200	6.454370
05798	18.705196	14.114553	7.753327
05799	19.143601	14.228144	8.628138
05800	19.436906	14.006621	9.112592
05801	19.379222	13.969841	8.938117
05802	18.787449	14.358505	7.909119
05803	17.846486	14.825731	6.263150
05804	16.756370	15.122431	4.491015
05805	15.701604	15.248651	3.131742
05806	14.725105	15.320874	2.235251
05807	13.787683	15.489007	1.585170
05808	12.849343	15.911819	1.018427
05809	11.911840	16.499827	0.249614
05810	11.130982	17.016163	-0.691554
05811	10.783715	17.533938	-1.071401
05812	10.888881	17.789578	-0.759984
05813	11.251652	17.717942	0.140009
05814	11.797894	17.436199	1.576161
05815	12.394301	17.005349	3.286071
05816	12.826640	16.689336	5.072688
05817	13.163281	15.967184	6.961432
05818	13.440461	14.884652	8.840859
05819	13.478236	13.939741	10.082104
05820	13.184423	13.472144	10.309934
05821	12.742241	13.571796	10.007478
05822	12.288867	13.696371	9.674363
05823	11.818764	13.588621	9.421731
05824	11.306889	13.222498	9.214680
05825	10.473670	12.909918	8.635391
05826	9.477671	12.664809	7.834178
05827	8.580040	12.167304	7.353889
05828	7.859086	11.573092	7.233988
05829	7.329766	10.907057	7.442880
05830	6.836807	10.196650	7.710585
05831	6.284409	9.559887	7.916638
05832	5.706012	9.015272	8.142240
05833	5.186072	8.510081	8.363879
05834	4.681462	8.004925	8.490320
05835	4.129873	7.485582	8.539808
05836	3.501681	6.967205	8.519854
05837	2.813801	6.476086	8.404505
05838	2.110784	5.992249	8.247763
05839	1.423669	5.475007	8.056761
05840	0.748178	4.915920	7.849864
05841	0.082394	4.336719	7.667973
05842	-0.570008	3.745773	7.517881
05843	-1.186636	3.170672	7.401981
05844	-1.779486	2.601363	7.297847
05845	-2.362928	2.058818	7.184056
05846	-2.936636	1.514288	7.091863
05847	-3.492456	0.962599	7.049237
05848	-4.063113	0.414764	7.010294
05849	-4.643423	-0.111543	6.937172
05850	-5.226875	-0.598024	6.859748
05851	-5.796961	-1.069033	6.802325
05852	-6.364170	-1.541607	6.774571
05853	-6.929379	-1.993960	6.808980
05854	-7.501871	-2.423711	6.918442
05855	-8.079778	-2.814480	7.089392
05856	-8.675625	-3.175748	7.288497
05857	-9.291547	-3.511754	7.465931
05858	-9.953876	-3.822408	7.593629
05859	-10.653445	-4.096327	7.677440
05860	-11.375551	-4.327614	7.753725
05861	-12.103403	-4.549645	7.841497
05862	-12.844126	-4.724038	7.926788
05863	-13.581283	-4.853193	7.959550
05864	-14.272911	-5.001922	7.936562
05865	-14.896666	-5.131304	7.871981
05866	-15.451364	-5.165422	7.786780
05867	-15.894896	-5.193317	7.681143
05868	-16.217514	-5.292327	7.580032
05869	-16.429658	-5.404589	7.463784
05870	-16.501872	-5.526549	7.310248
05871	-16.390386	-5.626971	7.097119
05872	-16.059196	-5.657590	6.717593
05873	-15.504647	-5.555636	6.141308
05874	-14.726426	-5.358946	5.452124
05875	-13.732756	-5.099149	4.755710
05876	-12.530857	-4.744355	4.140734
05877	-11.167181	-4.272329	3.635678
05878	-9.667892	-3.665220	3.278003
05879	-8.083117	-2.930231	3.116731
05880	-6.428913	-2.030597	3.193381
05881	-4.713669	-1.081492	3.543627
05882	-2.966744	-0.323061	3.932694
05883	-1.320359	0.266017	3.979068
05884	0.119138	0.969930	3.546841
05885	1.231010	1.861662	2.797659
05886	2.149612	2.931633	2.062186
05887	2.973514	4.136911	1.438460
05888	3.796646	5.391613	1.008969
05889	4.655555	6.583649	0.808630
05890	5.543828	7.674006	0.787970
05891	6.436124	8.657569	0.872713
05892	7.326633	9.556920	0.966063
05893	8.187408	10.353220	0.999772
05894	9.024801	11.061184	0.986433
05895	9.847239	11.660069	1.027326
05896	10.695432	12.100605	1.223122
05897	11.633913	12.351072	1.671771
05898	12.696410	12.467952	2.409436
05899	13.826950	12.542217	3.425574
05900	14.958909	12.637255	4.631426
05901	16.024641	12.806636	5.940404
05902	16.959681	13.072075	7.272752
05903	17.727956	13.433353	8.562280
05904	18.310973	13.866666	9.712545
05905	18.747409	14.139706	10.549390
05906	19.050861	13.993613	10.986871
05907	19.060291	13.825353	10.817691
05908	18.552653	14.112993	9.829911
05909	17.661112	14.534733	8.229382
05910	16.615332	14.842259	6.500572
05911	15.605883	15.070127	5.182835
05912	14.683176	15.244469	4.334220
05913	13.814504	15.448037	3.741894
05914	12.958132	15.911423	3.196916
05915	12.088689	16.474153	2.328176
05916	11.373030	16.962521	1.307758
05917	11.083679	17.370122	0.966020
05918	11.217954	17.499383	1.385929
05919	11.662627	17.356746	2.462319
05920	12.240934	17.055420	4.002916
05921	12.652731	16.893115	5.671809
05922	13.052911	16.316487	7.508776
05923	13.709815	15.179109	9.830150
05924	14.311681	14.238835	12.037369
05925	14.515852	13.607995	13.090842
05926	14.370184	13.681356	13.091490
05927	13.973238	13.944987	12.441154
05928	13.360561	14.116362	11.787669
05929	12.695932	13.819808	11.500442
05930	11.776167	13.430247	11.173658
05931	10.514853	13.398614	10.380513
05932	9.434084	13.146431	9.772714
05933	8.733972	12.592838	9.536218
05934	8.258607	11.915873	9.752558
05935	7.860471	11.285073	10.113450
05936	7.424439	10.679896	10.362018
05937	6.945733	10.198571	10.540233
05938	6.510000	9.748360	10.653613
05939	6.058884	9.291255	10.727658
05940	5.507472	8.822789	10.730826
05941	4.850635	8.356483	10.644138
05942	4.171043	7.882652	10.509938
05943	3.487160	7.414077	10.329068
05944	2.777208	6.942440	10.096630
05945	2.054803	6.420959	9.858489
05946	1.344734	5.820741	9.657024
05947	0.650165	5.178580	9.451920
05948	-0.017817	4.536061	9.235389
05949	-0.659914	3.927062	8.996856
05950	-1.307331	3.353857	8.737548
05951	-1.934694	2.769156	8.512078
05952	-2.553126	2.171700	8.373198
05953	-3.179432	1.576617	8.293350
05954	-3.808659	0.992826	8.265795
05955	-4.432005	0.425177	8.241221
05956	-5.054151	-0.113072	8.217961
05957	-5.655695	-0.626916	8.222331
05958	-6.248789	-1.120388	8.278029
05959	-6.838064	-1.581990	8.375547
05960	-7.437711	-2.028189	8.497587
05961	-8.047083	-2.449138	8.626584
05962	-8.681677	-2.846325	8.728298
05963	-9.357650	-3.217333	8.779187
05964	-10.082133	-3.565949	8.803348
05965	-10.835409	-3.893239	8.808952
05966	-11.599124	-4.212440	8.822305
05967	-12.356685	-4.500780	8.864891
05968	-13.119781	-4.726082	8.918200
05969	-13.870079	-4.899268	8.927763
05970	-14.567124	-5.061232	8.877706
05971	-15.186563	-5.190239	8.799982
05972	-15.712392	-5.278250	8.707615
05973	-16.125985	-5.366383	8.600070
05974	-16.413133	-5.484181	8.458893
05975	-16.548534	-5.656713	8.280375
05976	-16.489832	-5.815196	8.051282
05977	-16.224803	-5.846850	7.693863
05978	-15.730468	-5.742268	7.159699
05979	-14.998540	-5.566751	6.503976
05980	-14.037613	-5.301553	5.805835
05981	-12.874417	-4.925770	5.157801
05982	-11.542078	-4.440134	4.598997
05983	-10.085586	-3.822044	4.201310
05984	-8.492120	-3.098557	3.993581
05985	-6.778204	-2.251296	3.994657
05986	-4.975252	-1.326057	4.184186
05987	-3.174098	-0.466051	4.505549
05988	-1.435171	0.211102	4.652116
05989	0.032115	0.970633	4.322424
05990	1.150529	1.942038	3.619396
05991	2.018748	3.050982	2.878248
05992	2.778462	4.266415	2.174569
05993	3.545350	5.514927	1.581648
05994	4.381690	6.729396	1.202678
05995	5.257158	7.848083	1.040760
05996	6.143000	8.837827	1.006204
05997	7.020800	9.701254	1.049620
05998	7.879109	10.487651	1.125532
05999	8.699170	11.173453	1.180872
06000	9.551407	11.735360	1.304522
06001	10.445640	12.113435	1.600554
06002	11.419023	12.354362	2.165986
06003	12.481673	12.507318	3.017333
06004	13.618671	12.634423	4.150030
06005	14.771872	12.777153	5.501389
06006	15.879222	12.966764	6.958600
06007	16.866161	13.224875	8.426891
06008	17.663713	13.544013	9.804157
06009	18.249762	13.911788	10.934868
06010	18.636927	14.202294	11.696678
06011	18.890144	14.184201	12.101685
06012	18.912069	14.120309	11.973253
06013	18.477807	14.452255	11.110861
06014	17.665176	14.973763	9.601525
06015	16.669272	15.329622	7.838399
06016	15.637352	15.485203	6.336264
06017	14.693344	15.543076	5.345423
06018	13.841652	15.613041	4.716870
06019	13.034914	15.814059	4.272459
06020	12.223504	16.061988	3.695239
06021	11.501409	16.320480	2.944796
06022	11.051225	16.645793	2.558986
06023	11.016036	16.918275	2.797176
06024	11.325796	17.025678	3.596262
06025	11.789731	16.939203	4.929360
06026	12.137141	16.918502	6.584674
06027	12.649543	16.169470	8.725874
06028	13.540320	14.803104	11.204377
06029	14.080275	14.032887	12.919611
06030	14.037816	13.977369	13.372142
06031	13.706019	14.196009	12.789729
06032	13.127059	14.360370	11.725077
06033	12.515420	14.291667	11.093700
06034	11.798097	13.811607	10.843627
06035	10.618760	13.611473	10.177397
06036	9.342159	13.473946	9.387822
06037	8.488431	12.935591	8.993083
06038	7.971260	12.219552	9.127938
06039	7.650684	11.491110	9.598482
06040	7.319449	10.857288	9.957098
06041	6.875528	10.315112	10.133373
06042	6.384525	9.844059	10.250229
06043	5.922694	9.327227	10.353209
06044	5.391097	8.812078	10.403683
06045	4.721160	8.352416	10.309221
06046	3.948029	7.916168	10.050659
06047	3.156589	7.466578	9.700666
06048	2.385171	6.993529	9.343229
06049	1.634524	6.461243	9.001298
06050	0.883755	5.862999	8.683091
06051	0.139963	5.228430	8.410117
06052	-0.587828	4.590900	8.169632
06053	-1.269618	3.961880	7.948887
06054	-1.926701	3.343233	7.732095
06055	-2.563801	2.754803	7.515162
06056	-3.186219	2.182749	7.311544
06057	-3.783792	1.611506	7.146466
06058	-4.386005	1.053321	7.033126
06059	-4.989622	0.494886	6.960598
06060	-5.583765	-0.054276	6.942418
06061	-6.156032	-0.589298	6.983146
06062	-6.714223	-1.116301	7.077450
06063	-7.262767	-1.640489	7.231806
06064	-7.825826	-2.130394	7.439969
06065	-8.406922	-2.594161	7.675059
06066	-9.016009	-3.040167	7.898384
06067	-9.662709	-3.463924	8.073699
06068	-10.364212	-3.872174	8.182922
06069	-11.116433	-4.251008	8.260083
06070	-11.900590	-4.552072	8.404481
06071	-12.665543	-4.785407	8.657202
06072	-13.421820	-4.965188	8.951352
06073	-14.160111	-5.089250	9.186061
06074	-14.860105	-5.171304	9.353149
06075	-15.502302	-5.176685	9.491524
06076	-16.063162	-5.084125	9.656950
06077	-16.512130	-4.990409	9.851583
06078	-16.838266	-4.973459	10.032435
06079	-17.054355	-5.026747	10.127240
06080	-17.144231	-5.149269	10.105544
06081	-17.057634	-5.277955	9.996080
06082	-16.766476	-5.343960	9.744756
06083	-16.265909	-5.274345	9.276075
06084	-15.553798	-5.091724	8.616225
06085	-14.658447	-4.836946	7.766081
06086	-13.603864	-4.535157	6.770573
06087	-12.409963	-4.155274	5.786092
06088	-11.089928	-3.631645	5.023132
06089	-9.653777	-2.976108	4.557630
06090	-8.100499	-2.191045	4.388856
06091	-6.445098	-1.284818	4.451821
06092	-4.688441	-0.404740	4.702219
06093	-2.932027	0.298673	4.883245
06094	-1.311868	0.992174	4.676865
06095	-0.006769	1.852936	3.981899
06096	1.032651	2.838945	3.114761
06097	1.940268	3.907936	2.351583
06098	2.806156	5.042960	1.733571
06099	3.718670	6.173844	1.330528
06100	4.690787	7.220911	1.175882
06101	5.689579	8.134803	1.171469
06102	6.688851	8.938526	1.231802
06103	7.677589	9.653211	1.306383
06104	8.640911	10.298056	1.337848
06105	9.563174	10.886649	1.334033
06106	10.470339	11.370569	1.385692
06107	11.448520	11.707435	1.647320
06108	12.506753	11.951838	2.192993
06109	13.626551	12.162312	3.011445
06110	14.777221	12.370092	4.047759
06111	15.891354	12.598196	5.195856
06112	16.931124	12.839844	6.360133
06113	17.820335	13.132680	7.463005
06114	18.484569	13.544566	8.384898
06115	18.934688	13.938193	8.977022
06116	19.253534	13.939125	9.225902
06117	19.313117	13.847603	8.972064
06118	18.913295	14.159163	8.018950
06119	18.163006	14.679373	6.506058
06120	17.227055	15.154847	4.844509
06121	16.249983	15.456971	3.487563
06122	15.315446	15.569732	2.583199
06123	14.446167	15.591457	1.997596
06124	13.603499	15.844763	1.576065
06125	12.759288	16.354284	1.016034
06126	12.021086	16.844366	0.254210
06127	11.635247	17.423946	-0.090931
06128	11.695517	17.809873	0.254732
06129	12.084179	17.815202	1.266954
06130	12.608487	17.462174	2.801143
06131	13.086301	16.848398	4.508825
06132	13.414319	16.372001	6.407938
06133	13.709493	15.564156	8.401780
06134	13.696308	14.879139	10.082345
06135	13.256460	14.146464	10.894085
06136	12.373364	13.773266	10.522110
06137	11.598451	13.638165	9.816812
06138	11.208900	13.716347	10.186017
06139	11.099768	13.703256	10.997558
06140	11.228660	13.212115	11.632350
06141	10.935752	12.784393	11.506165
06142	10.120252	12.531567	10.637785
06143	9.319961	12.276808	9.882353
06144	8.566433	11.834865	9.323168
06145	7.756955	11.417379	8.904997
06146	6.967606	10.983255	8.470558
06147	6.290928	10.494640	8.163785
06148	5.728903	9.995260	8.050304
06149	5.216043	9.502869	8.105508
06150	4.692636	9.006364	8.236957
06151	4.145118	8.519780	8.298563
06152	3.540780	8.082856	8.294890
06153	2.925930	7.657882	8.219818
06154	2.288556	7.202596	8.080618
06155	1.620806	6.741494	7.957091
06156	0.951871	6.227116	7.842420
06157	0.307623	5.674793	7.723202
06158	-0.313976	5.103052	7.576656
06159	-0.903494	4.539256	7.393181
06160	-1.483608	3.964261	7.162787
06161	-2.059791	3.383426	6.885596
06162	-2.643337	2.820060	6.576752
06163	-3.195672	2.248083	6.282822
06164	-3.736989	1.666964	6.005030
06165	-4.277074	1.108779	5.712314
06166	-4.833395	0.583052	5.392718
06167	-5.386665	0.056136	5.056708
06168	-5.938472	-0.464065	4.731404
06169	-6.468455	-0.979599	4.457675
06170	-6.982603	-1.483780	4.254175
06171	-7.489670	-1.963863	4.123198
06172	-7.998931	-2.424757	4.076217
06173	-8.518886	-2.849159	4.115481
06174	-9.071838	-3.248751	4.209068
06175	-9.661797	-3.624934	4.326051
06176	-10.287072	-3.968657	4.468903
06177	-10.921908	-4.289634	4.629498
06178	-11.561534	-4.581981	4.828947
06179	-12.189867	-4.826339	5.083480
06180	-12.794194	-5.034718	5.364176
06181	-13.357272	-5.192133	5.650879
06182	-13.868039	-5.273547	5.937249
06183	-14.309995	-5.255245	6.231644
06184	-14.665607	-5.184298	6.503631
06185	-14.926875	-5.098574	6.692504
06186	-15.045707	-5.022823	6.763908
06187	-14.965115	-4.916965	6.711080
06188	-14.633577	-4.749978	6.482009
06189	-14.038590	-4.499676	6.022442
06190	-13.188194	-4.199974	5.311208
06191	-12.126073	-3.864271	4.410136
06192	-10.871373	-3.500882	3.409774
06193	-9.483376	-3.111683	2.368696
06194	-7.995963	-2.628908	1.408227
06195	-6.445847	-2.006379	0.651284
06196	-4.835162	-1.245950	0.104097
06197	-3.172589	-0.454328	-0.265737
06198	-1.485709	0.220649	-0.627889
06199	0.126044	0.918759	-1.210846
06200	1.459097	1.873941	-2.133382
06201	2.473955	3.042881	-3.205757
06202	3.280240	4.300099	-4.164746
06203	3.968945	5.599021	-4.885251
06204	4.654644	6.883157	-5.351723
06205	5.420731	8.058587	-5.559858
06206	6.264614	9.087293	-5.532446
06207	7.142909	9.941949	-5.361551
06208	8.062216	10.597378	-5.134627
06209	9.009671	11.049190	-4.912142
06210	9.931713	11.402038	-4.715995
06211	10.838576	11.677382	-4.444236
06212	11.783804	11.851193	-3.950081
06213	12.812674	11.926283	-3.170276
06214	13.916428	11.999407	-2.090375
06215	15.036565	12.088591	-0.802720
06216	16.150334	12.201803	0.591507
06217	17.204179	12.372051	1.979025
06218	18.115645	12.616126	3.260608
06219	18.856808	12.919288	4.418773
06220	19.401647	13.281553	5.387696
06221	19.729723	13.680357	6.056680
06222	19.887546	13.972472	6.346323
06223	19.897752	14.115849	6.211198
06224	19.682854	14.317447	5.600755
06225	19.193103	14.750440	4.565839
06226	18.464554	15.333891	3.187191
06227	17.556919	15.903168	1.652629
06228	16.537100	16.379552	0.232675
06229	15.485755	16.735193	-0.935958
06230	14.474828	16.947521	-1.830111
06231	13.595054	17.078811	-2.442332
06232	12.882398	17.128524	-2.762562
06233	12.374809	17.204980	-2.850882
06234	12.100201	17.245858	-2.772240
06235	12.072409	17.174665	-2.414183
06236	12.186818	17.137949	-1.725360
06237	12.346064	17.127769	-0.771589
06238	12.529221	17.010213	0.438334
06239	12.798799	16.584063	1.934349
06240	13.029807	16.033002	3.803957
06241	13.100853	15.351767	5.841223
06242	12.736527	14.832838	7.351614
06243	12.039805	14.155953	7.894139
06244	10.955699	13.681088	7.433881
06245	9.765703	13.867729	6.432750
06246	9.183106	13.729636	6.587058
06247	9.315718	13.798097	8.536985
06248	9.841199	13.375988	10.252980
06249	10.000501	12.890460	10.868586
06250	9.409839	12.554902	10.280929
06251	8.711832	12.274552	9.471038
06252	7.971780	11.842966	8.587451
06253	6.988302	11.413896	7.686810
06254	5.913712	11.065523	6.691981
06255	5.013373	10.615843	5.852034
06256	4.337832	10.137425	5.354817
06257	3.735772	9.625699	5.110673
06258	3.119784	9.084927	5.232646
06259	2.517738	8.527287	5.447370
06260	1.922854	7.963422	5.606938
06261	1.332292	7.425610	5.733727
06262	0.805659	6.866535	5.814065
06263	0.250868	6.261413	5.850547
06264	-0.358006	5.658067	5.818603
06265	-0.986678	5.079688	5.677342
06266	-1.638937	4.515494	5.457567
06267	-2.257061	3.924490	5.242273
06268	-2.853307	3.308593	5.008749
06269	-3.444065	2.717725	4.718779
06270	-4.044882	2.158008	4.370483
06271	-4.632533	1.598107	4.054246
06272	-5.207793	1.018462	3.789288
06273	-5.772114	0.454358	3.569070
06274	-6.334660	-0.102962	3.399673
06275	-6.898872	-0.633592	3.288243
06276	-7.462396	-1.141930	3.241792
06277	-8.006426	-1.617882	3.251297
06278	-8.531392	-2.052168	3.324256
06279	-9.041246	-2.411318	3.479545
06280	-9.550615	-2.686816	3.691629
06281	-10.063980	-2.893473	3.941520
06282	-10.584624	-3.045821	4.228486
06283	-11.097288	-3.157043	4.558896
06284	-11.580837	-3.253155	4.927506
06285	-12.038007	-3.396482	5.259797
06286	-12.495234	-3.584941	5.488650
06287	-12.927696	-3.789211	5.611853
06288	-13.325697	-3.978480	5.644637
06289	-13.697712	-4.115575	5.609302
06290	-14.039079	-4.233609	5.507072
06291	-14.328045	-4.374309	5.343489
06292	-14.535409	-4.524320	5.106633
06293	-14.648610	-4.695148	4.771508
06294	-14.644928	-4.841362	4.342009
06295	-14.476316	-4.894211	3.896824
06296	-14.094988	-4.774893	3.445095
06297	-13.497216	-4.500881	2.915901
06298	-12.660268	-4.160978	2.287529
06299	-11.571758	-3.793881	1.687291
06300	-10.273318	-3.338015	1.269918
06301	-8.855845	-2.752079	1.049406
06302	-7.343906	-2.048676	1.101860
06303	-5.774171	-1.311989	1.394892
06304	-4.146934	-0.509744	1.955871
06305	-2.498409	0.281987	2.777439
06306	-0.817353	0.857273	3.491254
06307	0.735691	1.423136	3.672848
06308	1.986224	2.266683	3.186055
06309	2.936654	3.397635	2.365818
06310	3.714572	4.722558	1.550157
06311	4.474091	6.057131	0.905386
06312	5.326846	7.279776	0.531911
06313	6.267059	8.331685	0.381841
06314	7.212258	9.242801	0.326845
06315	8.106244	10.044065	0.310393
06316	8.972173	10.737838	0.297390
06317	9.804672	11.326636	0.302565
06318	10.629156	11.851329	0.426916
06319	11.475607	12.290658	0.790368
06320	12.395583	12.604041	1.463416
06321	13.385286	12.788821	2.424274
06322	14.424476	12.884033	3.569489
06323	15.464480	12.966664	4.799528
06324	16.467104	13.083947	6.060766
06325	17.358263	13.296964	7.305908
06326	18.104961	13.585832	8.525888
06327	18.696223	13.862421	9.695873
06328	19.138360	13.951689	10.669827
06329	19.447531	13.798887	11.383856
06330	19.526456	13.702357	11.615607
06331	19.200564	13.928248	11.092282
06332	18.464848	14.384215	9.819459
06333	17.418546	14.862366	8.083147
06334	16.267575	15.246049	6.446606
06335	15.169247	15.451547	5.222121
06336	14.170251	15.440802	4.311553
06337	13.271302	15.401648	3.544728
06338	12.475896	15.493058	2.784930
06339	11.792739	15.716862	1.979060
06340	11.375458	16.020684	1.411575
06341	11.343814	16.267947	1.347966
06342	11.680978	16.363101	1.965138
06343	12.234991	16.318102	3.365234
06344	12.805577	15.977624	5.312978
06345	13.282562	15.122185	7.415009
06346	13.548857	14.076104	8.997029
06347	13.374306	13.951767	9.893485
06348	13.156643	14.122727	10.290119
06349	12.980508	14.097130	10.223985
06350	12.725912	14.103759	10.287083
06351	12.503579	13.810573	10.762518
06352	11.976184	13.442918	10.998750
06353	11.185032	13.083673	10.972858
06354	10.371810	12.608834	10.843045
06355	9.608929	12.087864	10.877817
06356	9.076368	11.495511	11.256826
06357	8.702388	10.917542	11.651812
06358	8.332087	10.438100	11.878054
06359	7.892503	10.028100	11.939152
06360	7.394034	9.618668	11.937342
06361	6.854137	9.191856	11.895660
06362	6.256059	8.736560	11.808111
06363	5.627310	8.262948	11.724003
06364	4.987478	7.779161	11.679978
06365	4.384357	7.284878	11.701528
06366	3.774094	6.790370	11.705088
06367	3.114592	6.311537	11.621925
06368	2.408325	5.814326	11.489306
06369	1.702503	5.280822	11.369395
06370	1.015539	4.730734	11.257158
06371	0.354121	4.178753	11.133524
06372	-0.291177	3.619863	11.025614
06373	-0.917672	3.057000	10.972578
06374	-1.564347	2.495680	10.918480
06375	-2.233609	1.954409	10.819701
06376	-2.930813	1.417914	10.729584
06377	-3.647415	0.874212	10.666162
06378	-4.385114	0.349797	10.648367
06379	-5.132126	-0.155571	10.665155
06380	-5.882334	-0.650957	10.681669
06381	-6.628737	-1.123037	10.703749
06382	-7.393635	-1.547813	10.737999
06383	-8.162950	-1.924096	10.748437
06384	-8.921476	-2.269586	10.748958
06385	-9.643016	-2.610895	10.725348
06386	-10.327412	-2.946002	10.646342
06387	-10.983118	-3.272355	10.499599
06388	-11.633576	-3.565575	10.286852
06389	-12.271055	-3.829696	10.042569
06390	-12.881922	-4.095683	9.801224
06391	-13.463452	-4.356820	9.581193
06392	-13.991992	-4.643637	9.379833
06393	-14.454106	-4.961357	9.145821
06394	-14.868606	-5.270872	8.801374
06395	-15.239289	-5.593247	8.311351
06396	-15.550824	-5.977131	7.720374
06397	-15.784534	-6.385245	7.090723
06398	-15.930345	-6.805070	6.423657
06399	-15.995382	-7.188414	5.765391
06400	-15.958827	-7.468541	5.191946
06401	-15.813228	-7.593024	4.718824
06402	-15.531138	-7.571413	4.275110
06403	-15.043254	-7.491281	3.819162
06404	-14.348156	-7.351709	3.311392
06405	-13.480184	-7.045092	2.859444
06406	-12.478976	-6.520828	2.606458
06407	-11.362051	-5.830756	2.588753
06408	-10.106847	-4.978620	2.739726
06409	-8.667409	-4.024980	3.015957
06410	-7.025909	-3.052452	3.416369
06411	-5.288066	-2.120437	3.868306
06412	-3.586034	-1.240515	4.224060
06413	-2.051642	-0.400828	4.340041
06414	-0.682363	0.468828	4.120021
06415	0.483041	1.454084	3.749206
06416	1.483281	2.612163	3.368529
06417	2.399400	3.847295	3.043354
06418	3.329404	5.084951	2.784005
06419	4.300629	6.259291	2.565327
06420	5.294418	7.355501	2.372512
06421	6.311361	8.324624	2.226843
06422	7.356897	9.149408	2.157785
06423	8.444020	9.818355	2.191779
06424	9.591459	10.365522	2.399196
06425	10.769641	10.774319	2.783715
06426	11.981851	11.055924	3.358698
06427	13.242281	11.305117	4.153467
06428	14.480345	11.536646	5.116920
06429	15.654977	11.789501	6.186196
06430	16.722497	12.128828	7.304835
06431	17.657516	12.542904	8.437615
06432	18.417280	13.058680	9.507843
06433	19.005152	13.526596	10.356242
06434	19.509431	13.567226	10.939718
06435	19.835672	13.300813	11.134857
06436	19.699486	13.333099	10.644253
06437	19.071481	13.675539	9.464356
06438	18.136935	13.971029	7.950918
06439	17.123972	14.099938	6.668738
06440	16.164264	14.066396	5.908155
06441	15.272745	13.983131	5.563969
06442	14.406130	13.862698	5.314151
06443	13.524271	13.808084	4.933766
06444	12.629955	14.205306	4.393953
06445	11.830844	14.647933	3.561948
06446	11.440679	15.060868	3.273002
06447	11.504667	15.189014	3.805981
06448	11.913271	14.845643	5.133243
06449	12.482874	14.189918	7.037065
06450	13.035340	13.412656	9.248922
06451	13.514738	12.585151	11.162135
06452	13.751580	12.366561	12.254146
06453	13.662169	12.981601	12.575374
06454	13.430387	13.254986	12.030658
06455	13.004573	13.298678	11.292022
06456	12.501659	12.920101	11.028086
06457	11.552227	12.617304	10.881038
06458	10.127746	12.509105	10.436476
06459	8.965188	11.888404	10.233682
06460	8.195467	11.055987	10.579172
06461	7.700612	10.298052	11.339488
06462	7.389798	9.596019	12.116419
06463	7.020052	9.074508	12.517488
06464	6.497368	8.670810	12.551006
06465	5.939403	8.263471	12.455153
06466	5.357869	7.800223	12.284537
06467	4.678852	7.297218	12.058866
06468	3.933992	6.724324	11.835849
06469	3.168185	6.142879	11.574152
06470	2.402416	5.595494	11.250601
06471	1.631709	5.033985	10.908602
06472	0.843893	4.391314	10.603652
06473	0.038891	3.712949	10.307371
06474	-0.759540	3.022417	10.010427
06475	-1.504837	2.337627	9.683617
06476	-2.209037	1.687967	9.312158
06477	-2.867528	1.067927	8.943233
06478	-3.507886	0.473778	8.583032
06479	-4.137315	-0.086795	8.261840
06480	-4.767787	-0.637653	8.030430
06481	-5.409638	-1.155327	7.900757
06482	-6.061664	-1.652275	7.853023
06483	-6.699482	-2.139490	7.863819
06484	-7.308289	-2.613379	7.927493
06485	-7.891615	-3.051876	8.030735
06486	-8.466234	-3.448101	8.151102
06487	-9.038442	-3.816404	8.256333
06488	-9.616339	-4.144998	8.307034
06489	-10.196828	-4.425904	8.300394
06490	-10.784000	-4.639175	8.268505
06491	-11.362766	-4.809206	8.257422
06492	-11.925245	-4.991200	8.247753
06493	-12.464646	-5.180596	8.213110
06494	-12.970786	-5.368773	8.134836
06495	-13.437357	-5.557654	8.002695
06496	-13.852624	-5.722636	7.837390
06497	-14.211547	-5.851449	7.662513
06498	-14.510665	-5.951633	7.485636
06499	-14.729118	-6.027520	7.322186
06500	-14.834404	-6.112731	7.166737
06501	-14.814691	-6.261123	6.965094
06502	-14.632843	-6.476547	6.713932
06503	-14.284383	-6.617251	6.438000
06504	-13.733489	-6.524490	6.255051
06505	-12.930453	-6.299697	6.141010
06506	-11.917267	-5.976188	5.955563
06507	-10.779045	-5.512699	5.663154
06508	-9.534954	-4.916648	5.309693
06509	-8.223736	-4.176954	4.935189
06510	-6.853688	-3.298971	4.589908
06511	-5.463303	-2.376074	4.276935
06512	-4.111942	-1.396058	3.935858
06513	-2.860286	-0.358732	3.484160
06514	-1.681062	0.703072	2.926678
06515	-0.661367	1.785293	2.309277
06516	0.226160	2.936660	1.838837
06517	1.014979	4.140516	1.570887
06518	1.794304	5.331611	1.501222
06519	2.655331	6.458189	1.652841
06520	3.617019	7.480234	1.962364
06521	4.649621	8.326942	2.406073
06522	5.731029	9.009290	2.959890
06523	6.871476	9.548738	3.593576
06524	8.036892	10.010368	4.237558
06525	9.188816	10.447439	4.850225
06526	10.320794	10.850353	5.468325
06527	11.449989	11.199633	6.165543
06528	12.615928	11.530846	7.016109
06529	13.768359	11.816683	7.996094
06530	14.919725	12.039167	9.069384
06531	16.015799	12.225936	10.162821
06532	16.988172	12.506158	11.187639
06533	17.771954	12.945851	12.075585
06534	18.379643	13.445583	12.716408
06535	18.857699	13.748170	13.001452
06536	19.232193	13.641252	13.009478
06537	19.417338	13.483424	12.696380
06538	19.234747	13.702761	11.879238
06539	18.708623	14.207052	10.595750
06540	17.951265	14.711295	9.140633
06541	17.092087	15.010861	7.850824
06542	16.241725	15.039799	6.867225
06543	15.481993	14.954468	6.233949
06544	14.786519	14.985499	5.794605
06545	13.986914	15.385838	5.232004
06546	13.130594	16.017812	4.345249
06547	12.509858	16.556102	3.619370
06548	12.313035	16.898050	3.588725
06549	12.536924	16.726847	4.337269
06550	12.982513	16.182004	5.641192
06551	13.447686	15.563831	7.248747
06552	13.810448	14.903810	8.993990
06553	14.177171	13.950341	10.831116
06554	14.533424	13.208849	12.551398
06555	14.512116	12.899896	13.402574
06556	14.209919	12.948829	13.382028
06557	13.809644	13.172962	12.762326
06558	13.291071	13.363040	12.127471
06559	12.765583	13.187766	11.940382
06560	12.136043	12.772854	11.796346
06561	11.191489	12.562745	11.241789
06562	10.231817	12.308655	10.599452
06563	9.435460	11.775623	10.202682
06564	8.844800	11.167977	10.174299
06565	8.474361	10.519671	10.424786
06566	8.144498	9.867514	10.621202
06567	7.702072	9.333826	10.644036
06568	7.187308	8.918964	10.576358
06569	6.685541	8.488090	10.490134
06570	6.125430	8.029111	10.338916
06571	5.456879	7.590416	10.083379
06572	4.729322	7.159487	9.772213
06573	3.974049	6.724320	9.429476
06574	3.207239	6.215525	9.048433
06575	2.436248	5.639166	8.618160
06576	1.670065	5.020958	8.181702
06577	0.949196	4.376706	7.815011
06578	0.267239	3.724647	7.479688
06579	-0.382434	3.102806	7.140947
06580	-1.015708	2.499807	6.797875
06581	-1.607622	1.887207	6.513875
06582	-2.179591	1.293758	6.306069
06583	-2.725386	0.712708	6.159895
06584	-3.243728	0.137869	6.075060
06585	-3.740327	-0.420897	6.049989
06586	-4.216332	-0.955722	6.075355
06587	-4.688059	-1.445164	6.144581
06588	-5.157637	-1.908375	6.246377
06589	-5.628178	-2.337364	6.376203
06590	-6.112035	-2.727335	6.519436
06591	-6.600334	-3.095364	6.672853
06592	-7.093657	-3.462802	6.799862
06593	-7.590813	-3.814892	6.892067
06594	-8.103591	-4.164319	6.925673
06595	-8.643962	-4.484818	6.884687
06596	-9.223017	-4.767469	6.778234
06597	-9.847989	-5.032808	6.629456
06598	-10.512494	-5.306865	6.462139
06599	-11.197005	-5.601394	6.336088
06600	-11.898304	-5.920670	6.294240
06601	-12.604729	-6.227234	6.357279
06602	-13.306152	-6.496726	6.515557
06603	-13.972199	-6.733369	6.698597
06604	-14.590942	-6.958687	6.858873
06605	-15.149320	-7.162258	6.983199
06606	-15.619553	-7.321287	7.080490
06607	-15.977189	-7.409980	7.144603
06608	-16.175857	-7.413039	7.172580
06609	-16.151933	-7.309568	7.150032
06610	-15.866779	-7.064043	7.000864
06611	-15.326692	-6.695391	6.657285
06612	-14.537766	-6.302401	6.079855
06613	-13.524255	-5.927914	5.316483
06614	-12.313178	-5.507534	4.546511
06615	-10.967707	-4.951296	3.911454
06616	-9.506423	-4.221272	3.450811
06617	-7.956191	-3.328058	3.119387
06618	-6.306816	-2.342042	2.883580
06619	-4.626721	-1.340070	2.645806
06620	-2.960175	-0.482741	2.144520
06621	-1.472731	0.371238	1.040179
06622	-0.352022	1.467155	-0.557187
06623	0.461078	2.796245	-2.253321
06624	1.094678	4.264635	-3.742612
06625	1.674169	5.686157	-4.883871
06626	2.332689	6.992583	-5.578868
06627	3.079525	8.151822	-5.890679
06628	3.834651	9.192632	-5.977890
06629	4.624528	10.057950	-5.819629
06630	5.520681	10.688962	-5.341325
06631	6.499582	11.149642	-4.488693
06632	7.591280	11.519918	-3.242103
06633	8.801343	11.835098	-1.674340
06634	10.125171	12.128544	0.128756
06635	11.532602	12.422233	2.095157
06636	12.982395	12.704470	4.118688
06637	14.407871	12.954131	6.123596
06638	15.708635	13.210742	8.013087
06639	16.821934	13.528677	9.724305
06640	17.701939	13.962969	11.164275
06641	18.377866	14.441932	12.225330
06642	18.872596	14.713163	12.820761
06643	19.179708	14.707419	12.932005
06644	19.191170	14.839504	12.425822
06645	18.810758	15.326328	11.218110
06646	18.179201	15.953547	9.604832
06647	17.423543	16.557696	8.037376
06648	16.605400	17.041246	6.900980
06649	15.822737	17.133193	6.260028
06650	15.137725	16.798513	5.956248
06651	14.551183	16.335289	5.864553
06652	13.894360	16.204369	5.765655
06653	13.181563	16.289819	5.424557
06654	12.682871	16.492730	5.134813
06655	12.510400	16.859511	5.302491
06656	12.617585	17.056368	6.151279
06657	12.889454	16.808301	7.609116
06658	13.130964	16.113454	9.295522
06659	13.222137	15.190334	11.045796
06660	13.185024	14.296952	12.600902
06661	12.887224	13.813389	13.274737
06662	12.114493	14.046174	12.885894
06663	11.223347	14.142683	11.716756
06664	10.444226	14.201971	10.531291
06665	9.941036	14.283313	10.393714
06666	9.712273	14.208679	11.065391
06667	9.465267	13.937968	11.524111
06668	8.855738	13.493881	11.161871
06669	7.941052	12.954966	10.570069
06670	7.085709	12.347007	10.167069
06671	6.378272	11.704132	9.821210
06672	5.717198	11.035408	9.546583
06673	5.053097	10.503157	9.321980
06674	4.464709	9.988299	9.166794
06675	3.951808	9.558262	8.984038
06676	3.416357	9.117623	8.807967
06677	2.813586	8.649476	8.644853
06678	2.168491	8.109726	8.459751
06679	1.492678	7.519932	8.313819
06680	0.813868	6.925366	8.188219
06681	0.145155	6.344579	8.055782
06682	-0.557891	5.734932	7.926172
06683	-1.288350	5.091702	7.769894
06684	-2.003026	4.429878	7.567772
06685	-2.668853	3.777358	7.294442
06686	-3.266080	3.132942	6.984829
06687	-3.807977	2.494396	6.668411
06688	-4.339770	1.877797	6.328696
06689	-4.870887	1.298555	5.980484
06690	-5.403012	0.726443	5.646154
06691	-5.938764	0.173552	5.328518
06692	-6.486791	-0.360006	5.043462
06693	-7.040761	-0.868827	4.836735
06694	-7.606180	-1.352133	4.725696
06695	-8.184357	-1.804127	4.702203
06696	-8.776559	-2.227029	4.766642
06697	-9.364608	-2.638335	4.898840
06698	-9.966606	-3.023834	5.074817
06699	-10.578922	-3.377907	5.295187
06700	-11.201362	-3.699476	5.537123
06701	-11.830369	-4.001466	5.793992
06702	-12.468110	-4.294845	6.073528
06703	-13.100537	-4.571359	6.355298
06704	-13.711929	-4.830134	6.625321
06705	-14.287316	-5.076783	6.889420
06706	-14.835602	-5.269344	7.107230
06707	-15.345687	-5.410067	7.256399
06708	-15.800189	-5.558217	7.313936
06709	-16.192436	-5.751238	7.279033
06710	-16.494090	-5.976763	7.187600
06711	-16.652439	-6.195411	7.089932
06712	-16.623169	-6.322621	6.977226
06713	-16.412897	-6.309709	6.768690
06714	-16.002527	-6.153333	6.428754
06715	-15.398995	-5.948151	5.916857
06716	-14.603554	-5.714716	5.283527
06717	-13.661331	-5.347689	4.584454
06718	-12.575694	-4.817102	4.035181
06719	-11.339283	-4.160393	3.791385
06720	-9.898064	-3.441577	3.803908
06721	-8.239414	-2.722497	3.919508
06722	-6.426072	-2.017613	4.045562
06723	-4.622909	-1.332079	4.033541
06724	-2.941462	-0.675987	3.719887
06725	-1.461783	0.068691	3.032264
06726	-0.279333	1.027068	2.093903
06727	0.620650	2.178648	1.219145
06728	1.399884	3.448303	0.484410
06729	2.154026	4.677133	-0.113821
06730	2.977489	5.801199	-0.487148
06731	3.872199	6.812189	-0.670141
06732	4.785090	7.750042	-0.761819
06733	5.669057	8.619029	-0.853897
06734	6.578003	9.387721	-0.935121
06735	7.524319	10.001963	-0.954119
06736	8.501746	10.467342	-0.844817
06737	9.514321	10.823134	-0.502692
06738	10.589082	11.071637	0.161011
06739	11.751278	11.244436	1.157472
06740	12.955373	11.398279	2.416641
06741	14.155750	11.546308	3.801933
06742	15.307030	11.720812	5.212415
06743	16.327301	11.951370	6.550102
06744	17.157598	12.266006	7.756908
06745	17.762230	12.700830	8.721211
06746	18.170446	13.041725	9.290256
06747	18.466188	12.985644	9.485303
06748	18.506848	12.909973	9.184168
06749	18.048767	13.269771	8.166698
06750	17.200751	13.802846	6.573893
06751	16.189287	14.199781	4.869465
06752	15.187037	14.477811	3.512710
06753	14.255186	14.665907	2.541867
06754	13.354314	14.785747	1.758333
06755	12.456030	15.095177	0.941546
06756	11.570088	15.676064	-0.080634
06757	10.904061	16.200456	-1.000715
06758	10.678568	16.671382	-1.184431
06759	10.945299	16.831947	-0.543285
06760	11.464868	16.635046	0.634204
06761	11.954476	16.261521	2.117710
06762	12.304054	15.921321	3.848040
06763	12.666794	15.138059	5.760518
06764	13.001817	14.020662	7.646179
06765	12.982455	13.366736	9.066239
06766	12.579420	13.157282	9.646587
06767	12.202138	13.083730	9.629037
06768	11.788916	13.235715	9.446948
06769	11.389252	13.301000	9.610439
06770	11.063256	12.998647	9.887535
06771	10.455976	12.612884	9.688454
06772	9.518879	12.381112	8.982795
06773	8.582783	12.024894	8.411258
06774	7.807213	11.518474	8.208599
06775	7.252904	10.905229	8.286829
06776	6.785860	10.290235	8.447437
06777	6.283833	9.790198	8.567926
06778	5.744179	9.365808	8.683648
06779	5.223416	8.906099	8.838387
06780	4.696173	8.397522	8.945630
06781	4.123432	7.877280	8.974193
06782	3.516734	7.355719	8.944514
06783	2.893168	6.863692	8.859730
06784	2.217077	6.386322	8.698088
06785	1.502149	5.908546	8.489063
06786	0.793371	5.362259	8.277713
06787	0.097640	4.761150	8.072510
06788	-0.584680	4.148036	7.869237
06789	-1.230811	3.548843	7.675284
06790	-1.862034	2.977554	7.481926
06791	-2.487599	2.406165	7.314742
06792	-3.101432	1.834558	7.233875
06793	-3.713152	1.256645	7.213628
06794	-4.337503	0.703393	7.219978
06795	-4.955153	0.186043	7.259733
06796	-5.562718	-0.300105	7.332753
06797	-6.156202	-0.765906	7.414705
06798	-6.743294	-1.229974	7.497623
06799	-7.321411	-1.668460	7.602160
06800	-7.906396	-2.076289	7.721647
06801	-8.506872	-2.449465	7.860506
06802	-9.150462	-2.803992	7.994271
06803	-9.859031	-3.143978	8.088089
06804	-10.635731	-3.470798	8.162219
06805	-11.455767	-3.791376	8.213488
06806	-12.317344	-4.108426	8.247762
06807	-13.207425	-4.376308	8.287695
06808	-14.095397	-4.610861	8.333712
06809	-14.942527	-4.814328	8.367751
06810	-15.702854	-4.996925	8.327619
06811	-16.343475	-5.129288	8.223917
06812	-16.857412	-5.252636	8.078750
06813	-17.230259	-5.435779	7.887636
06814	-17.453706	-5.716399	7.642815
06815	-17.541729	-6.075341	7.329781
06816	-17.495691	-6.441796	6.949964
06817	-17.302822	-6.677619	6.541986
06818	-16.921080	-6.714473	6.017564
06819	-16.316331	-6.630491	5.324596
06820	-15.486800	-6.450829	4.570429
06821	-14.447536	-6.214536	3.863708
06822	-13.201990	-5.864797	3.293114
06823	-11.793887	-5.318665	2.919082
06824	-10.228908	-4.600062	2.721771
06825	-8.515318	-3.745138	2.719298
06826	-6.642977	-2.785453	2.966961
06827	-4.723149	-1.762749	3.428829
06828	-2.878275	-0.893937	3.875021
06829	-1.177304	-0.204233	3.778153
06830	0.197218	0.637171	2.978294
06831	1.218407	1.717791	1.952960
06832	2.053545	3.016402	1.112066
06833	2.835978	4.380601	0.423406
06834	3.687754	5.707684	-0.029027
06835	4.572699	6.963627	-0.248666
06836	5.469007	8.109806	-0.329655
06837	6.366368	9.084376	-0.316713
06838	7.267688	9.914295	-0.250450
06839	8.170357	10.668209	-0.139671
06840	9.065590	11.338190	0.008948
06841	9.991221	11.806801	0.258942
06842	10.966298	12.080272	0.698284
06843	12.014650	12.292870	1.380854
06844	13.148187	12.566908	2.373544
06845	14.327757	12.881046	3.675104
06846	15.511541	13.133522	5.170491
06847	16.609029	13.375267	6.743196
06848	17.518082	13.695924	8.256162
06849	18.203068	14.074539	9.570245
06850	18.682659	14.389601	10.511509
06851	19.016065	14.410068	11.035795
06852	19.134764	14.283677	11.024788
06853	18.818313	14.482200	10.242610
06854	18.070770	14.981192	8.769043
06855	17.079363	15.409093	6.981431
06856	16.067166	15.643982	5.442973
06857	15.156602	15.760485	4.420492
06858	14.331577	15.861210	3.757712
06859	13.573969	16.088800	3.299773
06860	12.809333	16.600475	2.850536
06861	12.067356	17.097148	2.071110
06862	11.540099	17.559955	1.407248
06863	11.412779	17.968520	1.391462
06864	11.637443	18.068775	2.064074
06865	12.063734	17.802064	3.315121
06866	12.620057	17.191675	5.001521
06867	13.056198	16.722816	6.954313
06868	13.383503	16.077560	8.988010
06869	13.684663	15.149547	10.906500
06870	13.712689	14.533487	12.378173
06871	13.391703	14.032434	12.836451
06872	12.965795	13.884335	12.515643
06873	12.478941	14.121615	12.052275
06874	11.980419	14.278216	11.840351
06875	11.596633	14.068200	11.644518
06876	10.932172	13.761209	11.112599
06877	9.942188	13.582802	10.118191
06878	8.968998	13.231313	9.268331
06879	8.158320	12.678738	8.807163
06880	7.562906	12.043464	8.751902
06881	7.135539	11.281876	8.912999
06882	6.704409	10.539127	9.057076
06883	6.201807	9.961560	9.191541
06884	5.673658	9.496434	9.310818
06885	5.124568	9.079638	9.330023
06886	4.501736	8.658450	9.252424
06887	3.836113	8.173653	9.126631
06888	3.142066	7.661800	8.951110
06889	2.428831	7.159315	8.770187
06890	1.688910	6.618938	8.597660
06891	0.954060	6.024055	8.440226
06892	0.219447	5.388979	8.310274
06893	-0.494088	4.755799	8.241390
06894	-1.168139	4.134549	8.200835
06895	-1.799583	3.552705	8.161078
06896	-2.418370	2.978524	8.079317
06897	-3.013457	2.409404	7.996176
06898	-3.590891	1.846902	7.914807
06899	-4.147914	1.300222	7.835224
06900	-4.693361	0.773688	7.760323
06901	-5.212973	0.272069	7.715771
06902	-5.716680	-0.221240	7.707517
06903	-6.215814	-0.685323	7.736240
06904	-6.723208	-1.128796	7.805384
06905	-7.234462	-1.552997	7.898492
06906	-7.765075	-1.934108	8.021960
06907	-8.314599	-2.286568	8.167179
06908	-8.900693	-2.615869	8.297520
06909	-9.530163	-2.917776	8.392091
06910	-10.206988	-3.213804	8.453785
06911	-10.933022	-3.511347	8.455535
06912	-11.709028	-3.805291	8.431695
06913	-12.504282	-4.083108	8.447369
06914	-13.307257	-4.341631	8.504585
06915	-14.091930	-4.576739	8.577827
06916	-14.826249	-4.794394	8.636470
06917	-15.483136	-4.992465	8.642538
06918	-16.060842	-5.173327	8.555651
06919	-16.535755	-5.388125	8.396703
06920	-16.861342	-5.661777	8.213003
06921	-17.024861	-5.969033	8.015240
06922	-17.016326	-6.198291	7.772079
06923	-16.824427	-6.274255	7.404080
06924	-16.423664	-6.212126	6.867197
06925	-15.813243	-6.090802	6.169507
06926	-14.987116	-5.895679	5.383061
06927	-13.946171	-5.577604	4.610959
06928	-12.680281	-5.132480	3.938038
06929	-11.223013	-4.536480	3.430672
06930	-9.585683	-3.713748	3.147154
06931	-7.754206	-2.720550	3.114088
06932	-5.764783	-1.667198	3.366502
06933	-3.819394	-0.701051	3.700025
06934	-2.065738	0.073488	3.597060
06935	-0.602912	0.879077	2.881736
06936	0.526499	1.909293	1.980942
06937	1.406165	3.092366	1.277063
06938	2.267195	4.334929	0.748132
06939	3.152800	5.577134	0.296476
06940	4.077077	6.799246	-0.028627
06941	5.015249	7.948105	-0.270303
06942	5.940119	8.990814	-0.458154
06943	6.846830	9.899503	-0.576461
06944	7.742224	10.738314	-0.611415
06945	8.599183	11.518600	-0.561121
06946	9.453707	12.126074	-0.382791
06947	10.371957	12.508637	-0.000337
06948	11.402838	12.778479	0.683682
06949	12.526890	13.004274	1.659819
06950	13.729230	13.243083	2.908389
06951	14.941135	13.495243	4.362739
06952	16.090062	13.736650	5.882914
06953	17.087821	14.041388	7.390141
06954	17.872793	14.463309	8.802508
06955	18.447409	14.851724	9.944347
06956	18.856520	14.888345	10.767453
06957	19.041101	14.688901	11.115026
06958	18.762368	14.803129	10.655834
06959	18.068985	15.182902	9.449019
06960	17.101199	15.489548	7.753959
06961	16.022804	15.613156	6.068594
06962	14.970098	15.669254	4.763405
06963	13.969721	15.773880	3.823305
06964	13.010942	16.039620	3.128862
06965	12.103540	16.414399	2.515815
06966	11.283485	16.726192	1.679792
06967	10.706434	16.991784	0.935374
06968	10.501094	17.328939	0.844695
06969	10.668155	17.478979	1.410749
06970	11.019387	17.384260	2.489854
06971	11.396900	17.048152	3.920065
06972	11.710217	16.670238	5.543317
06973	11.972326	16.077804	7.264528
06974	12.201984	15.046725	9.057865
06975	12.235850	14.106832	10.570769
06976	11.896406	13.546750	11.009465
06977	11.431748	13.639879	10.765610
06978	11.024812	14.022844	10.625685
06979	10.685253	14.113237	10.785971
06980	10.427293	13.731529	10.895109
06981	9.827828	13.296127	10.499419
06982	8.861366	13.047431	9.615996
06983	7.909783	12.705146	8.913151
06984	7.139890	12.174465	8.693892
06985	6.566380	11.527624	8.750754
06986	6.095553	10.886551	8.931809
06987	5.573382	10.404795	9.097963
06988	5.034399	9.963863	9.298317
06989	4.506042	9.514043	9.534614
06990	3.950751	9.036151	9.690290
06991	3.360908	8.511269	9.769133
06992	2.745396	7.983511	9.804465
06993	2.132380	7.470918	9.807918
06994	1.484052	6.950481	9.765394
06995	0.796699	6.427328	9.666209
06996	0.115663	5.847662	9.508380
06997	-0.558268	5.247390	9.305286
06998	-1.205667	4.634625	9.075771
06999	-1.807395	4.034951	8.826427
07000	-2.385644	3.440794	8.532201
07001	-2.954253	2.864340	8.206793
07002	-3.540890	2.337214	7.920109
07003	-4.115900	1.814337	7.714115
07004	-4.691892	1.296154	7.569323
07005	-5.259140	0.794575	7.490966
07006	-5.823511	0.312604	7.469873
07007	-6.386150	-0.154857	7.488081
07008	-6.947481	-0.604672	7.554565
07009	-7.496714	-1.028375	7.688179
07010	-8.043287	-1.425036	7.878237
07011	-8.585998	-1.797685	8.122327
07012	-9.142566	-2.158818	8.403285
07013	-9.732776	-2.497267	8.675964
07014	-10.381611	-2.806021	8.906016
07015	-11.094442	-3.081117	9.103553
07016	-11.864388	-3.335553	9.276751
07017	-12.684498	-3.591268	9.433246
07018	-13.551692	-3.820385	9.583726
07019	-14.445776	-3.997644	9.714296
07020	-15.320861	-4.159300	9.767917
07021	-16.121794	-4.297045	9.702998
07022	-16.820128	-4.383590	9.486951
07023	-17.379458	-4.515965	9.156049
07024	-17.770444	-4.734456	8.800123
07025	-17.982718	-5.038122	8.479380
07026	-18.010740	-5.388975	8.211147
07027	-17.856303	-5.662622	7.929012
07028	-17.505126	-5.748557	7.492868
07029	-16.942372	-5.689880	6.846678
07030	-16.154619	-5.573900	6.009197
07031	-15.166395	-5.439042	5.023487
07032	-14.045553	-5.198574	3.997865
07033	-12.810158	-4.757950	3.266555
07034	-11.387090	-4.136779	2.961940
07035	-9.788935	-3.326562	3.013346
07036	-7.989254	-2.449484	3.259710
07037	-6.089169	-1.597511	3.520322
07038	-4.201262	-0.780016	3.787484
07039	-2.413007	-0.099319	3.895729
07040	-0.841873	0.605846	3.480064
07041	0.354988	1.475338	2.588099
07042	1.320151	2.537686	1.727451
07043	2.206355	3.726579	1.014278
07044	3.111007	4.954647	0.443247
07045	4.052540	6.157460	0.086268
07046	5.009829	7.304494	-0.145352
07047	5.946272	8.358565	-0.342928
07048	6.872062	9.313816	-0.499340
07049	7.781718	10.158432	-0.645109
07050	8.699264	10.930561	-0.721915
07051	9.599835	11.621183	-0.715221
07052	10.514587	12.170030	-0.537919
07053	11.519216	12.531092	-0.102547
07054	12.613869	12.784716	0.626137
07055	13.751372	13.016121	1.632227
07056	14.900186	13.296057	2.893823
07057	16.002335	13.615969	4.303916
07058	17.005141	13.966913	5.753511
07059	17.833618	14.368921	7.157374
07060	18.422508	14.857740	8.343333
07061	18.815007	15.171866	9.125084
07062	19.127750	15.016312	9.497813
07063	19.173354	14.889767	9.301538
07064	18.728680	15.217286	8.350828
07065	17.904470	15.719894	6.826300
07066	16.915387	16.045095	5.181661
07067	15.943207	16.203972	3.932960
07068	15.047178	16.284207	3.180951
07069	14.185829	16.404693	2.706935
07070	13.301938	16.748065	2.233365
07071	12.385714	17.182396	1.444310
07072	11.566834	17.564777	0.487852
07073	11.125073	17.990282	0.070240
07074	11.159377	18.228194	0.420975
07075	11.558788	18.133249	1.453472
07076	12.086356	17.780102	2.968468
07077	12.513246	17.463474	4.724192
07078	12.789978	17.120884	6.563870
07079	13.158512	16.075504	8.520195
07080	13.423181	15.138369	10.302588
07081	13.272560	14.476902	11.109095
07082	12.975434	14.335121	11.136496
07083	12.590068	14.601072	10.729735
07084	12.202974	14.693461	10.564926
07085	11.886071	14.255532	10.494112
07086	11.174671	13.807036	9.935795
07087	10.123884	13.636602	8.986354
07088	9.126338	13.256908	8.274421
07089	8.321997	12.644188	8.036817
07090	7.784182	11.874723	8.195634
07091	7.380280	11.102786	8.530383
07092	6.891472	10.483427	8.780986
07093	6.313011	10.012327	8.987241
07094	5.739832	9.602828	9.184841
07095	5.208677	9.150373	9.299925
07096	4.639688	8.670909	9.339515
07097	4.035047	8.144122	9.320254
07098	3.400463	7.608678	9.235752
07099	2.745092	7.095017	9.094209
07100	2.064689	6.549614	8.885282
07101	1.354103	5.973848	8.596612
07102	0.625449	5.368439	8.258786
07103	-0.076358	4.752357	7.945403
07104	-0.749974	4.156773	7.659164
07105	-1.394269	3.584332	7.353736
07106	-2.032058	3.025362	7.037739
07107	-2.655261	2.469527	6.732135
07108	-3.261221	1.889925	6.480176
07109	-3.857403	1.296796	6.259951
07110	-4.461349	0.728003	6.102410
07111	-5.071182	0.204387	6.023788
07112	-5.699813	-0.304610	6.017016
07113	-6.331572	-0.810224	6.092649
07114	-6.973786	-1.311704	6.242337
07115	-7.619564	-1.798755	6.459643
07116	-8.277069	-2.268620	6.746070
07117	-8.960877	-2.719721	7.058338
07118	-9.689081	-3.151402	7.369297
07119	-10.473328	-3.532131	7.655801
07120	-11.319646	-3.823402	7.917040
07121	-12.204052	-4.043507	8.172381
07122	-13.098953	-4.227743	8.415740
07123	-13.988525	-4.386087	8.628542
07124	-14.868378	-4.529229	8.760879
07125	-15.674495	-4.690774	8.767652
07126	-16.365749	-4.861245	8.627120
07127	-16.933560	-5.017687	8.376087
07128	-17.361079	-5.173046	8.112012
07129	-17.646109	-5.339797	7.906262
07130	-17.790704	-5.533856	7.745759
07131	-17.794084	-5.765073	7.585186
07132	-17.649860	-5.992231	7.400160
07133	-17.347620	-6.119536	7.122868
07134	-16.880206	-6.075830	6.630900
07135	-16.219669	-5.916603	5.899835
07136	-15.333599	-5.745255	4.981448
07137	-14.235214	-5.580107	3.909679
07138	-13.032480	-5.266597	2.858285
07139	-11.710615	-4.731340	2.140983
07140	-10.194143	-4.009252	1.863358
07141	-8.507798	-3.109542	1.967685
07142	-6.688524	-2.149154	2.266021
07143	-4.802217	-1.171742	2.636113
07144	-2.936013	-0.282164	2.932104
07145	-1.183877	0.456468	2.793984
07146	0.315704	1.243826	2.027998
07147	1.459966	2.216086	0.966076
07148	2.365994	3.413823	-0.006984
07149	3.206079	4.726495	-0.780510
07150	4.054612	6.072082	-1.356559
07151	4.944377	7.337939	-1.745383
07152	5.852546	8.491559	-2.018382
07153	6.739882	9.510015	-2.232639
07154	7.611022	10.407925	-2.339498
07155	8.454531	11.217857	-2.350095
07156	9.304225	11.950639	-2.232936
07157	10.174379	12.586396	-1.949636
07158	11.107503	13.091380	-1.445352
07159	12.144910	13.428256	-0.687253
07160	13.278852	13.671199	0.312912
07161	14.463722	13.877116	1.520728
07162	15.643263	14.076070	2.872996
07163	16.778457	14.286722	4.336204
07164	17.803009	14.530025	5.835037
07165	18.604719	14.874735	7.243822
07166	19.161146	15.290599	8.408595
07167	19.549348	15.494558	9.162738
07168	19.829185	15.267140	9.517016
07169	19.831719	15.140518	9.352765
07170	19.356797	15.474060	8.495457
07171	18.543794	15.875640	7.112761
07172	17.556389	16.073565	5.615816
07173	16.550259	16.100997	4.456534
07174	15.599662	16.032252	3.732148
07175	14.720741	15.948091	3.288577
07176	13.878631	15.998351	2.946922
07177	13.036268	16.300980	2.446059
07178	12.231666	16.586577	1.582373
07179	11.679326	16.981810	0.971070
07180	11.591153	17.365170	1.122510
07181	11.881872	17.394204	2.002110
07182	12.281187	17.091199	3.349795
07183	12.616020	16.760087	4.961887
07184	12.873943	16.233811	6.658575
07185	13.183883	15.288585	8.419993
07186	13.337012	14.534326	10.019308
07187	13.188755	13.922255	10.753194
07188	12.876378	13.786667	10.651815
07189	12.565789	13.926683	10.344766
07190	12.176096	14.157127	10.221436
07191	11.841062	14.010495	10.125344
07192	11.365368	13.553683	9.826253
07193	10.534502	13.188974	9.050701
07194	9.616652	12.892490	8.314261
07195	8.797684	12.417276	7.930158
07196	8.118962	11.812301	7.863613
07197	7.621142	11.124560	7.998145
07198	7.175612	10.468388	8.143028
07199	6.692866	9.924165	8.268859
07200	6.181241	9.457041	8.398406
07201	5.679072	9.004286	8.474453
07202	5.150031	8.534268	8.495848
07203	4.598142	8.052615	8.491303
07204	4.018712	7.579822	8.437908
07205	3.390215	7.123177	8.338020
07206	2.726776	6.673526	8.220500
07207	2.057726	6.180253	8.086165
07208	1.388516	5.635928	7.915628
07209	0.737334	5.068239	7.707837
07210	0.107949	4.486557	7.489019
07211	-0.506534	3.905957	7.253318
07212	-1.132459	3.328890	7.013312
07213	-1.752543	2.736204	6.786138
07214	-2.388012	2.171369	6.591182
07215	-3.017192	1.600889	6.445663
07216	-3.645538	1.039049	6.350250
07217	-4.268052	0.500434	6.281437
07218	-4.876197	-0.046743	6.244981
07219	-5.467173	-0.574287	6.250711
07220	-6.051580	-1.086412	6.290854
07221	-6.623845	-1.583205	6.363769
07222	-7.198073	-2.071753	6.475363
07223	-7.775243	-2.531539	6.633618
07224	-8.356794	-2.974887	6.827001
07225	-8.942689	-3.395118	7.018772
07226	-9.564983	-3.784617	7.181774
07227	-10.239730	-4.140741	7.315971
07228	-10.977060	-4.453755	7.444990
07229	-11.757826	-4.733688	7.609682
07230	-12.555364	-4.984061	7.831764
07231	-13.360263	-5.201238	8.080935
07232	-14.166534	-5.371215	8.321913
07233	-14.939734	-5.496365	8.509204
07234	-15.638536	-5.579259	8.640998
07235	-16.241646	-5.635402	8.718534
07236	-16.729490	-5.682001	8.734341
07237	-17.055144	-5.772167	8.665632
07238	-17.192764	-5.966214	8.477589
07239	-17.133317	-6.219692	8.148557
07240	-16.875290	-6.405437	7.646693
07241	-16.414112	-6.491566	6.865503
07242	-15.755007	-6.471684	5.795745
07243	-14.929184	-6.388823	4.616586
07244	-13.947600	-6.211041	3.512429
07245	-12.796168	-5.906380	2.593884
07246	-11.485677	-5.431200	1.904418
07247	-10.007882	-4.857928	1.373706
07248	-8.388974	-4.191936	0.946392
07249	-6.648584	-3.454910	0.681751
07250	-4.830846	-2.600195	0.691522
07251	-3.058607	-1.717426	0.835515
07252	-1.448619	-0.871733	0.785238
07253	-0.164943	0.039808	0.339812
07254	0.789477	1.139505	-0.418601
07255	1.525554	2.385448	-1.305097
07256	2.197749	3.718573	-2.202686
07257	2.868073	5.019915	-2.926431
07258	3.552006	6.253409	-3.386654
07259	4.267244	7.351930	-3.634548
07260	5.016308	8.321459	-3.737528
07261	5.758942	9.211846	-3.764395
07262	6.540827	10.027356	-3.678330
07263	7.390606	10.668159	-3.413235
07264	8.369534	10.937696	-2.931267
07265	9.462098	10.977770	-2.146979
07266	10.666003	10.975372	-0.998729
07267	11.977886	11.001816	0.512448
07268	13.348055	11.042096	2.276873
07269	14.701995	11.105003	4.123140
07270	15.930376	11.299629	5.916717
07271	16.961307	11.630357	7.576739
07272	17.753710	12.067596	9.025418
07273	18.284659	12.606005	10.068215
07274	18.636312	12.985395	10.523843
07275	18.878400	13.014353	10.460607
07276	18.813278	13.164788	9.714944
07277	18.276466	13.716761	8.182156
07278	17.406728	14.386316	6.113958
07279	16.363508	14.979671	4.031070
07280	15.311607	15.409963	2.451439
07281	14.357976	15.578247	1.434444
07282	13.537287	15.630443	0.846149
07283	12.829057	15.789123	0.504099
07284	12.125973	16.206235	0.083008
07285	11.562390	16.595395	-0.501199
07286	11.274374	17.052275	-0.797940
07287	11.336043	17.444826	-0.474974
07288	11.714297	17.500742	0.575537
07289	12.158812	17.197571	2.074434
07290	12.477523	16.794092	3.859374
07291	12.798284	16.004766	5.893406
07292	13.052680	15.019400	7.937161
07293	12.984656	14.126275	9.280049
07294	12.464946	13.620738	9.338171
07295	11.964892	13.561051	8.797733
07296	11.544135	13.847234	8.500387
07297	11.227178	13.857524	8.395639
07298	10.991261	13.515780	8.275218
07299	10.448652	13.195652	7.803294
07300	9.613921	12.972916	6.966287
07301	8.663156	12.657501	6.208132
07302	7.768924	12.213470	5.726503
07303	7.099769	11.626732	5.669243
07304	6.610043	10.881384	5.885351
07305	6.135268	10.171418	6.132088
07306	5.600034	9.579494	6.377237
07307	5.061706	9.060527	6.618090
07308	4.539833	8.586760	6.789338
07309	4.019529	8.123658	6.886854
07310	3.470679	7.652271	6.922710
07311	2.875268	7.171347	6.893743
07312	2.243803	6.677947	6.827719
07313	1.593821	6.171567	6.725398
07314	0.938574	5.654856	6.596617
07315	0.287557	5.104767	6.467251
07316	-0.362181	4.557844	6.352541
07317	-0.997692	4.018502	6.217329
07318	-1.644597	3.477769	6.021584
07319	-2.282663	2.925935	5.798589
07320	-2.904614	2.354385	5.589980
07321	-3.514356	1.790559	5.388149
07322	-4.115174	1.218714	5.193658
07323	-4.697152	0.663148	5.019574
07324	-5.254314	0.127172	4.896205
07325	-5.785618	-0.377651	4.819355
07326	-6.302964	-0.862086	4.776489
07327	-6.801221	-1.323846	4.765162
07328	-7.291701	-1.756567	4.805357
07329	-7.763850	-2.152484	4.898429
07330	-8.232328	-2.517771	5.043392
07331	-8.704316	-2.859849	5.199934
07332	-9.201674	-3.184862	5.329423
07333	-9.731609	-3.491782	5.420428
07334	-10.300635	-3.794610	5.485535
07335	-10.903228	-4.108148	5.545965
07336	-11.533316	-4.426298	5.648976
07337	-12.181538	-4.733703	5.810498
07338	-12.846462	-5.001870	6.011946
07339	-13.489446	-5.228195	6.207699
07340	-14.077816	-5.397216	6.374509
07341	-14.588360	-5.494759	6.477084
07342	-15.001786	-5.562215	6.480806
07343	-15.284652	-5.644024	6.397892
07344	-15.397745	-5.746892	6.256127
07345	-15.311941	-5.832219	6.098269
07346	-15.005801	-5.824333	5.899115
07347	-14.458664	-5.686204	5.629821
07348	-13.640194	-5.454379	5.277022
07349	-12.579852	-5.129267	4.835032
07350	-11.309586	-4.706339	4.297828
07351	-9.879258	-4.203085	3.641700
07352	-8.326231	-3.564435	2.992108
07353	-6.679930	-2.770783	2.522169
07354	-4.977293	-1.778810	2.297004
07355	-3.300292	-0.772184	2.183064
07356	-1.670666	0.018269	1.912254
07357	-0.223594	0.819627	1.337461
07358	0.922376	1.875744	0.607937
07359	1.756895	3.113091	0.005259
07360	2.485856	4.427888	-0.369106
07361	3.217259	5.725315	-0.618817
07362	4.017415	6.947775	-0.731818
07363	4.890340	8.054333	-0.666768
07364	5.808769	9.025693	-0.429646
07365	6.750076	9.856274	-0.081119
07366	7.752426	10.529086	0.321582
07367	8.795324	11.020090	0.722928
07368	9.834739	11.421011	1.169868
07369	10.840921	11.790673	1.735458
07370	11.849861	12.113997	2.470181
07371	12.932120	12.382031	3.426727
07372	14.054249	12.592973	4.576534
07373	15.183364	12.759783	5.856451
07374	16.291393	12.883294	7.211625
07375	17.336978	12.982297	8.587826
07376	18.227237	13.147426	9.904494
07377	18.905638	13.404547	11.037816
07378	19.397204	13.604276	11.831195
07379	19.735624	13.502813	12.271731
07380	19.851615	13.294472	12.258987
07381	19.530635	13.449945	11.545584
07382	18.773745	13.940031	10.173888
07383	17.758634	14.380357	8.412734
07384	16.656774	14.577210	6.727051
07385	15.584373	14.601860	5.359200
07386	14.568771	14.646380	4.291845
07387	13.576692	14.966052	3.431468
07388	12.617737	15.627883	2.649827
07389	11.792956	16.305979	1.656463
07390	11.201855	16.906960	0.586305
07391	11.024458	17.456944	0.135159
07392	11.209229	17.681396	0.420207
07393	11.552590	17.609147	1.268865
07394	11.994960	17.337228	2.579181
07395	12.444974	16.982195	4.078121
07396	12.793881	16.658257	5.578818
07397	13.174066	15.665497	7.176786
07398	13.631862	14.692815	9.153602
07399	13.900678	13.942828	10.494064
07400	13.800627	13.748967	10.751151
07401	13.549508	13.935453	10.338901
07402	12.983567	14.225104	9.565033
07403	12.311237	14.237696	8.914326
07404	11.595313	13.720615	8.381626
07405	10.514464	13.417370	7.532801
07406	9.363346	13.159998	6.747215
07407	8.496730	12.537469	6.538066
07408	7.935124	11.712471	6.809790
07409	7.545907	10.881387	7.396222
07410	7.111772	10.175202	7.971737
07411	6.595441	9.601252	8.430808
07412	6.102674	9.122644	8.774171
07413	5.670206	8.667053	8.993362
07414	5.177825	8.202239	9.083024
07415	4.574781	7.726208	9.033520
07416	3.906772	7.254614	8.868388
07417	3.213736	6.802266	8.640898
07418	2.514895	6.344457	8.391636
07419	1.819465	5.869177	8.130343
07420	1.145752	5.342732	7.913275
07421	0.498295	4.794257	7.778143
07422	-0.131291	4.249265	7.706529
07423	-0.722802	3.715810	7.680385
07424	-1.285961	3.209618	7.654057
07425	-1.827178	2.718340	7.593584
07426	-2.361073	2.210361	7.502413
07427	-2.899782	1.732565	7.391563
07428	-3.431708	1.264621	7.303733
07429	-3.950296	0.809434	7.267572
07430	-4.466529	0.381241	7.287320
07431	-4.975348	-0.031617	7.372872
07432	-5.484414	-0.443396	7.542036
07433	-6.003682	-0.852348	7.788929
07434	-6.541918	-1.230442	8.106315
07435	-7.091583	-1.570659	8.470008
07436	-7.665755	-1.886397	8.827190
07437	-8.279434	-2.179811	9.127870
07438	-8.945004	-2.447861	9.354912
07439	-9.662482	-2.699578	9.504360
07440	-10.442091	-2.950001	9.596899
07441	-11.269707	-3.191015	9.661257
07442	-12.129231	-3.416862	9.732817
07443	-13.000118	-3.630908	9.810555
07444	-13.881109	-3.817025	9.878087
07445	-14.751500	-3.955425	9.916022
07446	-15.565955	-4.093416	9.919441
07447	-16.296612	-4.253259	9.878595
07448	-16.916998	-4.418593	9.765585
07449	-17.382122	-4.594395	9.598801
07450	-17.662834	-4.794789	9.380386
07451	-17.745101	-5.011631	9.132985
07452	-17.628500	-5.197830	8.837499
07453	-17.317942	-5.284946	8.388823
07454	-16.806815	-5.260388	7.731370
07455	-16.083415	-5.183998	6.919535
07456	-15.132652	-5.106492	6.008983
07457	-14.021716	-4.943577	5.060280
07458	-12.807008	-4.552901	4.319638
07459	-11.416320	-3.987896	3.998131
07460	-9.830647	-3.213437	4.073638
07461	-8.067231	-2.331308	4.410895
07462	-6.171925	-1.413347	4.869239
07463	-4.289811	-0.452959	5.277981
07464	-2.517409	0.344134	5.413366
07465	-0.888194	0.992130	4.953707
07466	0.418649	1.771289	4.031095
07467	1.440793	2.795530	3.120077
07468	2.385943	3.968139	2.341159
07469	3.321602	5.182856	1.705511
07470	4.267292	6.402469	1.300396
07471	5.210287	7.601118	1.049557
07472	6.103151	8.755889	0.800450
07473	6.964042	9.831088	0.536693
07474	7.822310	10.837771	0.292634
07475	8.671018	11.747700	0.063905
07476	9.542543	12.494338	-0.044026
07477	10.480441	12.997925	0.087066
07478	11.520215	13.303702	0.551164
07479	12.709269	13.507874	1.396843
07480	13.977310	13.650358	2.568879
07481	15.263622	13.769049	3.974378
07482	16.502094	13.921698	5.517575
07483	17.600740	14.173021	7.083981
07484	18.481888	14.561739	8.563068
07485	19.146768	14.912229	9.770060
07486	19.664362	14.862437	10.638347
07487	20.004187	14.540611	11.110305
07488	19.874571	14.588635	10.840328
07489	19.233653	14.986807	9.754396
07490	18.277304	15.306704	8.150248
07491	17.225323	15.414123	6.628696
07492	16.209602	15.482681	5.584639
07493	15.266425	15.573813	4.900247
07494	14.342796	15.699143	4.299015
07495	13.405736	16.075095	3.636359
07496	12.421199	16.602654	2.649848
07497	11.649672	16.997490	1.779158
07498	11.375772	17.400565	1.704060
07499	11.654477	17.506357	2.419853
07500	12.152404	17.357218	3.734580
07501	12.536486	17.183462	5.431893
07502	12.954229	16.375899	7.314775
07503	13.431443	15.226073	9.244793
07504	13.544499	14.392254	10.621266
07505	13.251039	14.077983	11.133404
07506	12.923291	14.059605	10.953474
07507	12.458047	14.415820	10.682662
07508	12.186871	14.253457	10.849545
07509	11.897769	13.703751	10.894410
07510	11.064091	13.434101	10.233282
07511	10.058851	13.270912	9.376396
07512	9.128168	12.845563	8.759071
07513	8.443236	12.265274	8.628077
07514	8.016138	11.572287	8.801362
07515	7.618319	10.918652	8.994347
07516	7.128157	10.392725	9.078805
07517	6.578157	9.944143	9.153084
07518	6.036794	9.501579	9.279909
07519	5.482598	9.031127	9.376135
07520	4.858829	8.544219	9.404657
07521	4.202847	8.016368	9.383944
07522	3.529255	7.476582	9.325045
07523	2.832504	6.931426	9.225007
07524	2.102766	6.362862	9.081369
07525	1.364934	5.756331	8.875879
07526	0.626187	5.120978	8.633813
07527	-0.064209	4.480558	8.441727
07528	-0.701619	3.860609	8.288749
07529	-1.308222	3.270276	8.117856
07530	-1.905170	2.721637	7.948280
07531	-2.501055	2.217348	7.808309
07532	-3.105805	1.729912	7.702090
07533	-3.700166	1.230588	7.656982
07534	-4.292137	0.738220	7.663823
07535	-4.871872	0.259231	7.712406
07536	-5.447422	-0.220785	7.805572
07537	-6.019699	-0.679276	7.953796
07538	-6.601302	-1.122908	8.159863
07539	-7.192299	-1.540135	8.426340
07540	-7.804543	-1.921756	8.735530
07541	-8.441651	-2.252926	9.059617
07542	-9.123492	-2.547417	9.347262
07543	-9.863502	-2.789299	9.578196
07544	-10.646813	-2.992047	9.760376
07545	-11.457259	-3.164131	9.894516
07546	-12.294762	-3.310695	9.979291
07547	-13.171442	-3.430488	9.983706
07548	-14.057245	-3.553338	9.888290
07549	-14.903315	-3.696979	9.712752
07550	-15.680203	-3.820198	9.476989
07551	-16.368526	-3.957243	9.173137
07552	-16.948208	-4.167947	8.819708
07553	-17.391892	-4.477218	8.444023
07554	-17.706907	-4.849711	8.072283
07555	-17.900276	-5.254045	7.714563
07556	-17.974453	-5.629222	7.418134
07557	-17.922840	-5.908713	7.144258
07558	-17.720859	-6.033705	6.759979
07559	-17.333048	-6.022114	6.209839
07560	-16.734954	-5.934200	5.513862
07561	-15.934591	-5.787156	4.709939
07562	-15.005443	-5.504203	3.935029
07563	-13.952224	-5.083784	3.404401
07564	-12.721270	-4.544932	3.259138
07565	-11.302923	-3.850518	3.492328
07566	-9.676069	-2.986824	4.021342
07567	-7.854604	-2.093674	4.750268
07568	-5.935299	-1.170773	5.556616
07569	-4.093790	-0.293291	6.255822
07570	-2.384838	0.394758	6.449754
07571	-0.864585	1.005984	5.982049
07572	0.383783	1.798961	5.265728
07573	1.469941	2.797953	4.631140
07574	2.498215	3.920884	4.058385
07575	3.515907	5.082466	3.605170
07576	4.538569	6.262256	3.293886
07577	5.534716	7.420657	3.021504
07578	6.487857	8.517511	2.715603
07579	7.400853	9.541359	2.383349
07580	8.295175	10.507130	2.064123
07581	9.183278	11.407922	1.819729
07582	10.104734	12.204599	1.752089
07583	11.115397	12.797171	1.939999
07584	12.223633	13.142556	2.400404
07585	13.419275	13.351144	3.139874
07586	14.659460	13.553867	4.162118
07587	15.865349	13.760340	5.381361
07588	16.991256	13.986391	6.695900
07589	17.928631	14.342470	8.015092
07590	18.660458	14.829692	9.259764
07591	19.217840	15.159504	10.191846
07592	19.654938	15.074554	10.723250
07593	19.801305	14.985225	10.703525
07594	19.449168	15.289234	9.880816
07595	18.688413	15.722780	8.395843
07596	17.703538	15.978787	6.719614
07597	16.693709	16.058427	5.393892
07598	15.726853	16.122652	4.537934
07599	14.810205	16.240382	4.004329
07600	13.915985	16.459156	3.561609
07601	12.994416	16.779032	2.852831
07602	12.092459	17.034939	1.841550
07603	11.526035	17.360479	1.329003
07604	11.568177	17.548538	1.762489
07605	12.120882	17.361154	3.007634
07606	12.792754	16.943072	4.804311
07607	13.262392	16.585042	6.830788
07608	13.774901	15.639757	8.964834
07609	14.177156	14.333754	10.763497
07610	13.939988	13.639857	11.631181
07611	13.265614	13.637780	11.513538
07612	12.766391	13.814856	10.792252
07613	12.230725	14.356284	10.271226
07614	11.878110	14.603044	10.399039
07615	11.764046	14.181203	10.584742
07616	11.142813	13.971039	9.960486
07617	10.061489	13.999122	8.931348
07618	9.181788	13.558725	8.554102
07619	8.578904	12.883858	8.684490
07620	8.115976	12.213430	9.047317
07621	7.630868	11.682053	9.402047
07622	7.117302	11.180360	9.718426
07623	6.595486	10.668089	10.028454
07624	6.103925	10.179664	10.281428
07625	5.601058	9.710201	10.351414
07626	5.056870	9.259440	10.286484
07627	4.483034	8.799850	10.149728
07628	3.907618	8.312863	9.997640
07629	3.302595	7.819423	9.814633
07630	2.647751	7.304025	9.598779
07631	1.973898	6.742868	9.396644
07632	1.282344	6.130042	9.217670
07633	0.600768	5.516908	9.037961
07634	-0.052393	4.911390	8.859656
07635	-0.688407	4.329586	8.635809
07636	-1.316307	3.753597	8.386629
07637	-1.937045	3.191325	8.162636
07638	-2.543328	2.620041	7.980944
07639	-3.135560	2.059080	7.830567
07640	-3.724372	1.523021	7.708904
07641	-4.293536	0.996570	7.634308
07642	-4.861546	0.490994	7.622872
07643	-5.423004	0.013243	7.676394
07644	-5.981140	-0.447388	7.779063
07645	-6.526379	-0.881548	7.919066
07646	-7.067067	-1.300177	8.091654
07647	-7.611004	-1.707388	8.279634
07648	-8.179501	-2.109546	8.452491
07649	-8.790017	-2.482870	8.580205
07650	-9.457214	-2.819818	8.663435
07651	-10.173479	-3.128062	8.720215
07652	-10.931339	-3.431808	8.771971
07653	-11.718019	-3.723606	8.851483
07654	-12.536205	-3.979921	8.980287
07655	-13.347658	-4.160481	9.143567
07656	-14.161811	-4.283529	9.273768
07657	-14.971736	-4.358538	9.359541
07658	-15.732845	-4.463130	9.394414
07659	-16.418259	-4.643716	9.339218
07660	-17.005021	-4.893381	9.201873
07661	-17.467126	-5.207863	9.049298
07662	-17.781871	-5.524198	8.933099
07663	-17.932657	-5.767168	8.804490
07664	-17.906127	-5.902428	8.528973
07665	-17.690828	-5.943963	8.065184
07666	-17.278736	-5.918708	7.414124
07667	-16.672032	-5.852472	6.581202
07668	-15.886838	-5.755800	5.607664
07669	-14.947491	-5.630873	4.561958
07670	-13.893522	-5.410827	3.606869
07671	-12.680047	-4.998742	3.076623
07672	-11.247236	-4.394975	3.014875
07673	-9.637130	-3.679222	3.288613
07674	-7.854550	-2.958599	3.741749
07675	-5.983689	-2.207862	4.217397
07676	-4.133649	-1.435734	4.538106
07677	-2.414280	-0.755940	4.519250
07678	-0.879428	-0.144116	4.052098
07679	0.377716	0.594708	3.279922
07680	1.421662	1.524542	2.475646
07681	2.383225	2.634379	1.721319
07682	3.305345	3.853038	1.052842
07683	4.186887	5.106188	0.545886
07684	5.075025	6.343133	0.163565
07685	5.960488	7.496277	-0.183490
07686	6.830445	8.559835	-0.501311
07687	7.661022	9.524700	-0.777570
07688	8.496305	10.403248	-0.945171
07689	9.325829	11.208117	-0.983164
07690	10.170605	11.899375	-0.855055
07691	11.087946	12.386628	-0.520487
07692	12.112598	12.666152	0.043646
07693	13.217002	12.855370	0.862176
07694	14.353094	13.043012	1.935478
07695	15.455644	13.265041	3.212719
07696	16.453327	13.513347	4.605462
07697	17.295058	13.791507	5.998655
07698	17.948818	14.128133	7.276795
07699	18.349474	14.608623	8.277411
07700	18.548742	15.004126	8.863956
07701	18.656889	15.036873	9.062470
07702	18.566235	14.949109	8.830339
07703	18.110403	15.039264	8.114310
07704	17.334636	15.208460	7.007222
07705	16.404310	15.236782	5.773740
07706	15.450915	15.118998	4.734183
07707	14.497081	15.078670	3.994096
07708	13.543285	15.323168	3.485764
07709	12.580781	15.784755	2.955309
07710	11.587657	16.188346	2.027200
07711	10.699786	16.589625	0.921768
07712	10.183559	17.106250	0.314013
07713	10.077540	17.420862	0.263896
07714	10.297645	17.532388	0.795852
07715	10.708589	17.484212	1.902369
07716	11.159083	17.314262	3.347388
07717	11.433362	17.172418	4.696480
07718	11.770606	16.562141	6.335315
07719	12.377336	15.454512	8.786352
07720	13.057018	14.284646	11.053902
07721	13.212288	13.796669	11.917801
07722	13.052217	14.145170	11.962161
07723	12.673169	14.349184	11.378163
07724	12.037859	14.493018	10.572058
07725	11.296454	14.188945	9.908948
07726	10.307582	13.891845	9.138648
07727	9.139318	13.749167	8.258104
07728	8.186475	13.237404	7.817791
07729	7.522044	12.600482	7.634591
07730	7.099581	11.968950	7.827716
07731	6.672443	11.396345	8.132525
07732	6.161304	10.878103	8.410364
07733	5.657977	10.351252	8.699186
07734	5.183608	9.772308	8.956706
07735	4.695352	9.205681	9.159438
07736	4.138121	8.664560	9.284179
07737	3.496660	8.150674	9.290128
07738	2.796598	7.626089	9.171740
07739	2.078688	7.073536	8.973374
07740	1.345311	6.477537	8.721602
07741	0.640328	5.835090	8.478014
07742	-0.031375	5.151421	8.261461
07743	-0.685280	4.476913	8.038090
07744	-1.323655	3.822324	7.809797
07745	-1.935235	3.195194	7.582912
07746	-2.538748	2.599815	7.364458
07747	-3.137908	2.011494	7.171962
07748	-3.756036	1.434223	7.028268
07749	-4.374188	0.885097	6.969023
07750	-4.980725	0.336362	6.990563
07751	-5.575930	-0.185262	7.065708
07752	-6.170050	-0.694166	7.196197
07753	-6.759061	-1.170713	7.389320
07754	-7.352899	-1.615177	7.638158
07755	-7.953648	-2.033970	7.934400
07756	-8.583993	-2.417094	8.242065
07757	-9.267107	-2.748082	8.510735
07758	-10.010144	-3.016707	8.720610
07759	-10.800452	-3.220952	8.889713
07760	-11.616873	-3.403719	9.027178
07761	-12.448819	-3.552879	9.132339
07762	-13.300261	-3.668008	9.189516
07763	-14.132221	-3.766133	9.202546
07764	-14.911882	-3.865971	9.174961
07765	-15.634274	-3.935603	9.115920
07766	-16.288136	-4.018825	9.035358
07767	-16.857264	-4.162274	8.907448
07768	-17.329029	-4.424955	8.729845
07769	-17.672420	-4.789608	8.512595
07770	-17.871209	-5.190669	8.273187
07771	-17.909624	-5.524487	8.030130
07772	-17.768299	-5.717635	7.721297
07773	-17.417742	-5.732300	7.274270
07774	-16.862420	-5.643424	6.670150
07775	-16.134527	-5.530211	5.942285
07776	-15.268201	-5.336890	5.198013
07777	-14.267124	-5.019748	4.648795
07778	-13.080905	-4.552907	4.415485
07779	-11.717408	-3.940619	4.488081
07780	-10.156230	-3.234480	4.738285
07781	-8.426377	-2.463715	5.140625
07782	-6.556551	-1.612922	5.712449
07783	-4.687891	-0.801764	6.303187
07784	-2.943707	-0.211231	6.418254
07785	-1.414149	0.258327	5.773306
07786	-0.215088	0.947134	4.688094
07787	0.708846	1.900302	3.588154
07788	1.526675	3.024570	2.548702
07789	2.314821	4.254388	1.625542
07790	3.103237	5.482593	0.865927
07791	3.897640	6.625696	0.229594
07792	4.699845	7.668186	-0.317070
07793	5.486611	8.633995	-0.780709
07794	6.312703	9.436158	-1.135930
07795	7.222137	9.961973	-1.296730
07796	8.207893	10.359059	-1.153503
07797	9.254409	10.677836	-0.672567
07798	10.371375	10.913851	0.155801
07799	11.578096	11.039292	1.300542
07800	12.874575	11.121797	2.694928
07801	14.197691	11.217799	4.207096
07802	15.429309	11.382670	5.700299
07803	16.466547	11.690525	7.150342
07804	17.284768	12.090526	8.488127
07805	17.878533	12.517925	9.620526
07806	18.233763	12.984189	10.361756
07807	18.383553	13.291510	10.535980
07808	18.401696	13.276686	10.234967
07809	18.153132	13.293456	9.361334
07810	17.445856	13.704959	7.817542
07811	16.456964	14.258897	5.873048
07812	15.411314	14.651829	3.997300
07813	14.417653	14.954188	2.545262
07814	13.465277	15.221903	1.451116
07815	12.539930	15.557905	0.597271
07816	11.626226	16.164142	-0.152672
07817	10.832968	16.708302	-0.993962
07818	10.345538	17.182574	-1.590575
07819	10.339490	17.557622	-1.541634
07820	10.660801	17.674012	-0.960954
07821	11.099546	17.619548	0.039892
07822	11.593952	17.393971	1.396357
07823	12.124541	16.919977	3.028329
07824	12.590670	16.321828	4.677702
07825	12.838918	15.765294	6.055717
07826	12.982061	15.254892	7.669578
07827	13.342065	14.343572	9.837134
07828	13.863427	13.444387	11.577355
07829	13.882953	13.204326	11.880992
07830	13.621865	13.569848	11.591853
07831	13.065559	13.965663	10.861948
07832	12.312063	14.149893	9.948548
07833	11.496590	13.887597	9.111726
07834	10.519500	13.614819	8.376952
07835	9.378469	13.479830	7.641381
07836	8.346655	13.090723	7.182498
07837	7.667849	12.415340	7.076807
07838	7.203843	11.668633	7.339103
07839	6.719174	11.016394	7.639661
07840	6.175980	10.455903	7.813436
07841	5.650014	9.956238	7.861129
07842	5.172716	9.483258	7.817814
07843	4.676364	8.979610	7.719109
07844	4.081469	8.482540	7.508611
07845	3.392255	8.028198	7.179415
07846	2.680582	7.573624	6.801091
07847	2.004154	7.083562	6.432516
07848	1.350111	6.536310	6.102734
07849	0.717774	5.945718	5.841662
07850	0.097366	5.332400	5.662479
07851	-0.521703	4.724907	5.537966
07852	-1.132103	4.131045	5.458488
07853	-1.716660	3.540817	5.382248
07854	-2.296845	2.968696	5.277066
07855	-2.856460	2.399868	5.131513
07856	-3.409595	1.822167	4.972921
07857	-3.950780	1.254965	4.841629
07858	-4.480898	0.715078	4.756983
07859	-4.989705	0.188449	4.727413
07860	-5.489482	-0.324246	4.766743
07861	-5.981410	-0.814845	4.877893
07862	-6.473423	-1.290685	5.053904
07863	-6.964483	-1.732527	5.272932
07864	-7.461148	-2.145115	5.518702
07865	-7.960139	-2.535876	5.778992
07866	-8.469025	-2.904532	6.018504
07867	-9.002847	-3.250258	6.201164
07868	-9.586634	-3.559378	6.305302
07869	-10.233430	-3.833260	6.361091
07870	-10.934303	-4.090658	6.417778
07871	-11.674953	-4.361888	6.492614
07872	-12.451956	-4.621217	6.610720
07873	-13.254511	-4.843978	6.804357
07874	-14.064537	-5.022422	7.043224
07875	-14.858133	-5.180023	7.274510
07876	-15.590499	-5.311063	7.484997
07877	-16.247429	-5.421839	7.647871
07878	-16.816193	-5.547628	7.741383
07879	-17.268602	-5.727454	7.738567
07880	-17.564697	-5.995586	7.643713
07881	-17.677039	-6.268805	7.509368
07882	-17.591624	-6.417459	7.307938
07883	-17.302522	-6.407094	6.916943
07884	-16.804744	-6.321163	6.312545
07885	-16.114240	-6.189218	5.569757
07886	-15.245409	-5.966021	4.772299
07887	-14.207051	-5.624306	4.007725
07888	-12.999056	-5.138971	3.411795
07889	-11.617967	-4.498040	3.120552
07890	-10.033653	-3.710180	3.210010
07891	-8.252901	-2.870570	3.609329
07892	-6.383271	-1.976179	4.112176
07893	-4.635254	-1.167730	4.360625
07894	-3.038766	-0.561113	3.891488
07895	-1.706077	0.102399	2.760018
07896	-0.706682	1.074050	1.502318
07897	0.101811	2.214067	0.316014
07898	0.910079	3.416637	-0.703604
07899	1.729597	4.606107	-1.517380
07900	2.555029	5.752966	-2.161276
07901	3.362563	6.823743	-2.683871
07902	4.183300	7.809979	-3.086854
07903	5.048680	8.650164	-3.303794
07904	6.016990	9.294238	-3.246949
07905	7.066592	9.768509	-2.884683
07906	8.192897	10.116100	-2.210565
07907	9.366146	10.333431	-1.278411
07908	10.587276	10.459417	-0.153603
07909	11.859717	10.546847	1.111118
07910	13.195058	10.671740	2.493066
07911	14.479244	10.868414	3.925487
07912	15.612564	11.192065	5.338535
07913	16.542463	11.640617	6.681843
07914	17.222744	12.183861	7.880996
07915	17.632944	12.745786	8.750727
07916	17.852032	13.133193	9.044594
07917	17.920547	13.202467	8.792431
07918	17.739331	13.276691	8.005300
07919	17.113940	13.746899	6.522551
07920	16.178498	14.391093	4.616395
07921	15.164560	14.962288	2.757981
07922	14.206742	15.419367	1.396715
07923	13.284828	15.700517	0.459563
07924	12.439926	15.895016	-0.207800
07925	11.636268	16.415926	-0.741364
07926	10.896200	16.944181	-1.471391
07927	10.418405	17.304029	-2.078732
07928	10.375120	17.679837	-2.070720
07929	10.676974	17.849357	-1.559679
07930	11.141078	17.828731	-0.585116
07931	11.711621	17.636258	0.856963
07932	12.368698	17.204706	2.656758
07933	12.995774	16.658088	4.628247
07934	13.393943	16.222753	6.651902
07935	13.649271	15.355079	8.581945
07936	13.793105	14.545514	10.387110
07937	13.589156	13.834582	10.933323
07938	13.045224	13.879571	10.437314
07939	12.453138	14.173723	9.780784
07940	11.886616	14.411457	9.613840
07941	11.496296	14.137849	9.616602
07942	10.956541	13.698626	9.374953
07943	10.012220	13.489650	8.532209
07944	8.997563	13.198284	7.717098
07945	8.158252	12.674155	7.458806
07946	7.487153	12.018076	7.510610
07947	6.901075	11.326959	7.652930
07948	6.259106	10.727310	7.747414
07949	5.604488	10.207270	7.844278
07950	5.011539	9.660659	7.996281
07951	4.458063	9.090253	8.110899
07952	3.874972	8.511889	8.125729
07953	3.249086	7.963836	8.053286
07954	2.585964	7.428326	7.907005
07955	1.912393	6.895292	7.694095
07956	1.230869	6.325617	7.430897
07957	0.553742	5.749569	7.148050
07958	-0.132711	5.134123	6.861736
07959	-0.824500	4.512521	6.542478
07960	-1.494512	3.900115	6.170058
07961	-2.129545	3.291169	5.795182
07962	-2.756871	2.710605	5.433991
07963	-3.364967	2.133055	5.119471
07964	-3.959543	1.556355	4.851580
07965	-4.543059	0.990567	4.600039
07966	-5.126513	0.437326	4.380335
07967	-5.698745	-0.092822	4.202388
07968	-6.268080	-0.618313	4.077133
07969	-6.833190	-1.133989	4.009782
07970	-7.391707	-1.654942	4.021232
07971	-7.949332	-2.177785	4.113028
07972	-8.517465	-2.690869	4.276764
07973	-9.095717	-3.186919	4.488984
07974	-9.705540	-3.654585	4.718948
07975	-10.365946	-4.074047	4.945285
07976	-11.096620	-4.448342	5.185203
07977	-11.878846	-4.752691	5.468427
07978	-12.688322	-5.025586	5.780771
07979	-13.479820	-5.238165	6.162349
07980	-14.263102	-5.381205	6.558311
07981	-15.033795	-5.473881	6.911543
07982	-15.752618	-5.475916	7.239649
07983	-16.390864	-5.365408	7.567240
07984	-16.908738	-5.228600	7.862263
07985	-17.291648	-5.182722	8.093485
07986	-17.519520	-5.279253	8.220878
07987	-17.574830	-5.447339	8.207732
07988	-17.419928	-5.555507	8.020376
07989	-17.038055	-5.545414	7.584304
07990	-16.394015	-5.448858	6.892784
07991	-15.504871	-5.354115	5.976927
07992	-14.468262	-5.146332	4.934159
07993	-13.313979	-4.784878	3.960509
07994	-11.997547	-4.284145	3.207006
07995	-10.512562	-3.637308	2.765122
07996	-8.876887	-2.857027	2.517036
07997	-7.111482	-1.957869	2.340217
07998	-5.229865	-0.984910	2.284265
07999	-3.365205	-0.110731	2.218283
08000	-1.646098	0.631454	1.746727
08001	-0.196679	1.495580	0.881900
08002	0.935614	2.536788	-0.040575
08003	1.908226	3.672463	-0.773051
08004	2.818681	4.862111	-1.371309
08005	3.733592	6.050256	-1.771599
08006	4.678618	7.204482	-1.964466
08007	5.611736	8.273944	-2.048775
08008	6.513474	9.274944	-2.104031
08009	7.387631	10.212911	-2.186412
08010	8.222648	11.128564	-2.292969
08011	9.034359	11.923441	-2.397522
08012	9.922315	12.406751	-2.380428
08013	10.880105	12.681889	-2.120034
08014	11.927037	12.870764	-1.533412
08015	13.055190	13.037669	-0.602020
08016	14.264617	13.193440	0.616532
08017	15.467371	13.370510	1.980153
08018	16.581571	13.630957	3.386305
08019	17.550747	13.956390	4.769517
08020	18.331696	14.326618	6.069937
08021	18.904926	14.672294	7.102969
08022	19.292312	14.735885	7.709083
08023	19.469656	14.575394	7.897041
08024	19.203769	14.767958	7.474810
08025	18.455871	15.279334	6.337505
08026	17.454850	15.780011	4.773835
08027	16.436607	16.148241	3.322329
08028	15.549540	16.443940	2.292247
08029	14.822274	16.670081	1.686695
08030	14.158276	17.118704	1.393260
08031	13.319169	17.789641	0.663486
08032	12.583301	18.398183	-0.378014
08033	12.281616	18.897117	-0.832810
08034	12.449674	19.016722	-0.496242
08035	12.935189	18.777270	0.475327
08036	13.539952	18.353918	1.882675
08037	14.128476	17.924429	3.570795
08038	14.550813	17.611302	5.342350
08039	14.932713	16.798888	7.252249
08040	15.324102	15.807433	9.334668
08041	15.456771	14.765500	10.553933
08042	15.160368	14.554038	10.816333
08043	14.673119	14.767861	10.385454
08044	14.062046	14.847482	9.862919
08045	13.448909	14.586772	9.703049
08046	12.675652	14.160720	9.414083
08047	11.561692	13.982998	8.677125
08048	10.530858	13.684695	8.006780
08049	9.712772	13.094586	7.649206
08050	9.085378	12.386890	7.726407
08051	8.589372	11.647854	7.964078
08052	8.049473	10.963609	8.124487
08053	7.432263	10.414084	8.257911
08054	6.839705	9.915040	8.419089
08055	6.290473	9.387448	8.567183
08056	5.680879	8.855281	8.639818
08057	5.012445	8.338745	8.648558
08058	4.345338	7.806641	8.611746
08059	3.697430	7.295820	8.523705
08060	3.037176	6.791996	8.334853
08061	2.346542	6.285173	8.063836
08062	1.640194	5.751971	7.776414
08063	0.931343	5.186970	7.469775
08064	0.237761	4.607113	7.130785
08065	-0.414183	4.032544	6.800367
08066	-1.028065	3.454978	6.507507
08067	-1.621648	2.881434	6.261533
08068	-2.212411	2.303165	6.046800
08069	-2.799006	1.749601	5.857508
08070	-3.389854	1.227640	5.702702
08071	-3.980491	0.745088	5.602432
08072	-4.569412	0.271463	5.554687
08073	-5.151349	-0.202442	5.551980
08074	-5.741431	-0.673715	5.594310
08075	-6.337935	-1.128693	5.684043
08076	-6.960763	-1.561948	5.838634
08077	-7.600471	-1.972969	6.048898
08078	-8.262402	-2.365211	6.295260
08079	-8.946653	-2.736920	6.546520
08080	-9.685760	-3.081707	6.758707
08081	-10.494054	-3.394494	6.934949
08082	-11.365146	-3.661193	7.094757
08083	-12.254275	-3.886507	7.259099
08084	-13.139670	-4.078180	7.439844
08085	-14.004860	-4.200404	7.599399
08086	-14.823268	-4.304480	7.644351
08087	-15.565113	-4.387201	7.526343
08088	-16.202519	-4.412821	7.277509
08089	-16.702446	-4.444481	6.995490
08090	-17.038638	-4.586003	6.749641
08091	-17.235920	-4.851857	6.537007
08092	-17.288838	-5.150420	6.328507
08093	-17.215133	-5.410347	6.064404
08094	-17.008404	-5.553293	5.707176
08095	-16.624594	-5.556157	5.216373
08096	-16.012319	-5.505367	4.538417
08097	-15.224434	-5.376120	3.734788
08098	-14.292852	-5.147907	2.920452
08099	-13.209182	-4.833275	2.253716
08100	-11.967001	-4.317007	1.898655
08101	-10.557201	-3.645363	1.819560
08102	-8.980337	-2.871314	1.892964
08103	-7.252915	-1.978249	2.127236
08104	-5.389878	-1.059053	2.583339
08105	-3.545203	-0.320548	2.984213
08106	-1.856314	0.223796	2.845850
08107	-0.415075	0.838628	2.163582
08108	0.707382	1.684993	1.325131
08109	1.643674	2.723332	0.580760
08110	2.492036	3.888949	-0.133070
08111	3.312359	5.110707	-0.724994
08112	4.138943	6.326138	-1.133580
08113	4.963950	7.462969	-1.442769
08114	5.790815	8.483098	-1.684049
08115	6.610387	9.381315	-1.852141
08116	7.440053	10.186389	-1.911691
08117	8.241181	10.920872	-1.879536
08118	9.021706	11.560846	-1.727866
08119	9.874166	11.947434	-1.368870
08120	10.846844	12.126272	-0.734829
08121	11.905591	12.259456	0.192289
08122	13.031294	12.472257	1.420527
08123	14.165824	12.781639	2.885511
08124	15.216612	13.128119	4.448480
08125	16.125044	13.489327	6.008216
08126	16.833053	13.903605	7.437463
08127	17.305896	14.373375	8.547817
08128	17.605780	14.751731	9.202231
08129	17.812877	14.766081	9.456524
08130	17.820814	14.695207	9.213869
08131	17.425239	14.965441	8.336400
08132	16.711084	15.415161	7.023045
08133	15.869808	15.742445	5.624800
08134	15.022733	15.900764	4.547814
08135	14.250817	15.915635	3.919351
08136	13.560510	15.887149	3.596258
08137	12.914169	16.047240	3.408308
08138	12.254714	16.327385	3.013685
08139	11.675119	16.487228	2.368321
08140	11.323191	16.716178	2.008597
08141	11.325765	16.923564	2.197446
08142	11.617427	16.937543	2.941741
08143	11.978036	16.754224	4.090197
08144	12.301027	16.484273	5.502816
08145	12.556402	16.026366	6.990771
08146	12.796425	15.233538	8.526504
08147	12.991359	14.685742	10.194777
08148	13.024271	14.013964	11.107038
08149	12.808168	13.893688	11.044522
08150	12.429607	14.356465	10.523728
08151	11.936345	14.665069	10.011218
08152	11.452427	14.446557	9.661163
08153	10.872887	13.959529	9.335158
08154	9.983545	13.617619	8.678641
08155	9.052227	13.223058	8.094891
08156	8.210078	12.632584	7.903622
08157	7.563518	11.932303	8.044629
08158	7.085366	11.194546	8.343594
08159	6.648561	10.490692	8.593824
08160	6.156480	9.870763	8.785828
08161	5.633334	9.356549	8.863866
08162	5.128846	8.839351	8.849897
08163	4.576002	8.305177	8.783860
08164	3.931519	7.775108	8.661331
08165	3.235763	7.251253	8.524501
08166	2.512294	6.716193	8.373671
08167	1.774343	6.174108	8.217490
08168	1.041873	5.585375	8.078202
08169	0.320499	4.959931	7.988136
08170	-0.373016	4.315363	7.977430
08171	-1.022998	3.684177	8.007396
08172	-1.651328	3.069559	8.039321
08173	-2.271924	2.494597	8.039245
08174	-2.886250	1.947374	8.001676
08175	-3.480481	1.413610	7.948790
08176	-4.067699	0.886682	7.896207
08177	-4.643476	0.359137	7.847441
08178	-5.212121	-0.178958	7.815548
08179	-5.779023	-0.688204	7.822140
08180	-6.349050	-1.163154	7.857866
08181	-6.919879	-1.615760	7.913552
08182	-7.496435	-2.051935	7.997863
08183	-8.089515	-2.462645	8.112515
08184	-8.709226	-2.851310	8.226886
08185	-9.370915	-3.220143	8.314070
08186	-10.098698	-3.572526	8.371819
08187	-10.888135	-3.908660	8.411270
08188	-11.728562	-4.231974	8.425497
08189	-12.606458	-4.516510	8.444952
08190	-13.527967	-4.732958	8.465743
08191	-14.458565	-4.926716	8.451503
08192	-15.338117	-5.129870	8.352279
08193	-16.126915	-5.305307	8.182668
08194	-16.801383	-5.441613	7.988502
08195	-17.338430	-5.600152	7.844541
08196	-17.736326	-5.829442	7.753007
08197	-17.991451	-6.109227	7.669419
08198	-18.083213	-6.412324	7.552552
08199	-17.991582	-6.640292	7.381714
08200	-17.696033	-6.723847	7.071620
08201	-17.187025	-6.648464	6.596090
08202	-16.461863	-6.518538	5.945008
08203	-15.543055	-6.372659	5.108636
08204	-14.498212	-6.138214	4.209998
08205	-13.319635	-5.742036	3.509559
08206	-11.959999	-5.174084	3.167789
08207	-10.426845	-4.392646	3.135356
08208	-8.700199	-3.460930	3.300661
08209	-6.847412	-2.453189	3.590889
08210	-4.978228	-1.490470	3.922618
08211	-3.218579	-0.740854	3.984842
08212	-1.684240	-0.037146	3.478279
08213	-0.488612	0.847187	2.610286
08214	0.455687	1.949158	1.752648
08215	1.333382	3.186922	1.005087
08216	2.236492	4.465724	0.392606
08217	3.139387	5.729133	-0.014902
08218	4.025091	6.958700	-0.280992
08219	4.864405	8.120785	-0.513319
08220	5.667973	9.181112	-0.697670
08221	6.445711	10.112498	-0.814373
08222	7.196812	10.938629	-0.830382
08223	7.919915	11.674149	-0.695282
08224	8.678136	12.283632	-0.346783
08225	9.541752	12.658743	0.254793
08226	10.587357	12.804436	1.136514
08227	11.759669	12.871507	2.285055
08228	12.974689	12.972849	3.658251
08229	14.204311	13.163277	5.232884
08230	15.359035	13.464340	6.914038
08231	16.327044	13.850175	8.548602
08232	17.056005	14.197060	9.915536
08233	17.610610	14.152682	10.860820
08234	18.000183	13.833706	11.320922
08235	17.934510	13.879618	10.992700
08236	17.354103	14.332247	9.797721
08237	16.461664	14.756718	8.005388
08238	15.468881	15.020724	6.193528
08239	14.505538	15.208325	4.808864
08240	13.602153	15.382982	3.840782
08241	12.772074	15.653848	3.134837
08242	11.973684	16.150863	2.458647
08243	11.223362	16.731361	1.512757
08244	10.674952	17.215466	0.563312
08245	10.478699	17.698291	0.167744
08246	10.719623	18.006877	0.509185
08247	11.222525	17.963182	1.495083
08248	11.780116	17.567865	2.911961
08249	12.185793	17.183593	4.534852
08250	12.422096	16.716720	6.070349
08251	12.536219	16.007066	7.602390
08252	12.589316	15.180801	8.971899
08253	12.437549	14.588677	9.423458
08254	12.205391	14.771287	9.234901
08255	11.925059	15.256583	8.869656
08256	11.592342	15.422189	8.615126
08257	11.308475	15.044609	8.456542
08258	10.646156	14.641862	7.923386
08259	9.714868	14.430827	7.134596
08260	8.809064	14.000737	6.598748
08261	8.020856	13.406354	6.471869
08262	7.493407	12.634295	6.675426
08263	7.156218	11.805990	7.091893
08264	6.806679	11.057614	7.486908
08265	6.397563	10.442780	7.832883
08266	5.968805	9.927859	8.032039
08267	5.501481	9.465149	8.072056
08268	4.949405	9.014666	8.023583
08269	4.351914	8.538652	7.919644
08270	3.714038	8.034831	7.775140
08271	3.034695	7.510526	7.588389
08272	2.285172	6.981711	7.334302
08273	1.488212	6.431259	7.036526
08274	0.667794	5.829956	6.719216
08275	-0.110444	5.176059	6.415694
08276	-0.842332	4.506626	6.145961
08277	-1.538042	3.868479	5.903309
08278	-2.202436	3.248598	5.678483
08279	-2.830138	2.634218	5.478699
08280	-3.447930	2.029808	5.296319
08281	-4.048079	1.453881	5.147936
08282	-4.636390	0.886079	5.043076
08283	-5.218612	0.356393	4.979143
08284	-5.807330	-0.123788	4.965355
08285	-6.382004	-0.589189	5.005016
08286	-6.959543	-1.052930	5.100462
08287	-7.532230	-1.517040	5.258845
08288	-8.121283	-1.973046	5.481350
08289	-8.730353	-2.390960	5.759874
08290	-9.359759	-2.777747	6.073182
08291	-10.032713	-3.117747	6.376418
08292	-10.777678	-3.382165	6.642438
08293	-11.586370	-3.583234	6.875136
08294	-12.420099	-3.761494	7.092961
08295	-13.259008	-3.963736	7.300056
08296	-14.122156	-4.157218	7.454357
08297	-14.964064	-4.345281	7.504823
08298	-15.733440	-4.528699	7.476653
08299	-16.396794	-4.688679	7.389343
08300	-16.945864	-4.812438	7.263199
08301	-17.382011	-4.935311	7.146014
08302	-17.681830	-5.059552	7.079377
08303	-17.812345	-5.201893	7.065986
08304	-17.754178	-5.365336	7.043028
08305	-17.503788	-5.506920	6.924915
08306	-17.060159	-5.528758	6.649522
08307	-16.423603	-5.428025	6.155083
08308	-15.596032	-5.264715	5.407558
08309	-14.586545	-5.114803	4.420261
08310	-13.473613	-4.861189	3.358526
08311	-12.295784	-4.389188	2.583293
08312	-10.931252	-3.738746	2.296580
08313	-9.321359	-2.963399	2.460149
08314	-7.462702	-2.185506	2.878549
08315	-5.515014	-1.387518	3.272305
08316	-3.616107	-0.511140	3.644905
08317	-1.787938	0.207947	3.841478
08318	-0.160442	0.875013	3.506631
08319	1.090141	1.737498	2.671918
08320	2.060835	2.798551	1.784046
08321	2.930695	3.980319	0.983527
08322	3.817848	5.236407	0.348980
08323	4.692685	6.489864	-0.044536
08324	5.547973	7.718818	-0.270105
08325	6.372094	8.854639	-0.417757
08326	7.185343	9.861247	-0.504168
08327	8.001169	10.746401	-0.559095
08328	8.812985	11.538628	-0.593578
08329	9.606033	12.249009	-0.572928
08330	10.437661	12.819163	-0.400380
08331	11.393970	13.151097	0.021187
08332	12.478756	13.313989	0.707759
08333	13.626911	13.486783	1.671724
08334	14.778288	13.743295	2.915550
08335	15.919502	14.020719	4.371563
08336	17.015900	14.265988	5.906269
08337	17.968486	14.488828	7.388507
08338	18.686904	14.789744	8.667834
08339	19.150612	15.180394	9.629405
08340	19.466096	15.346433	10.278085
08341	19.670288	15.209495	10.444560
08342	19.536626	15.243748	9.909720
08343	18.952500	15.655441	8.666608
08344	18.042682	16.110439	6.942000
08345	16.996888	16.456957	5.199815
08346	15.943221	16.745952	3.828229
08347	14.973957	16.928271	2.879794
08348	14.098733	17.051630	2.274430
08349	13.319378	17.203132	1.823494
08350	12.559092	17.336513	1.170280
08351	11.941618	17.449813	0.511834
08352	11.651416	17.630604	0.330487
08353	11.763795	17.712941	0.774646
08354	12.104009	17.508521	1.760918
08355	12.405449	17.276136	3.176108
08356	12.544056	16.942125	4.740355
08357	12.753549	16.057628	6.423494
08358	13.023464	15.126596	8.229178
08359	13.230975	14.347766	9.589561
08360	13.292097	14.235796	10.284604
08361	13.214370	14.617828	10.460979
08362	12.971188	14.762272	10.303250
08363	12.636867	14.484565	10.119866
08364	12.016155	14.028563	9.647393
08365	10.962135	13.848912	8.713950
08366	9.761129	13.698398	7.780375
08367	8.719005	13.241626	7.277206
08368	8.018947	12.498299	7.256845
08369	7.616756	11.673898	7.607323
08370	7.200386	10.967408	7.917988
08371	6.664194	10.416550	8.147183
08372	6.090351	9.954415	8.335339
08373	5.583129	9.463947	8.476968
08374	5.072400	8.927673	8.621065
08375	4.508419	8.356153	8.711026
08376	3.881596	7.792230	8.723794
08377	3.225389	7.271093	8.685715
08378	2.538830	6.753501	8.595928
08379	1.796368	6.242262	8.419138
08380	1.028964	5.671961	8.187179
08381	0.287157	5.044181	7.962721
08382	-0.425363	4.387231	7.710769
08383	-1.107512	3.769991	7.452241
08384	-1.745032	3.172905	7.190499
08385	-2.335245	2.593259	6.936506
08386	-2.909470	2.006200	6.704087
08387	-3.470078	1.431516	6.502418
08388	-4.039332	0.873003	6.344592
08389	-4.610826	0.332926	6.225292
08390	-5.182541	-0.184869	6.154495
08391	-5.750824	-0.686084	6.126908
08392	-6.321538	-1.173374	6.139347
08393	-6.895162	-1.661308	6.203161
08394	-7.477873	-2.124817	6.345559
08395	-8.067435	-2.557133	6.545185
08396	-8.684122	-2.964261	6.754998
08397	-9.357502	-3.343085	6.922059
08398	-10.104926	-3.683056	7.044473
08399	-10.900663	-4.001417	7.132607
08400	-11.733100	-4.309053	7.198435
08401	-12.600243	-4.596494	7.283594
08402	-13.469427	-4.854927	7.382876
08403	-14.295673	-5.072227	7.471724
08404	-15.040835	-5.254928	7.505725
08405	-15.681892	-5.361820	7.479115
08406	-16.206185	-5.423001	7.403635
08407	-16.573620	-5.514356	7.302585
08408	-16.741820	-5.669132	7.196420
08409	-16.696325	-5.833057	7.045794
08410	-16.445176	-5.904472	6.736720
08411	-15.962900	-5.806284	6.215194
08412	-15.221231	-5.634250	5.457524
08413	-14.245594	-5.457562	4.494351
08414	-13.130387	-5.155009	3.481394
08415	-11.931410	-4.637992	2.687237
08416	-10.562756	-4.017252	2.254221
08417	-9.012479	-3.250058	2.191194
08418	-7.268511	-2.415159	2.289349
08419	-5.402769	-1.517918	2.404042
08420	-3.496568	-0.627434	2.509667
08421	-1.679048	0.117727	2.471459
08422	-0.090391	0.893945	1.997150
08423	1.101333	1.905060	1.107107
08424	2.026365	3.079501	0.204356
08425	2.837472	4.342737	-0.587990
08426	3.649301	5.650128	-1.280004
08427	4.488558	6.926697	-1.792131
08428	5.349497	8.135313	-2.103866
08429	6.193603	9.221760	-2.300115
08430	7.024219	10.187972	-2.401887
08431	7.840660	11.045617	-2.432661
08432	8.634419	11.810927	-2.406437
08433	9.438271	12.466792	-2.275960
08434	10.324471	12.912437	-1.969956
08435	11.344130	13.115564	-1.419471
08436	12.498566	13.160172	-0.591956
08437	13.740514	13.187420	0.533884
08438	15.005150	13.299228	1.923440
08439	16.226469	13.529737	3.489587
08440	17.335873	13.850639	5.109373
08441	18.283182	14.217822	6.673851
08442	19.003918	14.630291	8.030578
08443	19.471279	15.106200	8.970247
08444	19.748282	15.375684	9.428087
08445	19.842342	15.426539	9.365159
08446	19.537693	15.743870	8.614623
08447	18.808015	16.342316	7.195162
08448	17.838129	16.892512	5.421043
08449	16.823937	17.258768	3.821835
08450	15.847421	17.525776	2.677814
08451	14.925400	17.699869	1.902032
08452	14.056788	17.981179	1.390360
08453	13.229496	18.366499	0.939407
08454	12.428040	18.605446	0.199097
08455	11.827884	18.837668	-0.517199
08456	11.572249	19.201415	-0.719951
08457	11.663884	19.455326	-0.347481
08458	11.966915	19.515489	0.552206
08459	12.324485	19.322305	1.833586
08460	12.690319	18.814255	3.313784
08461	12.871370	18.454279	4.974911
08462	12.862757	17.794528	6.591816
08463	12.701397	16.921005	7.963809
08464	12.242721	15.962413	8.526434
08465	11.577669	15.682416	8.405929
08466	11.158840	15.710701	8.514131
08467	11.096006	15.835127	9.366530
08468	11.182199	15.575791	10.103032
08469	11.083947	15.048702	10.277074
08470	10.361241	14.679686	9.498720
08471	9.335817	14.518873	8.397854
08472	8.394444	14.125855	7.558565
08473	7.609222	13.408595	7.128931
08474	6.860562	12.677029	6.788054
08475	6.147980	12.033989	6.497323
08476	5.543224	11.446264	6.418773
08477	5.029610	10.879161	6.538975
08478	4.534457	10.341240	6.758067
08479	4.034858	9.772602	6.933301
08480	3.482265	9.213224	7.028253
08481	2.923868	8.674495	7.093279
08482	2.377012	8.138830	7.087597
08483	1.768392	7.617318	7.015588
08484	1.122056	7.071168	6.913075
08485	0.484722	6.480294	6.797294
08486	-0.142564	5.859415	6.672962
08487	-0.730575	5.248656	6.545878
08488	-1.285591	4.653011	6.436318
08489	-1.824662	4.080367	6.306074
08490	-2.376190	3.517257	6.147229
08491	-2.918308	2.939245	5.969029
08492	-3.461359	2.374312	5.791450
08493	-4.017556	1.826515	5.607341
08494	-4.601151	1.294054	5.423798
08495	-5.195628	0.764004	5.259641
08496	-5.799207	0.219391	5.130702
08497	-6.410193	-0.304062	5.060704
08498	-7.034690	-0.790494	5.064786
08499	-7.654703	-1.225584	5.157171
08500	-8.281252	-1.610631	5.333362
08501	-8.925206	-1.943021	5.563627
08502	-9.609632	-2.210297	5.829394
08503	-10.323499	-2.430192	6.114460
08504	-11.050798	-2.617108	6.399583
08505	-11.791405	-2.770996	6.670289
08506	-12.549376	-2.911577	6.956159
08507	-13.291823	-3.045515	7.214577
08508	-14.006852	-3.157642	7.442047
08509	-14.682808	-3.230843	7.590574
08510	-15.295859	-3.310768	7.607835
08511	-15.828803	-3.471260	7.478601
08512	-16.254348	-3.754312	7.206634
08513	-16.560254	-4.152620	6.778151
08514	-16.750854	-4.601901	6.176342
08515	-16.831358	-5.038868	5.441949
08516	-16.802475	-5.386765	4.645621
08517	-16.635255	-5.551062	3.850793
08518	-16.283787	-5.518381	3.085776
08519	-15.698458	-5.400413	2.417333
08520	-14.842923	-5.215195	1.932200
08521	-13.735779	-4.885905	1.642572
08522	-12.402214	-4.375569	1.499145
08523	-10.905657	-3.762537	1.474640
08524	-9.306200	-2.991277	1.543697
08525	-7.599611	-2.072255	1.691517
08526	-5.754855	-1.048498	2.091471
08527	-3.916933	-0.058993	2.652640
08528	-2.221254	0.717633	2.864465
08529	-0.751727	1.405064	2.392164
08530	0.453457	2.232864	1.542746
08531	1.441050	3.235357	0.778217
08532	2.324741	4.357071	0.182942
08533	3.157896	5.544550	-0.324984
08534	3.989341	6.748684	-0.738667
08535	4.829461	7.900497	-1.048143
08536	5.697204	8.974817	-1.227697
08537	6.585022	9.934834	-1.276976
08538	7.523085	10.777297	-1.182919
08539	8.477804	11.496431	-0.969058
08540	9.442147	12.107251	-0.665653
08541	10.409253	12.610890	-0.242735
08542	11.411929	12.926403	0.338912
08543	12.493475	13.070682	1.116456
08544	13.666922	13.160472	2.126268
08545	14.879164	13.265351	3.349746
08546	16.084271	13.420750	4.718860
08547	17.203464	13.613411	6.140033
08548	18.198146	13.795760	7.550517
08549	19.037399	13.947660	8.865540
08550	19.691983	14.123639	10.001097
08551	20.153190	14.416470	10.878819
08552	20.447637	14.619180	11.409880
08553	20.604767	14.578733	11.434226
08554	20.415472	14.684015	10.732078
08555	19.725861	15.178839	9.260874
08556	18.682323	15.748401	7.275875
08557	17.518499	16.166361	5.281780
08558	16.366846	16.504523	3.690625
08559	15.289092	16.790021	2.535500
08560	14.277408	17.136836	1.682339
08561	13.324752	17.582479	0.895800
08562	12.459325	17.861147	-0.083679
08563	11.869899	18.240746	-0.874133
08564	11.760352	18.655410	-1.032831
08565	12.022317	18.908242	-0.575863
08566	12.485039	19.014468	0.438165
08567	13.001831	18.872010	1.853514
08568	13.506620	18.425617	3.510264
08569	13.867756	18.010080	5.356534
08570	14.047223	17.299437	7.149207
08571	14.005981	16.404290	8.704166
08572	13.575318	15.329786	9.245091
08573	12.764324	15.133022	8.891673
08574	12.151476	15.414191	8.611149
08575	11.899101	15.618771	9.023696
08576	11.853475	15.495262	9.671356
08577	11.777418	14.995314	9.998602
08578	11.070324	14.702078	9.303085
08579	10.006415	14.557587	8.260957
08580	9.108221	14.106944	7.662761
08581	8.425473	13.375236	7.425718
08582	7.755836	12.641847	7.281329
08583	7.071604	12.052132	7.210243
08584	6.440706	11.471188	7.314903
08585	5.880013	10.889239	7.525171
08586	5.374436	10.354057	7.740627
08587	4.899417	9.840483	7.848096
08588	4.409750	9.348782	7.854666
08589	3.906006	8.859317	7.792963
08590	3.380012	8.378155	7.644947
08591	2.795402	7.902191	7.396067
08592	2.158241	7.412145	7.108405
08593	1.522202	6.863014	6.845052
08594	0.878046	6.276073	6.586088
08595	0.250455	5.674860	6.356978
08596	-0.357756	5.074726	6.177634
08597	-0.958049	4.492316	6.002745
08598	-1.574208	3.913255	5.856382
08599	-2.191994	3.358801	5.742094
08600	-2.786559	2.831389	5.652410
08601	-3.362198	2.296604	5.564710
08602	-3.930224	1.773462	5.484638
08603	-4.488163	1.275123	5.439447
08604	-5.039533	0.791950	5.460428
08605	-5.593176	0.340703	5.550554
08606	-6.149179	-0.096378	5.711965
08607	-6.698072	-0.511306	5.944623
08608	-7.248700	-0.901633	6.247751
08609	-7.803756	-1.256729	6.607595
08610	-8.379574	-1.562703	6.994949
08611	-8.985732	-1.840815	7.372515
08612	-9.640944	-2.112352	7.700335
08613	-10.353066	-2.367023	7.974430
08614	-11.125713	-2.588581	8.217641
08615	-11.936533	-2.768080	8.465279
08616	-12.766554	-2.934196	8.703783
08617	-13.614479	-3.082107	8.910234
08618	-14.472123	-3.192104	9.052006
08619	-15.316377	-3.309580	9.081951
08620	-16.107248	-3.499252	8.969019
08621	-16.793863	-3.800634	8.719690
08622	-17.351661	-4.172321	8.369074
08623	-17.748531	-4.569601	7.967748
08624	-17.964965	-4.968176	7.579772
08625	-17.994942	-5.314616	7.208007
08626	-17.853581	-5.504647	6.739892
08627	-17.543381	-5.496199	6.128590
08628	-17.041039	-5.373033	5.415435
08629	-16.315128	-5.238022	4.638559
08630	-15.402049	-5.075370	3.796242
08631	-14.380671	-4.761754	3.054619
08632	-13.199648	-4.309683	2.632840
08633	-11.809611	-3.764254	2.573762
08634	-10.221447	-3.076386	2.734848
08635	-8.459184	-2.342210	2.974728
08636	-6.590946	-1.575998	3.228500
08637	-4.767066	-0.785959	3.457371
08638	-3.087601	-0.066659	3.401714
08639	-1.632564	0.564244	2.842425
08640	-0.412344	1.302710	2.062617
08641	0.584059	2.188813	1.275399
08642	1.545206	3.185546	0.616974
08643	2.482416	4.237651	0.091182
08644	3.387893	5.329721	-0.278613
08645	4.296273	6.381386	-0.540387
08646	5.211481	7.375039	-0.748871
08647	6.097766	8.278222	-0.919422
08648	6.971428	9.135682	-1.034035
08649	7.829388	9.947846	-1.048309
08650	8.702649	10.663797	-0.934779
08651	9.639192	11.196188	-0.658577
08652	10.689584	11.474394	-0.190726
08653	11.832579	11.634718	0.479782
08654	13.002336	11.818454	1.396564
08655	14.186916	12.094399	2.590566
08656	15.333985	12.403984	3.991227
08657	16.379248	12.664718	5.444710
08658	17.251286	12.927296	6.807482
08659	17.892407	13.316887	7.999262
08660	18.317667	13.788744	8.847413
08661	18.603996	14.034035	9.195918
08662	18.759540	14.031463	9.010259
08663	18.571289	14.209621	8.229958
08664	17.980377	14.677025	6.970656
08665	17.154492	15.126175	5.502328
08666	16.254809	15.412131	4.174185
08667	15.365354	15.596530	3.227275
08668	14.509038	15.687399	2.604729
08669	13.695520	15.865172	2.200631
08670	12.873271	16.176573	1.741713
08671	12.094527	16.422583	1.057723
08672	11.546449	16.728238	0.523430
08673	11.379425	17.185860	0.537469
08674	11.627262	17.489575	1.145358
08675	12.145775	17.489513	2.290292
08676	12.731938	17.213055	3.828477
08677	13.161597	16.943657	5.390234
08678	13.474130	16.512671	7.038485
08679	13.946718	15.668957	9.140291
08680	14.400057	14.805552	10.932892
08681	14.459637	14.365177	11.593719
08682	14.186799	14.749025	11.524582
08683	13.716014	15.046206	11.007204
08684	13.095510	15.068361	10.570430
08685	12.450158	14.711336	10.352963
08686	11.438438	14.425212	9.825708
08687	10.272679	14.265358	9.219243
08688	9.386891	13.696871	9.063849
08689	8.763667	12.907176	9.297896
08690	8.331812	12.122212	9.804335
08691	7.878827	11.492004	10.244661
08692	7.327793	10.986257	10.527428
08693	6.771202	10.544441	10.700505
08694	6.280914	10.074921	10.752375
08695	5.782607	9.555624	10.745660
08696	5.204824	9.033758	10.671371
08697	4.569154	8.540465	10.503283
08698	3.908476	8.048789	10.283326
08699	3.218432	7.545629	9.981458
08700	2.448241	7.023247	9.599024
08701	1.649897	6.463923	9.217553
08702	0.877744	5.843601	8.907075
08703	0.135125	5.197002	8.609147
08704	-0.562054	4.557150	8.288411
08705	-1.203220	3.958971	7.978931
08706	-1.789657	3.386809	7.739129
08707	-2.349597	2.822666	7.545095
08708	-2.916572	2.264827	7.381209
08709	-3.488118	1.725064	7.268702
08710	-4.067994	1.193912	7.226200
08711	-4.657876	0.691515	7.237344
08712	-5.252529	0.196087	7.300018
08713	-5.846290	-0.295467	7.406734
08714	-6.443170	-0.773167	7.559527
08715	-7.042485	-1.230039	7.745868
08716	-7.665371	-1.665018	7.930279
08717	-8.323532	-2.068181	8.098792
08718	-9.047069	-2.439991	8.226311
08719	-9.838140	-2.758474	8.318268
08720	-10.685364	-3.059810	8.395837
08721	-11.574435	-3.362057	8.470504
08722	-12.511832	-3.647344	8.579119
08723	-13.468372	-3.873618	8.696174
08724	-14.419070	-4.035664	8.776173
08725	-15.317592	-4.166459	8.799375
08726	-16.133007	-4.274407	8.775402
08727	-16.841514	-4.399628	8.722859
08728	-17.408797	-4.590878	8.665414
08729	-17.815432	-4.837552	8.621661
08730	-18.058952	-5.126547	8.563707
08731	-18.137461	-5.400186	8.436023
08732	-18.034400	-5.566269	8.168567
08733	-17.723358	-5.561893	7.715304
08734	-17.189560	-5.442066	7.048532
08735	-16.436656	-5.305870	6.158613
08736	-15.499087	-5.130762	5.091552
08737	-14.428901	-4.843682	4.072177
08738	-13.185781	-4.417264	3.377611
08739	-11.758382	-3.845621	3.081341
08740	-10.147997	-3.114064	3.056493
08741	-8.376468	-2.304137	3.193269
08742	-6.526582	-1.404252	3.406214
08743	-4.751706	-0.521528	3.572995
08744	-3.152122	0.237539	3.304613
08745	-1.858194	1.014354	2.468296
08746	-0.839937	1.979420	1.478807
08747	0.043560	3.072218	0.697564
08748	0.948769	4.189671	0.135923
08749	1.884963	5.282034	-0.169842
08750	2.832981	6.351276	-0.214590
08751	3.782060	7.358561	-0.141965
08752	4.738155	8.273614	-0.015755
08753	5.704144	9.091618	0.151353
08754	6.669775	9.850348	0.376976
08755	7.633892	10.525603	0.664918
08756	8.628543	11.087848	1.097196
08757	9.679936	11.453211	1.738535
08758	10.810109	11.660868	2.619902
08759	12.021839	11.782813	3.770491
08760	13.289743	11.915860	5.168753
08761	14.563430	12.090361	6.744727
08762	15.776650	12.294061	8.343767
08763	16.793726	12.586075	9.789779
08764	17.554746	12.962234	10.965342
08765	18.121321	13.251555	11.705744
08766	18.523387	13.257799	11.942287
08767	18.657718	13.163873	11.629128
08768	18.332455	13.448379	10.521763
08769	17.578202	14.004400	8.749600
08770	16.633087	14.463348	6.870881
08771	15.705894	14.671722	5.474209
08772	14.850834	14.587722	4.620502
08773	14.055209	14.360208	4.066373
08774	13.264024	14.353086	3.594944
08775	12.349203	14.801210	2.883869
08776	11.331210	15.588604	1.777464
08777	10.547851	16.256876	0.685302
08778	10.247382	16.902778	0.334864
08779	10.443139	17.189778	0.881258
08780	10.861772	16.863178	2.020258
08781	11.264909	16.191839	3.483126
08782	11.508160	15.622675	5.041010
08783	11.624732	14.782713	6.297290
08784	11.604835	14.001325	7.367236
08785	11.433745	13.553471	8.266904
08786	11.264339	13.369330	8.707337
08787	11.104481	13.540318	8.670799
08788	10.903226	13.917450	8.548771
08789	10.670694	13.970167	8.347979
08790	10.353473	13.608743	8.053127
08791	9.735337	13.171256	7.537749
08792	8.839814	12.872083	6.933111
08793	7.899977	12.474829	6.524707
08794	7.142306	11.854090	6.541904
08795	6.638817	11.154764	6.751689
08796	6.270135	10.516309	7.084778
08797	5.882523	9.962507	7.386600
08798	5.392028	9.532682	7.538196
08799	4.869446	9.113840	7.551247
08800	4.345405	8.631048	7.491732
08801	3.817924	8.129815	7.404503
08802	3.252644	7.619501	7.274370
08803	2.575449	7.134320	7.070785
08804	1.825436	6.635122	6.805592
08805	1.046613	6.076580	6.505618
08806	0.262443	5.447424	6.187121
08807	-0.468322	4.759808	5.901474
08808	-1.145231	4.060549	5.703543
08809	-1.786216	3.384097	5.534260
08810	-2.413634	2.753714	5.350998
08811	-2.993393	2.144773	5.170727
08812	-3.551226	1.556965	4.987536
08813	-4.115250	1.006466	4.803494
08814	-4.683754	0.441147	4.639152
08815	-5.248092	-0.124076	4.531193
08816	-5.824060	-0.697618	4.486964
08817	-6.406756	-1.248233	4.494937
08818	-6.994289	-1.777379	4.543263
08819	-7.567374	-2.267748	4.650032
08820	-8.138565	-2.726595	4.810810
08821	-8.713150	-3.158792	4.991079
08822	-9.318822	-3.570808	5.152240
08823	-9.964660	-3.967143	5.263700
08824	-10.670199	-4.338570	5.339683
08825	-11.435058	-4.645087	5.424623
08826	-12.236964	-4.870562	5.565548
08827	-13.044248	-5.081814	5.734166
08828	-13.871555	-5.294443	5.903209
08829	-14.714213	-5.471811	6.058955
08830	-15.543769	-5.637883	6.185507
08831	-16.325020	-5.799691	6.287361
08832	-17.042640	-5.922015	6.377094
08833	-17.668763	-6.013378	6.475630
08834	-18.176369	-6.088746	6.598591
08835	-18.546924	-6.165631	6.747251
08836	-18.754204	-6.259615	6.909446
08837	-18.782191	-6.369522	7.057496
08838	-18.628281	-6.442850	7.100695
08839	-18.293425	-6.426443	6.996519
08840	-17.765511	-6.324521	6.720096
08841	-17.055784	-6.152660	6.237874
08842	-16.175780	-5.983186	5.492391
08843	-15.207466	-5.790001	4.556439
08844	-14.148547	-5.441192	3.801562
08845	-12.898655	-4.912591	3.496993
08846	-11.430701	-4.219966	3.644130
08847	-9.763020	-3.437095	4.085704
08848	-7.917166	-2.625878	4.607912
08849	-6.034798	-1.775568	4.981779
08850	-4.267006	-0.965061	4.998909
08851	-2.671865	-0.229778	4.444329
08852	-1.392447	0.583362	3.514528
08853	-0.355829	1.586662	2.595851
08854	0.605917	2.752195	1.827589
08855	1.566561	3.981012	1.266884
08856	2.524206	5.194891	0.908299
08857	3.481977	6.363074	0.666688
08858	4.436869	7.456515	0.437812
08859	5.369712	8.429047	0.211160
08860	6.272545	9.305627	-0.004536
08861	7.156502	10.152042	-0.107337
08862	8.027715	10.927963	-0.052227
08863	8.921095	11.598889	0.206483
08864	9.898746	12.115854	0.694051
08865	10.980433	12.444849	1.404883
08866	12.159621	12.650686	2.314302
08867	13.339156	12.838223	3.397558
08868	14.482114	13.131302	4.660763
08869	15.526256	13.524280	6.055213
08870	16.399506	14.009877	7.441227
08871	17.048552	14.554630	8.638919
08872	17.526126	14.907761	9.464870
08873	17.919932	14.687727	9.911973
08874	18.094255	14.328852	9.855326
08875	17.795659	14.439164	9.067413
08876	17.084785	14.755232	7.713872
08877	16.191639	14.945301	6.251831
08878	15.262884	15.054332	5.125280
08879	14.383800	15.117086	4.399726
08880	13.572010	15.096676	3.847564
08881	12.756384	15.269103	3.229690
08882	11.861339	15.852206	2.311462
08883	10.991282	16.342798	1.061477
08884	10.487500	16.841849	0.434109
08885	10.649509	17.171900	0.881542
08886	11.198910	17.092156	2.046069
08887	11.748294	16.866693	3.705018
08888	12.112857	16.470964	5.489298
08889	12.546100	15.519508	7.393669
08890	12.872319	14.494173	9.177343
08891	12.727589	13.801368	9.996511
08892	12.344609	13.917106	9.996068
08893	11.872435	14.325968	9.520977
08894	11.494687	14.368348	9.439740
08895	11.233675	13.895701	9.625952
08896	10.599664	13.460054	9.291230
08897	9.627192	13.274309	8.538236
08898	8.746512	12.814494	8.018546
08899	8.012787	12.192388	7.926871
08900	7.512521	11.471703	8.136141
08901	7.080194	10.828002	8.333063
08902	6.567386	10.332930	8.382115
08903	5.998977	9.871940	8.418420
08904	5.435971	9.381250	8.505550
08905	4.886915	8.836195	8.558772
08906	4.292997	8.263703	8.560192
08907	3.666746	7.674246	8.513681
08908	3.040785	7.080349	8.451967
08909	2.412478	6.518436	8.339702
08910	1.736778	5.988470	8.143767
08911	1.030851	5.449682	7.887253
08912	0.318498	4.839211	7.602300
08913	-0.353787	4.189058	7.348535
08914	-0.983263	3.568194	7.087484
08915	-1.583186	2.988158	6.787976
08916	-2.172769	2.426237	6.486233
08917	-2.765648	1.889007	6.235557
08918	-3.358143	1.340228	6.052947
08919	-3.950743	0.791573	5.923213
08920	-4.557736	0.271830	5.812474
08921	-5.156166	-0.221883	5.733274
08922	-5.744211	-0.720364	5.679020
08923	-6.315263	-1.209184	5.675423
08924	-6.879313	-1.681144	5.727135
08925	-7.440221	-2.118431	5.828356
08926	-8.008119	-2.539102	5.959852
08927	-8.582356	-2.951478	6.101127
08928	-9.191270	-3.353625	6.234838
08929	-9.838837	-3.720384	6.366142
08930	-10.526683	-4.049094	6.518837
08931	-11.252081	-4.367024	6.687630
08932	-12.021432	-4.657143	6.884111
08933	-12.819094	-4.900263	7.126977
08934	-13.613833	-5.098278	7.410098
08935	-14.389006	-5.245725	7.678279
08936	-15.126732	-5.330936	7.904249
08937	-15.789165	-5.391672	8.109082
08938	-16.362153	-5.444471	8.280995
08939	-16.822236	-5.520524	8.396661
08940	-17.142066	-5.647627	8.434847
08941	-17.289758	-5.806799	8.373488
08942	-17.242525	-5.912913	8.179083
08943	-16.985459	-5.903171	7.804243
08944	-16.478423	-5.796703	7.227977
08945	-15.726961	-5.700353	6.466731
08946	-14.776669	-5.585565	5.552998
08947	-13.722734	-5.311505	4.652338
08948	-12.519153	-4.846108	4.034216
08949	-11.118086	-4.273237	3.795273
08950	-9.511894	-3.585648	3.806195
08951	-7.736666	-2.794183	3.919288
08952	-5.852380	-1.917436	4.047382
08953	-3.968622	-1.064243	4.170631
08954	-2.220645	-0.324331	4.084677
08955	-0.709768	0.372827	3.597851
08956	0.454932	1.227522	2.743999
08957	1.358512	2.253998	1.791611
08958	2.149974	3.460979	0.805283
08959	2.895980	4.772133	-0.139804
08960	3.631204	6.127548	-0.910016
08961	4.363857	7.461823	-1.510654
08962	5.086810	8.704138	-1.989602
08963	5.816866	9.771904	-2.347176
08964	6.590774	10.709708	-2.541722
08965	7.362863	11.532014	-2.582926
08966	8.138201	12.239393	-2.454162
08967	8.979924	12.693337	-2.105313
08968	9.976591	12.831796	-1.444286
08969	11.104549	12.804660	-0.468253
08970	12.340996	12.791552	0.833173
08971	13.625007	12.876831	2.425772
08972	14.888062	13.065560	4.208078
08973	16.029068	13.365854	6.055933
08974	16.955479	13.751014	7.815076
08975	17.601698	14.179747	9.267862
08976	18.029095	14.538521	10.216513
08977	18.335712	14.555321	10.671718
08978	18.473146	14.339461	10.607133
08979	18.162495	14.476546	9.778996
08980	17.381788	14.954061	8.232779
08981	16.363765	15.360758	6.343221
08982	15.298737	15.643512	4.655412
08983	14.285384	15.850635	3.487109
08984	13.363843	15.888725	2.738235
08985	12.530219	15.938394	2.245344
08986	11.721655	16.154749	1.666560
08987	11.019165	16.291415	0.795374
08988	10.575348	16.537442	0.201532
08989	10.540287	16.851104	0.240324
08990	10.825803	16.998403	0.810316
08991	11.247839	16.950191	1.851801
08992	11.738285	16.656033	3.327633
08993	12.056297	16.481684	4.843107
08994	12.546520	15.580332	6.756513
08995	13.367023	14.563783	9.187396
08996	13.880798	13.904186	10.726044
08997	13.802929	14.025753	10.834990
08998	13.399172	14.394029	9.858088
08999	12.795001	14.582430	8.743477
09000	12.143676	14.376346	8.211308
09001	11.315029	13.815109	7.972429
09002	10.084390	13.545420	7.264123
09003	8.969880	13.137925	6.794199
09004	8.273664	12.462511	6.804484
09005	7.845212	11.715868	7.316311
09006	7.498294	11.003291	7.960418
09007	7.076988	10.375147	8.413815
09008	6.548346	9.877473	8.661594
09009	6.076295	9.417961	8.861963
09010	5.637832	8.890304	9.007905
09011	5.099982	8.364524	9.038671
09012	4.451495	7.846451	8.951553
09013	3.774308	7.357224	8.814133
09014	3.095230	6.872305	8.641829
09015	2.393582	6.392523	8.419485
09016	1.658428	5.891205	8.159443
09017	0.907666	5.355549	7.889827
09018	0.163169	4.785535	7.659346
09019	-0.529429	4.177567	7.476003
09020	-1.165221	3.561210	7.326524
09021	-1.759551	2.961187	7.162749
09022	-2.351038	2.392660	6.997041
09023	-2.949530	1.845980	6.848619
09024	-3.562513	1.309865	6.750761
09025	-4.179964	0.789292	6.693428
09026	-4.799223	0.265136	6.660858
09027	-5.402163	-0.240283	6.646681
09028	-5.999462	-0.741474	6.647787
09029	-6.592518	-1.222677	6.681433
09030	-7.194559	-1.691123	6.758118
09031	-7.808164	-2.138267	6.870671
09032	-8.444706	-2.575805	7.004158
09033	-9.119155	-3.016621	7.138658
09034	-9.859472	-3.460722	7.256874
09035	-10.669464	-3.876492	7.381465
09036	-11.556138	-4.240365	7.529277
09037	-12.490232	-4.548029	7.708765
09038	-13.447503	-4.810973	7.939195
09039	-14.397226	-5.024016	8.187574
09040	-15.323351	-5.183669	8.374436
09041	-16.179026	-5.305954	8.439631
09042	-16.938419	-5.368293	8.390559
09043	-17.575051	-5.419465	8.302954
09044	-18.074162	-5.540402	8.241331
09045	-18.451493	-5.702699	8.253585
09046	-18.694423	-5.891915	8.348710
09047	-18.774375	-6.076857	8.490338
09048	-18.661457	-6.199668	8.552526
09049	-18.333376	-6.238065	8.423232
09050	-17.804363	-6.197686	8.051793
09051	-17.080603	-6.129350	7.397244
09052	-16.170165	-6.089840	6.425181
09053	-15.187713	-5.892845	5.347291
09054	-14.094061	-5.540711	4.477450
09055	-12.798718	-5.068488	4.023074
09056	-11.300042	-4.402958	3.940785
09057	-9.630653	-3.605910	4.063764
09058	-7.848758	-2.761533	4.196294
09059	-6.071906	-1.758049	4.359157
09060	-4.332026	-0.792007	4.447058
09061	-2.790762	0.094916	4.143988
09062	-1.551542	0.993525	3.383496
09063	-0.540156	1.992003	2.506758
09064	0.375631	3.124013	1.636722
09065	1.283234	4.303584	0.852986
09066	2.206305	5.469187	0.330043
09067	3.142451	6.567421	0.036042
09068	4.092332	7.565406	-0.163030
09069	5.040226	8.425648	-0.314160
09070	5.966071	9.221175	-0.451474
09071	6.926499	9.981095	-0.512885
09072	7.919484	10.660518	-0.432600
09073	8.981561	11.124450	-0.129413
09074	10.124406	11.394468	0.457888
09075	11.323849	11.609766	1.338084
09076	12.552963	11.856766	2.477434
09077	13.779349	12.146148	3.817516
09078	14.935001	12.487062	5.247311
09079	15.929181	12.911638	6.641069
09080	16.700837	13.469624	7.907040
09081	17.246690	14.081418	8.904032
09082	17.643332	14.421664	9.517422
09083	17.955531	14.370009	9.767164
09084	17.976917	14.373040	9.454714
09085	17.582951	14.710533	8.488979
09086	16.885808	15.111900	7.146645
09087	16.106952	15.276004	5.886626
09088	15.384022	15.254020	5.093713
09089	14.725666	15.192375	4.746936
09090	14.108271	15.160990	4.613064
09091	13.472958	15.308959	4.468527
09092	12.769908	15.767940	4.014094
09093	12.068176	16.125824	3.174330
09094	11.606435	16.467505	2.737611
09095	11.596073	16.604555	3.118203
09096	11.974619	16.312672	4.145111
09097	12.467284	15.949673	5.648450
09098	12.841724	15.509440	7.307101
09099	13.240446	14.623281	8.978640
09100	13.684446	13.866101	10.669776
09101	13.785709	13.441232	11.540382
09102	13.605270	13.510160	11.478197
09103	13.194055	13.955079	10.598667
09104	12.669286	14.172177	9.771915
09105	12.255399	13.847206	9.589763
09106	11.585630	13.415723	9.278649
09107	10.503959	13.326433	8.604086
09108	9.543574	12.908866	8.180103
09109	8.787119	12.161573	8.211559
09110	8.276097	11.412542	8.729597
09111	7.958725	10.596395	9.388950
09112	7.630601	9.819825	9.959626
09113	7.165446	9.213260	10.305943
09114	6.696170	8.751844	10.495307
09115	6.278413	8.271489	10.602211
09116	5.772144	7.772859	10.631757
09117	5.168857	7.247040	10.565517
09118	4.517654	6.704944	10.427876
09119	3.837568	6.199900	10.238278
09120	3.096086	5.745758	9.957053
09121	2.293773	5.298180	9.559858
09122	1.452776	4.819208	9.096878
09123	0.643965	4.282518	8.652543
09124	-0.104904	3.676962	8.244374
09125	-0.797764	3.060109	7.838154
09126	-1.452519	2.456012	7.427852
09127	-2.064819	1.853351	7.046953
09128	-2.688219	1.272271	6.681602
09129	-3.320971	0.732092	6.345168
09130	-3.950204	0.195148	6.080096
09131	-4.569903	-0.305522	5.892197
09132	-5.176368	-0.821334	5.769699
09133	-5.769545	-1.338499	5.710068
09134	-6.359580	-1.854109	5.708582
09135	-6.947658	-2.356662	5.772787
09136	-7.536874	-2.840306	5.908788
09137	-8.131275	-3.302492	6.087890
09138	-8.741490	-3.753722	6.282735
09139	-9.366377	-4.198207	6.475317
09140	-10.028725	-4.619719	6.660191
09141	-10.745551	-4.985426	6.835844
09142	-11.518656	-5.273815	7.034879
09143	-12.314477	-5.509248	7.264615
09144	-13.112212	-5.727307	7.496969
09145	-13.908240	-5.914869	7.687759
09146	-14.679898	-6.086360	7.791628
09147	-15.389721	-6.222570	7.840235
09148	-16.023193	-6.276595	7.906752
09149	-16.551967	-6.299219	8.030510
09150	-16.950576	-6.331846	8.202621
09151	-17.217191	-6.354396	8.400071
09152	-17.350009	-6.371870	8.575583
09153	-17.316472	-6.375464	8.626599
09154	-17.071838	-6.326865	8.480879
09155	-16.579217	-6.227266	8.047561
09156	-15.821933	-6.117044	7.290921
09157	-14.879180	-5.997481	6.246049
09158	-13.835578	-5.775214	5.095648
09159	-12.647941	-5.440625	4.092384
09160	-11.262868	-4.946963	3.515460
09161	-9.708017	-4.272807	3.376712
09162	-8.031124	-3.463532	3.464090
09163	-6.311547	-2.529972	3.618567
09164	-4.590890	-1.507345	3.749158
09165	-2.932534	-0.522658	3.756390
09166	-1.468737	0.419841	3.379706
09167	-0.250575	1.388078	2.588220
09168	0.757215	2.478120	1.627608
09169	1.645776	3.658848	0.697855
09170	2.523112	4.853805	-0.109513
09171	3.404157	6.018561	-0.674509
09172	4.302674	7.105306	-1.035301
09173	5.177154	8.060713	-1.303462
09174	6.020302	8.894329	-1.513928
09175	6.857847	9.614306	-1.628193
09176	7.698166	10.249037	-1.595201
09177	8.568758	10.803882	-1.371104
09178	9.512339	11.239521	-0.891447
09179	10.571033	11.543299	-0.141014
09180	11.707753	11.766826	0.850842
09181	12.891523	11.965348	2.019118
09182	14.079644	12.195355	3.318532
09183	15.222380	12.464798	4.695221
09184	16.238940	12.775001	6.036811
09185	17.057719	13.151845	7.244340
09186	17.671406	13.525689	8.215285
09187	18.136963	13.768933	8.886778
09188	18.491658	13.845511	9.306874
09189	18.675282	13.903561	9.408298
09190	18.567265	14.049247	8.976218
09191	18.105668	14.398804	7.951477
09192	17.348341	14.850666	6.435642
09193	16.425305	15.245503	4.767392
09194	15.442048	15.587296	3.377558
09195	14.511950	15.869012	2.426326
09196	13.668826	15.957985	1.771142
09197	12.913594	16.011635	1.245759
09198	12.172361	16.216691	0.670180
09199	11.538666	16.505315	0.069400
09200	11.183425	16.858025	-0.157957
09201	11.174645	17.159226	0.197592
09202	11.447491	17.188866	1.138574
09203	11.805639	16.966448	2.506012
09204	12.085984	16.655538	4.122024
09205	12.365371	15.941210	5.888925
09206	12.664880	15.092870	7.877080
09207	12.777857	14.249280	9.308353
09208	12.462181	13.831930	9.527148
09209	12.042378	14.140280	9.170789
09210	11.652909	14.369192	8.809051
09211	11.304804	14.140656	8.517449
09212	10.859018	13.655048	8.086369
09213	9.948399	13.345383	7.053772
09214	8.774128	13.219070	5.736859
09215	7.756383	12.714583	4.909087
09216	6.995455	11.896233	4.675883
09217	6.429129	11.030979	4.765294
09218	5.864628	10.303973	4.932413
09219	5.239998	9.720702	5.103948
09220	4.607973	9.154005	5.353721
09221	4.018003	8.546370	5.615562
09222	3.441514	7.898718	5.847090
09223	2.842686	7.291122	5.986494
09224	2.211866	6.721050	6.063004
09225	1.548698	6.171285	6.073214
09226	0.841276	5.622165	6.006825
09227	0.120020	5.057282	5.883686
09228	-0.595303	4.441980	5.701159
09229	-1.283833	3.777791	5.498940
09230	-1.958652	3.110414	5.300747
09231	-2.631630	2.500456	5.079471
09232	-3.277779	1.901731	4.852210
09233	-3.898576	1.339924	4.651374
09234	-4.498999	0.801436	4.484580
09235	-5.092255	0.272294	4.332660
09236	-5.695671	-0.248005	4.172473
09237	-6.287021	-0.754117	4.060666
09238	-6.859336	-1.266755	4.044926
09239	-7.413877	-1.769135	4.123792
09240	-7.964036	-2.246105	4.285391
09241	-8.517717	-2.691226	4.519271
09242	-9.098340	-3.107977	4.824327
09243	-9.712533	-3.484614	5.200581
09244	-10.379113	-3.818558	5.624663
09245	-11.101500	-4.117400	6.087374
09246	-11.870319	-4.404537	6.544482
09247	-12.678448	-4.653344	6.971756
09248	-13.507422	-4.827219	7.362574
09249	-14.304531	-4.950512	7.697760
09250	-15.037078	-5.047051	7.966677
09251	-15.686215	-5.097064	8.182673
09252	-16.236443	-5.080413	8.351750
09253	-16.673781	-5.051526	8.447722
09254	-16.981905	-5.115849	8.424017
09255	-17.164150	-5.314741	8.253756
09256	-17.214089	-5.584151	7.910270
09257	-17.111257	-5.836826	7.390793
09258	-16.821390	-5.945263	6.689793
09259	-16.357761	-5.814000	5.863958
09260	-15.694543	-5.551255	5.064463
09261	-14.807967	-5.284037	4.428226
09262	-13.694089	-4.924046	3.954508
09263	-12.383303	-4.455228	3.536169
09264	-10.937267	-3.855972	3.096630
09265	-9.429895	-3.036299	2.705210
09266	-7.806689	-1.997895	2.559311
09267	-6.030504	-1.016635	2.719227
09268	-4.238754	-0.238681	2.901292
09269	-2.621242	0.420743	2.625306
09270	-1.263438	1.258741	1.780252
09271	-0.251266	2.345691	0.712698
09272	0.640936	3.570754	-0.056909
09273	1.499097	4.794785	-0.483245
09274	2.361205	5.992619	-0.522503
09275	3.261853	7.145620	-0.211189
09276	4.281051	8.184143	0.314306
09277	5.345980	9.114764	0.856102
09278	6.433200	9.908979	1.302838
09279	7.561744	10.519299	1.620006
09280	8.724817	11.030481	1.904774
09281	9.874654	11.446692	2.219842
09282	11.040412	11.780613	2.690419
09283	12.240609	12.008734	3.376679
09284	13.497829	12.185254	4.307150
09285	14.772819	12.354273	5.417377
09286	16.005360	12.551143	6.582090
09287	17.113594	12.843155	7.690232
09288	18.049417	13.275330	8.736570
09289	18.794595	13.772249	9.659967
09290	19.349805	14.293147	10.357223
09291	19.766167	14.591989	10.738478
09292	20.064307	14.603405	10.743460
09293	20.080078	14.697304	10.199829
09294	19.704230	15.069266	9.099888
09295	19.018805	15.471962	7.631388
09296	18.184700	15.674606	6.155212
09297	17.336572	15.700145	4.996296
09298	16.564534	15.715737	4.279223
09299	15.872193	15.905974	3.914470
09300	15.116213	16.277989	3.481760
09301	14.230965	16.922812	2.504783
09302	13.481845	17.555786	1.439234
09303	13.180036	18.005717	1.112599
09304	13.379766	18.020850	1.665461
09305	13.851186	17.587854	2.831275
09306	14.332345	16.936128	4.267806
09307	14.684571	16.293768	5.809564
09308	14.948704	15.724386	7.630071
09309	15.155935	14.593397	9.269143
09310	15.086798	13.692572	10.364886
09311	14.556564	13.496820	10.815850
09312	14.088355	13.432710	10.964912
09313	13.777609	13.465562	10.785983
09314	13.431492	13.674021	10.747570
09315	13.174749	13.589510	10.907711
09316	12.731976	13.271861	10.693524
09317	11.859129	13.067849	9.962469
09318	10.890716	12.786534	9.271566
09319	10.050689	12.342809	8.867477
09320	9.435721	11.734112	8.848730
09321	9.018810	10.986663	9.090915
09322	8.644049	10.285211	9.357631
09323	8.215839	9.701866	9.584067
09324	7.735417	9.232284	9.782547
09325	7.212368	8.820094	9.896429
09326	6.606055	8.435526	9.926336
09327	5.926951	8.010727	9.914897
09328	5.202973	7.530673	9.889068
09329	4.483424	7.037438	9.878962
09330	3.726887	6.550930	9.809640
09331	2.936612	6.081438	9.696649
09332	2.125458	5.566048	9.534814
09333	1.325543	4.998327	9.364695
09334	0.564043	4.396346	9.199675
09335	-0.153647	3.793222	9.033716
09336	-0.852865	3.191710	8.861584
09337	-1.520267	2.575254	8.722803
09338	-2.177413	1.974874	8.642804
09339	-2.841794	1.422343	8.611247
09340	-3.517488	0.900134	8.624136
09341	-4.195004	0.416918	8.661936
09342	-4.862996	-0.059594	8.706965
09343	-5.505056	-0.532346	8.772911
09344	-6.119768	-0.986527	8.873323
09345	-6.715821	-1.415429	9.019114
09346	-7.305165	-1.820035	9.213575
09347	-7.905773	-2.193960	9.437113
09348	-8.544236	-2.533236	9.662241
09349	-9.242457	-2.825338	9.849263
09350	-10.006210	-3.077715	9.986217
09351	-10.817943	-3.320107	10.059266
09352	-11.673392	-3.557780	10.075007
09353	-12.554847	-3.772576	10.045977
09354	-13.446906	-3.976421	10.002977
09355	-14.328517	-4.150088	9.957694
09356	-15.190705	-4.307298	9.921676
09357	-16.008581	-4.462197	9.924064
09358	-16.756260	-4.634291	9.943216
09359	-17.409109	-4.837068	9.912558
09360	-17.940052	-5.094192	9.777335
09361	-18.340400	-5.396711	9.530774
09362	-18.620261	-5.708301	9.226442
09363	-18.764839	-5.970264	8.985488
09364	-18.739010	-6.091630	8.768070
09365	-18.521704	-6.040812	8.388471
09366	-18.079849	-5.911222	7.842916
09367	-17.395003	-5.782323	7.223520
09368	-16.491419	-5.643631	6.516501
09369	-15.495790	-5.334961	5.802980
09370	-14.367483	-4.883985	5.292903
09371	-13.039117	-4.340358	5.097004
09372	-11.486806	-3.618187	5.200490
09373	-9.707457	-2.796635	5.503035
09374	-7.790470	-1.959209	5.812556
09375	-5.894523	-1.067832	6.014898
09376	-4.119385	-0.232605	5.897731
09377	-2.515985	0.505923	5.172623
09378	-1.209604	1.321176	4.110364
09379	-0.138575	2.308549	3.178556
09380	0.863172	3.413051	2.446311
09381	1.840999	4.538544	1.887401
09382	2.821869	5.641470	1.523526
09383	3.820906	6.692653	1.273382
09384	4.808790	7.701896	1.045621
09385	5.740634	8.652795	0.794728
09386	6.643200	9.578167	0.544205
09387	7.520890	10.456660	0.360115
09388	8.414965	11.230201	0.296446
09389	9.360344	11.853086	0.442590
09390	10.386469	12.281200	0.841358
09391	11.473152	12.549179	1.499950
09392	12.637530	12.736660	2.447198
09393	13.874251	12.909736	3.687176
09394	15.092877	13.099610	5.113376
09395	16.188744	13.366815	6.592665
09396	17.048652	13.825465	8.010354
09397	17.664593	14.291399	9.152471
09398	18.164185	14.278594	9.905584
09399	18.488869	14.003200	10.213997
09400	18.362945	14.114458	9.832568
09401	17.772178	14.562858	8.767680
09402	16.924441	14.886473	7.334206
09403	16.003986	14.967178	6.031139
09404	15.146772	14.999559	5.178374
09405	14.371994	15.052772	4.698238
09406	13.630815	15.184610	4.337715
09407	12.895621	15.657768	3.910654
09408	12.074332	16.264238	2.965412
09409	11.472079	16.766162	2.168374
09410	11.414020	17.108652	2.304483
09411	11.888243	16.995835	3.254953
09412	12.580160	16.610819	4.753678
09413	13.185419	16.248002	6.709098
09414	13.771432	15.337459	8.855725
09415	14.274529	14.184785	10.756674
09416	14.304168	13.638206	11.813931
09417	13.896588	13.746664	11.998697
09418	13.437929	13.898670	11.338626
09419	12.924627	14.256112	10.634488
09420	12.652337	14.167396	10.688179
09421	12.419319	13.704783	10.877729
09422	11.693257	13.481499	10.483380
09423	10.912214	13.237042	10.088103
09424	10.208123	12.684536	9.900458
09425	9.677558	12.122306	10.099220
09426	9.363712	11.529010	10.546985
09427	9.090246	10.958469	11.001357
09428	8.714962	10.479924	11.290329
09429	8.258505	10.067457	11.500481
09430	7.779358	9.659102	11.639437
09431	7.238539	9.262895	11.675209
09432	6.644842	8.869410	11.665724
09433	6.032985	8.438359	11.659433
09434	5.396135	8.011578	11.664699
09435	4.701979	7.620294	11.625001
09436	3.967884	7.186817	11.555452
09437	3.199157	6.682131	11.485839
09438	2.398092	6.119604	11.445703
09439	1.613127	5.532870	11.437496
09440	0.873987	4.912119	11.433795
09441	0.158768	4.320726	11.405474
09442	-0.553536	3.745651	11.363498
09443	-1.254848	3.161240	11.336732
09444	-1.955399	2.585884	11.343055
09445	-2.638631	2.020054	11.420257
09446	-3.314578	1.460802	11.555975
09447	-3.974543	0.933838	11.719882
09448	-4.637056	0.450443	11.883596
09449	-5.286627	0.007018	12.058354
09450	-5.932737	-0.420628	12.242308
09451	-6.581759	-0.822049	12.416306
